b'7Networks_LH_Vis_1',b'7Networks_LH_Vis_2',b'7Networks_LH_Vis_3',b'7Networks_LH_Vis_4',b'7Networks_LH_Vis_5',b'7Networks_LH_Vis_6',b'7Networks_LH_Vis_7',b'7Networks_LH_Vis_8',b'7Networks_LH_Vis_9',b'7Networks_LH_SomMot_1',b'7Networks_LH_SomMot_2',b'7Networks_LH_SomMot_3',b'7Networks_LH_SomMot_4',b'7Networks_LH_SomMot_5',b'7Networks_LH_SomMot_6',b'7Networks_LH_DorsAttn_Post_1',b'7Networks_LH_DorsAttn_Post_2',b'7Networks_LH_DorsAttn_Post_3',b'7Networks_LH_DorsAttn_Post_4',b'7Networks_LH_DorsAttn_Post_5',b'7Networks_LH_DorsAttn_Post_6',b'7Networks_LH_DorsAttn_PrCv_1',b'7Networks_LH_DorsAttn_FEF_1',b'7Networks_LH_SalVentAttn_ParOper_1',b'7Networks_LH_SalVentAttn_FrOperIns_1',b'7Networks_LH_SalVentAttn_FrOperIns_2',b'7Networks_LH_SalVentAttn_PFCl_1',b'7Networks_LH_SalVentAttn_Med_1',b'7Networks_LH_SalVentAttn_Med_2',b'7Networks_LH_SalVentAttn_Med_3',b'7Networks_LH_Limbic_OFC_1',b'7Networks_LH_Limbic_TempPole_1',b'7Networks_LH_Limbic_TempPole_2',b'7Networks_LH_Cont_Par_1',b'7Networks_LH_Cont_PFCl_1',b'7Networks_LH_Cont_pCun_1',b'7Networks_LH_Cont_Cing_1',b'7Networks_LH_Default_Temp_1',b'7Networks_LH_Default_Temp_2',b'7Networks_LH_Default_Par_1',b'7Networks_LH_Default_Par_2',b'7Networks_LH_Default_PFC_1',b'7Networks_LH_Default_PFC_2',b'7Networks_LH_Default_PFC_3',b'7Networks_LH_Default_PFC_4',b'7Networks_LH_Default_PFC_5',b'7Networks_LH_Default_PFC_6',b'7Networks_LH_Default_PFC_7',b'7Networks_LH_Default_pCunPCC_1',b'7Networks_LH_Default_pCunPCC_2',b'7Networks_RH_Vis_1',b'7Networks_RH_Vis_2',b'7Networks_RH_Vis_3',b'7Networks_RH_Vis_4',b'7Networks_RH_Vis_5',b'7Networks_RH_Vis_6',b'7Networks_RH_Vis_7',b'7Networks_RH_Vis_8',b'7Networks_RH_SomMot_1',b'7Networks_RH_SomMot_2',b'7Networks_RH_SomMot_3',b'7Networks_RH_SomMot_4',b'7Networks_RH_SomMot_5',b'7Networks_RH_SomMot_6',b'7Networks_RH_SomMot_7',b'7Networks_RH_SomMot_8',b'7Networks_RH_DorsAttn_Post_1',b'7Networks_RH_DorsAttn_Post_2',b'7Networks_RH_DorsAttn_Post_3',b'7Networks_RH_DorsAttn_Post_4',b'7Networks_RH_DorsAttn_Post_5',b'7Networks_RH_DorsAttn_PrCv_1',b'7Networks_RH_DorsAttn_FEF_1',b'7Networks_RH_SalVentAttn_TempOccPar_1',b'7Networks_RH_SalVentAttn_TempOccPar_2',b'7Networks_RH_SalVentAttn_FrOperIns_1',b'7Networks_RH_SalVentAttn_Med_1',b'7Networks_RH_SalVentAttn_Med_2',b'7Networks_RH_Limbic_OFC_1',b'7Networks_RH_Limbic_TempPole_1',b'7Networks_RH_Cont_Par_1',b'7Networks_RH_Cont_Par_2',b'7Networks_RH_Cont_PFCl_1',b'7Networks_RH_Cont_PFCl_2',b'7Networks_RH_Cont_PFCl_3',b'7Networks_RH_Cont_PFCl_4',b'7Networks_RH_Cont_Cing_1',b'7Networks_RH_Cont_PFCmp_1',b'7Networks_RH_Cont_pCun_1',b'7Networks_RH_Default_Par_1',b'7Networks_RH_Default_Temp_1',b'7Networks_RH_Default_Temp_2',b'7Networks_RH_Default_Temp_3',b'7Networks_RH_Default_PFCv_1',b'7Networks_RH_Default_PFCv_2',b'7Networks_RH_Default_PFCdPFCm_1',b'7Networks_RH_Default_PFCdPFCm_2',b'7Networks_RH_Default_PFCdPFCm_3',b'7Networks_RH_Default_pCunPCC_1',b'7Networks_RH_Default_pCunPCC_2'
-2.0422143307960123,-1.655501532182558,-1.8974094276221147,-1.195957921957212,-1.985187101274013,-1.9166421382299252,-1.5259415703776076,-1.2544536315444055,-1.681639858986547,1.4609003501934108,0.3615421973681479,-0.658087221145509,-1.6484348804287212,-1.2049856535011743,-0.8753991760909267,-1.1985802133975005,-1.656564371916377,-0.5903971498437701,-1.3827027283299393,0.7582882118786074,-0.32457712580335335,-2.116467902248886,-1.8528088785990917,-1.1502178806073307,1.825656541726582,-0.5417540708361197,-1.4888092652330083,-1.1408679773959132,-0.46735120727113083,-1.9265688081156522,-1.6640417490257886,-1.4707980393620776,-1.9336207735068311,-1.2204980717543688,-1.8805666904427123,-0.8065898068181951,-1.166581806308062,-1.791195610758236,-1.7943300101877782,-1.7293302808559459,-1.6831532834149179,-1.678406377053836,-2.078840152836398,-1.379614649887483,-1.6177632526660022,-1.8601501872686004,-2.027768827539438,-1.9980198512702667,-1.7204235006945165,-1.263354334230595,-1.5068671230086383,-1.4759548869939882,-0.12717494253441833,-0.6726295107785064,-2.02610338196079,-1.8836106941596966,-1.2764793423891805,-1.625022148290134,2.4266074283640044,-0.24779549354934863,-1.0701082394923491,-1.6106323526630395,-1.711867294001182,-1.611909448099777,-1.2875636162510848,-1.0307842946899057,-1.168729980383048,-2.013814041739246,-0.8179105273141052,0.14643219288806222,0.5090326798627599,-0.9642658422708484,-1.7777400673161758,1.796164531341394,-0.42318075309056385,0.6514302926713064,0.6628117940149925,-0.8984359019136572,-1.169168000421133,-0.6321644193270248,0.8156189673121148,0.20828257964618385,0.9078048564233555,0.9532040897317766,0.8096232878337825,1.3275720636289354,-0.9234476225018997,1.5117265764142398,0.6348034828174716,1.4295976511657353,-1.5172416810594636,0.6578122983006985,1.2919334794440864,-0.9956853080936963,1.5674941479339286,-0.7842174737027432,-0.33393858321199116,-1.316202408110549,-1.668563694396144,0.0045821158287237245
1.7534955088579145,1.5636712677513824,1.6539322377906835,1.1019448978303554,1.7639528936473987,1.5540658148342776,1.4476441076837345,1.3519192948946679,1.4388070263212527,-1.5890062685180288,-0.329275108915284,0.34493342984213293,1.2653310004270757,1.0975566807159296,0.7539040900752186,1.2758053970306387,1.6147922281297122,0.6931156318804437,1.3233038193259854,-1.0326333074697636,0.45879661253539905,1.9818579060012949,1.7597644266091328,1.58270152689366,-1.4090646364314527,1.0451147725745338,1.16285358235833,1.1462188656393342,0.26371898287389306,1.7930753281608574,1.6035178175356053,1.4667843374826712,1.6784847868218145,1.2681515917824022,1.621605427356984,0.43515041878698385,0.8706187964899161,1.4476192104058359,1.3673564922970152,1.3410888062686426,1.2280672423132653,1.6329984696842978,1.8796468116651959,1.1228741768574513,1.3917259945121327,1.4870324233154268,1.6712714646089526,1.561323522737597,1.1888970304764608,0.7312286270540557,1.573583087901897,1.3743553361053145,0.5774771047999008,0.5767021733924184,1.7265981434401871,1.530501694614008,1.2699380125435138,1.4472867837186882,-2.283337802929289,0.08156000842091701,0.5611235669318951,1.1861962155206112,1.428089853203133,1.3286799312020114,1.1552563601134453,0.7631288473313687,1.194923470091773,1.7335532234968514,1.002686539997512,0.03573578468268652,-0.45295358126633856,1.620824189249848,1.760553595201556,-0.9645050847064702,0.8197823522527525,-0.027099730036851444,-0.6325987326934686,1.1214100728567244,1.2565370916367966,0.6015167596820132,-0.13220871465236725,-0.39245679822629015,-0.45590320445675325,-0.2921804795190601,-0.5703147017864684,-0.7502732052227991,0.7949948277399878,-0.9947674170719345,-0.8086708158679956,-1.8293559282762795,1.3752597158394293,-0.6592731104634432,-1.306154375671012,1.0448411811740759,-0.7241079073011826,0.6540377210064343,0.21668869033451887,0.9202924708384954,1.1644609668638217,-0.44819790811701565
2.5466845888448892,1.80690527760997,2.2471511349892737,1.4030816696617765,2.2852864315978625,2.355428455356365,1.8025187666917755,1.3517931673847126,2.073117173247717,-1.4395504245424344,-0.3531247888759356,1.034022659713828,2.109176910177448,1.5419876077587515,1.1330536992923241,1.357959098169625,1.9559876329229005,0.6717263338198763,1.6876093072978173,-0.4031658142146897,0.36418266558504353,2.4370709993408446,2.1392042417398223,0.9749391377680855,-2.2918952720323666,0.26730053811481436,1.998432775327435,1.3576986394926547,0.8742074412386092,2.2461109993919157,1.9086262073209186,1.575129749415788,2.337576081562013,1.3861388673266437,2.291697113704578,1.3667076262267548,1.6767585644138716,2.234278263914154,2.3106057268344524,2.2123847054314676,2.3194514262007204,1.879673571931421,2.376913514568354,1.8626306958581496,1.9883597358304306,2.4165063899736854,2.5515634209806914,2.5921509878477313,2.3610758836960097,2.0102079679092184,1.6323275966222834,1.7256783815027943,-0.15033951234784004,0.875938796290487,2.4476179079119396,2.363906213155332,1.4958784477223814,1.9588590450758685,-2.744531660094655,0.48633478845708455,1.570629840746107,2.0943038146269903,2.1258547079580548,2.048665642918989,1.58659098421618,1.388605084755188,1.4190536811552468,2.488706451191177,0.8127845537732379,-0.18605709850882562,-0.4800325397199487,0.39042356627354524,1.969189938893864,-2.627619410909513,0.16249395311746623,-1.10178195622823,-0.5953495425413132,0.866627691814346,1.2495408269142645,0.5787070582319854,-1.5379771162180607,0.03949342484357034,-1.5381508885419608,-1.7535872652026514,-0.957366509654047,-2.1061244578570864,1.2857851923916717,-1.9863024524074009,-0.3319808611638317,-0.9963422114703253,1.7626301705020804,-0.7789289171762255,-1.52039349056343,1.1666872029364492,-2.478714409395474,1.1459683811004904,0.586714838730696,1.8988955518533532,2.3037796517588887,0.676905272678722
0.5435992620161203,0.2991390930524044,0.5285263936592314,0.29997575453407443,0.46962634043657503,0.6816361217086223,0.3148486465067056,0.02106909188051351,0.5557609090512973,0.327281920149141,0.11041785851082536,0.6622074119411991,0.7235599494253502,0.33999808812940463,0.41528885717316066,0.062926138005261,0.2357286402663159,-0.07251583148398034,0.22504909242028587,0.48799644816220256,-0.0768290341686518,0.3283443276746692,0.2901152179852707,-0.4262469961228638,-0.5359917365044018,-0.5477636940247431,0.640356174178192,0.21828761836846855,0.5124433279408382,0.37917881577919665,0.25468548615152625,0.1726653647121074,0.5175652193574429,0.050956981666570304,0.5175173499168587,0.7157199958589436,0.6252198102568097,0.6612224894608516,0.764760755948985,0.7166145287792676,0.784159191516362,0.23784257283762078,0.42240428477707576,0.5412525518376164,0.5016600904545667,0.6998204058093425,0.6622873965034374,0.780495466373789,0.9339220095459199,0.9466695035619418,0.10233105272388358,0.35255419531342874,-0.45248784072833315,0.38961250097658023,0.5958063385861314,0.6865842424573696,0.18052110749661127,0.4618623005041758,-0.21418695000641555,0.45755062943857533,0.9095200947830283,0.7887304571863103,0.6164031205751996,0.6166934416614149,0.3981200528739116,0.6169702430868628,0.14646385496700248,0.5581506673186105,-0.2278667906384659,-0.24306431565540698,0.00566219140356393,-0.9492088678086378,0.13823446645449802,-1.16279816912824,-0.38047540617983316,-0.7126582193260885,0.10170245800373848,-0.0798587603154565,0.0417538432232006,0.1284175421914467,-1.1679753766903207,0.33627528475581125,-0.4283318473491472,-1.0238214634798586,-0.24837798267727368,-0.9028932141022232,0.3978503773952471,-0.6520550128483211,0.4002128839904596,0.6074312877143355,0.3463098084220605,0.045156798975651925,0.005577496806908091,0.11916072832691842,-1.262876116040917,0.35683737001809596,0.4154717913605782,0.774824385846586,0.9027650382615853,0.8206028922111696
-2.0862551144217387,-1.3390390388626092,-1.6766718263709641,-1.029691560910282,-1.716729173492427,-1.6916875376874503,-1.4370219414117784,-1.2340189303161468,-1.541647373798576,1.6640715074957981,0.43222555971163407,-0.4532364722425526,-1.4388821907519573,-1.272845158817319,-0.7668158527224004,-1.2058146476171627,-1.6958411447485253,-0.7559890889489768,-1.4950525290890724,0.522754363859899,-0.45953520294024747,-2.0137243861945437,-1.7822146941757535,-1.0547067783054118,1.8996708363232404,-0.5135262150350498,-1.4945716369681314,-1.1035660775959928,-0.5240650735414197,-1.8000402768407469,-1.575790783714058,-1.1907315918946044,-1.796645518132044,-1.2843511521599584,-1.7780410015080723,-0.912196293904871,-1.1868875647739778,-1.5934488732046614,-1.6129739267675487,-1.5457164716528178,-1.7421340172996205,-1.5120751046363423,-1.8484672488842293,-1.4623265329844812,-1.5061766268373753,-1.8445919659444794,-1.9536452422408908,-1.935706503530778,-1.612523152832907,-1.3817174396836245,-1.3651180429366,-1.3095943862695547,-0.07023486781045148,-0.4903282390543462,-1.8467943812009078,-1.739485350416341,-1.2878194937265448,-1.4999969290711974,2.4880803225802257,-0.1412132912209121,-0.8054372840696673,-1.3734671067089554,-1.5255381797120604,-1.4935345671713327,-1.2152769494713573,-0.8694757582493385,-1.2602291924098257,-2.006585996550137,-0.9848285430532848,-0.11127493903976755,0.3421510143505945,-0.7884801457395669,-1.756236599493538,1.9194786054850301,-0.2459298251360216,0.6987411819166989,0.5624425233628401,-0.7522681620613852,-1.0771237722594205,-0.2882027025985805,0.7486438254477906,0.044191710126922405,1.4815843768805543,1.156767706345511,0.7011833548508075,1.5748206344067368,-0.9580391684552028,1.4543681557220884,0.4262694226373478,1.101715454038846,-1.3346717806063104,0.9047635609878583,1.5624997527210946,-0.9836666531787063,1.6770856427209044,-0.9376937378808439,-0.28052632550184,-1.353457889615377,-1.6117842094936328,-0.3182136117584601
-2.7861585624282204,-1.8078731980076184,-2.411863436082955,-1.4572591383716778,-2.3712308614323274,-2.5921590516467012,-1.905302255714782,-1.3658718832779682,-2.3124348444727896,1.2716653741097066,0.22549385949003004,-1.2943844769549369,-2.3754015251169327,-1.756397968837243,-1.3949362159009004,-1.3488047595701351,-2.055450077581593,-0.7142375764002956,-1.8196737418896198,-0.046341164673243306,-0.4409824972887061,-2.469786988506729,-2.2121786389824187,-0.6470517945147122,2.5264323510821782,0.03407816058538625,-2.3114904257967592,-1.4658833469079602,-1.172960583980399,-2.3502912838345527,-1.9691574394212892,-1.4781579809970298,-2.4741596066153546,-1.4025789414365386,-2.457023356760009,-1.7940395673490768,-1.9605243534722117,-2.4526007823464497,-2.573506427513541,-2.4539992219721185,-2.6960585620899558,-1.888054032901296,-2.438622962334067,-2.1574496257059463,-2.1930550369047803,-2.7395029209111756,-2.7959626428801703,-2.9171152194986925,-2.7795240156066106,-2.5159997252013806,-1.5923357732766077,-1.8393569353377126,0.3400123091448221,-1.0785316309170454,-2.6463363106239832,-2.6481899927452184,-1.5885742183549187,-2.1697412980144173,2.7938026225928723,-0.7926232871550891,-1.951185940970882,-2.3878023920691724,-2.359911086621204,-2.328008383018214,-1.802676203428542,-1.7338925399380785,-1.4932745957198355,-2.756960925893277,-0.7652109300718462,0.15760669992063936,0.27853231106172277,0.2702990554634565,-2.019193740273932,3.30709595093499,0.08999998720471726,1.4714141419132543,0.39097671592132477,-0.7905775318675675,-1.2221955527717825,-0.5256466989267773,2.1904924647918187,-0.38305855489008106,1.775327242584209,2.3233196782020955,0.958192097727532,2.606911105311563,-1.4816249892524276,2.1621256015711756,-0.0734600209692892,0.46954113891742094,-1.81677674675665,0.8543286084750766,1.5597143514829834,-1.1936138362402997,3.1599344228131474,-1.4128146592944903,-0.8884820685822732,-2.349999494861286,-2.755137066404869,-1.2744929287837656
-0.7689051723957707,-0.7753536686495499,-0.9756079936004961,-0.6208343582455398,-0.9352893747037034,-1.132050467494639,-0.6299875376854914,-0.23630234168434028,-0.9480150942444893,-0.4586960671261985,-0.2373941148583334,-1.0192108931226278,-1.1487246890325806,-0.515111888033952,-0.7463799658570113,-0.24713870149573053,-0.44532203486710237,0.10356662597674172,-0.3420356947881275,-0.34865644728708733,0.0776413277239641,-0.6574571064240747,-0.5909357054837641,0.1917644023446836,0.6232926282974132,0.41609768568428873,-0.8892279144265517,-0.48118098469888926,-0.6664487765170004,-0.7520920757097084,-0.5610165155067531,-0.5944942625964091,-0.8811305361526722,-0.17096504803267945,-0.8499179782239599,-0.8492058900537519,-0.846112757815012,-1.0759238971584324,-1.1620779043178293,-1.113366047283746,-0.9861651830062187,-0.6012295569184436,-0.8540651599851752,-0.7175281141192661,-0.8460939840708577,-0.9903538931902661,-0.9936914537534015,-1.1116008205969468,-1.3006554863253699,-1.111631280804485,-0.44068454533530155,-0.7322254967642313,0.31033497355227696,-0.7533794553971623,-1.0161170790489251,-1.0875412241016713,-0.3845304094635512,-0.8349675481514429,0.37844887257508836,-0.7223832066027704,-1.3451524702418083,-1.2399219522797238,-1.0472249339516992,-0.9937924827332718,-0.7043365633738244,-1.0055016674175326,-0.2764110689190434,-0.846073924157631,0.2721518108562812,0.43954374495297827,0.08772769492699116,0.81289399385741,-0.3713306946357671,1.2776518100783842,0.13216485696113991,0.6670231519582466,-0.08141991365969177,-0.2371442222590809,-0.3030703392164986,-0.4889085548501304,1.4648048926629231,-0.26074010236551726,-0.057747440048165205,1.0406566964678747,0.3404579410964684,0.9126061165751954,-0.5887164807725076,0.7855875013259982,-0.31770436954179615,-0.2941174214838875,-0.6970177028886658,-0.1924546902206085,-0.09737724743457167,-0.3186579454424319,1.4068098077483262,-0.42484225682675336,-0.6624540768002122,-1.0136360386827972,-1.2328871146869185,-0.7323812112620525
2.138463311589696,0.9348021377479881,1.4365012962255714,0.7912586375411046,1.374527003375543,1.4671207508859163,1.3078302578859562,1.1964945908924203,1.4348578187229815,-1.8030522109865577,-0.40235794787187024,0.25347818738471395,1.233804896188274,1.3883335753350603,0.7736179572669232,1.1225970991675558,1.6981383176294051,0.949412248167047,1.601152656054466,-0.04528711694114902,0.6745958414642089,1.784964679416082,1.6479808559385931,0.7192122657816212,-2.017540010530406,0.3262688161800164,1.539863835390806,1.0546384852902126,0.6208188978423758,1.6149341586942327,1.4257107394590682,0.7279802406376714,1.5778645170087906,1.2922158429413337,1.6246704469166267,1.1322940638564436,1.191224625139474,1.371800612630974,1.4083298199046708,1.3324247501763864,1.8481604132008937,1.2434014398009963,1.5264705861610608,1.5913600726730697,1.4023317707970295,1.8687241873555969,1.8519545084733442,1.8897584902980047,1.5747338884167295,1.5958487761303524,1.117825633654239,1.1200046706822364,-0.023768463690800642,0.3765749163357255,1.6480833919449898,1.6281418522272557,1.2879679030832665,1.417805625847232,-2.505479264703727,0.19244167483632918,0.6159874887693706,1.1491793266634818,1.3429361341543768,1.418731891071574,1.205797761329401,0.8513492541170726,1.3018687827133972,2.0471671180789377,1.1559754892024594,0.45593281630978705,0.027997622598213447,0.2785672747082492,1.7253727851748288,-2.344680255748206,-0.05924235070031519,-0.9238393573310747,-0.31660015111446216,0.5319187787516393,0.9133207791096289,-0.0947404009381964,-0.9364668996460095,0.3590267630200567,-2.0132107398839567,-1.5066329651918078,-0.5350754974881033,-1.923797718607795,0.9715336276523461,-1.3321259781963695,0.010883686708880696,-0.49167449604067265,1.0679814274432617,-1.2220413274392845,-1.8057849164871758,0.8938718027468453,-2.0094060824699342,1.1757579311222977,0.3773068466980242,1.5473539313501463,1.6758115465760954,0.8623397684684279
3.0720247451493288,1.9239591919604215,2.6497281757851403,1.5606171917901142,2.5384682330985666,2.844637243173093,2.1131818449657214,1.5690305510758031,2.616119564059582,-1.3282856636567089,-0.11452609237748637,1.447535693767013,2.612717919463993,2.048124730567843,1.7311426760557747,1.4718696308092636,2.285240153901521,0.872947528611794,2.051969209821645,0.30753454031405064,0.6377556058273467,2.619786228977039,2.410889580230852,0.6045420890101723,-2.762036163788754,-0.04263226625664398,2.6132908295255723,1.7033959504398317,1.420537384539385,2.577427024752118,2.1561911621258574,1.497874882466188,2.6611118973885435,1.5524322479892998,2.6654384841667715,2.122595414802669,2.1960788641029443,2.667606776859786,2.7887593540795215,2.6602193897554756,3.000092222149863,2.0225827984351334,2.5925930374368593,2.463962879286105,2.453754373983782,3.063393445276423,3.0497189104881253,3.2180302826825398,3.113133976313233,2.8766096364401865,1.7202745195494098,2.0525238575627522,-0.2843201415486725,1.323207106067828,2.898545968537743,2.9571376261620195,1.814602059593771,2.476156121760381,-3.0317002829386195,1.0704284575113325,2.191315377688956,2.6341604723493126,2.6325649953417933,2.6443562120959645,2.1002261773593762,2.094842397336006,1.6790329634167394,3.0977289434701847,0.9047566037723538,-0.0336283483680817,-0.052840447992430685,-0.5599292904847515,2.244620222360896,-3.812465202171192,-0.11458154773584762,-1.6172627977099028,-0.20456283260693386,0.9233967700277532,1.3507550172753309,0.5127125432967239,-2.6249742786930277,0.6202780362270703,-1.8001203987467869,-2.6488724465432605,-0.9079958189838877,-2.949430578724099,1.7023513229090197,-2.202224565190784,0.35784455028989204,-0.29486177927234086,1.9347658626683915,-1.0344538021136678,-1.7362599171052786,1.330517020347924,-3.5945783897631665,1.7029860839039341,1.2099114122570966,2.7534526480669292,3.1394424709704456,1.6651421504116892
0.9831267930923013,1.3343031659272155,1.4818884023175372,0.990036089808336,1.4969485914463727,1.662285957404833,0.953711838281833,0.41092498458058285,1.3608123283841067,0.6119000077964084,0.25621689219012656,1.44963607128838,1.65431566688217,0.6397886194120391,1.0314071883588933,0.4187294599699747,0.6278692937445681,-0.22904780881991782,0.416529893972984,0.08030372502110923,-0.21085551086790807,1.06567217554592,0.914122057722174,0.05890455291594778,-0.7731193363309693,-0.313102939133585,1.1619999054286625,0.7361416267936407,0.8359602571569401,1.172405718655656,0.886098299251641,1.1438672762271702,1.342315339627115,0.2686381931556788,1.2456731211682217,0.9583956031155347,1.1222360144441617,1.5696797866582581,1.66473576152643,1.6088097803995731,1.2109291420637671,1.019111125956604,1.3740823522248153,0.8807781355864889,1.2190463886524996,1.3031745267935484,1.3906773161473562,1.502000520836178,1.7329148646280736,1.29659071699752,0.7969493023289896,1.1307324225315452,-0.28017224077959657,1.0918432457572325,1.5024433004747701,1.5342863226173984,0.5680410195514407,1.2016202815870447,-0.5730040582776929,0.9031354675654927,1.866939434637365,1.7892572993408753,1.5353428177964585,1.392272299390845,0.9678868260392992,1.3648328885933434,0.37566640523893075,1.1213914224499208,-0.4070210693281682,-0.7840396242880415,-0.35680374303462864,-0.6328793895462105,0.5657411276353055,-1.369174207630957,0.09605330850026739,-0.640185465852962,-0.05029586039771989,0.5488578430217562,0.5686731690771107,0.8830101537615016,-1.7471767271370282,-0.017651057988882234,0.5277693516647746,-1.0644595548204574,-0.534469295297958,-0.9404951210463786,0.8052796911652229,-1.0772087490748308,0.08898066910224485,-0.1765999041135189,1.1204007546173174,0.4052993009157919,0.227974434297535,0.533643851908826,-1.557544611680235,0.4208324516140074,0.8359087791543705,1.1926572774244943,1.5726267263412377,0.5512235825517873
-2.1142126065338624,-0.378596263703519,-1.0448862139468473,-0.4306248081147786,-0.8467399743401791,-1.0448664442073046,-1.1130870153968409,-1.2222035075629127,-1.2238220083771125,2.0895239173926092,0.3245277884342511,0.166671985327674,-0.8152242012647023,-1.5200447154142178,-0.7790958971407099,-1.0398936456156056,-1.6953023687902862,-1.2784879202416752,-1.7324385870065149,-0.49116077482540077,-1.056457827186217,-1.42770772112276,-1.4491508460532034,-0.42781696097934574,2.038704964991381,-0.2776436709602495,-1.4752349372615035,-1.001195407379196,-0.6419928685287534,-1.3294744819364115,-1.2202929667013793,-0.09541976699525667,-1.1817766550473077,-1.3364231650314349,-1.3257111967978532,-1.2734192716652806,-1.0488831608926488,-0.9425696405780135,-0.9562503790843553,-0.8866205039724459,-1.808487511015996,-0.8748625706158188,-1.0357733722439368,-1.6653655340429137,-1.197812826967365,-1.7665362935125777,-1.577490488193303,-1.660739944155367,-1.319114895192933,-1.6470733952243353,-0.8276964591179057,-0.8484894704823419,-0.060506080259427,-0.21153306200472674,-1.2841211944579582,-1.3646180255833449,-1.305625317507602,-1.2753127455828719,2.5165896101065166,-0.2334397627939504,-0.1588738023958752,-0.6864527553590206,-1.00314447135564,-1.2320682278845438,-1.1784922146648231,-0.7676693878587004,-1.3611526999906658,-2.0249279212704794,-1.4967245148952837,-1.0228349311131322,-0.5943553856244773,0.12955342886805937,-1.7270834274456943,2.6459407065193616,0.30298012579265043,1.0096732073117562,-0.043076634638385534,-0.33904094758220193,-0.7465269875385099,0.5887569341036765,0.9297072822521316,-0.87095692044133,2.4778719271477874,1.6806804405990738,0.20912488090722964,2.138637004856625,-0.9194873731547825,0.9418739166485481,-0.5384246575494969,-0.13151608978039525,-0.6593393248248,1.684567740869515,2.150160076659615,-0.7835382363815475,2.1339245175676114,-1.4491805789246506,-0.48920809787811403,-1.6703743499339798,-1.5834774357697865,-1.3860002034031962
-3.1148491511724545,-1.7928598650124878,-2.6162980852141806,-1.4554138583393106,-2.429064255213474,-2.8019483316668365,-2.114121204278066,-1.7004995013061397,-2.678411864658868,1.509912050265904,0.09795230765362904,-1.3284754697360066,-2.5503604469747776,-2.2119846688885074,-1.917291069559854,-1.4737249173915907,-2.3547914417480684,-1.0589696199358045,-2.1785418929197076,-0.5542757700990765,-0.855710544621387,-2.556143619839286,-2.421423826476532,-0.5072989290377872,2.8856797314283003,-0.014131384500027018,-2.7133701845427876,-1.8201325811341205,-1.5547516795409073,-2.588149918533222,-2.167385385456155,-1.318673578382682,-2.6052013500600384,-1.6420092797949315,-2.638123064303445,-2.2765852777432074,-2.2323968600301183,-2.5734374226187087,-2.6877676532164876,-2.561665289639296,-3.0549268130149296,-1.9609374853098123,-2.4840475233338504,-2.5989526150288977,-2.501907592620964,-3.135716824205625,-3.031245452487615,-3.2316691030740365,-3.1351054350862686,-2.988797589856922,-1.6687630791363308,-2.048401735844126,0.21598114606019841,-1.3715842254491908,-2.872837501292831,-2.9927115718200272,-1.9395700571804568,-2.5652935685667364,3.1734383618289703,-1.1724142351068916,-2.1007020215532326,-2.5718276905989867,-2.6361289201264007,-2.7180302290393037,-2.2122158030382923,-2.2374339959149965,-1.75435154266979,-3.2139533289413174,-1.1116274699849749,-0.21701681846246046,-0.23811641011182463,0.7632214413626871,-2.3448207903224945,4.095545034861645,0.18623069421264543,1.6243323564621488,-0.017081854197821322,-0.971704997564321,-1.3774398023703605,-0.3014170482165046,2.7292055440367156,-0.7553902374502731,1.8162941741306997,2.7375126376061436,0.7329026655751021,3.1051146836227246,-1.7933426427528758,2.0387913952053838,-0.6179464159364574,0.18903000909779805,-1.8345401542840916,1.319579874018311,1.9501589645694308,-1.3733131518375177,3.718193780727666,-1.8991583719470693,-1.39708207872757,-2.8951290555032037,-3.2230564482132498,-1.9302860616415218
-1.0664859012109078,-1.7447249960432474,-1.8448683806804678,-1.2344460284808367,-1.917475717790995,-2.058308807502943,-1.140058823831814,-0.507898618538844,-1.6409303723971704,-0.6884213885641381,-0.16621636641691073,-1.7509316036588654,-2.0262840898642627,-0.6800239861531644,-1.2084688437519235,-0.4897495029901238,-0.703420343484811,0.37079503654293045,-0.42432185452053145,0.1895724294725142,0.38303746839880715,-1.3683283747691892,-1.1280161441674537,-0.21314757462212133,0.928463259854532,0.24604910124494714,-1.3513206178332853,-0.8976109742575508,-0.966681862068252,-1.4733321995854143,-1.1024067585579211,-1.5856868123788446,-1.6971412963020935,-0.31713322255543025,-1.5313726599121134,-0.9978512932890126,-1.3197380271022492,-1.9131171924326005,-2.0348591004680685,-1.9712471955884476,-1.3384854315352595,-1.3209498553305594,-1.7604588498111537,-0.9616527962790081,-1.4810032883912705,-1.5026243964654933,-1.6688276165835743,-1.7724401478850058,-2.0409498917933737,-1.3964532455079048,-1.0117693627468975,-1.3875692475199974,0.3532229203927901,-1.2830941049621434,-1.8533815694589206,-1.851141587609063,-0.6732999937843716,-1.4347910020552082,0.7338880851364719,-0.950545553257429,-2.249131389437836,-2.206615201923711,-1.8860628819394198,-1.6626961659180237,-1.10673487854116,-1.5958039197885339,-0.3844170583768858,-1.2827530525393047,0.5380421134881053,1.1038786663749947,0.6370808474651911,0.47456021301037604,-0.6679983046743388,1.4344444780585135,-0.2181658779058054,0.6158853025661076,0.19638815557429184,-0.7608809728222895,-0.7518389906362504,-1.1367930494986753,1.8910893776106843,0.40802067014264326,-0.8881451888289527,1.0401314821956649,0.7003956601371989,0.9425471488774931,-0.9516182080296129,1.3556460003784607,0.17448362452351598,0.6899426897674182,-1.4268472177524552,-0.5597217204313722,-0.33391190367179646,-0.6782006571201298,1.6211573068892373,-0.35319371757562296,-0.8975924180238022,-1.2223625669584426,-1.7733855460128551,-0.31884645537036044
1.8968877012922523,-0.3030664814284562,0.4765752943798667,-0.037223471058837256,0.1520953837633622,0.41908368762043413,0.7980666902997064,1.1917181965280317,0.8456409071049179,-2.3810523289671277,-0.2895653610373842,-0.733450311236339,0.19518411594713742,1.5387011485440418,0.6761715382246941,0.8905691266386607,1.569778280368168,1.5876969322966423,1.7567356414157054,0.9637743672914107,1.4222666353045543,0.9266789909018778,1.1162722529617986,0.15782452123157958,-1.9096894675586897,0.31564577200095684,1.2465813143514055,0.8791422791552506,0.5743820241117824,0.8996436315453383,0.894428078728722,-0.6242769726531597,0.6236736955309466,1.318209429723498,0.859771052691704,1.2600974542065668,0.7683287940177719,0.3187614094501648,0.29850418241183374,0.24495989339515517,1.5611265693903684,0.39203200481807704,0.37832153492694703,1.5944907885648185,0.8403754607908903,1.4647925137590307,1.1042804907076635,1.2151722496984454,0.8324878012806232,1.4925482590177401,0.4530419038836769,0.45035421319077296,0.2079339638431807,-0.051682715156942866,0.7296912875265954,0.9014133605762543,1.2485355959024202,0.9806184966331953,-2.4067450732733633,0.16009261854986595,-0.5075377518830798,0.020966978330080346,0.4872904230337089,0.8716390003724181,1.0126289348951487,0.5236284698209716,1.3517943556355922,1.8083167249209526,1.8389787095390777,1.632541842843906,1.1638529646184146,-0.4245871658419541,1.614447229085911,-2.663291126148044,-0.5101619146833002,-0.9220167856987644,0.41130646419313804,0.13026273603109248,0.5203867007642902,-1.1654257091696405,-0.6693493117678413,1.2929009092691235,-2.8007905009810634,-1.620386724012965,0.19544584504561163,-2.14644047237707,0.7880302864247902,-0.3746555364027036,1.0174832608708002,0.7013030425425508,0.12405925200680121,-2.1517516822016565,-2.459613152225055,0.6282845685363796,-1.964146948057956,1.632128812074782,0.5229230384408193,1.6006991290090815,1.2614306637340964,1.7873938089298407
2.896550746512817,1.3609793952001972,2.2695870193589633,1.1062189180362423,1.9981817906504098,2.4200608742743457,1.8926879485707437,1.7519177012592877,2.4746538202933004,-1.8493937381853922,-0.2339088756299968,0.9048976605003338,2.1441150031119474,2.2509071034194967,1.9322732621059926,1.346142104528346,2.261847801313304,1.275068168473711,2.203892699996934,0.7877286655741446,1.0914422795426086,2.259079767902921,2.221936481243575,0.35287131986745995,-2.9201014746078258,0.15477383369225944,2.6105467012843913,1.8282810378627699,1.601654822139595,2.365998675549477,1.9754263359427258,0.9046185325500967,2.288288009802795,1.6651367233313974,2.34552931523315,2.2622286931926108,2.0821912620367784,2.133192581188904,2.244533252738368,2.126980141645795,2.8496093144367314,1.671031727032105,2.062633113096071,2.5743917874033544,2.3091161380073335,2.9441116414637953,2.7205787527418086,2.941460805107433,2.8241389368788528,2.8710956406043984,1.406627942808806,1.7914371512142548,-0.14955221237068284,1.1857319166961156,2.535160104229298,2.724397845460812,1.967835842640233,2.410593006824907,-3.240640117708214,1.0453428668865776,1.6310110266174198,2.1600465442837966,2.3396941486157057,2.521740920055103,2.106836081069961,2.122419787300317,1.7362978876310058,3.0894007390847085,1.4035539569268904,0.6150721065561976,0.5940902607311742,-0.9171696885135379,2.293096805752011,-4.154133427451287,-0.32494414641084335,-1.4642961408938873,0.27436317098181806,0.9309956646253527,1.2821972171572262,-0.19749750777711167,-2.48518337136566,0.741201553498122,-1.880480343284086,-2.611779145280835,-0.42491713607169396,-3.1119545210458526,1.776747620652193,-1.657748070375693,0.8611273634186725,-0.1287757607435985,1.480838613859669,-1.7589525018626009,-2.252158854859364,1.3311544822257038,-3.5213842321501083,2.024383080244166,1.443763964265494,2.771904570185026,2.9833366446235785,2.1256893474282212
1.2042159166895254,1.982579857708099,2.1209733645354794,1.355934311665594,2.2028976135377514,2.3556154438956827,1.3058513192508545,0.6795735200831017,1.9056601430544953,0.5157336166310557,-0.006473761825515555,1.883596821249625,2.2827884846103683,0.8331474887914637,1.4186577008539996,0.5740877844113391,0.8598624105242083,-0.36054833723092855,0.558159470430376,-0.3301756397767338,-0.4064658036355945,1.6332184453810554,1.3418243101617282,0.329422609919713,-1.2305878369698073,-0.1326332240538917,1.5880035022925998,1.115674549619926,1.163760040242816,1.7613606789807819,1.3031350182164363,1.8509276126887588,1.9932084499154705,0.44203760151645116,1.7674719243821388,1.1209444255542764,1.529692839180541,2.142347308638424,2.2963666540448684,2.2183274995447886,1.504637985464176,1.541277959142582,2.0221705572011857,1.143366760093985,1.7199013000517736,1.7381762409729584,1.9213137758718448,2.034434900818457,2.313736099189349,1.5787349635455048,1.1575874039255307,1.578117469224821,-0.4173213386465675,1.3925087377908434,2.1400263394347654,2.13806554510507,0.8569394052791415,1.671714254564529,-1.0671611463126514,0.9484703537723227,2.456830462551888,2.495181761358168,2.1703491470732983,1.9198450519942898,1.2673966469421356,1.812267979884696,0.4781140772594946,1.5264515015764464,-0.47082376090748085,-1.2100332133953853,-0.7465768005258253,-0.43318832412554636,0.837657130006671,-1.698555485809413,0.26082427746713316,-0.6157076621327184,-0.24872688791558722,0.9586663395250703,0.9213599812277935,1.1315694990291767,-2.0369598437035323,-0.7588168447839679,0.9652134433378663,-1.1445972607785533,-0.7821264679328158,-1.133130730494828,1.1450638508140807,-1.5660773258073384,-0.30376426939737233,-1.1333362481629188,1.6232660088955848,0.4443774623771585,0.18303651064056306,0.8384457402998875,-1.7732769528623162,0.4344991676000446,0.9920619104059959,1.319216179685284,1.9829730217259316,0.290806412440987
-1.331332528685404,1.1578458502205529,0.3639003390450516,0.6589287297661638,0.7761699237437258,0.4892367502482677,-0.23575612194611273,-0.969632525488118,-0.17036320222052906,2.5648169495392166,0.3026515350803296,1.4644832066529383,0.6922551950802563,-1.2863057401856974,-0.33184130401756345,-0.564932889840172,-1.1616304681779361,-1.768269664589093,-1.5253297232725322,-1.3174448293687875,-1.6547229980609113,-0.18043014410936767,-0.5339941180841877,0.17374389407081595,1.5078621517072424,-0.35262893886293284,-0.7278416396020337,-0.5394879240644546,-0.31529813342035434,-0.19660003359124953,-0.3438410779824185,1.4485105425812905,0.1878997762265179,-1.131382770184608,-0.1388182447480901,-0.9702619086873855,-0.24343713014831542,0.5800792441137721,0.6381664740990952,0.6608803219154852,-0.9848991605996226,0.2783768798962311,0.5091447918322621,-1.224122880317918,-0.22635717843149591,-0.8212406279376171,-0.32109167421712753,-0.42979103391732687,-0.004671040938286622,-0.9874592185775222,0.10651662568222728,0.1766289146219075,-0.3241492316452187,0.5004383745392511,0.11921382341232345,-0.11887045769859993,-0.9733663443357145,-0.39515685116508825,1.9976154894174203,0.09749305025435137,1.4074294956132367,0.9085098000054943,0.31158322201528604,-0.20963468724042042,-0.5777257953881615,-0.005020238619413732,-1.1242774065655534,-1.2292321062290155,-2.0538306860434625,-2.185339289264053,-1.6440058563009738,0.5668887359988044,-1.255663794159436,2.2464776251207184,0.7331344379321744,0.6674350193776246,-0.7248648182281687,0.20171311146684703,-0.15423475074978807,1.7680082849356253,0.03522665064079726,-1.5710395709033076,2.908610425712517,1.2037816267181112,-0.6607354105362493,1.7840694510240347,-0.45223485836012195,-0.3580019747807701,-1.356430366586804,-1.2045006554795898,0.5905074296888061,2.4823993840397947,2.569119362254528,-0.33124509917430195,1.3713589184956936,-1.5676276671938267,-0.3513535162471895,-1.167396364549478,-0.5689482619949424,-1.894566514018302
-2.3685354855459226,-0.4584272176434691,-1.4661411022803463,-0.39498850694831544,-1.0723650820544375,-1.5497413680381207,-1.3460226166573344,-1.6805747139174305,-1.8920558676290389,2.381251262349966,0.44975942248419587,-0.043533814406367534,-1.2491641528014736,-2.1425675851641084,-1.7218920353275147,-1.0302576412316393,-1.9561189733632454,-1.5843248900166345,-2.116022521886823,-1.1415770711439255,-1.4310577966993356,-1.5829376366712002,-1.7177574696149647,-0.03743345422740614,2.797811659795675,-0.3186472517634023,-2.218705250554695,-1.6337276992027614,-1.4855456937883662,-1.7752294377992477,-1.4893561838017964,-0.06048257861499415,-1.5472191261957904,-1.5958360348595717,-1.6654271825073423,-2.0552459354612473,-1.6277914653569188,-1.1959336239048564,-1.2924138226426773,-1.1953453195816934,-2.3205434616243457,-1.0207225434284195,-1.1728360177041512,-2.3354343692794033,-1.773541106480454,-2.398257619838538,-1.9911660654667878,-2.225532068612649,-2.050751538506408,-2.453370759971119,-0.8230089535339767,-1.1701701019274335,0.07434345789561207,-0.6878956224373957,-1.7419662107414229,-2.0284732522151923,-1.8368135021341387,-1.9226446684108756,3.1505786634519075,-0.7039042973959777,-0.639553852190362,-1.2333313996174358,-1.597849772663507,-1.9483181478449836,-1.7435180559308812,-1.6878738100997583,-1.5764590556602747,-2.6653896919187248,-1.8362786639192026,-1.2963849294447554,-1.1626908555658253,1.095608420901129,-2.0635182495663873,4.013742676074833,0.5969953112427053,1.1914387981529304,-0.645122758909607,-0.6956965452121122,-0.9883389537616383,1.0554946586685126,1.8467751044206002,-0.768078298658028,2.110030041405568,2.273209742141736,-0.09918132218115168,2.9435210359206847,-1.549673314896672,0.9460737678824251,-1.2038877403737263,-0.06702865468977948,-0.741354616355824,2.4032940204029494,2.655275683729508,-1.1102620596143251,2.9937374495829254,-2.0838014354466403,-1.3163163349157692,-2.354303131413633,-2.3374292115257953,-2.299183466765204
-1.246752390217822,-1.7068925603941507,-2.006629146738792,-1.1070335076636355,-1.9950375333807404,-2.2258886096462613,-1.2466312823032972,-0.8689648187807281,-1.9213988519306355,0.025202471394287246,0.20695596820236006,-1.5477512434802236,-2.1008816395090375,-1.051168765529415,-1.5625949877904524,-0.5596425110633217,-0.9895088289711013,0.07158479519526745,-0.7855900765675661,0.1324209262226193,0.12252919587268647,-1.578065699049916,-1.3573625062684929,-0.2463893999865581,1.5653031710034933,0.004197233779702758,-1.6948899081152935,-1.2504549945505747,-1.3120456546262846,-1.7779586765751034,-1.29938247293127,-1.572088294263411,-1.9122610712459955,-0.6021937571992784,-1.6916696699341773,-1.2554812101285326,-1.5337854274237355,-1.923277690771235,-2.089686190833077,-2.002741228607825,-1.536768165055649,-1.4170102572016514,-1.827705601644504,-1.3154745358193582,-1.7203689489244334,-1.8047850976429918,-1.869435796840106,-2.0158554792623113,-2.260745476584616,-1.6806703629223894,-1.0192701437488427,-1.4744351458533682,0.4218124634115955,-1.256321166699838,-2.0569066420814965,-2.1275502603871828,-1.0274617034642626,-1.7240372397030557,1.4497839379967097,-0.8610032491328612,-2.150425054222452,-2.3002779834103912,-2.091042267311833,-1.9388601622618817,-1.340173623245574,-1.8639463027896757,-0.5796313005089062,-1.70443794634721,0.06771985467136894,0.8264407881767131,0.418897578080641,0.6064637241016608,-1.0014456295717364,2.1304469891475013,-0.11888953270608944,0.642540782014223,0.051131927300795695,-0.9879810956875114,-0.9378129660809276,-0.6477681470101685,2.0138711603075192,0.8458048651156619,-0.5937214842500089,1.3047862741876814,0.5960618296387831,1.442580100586591,-1.2284417590810823,1.442545990271099,0.10678815098228003,1.2734293180772487,-1.4312121776735338,0.10529030337993822,0.3002644021438236,-0.8679403602744092,1.8901292781112544,-0.6772593045956556,-1.0627665112101,-1.3699440140025079,-1.989719619960362,-0.5466815979042565
0.7434437773056346,-1.733109878294018,-1.032825726999622,-1.084824918031003,-1.4517569743017011,-1.2105004995981647,-0.2384809840148127,0.6854691602143305,-0.43083803964716944,-2.495734090731239,-0.3239460445749351,-1.9452558798346102,-1.3834088495980241,0.9234275461704843,-0.05537322086548019,0.27176262224380365,0.7132645884238386,1.7330944982640573,1.176006201347675,1.3883980639604228,1.6513754736548478,-0.4166914717370669,0.019206500026672246,-0.349460802523822,-1.007273602393873,0.40525787411435166,0.2091963053832117,0.2052636379086006,0.029402270084599304,-0.3978479844210438,-0.13270795199410637,-1.9429233651143694,-0.8220106242911221,0.8796795474259659,-0.45295220208337666,0.585401914672197,-0.2144377509312923,-1.265011462346167,-1.348619383512765,-1.343139532401331,0.4008175513691216,-0.7750052336694786,-1.168006683661891,0.7807902071623141,-0.31236069622093876,0.19030195232040562,-0.3474194013144243,-0.26869305361698925,-0.7190039980651798,0.43571934614634816,-0.5211988811142386,-0.678867779591548,0.4066014747885494,-0.8563922759029717,-0.8131945937993339,-0.5687552325594891,0.6514622117390649,-0.1556501592877071,-1.4896459837972882,-0.37541221867276037,-2.061540360210286,-1.6135119198580992,-0.959986156003394,-0.3913747646994623,0.11942269666290191,-0.5082768045628069,0.8545254810436061,0.596465281184181,2.0266787422531953,2.407834696341145,1.8010286381632512,-0.5052678497706918,0.8372827843155867,-1.5706662838857361,-0.8139990258682134,-0.3251078256719185,0.8431480615902602,-0.4461958547640032,-0.14948159617698772,-2.0841914575742644,0.6147529223834752,1.6267259491116726,-2.695571199794832,-0.6596774617492306,0.9609407649842991,-1.2454417532513993,0.13737202884949862,0.9206260600547959,1.4258187325869627,1.4925677662751264,-1.100188083707461,-2.4955734981004456,-2.4296217219490512,0.08920067212911477,-0.670631436865055,1.335478459920027,0.11899584833300374,0.6664103487052564,-0.1066752811187325,1.7391273620715417
1.8192309174636392,-0.5270590037079395,0.5811799020099614,-0.3694483848356037,0.05829216202494364,0.5778678010164271,0.7784181780584473,1.606809411330178,1.2477966333613386,-2.9547959860642568,-0.6788284084840228,-0.8961915561652566,0.2530515235282903,2.035008694995452,1.4634742956420363,0.7253119630588601,1.6622639823870948,1.9231892264229773,2.0407423076048943,1.4903785416632997,1.8080611060701053,0.8577097711228396,1.1776349011831893,-0.22921953891160998,-2.6376345422323197,0.5354077272468611,1.7773385505007289,1.4388780695345962,1.3436307760548403,1.1406687484734719,0.9632072691072866,-0.8556930315718964,0.7381099696720261,1.5245397296795493,0.9152183117149877,1.8132023478240535,1.1310978739813946,0.17976429236528058,0.25511164158098976,0.17678422044056885,1.7381379188452002,0.3127743793904259,0.19549026303140943,2.078651213710605,1.1706045235716922,1.7971636991002327,1.1963281223967988,1.439396079871889,1.18601226287921,1.9960367639957957,0.21766179172393815,0.4976339394968934,0.056252607335427404,0.1391632769045762,0.8694754431412047,1.252254408014679,1.7017400025528315,1.3850087699152698,-3.05204920668739,0.313602127487058,-0.47193169510067434,0.19557151605487647,0.7769409008578765,1.3068344347649474,1.3437892092639958,1.17582719330691,1.44812295088407,2.206707225283047,2.3192304574996734,2.0482824332485734,1.7677269024495053,-1.2562026700205304,1.8162930338131746,-3.7860421519363716,-0.8334852102557028,-0.8552374605432492,1.0296935106994412,0.4600995317545675,0.6663931988629496,-1.996368236132318,-1.1305600911853626,0.8107664194546088,-2.409425622473577,-1.9199205182133452,0.6544584133668511,-2.7639749434457155,1.3095257055319014,-0.15557681503838602,1.5630153183934998,0.31003888193735474,-0.059265052015425035,-3.092741664103593,-3.1111010884944195,0.8793183338417229,-2.394862826660199,2.1602046491789015,1.1571230241985941,1.9134438970434504,1.620189194617134,2.506990612509739
1.2700887589970344,1.0842269574771284,1.6389117610496156,0.6211246129566561,1.454268516420478,1.799848848525131,1.0922270373756269,1.1234240661797072,1.8004427755282464,-0.8489691992526366,-0.44753477502206157,0.8921883266994299,1.6140745859290755,1.371805865595944,1.6972786163840718,0.5365223478615775,1.1694510782476502,0.44465481585640093,1.1317156535915038,0.2971992390515167,0.4120021709550023,1.3363236194558354,1.2685670882329243,0.101234857034866,-1.9492682623937914,0.20821336768697676,1.7466437144032942,1.405110984090501,1.478543877698865,1.6528601825132556,1.1810601271079433,0.9232811911210398,1.5983425043775834,0.8211120523741364,1.4126709114716982,1.4348366249108542,1.4455376820398822,1.4129963095368399,1.575960838976931,1.480187894859664,1.5017941822495868,1.0727965087342124,1.317013517820226,1.5403424977046491,1.572151862147373,1.791829606350275,1.6323851818739243,1.831361574124835,2.002217811135964,1.7816363667997468,0.7327706569024702,1.2011962133687883,-0.3140184946674478,0.9813666435914618,1.737501695199862,1.9335910847634281,1.2522934202602638,1.6875327685447756,-1.9251280942157474,0.7139391739317543,1.4686134522551746,1.7681973621312599,1.7859513249752013,1.8231842716388325,1.3826394976067338,1.8138949390511498,0.7727855317108682,1.8787302131581471,0.6170169196785583,-0.0635314613423974,0.23207101041109385,-0.9333153391646145,1.1863678453819984,-2.6582342869422284,-0.09649335522127686,-0.6275504820052266,0.3407256656298147,0.9646307610890371,0.8736971169005515,-0.21733332687975798,-1.898510168036738,-0.7679030533546768,-0.11750347182129184,-1.5407191008452623,-0.22037291383491353,-1.8975669304183072,1.3064119656293347,-1.054544412960038,0.3452890999759505,-1.1898485661273162,0.9811937386049955,-1.014475050202154,-1.0876299993209138,0.8610432044472068,-1.984803104570842,1.1017818420227465,1.1708509008596704,1.448481245786578,1.888190754807484,1.0925507907580907
-0.17703981149036524,1.9721146519200876,1.471731384058421,1.2712920217483934,1.8144549175468039,1.666709030640073,0.6217854422744699,-0.3109478859450484,0.9282580268351416,2.098221945271124,0.25666024888337424,2.1070840325364606,1.7933784460295723,-0.43790264483301766,0.4784682544085933,0.0028274551691513296,-0.21919127121366216,-1.4607371932401425,-0.6989741237397773,-1.216687220398015,-1.398902967900981,0.84818393241204,0.4078282813965342,0.4295663909998082,0.39490815201509877,-0.3625331175369003,0.2961887659486242,0.18105770836081456,0.32650402142316326,0.8767516226797573,0.5129285263818086,2.0854365911837314,1.255187115994302,-0.5514207541700368,0.8679875745781986,-0.12146247682765315,0.6216148862723143,1.667466491831175,1.7701878726484184,1.7365776417416363,0.13817347612997402,1.0734094944451653,1.528042976667073,-0.2502725887833998,0.7384882268894868,0.3937196755443447,0.8558808906124384,0.832298148825968,1.275831789257445,0.15041413292212036,0.7840574898078666,1.0239838226991542,-0.4062765483184684,1.0841639383965567,1.2978979444127816,1.1077815988588935,-0.2440246230692835,0.6445317678583856,0.8282640912453922,0.5860476104787926,2.3597921217222435,2.0160426552724027,1.4163865256257229,0.8938378070835914,0.3207877639136908,0.9584321275841932,-0.49176188745018173,0.05298237123405925,-1.7033616811829988,-2.2527687885313346,-1.633074053316149,0.2651731291366003,-0.38584816251770515,0.7272877255886746,0.7816008536203048,0.028088921270535642,-0.7553042437827611,0.6584004601877109,0.3970424386590942,1.9801895826854918,-1.1922060036183153,-1.5803224373172726,2.1837560634787976,0.044860923070562525,-1.0610468708929295,0.5310944832388361,0.2153102966100682,-1.231757724303641,-1.2348659379788443,-1.6081134363129408,1.360302302713309,2.0940950735271273,1.9439458305027917,0.1511690014466945,-0.02844232854736888,-0.8964164587735073,0.1950517082775572,-0.12402021827728678,0.7009522493601049,-1.273384566062396
-1.207281138542577,1.4760713006463237,0.32312099746242773,1.1010454516679904,0.9484652934766188,0.4094454802891616,-0.16896697426903495,-1.435307265494213,-0.5352449204418299,3.3506040640259216,0.8156900969563976,1.7797577961568807,0.739814537225128,-1.8139492675775726,-1.108475164833334,-0.3854380715258674,-1.2898593465394437,-2.166420478214544,-1.8625958591797478,-1.7826299012357503,-2.1011084384503262,-0.08865435949155577,-0.5822767136861311,0.4926005341646264,2.3231934382935027,-0.674834144135259,-1.2353322625661605,-1.129850949175875,-1.086535847233212,-0.4377558408995006,-0.3898495246163199,1.74074795342471,0.11574671217965138,-1.372597721854563,-0.1287059584517404,-1.4725122542921443,-0.5465532978316909,0.8279627583763766,0.7850444235253525,0.8394855337186665,-1.086836660591001,0.41421951631707143,0.7720548052839126,-1.6989486802088984,-0.50738659322144,-1.1075450335729742,-0.349450716892267,-0.5867687996518017,-0.2650488149860287,-1.4272566618917424,0.39710518082014956,0.1960760226678214,-0.17694457845185307,0.4165943090360633,0.038463749096302735,-0.41825134538170056,-1.454790335938347,-0.7766304107690992,2.763708101802495,0.05808885136687638,1.5384806448392043,0.8466709443009697,0.08883540302221758,-0.5947086192815376,-0.8885131379578809,-0.603501126639141,-1.2293061415234667,-1.6484798866642572,-2.673228576519693,-2.696134351012744,-2.292288853258177,1.345897148570284,-1.4944202730507823,3.3875906498417363,1.029173173887435,0.5431969149255286,-1.3547866279806047,-0.16032348327504742,-0.29557141460801956,2.7686577562844294,0.3719163265912721,-0.906168116067474,2.643183965525827,1.4979043739883533,-1.1615345862171758,2.4397863836981006,-0.9546664189937608,-0.6126765143824483,-1.8501212663387325,-0.5834404047443363,0.8470167819312108,3.578984925358964,3.3672869061992325,-0.5636891000227094,1.7180720757479833,-2.104711201610115,-0.9022696554096843,-1.3809361336091228,-0.8360302397624517,-2.562502357241506
-1.060603083830971,-0.08448889682977205,-0.9050865693959167,0.1398240101428036,-0.5064066123054777,-0.9816759294279346,-0.6811578061774106,-1.2627082169288313,-1.3739171024802928,1.7439684279630334,0.6667643079514118,0.08315584733932121,-0.7476427599370747,-1.5699456197954562,-1.6621999417022038,-0.36125090751133254,-1.172090175419942,-1.0357175155388867,-1.3758932540222588,-0.8929140381739799,-1.04699819260043,-0.7619457772611757,-0.9177325897782294,0.21718149111614596,2.160430680529879,-0.3797275050077362,-1.551885002406194,-1.3663280242400064,-1.4968446870996106,-1.2057962279867938,-0.8139497298509571,0.10712025892722121,-0.9166819209964451,-0.9457841889126755,-0.8106438999467609,-1.480176524072547,-1.0984951394239453,-0.5158609361348347,-0.6545569879482278,-0.5627663081531858,-1.2201398465730802,-0.4226212275989255,-0.42144914510120257,-1.5871809784758417,-1.139639434256208,-1.4958228252296462,-1.048886124545441,-1.3009283330664307,-1.3836785746972269,-1.6535808155844813,-0.1870998838773162,-0.6437521720138113,0.17590222171208972,-0.49222017507586235,-1.0459748321770623,-1.397679142714228,-1.328567250326394,-1.386363307695338,2.200173549827343,-0.46870545377549705,-0.4053442357718328,-0.8271273911715226,-1.118683873493717,-1.406478673321671,-1.23668126795862,-1.5353330150402935,-0.8413906296559374,-1.8099310368422696,-1.3864589742922537,-0.9357351343338525,-1.098140134458332,1.3343359459245767,-1.2169480909775126,3.034569415435732,0.42315983853901784,0.5775769010975182,-0.8575705633119988,-0.7533497996665812,-0.6295681307977354,1.3099098476892206,1.5422700240064104,0.5368387299517214,0.977687749916105,1.6408725069999208,-0.32523995329585415,2.2174867040269723,-1.1881599172932575,0.3841746394752907,-0.9417893112667375,0.8835840854169991,-0.21626575856074046,2.0430642663761076,1.8954147949618974,-0.6775032033949636,1.8572052531031122,-1.47913184100053,-1.1736832837520692,-1.3273399509083632,-1.4910851475808513,-1.6629318237047703
-0.04539699643041133,-1.5756914048015795,-1.3341940509865629,-0.9772015467659693,-1.522712141824728,-1.5100339108801024,-0.6044330828158871,0.05868728159430617,-0.9810705979846749,-1.4233635274084455,-0.12484819825106643,-1.700387123738502,-1.5905988026435447,0.07583898729149115,-0.6911577805548281,-0.03747580345077816,-0.02612774645342687,1.0082745977481664,0.3213401406710013,0.7600019569802127,0.943737179641294,-0.7799791199731623,-0.45433905688847714,-0.20673408871293292,0.07506522217573879,0.33085466110198236,-0.48435189998930533,-0.3358027527040396,-0.525537512469162,-0.8886459180984134,-0.5292391038108893,-1.6042516756073961,-1.138557419377454,0.31599646262395165,-0.7994016449792497,-0.18809025873063542,-0.6777898123153465,-1.435588179741621,-1.5394330805484102,-1.494116274554773,-0.3272084159128631,-0.8987023221454299,-1.2693926037349246,-0.07723480472973351,-0.760448080228,-0.5844243632187457,-0.8507958853860186,-0.8922312066509374,-1.2946162893529412,-0.4407723976197364,-0.6236910252985434,-0.9167093138834506,0.3888267893821002,-0.9533479037603326,-1.2130812033548326,-1.1386877681009477,-0.0009676370435477348,-0.7521615216993599,-0.32380259235978326,-0.5977226910339745,-2.0088213724138475,-1.7719117443423038,-1.3255794154329137,-0.9634577764892549,-0.48372668108676103,-1.0775722754839356,0.2827785355535533,-0.37795505388001394,1.1537875484051778,1.6572893345167974,1.085038954471371,0.13800487667985253,0.12831701918931088,0.021523391549004806,-0.5124645371034025,0.1951855851026408,0.44278342348721916,-0.6097501785785553,-0.393921322396842,-1.36490454991754,1.3822747320993707,1.3586145086891541,-1.420191154617298,0.3747424642828209,0.8515030769303716,0.05478000887138292,-0.3381749923168736,1.0923718001498008,0.7881984402242314,1.4255969543534655,-1.1070802204371413,-1.3415336355763867,-1.266546049360008,-0.17404031989784455,0.42682136035079715,0.4532815829964193,-0.3881784867002839,-0.14595751735753026,-0.8566687618918748,0.6872117994396717
0.8619915977442056,-1.85982190565736,-0.7378947363774937,-1.3974738118376957,-1.3913687997935764,-0.8800069502494398,-0.09501975529080144,1.3383810922191133,0.18647351311119725,-3.4102463149109603,-0.8621780288356302,-2.1336651240456304,-1.2037131363982112,1.6626129109191863,0.9161027308428601,0.24966559116430814,1.1057265920953698,2.2129271623747844,1.7294263748284986,1.8138630470732422,2.186312487863118,-0.26829171476625613,0.28930960788970583,-0.48468848960340627,-2.0593052148643096,0.8115139408917398,0.9283749740676719,0.9964982958628522,0.9494219719239984,0.11468788134475408,0.110279015485746,-2.0722903843275637,-0.5124484835257408,1.2639555213619877,-0.26368213732749973,1.2409843212379261,0.2525964012342671,-1.2823456922817558,-1.2615325587168205,-1.3044071007105604,0.7049425416573297,-0.736332591624984,-1.212680263751065,1.4601090508305044,0.16492141504316224,0.725517387238805,-0.07973259141726412,0.13994375047355048,-0.20874022678239906,1.0863794275260301,-0.6400927587940384,-0.5001641871443916,0.30603126580125806,-0.6469284459670286,-0.4723039535544625,-0.00018986916661084308,1.3164684680496532,0.47417894852246706,-2.525954768175557,-0.2435533430918365,-2.0216934879731183,-1.3320987185350215,-0.4943303446438509,0.23325440875359532,0.6521557643816085,0.3031845667692396,1.1264798897309565,1.3239590287634566,2.7745086029645174,2.9210377326392085,2.461626744394064,-1.283988660994074,1.2934454933789148,-2.971350581469577,-0.9872250561038105,-0.27227321140487626,1.478375062632619,0.08443868928884082,0.12779616152115794,-3.0455984205162814,0.04219402401093207,0.849589284030765,-2.617975807927,-1.2187617102466386,1.382035149320075,-2.1794511744192464,0.77975664847731,1.0102992992651048,1.9051128978527843,0.6280189931774335,-1.1874492118413966,-3.686358417651293,-3.3806706129406203,0.4228096240987731,-1.250976663437816,2.01595791065164,0.7593770645432819,1.063674869635796,0.4088877074259177,2.4922175656459564
0.9100772650234688,-0.6792581137614486,0.34459264199788875,-0.7134574141136052,-0.22272931576740418,0.34454436788059184,0.4020212793515484,1.3876580318177183,1.0615322819779414,-2.407382930096858,-0.8391986300607958,-0.809323936532063,0.08012282443369301,1.7491779641357903,1.6589586886984924,0.25874693526215864,1.205754846183994,1.4894712329731807,1.582576281049923,1.3438596865707024,1.5413826468029346,0.3302112817135219,0.6537444939402549,-0.4198978897468133,-2.3122229388570235,0.5518766460852124,1.4073255472919315,1.379792070581557,1.5542278745171434,0.8821183679357669,0.5391172138389541,-0.8892136565847177,0.4019927023999141,1.0428822219944176,0.33926342869160336,1.535212695480751,0.8679049943784855,-0.16160705478602694,-0.043100281790976226,-0.13424752795390024,1.0016235314481683,-0.06756938110235942,-0.27919359700494467,1.6522182413648197,0.8019226729336085,1.2795663994467383,0.6030776839058933,0.8979633159275083,0.9167197617056551,1.5875950522379907,-0.20427324386241044,0.23131825962406005,-0.020953066061048763,0.13938107745022527,0.5160136625024871,0.9890157501469927,1.4137302833982088,1.1680450657717962,-2.4142594731654334,0.28407528032691165,-0.41222300962165315,0.10244446468558499,0.6186834794947962,1.0975200534467133,1.1334999695945962,1.3298387136513277,0.9419970863799467,1.7646951274212543,1.9807915448491056,1.7058362035609635,1.764734138501985,-1.661691193748722,1.2274925880791383,-3.2712347206984473,-0.627460256177269,-0.4871943763635034,1.269097774607505,0.6374520696570264,0.4537805878141129,-2.1802590233462613,-1.3079313228339817,-0.3938553820308856,-1.6515391311121113,-1.7436745608918365,0.7343889325826675,-2.4979861963027292,1.1433413658311844,0.16098744954230373,1.415604571012668,-0.635034421422263,-0.36513276500902514,-2.842842016388747,-2.537531737140989,0.56918091105534,-1.7412302583445327,1.808759739447283,1.2252721113151301,1.265909684384729,1.1960142280323154,2.16522727543085
0.1915360173542768,1.0847068125650088,1.0813293956854162,0.6236538056202388,1.1224124092757903,1.2226412960447215,0.5382333785675633,0.1506467054740175,0.9380502309508969,0.7566242965533634,-0.0341925852959888,1.2236033667148056,1.265270124236074,0.24201593012481665,0.830006271176138,0.054272853364996015,0.21683689171553525,-0.5664312302133867,0.011579416534382108,-0.319468392427839,-0.501928412412295,0.6335836656587512,0.4274628094039077,-0.012238674480742458,-0.46201383133024887,-0.254460083496231,0.5962785570273452,0.469544433960893,0.7000018972496554,0.8183270803507972,0.47890509551189403,1.0594698541395209,0.9359162414535196,-0.11460349244316775,0.6417127362057256,0.4438980451206584,0.6997507524038392,1.1028447827585577,1.2069141031351185,1.1524559497452507,0.4313477287506179,0.6575619436931112,0.899834765286103,0.35854450099076035,0.6952554651022761,0.682684313207252,0.7526042671093243,0.8523189522895147,1.1981940330779255,0.6730521073835384,0.42526372052666306,0.7348964487685068,-0.3364264372150563,0.7663658915218907,1.015734924785062,1.0507419376548868,0.21493964990762102,0.7675885193167427,-0.12409042498278257,0.5358045048210824,1.5361203154878216,1.4080129533682877,1.1354214570511332,0.9370112404208089,0.5588026873263617,1.0868436428719945,-0.0687096561634395,0.5960180713999391,-0.6122920176028702,-1.0300080337896682,-0.5424068145572004,-0.5307163853716618,0.04888342303201545,-0.61077588813327,0.2466621256324886,-0.31196437186274234,-0.13183542883108262,0.547737455526446,0.3520763398343671,0.6547205557476574,-1.4606132482129404,-1.1387726975850359,0.689980481198123,-0.7068510460396102,-0.6086614610619692,-0.5713590696141563,0.4610607406772572,-0.8537491655056562,-0.3360661207156499,-1.1540939106676347,0.7832766518879472,0.5754030387849507,0.57164284569964,0.20105287060840962,-0.702136551785427,-0.01908624621669866,0.559099156255448,0.36614771901067616,0.9025644528060152,-0.07002837317526328
-0.5294938465817212,2.032451628874211,0.9888313535742131,1.5490399991957635,1.6353498457220232,1.1524136208023579,0.31171132541188273,-1.176851245580524,0.07362543577970188,3.2205749621827082,0.8124947734428093,2.2526303492151682,1.4510033600803003,-1.4449718769652684,-0.7528655958701518,-0.09514914619337826,-0.8793280573161971,-2.1073614337470077,-1.5128630447058022,-1.7705176210769382,-2.1234377942471396,0.5417556457975383,-0.038950032049017515,0.5089818879633383,1.7432468352924844,-0.8116993930862189,-0.6433910695704631,-0.8103366606133177,-0.7986068158767545,0.14308190344522065,0.11451365765932973,2.2092455546349097,0.7891080722714822,-1.08934692123755,0.5476729009864998,-1.0059230122941414,0.0018726250899624233,1.54337638988972,1.5407768343855952,1.571177546985749,-0.37267683411900354,0.9437179657911681,1.4670447284877681,-1.1796878840119063,0.09614275344988185,-0.3972905125606346,0.4052983643769779,0.2054771760217654,0.5301399217676945,-0.7604847820154349,0.8172872992452177,0.7015388692613066,-0.3499200464413893,0.7694043909840672,0.7608044758614979,0.2929469025250801,-1.1117041800439535,-0.23038910467507512,2.1605682519546194,0.32019514860511494,2.216182046423303,1.5888906999811452,0.7577188518189927,0.0362902129246979,-0.4566904480941941,-0.11492249461640398,-0.9293071104908542,-1.0125774885565317,-2.668824190912285,-2.9017208301955,-2.4726104441940904,1.209599488068844,-1.0644707289496544,2.549362494794367,0.9182612581310721,0.11419886172377514,-1.5175631851515883,-0.0036043707093216222,0.014964524643014133,3.038462569611317,-0.2915374205097326,-0.7536764022904743,2.441062477688473,0.9638771808116045,-1.4699697554616702,1.8617203765686337,-0.5667967981811111,-1.2320447935517589,-1.8514962482370525,-0.5855263143888809,1.3761451215052827,3.526153535956936,3.139655535160538,-0.2513136250009815,0.860851771800522,-1.810176706011845,-0.61864064238488,-0.7464258532765004,-0.08240076044593707,-2.263047163496974
-0.5915432719230247,1.339209840402666,0.2275819470367649,1.215031268944537,0.8967983043869298,0.2705219827711574,-0.02547187441988069,-1.2862493893803368,-0.6419644276173845,2.6779082131414063,0.8813334625876671,1.3610231621965438,0.522899264393872,-1.6827154548925876,-1.5022271839822883,-0.036461456772430956,-1.0111557227263777,-1.689243539688672,-1.533529649020306,-1.677065721490654,-1.7839936579284672,0.1784638451256261,-0.2711624577562951,0.7309324486837935,2.194853778237874,-0.5248497071683721,-1.0978227531539368,-1.1739589767496938,-1.4533429698707447,-0.4325890211202406,-0.17797918537878565,1.548915920936047,0.15487708262202937,-0.9502139917409422,0.17115400864613817,-1.4302304768177905,-0.5383773115869818,0.7880516257876973,0.690741824554068,0.7697684290427744,-0.6625021020439151,0.5608866999398011,0.9319024836914277,-1.4903844024453943,-0.3847925558519503,-0.9125560798102473,-0.08609870408740286,-0.40443028924848967,-0.4074591217726872,-1.351707001739345,0.6310284543755171,0.21690744940741064,-0.018579941156410658,0.20581646944680754,0.052442478081034236,-0.5004385012012913,-1.2698247288308109,-0.8127107010785941,2.261625682868663,-0.1266706499714138,1.0492758337554164,0.5441182957691522,-0.08450716585571345,-0.6900260799054847,-0.8961401637015691,-1.0510513815662446,-0.819969502716569,-1.4949220304386281,-2.2329379434551324,-2.1745297170662794,-2.201427104365021,1.9280624179952437,-1.0343290890509942,3.221867137716985,0.8392366772291754,0.4480524309005656,-1.5408894564544264,-0.3974048617145048,-0.19869908367673167,2.7435029605959333,1.0547485411149766,0.24663480594499104,2.059473902158124,1.685036124977249,-1.0211200700813376,2.4960359877944405,-0.9317996546371663,-0.6111722527273752,-1.7257787782406873,0.3510073933893874,0.8907018416992176,3.223108947083676,2.760006079771552,-0.3351159275237885,1.5015392763874267,-1.868415609545311,-1.1493466297943495,-1.0317443870214322,-0.7963524247649798,-2.381840873500438
-0.048810995902241104,-0.4853213973605359,-0.5916907547077155,-0.19663263699719177,-0.5448933693035701,-0.7038814925697285,-0.23729804615690467,-0.08995530124879272,-0.5899158020375108,-0.365524853675531,0.09325186293283497,-0.683482995361861,-0.7448076455357457,-0.23441536657617976,-0.6624655595928143,0.09869850458458963,-0.0977509398634014,0.31052690234791985,-0.04292308557433325,-0.02650713499683677,0.24556727488582517,-0.25025981615872667,-0.15691242260453045,0.3393828831191114,0.4738349803357726,0.3153666243080368,-0.39481221797042126,-0.2899897354137739,-0.5841429524481779,-0.4475698111899165,-0.2141865015935459,-0.4424358114000634,-0.4883526773162246,0.1198824129965895,-0.274083633661901,-0.41385468635759487,-0.4570251819161952,-0.5787578240557768,-0.6674717555254976,-0.6236789986954236,-0.26135614838196775,-0.25433956198649965,-0.3711048041812802,-0.29929426535335435,-0.3871477874743145,-0.44888290523410296,-0.3869600048708014,-0.5097950348443632,-0.8003869685348367,-0.5562960240543798,-0.0772842013727186,-0.35515006640295765,0.34323380747225984,-0.43385719096317105,-0.5573707686767728,-0.6580734365061872,-0.1360967402395492,-0.4799747038983723,0.14243733685080082,-0.37615189810777105,-0.9455009341355903,-0.8433932582944097,-0.6791070628890585,-0.6096884386248919,-0.3694052642482704,-0.8155050461555089,0.11104997114277537,-0.4346160933219501,0.31974730794524786,0.5406323880736612,0.13986332516782504,0.7693781339044694,0.03372707728004125,0.7460558334575317,0.05541411469324839,0.3810596466321343,-0.06398535172561658,-0.2728107511164865,-0.14643010295026307,-0.11466504644128907,1.2326840167598454,0.828660096127978,-0.17693386218200402,0.7110922829627044,0.36879781223606994,0.6614541259629917,-0.3094091739716694,0.5276575618633027,0.018940073824501975,0.7468414900986613,-0.3385738794083054,-0.13537319109907142,-0.23366612233698833,-0.03543781190143091,0.646637740954005,-0.1058242976897653,-0.4813091722390989,-0.27044180548728075,-0.624951733307146,-0.21842170584409082
0.47016107295253423,-1.8576783398748027,-0.8530147311137382,-1.4485379501049795,-1.4854392920736255,-1.006691539135259,-0.2397649605663651,1.156599488668741,0.03192556429312546,-2.942707121222938,-0.7698004559753469,-2.0079594813621227,-1.2796162542194,1.4333388678019545,0.8655837654916774,0.0952691636367289,0.8734324750330716,1.9501518318274058,1.4519525334303356,1.675709940603255,2.001805037839683,-0.4936536632781133,0.05052519588904051,-0.4461090331302458,-1.6722175718092465,0.8028707170260422,0.6616433482013757,0.8697892383331016,0.9138794404405641,-0.05177442342660158,-0.08310427831889558,-2.015402797782292,-0.6858387928488154,1.0084099931156565,-0.5136215731507707,1.0210600697516066,0.07986145795102105,-1.3905148637496392,-1.3788786517787286,-1.4151186775499083,0.3444916639801011,-0.8621898861759943,-1.3704457173263314,1.1667823708771419,-0.05162246819214798,0.4228219247719101,-0.3587220320871201,-0.1517830684987641,-0.4024783395735935,0.7994080842968186,-0.7508753156183691,-0.6026114455630633,0.3524896015367822,-0.6317421199506253,-0.6536687206913193,-0.18695156104227936,1.0967327030304481,0.3049172873060405,-2.0251488264314705,-0.225208946225875,-1.9685263415036434,-1.3942994227969208,-0.6102345536009435,0.06386395277497436,0.5076000766925207,0.26148005318505346,0.8953389666158648,1.019474333878804,2.4932795836817814,2.677540820583156,2.35161659553885,-1.2726077013682022,0.9836104939648322,-2.4255372449340156,-0.7747631043730577,-0.057749046784122855,1.5140508925978298,0.12868521412411332,0.020328609542179746,-2.8922017417877255,0.0802344500136102,0.5018296170624075,-2.2401233195111048,-1.022860156561615,1.37348317435241,-1.864777683205616,0.6208466674440827,1.1637511741761173,1.7708904072739082,0.38263604742528384,-1.2604117730463733,-3.3157175699739563,-2.9311910865465856,0.26563049169476877,-0.8350795476836456,1.7538568258028229,0.7048515418800175,0.7339986236099528,0.150568262273657,2.206356586500422
0.4630945138766884,-1.4257253852659562,-0.349004548833434,-1.2730182868724809,-1.0121420628542688,-0.3931863361163371,-0.05304365470218873,1.1568131193980757,0.5244813556806103,-2.485867544279128,-0.828622901409717,-1.3343889395652029,-0.6002882379151948,1.5880935786314643,1.4277914054419596,-0.03192266567541413,0.8966148488667649,1.5861741225856314,1.4223376160913104,1.6947277926985809,1.6991682816471214,-0.3139423531505671,0.1299098594542702,-0.8416979391124109,-2.035040787061101,0.42650172716811985,0.9589698166223563,1.0678989310465863,1.4258604061860818,0.30029543001147013,0.0679431480269264,-1.6137172679988403,-0.27429058236254344,0.8247132797390275,-0.3118809805367016,1.3771823548069781,0.49026169346809007,-0.8621763287405696,-0.7668681539912767,-0.8417740468696392,0.544531509713827,-0.662496286388523,-1.0691407219062514,1.393607005709821,0.24931695347414837,0.7870400840128378,-0.04604622685029349,0.27900358996422786,0.3186370017794447,1.3010869479251594,-0.7059124004312377,-0.31001561757329105,4.045284956356501e-06,-0.2438736848908567,-0.18567748339273948,0.370066615801267,1.1510112212155441,0.6849069470829211,-2.044945121491824,0.12024848837883026,-1.0636940356263467,-0.6212457653679571,-0.015545501408691853,0.5819421440704292,0.7912442250913241,0.9800366514749844,0.7445427179135199,1.3457046481999428,2.088996787197659,2.1027647499604996,2.1689793662752357,-2.0498324669218784,0.8510798956478614,-3.028307865227081,-0.8591931654363947,-0.43737607780713267,1.5311804206745798,0.3270180517010056,0.11280161455242074,-2.7666190505111996,-1.1255013459501784,-0.2718493770599817,-2.0945998324613817,-1.6975319729429696,0.9695442417957087,-2.465241286870742,0.877198445248581,0.6554390623078812,1.741659667965603,-0.24323548444359458,-0.9615187844777743,-3.0912971265271514,-2.6211793277949886,0.25636700455801853,-1.4194888423105765,1.8063538379733188,1.1385995457239055,0.9540506621593958,0.6949210446438459,2.415741171669078
0.04652257048671216,0.518413507858292,0.517812319509253,0.28439640830508034,0.5389808545060266,0.6149629131303749,0.2263946532166779,-0.033402089251031324,0.44813160855284706,0.4955031574538485,-0.029310725718160006,0.6915030604939685,0.6814993706999893,0.07554080793193843,0.41467956357701397,-0.05782584205010063,0.022586926907891446,-0.3957375737875542,-0.06605219794411431,-0.11137281435753632,-0.36805632935556915,0.2543272055410152,0.12478157778574471,-0.2673570120491067,-0.2586060214105271,-0.33814402226397466,0.2550635234982391,0.14827590039358968,0.3685394296781461,0.3504011027613536,0.18500298357188616,0.49871386877549584,0.4457132501935696,-0.1663535750784751,0.2627828250865227,0.2599019459184178,0.3844822033729386,0.5779773372180672,0.6474975249054137,0.6155596928971698,0.21231124428628592,0.2735281955333639,0.3970015060555336,0.17204235009637223,0.30314078834854347,0.339966696217699,0.3524649702129568,0.4360516325730433,0.6722177463793618,0.4186836953466202,0.1428820994407814,0.32589517329913603,-0.30177316765815404,0.3762560725450129,0.48528740129485815,0.5207700707884152,0.025963235336201856,0.3369837583816027,0.012134724674039556,0.2866848625611475,0.8852555054621931,0.764713448506909,0.5749927201505799,0.46607506908000834,0.23073645068193688,0.5811452498355129,-0.12081210781384484,0.26341581345880716,-0.4579535787103215,-0.634972522035035,-0.3234444065041038,-0.5215372475711856,-0.11591341971151309,-0.39797660098885645,-0.030564207329436682,-0.3215945835628442,-0.12523947774103666,0.17329652216307526,0.11346568802634835,0.28748046828808754,-1.0137445663468843,-0.6481890912949809,0.2207590580746468,-0.5173983619707911,-0.4488707955193367,-0.42505640023911434,0.21786571337466387,-0.5355180972833061,-0.14850248078571948,-0.5297597767045217,0.36863669270467736,0.3541228243095541,0.3705576485241467,0.026179383946689914,-0.48326339227806786,-0.02400906430715852,0.3299462255731817,0.19948522085855874,0.4940459558344343,0.06522518975811718
-0.2592816406127843,1.9954851102980589,0.9466577372205671,1.6173818001212599,1.625165198049875,1.0675863435499433,0.38676373941148184,-1.0454513232985394,0.012828797879766403,2.7686107149231916,0.7488096055986007,1.9678276645921786,1.3013816159524598,-1.3971852352115015,-0.9732177692580946,0.09756904437704593,-0.7181340213515162,-1.8444071749207718,-1.3444275469419784,-1.8300723327944883,-1.9512748879432924,0.7072188921293486,0.14173037905895886,0.761423504454059,1.655671184000117,-0.5980816469332245,-0.5815519671365351,-0.7867032016732032,-1.0303519499146754,0.1749988356706433,0.22835797036997438,2.1538245993053287,0.8191712853034948,-0.8415857507460729,0.6955738703645228,-1.0672164036868792,-0.04497512400358253,1.488007069305548,1.455673960723802,1.4954829585994043,-0.21878696295827912,1.0338270931354867,1.567325105489303,-1.1044681590952137,0.15955129241370367,-0.3326215730705155,0.5171021937575542,0.26082048596865376,0.39465287104797275,-0.8258436677459066,0.9563414472604591,0.7217487739567539,-0.20596219705086727,0.6447351398913111,0.767358473212882,0.23606066196460934,-0.9813028306834914,-0.24219249204034637,1.8306472631066906,0.14263797018402993,1.8833502960191062,1.3958076663114711,0.6536749161136067,-0.03921051274176887,-0.47191312243260614,-0.39035991459283165,-0.7140376313081712,-0.9464235674576124,-2.3644565648055003,-2.612666236371207,-2.4506498635551788,1.694271709930487,-0.7834541100397576,2.5394727973293847,0.8958387335215927,0.18466426786900422,-1.6453099845403019,-0.059173946892339145,0.09254303351812512,3.0268896811037473,0.23926193091707415,-0.3036973535232875,2.287085034513603,1.204722066394697,-1.3523948325341655,2.0067346678716964,-0.5717006903456197,-1.1727554658074486,-1.8856106507907002,-0.30148357881346993,1.386140359203381,3.2845890720997954,2.7902655773667036,-0.11102930462493447,0.9055365907598455,-1.7231431473326666,-0.7898492109282174,-0.6500196290240453,-0.1294291869056105,-2.3183808204931293
-0.1527912837695809,1.277977269581765,0.44756031575296873,1.1424319653048023,0.9761718420837839,0.46119956184602956,0.22465399219201065,-0.7310557495210189,-0.2487622531492457,1.8036458138157385,0.626452655732355,1.0846762942399648,0.5770858967250798,-1.1063405240959514,-1.044717465935959,0.20467876143638158,-0.4969853993826356,-1.1298249870127748,-0.9535951348698163,-1.4153920179234674,-1.2353025933952562,0.46970729935334615,0.1157486883396326,0.9709091508959,1.4889478724949834,-0.1152129501492758,-0.5772457341187441,-0.6442066693316504,-1.0550048844390125,-0.026554465265289064,0.11930243540946496,1.4218697051961617,0.4041185334332672,-0.47495323708730924,0.4479356165100091,-1.0156012319442138,-0.26914908260785847,0.8236554293927637,0.7418807347220089,0.7956923745999287,-0.26876410475668644,0.7028494030732496,1.0429259470425158,-0.9501329293286439,-0.02480327249597451,-0.4505497778683442,0.2350452686420487,-0.045009387089892154,-0.141756595818823,-0.9346879641404318,0.745928933301808,0.4097763992564495,0.12970615599344162,0.2837595286416513,0.3326092628644321,-0.12903863674595656,-0.7233736683126356,-0.3657939997606746,1.371739933939303,-0.08343902079896766,0.8587275709285721,0.5897324026985441,0.1624183896850031,-0.3123630909505024,-0.4830059454635167,-0.7155479831725238,-0.38747491824794433,-0.8765989702571811,-1.4839965192481652,-1.5866039989451564,-1.7192460219309378,1.8425345241424511,-0.44440087983593946,2.3344943359522055,0.8389105915790539,0.45991656231828415,-1.201705466738953,-0.08570027923192809,0.05093373991898253,2.2401941341448577,1.0062911842208968,0.26727008435472566,1.7049634620171241,1.3625708235363692,-0.7131929902543254,1.919959651337995,-0.5524243644271886,-0.5346774586854942,-1.4063086815607817,0.13508686085004118,0.9024301229324417,2.334898879381497,1.8929397612165901,-0.028195813837362384,1.0795083682200743,-1.3135313071535502,-0.8603060666203565,-0.6054170426838489,-0.4189113748038011,-1.8941425127068738
0.15183772749208863,-0.8793652826041349,-0.4819352948582371,-0.656658175265002,-0.7421680585670429,-0.5728249490328078,-0.14470433392477874,0.4607745432941267,-0.10125505871708469,-1.1808593993688852,-0.22786706378774185,-0.9285545857885428,-0.6946431300029826,0.5598427684797315,0.2628388445543253,0.06646792154986828,0.3395835414426509,0.859910466798676,0.5830358249983987,0.7027531365398264,0.9039233824376188,-0.288990245460798,-0.026960171895440095,-0.026306272834884216,-0.5024614461673184,0.4448439765920705,0.18370022992409468,0.33078944476881655,0.32088991102331205,-0.11352191286204592,-0.09260224475519561,-0.9165385995933217,-0.4024184850558295,0.42350930950887683,-0.2894670722688624,0.344818426225917,-0.05753273902858306,-0.703287429099436,-0.7209992248693848,-0.7244040928696369,0.052600210655748846,-0.4204092501446073,-0.6719819971685191,0.40260812256276535,-0.11599116522414643,0.05126062119021287,-0.2558430121617136,-0.20109858772363903,-0.35327074173716355,0.20765086524303783,-0.32324747869218146,-0.3205292505123281,0.26043039437300647,-0.3190878852332632,-0.4015300154621624,-0.22308542606874998,0.42121341141187235,0.03441850972481271,-0.7101687027371475,-0.11912249863819596,-0.9973140937973273,-0.7579566754848485,-0.3884113116788576,-0.09260757255902852,0.15245890367628873,-0.029433806645267593,0.40592290904261724,0.3111044867416087,1.0719335321875376,1.2167463148473245,1.0322958784801306,-0.3994412261271662,0.3877541501794865,-0.7373861640165197,-0.2039641598696386,0.13873465591874554,0.6999777599975573,0.055740559220335946,-0.025649204459338732,-1.2050543396958506,0.29360275942247266,0.37758379064194775,-0.8980325988495973,-0.27633784454286375,0.6943709046340149,-0.6129083356093629,0.2157064016075335,0.6448897035923074,0.7724553107546936,0.3221446880608484,-0.5829797832764594,-1.3378211537674485,-1.2027976184786413,0.10865801975875398,-0.162555775705471,0.6979582284563643,0.2046053227169738,0.23406596534067012,-0.08687641968264065,0.8938172347806349
0.2607337674990944,-1.7475647937214338,-0.7169576857997894,-1.4725061461744502,-1.3784837510836176,-0.7913536044135426,-0.27460961638240095,0.9884087270960491,0.18444030800932487,-2.429680186839869,-0.728900004718314,-1.583139223390942,-0.9685411320596469,1.4154265932336672,1.162664780800699,-0.1229990610343198,0.704407537580051,1.6075545625163419,1.2830155363440658,1.7779440364978245,1.7336796935074812,-0.6077681221038032,-0.11425786767765427,-0.9198129439952116,-1.7145619716062468,0.40072747997526975,0.6690165608659269,0.8365138095293739,1.2205759630363622,-0.030028007338537964,-0.15332396118264394,-1.8990400430769028,-0.617778781545971,0.7233884524990923,-0.5957687151098949,1.1962056505462169,0.2527633088560946,-1.1996284347141892,-1.1345381154167877,-1.1868684611084626,0.3022404710430466,-0.9109622117079238,-1.4014181836150905,1.1747304618410337,-0.04107704879014108,0.47475563626839906,-0.36695951156940687,-0.0665562961289107,-0.07100622890285468,1.0469181038865916,-0.8777609553156727,-0.570384983053306,0.06107602459635892,-0.45052746749050443,-0.5566621095372896,-0.009796827875658935,0.9647405918608357,0.37748887904051504,-1.7476871468366055,0.011800841795445823,-1.425467599745985,-1.0200182393240187,-0.37980231966244066,0.25230934611997063,0.5613515677292513,0.6640970142229171,0.6546952262817618,1.0333871915769848,2.066312272662129,2.2564376359384024,2.263105157672267,-2.0029169768184154,0.6580013052799463,-2.641966267489345,-0.9092795910758841,-0.32630613377814394,1.5664328702106178,0.1358087718659855,-0.04791274418751902,-2.8816479592937263,-0.8059701743836007,-0.018454964621578186,-2.192698317849334,-1.4872791443390556,1.0933099527520003,-2.230404406335869,0.692489535280197,0.9083090952317328,1.824732805114601,0.09451919261991096,-1.2029277552192854,-3.038810923383656,-2.556791353148509,0.1221727044300037,-1.129115512478628,1.7051944001142225,0.9688646795998529,0.7473113712718539,0.3564048003790569,2.3958581906448098
0.09958156524363669,-0.14115714521691428,0.07960168235353844,-0.1740637343974895,-0.05401494559978182,0.10478561573901857,0.04877647027618076,0.21415036671775795,0.23933940403953047,-0.41348750910788323,-0.245091996985619,-0.07019418930787603,0.10401730703966662,0.34392124565543397,0.4211918168437497,-0.047797598470761475,0.1800881383678161,0.19223371180804494,0.27181630081581076,0.3365492317341124,0.1997501184202424,0.011697771208955701,0.0450255772382644,-0.400290769313586,-0.5721349439979018,-0.08621331226275913,0.27145737947281434,0.24101434975227332,0.39745953100226983,0.15618155161974873,0.06657143097248368,-0.1971436905384729,0.08033863571388503,0.10766545957520395,-0.00465469760856505,0.3835506691840602,0.23991357988491105,0.00012892760751685343,0.04815127538135126,0.02039346512997353,0.18852088760548613,-0.0636812096840808,-0.11392198577047898,0.3664677091708557,0.13921175194890945,0.2889293324614459,0.09689254076854724,0.20794544351836797,0.30770541678680957,0.43604320692539966,-0.12455603675524524,0.025691133834782467,-0.138274336565103,0.054601526854750886,0.10560380795096257,0.23983691682164807,0.24186920144437984,0.2317912387594414,-0.4699463848850645,0.08841645921658903,0.0705961887258889,0.1246048158271883,0.17481064199454138,0.2632813093029672,0.21661924373927685,0.3897891135514766,0.09244534206843134,0.36797793192682404,0.28278187334184685,0.21960321071839878,0.3342977346104526,-0.648234142790965,0.11135721648243077,-0.8476172327838326,-0.30130800196497975,-0.2633843351844477,0.21797658453452898,0.0756929089450509,0.05627539016400118,-0.5389624234357557,-0.6589293301968575,-0.3265332813651971,-0.44077539338386607,-0.5662782917162974,-0.00017344376465909728,-0.7132263757208551,0.24762278552144157,-0.06499167617092691,0.3139271112288865,-0.24003346859052774,-0.11362701922497741,-0.5787419358022755,-0.4616368517001154,0.04844303445100097,-0.49163272905984085,0.3908317108463359,0.3833131689185975,0.27154100299850104,0.31896329037933413,0.5520888601474342
-0.05765458878909197,1.6196279513627572,0.8099333439972444,1.3406455039074419,1.3440712182654788,0.8823447093347292,0.39269919860371444,-0.6871607011934288,0.06964769231293509,1.9153965234412307,0.5035640960256125,1.4518727139883347,1.0256520379883292,-1.0163157543367647,-0.7731124832500896,0.18799633402864518,-0.4215869708842284,-1.3097579579660334,-0.9260508222368595,-1.481032185878801,-1.4343270686654859,0.6975749072141195,0.25392724861902655,0.7623412041210161,1.1667301932566443,-0.31092522817353657,-0.351744521308494,-0.5150931748567148,-0.8413819301685952,0.2423230051320164,0.2803076781262005,1.723296519148016,0.730653982662259,-0.5094282490089599,0.6605132663261347,-0.8244251071971088,-0.007888715307664839,1.1991533226839377,1.1660868778653444,1.1937971262837812,-0.06810492946662636,0.9068113298954693,1.3381176989098589,-0.7705943289693242,0.21836703806439342,-0.16008457460709222,0.5148237411161171,0.29450357729056204,0.32699661130489804,-0.6342485647653235,0.8452117609943944,0.6387053934603033,-0.07184167635324605,0.5055344056217974,0.6860096109175463,0.24935957412641593,-0.6410234517798714,-0.11114506236523153,1.1933443592481556,0.048117439663853595,1.3841489833287577,1.0839813636198168,0.5474208346192201,0.012754562693884107,-0.3105828000432602,-0.3428019116816484,-0.43256714907585886,-0.6263616258243799,-1.6574581803468353,-1.9236661702615934,-1.9036602838573449,1.5661900586700381,-0.42412218312871897,1.8923991001923268,0.7362555218507186,0.19837637784709086,-1.3234521743034136,0.014279013156062283,0.15693459373240978,2.361596725958042,0.37982571158730055,-0.16299719800468448,1.769714303271561,1.024077224875168,-0.9996251630496022,1.5945495965195668,-0.40242864058875477,-0.8982767175991451,-1.512881059537261,-0.2554795305776693,1.1254655041294468,2.401715947023946,1.9837423710760487,0.01758444000684179,0.7101429815787857,-1.2681985766354449,-0.6281997925472976,-0.4319303184560293,-0.0533277044649179,-1.8536548130362644
-0.007092737631579873,0.9372371485883297,0.420603274610303,0.8063415020823813,0.7639176097355356,0.43644883111584415,0.246567505354657,-0.4126474616587442,-0.03024568619537577,1.2328305954344103,0.43985064839769605,0.8251950467213555,0.4942975957812549,-0.6345338703508353,-0.5705017386586776,0.1955494387803743,-0.23890788077754005,-0.741299433161177,-0.5626795333264158,-0.9498779212159095,-0.7884136899458856,0.4041776195474525,0.16958077829487533,0.7634735184257898,0.9233086734610024,-0.024420307809780967,-0.2689368537418107,-0.3074755813511332,-0.5703195137685433,0.11144824902699717,0.15902290701595834,1.0355346168445434,0.3853112582482707,-0.2745633218743299,0.40108129402869935,-0.5836211380765146,-0.0747705284236516,0.6654180136006039,0.6189844999581715,0.6477372741253342,-0.08838469695616331,0.5475460213334115,0.7887132484631808,-0.541816998278123,0.08430691185803188,-0.1920905024706779,0.27057411921027974,0.08853287180602123,0.03354912825242072,-0.5041352306992293,0.5727734996980605,0.3677420518234572,0.0992032112039068,0.27512363709340326,0.34755072293775,0.047937241772127895,-0.39887192032041663,-0.11743669917689589,0.843110014761184,0.018296400300307547,0.687049070584202,0.5165465926441836,0.24267980937636682,-0.07556621637709451,-0.2158581823834715,-0.3494256854854838,-0.17719103737842545,-0.4641275705282027,-0.9769243907433569,-1.0792210915630216,-1.139053984984755,1.1637060245849833,-0.22494069710221778,1.4787151170322632,0.6563460093885451,0.31877017734601404,-0.7387694635635946,0.054019563371304445,0.08802499783231875,1.5150204235875298,0.5617381322149881,0.14295899360738856,1.1552451724006283,0.7984108112647289,-0.48126288576708437,1.1649522796217044,-0.26027522088856947,-0.41861953730569035,-0.9151790356649917,0.03144463681472769,0.7003026820066829,1.5518463958543152,1.2320165281631361,0.048983630283672905,0.6089577383439881,-0.8138876795673566,-0.5124299334606959,-0.3017162742296181,-0.15643927188874032,-1.174667456658244
0.13127387263512305,-0.9648036934695192,-0.4311718280694368,-0.8037024085853306,-0.7730198552637062,-0.48264621880550757,-0.1468113545501717,0.5015233904008711,0.05540136759302108,-1.1613615749581403,-0.26866729342640383,-0.83103851802894,-0.5834476252253781,0.7399673281259338,0.5798127282642871,-0.030092351915594683,0.3619604359960939,0.8508676411892064,0.6591054045223055,0.9266039688887957,0.9534984835037885,-0.3648760498377752,-0.07999984592882546,-0.3263141008339407,-0.7395678615075088,0.2824327006840613,0.3045272296555662,0.44022379273818435,0.6487141869917664,-0.04933120936083126,-0.10374054455652734,-1.011827533584575,-0.3743781592283229,0.36912261116694733,-0.33798651295739734,0.5986840941332026,0.10601335611536722,-0.6688045581590512,-0.6484559149879373,-0.6680645661976682,0.11384712005549635,-0.5021290837338351,-0.7836012791481844,0.5680413170419654,-0.06666035128657011,0.17893827852245278,-0.23782974517104083,-0.10183952038412969,-0.12898756045091467,0.503594484323148,-0.4382630318822302,-0.32195448220991846,0.10537454624232293,-0.24459161320573025,-0.3487240109176806,-0.07226622169875466,0.4843225511819268,0.16492706697787501,-0.7909401242278068,0.03309784123196633,-0.8120430967818186,-0.612248065575348,-0.24749626910547531,0.0903857221567313,0.28105173258291427,0.2945791746285752,0.3869684815054173,0.48019519510392994,1.0569879740036292,1.2165139816503252,1.210544471692818,-1.0199749800246751,0.31940271791394537,-1.162428226732397,-0.340497625384191,-0.05316141721760598,0.8935409647748032,0.10553452287669914,-0.043640022666989874,-1.4811712410527693,-0.30559831006546256,0.1167476424718275,-1.1132596385773834,-0.7286653396518966,0.6374205973229085,-1.0960953358285672,0.37167710092847606,0.5497356687939551,0.9925792396704101,0.17324741880301495,-0.6229671722482752,-1.5022774776391654,-1.289857753804602,0.0748932683749471,-0.5040334118690933,0.8712534237923155,0.45133967502160083,0.3705216214274008,0.11454849153309224,1.2848199457398513
0.1459575913123121,-0.9653180834534112,-0.3713893931406515,-0.8186850548884793,-0.7572125690106909,-0.4059386774835472,-0.14274847419091938,0.573638520424224,0.1439644580985135,-1.4315767567674147,-0.4874265361475527,-0.8717980670039647,-0.48674533697568273,0.8257379041954761,0.7131714319472394,-0.08794384837780736,0.41211844976665235,0.8999163354798757,0.746405875653111,1.0357115335784992,0.952107587143701,-0.32209665086917993,-0.06128368498952871,-0.6597821103454684,-1.0809087926449121,0.16923773686646262,0.41277949040179984,0.4878950726759892,0.729092319332079,0.009803312221309278,-0.06832091178911186,-1.0649984269394637,-0.3148998447228071,0.41046584119007784,-0.33514197288324044,0.7287173368633548,0.19504765178546904,-0.6479234785326451,-0.6002855948802784,-0.6350424384189731,0.20250634765132666,-0.503516538257135,-0.7819233871853755,0.7217742860596688,0.005750821155610246,0.3269121796607546,-0.18106937197896242,0.012927128253733046,0.04245202573359799,0.6654160924236951,-0.5088189367869993,-0.30362878662887843,-0.012173796471576816,-0.2325883100506912,-0.2809814792818216,0.04555456864527579,0.5704540462412682,0.24342369130198355,-1.0699717614564512,0.008611750978444492,-0.7438028269117157,-0.5120334480543167,-0.16757774939677125,0.1886387253729214,0.3376003201968243,0.44366688786363306,0.35433240789270415,0.6360104506735055,1.1748027547353623,1.2490048707647863,1.278220904659107,-1.2250275331808531,0.3646005796993142,-1.6502214850281411,-0.6164671082634522,-0.2593267380079547,0.8502112971137941,0.06898972269733235,-0.007522959120116677,-1.6905340297562919,-0.6242880701248064,-0.13429137309555195,-1.2938521917534773,-0.9323669620847621,0.5600281352153206,-1.372183454851143,0.4207286450842626,0.46784194117687766,1.040596966110483,-0.03171997088107324,-0.6903935205229972,-1.7877755438750236,-1.4912309959019632,0.07285165872006084,-0.7182170818224898,1.0125981700613753,0.6366900617454505,0.45794808653117,0.2663080557018544,1.4032734379027727
0.05096965362165466,0.735633518910892,0.4162945905057957,0.6217879360804525,0.6266018246702189,0.4439047836234643,0.22340122979527252,-0.19809523075936752,0.10582586186638272,0.5886416113279835,0.07072857031004491,0.58110163644139,0.5041926758506884,-0.35763779028065995,-0.2685774875772905,0.11337684594635133,-0.08634953146242151,-0.48141469691690403,-0.29494317369524203,-0.6025789466426462,-0.5821561855461881,0.3966655439508723,0.18865985146352554,0.2379681690402409,0.2805667095029512,-0.11489515971436391,-0.04623633169572572,-0.14522614449399726,-0.3307723785496878,0.18755479088175428,0.19179938843216257,0.746279324784896,0.39298277479937094,-0.1274616055343376,0.34283601255492246,-0.2776145225386981,0.06812231011772327,0.5527632736404005,0.5482542786433514,0.5517456021400591,0.06729383794401927,0.4446921851831675,0.634118114207993,-0.20358426396466336,0.1773794496752143,0.057798937569555106,0.3064549959329892,0.2322709159464165,0.24431266528827708,-0.1762326955289455,0.3846196879003385,0.32837371627497774,-0.039164790416246736,0.23752849455616581,0.3733640287970814,0.19975487345279852,-0.1695040092275184,0.02980826148222006,0.2698651943340537,-0.016738591648395414,0.600822780931262,0.523384590901285,0.30030496645524174,0.07989054003882456,-0.07600045591530938,-0.08645585897201574,-0.1361350316008287,-0.13958729409962367,-0.573138886932771,-0.7653808826670381,-0.786882447819505,0.6867797012134921,-0.07800257284292986,0.5393180289663749,0.19508173132048603,0.01873705433348753,-0.6139534068122464,0.023093749177153646,0.1332257174951838,0.913615877036704,0.07658437185861704,-0.1692064917148598,0.6665436622715893,0.3732679894328498,-0.4462950324102424,0.5565025543115104,-0.11721041920997663,-0.41489779527857823,-0.6420736774387055,-0.21648278853665132,0.47438151153994895,0.8220687492937153,0.6648765744551703,0.06645569835595216,0.20419955338477466,-0.430328027756203,-0.16553198571325162,-0.09856774659493388,0.08148578418214324,-0.7486367754369697
0.015325610129371347,1.1083259774634056,0.5512359670757889,0.9300949453302795,0.9259226193628498,0.5859268102079326,0.3090017672292099,-0.44353120132018997,0.04899697271458255,1.3686220980964683,0.4381094821355919,0.9959545143303099,0.6608860285259999,-0.670172181537517,-0.5497395209020658,0.20197952686082038,-0.24710584189251292,-0.8589107262674992,-0.6083995087749973,-1.0427505589258927,-0.9195824157001949,0.497745520910241,0.2148567729134713,0.7422038654103325,0.9090150105226916,-0.0992991769153289,-0.23530747556075354,-0.3088931681204737,-0.5664666030296078,0.18704165773913248,0.21368664777866875,1.2018159906658792,0.5038279899597334,-0.31279038252195296,0.4884209382056258,-0.5791710184015582,-0.008642877185901322,0.824058029502102,0.7878915576514369,0.8124083899804281,-0.040701998567255024,0.6456588394285223,0.9320037941951218,-0.5387076369279759,0.15407327555202868,-0.129198725419082,0.3670037420623643,0.1889995873020552,0.16851127137910912,-0.46016986195544773,0.6437298560764191,0.4578241717671496,0.04206334772902573,0.3567086170925504,0.4699634929157922,0.15225654379402684,-0.41607535715505645,-0.06436975403879076,0.8668961107271321,0.05237023869245419,0.8931355854221056,0.6972468255221534,0.36582178695283935,0.0035185268618350717,-0.19358383602201376,-0.27896480998495315,-0.21177825222039676,-0.43964760557340177,-1.1169131558815715,-1.2696624204629654,-1.2907597238782051,1.1747702744508166,-0.2482294132094901,1.4725046899937468,0.6602591478330403,0.25818042497751803,-0.8470767907130248,0.07247371462491572,0.12203905506309198,1.673763793834836,0.41699635115817607,0.033734670048472526,1.2563509717017949,0.7655966922041828,-0.6130137450317967,1.1644983503665647,-0.24542678110936372,-0.5616766356445275,-1.021082871809644,-0.07060526140516529,0.815709316096196,1.7024651097416073,1.3634691957740295,0.06082519899449633,0.5513588689385263,-0.8705883977384633,-0.48925947470090475,-0.27955766435308893,-0.06792857779930334,-1.258617701573619
0.08068280750278717,-0.3054522576662968,-0.10889504116318986,-0.2783820153479671,-0.2234240924803187,-0.12420201960907917,0.0053376896389990885,0.1712760551403247,0.0768945337192127,-0.1973387486759431,0.043551386321787566,-0.16647939523118402,-0.16710715398131368,0.30444161398940023,0.26854618237514494,0.036881913563428514,0.14929149774576456,0.25376719484147164,0.22971430265846296,0.300440628831233,0.34720282587382667,-0.1236642714861987,-0.009405222276135845,0.06152629842979626,-0.1370504472674649,0.1433588859050727,0.1224076746785635,0.21299241381695608,0.33542968523570593,0.031474551311723144,-0.015975609770925395,-0.284592448102127,-0.0938736467396512,0.10202910558508387,-0.08271379209941201,0.24557046184528572,0.09385692859351712,-0.1644707835868244,-0.16024743766339275,-0.16543980110396972,0.046837427449111096,-0.14890162584303573,-0.25430034364974935,0.19686371864181149,-0.005715210850154043,0.062106307658101004,-0.052402160754232235,-0.015120655901875366,-0.017280952366101065,0.22746879717610374,-0.0880186276125381,-0.07014360191422798,0.07548079301998825,-0.022948051009055486,-0.08356539985409299,0.01064407527589019,0.1717564886122415,0.10593471184381376,-0.15440701341852206,0.1074239435690041,-0.20167978448464766,-0.16189236945342714,-0.021237299368770512,0.0909189967478793,0.14809784109253696,0.1637268550946512,0.1965153220108115,0.17401549567907332,0.2748438857814345,0.37073626256988573,0.41190865413646405,-0.4412499137024436,0.0835472209992124,-0.2329462292948239,0.06510352175382403,0.0658542883320286,0.40188791656858125,0.13233070100806993,-0.010630478076617031,-0.4485289189146784,-0.16159143280481936,0.09018798835643213,-0.3313706669959279,-0.321099397692558,0.22434547599276272,-0.41321808576945085,0.20774053298610565,0.1731730912208832,0.380234969319155,0.11844248246565849,-0.1261882641584799,-0.3737363954169854,-0.3543896680996175,0.05828590150169826,-0.19230336872563802,0.2962017872292801,0.15272242738674127,0.1688641263764306,0.06525132757005715,0.537705845947115
0.13227487235962618,-0.8361141987369134,-0.32667111239676244,-0.7066852346201811,-0.6572416834963363,-0.3623111149887143,-0.11371846079010725,0.500807987724229,0.11997293896891789,-1.2188440409601744,-0.39633636537036965,-0.75218018103201,-0.4361800774964608,0.7180618169226282,0.6086646870869528,-0.05622302182126054,0.36814263630376554,0.7840117756187063,0.6495459358546021,0.8796821949189104,0.8373719576020936,-0.27762179246837126,-0.04602062424411749,-0.5045912772981056,-0.8954766588087272,0.1850938805137584,0.3508641595844995,0.4325605357503737,0.632238392812427,0.01136257671821971,-0.056629150353756,-0.9117585713729208,-0.2745782420279584,0.36143915910687024,-0.2872690068150076,0.6188226224038044,0.1655401605499514,-0.5634690169803609,-0.5269136850638642,-0.5556646622111507,0.16765717575698713,-0.42927090391726286,-0.6756333461730886,0.615728684175251,0.00048278841345895647,0.270482168885562,-0.15888512305324073,-0.00015991527784105293,0.01360135985154358,0.5606389330706865,-0.4219144092673039,-0.25960251938303464,0.02033471440811555,-0.20017486334041615,-0.2491713487448485,0.027732327410902365,0.49643451037229547,0.2086646496197762,-0.9053565659508241,0.011276479001833813,-0.6612470938126748,-0.4591027956100494,-0.15113903630861694,0.15656206836537473,0.2934345601797867,0.3672422899272235,0.3278736521058939,0.5410184974708856,1.0193986878811017,1.0894107438364917,1.1047110149094572,-1.0259794216511975,0.32028575977753787,-1.3595119774425397,-0.48004679813730866,-0.17824477849559295,0.749356248185534,0.08122854788997276,-0.003597790751017113,-1.4488632622811737,-0.49050496145274025,-0.08863948895253405,-1.0973078841382697,-0.7826636542189458,0.5031436475469333,-1.1560901071837053,0.3718904080071839,0.42641985466597737,0.8982775588165457,-0.001594789237138125,-0.5865416542143898,-1.5251082117308978,-1.283743159877412,0.07590011376734199,-0.5880959246985911,0.8715684855703472,0.5371851621502509,0.39270331456509455,0.21221918540336776,1.2100354422607924
0.10442197786126958,0.31674994491415426,0.21940381868348735,0.29639214949826465,0.2790033866264643,0.22028100489189917,0.13998993016839809,0.040869283914814314,0.10496722114738091,-0.09033604814272152,-0.15981326582626787,0.13696990980302956,0.24284372313686897,-0.057618576181194626,-0.05877246102803318,0.08544909539157997,0.07645716101516377,-0.0696078903566529,0.00941928948226194,-0.1892145262301053,-0.17627840759345684,0.26485214501526627,0.16424774444622908,-0.01980286243301223,-0.14923722273156795,-0.009603967487694716,0.0939882939486666,0.020697021107893326,-0.12511424444916655,0.152924207512723,0.15353723665944305,0.27740527577860224,0.22720825551994284,0.07252174019225388,0.19221559546523292,-0.03407071183008745,0.09121654974117546,0.23131829261609124,0.23750661690761712,0.2309465933248662,0.13260539108794817,0.23108277402213104,0.30482470403968576,0.06547519074017967,0.15599032394129897,0.15970911133497603,0.20490107237039817,0.19681789061035157,0.18749094480886144,0.01979745910316714,0.16881589138421912,0.17868538912746657,-0.010708656012738177,0.09849327068554921,0.21601804365086438,0.16138812673140673,0.059694394021028434,0.08295165510980021,-0.19528245228195268,-0.07529777671902566,0.19685104439452467,0.23701514107823118,0.1638913387800379,0.0921955390781913,0.02225889182242815,0.0033678914249780758,0.00626887834900112,0.08449174124537884,-0.029936714933450567,-0.19641944908691497,-0.26130371715363576,0.33299474380956373,0.10231982507268124,-0.10854859785569058,-0.08897503009155316,-0.06036320834268839,-0.3055113024181743,0.01206221889004019,0.13040245987028543,0.2255252066379195,-0.019035841917917917,-0.16096049426992182,0.1407217377640991,0.10558162569630083,-0.17482864087918007,0.09520571044275541,0.0026525121313824658,-0.16784823954058903,-0.24199853517728975,-0.19399768850165816,0.1503969663539115,0.0444017302554715,0.012813988847902975,0.09710289875822081,-0.008870922981370898,-0.02990467163585194,0.049116642982345554,0.052018150302202255,0.13141557405387083,-0.2554988703033293
0.05562836956165964,0.9241823995482424,0.48447002786627463,0.7827519045550008,0.781279175894352,0.5122058688235215,0.2836931866026106,-0.3186761883403354,0.0810498763315656,1.0399802158681886,0.3131481433000329,0.8084482723008359,0.5733152647616697,-0.5044258272124477,-0.4106729548244368,0.18657875016630743,-0.15951388677589637,-0.6653348905059432,-0.449053721364122,-0.8249274658803525,-0.7308503038594069,0.4505247119259454,0.2130589734436657,0.5746755665859444,0.6575365529449305,-0.07672327202277131,-0.14080203025968255,-0.2125501793038983,-0.434356976627675,0.19354560798979478,0.21095002543529948,0.9868069272231774,0.44908899298813904,-0.215382752669503,0.4310675219933943,-0.42579070041080735,0.03501278704059139,0.6979170771293475,0.6723421476021655,0.6901659024520448,0.0163263575358333,0.5531765833946471,0.7870900404883395,-0.3781439775315859,0.16680048028261987,-0.045749152213043584,0.3420602533717199,0.2069586648696596,0.1917301950670847,-0.31844355870771157,0.5428835335687363,0.40385919566036843,0.03301476994069874,0.3111174924960142,0.4233157495715919,0.1707226630325367,-0.2905927979342154,-0.011659231576119162,0.6154396457049209,0.04092085832692257,0.742574038050751,0.6015342079516773,0.3357700148459916,0.045345835982661856,-0.12483908990488572,-0.19013488088338446,-0.1411161224849912,-0.29949500851832567,-0.8630788996945167,-1.0113727529951566,-1.03485083724029,0.947062474730377,-0.15920991349614697,1.0907918339765144,0.49276200635043044,0.18280980202457314,-0.6990233047102503,0.07253815161498751,0.13174056652418745,1.329913596457412,0.2821359078257256,0.0025843830197681385,0.9782482945944793,0.5808406606088672,-0.5067413415661871,0.8779941630600888,-0.16510017169839494,-0.4749259398256017,-0.8148774467267824,-0.09026437842138037,0.6709178120768586,1.3123694324928465,1.0386450177372626,0.08134832571646818,0.3933664146222413,-0.6546804260890017,-0.35081739735505335,-0.1778164075309213,5.879930335247917e-05,-0.98365437665098
0.056570108587606936,0.021215944905834044,0.05495084901938612,-0.02737766291253104,0.05326177679626018,0.058841618739143016,0.0881493206838137,0.0020797205148211854,0.09753627004445821,0.33916333012656547,0.2378677358139712,0.1913630778928004,0.04207169137048569,0.098028821856724,0.13134108273107498,0.07549145689826676,0.04433445242479532,-0.055748991679858625,0.012364206677907181,-0.014601472714326288,0.05183635045115204,-0.01343077069940395,0.02291295462772192,0.29824280681770826,0.1985342848959115,0.08372311246388342,0.030056635934236742,0.11106767633199814,0.20864353657875123,0.07768897199956763,0.025343025223292452,0.0862138759738802,0.04658416481139428,-0.04336019282606494,0.0448176692838802,0.0760327159418759,0.0953273784598768,0.09593415484585077,0.09137227525193838,0.09363270699289075,0.007372747699561664,0.02493102155247242,0.004342349620985103,0.005357151228871232,0.022154964765498542,-0.003924676345518697,0.038836197991811455,0.024523103257285205,0.03798106726080432,0.09755569285903226,0.09441185498687084,0.05842425096240199,0.0683145268655158,0.09873870193688468,0.050359555581948684,0.05511550055240722,0.011563776600149619,0.08466492995552366,0.20184869292784138,0.17058475037735144,0.11821472823888117,0.06848969505904419,0.10179929401439648,0.10181508957456058,0.09228344491772009,0.11406881936652653,0.11172409820946753,0.018970524258488816,-0.13905840154821594,-0.061054127648049725,0.01814933948875545,-0.18487999472728428,-0.04598133795994161,0.277369086117391,0.3180869672404387,0.14634439310668043,0.18856830218481468,0.16833936333244087,0.00043525487318524556,0.077461522024144,-0.1009534504879821,0.08887144920613341,0.0720523902111094,-0.13639825151578472,0.023404997973939433,-0.07931595858920565,0.14128641769127598,-0.014841271635773527,0.08714014740206592,0.10674039588524768,0.13865163889282034,0.2273777704864257,0.14009179221752996,0.05066195891955917,-0.03854232214536673,0.003962899492944955,-0.0005998933320827297,0.07202093827623321,0.040570257716231545,0.1886789953888136
0.10694256294384413,-0.6208672665357794,-0.2287815862009211,-0.5433131487880827,-0.4778124390823896,-0.2552581920028981,-0.06082268278795999,0.377581443728204,0.11874565445348943,-0.8247413465938463,-0.2378818086618831,-0.50920598473712,-0.3155590225521855,0.5675038316212292,0.496862411978004,-0.023443036156372374,0.29410820377967,0.5680294785924815,0.491221802105416,0.6433136079575571,0.6407742725058442,-0.21394383593861416,-0.02887452286704387,-0.28544421429677125,-0.618997984130013,0.1739566359971981,0.2701735606643143,0.3599851806560971,0.5376236217461364,0.03380602385940674,-0.03802251773096678,-0.6545010118582416,-0.19051202782688811,0.25673421788204515,-0.20727101092633382,0.47967736602457317,0.15072431295754407,-0.39708083757589435,-0.3706286293058397,-0.3933336036378546,0.12134240890046426,-0.313754378852624,-0.5054186893129725,0.46132312909098455,0.005105874870351876,0.1999938995065749,-0.10973829378928285,0.003646028356862175,0.01792036548416292,0.44281396968625913,-0.2916590454689071,-0.17961777301061813,0.03652430897221167,-0.12561157980902743,-0.1734377941823676,0.036547869766409564,0.3760931042947028,0.1810738273508854,-0.6271720630052096,0.0541805203037261,-0.46265134714134926,-0.32432632786577653,-0.08348243063079415,0.14581696830023633,0.246338448301152,0.30857395679491395,0.2751069225938802,0.41273549030095663,0.7303057300136535,0.7961105835130667,0.8297664222560892,-0.8199341621948937,0.22564194902725965,-0.935989550514473,-0.25656633759987113,-0.08185011791975662,0.6155210417071153,0.11700788936568136,-0.004150790856234735,-1.0728233686072,-0.390116042662047,-0.06612110291379027,-0.7918517070659438,-0.6244192743362089,0.383088156012836,-0.8826581536639522,0.32135219293245465,0.3188520540354528,0.6889538349167916,0.015798772142342356,-0.4012551590644318,-1.0834051892755308,-0.925110869625564,0.07068952546060843,-0.4421322143226641,0.6527373947232173,0.4074533038981727,0.3080744964262129,0.1652898232308777,0.9529631483571581
0.14683325104353953,0.050461152466871446,0.10011040419259672,0.09318598092396517,0.05905826955375196,0.0838567973668202,0.09009407583940657,0.20759485964737417,0.11255551004010828,-0.5725805106110979,-0.33955619489621197,-0.15991882686276193,0.08405806614392251,0.14427536352221046,0.08348588321830808,0.06769765685621963,0.1917165032995343,0.20815254658935436,0.21951041236629085,0.08712012316683211,0.08623561679581598,0.19328752871584404,0.1572301612536474,-0.22022810157786318,-0.4683755726864699,0.05239251726013852,0.1992969047728115,0.13422904347027179,0.007729496164844709,0.13910541801487145,0.13815287794192535,-0.02769599642098615,0.13048940555649888,0.21485170219753713,0.10116742164754204,0.13553734107340779,0.11695253102018643,0.02672308941502141,0.04197556524619871,0.027715459682140602,0.1899790616465954,0.09929612201031167,0.09909940920560559,0.2598643140090448,0.15401385692326675,0.24567617761987112,0.15063061898102736,0.18999899656195124,0.16838430936827276,0.1623675878257098,0.027692483243842526,0.08749887271490153,-0.00044747971760242765,0.008504845111096115,0.1240414861338821,0.14907564598423198,0.22194968316383668,0.12524838610261516,-0.5375403946598108,-0.12321579076650051,-0.06335811547628697,0.06078160199542283,0.08315297323023715,0.1087343979335136,0.0906712733616855,0.0690709092456964,0.09984158694096545,0.2472103821202504,0.34196978649082155,0.1790782684420055,0.08129805872640918,0.10366735216617555,0.23157880962397162,-0.5821601642175245,-0.3092165256070469,-0.1304429031698493,-0.12072393284527569,-0.0008500146214624951,0.13810547498558315,-0.23879410908558682,-0.10266158092664676,-0.17675594842667341,-0.2194309252242807,-0.07868070584795334,-0.006685683033492583,-0.22596093396193478,0.0857549072105668,-0.01496771756177047,0.01744223067358814,-0.19909078728191001,-0.06569326543811024,-0.49661445592009185,-0.44039809904765603,0.12379211935481832,-0.164993464509466,0.24734608849804363,0.20691705492651724,0.16108404491068717,0.1800887396394513,0.0698346056887891
0.11742090105296552,0.7240644962920189,0.4082150335564528,0.6476444789546629,0.616756667345423,0.42162047962555954,0.2542800357305327,-0.14985110747738595,0.10426894479430553,0.5303640934065798,0.09130551624874804,0.5327486805040781,0.4693588648680844,-0.32455498130813604,-0.2867005744434576,0.1764292435573405,-0.042626352389951466,-0.40172141823924973,-0.24313580479937397,-0.5713772559701668,-0.5131745106054273,0.4325393921027077,0.23386804358629845,0.323677681922882,0.29450239466808786,-0.04748926555231489,-0.01902325704683036,-0.11130503116079521,-0.3431910838118271,0.20106648462634816,0.22569405613600133,0.7283868624172328,0.39307418387893106,-0.060431728844407354,0.37690288277647627,-0.2605710935547516,0.07365191302947752,0.5389220444333567,0.5247410076737812,0.5349218787338409,0.10419726004612673,0.46365321103815316,0.6423527895508336,-0.17034464664786628,0.19569205393652037,0.0752980868374937,0.32639176499157657,0.2426804581548819,0.21866086518241354,-0.1707423977423112,0.42699379725252984,0.3463792981641641,0.026259955971390688,0.24180901159912427,0.37421652613057704,0.19091318857938616,-0.12195456004261226,0.041599750396643154,0.2294999403332362,-0.027086988921518583,0.5270091764323032,0.47708071234904653,0.2846483680711043,0.07765437585978752,-0.058135344602766835,-0.12265049389204956,-0.060699103188312085,-0.1218254188101051,-0.5017382672713223,-0.6778249089125693,-0.7442534661095369,0.7814238839301149,-0.011432246454095317,0.5612932102604452,0.21159885029315378,0.06817852533189284,-0.5918490548502863,0.03905219492368373,0.16588174018613988,0.9151356120015088,0.1741308430499419,-0.04152187375500353,0.6307480827740388,0.416880443231438,-0.3831672355288054,0.5675620914986187,-0.09707343099251907,-0.36547449101995966,-0.6023190207092205,-0.14028853863741825,0.47578247297952186,0.7737619909855554,0.5899515758752161,0.11812232209302412,0.22157496326353432,-0.3846904991287797,-0.18147285922065393,-0.05817862576206228,0.0823658173788825,-0.7170501493498918
0.04865128309316422,0.29843112561388596,0.19372420074634691,0.19613521129419673,0.285933757370087,0.21003010150015233,0.16285448596766755,-0.12383467359484189,0.11373573900225604,0.7422608210366733,0.38085383228512476,0.4684957022381112,0.21411483931316425,-0.07107522560188384,0.008536817417285016,0.1178135745105978,-0.030726503605528185,-0.29259152678758577,-0.1546089552332088,-0.2742431077354631,-0.18440597848666948,0.09414174550192442,0.0634366947560091,0.4944023494725792,0.4586365773540262,0.04539774030550738,-0.038962118879999494,0.029524423722156946,0.0867057387046576,0.1206756976922686,0.06970966455971471,0.39179719971122845,0.16684957775683587,-0.14414752777452328,0.15884891669631845,-0.06666360729859977,0.0933059317865908,0.3092037169524435,0.2958729431902952,0.3049024727107976,-0.01572898634215113,0.17851096640264316,0.2289369750484886,-0.14374583126412496,0.052508824784896185,-0.04875252175395689,0.12146530240613253,0.06383397704898756,0.08261334446113026,-0.01569917377357783,0.25261425339095295,0.17111062937742222,0.07374092125955847,0.19925674354833267,0.16573691116650785,0.0936534504137525,-0.10774292675565815,0.06938135720487369,0.4656553804615849,0.20850225414422466,0.36667202807644295,0.2536856557590704,0.20054953681969517,0.10897348029970662,0.047181258493047745,0.06283895961254071,0.05026751068524722,-0.10035508706382479,-0.4539549377324856,-0.4003596993638535,-0.30424138510718934,0.06858625781226137,-0.13082306758177323,0.6797310955989504,0.5123699644645331,0.21262243388602184,-0.0020948865488225445,0.19487294848427128,0.02105443577811324,0.5115510464755582,-0.024551561041456237,0.09561394172049469,0.39968149067440223,0.03608082903990646,-0.13476866582042052,0.20653321504387206,0.08061719840028297,-0.16229256180174823,-0.16092525112461786,0.092830575685376,0.3524533181560348,0.6975294157467268,0.523462932928462,0.0536675461602215,0.09578478691916247,-0.2283572447917971,-0.12508660236822716,-0.0032154564612747096,0.02258415232576099,-0.11634365779193866
0.052001588961451295,-0.3723470899616862,-0.11749529526316803,-0.3836201136425128,-0.2640415833487371,-0.12614155994803658,0.0009157189565310212,0.1859665079948262,0.12262371626797473,-0.1542360417943619,0.07160780260460178,-0.13510418953080025,-0.1730885204561241,0.3847072260943487,0.3898574253233932,0.009656553615040888,0.174358187310039,0.24693932564058638,0.25826492677118346,0.34269113150583247,0.3964982841115826,-0.1871858028753697,-0.04123642118533732,0.07523939847629589,-0.15729384350445705,0.16029372671926315,0.1418007169074467,0.27335540802767655,0.4853399433490519,0.05162398060260515,-0.042494094750993014,-0.3230915016988728,-0.1049177292391206,0.06957368870129682,-0.1273177618427255,0.3097755942729318,0.1360687702226623,-0.18017346137415008,-0.16765967362554562,-0.18119184356640178,0.026674290871281342,-0.19510783983964347,-0.326479843546908,0.22727654172610276,-0.015955324638866675,0.06693853822846119,-0.07426204952674516,-0.023273928256455807,0.006287572218422562,0.3003116309233435,-0.12863511158634455,-0.09103900271996053,0.060300635972308426,-0.015050785022353404,-0.09531317250332161,0.03520606298294895,0.18770946415081927,0.14575682492398842,-0.13868464004180908,0.17573149014889897,-0.17320064066641636,-0.15155938517376794,0.00988366652345605,0.14052559616981639,0.19586498267200406,0.2650260179221917,0.2099584819369036,0.2177878348749457,0.27716493993107205,0.38740549388626994,0.49129182692035356,-0.6683247483049932,0.046347750560776,-0.2628676551879637,0.1439422495112581,0.08494100290297535,0.5302568639455868,0.2005970364748885,-0.037385826165819126,-0.5684915456910278,-0.2995505908703204,-0.006298195610403057,-0.3684615163943989,-0.47037330475740624,0.23961958165634978,-0.5450785850572945,0.28057119013087717,0.18269123912646712,0.45848167607107854,0.08871235794582151,-0.1361366014005072,-0.404253887485896,-0.3716609778133264,0.04513767439588508,-0.2550298551463987,0.3431904141253173,0.2196745208605302,0.1905420718465142,0.08732496552045368,0.6854818591535989
0.1517537885505528,-0.1841370345662527,-0.008506031664473009,-0.11708988530299468,-0.1286652853645752,-0.03248933678203403,0.04244283641388172,0.3007485374853689,0.12020445632869525,-0.7901254215264873,-0.3837227269301903,-0.3290440911704999,-0.053263592464726464,0.30678019676325463,0.22377542473078482,0.042502376983721654,0.2570024519773093,0.37496852623566584,0.34998897095125914,0.29327686670420794,0.2903986787203888,0.08309137479443301,0.1159427852041453,-0.2990570031879761,-0.6138873913341232,0.10568680906298529,0.2540135857873609,0.22772475294630173,0.17529769235930845,0.11684858836838216,0.09611121400340764,-0.25845995440773434,0.03595079874273728,0.27124154138808504,0.00619657411280822,0.2694091736307346,0.14203320723745402,-0.13009367083086582,-0.10832821489927526,-0.12832942379177387,0.19712302283101324,-0.031352894719780304,-0.09823491848310456,0.3731474341122065,0.12460160980840192,0.268376983034955,0.08147307842715072,0.15143352859778347,0.13322421827767886,0.2783334821022608,-0.0874477588731043,2.688391844382003e-05,0.006911655751489081,-0.05444465879301953,0.031714490151618646,0.12391463620496421,0.31150650845743705,0.15365059586555116,-0.6774089403849063,-0.10164157279313626,-0.2330222067739972,-0.07737339809792448,0.024789676460754105,0.1252792572840327,0.14852017561597114,0.14381534929927187,0.17113980031677029,0.33985081014524643,0.5492178548131622,0.4323701641546031,0.3505574419422126,-0.1807881624935151,0.2704748269330803,-0.8179482957111509,-0.3686325667645119,-0.13709530527368138,0.09918783696544722,0.02564739325959244,0.11003714258094588,-0.5816634893668681,-0.20032667232676601,-0.1717702191609883,-0.4621487513295116,-0.2659849443605745,0.12843488639303374,-0.48094930535801883,0.1760866537878331,0.1043966504339962,0.24684736297399115,-0.15718259033938287,-0.20632340035992444,-0.8073223436607312,-0.7023840558555583,0.12651678401818883,-0.28003069066033826,0.43099179124576986,0.3072401436877237,0.23100441884714848,0.19466219048594915,0.3784398663402955
0.20645292038638197,0.45100291157703537,0.300371905961554,0.478933863321365,0.386248096692696,0.29005076345083397,0.20582644823881213,0.10106525653115435,0.12325300528854198,-0.2939496841144292,-0.2932057492972648,0.09822590108308858,0.32167609541060027,-0.08677236089623308,-0.14412421128708033,0.15827415642322834,0.12965921542896486,-0.008025727494968103,0.0575327981639036,-0.22066963389540017,-0.21720895876269472,0.43173641180042893,0.2752904076107297,-0.08866856187440492,-0.2822389961636787,-0.009707315127181496,0.1590261579040446,0.01815135130902178,-0.2665438618172675,0.2088779969039836,0.2548818092130509,0.35747222394347244,0.32031794355096505,0.18419278021107968,0.30529477981338465,-0.04295491038968477,0.11663101106621586,0.3030529001051314,0.30577921838109795,0.3036893172414568,0.2408157444012345,0.3480150030690553,0.4555201909017073,0.1356233102071968,0.2448995735766334,0.2627856448806324,0.3125006322877652,0.3027033445450433,0.2569881013136998,0.021443337179556776,0.25624570524086887,0.2642162264689786,0.008635442357229933,0.12379150626096727,0.30700850657023976,0.21736678736120008,0.12794632063535616,0.10629974019947726,-0.3917618582382511,-0.17154043528066032,0.1943097531419112,0.2931153034709511,0.1982709054461088,0.1068392710450132,0.02030295153073283,-0.05738317591990919,0.040138225774617856,0.13783028585306595,0.05712237909283059,-0.18980997771493177,-0.34773890111931216,0.6185584803142871,0.224893537009402,-0.2621791020662829,-0.2605120267229531,-0.1211765429956432,-0.49929909828297414,-0.03964226978684121,0.22636688120867574,0.31205997477070185,0.054945573467958884,-0.129755508486689,0.12422499916238999,0.22313302400623072,-0.21726919472637204,0.14898471251380246,-0.023994540405451653,-0.2101555331422381,-0.3326246735448973,-0.24323094763134412,0.17637493333964244,-0.05576567294628495,-0.09730288538400701,0.17357625228066295,-0.012319392947892475,0.005651393213341513,0.06374097914957261,0.10412772414674727,0.1981937245164895,-0.38942774321294527
0.11505922582467513,0.49974752858152904,0.3095394873392166,0.4196821707956374,0.445842444787186,0.32110209658346833,0.22999719876136276,-0.09715798547946533,0.1363770392569833,0.5975839816594949,0.2394373393235614,0.4853951398245752,0.34434581013678556,-0.14838509515168896,-0.09306921265448405,0.16823699457852404,-0.002067822181321797,-0.3013949029164706,-0.1533501532534323,-0.37619500384111465,-0.2977955611436204,0.27382909705287667,0.16884218287646752,0.41844380947750964,0.34496674172001734,0.015884051656696513,0.002051721623809974,-0.00473066417431593,-0.08694340745270661,0.18264293970224654,0.16638153462610622,0.5359877532662598,0.28286198056185113,-0.07176331961254862,0.2755552985976885,-0.12083737689155091,0.10320165619989814,0.4225701995949613,0.4081104942106013,0.4186599975897888,0.06757194763225678,0.32202434695442894,0.4258500350581327,-0.11561976447254682,0.14053070718233904,0.042912303314990546,0.23430550682640822,0.1724422671064037,0.17089383048502996,-0.055288260446352544,0.34792499189707815,0.2724983933422851,0.07319998121687929,0.24296669878756305,0.2814211395810048,0.16451894347737595,-0.07471291846170486,0.08761285060625891,0.30616912061130686,0.11014636229820896,0.43548005432839393,0.36521549507667816,0.2586850541667395,0.12439603451982702,0.029322140832763823,0.008938256730590769,0.033063139870418166,-0.06696367288722797,-0.4298620462791545,-0.4868106040082062,-0.4656318125538074,0.3940992510137342,-0.03638560928674065,0.5664893347090636,0.36389386278420954,0.13757613689069056,-0.2541256292812448,0.1413750187019387,0.11231433020365786,0.6727887557535028,0.043756779136434214,0.042839183405605746,0.4681417154784567,0.18567620234059887,-0.2298859909992345,0.32507837932286854,0.016878003278112043,-0.24604337264309975,-0.3329690850489975,-0.024364775079381257,0.4065569976769892,0.6797591624554629,0.5035510805078265,0.10403032835435504,0.12461752352996766,-0.2563507257328724,-0.11717315296372939,0.00909861926455447,0.08416773583933677,-0.3584121758168361
0.0042893002549029445,-0.029195009426989216,0.04284917411912951,-0.1422841294278391,0.029020986498416907,0.05561701992206373,0.09433371477802467,-0.0400594851500074,0.1370205782003956,0.6548896361819649,0.44090974204380395,0.33047090960177694,0.028327297293686424,0.15305579591763258,0.24944240205336884,0.06469936654920855,0.0328740739690389,-0.14280532533074122,-0.023327135373083778,-0.031903974949670566,0.08594157361838904,-0.12083865227445664,-0.03420490404641672,0.5114790404961959,0.3974855855077315,0.13530860804782502,-0.005191624754099727,0.16402888539936641,0.39748393938960525,0.08666877957350543,-0.02674505009931626,0.1065711807363722,0.01869460516978502,-0.1446459733205524,-0.004930395463371634,0.10006442665329413,0.12075543234542636,0.10950357029647777,0.10397688085183159,0.1036579112650922,-0.07156698566435,-0.022839586968122213,-0.0723585764918309,-0.052079672941808104,-0.023908070137167843,-0.07760893090524049,-0.010121350384144679,-0.03432928049039919,0.011981045897229776,0.12312045531919107,0.0928957773764185,0.04079006021709358,0.09626011609807843,0.14003449640770757,0.0245915540229627,0.05039319477759926,-0.03337681247005556,0.1121511740480803,0.44006225595930687,0.31800563930729553,0.1981981141604762,0.08300961063602595,0.13909150549920354,0.14385752431247478,0.1380597558636087,0.21252224403272382,0.13392276830503264,-0.011446392580550854,-0.2764956692045336,-0.12342162973234494,0.05970433874773633,-0.4294465780674983,-0.15208873727146272,0.5447485071132276,0.6146436657492684,0.2745527756099733,0.39327927531586127,0.2975599029531083,-0.057843341598423755,0.08643065286005348,-0.18228705347380086,0.07424741378523812,0.15979472066723371,-0.2586865621018285,0.05449563744035953,-0.11778404548395975,0.21897432047000648,0.0030131112667015755,0.1570911614455114,0.16392609485568566,0.20075860053468705,0.43207652628602533,0.308956626668691,0.024639785826656917,-0.025648257139490583,-0.037553316957966154,-0.0066068239898092315,0.05659153179550708,0.00931831390990415,0.3220122933353415
0.05627944320894773,-0.2685486798484955,-0.06383980245947905,-0.28730903780519307,-0.17898779293982392,-0.07143555668556231,0.02011409042671366,0.16780665134041742,0.12084539684175137,-0.1899697731044285,-0.007939154299693094,-0.09910390909617729,-0.10842077465565263,0.3171159802513171,0.3137498291623501,0.018455494916777386,0.17051848060062427,0.19594320104379143,0.2251501985249899,0.24115962426417709,0.29436905882341335,-0.1069024878056085,-0.004353365407313127,0.042741828798448185,-0.1952191417149564,0.1490172371442389,0.1458167282225784,0.24469721566756564,0.39234673070404097,0.07587991450607263,-0.008756449079638115,-0.21813091273645965,-0.03554446980685429,0.07785281934877752,-0.07260303162223987,0.25635793982100746,0.14673308679212246,-0.11700060959674477,-0.10207123021329965,-0.11859373062589913,0.053109009629089036,-0.12099450432253034,-0.22031910120530446,0.21727633115062445,0.020494463478651036,0.09434699677829282,-0.016976067136056885,0.02153322700299877,0.03987132858670518,0.2687947619242846,-0.08643863387870217,-0.051840003000153095,0.03316539613926819,-0.020166363853520476,-0.04318128278812166,0.05845104111152073,0.17531500380340154,0.1342622856811458,-0.1908453633326787,0.11415962450407716,-0.12168498505782505,-0.08877949329000359,0.03616600349884421,0.13057587411840352,0.16330769735092035,0.21157209420160925,0.17709024753685573,0.2028690884562754,0.24490694594659043,0.29014723532058956,0.35131183983300296,-0.5091795931436873,0.05523174514017933,-0.26931958901413044,0.08428945513742785,0.06984174539801374,0.37702280558302986,0.1703666133329881,-0.00886900955794147,-0.474212075039425,-0.25843424842125334,-0.07412912610495576,-0.2913559421132843,-0.3842355845563698,0.16038752224229746,-0.4511128957084745,0.2583100144414067,0.1199942440049248,0.332629729826985,0.02917033236773618,-0.09311483709313227,-0.369965662688114,-0.34830117023630874,0.06770944054133596,-0.2192762463954819,0.2962707057904835,0.20332072224026565,0.16832829808169586,0.09366092087493974,0.5455114328885331
0.21966336220614419,0.10297603665862005,0.13896573973623796,0.18500181863802798,0.10207996522594809,0.114757389033795,0.12049959131089234,0.2635911333731255,0.12269470142142042,-0.8003451657290015,-0.4858567081315055,-0.22689980839853285,0.12114126208177739,0.14531500744199097,0.03477744730256489,0.10560166068350153,0.24058937392618088,0.2796747756400453,0.2773742868578558,0.09974967814763079,0.07326217918436805,0.3013551404545348,0.22802862421180115,-0.3420855163999188,-0.6357442913380184,0.043754928823216646,0.2629002108841283,0.14303742680497833,-0.0783278894152537,0.1742696313617564,0.20559221769104175,-0.011891934351203526,0.19193550109624588,0.30880640530166176,0.16796225780786883,0.15653400584662328,0.15149008233595132,0.05090295339083342,0.06828083968517802,0.05376662361839984,0.28320822267101503,0.15997256354966985,0.1775153320252268,0.34451527976345325,0.21975916621953723,0.33790152055612993,0.22609175570419446,0.2720469658159107,0.22559114413123574,0.19989910366875815,0.06075776370194611,0.12905081158180745,-0.013381069585069872,-0.0032730209719232205,0.1753998950245462,0.18796142490577386,0.2868076000795527,0.1401286781012285,-0.7414935837194222,-0.21056931057019324,-0.09539750472146655,0.0818951881760711,0.09686224627924883,0.11833124646793519,0.08952487198573161,0.027597192689807384,0.1248773726159736,0.3065456016265591,0.4485651977136971,0.22127280543559752,0.04699674823550542,0.2513255831670248,0.3230876610515182,-0.7896492944824031,-0.5015673848487887,-0.20288321839273143,-0.2567919947205955,-0.05566973294508423,0.20212159279542086,-0.2599621572650811,-0.09527337411780974,-0.1783721992249081,-0.2990165768427996,-0.03997294804815412,-0.03924095472485112,-0.2512283355981536,0.0888600907501495,-0.04294382547113404,-0.016735790216243978,-0.24112774109894758,-0.07822818210135679,-0.6576567578215657,-0.595267426236067,0.18035769845348276,-0.21034548959227245,0.3149516328939401,0.24217900768678285,0.21355215447705728,0.23953878959274516,0.03569218059087479
0.26431805871784003,0.48005654065187997,0.3334769816149227,0.5288980866425541,0.41193686269078383,0.3168009554125962,0.24722834750843833,0.15469093872574657,0.15792231007339433,-0.36433229177175736,-0.30747022353508185,0.08070451186799672,0.34937789060705354,-0.04447707163520102,-0.1140224588024343,0.19896215568288242,0.17686681329294213,0.05051292633379908,0.11343751911964114,-0.17946469887933325,-0.17402278479570998,0.48182337242555057,0.32234827239416197,-0.08779173814901499,-0.3342692381898619,0.002262560711938067,0.20175497608330695,0.050751451554274706,-0.2603012492180147,0.24497014265316108,0.29824083432298976,0.3536934811637811,0.3430896636303256,0.23837088339012488,0.3389929817952957,-0.004034239144706092,0.13663112953480583,0.32414450010598844,0.3237220577883602,0.32466415579957525,0.2864672834017629,0.3772725806122,0.48387526219088894,0.18841884661949485,0.2805792649891494,0.31478585240324103,0.34595087820797477,0.3458216928707515,0.29607994572264223,0.054397961561382394,0.29027174223107743,0.3034517948175547,0.04425324390522164,0.1647889643327291,0.343021533873707,0.2559147128372625,0.18239444169603444,0.14747352275192802,-0.46586833258804977,-0.16577968339399232,0.19060483994177121,0.31149794073442666,0.22624429714771616,0.14559546730777456,0.05898456547376845,-0.024777834504519425,0.08626722307009525,0.19642150212021522,0.12064182335833146,-0.13808477742518038,-0.3048727033375048,0.658535890126188,0.29015407300923723,-0.3416477534622418,-0.28678419224086865,-0.14291432331902784,-0.4982487979959299,-0.02373952764884473,0.268423469498372,0.3063239278352113,0.038423303220250754,-0.09891634587145509,0.07583908422384147,0.20942045459405856,-0.19781158542273702,0.10333382814967765,-0.013583860338279964,-0.2016239010016121,-0.30462354851345325,-0.25891244785653933,0.1792078419945111,-0.1205849447250365,-0.1605367153310937,0.20304249869098678,-0.045997620238028385,0.05896542389933804,0.1030649589844007,0.15616666396088705,0.24925417689648244,-0.37201237389838315
0.11444730954981129,0.3244796972833831,0.24213263262497503,0.2415115311952857,0.3113254670973658,0.24867158624587274,0.2196804791462434,-0.014730751809186659,0.17955208857511545,0.5459944381152273,0.2969807759823738,0.41079154006712915,0.251160475202703,0.017033949280538398,0.08725105586122393,0.16288608133580362,0.06375930244959097,-0.1868658892404024,-0.04609433710055091,-0.21619141968821995,-0.10202416899862621,0.16620445019375082,0.13727106149693666,0.4795133220059869,0.3136616206026131,0.09541977607209332,0.042763616159521456,0.10463962671516322,0.12770698609037898,0.18872023111721153,0.13025712718002003,0.3739782621623743,0.2038649656563172,-0.05022021702835956,0.19428704986371598,-0.0009127150121412627,0.12823383596671645,0.31861696540218093,0.3062614263523544,0.3133251698644593,0.04526735879660312,0.2217569020034145,0.2594728859681481,-0.0420062792100315,0.11142960713647404,0.0449163582858804,0.1683079865597548,0.1295921633374746,0.14464784781088347,0.03730102858557275,0.2765037277672918,0.2206364082276277,0.12371944428427727,0.245279679515272,0.21907327202498145,0.16292863074653366,0.0002779776597393458,0.14573064804912525,0.2788200227543037,0.1995604591844622,0.34389453551053123,0.2783038887113643,0.2455804045152579,0.17521587242279282,0.11558278629655544,0.13448675014033315,0.11500611080871699,0.016547788414245347,-0.300515983391852,-0.2983746217481934,-0.2143095910658411,0.1114204919723874,-0.016133198786442673,0.4866405783809523,0.46692199920790317,0.19259697595155068,0.015330354478557342,0.2382263563055469,0.08822538845684474,0.42886113548155186,-0.04631252292933142,0.038789085121035995,0.3308460451159256,0.005985392874360841,-0.08893408372525383,0.11807236458045343,0.1085301033808256,-0.1318370785679763,-0.12537506613713076,0.008535030395494797,0.32524833661697133,0.515367886950922,0.3672325547037237,0.10519718819681459,0.05310332383284923,-0.12156680528491723,-0.021748456454714817,0.06912988977272555,0.09761753070560639,-0.09154462439748547
-0.02806454804444738,-0.08944989077974866,0.014785432022759563,-0.2293963111402994,-0.011561005790142768,0.031588132166846604,0.08109057858827293,-0.05163763470183435,0.14573926036148538,0.7432352199789314,0.4994237897450963,0.36119976774512585,-0.004547956218390669,0.18779906881895278,0.30329088371985546,0.04996915322254955,0.030159090489147715,-0.16477543477388404,-0.02919008421338835,-0.028029931088081016,0.11423738752842244,-0.18134737988636446,-0.06683796205296705,0.5850278358537573,0.4561807676706669,0.17337071510487687,-0.013517964839159551,0.19734157077903147,0.4951673493741922,0.0829754353569046,-0.05804418784198125,0.09219168634143243,-0.002009238439270381,-0.1812880971986115,-0.037806455930830714,0.1200521418762887,0.13911878589797905,0.08684189652791213,0.08430387090021894,0.08054226440800867,-0.10574768119982536,-0.057630031357804326,-0.1300771231181093,-0.06317840281829849,-0.047001812575632004,-0.10932468636807718,-0.03828348221943353,-0.0671347093016597,-0.012695375157383658,0.14606851122976344,0.06875939710671673,0.012524070749702073,0.09533803275767816,0.12716415671976558,-0.004333390850184117,0.03625095891810004,-0.0447517970146673,0.11664134709141176,0.5100371440759552,0.36588205104624527,0.2004762077075993,0.06438962285817278,0.13950760497002446,0.1517527191694768,0.1521773699589109,0.24492599742353766,0.14551224650355205,-0.024658304726414927,-0.3092594913693628,-0.12549607781596234,0.09283063552546351,-0.5621252721286714,-0.1999123483590069,0.6266473314761422,0.71929456638156,0.34256537590192127,0.49513789631315297,0.34892646229154123,-0.08825805715700813,0.03478162730548261,-0.2114545179468369,0.04789015293765619,0.17973048241217135,-0.3190743988814112,0.08246055136904937,-0.15407702380877866,0.2709077323923349,0.023990608097222373,0.2022684240422904,0.1961189681728966,0.20373328678518673,0.4689953730176239,0.33452789713566516,0.023715063533373045,-0.02253246653634905,-0.03466042392503894,-0.0009011676572301075,0.049289555098146275,-0.01636946928550678,0.41431016172375096
0.04554047070333701,-0.15502516564166113,-0.016399127599374265,-0.19599247769491457,-0.0828541117366077,-0.01728990494952426,0.03310663557868198,0.08514269931499296,0.1019312569431256,-0.029361260209421293,0.019947308065217696,0.01957410308863774,-0.042788090831562715,0.21150926309490645,0.21043958356699718,0.025993480898280342,0.12019377968619677,0.07144097660331111,0.1299783701475915,0.10478773757296062,0.14812314952467878,-0.05742910150207734,0.002292064957498419,0.07702285551752927,-0.09890305937037289,0.11344695869195834,0.10799882182344026,0.18711245417396832,0.3013511561820482,0.07886056108800645,0.0053340863099742035,-0.07431081546583874,0.02793106208509083,0.026858173377075446,-0.018517713953586725,0.1788013248851821,0.15590935271206102,-0.025114791447455143,-0.011681416471405444,-0.02704974458037471,0.05375942089554665,-0.056537526247216405,-0.11509590634258524,0.14829441660021014,0.03283663737203881,0.07141174527494097,0.028504256390413898,0.041360338288080264,0.05396841484166403,0.224403504194528,-0.02377172156675988,-0.01687707237866812,-0.003729344764192506,-0.017252743010321273,-0.002290193577188138,0.05763091120268905,0.10133082619860677,0.09700491326108214,-0.08477536329013692,0.09617304078201915,-0.02096444412699249,-0.015107837140038103,0.06346923858898262,0.10702212506342038,0.11137752465223806,0.13888807664506642,0.13133711796240688,0.12446485686453766,0.08583236784035536,0.11337015234942872,0.15382627355439546,-0.387856904026723,-0.006111468262491178,-0.10083813214581604,0.10831188133212215,0.08462877589208787,0.23488626309810462,0.14367459881377584,-0.010331894291992253,-0.2859424249224961,-0.22899922220039728,-0.06786872053627328,-0.16060118797023407,-0.3008428814006649,0.05173553840445803,-0.31446810946784715,0.23938794885480344,0.029102282064427012,0.1991857363567867,0.04349244178610378,0.004634797962466442,-0.16500777657573132,-0.19105769973519063,0.07125972974858487,-0.16860257379579058,0.1834875975855401,0.12346089752265449,0.12423575710328187,0.07373419002374626,0.4141427079465666
0.25638305434303765,0.1989385472970195,0.19249143424935306,0.28798811095887766,0.1801550805683667,0.1658604729497224,0.153835876440365,0.2507770753535296,0.12775119012212371,-0.7842890717982592,-0.5011573789967756,-0.18199387171143164,0.18310199690860873,0.10055756381697721,-0.02322513925956546,0.13616975925400757,0.24437032672834233,0.25054491326919653,0.259908780319777,0.04682778155459035,0.006413299999723876,0.37372296934764004,0.26572493852000195,-0.35523308498966333,-0.6397312462455178,0.01577656509720344,0.26724208286971524,0.11811782670402472,-0.15827609182710933,0.19715688273758183,0.2452092776873509,0.06631414107222407,0.2468863832485433,0.3219738115069154,0.2230355760561699,0.1289527963914406,0.16276923658751788,0.12038539589751662,0.13361604094397797,0.12169576841554226,0.32106116709438876,0.21813649649916966,0.2674161120750262,0.34116962263262773,0.25187138428605005,0.3657498456265222,0.27868723667277423,0.3175736990621795,0.26496208869256765,0.18951857076150042,0.12159766637437082,0.1781408919784691,-0.01527428260148105,0.022873570573303026,0.2258838028001944,0.21390421101256812,0.2788808532269608,0.1400123799926003,-0.7493407545599857,-0.23374243875031878,-0.04334909101298531,0.13798894718605229,0.1266704916193369,0.12397958751242096,0.07797567507520625,-0.005616736677672789,0.12060493392656978,0.3037063963706425,0.4104546729319488,0.15426075628995678,-0.0493503674452844,0.3762301588206347,0.33903109551903227,-0.7730441892190666,-0.5411228482128068,-0.2366385421139442,-0.3707882837416431,-0.07977285876860944,0.23024621679598198,-0.1496480996118285,-0.09077400118497189,-0.15150533560451274,-0.2746930661500547,0.005772577873545387,-0.10574220856437998,-0.19645563881257283,0.06943830035998493,-0.09668013572925717,-0.08790767090197861,-0.2559285310050113,-0.02312594067254938,-0.5982726818627884,-0.5563740818213395,0.19313964010851695,-0.20968294907557658,0.28370716095839565,0.21937705948035277,0.22059961055983393,0.26849296901463116,-0.05089398528629414
0.32863272600449767,0.4627777721578553,0.3523877727194412,0.5417147718426497,0.39891101184111727,0.3249859230770951,0.28638464264159674,0.26235833241065554,0.20813724221267685,-0.5663396493322546,-0.37628355676008945,-0.00580624349651944,0.35363876924591625,0.05267051221343526,-0.03320527389317192,0.23675565179329494,0.2631179334288863,0.1773638477648064,0.22725028585649393,-0.08285543565743708,-0.06415851848854852,0.5252474382651865,0.37824111563666624,-0.11988122694846051,-0.4740665796670203,0.04375505330106558,0.2756120472300834,0.12056846095768668,-0.2136328854540282,0.29155331969746373,0.3432989282798493,0.2893198203498202,0.3498097004534144,0.3319693499299302,0.3535415777826319,0.0726790252066264,0.1605192782361806,0.3022956176052178,0.30155235727961044,0.3023339134670012,0.34147046700994677,0.38839992460090916,0.4751239044614969,0.2902615144157446,0.32209889297760497,0.3950838299526062,0.3702698419908273,0.39218197836026336,0.3381274835184845,0.11241785884535985,0.2939121271329622,0.33092434065067433,0.09383756218175855,0.19731949298164833,0.3691877189161707,0.305123384349331,0.287359213388325,0.21266928506952318,-0.6402782104999415,-0.17007207427717685,0.1344599717467839,0.3014608294010757,0.2468608108060181,0.1994127790818097,0.12432255877287392,0.04199519847086546,0.15449406612921224,0.3074745221086155,0.2878978316066096,0.0021495819714011308,-0.1748131893461425,0.6621324308274974,0.3998710811364177,-0.5443110753210832,-0.3475997076364878,-0.1726417970192576,-0.4486978747867047,0.006100273796707581,0.32100803185976695,0.19063448433810223,0.011696990801218998,-0.11239405710663201,-0.0367349283137364,0.16152844341080794,-0.13168321152787735,-0.009433370931590395,0.011924514013043334,-0.1510225722094566,-0.2284378753004752,-0.3109766985813579,0.12883015008342946,-0.32438227641882605,-0.3342494540698866,0.2425006656547458,-0.10256209127119019,0.1788665634689123,0.19794072939148213,0.23116351356754725,0.31605193690621347,-0.30450119617973787
0.15743524081272078,0.28155321001474265,0.24661031391316626,0.21865224356248916,0.2810053863723073,0.2462390683246141,0.24901385285112054,0.09546108949608836,0.2322253381259329,0.3435116105341776,0.22430403598701135,0.3209576502247854,0.23887626061553976,0.12495714071829504,0.18719159890834072,0.18868902819365604,0.14470900490826885,-0.0633136966116202,0.06602258449667216,-0.12434513409695092,0.018010478812783167,0.1919819055239064,0.1855022936730455,0.4713714853995326,0.18353918169108208,0.16322847210341834,0.12009898501350935,0.19032381309722018,0.21217476019650855,0.2339512303322119,0.16554969787313023,0.30715361528608304,0.20355812057680436,0.03610679534409886,0.1996593608053591,0.08087039000354285,0.15783990182361965,0.27840773568642907,0.27028146827318017,0.2750751148716232,0.08499217769662361,0.2288605991945497,0.23176048167629165,0.059281629564353955,0.1496566383696915,0.1156978863474671,0.18230637608391473,0.16386862417941842,0.1723850204637434,0.09671985725849233,0.25990098410495643,0.23296715202099477,0.1673418787004184,0.26262724098987705,0.2340598028699682,0.20513247063655235,0.10831734321831352,0.21181998194571935,0.10270049663043468,0.19813775963971644,0.2786607409798542,0.2580781928564233,0.26290562116337385,0.22768148200945604,0.181304032500013,0.20964837074461384,0.18259625081071834,0.12028195798052119,-0.13246151877945914,-0.15538077606399817,-0.0726679963623969,0.08289358147098633,0.083083847854058,0.29337608182244185,0.43317975571389106,0.20289933257138074,0.09916079361705424,0.2861600669782931,0.13794602880709878,0.28100014173707705,-0.05524279616617648,-0.015065688676093264,0.2516014307255607,-0.037510380494484706,0.003037831317821606,0.003938074937829198,0.15141324754258503,-0.06773384560565734,-0.04405639008281414,-0.04253588374135909,0.26152847347452146,0.3014311048256819,0.18497616644301484,0.1581556450077101,0.015918136816237546,0.0023608393611964018,0.08337125783116996,0.13575114179696102,0.14437815437760396,-0.0068583053690137764
-0.037909516494043866,-0.079032809035681,0.02124544912142147,-0.23411706434793564,0.002836854651119315,0.041206902950660984,0.08571710642803443,-0.06843931630493506,0.1503889313566957,0.8011148329271124,0.5176400177290367,0.4021362387901449,0.0034864725569302467,0.1799531456408021,0.30103533249105663,0.05202513348940862,0.02325286239581109,-0.19905201265940106,-0.04828191580938894,-0.06295516443229003,0.08977729334789887,-0.1812370818994139,-0.06810618330712102,0.6266365417207311,0.49338243104860163,0.1887223599937287,-0.015712062594995472,0.20459257960150481,0.5153330374438112,0.09007610225861051,-0.05778794760426015,0.13145398289896867,0.015338756663601126,-0.19922948047241099,-0.027808873572837452,0.1136838748032046,0.15763453555531878,0.10501029176128253,0.10426426166687808,0.09932211229123881,-0.11105726932425532,-0.043820763437858117,-0.11758729986638675,-0.07443906980047915,-0.04289632396003981,-0.11774676575903442,-0.028928163757694348,-0.06593574553490175,-0.012965758474542538,0.1500905839535638,0.07926043070477934,0.016282638795545822,0.08715700449813951,0.12362297428251419,0.0018808220691372366,0.0364353254926109,-0.05775048608129183,0.11475209865861463,0.5441200096670528,0.3755015350883896,0.22651524204248116,0.08049053584704263,0.15268770489012137,0.15417587407559816,0.14830049371438944,0.24042185391858917,0.14555379319140394,-0.04288791751182381,-0.353776081473289,-0.16938108101015342,0.053000165787981064,-0.5725491817113372,-0.2251815704520927,0.6891502338081081,0.7626860595487615,0.381347937795514,0.494355082863673,0.36732808903240105,-0.08964039673521285,0.058836317617634255,-0.20959842987611674,0.028285815588295255,0.2281776436069708,-0.31588470642375416,0.07082214596071779,-0.13629466109966487,0.29480550128258765,0.008360374543156508,0.1828577814152364,0.2096457108384154,0.2304880509913513,0.5219261932116736,0.3699789430280033,0.038233344985458585,-0.006233475473232744,-0.0530727628582278,-0.008849094806361287,0.041878544382886976,-0.028043259850416277,0.4174132303688135
0.007325682620166116,-0.12192362264215695,-0.015059128592546833,-0.19917028511815965,-0.05148882230055498,-0.009121998933765006,0.01909951319770557,-0.024528056201156063,0.07029998642171234,0.23891425478648454,0.1345304311326847,0.15323405734129825,-0.02785595868904956,0.13319419035252925,0.14601651860340964,0.014264219716087689,0.05682859130881502,-0.06654422536315063,0.024838849870808522,0.006994373855721451,0.03954636468738094,-0.09393834895736453,-0.04611888749991261,0.14836241181305337,0.06493829074950365,0.07527925179134046,0.039638843040163324,0.1353339769665602,0.28031246836504564,0.052248309404957484,-0.02826276346457433,0.012150141547795135,0.04211846409128126,-0.07029680851822227,-0.02099814199871364,0.11891458435462472,0.160616570091044,0.030334314358255527,0.03940026954056271,0.024847692300705066,0.0150486636593273,-0.06357244176028425,-0.09601392215172246,0.05549774989572262,-0.0013305045958982597,0.000721462191618022,0.022791584013178715,0.01049927992586306,0.033074284097507754,0.19861406860124292,0.008020766330279778,-0.022908532610180485,-0.039018843809200364,-0.02596452271471798,-0.012652801356299589,0.02480573415366231,-0.0027378351291149185,0.047412909209100684,0.12788144409846547,0.13425604387125287,0.06611800134161104,0.01643832365044215,0.06873627728044446,0.07721546752298017,0.06681295721969854,0.08841367870115253,0.09045288336651948,0.026993990802111935,-0.10847001371865068,-0.04402638357544347,0.013189042996698737,-0.42463673483185926,-0.12523896401532703,0.15165271545504871,0.21473208482886139,0.11901703005280931,0.19761947018281067,0.14011976853575026,-0.06358138471220853,-0.14704877015936704,-0.2574446309022515,-0.019318695273812286,-0.07432070827605468,-0.3067035680484509,-0.03957440634791432,-0.23188601479327617,0.24841346307226178,-0.036990854268043036,0.14109931484916216,0.11652069887534487,0.09766144270762847,0.08508246534225405,0.006184965715584013,0.03459788048445015,-0.14249556213433756,0.06984028622347849,0.028566687330618228,0.07213945651226836,0.03207069603077765,0.39524502325130134
0.25270869970165655,0.21126478700342793,0.19806288296262622,0.2842187244808626,0.19393324845707888,0.17259378620061125,0.15771438082317268,0.20874116135951531,0.12497142979703453,-0.6382603715399847,-0.4205526590953734,-0.11043616633244706,0.19355466939901989,0.08457372000775605,-0.031116461117705486,0.14147311637432608,0.22911934806654877,0.19641869234149076,0.22473352587358972,0.018934386456819854,-0.023173985007503343,0.35411854738771353,0.24641501378152741,-0.30358181940712775,-0.5547313622189682,0.002614039746124765,0.23944525042543108,0.1071243793167552,-0.1475389763920686,0.1936425806631686,0.23287404828501826,0.09796670030956568,0.2517317131920256,0.280468535575317,0.22149374277159292,0.11646576166180765,0.17130279214027339,0.15156405997568295,0.1602107293085839,0.1494017508814424,0.30808113527468517,0.20938445326573152,0.26980495795157927,0.30586098335356743,0.23570427906556143,0.33759412893786067,0.2777129402574231,0.30618438068950327,0.2620292356470468,0.19252035429183537,0.14713393289621982,0.18224340195669395,-0.017508182272625194,0.03524897615206813,0.22451785501816135,0.2071688739485525,0.23845227201380995,0.13013202927509926,-0.6358764477530516,-0.19334295055123762,0.00217938881883246,0.1550485090294951,0.13804772516239663,0.12502452843483164,0.07444113084470974,-0.008524097436114307,0.11855283641862997,0.2724443831095872,0.32405714029900123,0.09567234974899902,-0.09085485022261297,0.334174531429752,0.2884571545274127,-0.6465786746242029,-0.4693402979174296,-0.22164545420692797,-0.3603043433121632,-0.06537262654848912,0.2039758939347429,-0.0890475969331344,-0.1299610772639634,-0.10375531390856044,-0.26075427790863787,-0.02711471202333976,-0.144433124650014,-0.182296465674164,0.08443857002490156,-0.12033042911369754,-0.08934382886538751,-0.21580789695380723,0.028345817060826128,-0.4758438560908687,-0.4641109666722763,0.1739186131628145,-0.2156054990895257,0.24260727217118258,0.17950549297104623,0.2112398957866581,0.2636859355232254,-0.028554002681626906
0.3901015601041043,0.47464444620801544,0.3870809709129513,0.5778983136511483,0.41294912408007883,0.3527949472705146,0.33541249817953167,0.36752246453267795,0.2672457399133672,-0.7407457254015647,-0.4381672575138204,-0.06746921706313808,0.3765660450836553,0.1379217169420075,0.043461537376921454,0.27861507620813936,0.3421506597418694,0.285964971991999,0.32773976668775984,-0.01596571941900148,0.02817499525927603,0.5875217321624399,0.44784135129790587,-0.11660208059060052,-0.5857506857956465,0.10070362718982835,0.3524155651361053,0.1929703454890931,-0.16733352949199143,0.34939074583318314,0.39871442446169325,0.26300853861889717,0.3719175504274648,0.42296738100091386,0.38865638238369765,0.13867751478465332,0.18719298686845365,0.29905933551318253,0.29975407139926763,0.3007397467205434,0.3946936645227162,0.42872999782588095,0.4954825897652272,0.3822500829105509,0.3748780534395985,0.47543900467135175,0.40788244978523963,0.4460858977654949,0.38289396315177526,0.15698653137849838,0.3108791689645246,0.371522534221895,0.14491821045383577,0.2396934807030707,0.41240660292092274,0.3624188750887364,0.39073365195718696,0.2832414962111666,-0.8032408511098285,-0.17318321525229666,0.10126425697212528,0.31238277648942353,0.2813045186906639,0.25764189813830873,0.18804038533553227,0.10923299263929781,0.2203379337621023,0.40709590028736603,0.43076345707696356,0.11210826790719311,-0.07265443644840118,0.7051540259962698,0.5107457777303802,-0.7124678971116613,-0.38395331766489105,-0.1728672646803687,-0.4094536057477146,0.048100212003105894,0.3860011611580103,0.11397511340842609,0.016630958763232076,-0.1413246665975939,-0.08866631520597582,0.15214055638634502,-0.062236135385917456,-0.08402809494863307,0.03453421252038545,-0.10714417812696964,-0.18138342738875554,-0.3681727717037327,0.09384629660378035,-0.49047872349953414,-0.4792728768564814,0.30046985114785896,-0.12991735203842014,0.2797653675637453,0.2875659999067665,0.3001860776063694,0.37602667004955204,-0.27649326759405535
0.23222978901671573,0.31233787554832654,0.29508111530837416,0.2844992179666186,0.30875709528341777,0.28525693310936884,0.30973536238255467,0.23308157810949567,0.29911995816921494,0.056260678386977646,0.08976191929874008,0.2212259537666435,0.2722310756464516,0.21526583291926862,0.25802695855212165,0.2400565415626994,0.24373845842052197,0.07735878881492635,0.19296633873863023,-0.057569225705235885,0.1136237790567374,0.2925842451762035,0.2840073343220556,0.4427678350342203,0.0006320113251866973,0.23228369448474895,0.225114698465996,0.27296261751944073,0.238884693040595,0.3066183199731863,0.2451477912211142,0.28843323719411784,0.2455411458917628,0.16464402114041166,0.2536633538426833,0.151531432863936,0.1911960435095145,0.27398442825625424,0.2700710308118015,0.2743632629439003,0.1606510476372847,0.2971770670434193,0.2776888734961129,0.18336609248914978,0.22896820861654057,0.22948682075075463,0.23952846365288885,0.24296755708870701,0.23344692047655083,0.14211176488674132,0.2773259407984128,0.28739389660273357,0.22236413970486985,0.30171930413047576,0.29530486627438146,0.27755266206916474,0.24572546009451393,0.293407514688318,-0.15916755329019605,0.1567916842598671,0.22656550339740802,0.27490294357261935,0.3025207063096868,0.290897431359569,0.24798916601408513,0.27091252805261473,0.2548629956672619,0.24758668957880484,0.06819738173626094,-0.023492750118527066,0.028538817036571306,0.19006445549462958,0.2370655760635589,0.035817087991383466,0.3419033167551833,0.19411369019255154,0.09853597689704231,0.31971072601198014,0.2363466149206679,0.18403150344047497,-0.019187628791820528,-0.09203827030405622,0.20390935736662336,-0.012768874564813631,0.08427934165113816,-0.07064217148695173,0.17030293717186673,-0.023193047371732098,-0.019248104768080965,-0.13682284179956056,0.206708601300671,0.05291059067930716,-0.026683509037894803,0.24332574029439738,-0.003199958516709254,0.13142063965270387,0.20751323892920567,0.21581000154224897,0.2157464737311407,-0.014077113900235848
-0.028541523864785742,-0.06507873706985774,0.030910764345373345,-0.21908861077959083,0.013933871589012886,0.04723189267814204,0.0940667761605629,-0.0625515776971978,0.150572717783749,0.7570268688380117,0.47865695314311785,0.3979299470376713,0.011973067320078397,0.1775632385401732,0.28723601855968595,0.06265977835183671,0.03793110791563385,-0.1963354782897271,-0.03900488285232791,-0.07668496798096909,0.07450322357038056,-0.15999596817473846,-0.05649530158498965,0.6070363033638366,0.45521650171536293,0.18939841810887817,-0.004839297660411538,0.2084555592138167,0.5016906697818505,0.09913171189557414,-0.044278394378775884,0.14986304317230076,0.03774915304805189,-0.18517573833457232,-0.01693938288160906,0.11285820211059681,0.17502141475057875,0.11576172777862988,0.11507087156597894,0.10910345297982693,-0.09410161775019563,-0.030872336382238148,-0.09991366212853606,-0.05754151947542736,-0.028886858336130906,-0.10011158109236219,-0.011803338698188488,-0.04888352742051789,0.0006322858491562633,0.1610291368359354,0.08987738024267962,0.02562543559250856,0.08303863611399544,0.11524235625772955,0.011615296297856873,0.04253062083252026,-0.04811938288557916,0.11397160859651104,0.5006754892299541,0.3541563720520851,0.22495239545305462,0.08896457397670315,0.15937757639541777,0.15579321390822515,0.1460353445455407,0.22572752176856212,0.150067523590422,-0.03173504378674676,-0.3387698381642868,-0.17732321503090437,0.025717184477134662,-0.5476403694655181,-0.21704255266237046,0.6603462764589991,0.7349616528709998,0.3743089183753797,0.4549233969506669,0.36175784561026797,-0.07667739782916652,0.053846861606921065,-0.2149677705557628,0.0017894520858990767,0.2180089834646756,-0.31563366157155215,0.05068510089763525,-0.14134724239321592,0.30914906363744643,-0.006786143936270129,0.16368683765524078,0.19478106804200238,0.23725867516358468,0.49351959251735217,0.340153506393633,0.05144627678726096,-0.011502799418469767,-0.04169773994054489,0.004081523846603839,0.04680530281294473,-0.019691634666092906,0.41266426332635125
-0.03945797593080425,-0.1424510319636464,-0.04565976073739943,-0.25148091196982986,-0.06608506507610894,-0.034566972818213304,-0.020325628375251523,-0.13633981872329312,0.022318722471445042,0.4727648025720361,0.23597172554550935,0.2522949642213574,-0.046205385353551606,0.06801822584803088,0.0870735110941623,-0.014466934950446557,-0.006287777944109242,-0.18537580152765915,-0.07016003832820542,-0.055532378726131,-0.048367742657278986,-0.16329004851731815,-0.11900488813177597,0.16910476746173886,0.1982799127444457,0.024748754027807345,-0.03526657778608418,0.08141900626552565,0.26750570532029144,0.006433322588094506,-0.08248414528653378,0.045201915098748664,0.030901343992389127,-0.16854253657108054,-0.053358124944001904,0.07209950681287439,0.16282209034085282,0.05054135147319221,0.05567986796030403,0.040059142120842245,-0.02681071805180902,-0.11231097694616769,-0.12246113004422167,-0.027961942106354887,-0.05459590577391936,-0.07678163470067964,-0.003392032178350527,-0.03697909147089482,-0.0012030116159177122,0.1902510319766452,0.010733372206366519,-0.05851893711786431,-0.09076195114600141,-0.06347649582337023,-0.05347358879054033,-0.025806513974171705,-0.10965507496859919,-0.01589805997230293,0.3297489458907145,0.1675651842076401,0.1178982214293543,0.013808323304927685,0.049516233426580396,0.034782433814147626,0.017166058419495808,0.033429222267987856,0.045394760023235343,-0.06762082434270998,-0.27590507737766107,-0.16334697414839774,-0.09277283162792134,-0.5237647951182502,-0.2556597784746686,0.3610107593364089,0.2824071878926332,0.1283234966150097,0.1817645595719898,0.11908158507713616,-0.1405349225624948,-0.07524590477349968,-0.32070225766280197,0.041842826887641786,-0.06000574282938388,-0.3560210206650753,-0.13171936241056273,-0.19321129590505912,0.2660552229128207,-0.088729731838091,0.12129993923922557,0.1989090208921714,0.16288095648707515,0.2847712277169445,0.1615631981547594,-0.021299024437636947,-0.1483841585237811,-0.02195673293602346,-0.06767276577410528,0.02062908936605439,-0.012114996497174589,0.4349952051059117
0.2435963792285369,0.20868652043096533,0.19672890389003592,0.26210762597155884,0.20057221547348514,0.17723967446070932,0.1547292499778954,0.15963616044165613,0.12507689174738384,-0.4549416656538712,-0.31425435756251546,-0.025145658864733852,0.19909625568727993,0.07247466365808962,-0.030182172840366783,0.13822666143233164,0.20408677333969816,0.13441355936673133,0.18105508877901613,-0.003938824342424768,-0.0485659419210392,0.3223243108501053,0.22079042027317658,-0.23782716660129874,-0.44246917641880706,-0.002219162588211892,0.21159119353875744,0.10083326674782284,-0.11644529073978199,0.18817152251100747,0.21287328011992177,0.12485140370398282,0.24997741716556215,0.22856525735689676,0.22047359580012818,0.11190073706849217,0.18236346830926237,0.17857566841479644,0.18481636101878549,0.17445192973691648,0.2916434534124958,0.19732847214573665,0.2638014258470698,0.2655838740705716,0.21602184449643444,0.3021494027598791,0.2750603012940066,0.28947217037709766,0.2526274600818603,0.20236293482566112,0.16532591873598002,0.17870072310551563,-0.02989998317497866,0.04381502831415688,0.21919621492376432,0.19831899094612293,0.19102691147999953,0.12070241582650078,-0.49272660283078956,-0.13853864436914032,0.053509390703702475,0.1697837072595354,0.14875926370838996,0.12602038749453964,0.07062939420413705,-0.005335659848347903,0.11680062043082516,0.2299076285874446,0.2172125814446415,0.03398780880936918,-0.12550520599835455,0.26226123794799044,0.22510334540693522,-0.4977348946846547,-0.3832895718456619,-0.18970183727594295,-0.32368807447198616,-0.04540093146293384,0.16844247267884985,-0.03173405846089628,-0.17515539647529332,-0.03818458204955995,-0.2376665033441057,-0.06840496448261932,-0.174335169111876,-0.17188120584121666,0.10679305357782923,-0.139313968298686,-0.07572531148235537,-0.1506840220192363,0.08104337062894706,-0.3311370545892664,-0.35665839622721107,0.15789200333118228,-0.2240024578543733,0.19814281986782492,0.12979310182071827,0.20443326537065687,0.2536155055615935,0.01729343675160063
0.45216767393350854,0.5207550944387843,0.44386039610723177,0.6382693446491171,0.45893001262729693,0.40555898437558335,0.4061067167652174,0.47131218618349263,0.34501060536183126,-0.8430733467952363,-0.45558718452443847,-0.0849863383696808,0.4214622939739606,0.22169876328867685,0.1329826667197761,0.3339640284836461,0.4182596118744256,0.37127132068545626,0.4161355884498346,0.02347818441000726,0.1147571240741191,0.6609038485201852,0.5309909119280092,-0.03395965194383488,-0.6373806823620575,0.17996941312913062,0.4303581470266213,0.27508413024872014,-0.09982602610200554,0.42281320404377465,0.4640243955964194,0.28056597329778515,0.40710158239167893,0.5028167566656273,0.4419665633230826,0.1981667537064773,0.21620774786066518,0.3226598647194207,0.32408524555121343,0.3272534216629423,0.43821053417702904,0.49772149680241573,0.5406527248168208,0.4578355607771635,0.43665903843115395,0.5494816079851763,0.45343353401402153,0.5031389182270545,0.4304303329857381,0.18752719110378352,0.350135288331697,0.43338741804599595,0.2172097690269032,0.3128110103215889,0.47566724528981413,0.43174783445170684,0.4922728713004859,0.36967671200683166,-0.9225542612849528,-0.1504319179934051,0.10344298837529212,0.3493791074552903,0.3387358471628268,0.33130591357281924,0.2631648983355589,0.1939487178550709,0.29551068299800604,0.4987559198149676,0.5345476441217066,0.18816840440447477,0.014041094787784602,0.7690175296761841,0.6194739709763372,-0.8040083044058328,-0.34330703918303845,-0.1279035377951237,-0.35266765370112796,0.1234876059492403,0.4646789680863224,0.09527247327442752,0.04933610771452053,-0.1760151094712948,-0.0642831996350844,0.16747900176717959,0.022796478175869966,-0.12490194453764607,0.058200028561756136,-0.06711533766130653,-0.15222894067281365,-0.417639618434906,0.08672090536935477,-0.5866833753228736,-0.5666712672469203,0.37407176870667824,-0.12342109209109219,0.35790527410587153,0.3774937719019013,0.36740218046761036,0.43024251320451234,-0.2793303378480167
0.2868331191913467,0.34947033778417286,0.3419056660375413,0.341274076412556,0.3382697076231361,0.32026654660785,0.37530596254779836,0.35671256743711777,0.3636976717774327,-0.16442301137695417,-0.008284166934939493,0.14817553821193252,0.300902598336957,0.30144243325770204,0.33877272510678014,0.2964517108760581,0.3369204748500262,0.19094492952477407,0.3045810971909207,-0.01759101361208985,0.20496355551759546,0.3726637980149367,0.3693543925354393,0.47942592677421053,-0.12758540468571822,0.31054492110369997,0.3081345082782928,0.35580954032502515,0.2870560314330422,0.375453537474233,0.31460908048939396,0.292431869820381,0.28197038820047093,0.2684798548646602,0.29133113508654934,0.20334937208934825,0.2192912968820668,0.2751775375743169,0.2720147377854054,0.27734779596555714,0.20408554761300401,0.358726776902225,0.31278314229181864,0.2788472548196279,0.2928524762056451,0.31465319370624323,0.276581332140958,0.2995311547985418,0.2791634261491646,0.16605472967007162,0.302619985177677,0.3415536744479864,0.3000482127926021,0.35333701129377576,0.3472403524222331,0.33869683574916293,0.3677655237501233,0.3718367409694079,-0.36690349250861926,0.1374318391434639,0.18843118031266676,0.2935343488066858,0.3463792421861801,0.3552156752235003,0.31807996991423054,0.3401708056526842,0.3257372521802149,0.35946309700690376,0.23725611550453354,0.08095354445279669,0.11985192997801267,0.2842632937254446,0.36729409618244824,-0.13378047601193585,0.3359005814561874,0.2216454845837623,0.12241580259725209,0.38316345387143597,0.32824159154664256,0.11419293960272353,0.03535585090784599,-0.19485280841732555,0.20503149842241936,0.01829878931110864,0.17177352492477377,-0.11870747002046779,0.1935041409029136,0.024098068550304136,-0.007745344040296905,-0.2373028873689444,0.16925327053100897,-0.1367749999189564,-0.18519177228144146,0.319145153328258,0.012841789161091126,0.2336540523895816,0.32833197606526077,0.27241582665492836,0.26456393863961586,-0.03711958541950055
-0.035599099913445786,-0.08415209654572496,0.014129059582784214,-0.23797294885360193,-0.005871854201331679,0.025332070075644527,0.07752186892079335,-0.0787679417891957,0.1257073150322538,0.7165676699563255,0.43407533363976625,0.38174068943378103,-0.004460100733687861,0.1636934093362602,0.2564288700869088,0.05727458725100869,0.04006197444515469,-0.20162980251323415,-0.0419177717530233,-0.08367146753444722,0.049676148860873265,-0.16745963607049366,-0.07292487745555616,0.5475383319613152,0.41132330875118295,0.1690157617108274,-0.014169781369927918,0.1960022815115607,0.4773827990439014,0.08507642544200154,-0.0526866056129502,0.1424535967646767,0.04298921635698578,-0.18599313305765497,-0.03130917957175107,0.10484266889306086,0.1881931980052175,0.10647848682480228,0.10508196635788546,0.09688634665169374,-0.08702002137906735,-0.051742841273461355,-0.11193085368457859,-0.05092496865529161,-0.036615180952422985,-0.10076647365439256,-0.013042917786932284,-0.05146335470618157,-0.0013656227745518828,0.17452372888276999,0.08283635950112417,0.009291895321197258,0.05930490490347976,0.07729781333439524,-0.006945617953941691,0.025071909729374,-0.060243667460435774,0.0874221589952873,0.47584931536563124,0.32489994094349445,0.20559126879863773,0.07359105170044965,0.14313859363229026,0.13612029085112654,0.12617588660152784,0.1896975979815614,0.13868478988834515,-0.03784248360480431,-0.33020890611027687,-0.18364908943487845,-0.006766831516312136,-0.5594238271458745,-0.2367862526283766,0.6333207481491651,0.682207582116307,0.3473486491169885,0.4118317241254639,0.33464281935649653,-0.09076577932930706,0.020931234947668007,-0.24346368313248934,-0.013502036412847905,0.16496096966073337,-0.33726406040456747,0.008727036047553163,-0.1562290518966075,0.3264763347815921,-0.022083148808657724,0.1548638324849617,0.19010503667987513,0.23493741988703315,0.4597615055887484,0.3064356114447181,0.040976541326588005,-0.0311443382633138,-0.035476871590189314,-0.0018242671877982185,0.03682281760050747,-0.02324432157447302,0.43621735272992257
-0.055034095051474094,-0.16743606835822555,-0.07486415491134435,-0.2830947032450894,-0.0819089950361886,-0.056852739183562456,-0.06975985768214585,-0.2391943236799603,-0.03276451234333944,0.6152570293497432,0.28262910722060114,0.3155673925231542,-0.05679990595523265,-0.004918598501877674,-0.006151133486225776,-0.04967944468467524,-0.06493686553378357,-0.27234535082847183,-0.15079471887414958,-0.08352635594540764,-0.14529947936873464,-0.20157636836902038,-0.17716250115805537,0.07758155071706128,0.25057780577741223,-0.054014818904351884,-0.086115850452981,0.013666693968035189,0.20187496555925638,-0.04063882653689567,-0.12378315264657318,0.04814835751653363,0.029709450983624756,-0.23434262046331641,-0.0625277750780984,0.04447376405044416,0.17105194714310606,0.06701749830415533,0.07142303803894663,0.053085837273746855,-0.018330918863186586,-0.1545262997836841,-0.12866199988984423,-0.07538972825521519,-0.08869927624965099,-0.11517567979845024,0.0011968995330825327,-0.05191502250657118,-0.013028773342894397,0.21066730507073175,0.006421351847006093,-0.09415831334338863,-0.18095457111042193,-0.12495509578768793,-0.08350869295844314,-0.06572193926090356,-0.20511229462434766,-0.0857274190482297,0.46120433852859755,0.16226391984889077,0.15096877343337478,0.008079975135925196,0.019144378090046127,-0.017761287690355742,-0.04659072102116892,-0.04961308757776715,-0.0037502287647462216,-0.14704757928896514,-0.407358057712672,-0.25337351876978537,-0.2027836929264194,-0.5937821325457885,-0.35923082685876634,0.4488953994572534,0.20984055716528016,0.0693266573125308,0.10723000805060134,0.039552107358081935,-0.21297122931632184,-0.02848796847146565,-0.41909753757668544,0.15465417485319624,-0.13215684723283608,-0.41610518959688464,-0.25316315215421137,-0.1869960071212289,0.2725524251833398,-0.1544284916080311,0.11352423647862243,0.29716786935520306,0.20914538431930635,0.40893770817971314,0.24753957632265358,-0.0719235462098823,-0.20996324282238701,-0.08270712221123554,-0.1695130094854106,-0.0008204481946504853,-0.02302487745873346,0.4921063289509791
0.2718801514295258,0.23971233909710496,0.22551368143035894,0.29272361393881824,0.23654492660992782,0.2107981200533655,0.17755415133002256,0.1597921097802123,0.15132357923202067,-0.38297402338066966,-0.26044159408876866,0.025791677409026475,0.23268775479883916,0.08040936683853797,-0.01989474321037363,0.1539699809870577,0.20976065572993832,0.12146835407763688,0.17841861523009794,-0.008637395538487498,-0.05136499959607135,0.34572972662108387,0.24195547021572916,-0.19628643165677828,-0.39861396070517513,0.007452976006906853,0.2253146209412605,0.11162394930764961,-0.10396558184843219,0.211501308231918,0.23085549259190583,0.15478323389791826,0.2710429557479691,0.22790215611520478,0.2547562767934546,0.1266184942207749,0.19755565866197464,0.21586319321490605,0.2214879575647765,0.21224442495116916,0.3130322627397287,0.22656550489465,0.2977013391645087,0.26872632713176026,0.2338022848456167,0.3167625346580527,0.30550937256481775,0.31374373062241767,0.2733333240484418,0.22022678585736763,0.1961848394258045,0.205546064769245,-0.02875641143072745,0.07493678214881677,0.2509394032118667,0.22372587701865226,0.19274567435404522,0.14282444835268385,-0.45282901040567447,-0.10767536352753984,0.09566613483859157,0.20307397652607106,0.17753394275242146,0.14956238650449896,0.08611994736290626,0.012681382991910926,0.13547760030978925,0.23308328893933775,0.17705746939546563,0.011123094283676284,-0.1369637256343345,0.2636772156032332,0.22881760329256015,-0.4562468188778186,-0.3569563766343373,-0.17714989472665701,-0.3177565098896616,-0.029589707042891784,0.1772820388849191,0.01890095244044738,-0.19895275612423802,0.014806352071140035,-0.22264450642429975,-0.08396061775913437,-0.1811907330173687,-0.17475484053297236,0.11546329090152677,-0.15484583205849797,-0.06901566056302337,-0.11745306016460047,0.11704411764504519,-0.2673851700609787,-0.31820640516070364,0.17507723327905503,-0.24117936314409416,0.19248936642096132,0.11790993410435313,0.23106976409530353,0.2764046642144614,0.02871393281763848
0.49249568607445643,0.5772278035940086,0.5079991349703277,0.6914273046161593,0.5085367832961998,0.460173722523348,0.5013663648644021,0.6097990645950246,0.44691572609468316,-0.9452318622529309,-0.45959851234040455,-0.10638305344349873,0.4606217532158226,0.3410761455708743,0.2848944850159081,0.4074740750837788,0.5172878515814227,0.4678857263662448,0.5278432218211954,0.0426861932045042,0.24662695929712675,0.7241410188555466,0.6240531514288805,0.1677616541688301,-0.6529853288154712,0.31413481699072715,0.5070697558175596,0.3948648021238847,0.03272875979183638,0.5150131843812734,0.5351417731947737,0.31995915115958296,0.4349468588509331,0.585325077002346,0.47629944550933356,0.24982906667802215,0.2378704882080856,0.33875169360732643,0.3382864041723158,0.345548196275381,0.436370082550302,0.5755235313719651,0.5690297702478998,0.5251022991361451,0.4947180923623423,0.6070095797364593,0.47069165028465976,0.5384192478077918,0.4622621328133026,0.1858823739356363,0.395396323721737,0.506531357941909,0.35396956612402547,0.42404415900895315,0.5389786630283696,0.5052680508151688,0.6240469601371995,0.4860544081881846,-1.048840931557408,-0.10146533063059932,0.10038318059065587,0.3874741093747477,0.4146183579557254,0.4319798367675859,0.373115002858768,0.3301530421895328,0.39184722935425015,0.6108911061192145,0.67028685457339,0.2792199828465671,0.1454761587112599,0.8392450615164008,0.7480442529015301,-0.8406759029783333,-0.16952333283594173,-0.00587968534135537,-0.22677293109160004,0.2759830927917939,0.5682236027668706,0.06602926310862824,0.1510677447303811,-0.3075541032248701,0.052368972408000036,0.21521577024319735,0.17697277624370197,-0.14261154151425215,0.09005614217491885,0.01092810449917046,-0.1340396022847454,-0.5279340331057518,0.07300111074722615,-0.68279660805037,-0.6440760014897177,0.46354389910580596,-0.04718725549400765,0.4376647360308963,0.5132407093786491,0.41533741572507304,0.4590726993572815,-0.3200157301643362
0.30016895093148527,0.35847272042486844,0.36320310022550895,0.3448552453738497,0.3425519814704914,0.32974670206881923,0.42671815485348197,0.43935113117979585,0.4120500734910989,-0.2500342456032972,-0.03460979430188142,0.12121942424784325,0.302552463529507,0.37851295359469916,0.43053361798921186,0.34350468800494344,0.4058769209838368,0.2547550688549772,0.37914313709141745,-0.001058386072810009,0.28652536285193675,0.39513551140509134,0.41244034863243256,0.5909927830711338,-0.16257697682467065,0.3959918841652841,0.35056604747660314,0.4365235411868073,0.38093140099741385,0.4234078113998514,0.348505667264788,0.30612029081653513,0.2955298516359588,0.3196870887029215,0.2928382580963324,0.2371033408139891,0.24532756186229185,0.26909304787183164,0.2637411467842446,0.27052401016836347,0.19817712159849776,0.38554819311498845,0.3065953445617359,0.32687500569584893,0.32007449253986225,0.3441272305970821,0.27539501639551156,0.30932494836203117,0.2908985447625307,0.17565026748985493,0.32259890584848283,0.37196382136322526,0.3873511353896277,0.3970786721995275,0.36401607562197946,0.36829102157513466,0.44746904101537205,0.4290761630565519,-0.4566278532004711,0.15872447453727132,0.1653101263799537,0.29709946520942565,0.3811303173129558,0.4069736984750783,0.38143652830484437,0.4117827719111957,0.38751332838096264,0.4283196212216402,0.33778291097831487,0.1455309038462373,0.19876627101377922,0.30634897565532804,0.43284551657712494,-0.15917610703450324,0.44473106053349587,0.3015259716753232,0.20722036086129697,0.479967624875263,0.38328518317195664,0.060573842502951156,0.08720682221660414,-0.30200971199029764,0.2471244222937016,0.032898839013996116,0.25723226198430116,-0.1434216591895662,0.2385843504457577,0.08054060585296861,0.012192418515392055,-0.31075155742067473,0.15455775635987307,-0.22947936478774256,-0.2590361245746849,0.37009722749421803,0.061578186176947936,0.2953821968066659,0.4235105282282667,0.29299891518133153,0.27412020260139475,-0.030183357973512015
-0.036784042629746196,-0.13005475176161851,-0.027216631674132352,-0.27634020121812614,-0.040503302232435485,-0.011596107740474345,0.017277498676683836,-0.18431634157075144,0.0538606250357843,0.8024389512686245,0.43943663374139236,0.4210320947428289,-0.02499822880355243,0.08372762306066016,0.13398810723544716,0.020451061627696075,-0.014604219246139413,-0.2712928423666159,-0.11494607943897027,-0.08434592748896873,-0.058194391807556874,-0.19943734311368982,-0.13374122650419984,0.3773686807280572,0.40157887570516837,0.06881308938121107,-0.053528055323302876,0.12019939385373771,0.3854755011326812,0.02782704227320027,-0.09434992117599436,0.12093657074350488,0.04646656019966162,-0.23577580680769267,-0.03727154103466484,0.09232125325760777,0.21098564495393646,0.11306053229760367,0.11201073923310455,0.10003459358840897,-0.046746526470062784,-0.1051605234051976,-0.12046639293365333,-0.073381475661639,-0.06426478039485768,-0.11958855033073379,0.0045987504090556075,-0.05334919162008706,-0.0035249314944437744,0.22373514559803867,0.06925891997147271,-0.03612360520617235,-0.05552123071279233,-0.01755164336356754,-0.04610199571086263,-0.02057649362410659,-0.1555293734857516,0.00037580521639186314,0.5674791283709442,0.29249321464159506,0.21766194814355017,0.053324315974773356,0.09697421702512227,0.06770069470943414,0.04801458667382811,0.07534916124338618,0.0890812490949628,-0.11240770697041887,-0.440516289758288,-0.25654864126079424,-0.1269082306435106,-0.6310629181489843,-0.3393458516840123,0.6533011954338375,0.5243073594193453,0.24714360920514883,0.30377855042031465,0.21549458526532658,-0.16864036204312793,0.04038052587579845,-0.3790393466604106,0.1255145936120786,0.014162140346173423,-0.42021956971737595,-0.14291610734484805,-0.182203336324135,0.34495552812095054,-0.09682998049955134,0.16388302730991094,0.3112362980020238,0.2697857819598936,0.5254132404779431,0.3410918672020879,-0.010123353029071707,-0.12949756588810868,-0.0709795656206865,-0.10175194944345975,0.03037662507092156,-0.017879645512844305,0.5327319407456161
-0.05616233720122665,-0.2012436470010802,-0.11116248838269183,-0.30626135362486506,-0.10162122718613548,-0.08118710069600879,-0.14331160906148388,-0.358632385912745,-0.1060553143406107,0.7119896463723696,0.29802516253057915,0.3573505945422796,-0.06519207824490052,-0.10174706035246567,-0.1461578371395883,-0.10589820737340747,-0.1400999782435982,-0.35641168932176487,-0.24115844023614907,-0.09702167694257861,-0.2679873097081212,-0.22932630715406713,-0.23932420630257362,-0.11862669442801188,0.26052554896921376,-0.17606601202335262,-0.13437903218681369,-0.08853118067148781,0.07510743806960782,-0.10363270071356814,-0.1668867518945548,0.025488473580834465,0.029462622611910967,-0.2951675985126456,-0.06088253851118485,0.01732345699206844,0.1729227014786578,0.07921859467315247,0.08581640567661224,0.06318544594686354,0.020752224876029866,-0.20225078270733984,-0.12461756053941071,-0.11329503075085265,-0.11991592900378265,-0.13778345171379122,0.02294363514739598,-0.0496413050325714,-0.016430976325727306,0.24459628411864698,-0.01336144210120266,-0.14059367891868157,-0.32536756489033847,-0.2142295542658557,-0.11175492563135316,-0.10839066442261319,-0.3140799749325442,-0.1747720173180056,0.5641168245442854,0.12308345544878815,0.17471632583891775,-0.0019148211226322116,-0.02880246289664692,-0.09040966370799186,-0.13719682363651137,-0.17059312284288572,-0.0748432412519929,-0.23396128333944188,-0.5412904584708756,-0.34110697161208164,-0.3344403327057499,-0.6605972860151567,-0.4635784689468993,0.4583919198123538,0.012533389013206601,-0.0566912908264784,-0.03482441616472444,-0.10702103452560516,-0.2970447282859802,0.008980234135965279,-0.5533331167529605,0.3201363182927395,-0.26947447693918647,-0.4935064332434161,-0.4126127334976966,-0.20106925017872587,0.2557875818310152,-0.24924126875642252,0.10455277017997645,0.42383482083831076,0.24207865688450939,0.507040577603312,0.3038175703596646,-0.13305223447506248,-0.3231251770004942,-0.1398980409493562,-0.2998381732291456,-0.009976220973421072,-0.01933283840080222,0.5558444639917329
0.2819903256793217,0.2832436998474699,0.2696206124014932,0.3293120543930529,0.27272729774819804,0.24875880651804552,0.23717281156447964,0.2700452027843143,0.22602172421043992,-0.5003324216170685,-0.2857391196005114,-0.017677650307014375,0.2559094946006899,0.17032051170086424,0.10131725968372018,0.19311212443081371,0.28042508188136966,0.1962719268253243,0.26392624680071636,-0.014485473426835737,0.055204890968883494,0.3865119262204291,0.30752088610473965,-0.04714115890933907,-0.4110738207167945,0.11058278392440014,0.2701237593053516,0.19292119012035616,-0.015913805051065676,0.2771907161920616,0.28036960671736827,0.17862800822864933,0.2801393122156928,0.28731212885238194,0.2640504700373674,0.14291192330031918,0.18917939460396777,0.21279496059595387,0.21772100552638723,0.21020362249574515,0.28538003477835794,0.2811208627985473,0.30923458799808984,0.30689888908391066,0.266286698905486,0.34793046549970835,0.3000581532085155,0.3272131456012628,0.2828989735091714,0.18813686651358316,0.215796640804908,0.25266529309473457,0.07228675828167214,0.16225789757548,0.2954440226169595,0.2742979265309463,0.2960683588502506,0.2320846403377379,-0.5732862355783305,-0.08523119890948452,0.07798130635685892,0.22603951580373732,0.22877677690367207,0.22401379837019078,0.16620169035930268,0.12232939185496297,0.19035517746872932,0.3190613734339342,0.30108781514190724,0.08736197059600177,-0.026169021354464653,0.3252408679550057,0.3344081642668956,-0.5022707393425416,-0.22939962262421884,-0.08610531146286812,-0.23388880965800335,0.08641192394342799,0.2571371184885402,-0.02834346955824589,-0.08647443170855508,-0.12963900504375248,-0.10057003040343135,-0.026170005456672703,-0.04618921565259271,-0.17039516182005784,0.11235140009351109,-0.09033399924797457,-0.08099692608689887,-0.24659464093895633,0.0862264412688627,-0.3534380570101042,-0.3850198679173838,0.23351566624098755,-0.16628746005805753,0.24219774519488677,0.2185391530548524,0.2461513669496641,0.27904963496018625,-0.04825437384886895
0.5543026473761491,0.6853799708003702,0.6171088956786284,0.7958692564824001,0.5932951284749018,0.546896556360121,0.6660082173693138,0.8486180564839684,0.6078981943232,-1.1578987813366015,-0.5038469452318796,-0.16086867941737326,0.5245936183182003,0.5294299961253218,0.5275466371557376,0.5389849560334594,0.6898262292722491,0.6381215905157506,0.7190348363238387,0.06714500974503584,0.4589900099070559,0.8409551574269312,0.7837838299611245,0.49382290005830776,-0.7113898407010703,0.5384351612083369,0.63211364804413,0.5937696388085651,0.2352182001079079,0.6682652129973157,0.6581495773644593,0.39290568878622956,0.4851591631391129,0.735665999701897,0.5294501448246801,0.32291964438228826,0.26971054212718637,0.36327227600389594,0.35768643926197036,0.3722851526630084,0.42996208562521016,0.7092308076493,0.6242461925144519,0.6382626764636306,0.5933618849218437,0.7048664819841584,0.49550857827681194,0.5945243064166289,0.5155827895155519,0.16699023129353913,0.47671330007390533,0.6321761228509255,0.6023981236390632,0.6051517454348241,0.6408775374452691,0.6239805917857646,0.849774560037522,0.672968188489255,-1.2893380633143028,-0.039243918771428694,0.08291569854414743,0.4465780975366054,0.5358469678360938,0.5921679022291643,0.5524837178770416,0.5473558540684834,0.5490386435481035,0.8025645010578153,0.9249823178115983,0.43515530111315204,0.35477973864682716,1.0091637223081555,0.9750100859227594,-0.9157348448084526,0.11615269872787663,0.192583476193578,-0.03300919487354156,0.5306272756937948,0.7504606519728455,0.02058383280502534,0.3483747089178488,-0.5582019146036412,0.25151636877745503,0.33074631544094385,0.42845610206356316,-0.1458652016800359,0.13750759064378718,0.15122026483804157,-0.12371580233553042,-0.7479333605909246,0.04535849244851905,-0.8753335432829724,-0.7875575615247621,0.6097770585790483,0.105318472653083,0.5705631754995033,0.7527401942008222,0.4818689037420191,0.5046267548815848,-0.42340722279432674
0.3924864569741689,0.41954894541464965,0.41987469254963256,0.4305811447007248,0.39888662635036826,0.3793805604722925,0.49437180335175174,0.46747676109810693,0.44636995469642243,-0.23338980937022819,-0.023333332709291044,0.18068144885062631,0.3638586048809049,0.3913360182729664,0.41594290693097247,0.4160295204788226,0.455537828193431,0.28176708909488213,0.41201351647915135,0.03602834122359094,0.2732094395479473,0.48298721893748153,0.47780386511721834,0.5965163794407583,-0.2085107196359062,0.4081832364919389,0.41435137921955295,0.475065811082888,0.3800719981189402,0.4733515682490421,0.40681893409349457,0.3577392304782655,0.3652620123108447,0.37621431476173345,0.37805670619598164,0.2966086174531653,0.318201955450177,0.34155711688598905,0.33224883465383803,0.3433838890853466,0.3004394166269734,0.45009287588691654,0.39269237901146575,0.3927649556188593,0.3868176147151021,0.4226614540203044,0.36510995625357867,0.3883900553242833,0.36274109611421845,0.2540384923008198,0.40023879022840175,0.4370528177026192,0.41278617739529283,0.4230188102232184,0.42092587724840186,0.4194093633431479,0.48164055609320255,0.45726775982123086,-0.48043139411902414,0.17416516810330612,0.21345075559705007,0.34808324322911244,0.42802126678697117,0.4401257124795167,0.4095286784108004,0.40606682937747896,0.4538376937533382,0.46718097869892583,0.3336189866658063,0.13793033529490836,0.15957235165121025,0.38674872524834886,0.47371029469489356,-0.17904344758401816,0.4135982503382633,0.29073510468714125,0.1784871439521602,0.4852254556477791,0.42596766655670726,0.1442490688946611,0.019013281962185335,-0.20385116153210758,0.16599241291827727,0.01069276453234348,0.20844639806799545,-0.17752184431145882,0.2972799736531625,0.0581471497120502,0.04277861413865357,-0.24730610736795217,0.21671142865584833,-0.23711306202762367,-0.28502147695754987,0.4270794761899557,0.016718207795240737,0.34386379878221074,0.4523363629832983,0.3718885325143621,0.35640280409148434,0.02781273258618319
-0.05591696847180857,-0.22858341356976536,-0.11767024523903229,-0.3662235930630401,-0.10932473671217281,-0.0824999217820727,-0.11853513846974663,-0.42171779475950566,-0.09012310575899297,1.0705063046275862,0.5198127324807374,0.5280706588253751,-0.06760726917232532,-0.087597868451884,-0.10702142099529967,-0.07561937596603188,-0.16082462271873635,-0.4422615510359449,-0.2938355400086907,-0.09244625685669569,-0.2749063516669639,-0.2917650489608211,-0.27329034353572396,0.07639610558571501,0.4683211119675534,-0.14169791831327055,-0.1525270597096664,-0.05178969264968029,0.2109700884546503,-0.10184657923634179,-0.19693865506978722,0.0748518339250959,0.030018562516891226,-0.3726920734912819,-0.055407993791577355,0.05653209252780218,0.2314708871737392,0.1246781974644603,0.12609048099086775,0.1081452309333738,0.00674327827650564,-0.21991379006859574,-0.1501846225535749,-0.1562239728028354,-0.13807070246223302,-0.18851939693010808,0.021858778449638704,-0.07708290003493272,-0.02740389102324291,0.3003117445096606,0.02768967452682844,-0.13743419320309974,-0.3011141314119025,-0.19283091673036,-0.12889459650688337,-0.12074083573005825,-0.3741434046489966,-0.1755679260194056,0.8325956939280722,0.25671314609105705,0.2646130169584507,0.015993087939657844,0.0015229746436857588,-0.07280640061702637,-0.11450513869650267,-0.1431497277973769,-0.027257588514519412,-0.2931543627525562,-0.7230453239131271,-0.4263623463057588,-0.35922113851471527,-0.8158627685163653,-0.5716909096944904,0.7605919503754739,0.2507167287437374,0.0635180398560817,0.11574687237310124,-0.024155011407758643,-0.3439712556610018,0.11449270369997012,-0.6401456015513791,0.4364462570048256,-0.23900664871421945,-0.5866032237920951,-0.4253717675098605,-0.21747950754248505,0.35430518757305834,-0.25265872832356384,0.18583138120026374,0.5903862020472581,0.3412268962218452,0.744280133021454,0.4829970899694098,-0.1262519715201305,-0.31734390131530316,-0.17901605673936088,-0.33568272607129024,0.005411782680585513,-0.028181801259717452,0.7138720192615006
-0.22590786325904944,-0.3910591700990509,-0.26653552485661175,-0.5491034708503898,-0.25741140236279914,-0.2194277953767976,-0.3187154932807111,-0.530448131857413,-0.22973358029553348,0.8912675334372404,0.36701462552602704,0.3483144444305668,-0.21035259743280435,-0.1764964823958997,-0.20743168786645477,-0.2611480745377126,-0.2771153377877586,-0.49807817544673333,-0.3782754788759435,-0.15709537294767345,-0.33510917748360347,-0.4559594723126218,-0.435099473333549,-0.21382097738727884,0.40923898305275563,-0.26736778642140696,-0.2925359859027553,-0.20323645347420013,0.06504595364012565,-0.24648570978836026,-0.3275288648144002,-0.08053808683631308,-0.09503985291967568,-0.4734874195599495,-0.2295147166514999,-0.07686612584424228,0.09842990324225331,-0.038950817253052245,-0.027242627217065964,-0.06114290032376445,-0.13171389377221557,-0.38996367870264276,-0.3184913462098077,-0.25948671472508705,-0.278590428010723,-0.31748375321648603,-0.12649969765402247,-0.2090560581713816,-0.15772878617367334,0.1890113593909284,-0.15631928084518942,-0.3095350132623283,-0.4765041017166618,-0.35445839482348673,-0.26829576719518583,-0.25349204692835214,-0.48430215907703345,-0.30823574455590125,0.7907271761937594,0.12019171874361079,0.12044472828368545,-0.11767024152702146,-0.14723974471813484,-0.20458334106938164,-0.24775393485168803,-0.2546772585966626,-0.2140328983367295,-0.39116387425979854,-0.69736708181242,-0.41645148026194373,-0.3755179534083652,-0.9758250452532959,-0.6839180808651523,0.6269507942263642,0.013717193820095876,-0.07536373253535143,-0.012648029978454907,-0.18789040904352086,-0.4720793084678426,-0.12349545998276261,-0.6135038077022698,0.3120242657183202,-0.28027935911294044,-0.6022688766964033,-0.47171039256699415,-0.1991730452470896,0.22944643492335628,-0.2759436766214643,0.1063362614926671,0.49485611466028073,0.19797945556740068,0.6566849547928562,0.4278377037911026,-0.2777619444123737,-0.3472064482783677,-0.25956880083440864,-0.4540487147984391,-0.14808947426338284,-0.1691110580862874,0.6469024792452552
0.20856305774676148,0.2591127637613368,0.2678690359095714,0.2620385159172036,0.24380055752828403,0.23484556201424647,0.2754836168553223,0.4101696776214942,0.30287886171690565,-0.6544592706362161,-0.31761424408908273,-0.11927427266254079,0.20985915781513775,0.31404860102799936,0.31817693262783303,0.2071076406598373,0.3621642354949265,0.286880722627157,0.37273141480643396,-0.037355000063618596,0.2400801337860753,0.34294781886552583,0.33246750738623493,0.20953331489374238,-0.3926174385132653,0.28186530454233805,0.28186858211069943,0.31433551493586326,0.17583696335717344,0.3308328247393962,0.2908763207106225,0.1640844161996242,0.2310181643760513,0.32284418798471454,0.18314015041275733,0.1367424533230381,0.14455677550201276,0.1345936821056225,0.1386489112528882,0.12956557989584497,0.15046997040909035,0.2819580019098211,0.21922503355089396,0.31599829252378375,0.24919629429285872,0.31666425398704756,0.20166095392078479,0.2607885560623015,0.22714692170428913,0.10145831898442458,0.18126772122369644,0.2556767048879495,0.2318036831166167,0.2507757824534711,0.284916596632882,0.29152940232398394,0.4199295664430288,0.3336906619217861,-0.7022012803014072,-0.040559714031941134,-0.0014644946087339706,0.19368029228786607,0.26075100304672766,0.30522118632899364,0.272431734833863,0.2959537983661896,0.2410115626862568,0.4150133287124388,0.4938342283076029,0.21690664778889154,0.18386300603915495,0.29701767576457516,0.43145862053352924,-0.49823639847133755,0.05824481948142942,0.0985082475879897,-0.018229289158783215,0.29333284349857397,0.32823180767239096,-0.19761948841740362,0.11334799594183138,-0.43878061502577215,0.1238133211612748,0.04592801794209728,0.19456521392790369,-0.15630195762062218,0.11697067702029311,0.05215921113708226,-0.08504816104940689,-0.47016480894558216,0.0005019060510389888,-0.48814810348027954,-0.4664452926731703,0.27217759744905473,-0.006240889168308548,0.29441909437784447,0.3688678774902248,0.20105788975835068,0.20750425447358373,-0.13296376781997585
0.7935710304821285,0.9574286287709732,0.8512791384748859,1.1360075261658362,0.8176343824855367,0.7504156236603735,0.9396400983026552,1.1640014927207356,0.8242693768109713,-1.523126476416888,-0.6388612549883226,-0.1943278343733378,0.7281773742680642,0.7043965356314807,0.6955187914052515,0.7762947350391793,0.9397152275734934,0.893010638376767,0.9781371411386759,0.14566433060034537,0.629369326384191,1.175432910790105,1.0928975310478606,0.7037469741347483,-0.9489241617260188,0.7393017385471787,0.8796345747085634,0.8118247724846764,0.31081973396965823,0.9092176880678832,0.9114596083342983,0.5440531552229436,0.6638829706182293,1.028070682507606,0.7578056579670509,0.46588794947011153,0.3750584837571438,0.5127332301400372,0.49900460974555233,0.5281831940980353,0.6237198037206004,0.9930387682622356,0.8855531775751944,0.8772124713240682,0.8298329264620808,0.9767565019166834,0.696653308404537,0.8222218830130794,0.7129954102506664,0.23400630642119938,0.6816569157597343,0.8876045404509437,0.8683688733171093,0.8408756783238953,0.8784580865052252,0.8530169497410328,1.1601942507640772,0.9132882669723281,-1.7103726064753244,-0.03114743693238857,0.12644247884498802,0.6099353618323411,0.7284458371390983,0.7987086096443969,0.7581030574927511,0.7311769317187449,0.7806490497618968,1.085146282564999,1.2458621006045263,0.6042413567232818,0.4889747108094982,1.4628865226239671,1.3480269908115967,-1.2032551156103228,0.17640880242508258,0.2742599275554556,-0.01652160355972838,0.7179389635720376,1.0418007886144613,0.1273650111172444,0.4913377543805575,-0.6571919283117486,0.3173477325783117,0.495346443723663,0.5929231039580702,-0.1671386697084355,0.18681005707018594,0.2322917248258616,-0.1299237462189176,-0.9397798581372911,0.07891091782775889,-1.1721191256548782,-1.040586954164967,0.8493579788629734,0.17285360840871203,0.7843215058356491,1.036809993024727,0.6836206629967063,0.7109138969066937,-0.5747831565139859
0.7122986104037387,0.7204675092532915,0.6589182788500558,0.8489116773702865,0.6576128851828212,0.6004614770697705,0.7273250772779157,0.647587771674009,0.5863947392416803,-0.47683634744968745,-0.1438336587255054,0.23862475217828186,0.6188937103201676,0.4240420694808663,0.35996564845025564,0.6382270915645654,0.629051984826794,0.4529817177454624,0.5696250998310802,0.13377277744948735,0.25819970438967593,0.8725630336158873,0.7694256659305718,0.530804540333419,-0.47611542119586514,0.43432009673917543,0.6542321797073191,0.5671167746047332,0.2485461868467474,0.6641278787274387,0.6572201777373328,0.5239973955268287,0.59837402186115,0.6425487359911907,0.6931870739321329,0.4437654919369336,0.46920457899252227,0.570067627445149,0.5539748668224223,0.5808290273863795,0.637372358337315,0.7392933979504616,0.750911004652396,0.6311697760932675,0.6449516275489007,0.7351557625116766,0.6724904838554624,0.6919780056831578,0.6200553339101897,0.4092800866446814,0.6412547307861359,0.692265372968549,0.5068469690478213,0.5696525618938506,0.6757168448459221,0.6347499560380222,0.6750082162316567,0.5973831860541707,-0.7996034962455006,0.12462597274796776,0.3313533205394075,0.5477052173822187,0.5904985527359702,0.5682848537462687,0.5080964627950044,0.4108738203221514,0.6333178415716393,0.6604137459682381,0.47368264486356315,0.18183834628934628,0.07938377959601499,0.881150092387924,0.760038432450661,-0.5013040085633576,0.15260056455372487,0.17769744320453465,-0.04833623415586078,0.4546937726531589,0.6515749035672513,0.40958673279882574,-0.03871728737032621,0.0016740593739440967,-0.006713862836248441,0.10049244368680596,0.12889336214630742,-0.21996764041598088,0.3364121119992106,-0.011881570493254761,0.030860719542326314,-0.22635005577635822,0.32963765246975807,-0.4144556902230893,-0.47923690270551184,0.635397434948504,-0.0854575761290463,0.5120004031955154,0.5841510528408896,0.6224848799088707,0.6379378968202724,-0.04817172126435015
-0.09925411940088451,-0.3086388851109571,-0.18726401328490336,-0.4528936784877571,-0.16951935419955486,-0.1401152965428951,-0.20989208318375097,-0.5536789966004105,-0.17321892324930915,1.2247448952780067,0.5743543184927051,0.5739309448959914,-0.114427782730669,-0.16922322413374116,-0.21455333023222936,-0.14542421362939753,-0.24769835177547292,-0.541791368525193,-0.39363992926531266,-0.10899566750741783,-0.37293422859119907,-0.3778827731839052,-0.36930033214256897,-0.05370224889322123,0.540162116973539,-0.2420789265383753,-0.22513808238663752,-0.14393465657948873,0.14400944267917443,-0.1829516591994121,-0.27102374550617686,0.03682116104079813,-0.0035562711145909758,-0.46607576010926144,-0.09762626290249578,0.02278345023371138,0.22650213264666183,0.10476154922263706,0.10820443724348519,0.08596257998061302,-0.005228893890365422,-0.3036387755454158,-0.20450939483681274,-0.22014334010826603,-0.20110377477333308,-0.25532763790616914,-0.0031947578952744187,-0.12069104073101311,-0.06818809921096719,0.31941640835509993,-0.017560563890704192,-0.2129040232500302,-0.4321623638837734,-0.2895805804322915,-0.19522195640136308,-0.19231530440064776,-0.49793937906367997,-0.2735848807409329,0.9931482938564645,0.245997011498696,0.2738518365315176,-0.02156553979980345,-0.059187727519331684,-0.14992148577046166,-0.19992426660865203,-0.24650063690027874,-0.10140570427577957,-0.39948164855245066,-0.873301821831396,-0.512286669156016,-0.46075520817981463,-0.9570351560897071,-0.711713245321047,0.8472523542681597,0.14900002537897666,-0.0032340347171223188,0.047166414547238675,-0.13293103917940352,-0.4506078428880379,0.118345454437054,-0.7567386028525241,0.5569726136067573,-0.3433824568379705,-0.6794448993924789,-0.5461508817751256,-0.23297650992924,0.35464583053571,-0.3205436340604618,0.19508546687869172,0.7176793890405221,0.35967251458665056,0.8708694554348726,0.5685471591724076,-0.19751654425535708,-0.3932583200085508,-0.2466365520900434,-0.46217737131877373,-0.03442473241538273,-0.06610625082486453,0.8063467331383672
-0.6387354172569509,-0.8433738302636498,-0.621411499258051,-1.1545227323335625,-0.6323217640462597,-0.5431267170415276,-0.6760751488902361,-0.8831334974855846,-0.47207231700624763,1.4011987189232256,0.608168414391755,0.36368940870817396,-0.5632403179748382,-0.2811589216805056,-0.23403216637490856,-0.579596218468646,-0.5583337486620528,-0.8102677715947669,-0.664311363823714,-0.2796566895612184,-0.4109227267861818,-1.0153167392581126,-0.8816983399512931,-0.228984466386663,0.8245663970751713,-0.3813556323918439,-0.6455291402822138,-0.38263635272010244,0.19593854048501486,-0.5469558743515716,-0.7011224161432215,-0.3080977300334839,-0.39695088897948594,-0.8904863534969967,-0.6422442888098134,-0.2630341326431336,-0.05618917467898445,-0.3188803919801752,-0.29965903663397747,-0.35630509392742354,-0.5331248619492648,-0.823098393301166,-0.805115419237293,-0.5998742660404062,-0.6468493781575897,-0.7557611090026746,-0.5074580287923589,-0.6122455591113317,-0.5004697618932411,0.05772493428883578,-0.4726059791276941,-0.6858439460318358,-0.7121981518484654,-0.6280582867445808,-0.6409794977592459,-0.57997127872978,-0.8428152286497365,-0.5699356493252739,1.377394384198425,0.19974451231392415,0.0040763476268554045,-0.3917074830110193,-0.3913050326935266,-0.4256441881983131,-0.43952748586160756,-0.3577597449029366,-0.47674988999143064,-0.7295099548828868,-1.0421938695097175,-0.5633171807528154,-0.38498972097524425,-1.7530372338744928,-1.186526531491554,1.1545692949238018,0.26768830217253436,0.01805359660486663,0.22671578608184312,-0.23630883491964574,-0.8552590921300898,-0.42977503413493257,-0.7042642458694676,0.22398215322638002,-0.20254694739538823,-0.8455226481142535,-0.5103772508726336,-0.18872780088030264,0.22861848723559713,-0.2582547960320351,0.16333070781502115,0.6450620804111112,0.11139186754349445,1.026088297813954,0.7608854829034213,-0.5889168425649376,-0.3170864610260838,-0.5177408362849463,-0.7361884129985897,-0.4689668060137875,-0.5331996399087392,0.9007431942493027
-0.06048353513084659,-0.04845063392853134,0.03279227360005548,-0.15381707643656242,-0.009303610692588607,0.01818970584870598,0.05035115607797711,0.17799256462497198,0.15028742030178785,-0.2764855166825082,-0.13001359881424518,-0.08806963277982806,-0.028209446793754905,0.2576187396879165,0.31779764561357604,0.008680438335506972,0.18471660164699594,0.07721248457300287,0.1857486171550246,-0.11247913368672642,0.1985639491121833,-0.03444436606949222,0.03461889696261765,0.23882041184936406,-0.1019010910234686,0.22357196593117099,0.05018441694694152,0.2145017657192026,0.2972656317990175,0.13764680906003648,0.04147510419927788,0.019765883630186373,0.03461996685476611,0.04281638625902194,-0.09004236818722003,0.027491878290053687,0.057407024527578523,-0.045013250731689394,-0.03788382375698492,-0.061471550151924986,-0.11466602973790853,-0.008939492012493128,-0.10912287329096726,0.09197674735630457,0.005008732700936467,0.023460907002469954,-0.04917046638118886,-0.00924086230161987,0.0003611700350126286,0.030915527383227025,-0.018259747914548877,0.009215040136062115,0.09230511441625668,0.07222387770482083,0.035381094290216165,0.0764557971657803,0.18461173352976087,0.1663270967480475,-0.2864019503767193,0.03436545754926739,-0.07116134889527775,0.010742433947127065,0.1054877329203446,0.16491982471324243,0.15492636584947075,0.2375850505932819,0.0866744706242938,0.19091131001860717,0.252938879603653,0.118865766511398,0.18452142449413333,-0.24787189579562438,0.08667304995607537,-0.10531152571241913,0.27431725593865686,0.18161358022128987,0.17782048605555034,0.28470279661073217,0.0719707126339963,-0.39718193777541616,0.03974321878972016,-0.482995546366403,0.17754734965499985,-0.13259661187065286,0.1708398474032817,-0.15898986146264912,0.144446230933086,0.07107109773111063,-0.02525720113233182,-0.3437136857287116,-0.03849450787605848,-0.2245353107876571,-0.23338456007964326,0.06937959983285277,0.0122161313521388,0.12731010791469557,0.18866095685065157,-0.0022261516502930993,-0.031224934213980576,0.07532862007450059
1.044700690566747,1.2121829151586085,1.0573512379295513,1.4792968936375157,1.0314647986410865,0.9355149101808012,1.1567621063366067,1.374694681645257,0.9715169065878259,-1.8086088906588613,-0.7667873817656247,-0.19164159074690987,0.9305178558266682,0.7813110242210549,0.7217342964634735,0.9752353472475641,1.1197035528602741,1.0791513546348785,1.1554049457346787,0.22140200328440268,0.6833119574517174,1.5020873373216186,1.3557674938619193,0.737321514849463,-1.1852971484566641,0.8219519249752386,1.0899362848274534,0.9323937094161365,0.2585841291411683,1.0920649178801254,1.132225966326358,0.6822059354207675,0.8471390289864837,1.2758565684307164,1.000915338898662,0.5874517087692342,0.4837627563740546,0.6799739462076192,0.6601117256094156,0.7026635014998238,0.8655939398367966,1.2437323137250413,1.1650692278628028,1.0855013279635102,1.0461530526463088,1.2363624727727116,0.92579126439457,1.060606198382932,0.9145033460190427,0.33072744699435797,0.8775628563831991,1.1101585276789392,1.0126456346456023,0.9990151392404626,1.0950253223235695,1.0446373761034735,1.376968957599141,1.0706068574423928,-2.0479398041384935,-0.06625412313788118,0.1936832545047069,0.7681939364702147,0.8770442230983031,0.9352376549809854,0.8787530311788144,0.7942402462214524,0.9547440660870695,1.2878871726554868,1.4468812766496058,0.6949714187546657,0.49820081642913594,1.8928891720033851,1.6355076048114296,-1.4903881244919732,0.04905867956740651,0.2350514599361779,-0.1408151840319321,0.7610153530893068,1.2651840197057433,0.2952204037975971,0.5276569310393346,-0.5958360464618835,0.25394971132112387,0.6127393053631033,0.6131601948934431,-0.19195471319823645,0.21515209450929662,0.22268708512133173,-0.14668978047980616,-1.0057056875827028,0.14200552487756235,-1.3843776039605464,-1.2457156574246107,1.0411496194984333,0.1456356217248722,0.9466584263160012,1.2078465626883554,0.8830617533181507,0.927320225887379,-0.6829970023761726
1.2263951254611878,1.2980429911707168,1.1217859739602618,1.616195579718258,1.132984057699261,1.015291723255492,1.208055278771152,1.186256452205324,0.9380324155133343,-1.2747838503732083,-0.5046854450592484,0.14924701266025714,1.060155416460808,0.6374182926317046,0.49138852281094586,1.0613458174943302,1.0505566444037286,0.9215149181821234,1.0129590676716107,0.2848403553572936,0.45118098886614966,1.595224039382626,1.3745768995464756,0.6407798933385792,-1.0367655268167908,0.665824836338903,1.129013469840465,0.8576760552902646,0.1509730889227378,1.0872313393869464,1.160411970079906,0.807539982233815,0.975001216610465,1.2225471097847336,1.1971553523879346,0.6846215135911152,0.6542934055846887,0.8931723389439091,0.8670184119075367,0.9217348041831045,1.1110529341365092,1.3105776119135473,1.3472555698949682,1.0989283722664878,1.1239213037722364,1.3085591919728412,1.1327394011247647,1.198703937385155,1.0452906182845314,0.5459558716848898,1.0380059085052833,1.1864356493880868,0.877228981933398,0.9633221473273873,1.1618670122322268,1.0725332794425415,1.21470475369073,0.9882930006880347,-1.672764081165877,0.023465426167670438,0.42945352837356154,0.8892137027792826,0.9246531182463555,0.9001103411735548,0.8110473136474609,0.6213386124586147,1.001904858633899,1.1632376139493414,1.0467657099399965,0.4513541368419576,0.19238183992688235,1.8992288670122104,1.4806131266983624,-1.2390473791736223,-0.09284962729138775,0.13208777343210873,-0.2916818973404261,0.6045816204441976,1.193325897042652,0.7009457386115094,0.168043898428631,-0.039448383565034134,-0.03823123313333976,0.4409983240201714,0.2900214769317906,-0.2434996323948482,0.3381620430541234,0.02924054359590353,-0.051961932035761015,-0.5452708434656419,0.38860212821155443,-1.0014615611975124,-0.9975019081756868,1.072038753458239,-0.06153284883901173,0.893415398764785,1.0302997744622937,1.026812336622919,1.085622145355644,-0.4221167632540372
0.10032924181790691,-0.06059810076878114,0.021138424588967166,-0.13583507927455057,0.031234087643997415,0.041829413035866125,0.017263935092920915,-0.24625206959361734,0.018109449123604876,0.774745741621357,0.3860301961552881,0.47955753828945347,0.06643930414916241,-0.008193293729578168,-0.06200824895947828,0.04473130285521571,-0.01973369244255412,-0.28392243632889214,-0.14115043721574594,-0.046113211581044984,-0.20334429999514916,-0.06996295266217543,-0.08263537069040419,0.08047153741662205,0.2813653795477795,-0.06468690823871184,-0.000629081780034442,0.03902775248189816,0.17402984634064936,0.03223803061145133,-0.03584302952201711,0.14874163285210207,0.14443837520351352,-0.18304857320973383,0.09480199601903098,0.12988215378558463,0.2895388051280125,0.212005023778661,0.21056441521714617,0.19940759713086023,0.1548489642010554,-0.043549260144565276,0.026317950428058904,0.003267991626039358,0.011671346655161554,-0.0032625652232160488,0.16389416584393918,0.08282654457995156,0.10154877030926428,0.3446938706320157,0.14012878435472306,0.009539562517625659,-0.20589249241483673,-0.07646939610599272,0.021206046315481196,0.015333332240783941,-0.1992013303559258,-0.05267094498148024,0.5287442434749701,0.21385414100323613,0.2781386526729331,0.11779116482778235,0.10456930916588328,0.03651667221410232,-0.0161728422376233,-0.07512399689587605,0.07996083067947175,-0.12410668567909498,-0.5190063642355118,-0.32785096949349385,-0.31639346111154865,-0.5036340960132897,-0.3344934304526812,0.48726302565969665,0.13464031486946906,0.049852378985599646,0.021403436202977962,0.019342131330624276,-0.1719275819416904,0.16382427000577646,-0.5851394389436523,0.40272812066352404,-0.27561926310585827,-0.5000963107073294,-0.3693775745376538,-0.24392589253450006,0.35288866142781306,-0.2349620814412091,0.15568305469671254,0.46280833717867864,0.3395956778074403,0.5264383045906783,0.28537231029486604,0.018003982214382302,-0.3184816296918604,-0.04220579545908272,-0.19471996502135416,0.1291368417279203,0.10884692163451802,0.5972874893190911
-0.9564567826111754,-1.2118446861579835,-0.9059924407469674,-1.6465488250178382,-0.9332275563393079,-0.801452616484916,-0.9622194302288484,-1.1879586504658888,-0.6702043824157302,1.8767311837865168,0.8384406401628742,0.41417033806239045,-0.8417161816553065,-0.3733036117363042,-0.27098434113157116,-0.8304546731887031,-0.7900672812384039,-1.0783448587063353,-0.9088772739959974,-0.36789807530241164,-0.49071141812916236,-1.4667110068201492,-1.245139712635635,-0.24873689740638225,1.1780163807774633,-0.4816639136454772,-0.9267328054178529,-0.5265553347055723,0.3059852379422305,-0.7901413606855586,-1.0030412776288224,-0.4845761973886547,-0.6295635954284751,-1.23523919473937,-0.959831510737586,-0.39691995360577687,-0.1573193394020712,-0.5266385108057027,-0.5035498941720508,-0.5775881765943279,-0.8337398412171249,-1.1727540374887693,-1.1880288862611974,-0.8712999414943863,-0.938186502803898,-1.1052232382791602,-0.7965442550192836,-0.9282445782116616,-0.7669341050119299,-0.017990251330261612,-0.7144514631380052,-0.9869410626235685,-0.9184886616330675,-0.8585134972656906,-0.9403453755097324,-0.8430047883658496,-1.149951109297306,-0.7895886602955292,1.899586647056209,0.28072108144494845,-0.06807532247969969,-0.6062986277863937,-0.5842767563305805,-0.6072214402275832,-0.5989098294799927,-0.45517998177414953,-0.6809031548563469,-1.0160673349631117,-1.3651674707153814,-0.7038062240917673,-0.4192776081274084,-2.40245282479897,-1.614359450140361,1.6159201337054536,0.46804266003352935,0.09130347935014828,0.4218409598004145,-0.2830872571739434,-1.1746820738666572,-0.6478301804657739,-0.8258083515851727,0.215283548602193,-0.17677370594541156,-1.0730315798417143,-0.5741122454809257,-0.19464866096770808,0.2541395500081199,-0.2559067500556445,0.23117271863819666,0.8193564110954547,0.0693199732106937,1.3634369791486955,1.0538814569309294,-0.8378245978584122,-0.3188131098872167,-0.7266732527545228,-0.9844480804533391,-0.7123173297566735,-0.8124225335828072,1.1555540176987058
-0.5084038314271154,-0.6109772225366153,-0.41984606937678504,-0.8800285349262194,-0.4636921060080675,-0.3848570926542069,-0.42273471898592646,-0.41684743829561227,-0.22389434966102253,0.6240005480386035,0.27311863156842764,0.08022521416655613,-0.4392771717041744,-0.0024315881991597977,0.09337030291562502,-0.3873662153289134,-0.24769830050597952,-0.42696407661529784,-0.29164270295400685,-0.24512937363109888,-0.07084440183460676,-0.7178718867492533,-0.5654178497339002,0.05950094711194013,0.46764045635367213,-0.06415848123074644,-0.4157345183398136,-0.10874535037805344,0.33625616348649273,-0.29199122902266805,-0.4521248643521768,-0.233100448928011,-0.29794204699832827,-0.5396300768288913,-0.5352048973547665,-0.18668296684040392,-0.07125870004149755,-0.31058457140025275,-0.29604862049249564,-0.3447473011383638,-0.49963883842672346,-0.5679105177070419,-0.6510584488612308,-0.3608553210919115,-0.4535168789183902,-0.5196545149430949,-0.4388089995599979,-0.4675248219494268,-0.3861900105330855,-0.030569342227001278,-0.3656115162744487,-0.46826004441297114,-0.337422872366473,-0.35537139267717527,-0.4357952924657296,-0.36058808092945616,-0.39794499416306633,-0.2616609580098637,0.6568984363989167,0.13427510110550622,-0.12067026393685411,-0.30552479718515435,-0.22532132264416324,-0.18802291182816877,-0.18105863115224805,-0.052854206465918416,-0.2645326038297714,-0.34731940398244193,-0.4192292412247188,-0.2108400045619037,-0.031487817525111594,-1.2602633036412372,-0.6804762582823152,0.6683210075672698,0.4187417368405038,0.16756115820202488,0.33268382603924707,0.05919763886894433,-0.4950270743239797,-0.5954848074052617,-0.2829519053042774,-0.2668535711390712,0.07298496284434527,-0.5354690803580768,-0.11008266012161526,-0.16575933297826512,0.18342169152118243,-0.044089306087689885,0.08080259719531664,0.12318560808478914,-0.02881484434561794,0.4440652162788087,0.3122215741288758,-0.3572052631224106,-0.09833423551516325,-0.2608892453900047,-0.317748607039207,-0.3575250541445178,-0.4296883629045187,0.5414925444196529
0.9581259984090776,1.0698404665051784,0.9367984913186538,1.3117150807460833,0.9191449441479155,0.8296435626884406,1.0280087022444129,1.1733643592761527,0.8476997183672124,-1.509154782282019,-0.641988040233535,-0.107083066913053,0.8344939328401567,0.6698592407801214,0.5923269400532927,0.8795051255863996,0.9866722723554423,0.917238154001229,0.9978592167832683,0.19491791836546773,0.5554868985487065,1.3381861615921569,1.1898967740466257,0.6323368338460348,-1.0334025349682325,0.6957087934928683,0.9616507848110605,0.8102497800486557,0.21444345201830609,0.9625088529897294,0.9978604638524206,0.6272002761127049,0.7781506671205144,1.1120132893997756,0.9105146854192427,0.5357246928585808,0.4702178025176967,0.6381397615573575,0.6205350482200275,0.6575373783133539,0.8108941599275957,1.094424327098615,1.0497638887035763,0.963108559809539,0.9280408401526083,1.1028157622723553,0.8577086961307006,0.9617652300953478,0.8293101989097389,0.3488091867347654,0.807075241388361,0.9865993570855945,0.8593779228206437,0.8591475836395099,0.9722232042332715,0.9215104048384828,1.1862224159073829,0.9244988488771625,-1.752350689707031,-0.04975056629489663,0.20583911960018308,0.6938462377103689,0.7805732826815123,0.8169333611072039,0.7579046051383961,0.657980929068568,0.8603565356211303,1.1143863608631366,1.2066112152260673,0.5674072601730503,0.3744074887578707,1.629924572813644,1.3954994062985662,-1.2654899809886477,0.011867954378893304,0.17674065014563264,-0.16573899685000373,0.6383394530686881,1.0893417091429856,0.3027649856032894,0.37764267411396923,-0.4311923738963888,0.14741386978610113,0.47619362966612755,0.4591345039072694,-0.20161134793780036,0.2335844302844888,0.1407456884849886,-0.11131824625888168,-0.7861732795145812,0.1809794622662795,-1.155286870974309,-1.0754420934682587,0.9199859227301135,0.06484822118977408,0.8275983678402032,1.0328221528085872,0.8105398360274408,0.8454090498694659,-0.5171693792170372
1.5446578417205719,1.672724157579137,1.4285303690116355,2.10799465943447,1.4371279279205358,1.285322170608226,1.5359369448903106,1.5963743398132475,1.1942225018527184,-1.8889309150799727,-0.7741378917948993,0.03941346344357169,1.3378958822571034,0.8254731454478078,0.6456501911534354,1.3426531451410835,1.3598445247294315,1.2737095634173796,1.3490558463046982,0.38628525711423833,0.6416474000164799,2.0642660847214755,1.787003294043012,0.7670396844364599,-1.4294528828727702,0.8705985284357414,1.4526440461067875,1.0867825190112947,0.1330890466758512,1.3842256118682004,1.5005587738018062,0.9784637892353908,1.207642066792968,1.6283203781658773,1.5047747625215897,0.843154959916599,0.7568894861893061,1.0756877003493417,1.0432298107101816,1.1151733797376915,1.3880844246087247,1.690279299023984,1.7151777854669052,1.4205490822341578,1.4395111110759071,1.6873902138744505,1.4082357248361492,1.5175621580374938,1.3114825761044984,0.6077189958634276,1.2835105279274184,1.5144645510492087,1.1723245630789787,1.2505515495800812,1.4823005673884095,1.371310014753704,1.6178601586646886,1.2810066121109882,-2.318112345391136,-0.039949731775035545,0.4587069402661225,1.1016067815877135,1.1521045196313187,1.1442554289437001,1.0451957164168963,0.8156014062235788,1.2583057332152945,1.5362886616605043,1.5111976469774755,0.685039461532206,0.34216977708520085,2.577408516950993,2.0022086316899586,-1.7624545801540916,-0.19680463627879452,0.14385173961747585,-0.3944047026917364,0.7607252371280312,1.5790668686655123,0.826267936565631,0.36687159307388784,-0.1659548187775872,0.00023512055095175033,0.6914105894511148,0.474395265616411,-0.25772468100731233,0.33133254395044764,0.1081689721785602,-0.10688843824879875,-0.8367399299130284,0.3893404012215019,-1.4650881006776144,-1.3858882086035884,1.3715157490002663,-0.00032357882964319235,1.1729106971419845,1.3824611873047947,1.2836535955120012,1.3651289754179003,-0.7043604052679995
0.45752626466066176,0.3857604522973216,0.39504142048668794,0.43318843290062875,0.3918784115648397,0.3688992921576692,0.42121011510921846,0.3017862462728121,0.3584092885645084,-0.0393767617776367,0.041514653734109196,0.30590451653021133,0.390307793243614,0.271932330767904,0.20275214082173104,0.38022398498874277,0.3821608480369658,0.1777287373875474,0.3054430351267996,0.0675143655368083,0.09239303400656872,0.4852997552800966,0.42993917843885665,0.3021763262743882,-0.1928726582347056,0.2457065939485692,0.40070658276176224,0.3633326802122704,0.21860597515610877,0.41426112485802624,0.38504911707608697,0.347376029506678,0.4102848124061679,0.3246836133576203,0.44266915627152575,0.3214701077546259,0.4005110874146208,0.40525710884787,0.3942151686868789,0.4033264281452193,0.4442674551828741,0.4218234919819371,0.4443295359018052,0.4019079558148743,0.39424463286105765,0.44854568295758807,0.4646409865320641,0.4484121866846121,0.4076159461993746,0.38899790826854846,0.42013381233467284,0.40647430312450705,0.19267185480090976,0.29920741486491453,0.40938937601132913,0.3867731297413775,0.33417584705800024,0.3396779546752766,-0.30703621611529924,0.14923611496069408,0.2857753964581195,0.3663419260882157,0.3939452057667328,0.3636148049905747,0.30599611289864165,0.22441424843689534,0.3993492974047968,0.3645555716502085,0.11171081337480694,0.001100658958369703,-0.06428689805341965,0.31433426530568875,0.3407938873596892,-0.16832873968024156,0.09365506736167249,0.13316485710808906,-0.03129929021367119,0.28212327297998696,0.32814576936178685,0.24755372993271516,-0.2754250139244362,0.13430133828293642,-0.1533509473752611,-0.16792380799795473,-0.05908484071830566,-0.2584557298325162,0.34611886233403827,-0.08278961187618179,0.08295050024483575,0.0044304904270655995,0.3034623394989355,-0.09339300901505147,-0.22344691991771892,0.39904566190747054,-0.18977945412364958,0.32017021170739596,0.27436110297943583,0.4206793997982945,0.4236665416339909,0.21789949874794703
-0.8672740005939761,-1.1098056810638213,-0.817254225483831,-1.5187998184048754,-0.8493368732628825,-0.7249384876148597,-0.8607964803422374,-1.0521454020108996,-0.5832269314318809,1.6892743314112826,0.7667870195413411,0.3800600874288091,-0.7665209190649861,-0.2934158839571549,-0.19596488997582637,-0.7431762982987035,-0.6836846106329415,-0.9653743798369724,-0.7945742951101952,-0.3440485125606005,-0.4091975503983249,-1.333871773394558,-1.1185797504078239,-0.16668293325641517,1.079963800016231,-0.3892604831691496,-0.8287620425484528,-0.4352068751053744,0.3395635859619525,-0.6914269696163016,-0.8993699337759788,-0.42959068042811843,-0.5631415197754503,-1.1112672802403907,-0.8757000718186869,-0.34585744566883714,-0.11948612739413558,-0.47880348160002933,-0.46041577723159843,-0.5288564458160331,-0.7666950451816456,-1.0594093734417303,-1.0908771152564998,-0.7721249745000974,-0.8458049023658504,-0.9983195797998237,-0.7243309812445939,-0.8425482747682229,-0.6958330714713779,-0.0014285025631115928,-0.6403136962666469,-0.8905718110154386,-0.8190575207904133,-0.7681993380477878,-0.8484713690197009,-0.7547389863980343,-1.015853063976072,-0.6914539857995496,1.7039147175840124,0.27438215701607915,-0.06669462309575795,-0.5471542440064247,-0.5083628440863432,-0.5205860631511157,-0.5131102224942545,-0.37703411479153204,-0.5924807784109699,-0.8960580962584359,-1.21644795518877,-0.6227996292212276,-0.3551617696102026,-2.214497613719144,-1.4522980979879399,1.477235946749566,0.48792436586929167,0.13758491140398546,0.4245465482601013,-0.20175499381232004,-1.050216335387212,-0.6325985823773826,-0.7478697180706344,0.1435050129050361,-0.15047287040809348,-1.0000685409646504,-0.4915944346259162,-0.204421072595085,0.27019621405116495,-0.21457635018312135,0.21738197084042096,0.7066202407063799,0.06505111231423255,1.2207589333819084,0.9257978455813004,-0.7345467606783405,-0.2809871223070764,-0.6343909219562218,-0.8720678645162235,-0.6414343166803734,-0.7407716638540266,1.0792048705583057
-0.6920674162380351,-0.8736240491405868,-0.6358956792285287,-1.208504461163799,-0.6728589769400446,-0.5760049342243418,-0.6449086546820649,-0.7417698792470457,-0.4209173739692018,1.1390318666952621,0.5012504930773128,0.21126094610539564,-0.6240504780795062,-0.1603437854420255,-0.06773148399795732,-0.560992359791968,-0.46923958282388856,-0.6989671697424437,-0.5491124510469779,-0.3028736016845477,-0.24604595669314852,-1.0327902496993095,-0.8585216688179106,-0.04580435691098897,0.7596198747074541,-0.2374955416619223,-0.6436159024550887,-0.28903543557492356,0.32395908666243417,-0.50793564738981,-0.6924711633404399,-0.33508789640067277,-0.43905109729631353,-0.8320132062044256,-0.7229530901753197,-0.28195940018940735,-0.10958449289090871,-0.40725243558309265,-0.3896871404254589,-0.448708902991208,-0.6451230360046921,-0.8354193506392834,-0.8856647194847157,-0.5835814650412854,-0.6707554042054613,-0.7744757711885049,-0.5948013034549764,-0.6697191763286265,-0.5568788452689738,-0.027281482777252435,-0.5056705771992851,-0.6912050301801521,-0.5678846241893639,-0.5783144593108215,-0.6598651885032343,-0.5762337976507355,-0.7104617437245891,-0.4928090600345073,1.1694372008199785,0.18657019757081603,-0.1141245737324266,-0.44619342717797694,-0.38611852136356517,-0.3738874202766732,-0.3645417282668263,-0.23755402922908211,-0.4250957496241158,-0.6344123871790459,-0.8084486185296514,-0.4100745589535101,-0.19235508575767266,-1.7478351018294158,-1.085737780408645,1.0875671503434852,0.4561433310612411,0.12931937386313092,0.3668296029312738,-0.09014548877638164,-0.7893831556639352,-0.6222738948988933,-0.49391558081197373,-0.06529576419202321,-0.038654978884938726,-0.7583186179523802,-0.3112167853877426,-0.17447533843098104,0.21895077881994413,-0.14390011182673526,0.1427239795105912,0.44268675709520355,0.018204736950387955,0.8299860815835723,0.6120562546901351,-0.5651897599367892,-0.18842243304985914,-0.4643936064486278,-0.5936916282205136,-0.5067870352468431,-0.6008772808567968,0.8116318252868769
0.6766837886557197,0.6987480321807135,0.6366043338276803,0.844200222526572,0.6197259352972608,0.5620249136039495,0.7163837742570385,0.7620042832908385,0.5887238376764312,-0.8758482421576242,-0.3600183998856783,0.023136285187863377,0.5671933878119717,0.47895925474693857,0.414959115306177,0.62458112251869,0.6917551265073298,0.5737115105936759,0.6681878991739792,0.12288682152086566,0.35513803710839414,0.8893348852949735,0.7878789041460342,0.48821278201320006,-0.6589346070219231,0.4803768790252717,0.6529062832430159,0.5791291313638852,0.2153940655754191,0.6684506693617738,0.6674797258090828,0.45831450819724473,0.5633469088344907,0.7221564068331785,0.6267885010754854,0.4007053841991622,0.3908117874798723,0.47313655394507803,0.4616905882932891,0.48258188785998946,0.5805557744494279,0.7214185096752889,0.7008118325329915,0.6630983885916761,0.6257453805807366,0.7495566867678418,0.6155501867829508,0.6685267409853171,0.5811538955783381,0.3258970457741029,0.5854698163659755,0.6732817326522788,0.5672421095715299,0.5690187395972046,0.6603693892871717,0.6303840211687819,0.7835107245605949,0.6281059986487817,-1.099885671699945,0.017575631290847223,0.1844344462242595,0.48657063216736496,0.5552539093404465,0.5709502858227214,0.5229135835417034,0.4422440306743533,0.6309355234357346,0.7457018969304655,0.7380394339326741,0.336200979884325,0.21059407969257676,0.957498619159223,0.8703882178659854,-0.7395303693528835,0.07191632325936198,0.13519423093476188,-0.0827385074878936,0.4599125789759166,0.699204933742966,0.20255525147794218,0.12620952125092189,-0.2250354038326232,0.04112001361873632,0.19017761422431512,0.23910529192259677,-0.21145788774443985,0.26019763122894035,0.046567419967755826,-0.02514752476670144,-0.41349405531677996,0.20483761122660063,-0.6913690783431801,-0.6947403277681312,0.629253490210378,-0.0340647506316877,0.5663890187058567,0.6906206862672043,0.5916041686360213,0.5969724275903538,-0.18146895398009638
1.3969564650061046,1.5073908040459638,1.303261651947122,1.8931697398429328,1.2995157581943235,1.1696782921712239,1.4062434887197017,1.488354479582992,1.1123282790586395,-1.7492315952648176,-0.7027858747536646,0.02415197211219322,1.2109534159760997,0.799808706960876,0.645507125145013,1.2251891718486025,1.2694780815936788,1.1848299875639476,1.2626491558613322,0.3586920240002384,0.630456872039536,1.8684538756342541,1.6358498936114365,0.7408143656796079,-1.3011497323667987,0.8393357141322629,1.3376203191697502,1.0320164729165033,0.17904757945651578,1.2802918609072356,1.37472437575584,0.8817886812878644,1.0968857018934803,1.4967077556981792,1.3581817080019005,0.7853087923077618,0.700103142548628,0.9657119937918388,0.9351907707483628,0.9990983049955552,1.250519104209203,1.5397805713652652,1.5390225086989051,1.3148275007241346,1.3154496974204473,1.5419166149833188,1.273396487773784,1.3779210935697066,1.190316855605644,0.5623115541523941,1.1629951878139115,1.3811536204569712,1.0900940680166527,1.1554892538769506,1.3518829119773998,1.2605477881340617,1.504696426937686,1.1958326178237468,-2.137672876791408,-0.016104717234035677,0.4032977483911792,0.9993596582929641,1.0638892589001259,1.069115353145552,0.9844300348468992,0.7864605291290614,1.165721049357706,1.430217120452676,1.4194855227340766,0.6563820503311093,0.35804941597359125,2.311664421066642,1.8438280728101024,-1.6131121115659743,-0.13229906419904533,0.17643975826878117,-0.3046309296612279,0.7457565337680994,1.4529766164171252,0.6890697597357901,0.33650958667800573,-0.20197433256890393,0.01719591871151598,0.6070089815656332,0.47661849508633336,-0.2619692562327365,0.32775667463306934,0.13508169261016975,-0.07666720061561969,-0.8002705480242852,0.3411793419827633,-1.373090015537429,-1.2958535009530194,1.2671989991315562,0.008288789990954839,1.1009486436078755,1.2933047604961407,1.1738854097885252,1.2403890240450668,-0.6162649121361014
0.6282872662619746,0.6106972070635771,0.5837431122462077,0.7182921613751035,0.5711500389761004,0.5325196821351262,0.6225604264134075,0.6049489184412105,0.5379625237876259,-0.5242828992021549,-0.16519270222167942,0.18248626647285773,0.5494001448267621,0.4326961750146649,0.35822561528207536,0.5441994835173282,0.6010460773124244,0.43563763204222444,0.5545409811625702,0.11725194565749521,0.2687817817540469,0.7709731520276786,0.7003117968696798,0.4221173996573302,-0.4474702489114015,0.427223138226305,0.6081028126537015,0.5404376684169666,0.2497957289073257,0.6164354143280382,0.6061312273493028,0.44116118510927455,0.5382198751170142,0.5989887881240809,0.6095936664762304,0.41096804607593007,0.4465383223310198,0.4858583454660306,0.4689082184056999,0.4879335560378212,0.5738521650670367,0.6636243335528299,0.649315885612497,0.6122768961240487,0.5893763758440758,0.6793611231895901,0.6042989855188752,0.6277794020974666,0.5546362626977119,0.3908702609048757,0.5516828537187327,0.6054968156067637,0.40207140661207447,0.49436021666373753,0.6062411517549008,0.5766485349418975,0.6281583891124589,0.5499428883804105,-0.7830662343345635,0.10392172431819759,0.26609721842157913,0.4861580580029322,0.5424351154571797,0.53965527841043,0.4811874490723096,0.3934062339430292,0.5580624607736783,0.6318637747418696,0.47738299584820565,0.1948711754654378,0.09003223922881756,0.7543850282756823,0.7138211323184804,-0.5430756114450864,0.07946921704579205,0.19803309473192182,-0.05411545218872682,0.43378337429438396,0.6005678932681416,0.24985229230015538,-0.07438263709452779,-0.06374974828410213,-0.07385969070708555,0.02536505773299307,0.13442850517065807,-0.2603585656265772,0.33240879539170287,0.01643516354630118,0.028932740257270682,-0.2959629660469432,0.25536962088750487,-0.4559564893770531,-0.522645097584514,0.6041307524431009,-0.0984183861736344,0.5171829939447337,0.5254971677622303,0.5546387732849968,0.5705586768243471,-0.011802880151587342
-0.4911020303764197,-0.6851810161942263,-0.4737985452580372,-0.9641163687139365,-0.5014343934143048,-0.4207902660038995,-0.4897513263340616,-0.6235136929244257,-0.30578855775977803,1.0672458926532553,0.4928215434572347,0.29881128665712625,-0.44840149559254605,-0.10213750223629954,-0.05369249019513501,-0.416539223778028,-0.3464585382580022,-0.6002730562332442,-0.43989337820213015,-0.2448182807008178,-0.22689610140119554,-0.8008998976173546,-0.6604437423380639,-0.013554916132144058,0.668134421751205,-0.17393478906271304,-0.47411686942988307,-0.18985361186173633,0.3143952239411788,-0.36035461906879784,-0.5212492952514094,-0.21195848353091384,-0.28739297143319825,-0.6723338340040238,-0.5151534791089656,-0.1688543537814736,0.01683977961173905,-0.2496067421868997,-0.24076471643175607,-0.2884794974815561,-0.44037411957572903,-0.6329601432089225,-0.6612832510836674,-0.42196292106194183,-0.4931004986449415,-0.5779179264841139,-0.39892971651842535,-0.4790970344342945,-0.3908148530635979,0.08614142603160871,-0.3426815090375961,-0.5209873856417627,-0.5090218037191973,-0.46236028882614133,-0.48975446328978905,-0.42765823454971263,-0.5877321782129704,-0.3818351089045337,1.0281602496197912,0.209081268366409,-0.009530382639988646,-0.29993623938944314,-0.24931626497592357,-0.25327567058020956,-0.26428379364127286,-0.1867890508929244,-0.29897566458515307,-0.5016122260432369,-0.7556042043633177,-0.3990894620054329,-0.23392698421996286,-1.4610813275950714,-0.8976960243075408,0.9430806933247361,0.38291784041059196,0.1513708186072452,0.287695089564919,-0.04075319576662534,-0.630023023328451,-0.43978293102392085,-0.5507080042418917,0.04719760662547575,-0.13847252854168723,-0.7358722155377502,-0.32838203742522365,-0.22034969926664807,0.28422070828013124,-0.16164501050607075,0.1499879831313294,0.426377486220824,0.10043008169857585,0.7614766390595336,0.5203651406113404,-0.39584506518284407,-0.22520361413029638,-0.34084223501549,-0.5105741655146733,-0.3482719751324782,-0.42361342572193256,0.7913479575773704
-0.5427668654350758,-0.7463872690324511,-0.5324036257910171,-1.0299243697481015,-0.5637569424394469,-0.48434791609995365,-0.5230135903510603,-0.6533849204540151,-0.3522219808713783,1.063273615508213,0.4717797676241593,0.2492347003174514,-0.5192203011012245,-0.13085014276632953,-0.07205519815464527,-0.4400127718226935,-0.38089397780658474,-0.6205893663849753,-0.47213310188723495,-0.25462091784359986,-0.2345485787913936,-0.86659684920457,-0.7298232093668848,-0.010972048248036197,0.6578997109802227,-0.20731127747247938,-0.5384776955682842,-0.2335773844662719,0.29981848904498315,-0.41874364710055106,-0.5850574080017864,-0.25281259545758483,-0.33610144434343536,-0.7161720426931273,-0.5879986254537191,-0.20852281807034748,-0.0364566895243302,-0.3042884273356365,-0.29066003611269486,-0.3414240176384294,-0.5004063762016226,-0.7122366189622737,-0.7370036705575032,-0.4805680902281862,-0.5616499563872809,-0.6413730147687449,-0.4621220985596558,-0.5415750290261783,-0.44825734561919656,0.048163064376573105,-0.38571478541116316,-0.5726146135505129,-0.4927226348223184,-0.5032854070119499,-0.5514144931624371,-0.4823610994836734,-0.615932442560206,-0.4232094174494384,1.0458495136367816,0.18413731884808177,-0.06208134784637879,-0.36272829815645186,-0.3094767637079644,-0.30922926991424665,-0.3089736501625402,-0.22285047956497173,-0.3163336586398878,-0.5463625327822246,-0.7456199548004708,-0.3832219456356521,-0.2089847269359505,-1.5519284314277053,-0.9670253344036712,0.9966627362698913,0.40022584310470893,0.09960392426549929,0.30508338346757524,-0.07786619388461832,-0.6910533823104259,-0.49282287417489046,-0.5159956518668566,0.031264921834530154,-0.1055559020964541,-0.7308939916418753,-0.33358920427841365,-0.19916684815246666,0.25536010623637695,-0.17105061761865628,0.1559911860108093,0.49337079163475445,0.08460388855269188,0.7675470048469988,0.5381399366779779,-0.4685152460396522,-0.2225650570337848,-0.3878771398860998,-0.5112824512898406,-0.38409384090768,-0.4783738522892014,0.8075001202700348
0.3737906217523402,0.32618797309588454,0.34043921167481106,0.36906651695919984,0.31579796888912376,0.2960255175258558,0.4099128383626498,0.39734942247219324,0.35197013063307586,-0.3160113565859115,-0.09999910200251956,0.11004752147714965,0.2924630462138793,0.3246946418168368,0.2923995725088195,0.3643306229520904,0.4168291044524243,0.2688478544373066,0.3721060344464437,0.05727685941277832,0.20694778273421133,0.4367421837087782,0.40043123377494055,0.3806873673658982,-0.2935391587714949,0.3080050311852691,0.355927280139261,0.38011415409067145,0.25317304003887753,0.38799419988877165,0.3465886901513509,0.274468897054452,0.3331231963097575,0.35466546113603903,0.3276817194714024,0.2677958637321948,0.2934153853788543,0.2827517274546703,0.27681015794691893,0.2819398717245241,0.3206004132520742,0.3566645714036207,0.3335344728444418,0.37438810002754225,0.32750126122804235,0.3967763153099224,0.34985697319486686,0.3634988893508591,0.3220242608087546,0.27509104172678633,0.3463191642211326,0.3625807696464848,0.311170483357454,0.3051154174497064,0.35128876293947625,0.3495482948776703,0.4207330391523951,0.36275717993028417,-0.5020547588524887,0.08831195803855243,0.13644068222036632,0.27168786602845746,0.33616738428568615,0.34486267769068724,0.3165178487169272,0.27319454794776543,0.4063171990306497,0.40853157518641353,0.3372259117182274,0.151584466973959,0.10914835566792437,0.3024870613850675,0.38969497883795995,-0.25212213234449765,0.17297497313769009,0.13490752412458568,0.05013879530824898,0.3278687090244831,0.33741168636130225,0.04636518101030213,-0.06413622728614324,-0.09857097902598046,-0.006787223474922017,-0.05968353091719509,0.09345826824346432,-0.21390970723276068,0.2740777927664598,0.004417870362199476,0.06090875627791287,-0.11951456003988188,0.18985066331326328,-0.2885976798696688,-0.35101659395308255,0.35191906955977753,-0.09171930015339957,0.32847787428443387,0.3867642214757523,0.3607418228444634,0.33481060323258766,0.1119030415565183
1.0214736643675582,1.0892855144030156,0.969082990889991,1.349299877224508,0.9518496523093078,0.8679814909301033,1.0520492505799688,1.1269067729330766,0.8608677426756706,-1.2575353415112762,-0.47526840480887167,0.048398123543271374,0.8914288454342792,0.6597812135343684,0.5576426865952102,0.9122967912575095,0.9825018190363474,0.8824030499855585,0.9689090394615623,0.26274142033859416,0.515222139682378,1.3588608073073816,1.2143890469800325,0.6366094904660069,-0.9194075031226243,0.6899521727303118,1.0057493973168978,0.8294371052809808,0.23747857759777874,0.9791276189739357,1.0239743514984896,0.657989670553193,0.8171977151934048,1.1075096592385063,0.993657561836849,0.6116757325448222,0.5564038750859892,0.7125983695051459,0.6887684059750865,0.7328335235468729,0.9087561561914573,1.1375804166718004,1.1078513333513373,0.9958704347880739,0.9772031615884853,1.1407750301870343,0.9379548585493104,1.015016814389251,0.8790661756741652,0.4495977131456182,0.8642874700183876,1.024495144557735,0.8246736812478834,0.8748469764747787,1.0030479367871856,0.9483070356144586,1.1387638812197314,0.9221794724761814,-1.5646037258854477,0.04053912210623399,0.30510820624157164,0.7456751103329787,0.8190788592517618,0.8336145535106247,0.7750569019999689,0.6405016815411524,0.8942189874190508,1.0890912621337108,1.0616992219549555,0.49876560265795455,0.3036130614878276,1.6229611110889839,1.3625646084141056,-1.1469458397809542,0.009019827084293464,0.2175382117674767,-0.13839481711981141,0.6378068331695083,1.0809346694514386,0.43329121063039877,0.2198757128240146,-0.20372436902473784,0.030190002408956803,0.3869968618819401,0.391819556219964,-0.24078177757576935,0.30895688682468,0.13553904301949427,-0.021165364653813603,-0.6261874630573726,0.25977963055582354,-1.0138276206953052,-0.9744775265695979,0.9660746935708479,0.00543327318416837,0.84946553226457,0.9828133464436984,0.8757766907511677,0.9146364817245792,-0.38123718734354173
0.6972232732773536,0.6932064130409341,0.650214985076748,0.8261062702308062,0.6353760720536228,0.588328617254156,0.6952628131158228,0.7187245930207413,0.5988332813754679,-0.732384483468061,-0.2592554307779873,0.1261684181981742,0.6060428041748931,0.4917838025078347,0.4077465614766333,0.60759525174005,0.6890368584007359,0.5356297176540203,0.6525775781505581,0.12737533440426657,0.33407831530148596,0.8835099384151925,0.803319517052844,0.46047373663701713,-0.5544893641756954,0.4967446700160501,0.6825808413705788,0.6019904719547591,0.25099529836871953,0.6928733966689292,0.6905087290158963,0.47715165551181793,0.5873833432135634,0.7061361273943721,0.6704196965605466,0.43684811568887394,0.4635329355218783,0.5127148533462689,0.49267782618311123,0.5150071352503429,0.6232250858818917,0.7537034552411453,0.7290215664472501,0.6926873402899288,0.6602224245754142,0.7675330134523047,0.6572357665460266,0.6946353260560504,0.606745492460051,0.38814784146643777,0.6031492287096959,0.6772074605686859,0.4749449314592539,0.5574899104862236,0.6768705351535548,0.6426456184548038,0.7398949523731206,0.6220875553783357,-0.980032263173523,0.07498468896855069,0.2488853796767935,0.5266037965646788,0.5953098071115219,0.6043076667390854,0.543424864096891,0.4477461802146975,0.6168893996327859,0.7345033437615165,0.6240028666343431,0.270802512815137,0.1426861369241794,0.9336752758596922,0.8581259855675886,-0.696360775308851,0.0637861680351,0.2199229427689997,-0.08181728252989043,0.48431219540472875,0.7048463079252861,0.24781514911707878,0.007997824339108048,-0.14863455297901224,-0.06400254845273412,0.0992504006588024,0.19962592669619092,-0.26011409763443083,0.3260183160215866,0.046841046866516786,-0.0038414539359114914,-0.42092817081608785,0.23253673444496187,-0.6062178801661501,-0.65294769606808,0.6839155654653417,-0.05999487234366001,0.5916727085561989,0.6171532705551728,0.6010870600367552,0.6217873950514445,-0.10509180714896085
-0.06405321790963278,-0.22825720980366912,-0.10306085743212678,-0.36139637335188246,-0.12292850043733926,-0.09170842558371631,-0.08691217201503697,-0.18324747651228676,-0.015165363162359679,0.44080274747110865,0.2122642625604866,0.237958097437944,-0.10054019234036925,0.08819427295713506,0.07181029044564796,-0.055654043231454196,0.007548588236893115,-0.22374882792593115,-0.0738308852991548,-0.13111944639913037,-0.056968396886867854,-0.22278013922290113,-0.17180263300279036,0.12622401258983426,0.22110251175733647,0.03166068662292559,-0.0907735823264209,0.061895941653306676,0.27192724510535865,-0.008959062379167361,-0.11625994865487203,0.0297665898811737,0.023707867874706027,-0.20805622216975866,-0.11256814934031874,0.032160297702021744,0.18190913629036126,0.016433249797468106,0.014276583522933373,-0.010630945771181345,-0.0600253529239551,-0.1772303817601043,-0.18775054647413514,-0.04197413172940352,-0.10960741161315882,-0.11746579857030243,-0.027100581793946102,-0.07350676383316701,-0.04951704548711583,0.21069365584202723,-0.007719816562290382,-0.11983831393581901,-0.19496626235258066,-0.14629425381260958,-0.10063274645842574,-0.0760509771310775,-0.14360404185786013,-0.06137919776063141,0.32931425589952884,0.13944335980149936,0.06867411251364042,-0.028011924097218824,0.02905306991159696,0.026931585424632858,-0.009213514102423439,-0.006330460732289607,0.026205218403250557,-0.09109217471197222,-0.29734074338740835,-0.180478419308436,-0.13667815430731572,-0.6734475177968381,-0.3246670950335121,0.38663972432598276,0.2339841545849585,0.13480237764038028,0.11615293321162574,0.10675274084862382,-0.19143586963982964,-0.1972883112220101,-0.3926222942304224,0.0090673225725406,-0.17238924471465766,-0.48889569337987754,-0.19816616522962724,-0.25881756176325127,0.316101003945369,-0.13587669464372143,0.09101151300299462,0.19822702405067538,0.16925876212203803,0.2979760046777852,0.10062052019090229,-0.03446868623579372,-0.20312486032354207,-0.027464472818714024,-0.13484349190007344,-0.010164016075695243,-0.06390555370817536,0.5280866317993966
-0.33628185509721287,-0.5381669171642288,-0.35760563346372726,-0.7500240024297486,-0.3886624182576132,-0.3292833764544904,-0.32765268184548074,-0.45055224039974523,-0.21204697002702536,0.8197468249398043,0.3760014741317247,0.24429609177197018,-0.35496297552144623,-0.03791955128079067,-0.009473649024302316,-0.26316166207117336,-0.21514925333550367,-0.445644763582953,-0.30396491938032766,-0.18012903074979633,-0.15259680060901537,-0.6008107373182672,-0.5015573898049371,0.07193108560724626,0.47176404995277493,-0.10803849818487057,-0.3530270713023311,-0.1072791219019006,0.29775651870826936,-0.2553751661208824,-0.39708801015402684,-0.14020974871082106,-0.1888856252903435,-0.500269113302179,-0.3914996407143187,-0.09581051005963827,0.05306857588239613,-0.17291316919054564,-0.16513986566854522,-0.20356430660784364,-0.30988828334681057,-0.499422629333826,-0.5177835237714615,-0.2989055651956353,-0.3784997521494754,-0.42426783580129446,-0.28025664163475467,-0.3480788346111079,-0.28501183392683704,0.12523967738018832,-0.22268979637521016,-0.38037465108280866,-0.3394531487092379,-0.34967085155928695,-0.36892231024024497,-0.3150019960103687,-0.4120187067969135,-0.2701144846878382,0.7558084239880358,0.17288137888362584,-0.013765612075180345,-0.2333609201482017,-0.17611257500366687,-0.1771556805535336,-0.18442434973025895,-0.13675806591015238,-0.1496413599086757,-0.3595435451711004,-0.5502829177069247,-0.2830562233786715,-0.1606883179515679,-1.2038144240858462,-0.7100154714845303,0.7703290005162148,0.34393769368156774,0.10058671385583427,0.2517821035153106,-0.0026255882184521963,-0.4921465501899991,-0.3677980078613584,-0.46542625018840217,0.05750747456691371,-0.13037032672256513,-0.6328911739742088,-0.2726546985863215,-0.2270762316814109,0.28712516484495115,-0.15167690308165468,0.15899723463055407,0.4370504304188356,0.13144575095113123,0.5750931349904705,0.36150223892073147,-0.29548857216726715,-0.22352820862281508,-0.2353399662923466,-0.334084655743232,-0.21062212768978644,-0.3007841598237455,0.7218970676516879
0.10941597009159425,0.03197864910909168,0.10780960606107823,-0.010633610873782371,0.07065874597977721,0.0856861813924396,0.16708450214540713,0.14459131351386686,0.17939698375893937,0.06648323969714105,0.08952482827034865,0.14213476436568004,0.06999270764212853,0.22858141700131335,0.23761920720786414,0.14948840286383863,0.21557560205298817,0.05844020780007772,0.16440757979491832,0.007998430593682361,0.1317526406878316,0.0753332303349724,0.1051711051670938,0.3286648748957285,-0.004342236774496525,0.21032190200577186,0.12611158346905824,0.24480566727538994,0.30741325349588267,0.17541217114678692,0.0991940370197587,0.11484150330648825,0.13267377751877488,0.08168405973601695,0.07594677368749707,0.1568825596785527,0.1938510757655446,0.10646412016382555,0.10547119976736295,0.09806841800174117,0.08337264453192877,0.07603631038611883,0.029722553754383672,0.1492905817097994,0.09177672965257523,0.11371622708606052,0.11512913827278326,0.10735638693639485,0.10301313691854917,0.1994018998848704,0.13854085612239217,0.11627922653987083,0.1402085315563272,0.1183040629194814,0.10599140612031449,0.13282112140446997,0.1616422048850207,0.17517617973780658,-0.07006904895890653,0.1473881775564041,0.07564986047521548,0.09448942619938726,0.16547663938671797,0.1794950040861333,0.1756965882209236,0.17714647039342932,0.2225736912867844,0.1665638340389634,0.07840635141541705,0.04335028288441978,0.08172360276079493,-0.1811013287974029,0.04897971727243002,0.10287345064716409,0.29570044034307424,0.17642554849805386,0.1967300073635864,0.2612846297804938,0.07371845292637857,-0.12339263612722816,-0.14780537594708565,-0.07508403839093328,0.01152862276354597,-0.21020376772110536,0.04424857693712842,-0.19218556351653984,0.2645513663562952,0.020719297589263296,0.12162858162821065,0.024655457571601303,0.13645169016687536,-0.02062620546576454,-0.10492925906477961,0.14093538625527458,-0.08879538120674697,0.15290700817764347,0.17301864797229763,0.15641675750245626,0.10978936302491898,0.2881538947344243
0.6834543413692178,0.712507760946258,0.6614456596148091,0.8633078723152632,0.634865148670572,0.5887498429542763,0.7281175731391103,0.7912764916981241,0.6211798780681117,-0.816485797917161,-0.2764254940917835,0.0656746356714562,0.5990330735179461,0.5184809337451697,0.45900955147514033,0.6296417048048973,0.716938898815402,0.6044724955742758,0.6956010543652844,0.1720520903890641,0.3996123563856091,0.9000885061544591,0.8282686361318204,0.5297800915808781,-0.580844223550763,0.5437898225656811,0.6965528121763814,0.6311766572049062,0.2683397756447077,0.6988444242209079,0.7024636167128449,0.45452789090819085,0.5607364606002998,0.7524805228351634,0.6617188647282725,0.44407403401212836,0.4183259189098854,0.481703948813421,0.46403169505615194,0.49025174757263,0.5993493242958035,0.7698637527072327,0.721895105800932,0.6987762865651167,0.6651102357400358,0.7740779328187293,0.63283097737737,0.6830907282480029,0.5930760768851874,0.3395200331547834,0.5948707329796428,0.6982600660615736,0.583436135890078,0.6119477549025589,0.6817767405738168,0.6576480299067241,0.7994323194253183,0.6621705283255814,-1.0451544629088558,0.0820119243161304,0.21221478883202582,0.5107789975098089,0.5884087807965537,0.6095166037678419,0.5744482256089108,0.49240536937556123,0.6424583047105431,0.7725014693246802,0.7354736553402211,0.35258467991362696,0.24491247796757049,1.0168497698883692,0.922461117551511,-0.7243788944636782,0.12535049890923936,0.2393304709303404,-0.007011391673051141,0.5227968218090917,0.7391523639340317,0.21643253221939227,0.12029128456257208,-0.19711745204450412,0.03030108729402469,0.19804939158669127,0.3008549623074845,-0.2090328533664142,0.2802481090657444,0.12722157903048323,0.0197229753540934,-0.46413927730683446,0.18428522739999673,-0.687378141671295,-0.6805605140797436,0.6850048690333661,0.006771290889682599,0.6109350968285179,0.6946572222869314,0.6004160176306734,0.616300806044733,-0.18049286395092612
0.7275894058726017,0.7004010765963211,0.6506480519695268,0.8468446233679753,0.6401007893853337,0.5852231901127746,0.7027348597446202,0.7227242705342518,0.5893767670414659,-0.7850799762684676,-0.29643781795096635,0.11064552759311456,0.6078439935596204,0.48518035315505065,0.3797778596298479,0.6250292461766318,0.7002292162580658,0.5463600240749258,0.6616006769461953,0.12075636197190368,0.32507067853756905,0.909365839060976,0.8149876329321429,0.4353545146745412,-0.5943569733868687,0.48647330552392054,0.6867321239924451,0.5913396367954107,0.22013498664168496,0.6964891282290646,0.7004787122484073,0.48583386572947546,0.6027595361576807,0.7227437375163348,0.6826512159695172,0.4334719245971921,0.4728204428283641,0.5207063286707314,0.49797311377349707,0.5210946782020056,0.6481676660714161,0.7600345991886794,0.747544601165096,0.7062857653516322,0.6664313597916494,0.7852816771929076,0.6761665216365074,0.7106346787169857,0.6150581247121465,0.399364695876833,0.6207973267403945,0.6834331124660185,0.46485443501422374,0.5411127865169394,0.6816666658578987,0.640522456114898,0.7500211038555856,0.6118849316798798,-1.0250467654578712,0.04625112885397211,0.23624366139200267,0.5249454596227996,0.5932371796508542,0.6019259163715678,0.5344600828591974,0.4212262161663966,0.6315694847445141,0.7403345260368617,0.638511346358529,0.2760605741141241,0.1225322095775385,0.9621955550744636,0.8685968326807172,-0.7300207428238139,0.013875289141168893,0.19059750537339806,-0.13613609112424774,0.45865524961286175,0.7129660518097681,0.263224612366485,0.0015207741481519474,-0.1340597510049304,-0.12136679004697394,0.09066877067514273,0.17077980709495863,-0.27401023002511216,0.3289113629689138,0.01835513500859968,-0.019727738654327098,-0.39949052641925403,0.23944547148896855,-0.6327325638243905,-0.692466267827575,0.6947192169330583,-0.07413747942482517,0.6001876247230952,0.6189714463374832,0.616857196449363,0.6320953998123993,-0.10093157250453826
0.2336127987570435,0.07473121684470889,0.14695951527923312,0.042000438815494784,0.13159984153320736,0.1305211527271222,0.18778861097823946,0.11020362174379197,0.1821281710322292,0.03409041021640247,0.03174616296375397,0.20784233207192582,0.13464250338009642,0.21899473375960735,0.15405981426002327,0.1931081410371254,0.24800981511303782,0.028218568857506187,0.1723279143963889,-0.048622604568237804,0.05555792293321407,0.16745623383060076,0.15818493741930134,0.22343548599999383,-0.07675477034942703,0.16782074648915174,0.17180234125194416,0.23451775531596147,0.2508900232808249,0.22868480703817107,0.15651443086456904,0.19577310944433762,0.24053882339019483,0.10483592150971863,0.1651444890507059,0.1778033726437443,0.30563433290738645,0.2022782956833365,0.19194129698125315,0.18294558527823218,0.20892953064305922,0.1286169696115358,0.1314796325416221,0.2202797204616145,0.15184614207827735,0.19721185195649105,0.23279096084318954,0.2064287367821858,0.1855035206790393,0.31168723244666025,0.22385761202870383,0.1522639625986909,0.00913466898387028,0.0628850857234852,0.16319947342036958,0.1622048449222787,0.15473423822592047,0.15425279702897354,-0.13312172954522863,0.09629161374278651,0.12602276780280178,0.15728610019419648,0.2198171868459103,0.21750425020806408,0.16288080934913798,0.1106914962887787,0.25639009300895577,0.18337343670684625,-0.0005273851963945107,-0.03693081496992903,-0.07814147535135883,-0.16124352842588496,0.05339952926586785,0.021680360294267672,0.1265100869728486,0.1216615909538584,0.0016634959185136016,0.20443393037339636,0.10028199882094459,-0.02987231523011885,-0.3066609975317201,0.007104255470953709,-0.21373174857408853,-0.34285287460044817,-0.11962803982222432,-0.3008545655801466,0.3532121297546346,-0.12694120055972688,0.06332144722810329,0.08023108409596742,0.22902340754751513,-0.0046080347270724235,-0.18234787541291783,0.2144893009729792,-0.2042386809683451,0.18979371758669017,0.11752002571720081,0.23077352251139624,0.185554360737634,0.37972616869597303
-0.18525244371719005,-0.36739702972688415,-0.20668349326784494,-0.5280792868508128,-0.2463608596324524,-0.19574339183269865,-0.16125844989147556,-0.24725855839589353,-0.07328188559614073,0.5818063431308235,0.29596166681525815,0.2199453149638705,-0.21953859132149758,0.07353879500750718,0.09486169730287991,-0.12169129516725169,-0.056076323936625615,-0.2729214608397647,-0.13597463697660417,-0.11117886395608251,-0.04058467036088484,-0.38561668507427915,-0.29942342705439007,0.18467941550876218,0.32393299253636243,0.01855261913263909,-0.18833429508728472,0.029870069018951232,0.3380277402194589,-0.10413383734308122,-0.2326929243469359,-0.05723703848639625,-0.078697210354668,-0.3052114213319151,-0.23907883360281457,0.002846750497940196,0.1168414955496431,-0.08254586325338135,-0.07886739534444674,-0.1076043619388675,-0.1767131477775682,-0.31408613260184887,-0.34900362534908397,-0.1393494980238388,-0.22212812209674265,-0.24443091634838693,-0.14712221964242886,-0.19750129823162113,-0.15734643180219635,0.1681208035694874,-0.10122334385570864,-0.21826302433905162,-0.1811430648822437,-0.19751617930703738,-0.21454703093528987,-0.16455134721601472,-0.21601979701424567,-0.11485664359923643,0.48845538319960785,0.17967544434965171,0.013264162625860044,-0.1277550342051421,-0.05480094730231107,-0.04659056204655556,-0.051661839472673554,-0.019296977671707825,-0.009996504089340337,-0.1765072399890082,-0.3395469506441643,-0.16664372475723765,-0.06833533478102614,-0.8997619985524636,-0.46232481214171667,0.5660201797474284,0.35213678907346724,0.15095058639585007,0.2656315454878964,0.10904467223291059,-0.30623695057875916,-0.30963381707403315,-0.37756354824552657,0.014216007295189435,-0.0978227074085777,-0.5228181309803752,-0.1602514208945228,-0.23786096368745743,0.30985781673812796,-0.08581803133804501,0.16682958052354813,0.3148974411181785,0.14114671570063608,0.37518838928153875,0.1963560297289154,-0.13951858647276963,-0.18630100201949612,-0.09041454389792633,-0.15796820938813588,-0.079209893579018,-0.1633070678196435,0.6195361550332168
-0.0207887605689339,-0.09835271073671366,0.003919675001829617,-0.17787511449371185,-0.043289272531059006,-0.010628879070136864,0.059174146719039554,0.05516895136274153,0.10813074505030362,0.1995707775064833,0.16759189811920958,0.1324286637933765,-0.033042849453161875,0.20003168657423762,0.23477892009811624,0.050849521212648206,0.1373547995955745,-0.011808754604150545,0.08941644300183439,-0.005814126101402846,0.1255443626652031,-0.08583146471057775,-0.017614935860146546,0.32261894804292685,0.12465062048364177,0.19256481904000639,0.027367098453513587,0.19711402213141752,0.34085596975128807,0.0853539035256431,-0.005587001499678246,0.031230254121707383,0.028751598989667244,-0.025380326040878445,-0.04438985542591967,0.10413836344271647,0.13369910786307987,0.01037351073475217,0.010986710157935894,-0.0013550560295981925,-0.03917849348754254,-0.042396832041189936,-0.11131994661640875,0.05158965849867166,-0.012653290425028175,-0.01345365076141933,-0.004087197829266943,-0.01677264945329561,-0.0051102478259134445,0.14185568990315417,0.03609068581590455,0.006914620060388269,0.08853675186650548,0.04811836083205223,-0.005630419304883295,0.03788755353848057,0.06305219076397463,0.10256749977827857,0.1006005309184912,0.17690479808971538,0.031875231263135864,0.008031387077556221,0.08816394864595224,0.11215370192488569,0.1270801325590392,0.1547200486098569,0.13771665312012485,0.0744220631231659,0.003310811408775962,0.023181285436157516,0.10468857678843597,-0.3611632320451473,-0.07377390679962767,0.24230954365202984,0.3750401544917285,0.22099733882711223,0.28782223050787625,0.2528810395061248,-0.028388340975737145,-0.22068287498770836,-0.14210919749370537,-0.1019964169811956,0.0421204043043771,-0.244399287702589,0.0625859859135218,-0.16310789857076952,0.24372597437970037,0.06519095637250259,0.14704258714911358,0.03534967138552628,0.08246027375699817,0.06321844216943347,-0.011386852262985258,0.05258561164549071,-0.05221758864193903,0.08353632733584926,0.09379529396712791,0.05192062788490066,-0.0002770745135980249,0.3294315082787934
0.5054016645971522,0.49987727978850516,0.47591124925158096,0.6020732563470065,0.4526896510680846,0.41913167267140494,0.5340430163197006,0.5765053870900052,0.45758695452609405,-0.5715759882799011,-0.17976462380757255,0.07085057831065993,0.4283988832035239,0.4048053479585605,0.35011872826344415,0.4693495612247615,0.5472921107640049,0.4340408197953088,0.5199363087048097,0.11398565940954297,0.30173320034676365,0.647031454215268,0.6005440641791385,0.4207264588119932,-0.40053713203648833,0.42510936877528177,0.5085959910809472,0.48377209822705775,0.23374472171264302,0.5214711369162421,0.513191094609672,0.3395257920925382,0.416221856197031,0.5448270868242576,0.47802601416379326,0.3345128075509356,0.3365000327276683,0.35477145527416043,0.33867065790107515,0.35614261444526363,0.43899681409195423,0.5551485762070906,0.5137737365242333,0.5212416394196154,0.48154089484457296,0.5647202890535039,0.46743881667065307,0.4974197650181962,0.4285136050517934,0.27822061021502487,0.44713373736316286,0.5067453902016827,0.4197860944110759,0.4372780489234235,0.4917450883950322,0.47575211046055266,0.588245402710004,0.4847326418735433,-0.7472221196942201,0.07885620591866599,0.15518517533536297,0.3706251149601189,0.44019284436520395,0.4592505697634049,0.4321490677657705,0.36264107586694994,0.4915536200212724,0.5699881892782089,0.5272063610238221,0.25339137493776975,0.17352913965127292,0.6907625779821791,0.6571413335503946,-0.4918962344548326,0.13090111130265114,0.21022046512896467,0.00445280478817658,0.40768622848896263,0.5334693023640318,0.12777102113189562,0.05083254065084876,-0.15202805192030544,-0.023230797366896188,0.08718990318509687,0.20711490284878215,-0.1894626679738598,0.24941080354341005,0.08867070645211082,0.02662241683856688,-0.3295158281341011,0.1460424585791746,-0.4903595468932229,-0.5141989156714049,0.5166115624565106,-0.00667121316518868,0.4603003054157978,0.505294758229948,0.4443943379611996,0.44634649059366205,-0.06817282741389326
0.7028526428582065,0.6333934721072788,0.5919703650758836,0.774920574684588,0.5862955842708096,0.5303766696534324,0.6486689731732407,0.6458266740214812,0.5297896644584281,-0.7163676840687346,-0.28171231282882364,0.11887370022748571,0.5565369672171545,0.43992632270707777,0.31675734257450383,0.5910355118521148,0.6504656956044029,0.4888123691548902,0.6039907160659245,0.0993066068890287,0.2759735660642338,0.8464374976661189,0.746687161598627,0.3820177772530689,-0.5621302337290067,0.4299879937955623,0.6302070602782618,0.5336559411471647,0.19051545006565584,0.6404667174667141,0.6438289838357296,0.462256510551673,0.5777238383804135,0.6617776237590893,0.6398114872532215,0.40476158620747904,0.4666833652346798,0.4964736526870561,0.4724619841553202,0.49347049403427995,0.6290346765925817,0.6917328525046136,0.6960449721103605,0.6612899181478133,0.613322914899733,0.733522766872069,0.6481588284670802,0.6702642740847536,0.5755497836480515,0.40780186799277035,0.5933537418448148,0.6275850562509021,0.3927112129056731,0.4664401152677359,0.6259830959964038,0.5812979669908833,0.6819729579677086,0.5442121951692626,-0.9457643002681688,0.027792653140374934,0.2193689815464891,0.48319484285613645,0.546941638930408,0.5503292103445687,0.4773960681219414,0.3509741475143632,0.6028202895583706,0.6717637073433702,0.5576745730880184,0.234636886952422,0.0689297806893946,0.8511458912572235,0.772941536973706,-0.6618665162258656,-0.030529098282078754,0.14924880879430064,-0.17587159257686164,0.3949072344408535,0.6437299197420652,0.25821762132617654,-0.0553501975636125,-0.07796072129309299,-0.195477210437067,0.02497012957560152,0.09919891991460743,-0.2939509943471505,0.338072694521367,-0.033995777738349275,-0.017952827926522835,-0.2935292692792534,0.25460495013121515,-0.566935160059433,-0.658553781119349,0.6489714557271273,-0.11185750076460586,0.5580118236657932,0.5554585367030417,0.5926631699364857,0.5933904786197178,-0.027549177391912018
0.3129756287747523,0.14240826322234815,0.21846875163406804,0.13039094908314294,0.1923639638088692,0.1918284260810071,0.2762581998180469,0.21887843344496938,0.25950059691061256,-0.08357162618915075,-0.0051942012986652365,0.1978842156462058,0.19380943707164705,0.2943765427243962,0.2271620562970093,0.27082295499511794,0.34253241681747726,0.12001262951271992,0.26789116399445073,-0.00986496183748535,0.12650081760580367,0.2668834920682826,0.25700661361795757,0.30634291764172084,-0.1565902715500242,0.2450506501674097,0.25644276002604427,0.31924123174810015,0.30335464366430576,0.31013934381990393,0.23522033678995577,0.23609858615761206,0.3003624766005399,0.203340022032094,0.23527855118408483,0.2390253973367766,0.3494502324008136,0.24466592720632432,0.23234520682556437,0.2270263904740453,0.2771715125488839,0.2106996345233139,0.20139444557995526,0.3077245450172557,0.22686434605878658,0.2876540408323843,0.30005572505374956,0.28093760449735167,0.24878321601729605,0.3495713571936665,0.2860997671226929,0.23036845974495054,0.09333917884489229,0.1344174387445859,0.23668759844607695,0.2391027017850746,0.2604302571233372,0.23913781811688772,-0.27173777669136534,0.10767752020899356,0.1332968029796524,0.2043820066379041,0.28504631757724397,0.2910708894309012,0.23815045216379413,0.18011446357992275,0.344604045174187,0.2832789862779332,0.11346067184363179,0.03158395334636958,-0.018496229379515804,-0.05005711793516133,0.1694647523402111,-0.06679115565512829,0.1506171457868376,0.15533098318552718,0.0371758076662539,0.27846151070143793,0.18810330441605302,-0.02420682080721006,-0.2774365359220932,-0.016196752482051165,-0.2037998510222954,-0.3153075461839232,-0.06109743719571157,-0.3278026278422897,0.391126371396074,-0.0933144081417105,0.08540533805742712,0.04393752538561935,0.2460733943875221,-0.11165746423053596,-0.2772225003924807,0.2955931178295252,-0.1985462017234077,0.2742939975038409,0.22049052273690442,0.3088016689373542,0.2561751850902221,0.3692464072702783
-0.1189494795047153,-0.27683955386982995,-0.12280740458510456,-0.4121202333810393,-0.17533998784999524,-0.12450023758924389,-0.06489312327562932,-0.10505003581394956,0.0165466361722659,0.42114741850646215,0.253404470653841,0.18427165701122866,-0.15113352510692632,0.16065363410838832,0.19113804120793348,-0.04461811735790032,0.04915967636745149,-0.14982393701870458,-0.019687160263709636,-0.05904663147482475,0.05951643574283729,-0.27258479449445977,-0.1790805574671047,0.2841167423585469,0.24667434809162153,0.12437195599047152,-0.09101875506931116,0.12992505494519568,0.38961981748193275,-0.01244031940515128,-0.1381186493613882,-0.026638159499128542,-0.034539834900753054,-0.18240105076367263,-0.1670481645070344,0.06017482722768913,0.1371370490739215,-0.05247797301777226,-0.05074331066829834,-0.07394228951557788,-0.1250908428958972,-0.20813390570460696,-0.26999010438233073,-0.047735038002786605,-0.1360796259387684,-0.14819848079580117,-0.09214445199658164,-0.1270649977748889,-0.09854194360379646,0.16967955863283146,-0.046318166159298624,-0.1277879131101827,-0.05689164545208404,-0.09288697444168703,-0.131984321671797,-0.07618391727139197,-0.08550734708663359,-0.00983814248159426,0.3227034829307825,0.1963254862888353,0.011100388148224226,-0.07812692270303849,0.013934202752526404,0.03720804781602812,0.04379023589257044,0.07922137614758808,0.07020509004282521,-0.05434604258980452,-0.17481930228339912,-0.06673286436023526,0.03255231058797474,-0.7119208475602435,-0.2959629940038012,0.4440038353071645,0.40419132073497316,0.21487038459022634,0.32555212035895537,0.20801153687576665,-0.18966690348393092,-0.31347994555616115,-0.2819583172051048,-0.053649529358639245,-0.04150443574765389,-0.43220761868778357,-0.04404711071456077,-0.22658598574717834,0.3126828087446572,-0.0005728486928803391,0.18034439264871474,0.1952476063210879,0.11617077623150507,0.22817011383856112,0.09200310833921728,-0.04875806245244639,-0.12982914961404443,0.0020027360752673928,-0.03617181898565378,-0.01819140012643695,-0.09716780536625932,0.5345985451174212
0.01482419063559783,-0.04199392474117286,0.032439264018197515,-0.08982402890983901,-0.007657259800477424,0.012576782274198691,0.0855379670241325,0.09876893565846398,0.11433083489519284,0.09722245507764131,0.12360419631305476,0.09630473714953705,-0.0019515540836623395,0.19358243657958044,0.21295531530885714,0.0769631237722187,0.15729262140954256,0.03754876921199889,0.11884452525451955,0.00974569012838926,0.13735906617687635,-0.01974040745423037,0.03418078118879456,0.3005608100851711,0.08385300583364773,0.20339172350557133,0.057730137791101456,0.1963075193191302,0.2846020160183953,0.10390114198068386,0.035736211892066744,0.04051708953696442,0.03894593436382727,0.030525481701977886,-0.0049053489739723805,0.10248482297668701,0.12198773163565246,0.02093495079591156,0.017926636123390665,0.011103610648616336,-0.008550028339564588,0.011949287532337299,-0.054118774363379286,0.07942017254749675,0.02271042352396614,0.028113992936714956,0.021759522601404423,0.014005823094593762,0.013626954741460907,0.11815154847911641,0.059497584910405486,0.042781910652091026,0.11882813437977827,0.07616576187972193,0.02516248937632193,0.0579163975316981,0.10407630306074431,0.11643871961473554,0.019840827610567355,0.14888430586266369,0.02219860359479372,0.0243063756337931,0.09630552012374229,0.12132159514296621,0.13860513837414018,0.14937598192199808,0.14795376334102664,0.1051630639326362,0.06407106277893874,0.05558812817292562,0.11385027024466966,-0.20333827037530874,0.006058316267819016,0.15605205554416912,0.324640555747468,0.2134796652234139,0.23191624736569225,0.23762716723953045,0.02488143767965161,-0.17725429602989728,-0.07879638893113815,-0.10679931718291863,0.02338094195771473,-0.1674588412849381,0.08833709034565494,-0.1298042941513343,0.1991625860637889,0.08365504617691986,0.11805236585323708,-0.020596696084219674,0.05011845446761963,-0.003592365180992443,-0.06040260254091165,0.08734487234558276,-0.012342187664729184,0.10474401698832288,0.11575125887335358,0.06239870630961161,0.02097484479844654,0.2360136080204476
0.5040249098645256,0.4699557172597297,0.4367831758715544,0.5827477009305477,0.42607570043712306,0.3838676823426209,0.4901586825376778,0.5116067777153782,0.39919657764390165,-0.5485470508940756,-0.18984503093547703,0.06993930057150871,0.4022983168869651,0.3453771751020672,0.2627972953520978,0.44436378530468273,0.49952424896493575,0.39022363279542166,0.4679551088683107,0.09142759725244841,0.24278826871179893,0.6236747155983015,0.5594419427348417,0.3343949248059595,-0.3907857901618717,0.36140182374943086,0.4678709323534559,0.41637058034704283,0.1605108047670298,0.47532648936577354,0.4812597569889139,0.3289459673121968,0.4042714059362341,0.5075074069961769,0.4635611881830982,0.30220914964375684,0.3288309788432371,0.3455306895397737,0.3259921410742763,0.34402974333662095,0.44339092699647237,0.5206625174004977,0.5041136829884568,0.4908620644706591,0.45138759180389854,0.5384956172600541,0.4611726066350633,0.48007800724956073,0.40654058716345276,0.2787378509965073,0.43538628814351854,0.4710094531104226,0.3441003688714274,0.3717345769089984,0.4577378631945053,0.4289257593984625,0.5321527340930652,0.4197350400541595,-0.7053089905169786,0.041393195045380034,0.14474684347259953,0.3463917961107547,0.40151523737010336,0.41134078332431706,0.37482371849822355,0.2816844844113307,0.45959010317728244,0.5120158112313068,0.4571863328515888,0.21087500399442016,0.10313604573778583,0.6664199197850169,0.5982457985228468,-0.4748724684695718,0.03928601387288757,0.15536817778925563,-0.08818500986247703,0.32329964938289873,0.4929447670115472,0.1650778874505781,0.008432041883548725,-0.09031564159102551,-0.11645381564974258,0.05645448872293871,0.12858613713735834,-0.19485597480215805,0.2342034151855632,0.02860953304898571,0.0028969067036704542,-0.25551544309073415,0.1533901025099907,-0.44716469460976743,-0.4992518564051651,0.49044051102646025,-0.03200660358584252,0.4249145286868955,0.44228714550612674,0.42639885807928407,0.42366743408784663,-0.04626735011069347
0.6109598437582139,0.4780533797488278,0.48573301922837303,0.5745137727065189,0.4679615593029743,0.43257073145908376,0.5516952013127502,0.5343866282800801,0.46307841618090645,-0.547550686739423,-0.20644447517439343,0.1457135383692099,0.4506347058333548,0.4220581633953165,0.30831673919992747,0.5132526898035892,0.585993965791156,0.3944880763175087,0.5265083173814508,0.07318521757966724,0.24852609582254542,0.6843317339754843,0.6144327358196592,0.3806309460825551,-0.4626325879519979,0.3933767772139337,0.5341603324308146,0.4919995845269339,0.25366548553330215,0.5594606544397568,0.5320770311288868,0.4020212842557592,0.5137859014197874,0.5406284664092496,0.5287910636545966,0.37545503700786304,0.45675183398224,0.428828378112298,0.4064972034261593,0.41926063363585414,0.545761730260864,0.551462447304355,0.5508742893065237,0.5802262042200041,0.5083980719431898,0.6187600302729187,0.5624550235271889,0.5693726493305141,0.4899377629161733,0.4192080460094356,0.5157831383471857,0.5161169736370554,0.3026544784667577,0.36224496673370116,0.5174063636955892,0.4898240731840994,0.5740479013121096,0.4653631169744727,-0.7715347392722063,0.054366782886732974,0.18939218336593672,0.40248610450737476,0.48311104490048473,0.4910987291610452,0.421004884237897,0.30971159464338427,0.5556567974598529,0.5759862306238794,0.4405531787040298,0.18743119224273314,0.04943436803225419,0.5621921754486445,0.6007713013322191,-0.491714781243877,0.02408147839527693,0.1587836776760002,-0.09902130825635481,0.37817400839640924,0.5157459654148924,0.162039065518688,-0.14596195262028058,-0.052292508960753874,-0.23229896940535721,-0.11082904111533386,0.04584769127495047,-0.337286765458673,0.38988774818984134,-0.058127861506672346,0.02878716384324732,-0.1658633179214989,0.2709435102288393,-0.45327741424610124,-0.5775206401036707,0.5636921021399881,-0.1572233711655779,0.4997135507831629,0.47568514009076707,0.5348459790244908,0.5082003213663404,0.13626687613666771
0.18741288367870976,-0.0021073986907968506,0.12214115201281296,-0.06199794026595596,0.07275671429707367,0.09875498011534185,0.19506876384403743,0.16096027993210155,0.2201075789095627,0.054015201831278836,0.08321347085187775,0.19330957281822936,0.08557262057249244,0.31361904645415845,0.28464967779256256,0.19464975013248795,0.30111465895520106,0.0716224632898252,0.22592634707251175,-0.006495783063789744,0.16043015651948103,0.10082667322999707,0.1430892818365037,0.3768590907203502,-0.03915337603527703,0.26534862190121444,0.17433397831389313,0.3184812450308958,0.4110596239337613,0.2425188552271861,0.13201979159487814,0.15366855355618342,0.20611933168868526,0.10872121223185088,0.10981718393451416,0.2149978017173621,0.30687501553413377,0.14951443254605593,0.14170265849489733,0.12936155005954567,0.15411487731008083,0.08463523969223033,0.03913898259362719,0.22685078192172964,0.1255683224253912,0.16715420624989838,0.1825187622318835,0.16092085087144486,0.14714165222180692,0.31535856903595666,0.18994722865451896,0.13006697809345866,0.0844077918961435,0.08515242000177134,0.13085203243523721,0.16290553876870834,0.19244496895437763,0.1996638554749598,-0.11734166876967461,0.16246563698290337,0.08520273077457997,0.1171048224416576,0.22566905684495456,0.24985864698929958,0.22041300021421995,0.20065639937977572,0.30039624499459383,0.22097667375576802,0.0767287906849913,0.04205210477330557,0.05033749086857679,-0.28854310825334917,0.05159366519316385,0.0952492012710786,0.29818618101293154,0.22429280373796873,0.20862972061130491,0.32598733577796035,0.08584146097771472,-0.1714570066186264,-0.2705350998290361,-0.06194903437478699,-0.1386838089272844,-0.3764181339441353,-0.008722363782228479,-0.3243046285588939,0.41298901200097893,-0.026688674835802697,0.14878542449359977,0.08030806761271811,0.20867035973953257,-0.04600183844273067,-0.19813583597714426,0.21346888419254975,-0.17647689942639716,0.22872991537239676,0.18409372457742737,0.229784983504869,0.15750058455616442,0.46364418040686717
-0.08544122225537977,-0.18755995848309395,-0.0749569469263936,-0.27800035933578443,-0.12210930592489812,-0.08618070217751936,-0.016998448587038018,-0.019289664266142283,0.039197745472692364,0.26995039365934637,0.19979684833269673,0.1208997200012633,-0.10633411609905728,0.16225560648592385,0.18963039776482793,-0.006557104175735186,0.08193640005548308,-0.06232912754484611,0.03246790432933966,-0.021466553819850555,0.10017178949082425,-0.1806050143253063,-0.10014939778127456,0.28758747706423315,0.19565970513443445,0.15900596692415253,-0.043696105594415745,0.14325361826610258,0.3267473082247235,0.01627023155792178,-0.07750668719412628,-0.021347607522352038,-0.03339741017314186,-0.09401602847761178,-0.1165928411988846,0.061102302549922584,0.1010711603939883,-0.04814515932196479,-0.04906623357045488,-0.0635531906266904,-0.09989813975091712,-0.12480336266498426,-0.19493288235135012,-0.011960409308135847,-0.08473347450255447,-0.09281266944035739,-0.0699333382619705,-0.09158115830782483,-0.07726898792289061,0.1140038895254804,-0.021415448692348512,-0.06928789732970579,0.029122796927497526,-0.02381350557941803,-0.08505124568130498,-0.038924635900261045,-0.010121535687479201,0.030113187593147045,0.20297780477880026,0.17099360447862783,-0.005983997678714567,-0.05572500228971867,0.026354047862420297,0.054194549306193586,0.07502131724641323,0.09945316094592471,0.08653452999985878,0.0008635259626553378,-0.05753981744349141,0.0020900306342938675,0.0868614205970015,-0.46737984630460455,-0.16360138899995055,0.32457242594249663,0.37587291534540634,0.22172333638434882,0.29145950979052737,0.21047134616213156,-0.10385719306782495,-0.26592856140294396,-0.1499218321473917,-0.0864769769357222,-0.004375848543146729,-0.28189091302211694,0.038720507675255644,-0.15380701910118771,0.23068859319270607,0.06284419736356602,0.15068239538594017,0.08671498961509093,0.052299083998722413,0.11893407536950888,0.03180302339043927,-0.0034099982973853425,-0.04440290372294124,0.033585039986266704,0.021506350951863307,-0.01000261247159408,-0.07147004881525036,0.3690876399193755
0.21476619146054288,0.18853064503663183,0.18805205822546922,0.2364310865981703,0.17203666630841424,0.15387345225381502,0.23366546316214232,0.25798326940959176,0.19264899745361083,-0.22055404530105546,-0.03467846588815338,0.04602611360337346,0.1614909224313509,0.20088401559848235,0.16502091640101624,0.21531592186734982,0.2636623108123215,0.18849569745633132,0.23797679887235404,0.046594813149474314,0.15439063423544583,0.2614226240161162,0.24816401185473505,0.2431657180064126,-0.12107791697662233,0.231575575819516,0.20904213826657164,0.23219730724309356,0.13753358219340728,0.22436489242619176,0.21735299185505638,0.14497534940186396,0.16698165616492935,0.23386354329860928,0.19193338542948493,0.152295277335328,0.16543458110199344,0.13889297046702181,0.12578512943468773,0.13431465912538645,0.17814169641682803,0.2314785200958914,0.1986787122290954,0.2306798922505183,0.1939088279946146,0.2344064209198829,0.19466378512546553,0.19770105714602046,0.15972765654210375,0.1391860068257277,0.20504968754764424,0.21430302343955582,0.20090014338280657,0.18342869487569055,0.19361531479414776,0.18755561588240446,0.2671731328267561,0.2082739834988298,-0.2937074710071414,0.06536946714455583,0.05413356952410751,0.14381373278072188,0.18910920226506372,0.20229056009287671,0.20208390074262042,0.15289939571125905,0.24520680453508564,0.24699535485424348,0.22756215453689635,0.12081734946748056,0.09115099292808553,0.26304771074454,0.26621139515435616,-0.14488554916234822,0.1278364460289454,0.14895918452707624,0.019687056131861738,0.20354741562075207,0.2260688971587644,0.019690425670835416,0.001373702556653936,-0.0749967164016718,-0.06375745594276494,-0.004379318628252274,0.09363007779986879,-0.10753402894956215,0.14104042760633523,0.05661223214127952,0.037205625719841026,-0.1274294620258891,0.05581624493306302,-0.20377939870593464,-0.24338679358808227,0.24369937586164947,0.017559341620915502,0.2150208575789779,0.23075486914479182,0.18893493760420807,0.17199705294464548,0.03338489737171287
0.564235052299184,0.45061098869682126,0.44944011843335757,0.5545547956886497,0.4314640339365905,0.3963693796728158,0.5144144304691664,0.5181130937492043,0.4257094531313933,-0.5551050873956772,-0.20325555861969494,0.10466966877089359,0.4144337987132826,0.39065186198350194,0.28522298045480704,0.4785023093771743,0.5488100263800724,0.3935998621497084,0.5004166636813776,0.08352692168636501,0.24965768423781579,0.6447996375014904,0.5808550631282007,0.35649012075313274,-0.4355362600468152,0.378720362803549,0.4978759917768768,0.4553112343164581,0.21915620219447146,0.5150632317921057,0.4995946011540649,0.35978156657762334,0.46145688022373504,0.5218580708255601,0.4899834517375679,0.343379855547052,0.4025118622253654,0.3813095271628325,0.35874857944225574,0.37346619798832253,0.5008425097444806,0.5220510918425721,0.5152130722453363,0.5405492220141902,0.47365235693193986,0.5774547520560511,0.5132857404376788,0.5223497526718964,0.44402602098872934,0.3630930251279806,0.47321736229412953,0.4826377155004353,0.30583026062553614,0.34528807212514595,0.4778036468521775,0.45175476603913167,0.5495599337520513,0.4347571733858902,-0.7421987794365978,0.04358223032428345,0.1557759522785966,0.36352513737326114,0.43907600951366166,0.4510031276371213,0.39529137222705557,0.2886208169894509,0.5164092370057426,0.5430617239687336,0.4473097983911256,0.2035530812534683,0.07406362755547671,0.5831108811104718,0.5881992063704367,-0.4800689143230014,0.020408863328635667,0.15511273423141209,-0.08966389534414952,0.34921190711630684,0.49527653324717597,0.15154936753394574,-0.08908138016974385,-0.059739956620433986,-0.21260410726456413,-0.05757719899129106,0.07356511815625041,-0.28757885352039575,0.3321278374365623,-0.024114460945977575,0.02501522008671725,-0.17876661331282306,0.2206368882563077,-0.45852890196686635,-0.5546334351445248,0.529169449647891,-0.10922179675548134,0.47057911782673184,0.45804103239780947,0.4885601790273402,0.4644551738068607,0.08179528189356144
0.3792193695144256,0.16723197971085302,0.2759319035754122,0.1554351328197356,0.225329121314188,0.237660519401299,0.3621980221506678,0.3398268115451442,0.35310490046590554,-0.19061308009114958,-0.026252176246097318,0.19044427461395425,0.23170075688332994,0.4206788281764484,0.3563092756548655,0.34836889234211416,0.46870623467369743,0.22362460088747993,0.39128306498471416,0.034141162206811355,0.23850569666316224,0.33597882719633343,0.3507924401997845,0.451002440371864,-0.22204263405195027,0.36604978526200865,0.34566474872180464,0.44675549828348304,0.43723328342476553,0.4067188079464443,0.3030879720159883,0.2618739282228065,0.354576597681724,0.29994247321846984,0.28192002393563864,0.31619375445304454,0.41152670758376597,0.2708125512730268,0.2572201898251483,0.2518710764911119,0.3271652283274302,0.26895936542147825,0.22862011468745386,0.4035451262413467,0.29099503948784483,0.36680520075018935,0.35214561931087546,0.34047117799161136,0.29917587205563273,0.403568792831083,0.33599555318390906,0.2930281755863312,0.18493235460574928,0.20221640176410388,0.29562496847063924,0.3155912884226445,0.3769758841305802,0.33799712746067784,-0.4051933428051273,0.143283401918837,0.12400587070207944,0.23617093432972064,0.36002809146001113,0.3886355686759542,0.3392472263108482,0.28702642459997324,0.45145816905431363,0.40289773376307425,0.2543988328842513,0.12566293406935858,0.0786637826306777,-0.01791544733361007,0.28094051927062713,-0.12898086046058083,0.24360973821543877,0.23999679466044563,0.15422586062115454,0.41274897942679317,0.26288369325761113,-0.09608064440857927,-0.24706126032612682,-0.07650289599651253,-0.1926047018525598,-0.3344717725938269,0.03164910983700889,-0.38351905781464635,0.4775244752645221,-0.02888852458676757,0.1348330646063541,0.003099237342291358,0.25956543783050146,-0.23409035010206317,-0.39003497493968475,0.3817905707673828,-0.19843834586640816,0.3782825021544598,0.3323807200558811,0.38711309594181176,0.3168439617493643,0.41602813124725563
0.001177879146297247,-0.12343577632737526,-0.013277151449967675,-0.1943700638071126,-0.061188312243112,-0.031196574466934555,0.052856483423886394,0.05140583623128694,0.0935729451390023,0.17415575912753334,0.15712962101771602,0.1271777955413903,-0.0473196160708578,0.21041541875692918,0.21730929797687548,0.06091575287294185,0.1566252014367461,-0.003092210438823896,0.10221856613126998,-0.0083679258876385,0.1306358144338117,-0.08351449788454005,-0.015228726486872613,0.3215313006929962,0.12116511664358733,0.20262891858098042,0.027344275319044455,0.19881630997511063,0.34340968515206705,0.08643443160216908,-0.006690043056060632,0.027539770161733278,0.03387211679946227,-0.01630585584136306,-0.043730782899769415,0.10662905660177728,0.15562918948443924,0.00573362035550852,0.0013393691671397352,-0.01059321573601027,-0.021687065219867494,-0.05084621990215863,-0.11711955363156401,0.065663002649701,-0.016481270578796055,-0.00783498803282176,0.0063091538325589485,-0.014157672089570446,-0.012854265351293841,0.16338142713254236,0.04473467055330659,-0.0026681775724009173,0.062242605989493625,0.017084312942481746,-0.017669817046924097,0.022757867694479354,0.06551290849914582,0.08502117450728278,0.08593518964369513,0.16426893745094856,0.011126412899486687,-0.006241401135575753,0.08475364970032967,0.11412893743858109,0.12442633918358469,0.13034666777686643,0.15687868816449504,0.07604963557897912,0.008339009260721104,0.032362516737039645,0.09037914078436847,-0.3711842327271937,-0.07609976797335836,0.23956600364520317,0.35237996461521226,0.23014691782357197,0.2633604705678666,0.24662805364286325,-0.033556667888566066,-0.23645056194167408,-0.15806620707042143,-0.08564317793640958,-0.04916195738184446,-0.28530826441042756,0.0428496004157749,-0.1927707702191047,0.2720613882637132,0.051852411991960716,0.14782851792972093,0.07019849106441117,0.08243135605898773,0.045510020108581836,-0.05432053531307384,0.07141131826036212,-0.0634969281961641,0.09970349967200441,0.08101856148784878,0.06138536811103195,-0.003567966588983917,0.37271527455359266
0.0868390277129649,0.07339968401135484,0.07578982454911665,0.10468293058158051,0.06113182098591041,0.04906582204278858,0.11546302709414101,0.14686241634930036,0.08883590516346748,-0.10165825832451422,0.021732963235228265,0.017816927996469344,0.054809435910810056,0.11863565549222668,0.099513199438878,0.1103204579900559,0.14924484297286522,0.10571036081001206,0.13032934889083997,0.029861542084051437,0.10938717395801409,0.10961027384344285,0.112476016594931,0.17894191343116456,-0.007748316335523446,0.16458235385084719,0.08992958418264584,0.1329644579096452,0.09254522485086897,0.10302415240654289,0.10227169510718202,0.05784692143069357,0.05326043706786733,0.1189469078188776,0.07409313202211885,0.07490700292137477,0.07628690176738544,0.04067007458576802,0.028901730543645435,0.03538083442453771,0.06108949495622768,0.1101741101095963,0.07373792226917728,0.11099600437661622,0.07977239347882434,0.10067308219359754,0.07398170395269253,0.07032349346421395,0.04501521671583941,0.058828157046662576,0.10013219636432433,0.1009325638346463,0.1382393839512415,0.09739295057326097,0.07469937831168597,0.07407879610547706,0.14920046781341814,0.1054342510204873,-0.12249447015329515,0.062094893792726605,0.005774445058663537,0.04957141655862928,0.08389435864999135,0.09719751456716279,0.11594486510584254,0.08011270740925747,0.14058812983398092,0.12382041002390767,0.1328550867512184,0.08567959605629877,0.08400836139068746,0.1322615347458137,0.1308679877887141,-0.017982710378115368,0.13995936999441383,0.1334702626897358,0.03993770488802489,0.1275271301481213,0.11506740996956898,-0.023810957239460265,0.018529517143365707,-0.0624479322874435,-0.05032274341678564,-0.0005121244988555432,0.07809299572020298,-0.04914468431405043,0.07081968640759545,0.07175023352291413,0.04051050129105163,-0.0801318984457476,-0.0037565600680739227,-0.10921448547801857,-0.1345378451571854,0.13323072800060684,0.05810216202397231,0.11694342075567533,0.13504609065062537,0.07572911335532044,0.0558956565415343,0.032114927836685785
0.46083032377846667,0.3437987942361244,0.3554535009086096,0.4288627829857553,0.3336002524058402,0.3085140460912174,0.42001330404729836,0.43474502253686276,0.34873436900679694,-0.46508081509704396,-0.1605092409028649,0.07808507325673363,0.32246725561524525,0.34128417761507585,0.25106287538150374,0.3955367999233023,0.4677328725051664,0.3353511231058712,0.42504625831546156,0.07549013040848984,0.22796813137876173,0.515848311973411,0.47288954061864447,0.3227374553712061,-0.3503074852401583,0.3356360744714124,0.406370964830058,0.3890179827602905,0.20931975553037677,0.4231483658853184,0.4036125335282088,0.28386646330516185,0.3708345079237837,0.43224542113188397,0.38963985882106533,0.2881922529134306,0.3359766223525125,0.2975101161878944,0.276932444778532,0.2888134859078674,0.40504331925306364,0.4161394165031265,0.4018071892790831,0.44908579053975123,0.38007694377543977,0.46895393662106866,0.4135171190197847,0.41808251640556116,0.3504751644861001,0.3041663505143905,0.3839394930192622,0.3868146024092909,0.25686786257986954,0.27373411228532585,0.3789627821198817,0.36247541410265927,0.4598740020726061,0.3574716769476413,-0.611982876150902,0.04380227634470049,0.1092482773979178,0.2824345901793138,0.35766791765183065,0.3747269378380197,0.3337153905866779,0.2426929853250181,0.43998506028240214,0.45257348612826626,0.38534023406209855,0.18753349784105916,0.08220873872690328,0.45395137611669406,0.48115362395551975,-0.37853431042692387,0.04303841966864393,0.15191982810105917,-0.044694578093099534,0.30585347994021495,0.4019994356675901,0.09182935253490761,-0.07109118276291278,-0.05761321694584097,-0.19955898838259775,-0.06682593765886485,0.07360167082419093,-0.2500758571637687,0.2915674318749775,-0.0037195027285562544,0.03748582682677441,-0.13362779568942454,0.17383949446465416,-0.39422306829554016,-0.4765008035976708,0.44135156140620674,-0.08296391485117209,0.3997745567444124,0.38648880397112784,0.40233706370817235,0.371395881191553,0.0983092056601496
0.44080147786878543,0.19652444926508744,0.3174396590814552,0.19009193700280755,0.2599820640503893,0.2741055563914934,0.4156038568019043,0.39826223877002853,0.4030282690539124,-0.2570880927849114,-0.053573533749106804,0.196959191982256,0.2677655390408708,0.47918587962914516,0.402912501732877,0.400383259069771,0.5384685829445572,0.27333899047280197,0.45573300515224396,0.04783147648896634,0.2785649754788656,0.39659311442579376,0.41281610465723084,0.5052266073762746,-0.2769046082549951,0.41461686452900764,0.4023559655182805,0.5072875806604642,0.48773698555758693,0.4665325552388119,0.3506765225974117,0.2932923215390105,0.4057220601942817,0.35751030746794504,0.3279221816850299,0.3596249594006658,0.46135372051550616,0.3062900480941947,0.2912376794324858,0.28601229142268025,0.3808931526704829,0.31281516266746295,0.268625724729843,0.4660531569243518,0.3382911558233625,0.4269193309117607,0.4049712536309349,0.39457350246745293,0.3448285924144794,0.4503545541786723,0.38054604933184505,0.3370262632499879,0.21262036456332806,0.23130713653375795,0.3414852187577031,0.36386790118471524,0.4386948678743585,0.38680349537763875,-0.4932682001805385,0.14757257428564924,0.13102255505528337,0.2678690154659351,0.4092352413698439,0.44458624954127335,0.3871035707836038,0.3274622667479911,0.5146557785193173,0.4684584323692785,0.3152196356923883,0.15931692534759925,0.09752189747524856,0.014282717425481225,0.34299809345447047,-0.18206087174167024,0.2532432803492841,0.2629269023305559,0.17202260467716798,0.46565695524881323,0.3083128357937566,-0.10689552103156426,-0.2542234123240577,-0.08788502122086761,-0.22100608266821176,-0.358569959259597,0.048474564616742766,-0.42703067266984607,0.5322645749776134,-0.02762727964366615,0.14690431190855582,-0.0006306859311345486,0.2860682951584972,-0.295213102621409,-0.4613534044158081,0.4387120254309764,-0.221170412139734,0.4364488074428601,0.38327033483479617,0.4453932074420028,0.3665286603473743,0.44770494495243324
0.06497655295500179,-0.054918229103664326,0.039088686100473564,-0.0996452385097775,-0.005787820340008216,0.014319301496655727,0.1085855545750371,0.11450483773428963,0.13021630431328868,0.07887446575016542,0.11879802038083839,0.11805470304112722,0.003517749352327617,0.23317968142099743,0.22544246545369664,0.1120560867558236,0.20727758129732543,0.05104300361278608,0.15337895612558905,0.005538981240759172,0.15265406934498252,0.0034941695489981435,0.05658991606817423,0.33611190844981376,0.06418420431630312,0.23448495017138202,0.08106097077084914,0.23073458891265503,0.32618857321950184,0.1349109784045163,0.0544367829784316,0.06312145895104254,0.07659786914313875,0.052583824818862104,0.017265013769457088,0.13245023570714842,0.17939278169930006,0.043058213530683155,0.03504130737144968,0.027428805442237938,0.03521208511428846,0.020309280285837273,-0.04299309369784752,0.12163781542318834,0.03976275046242026,0.06033054240168803,0.06194949388723986,0.044323099080689266,0.03341222905864908,0.1793711567621935,0.0955905097397504,0.05587644579817831,0.10279133688766812,0.05947275190604247,0.037813237531780404,0.06963336476716578,0.1296101425405661,0.12689194907451146,-0.013971813494563542,0.1530849114332654,0.021587429670981838,0.03299284810925059,0.12337327522800293,0.1521745902998376,0.15970286034925027,0.1481157107710303,0.20295325883274978,0.1331087228582038,0.07082811435858538,0.061822349550558785,0.09873656126962914,-0.24009577674601384,0.009590154920199621,0.1585567077213269,0.32530584377975713,0.23288713592495952,0.22223508116696927,0.26116058346151716,0.0339073656751375,-0.1930505262268921,-0.1364407964991826,-0.08931681398328609,-0.07363253628033294,-0.24698687323848922,0.05675489071134337,-0.1967595885784322,0.27133512147319194,0.05495710833632449,0.13448491320608447,0.03151143378411792,0.08634125413368265,-0.02248986231375798,-0.12013034912171328,0.13009787070266135,-0.051259454614715295,0.14598851201933633,0.131933713312847,0.10685160838689216,0.04531868206024596,0.3288176324565747
0.028784376849347607,0.03952812381271081,0.024052068245972568,0.08272742131584081,0.015496020873688857,-0.0005203402691726304,0.05680739756376175,0.1027274988054859,0.02513284613123243,-0.0951486914906256,0.02488098254533912,-0.026346611012774458,0.008351294622128972,0.05423775743673517,0.03849012758818184,0.05816083970269244,0.0827395024121068,0.08333760163249214,0.07541591578956097,0.030450238480147582,0.0831779840492203,0.0571135340530303,0.05797713354948074,0.11390916763821542,0.030430681820192273,0.12050049448821455,0.0319381593381638,0.062287131610105385,0.018127045285255234,0.03384321086798489,0.05484796683673584,0.008494665159081177,-0.012086103643373002,0.08054744428631913,0.02585947956178824,0.023309329420424473,0.00684286965229875,-0.01468096926055774,-0.027588738590697423,-0.018507373754785394,0.008331304273109363,0.06829953490491965,0.03464859919679004,0.050723103273141,0.03017332498103528,0.043081452143698684,0.014619040336014225,0.01007351164314986,-0.014032311283034221,-0.010317006899707475,0.04709191785946185,0.0522114788553963,0.11630614170128094,0.05912710373334372,0.020004827871315276,0.015220365300409421,0.09811261709484294,0.04771035603428783,-0.06789426476120211,0.037950241642696884,-0.029939572871179432,0.00065061453551326,0.01954264751371313,0.03148757442170762,0.06389567085114706,0.026752497126176132,0.07756172391649342,0.06205085877377026,0.10830642507610519,0.08177951711980097,0.08319647309360113,0.15599443586010828,0.09446184570844215,0.0026427494229437107,0.10310421055260853,0.10664636053051874,0.010870374485049447,0.059788129269595314,0.07909306273548206,-0.012068259872958658,0.06759358004193987,-0.05074400241389129,-0.04941090612165388,0.05836499052656173,0.07908437732137266,0.013024741050364762,-0.009938084485154217,0.08816076620305155,0.023184213730499056,-0.07924816993741525,-0.05938750948489901,-0.09245032405825125,-0.09284311715592382,0.08138441866513922,0.10832568501032365,0.06544060748782972,0.09134614856667281,0.012048854718528661,-0.002498344048782416,-0.0346125396490336
0.40195398539288335,0.2502218465964924,0.28679879608700737,0.3157189547134131,0.25715891732743906,0.2451110695088903,0.3566374006118583,0.3788277345317817,0.30299407192274996,-0.4106521950966981,-0.14040154051884915,0.06141545540995896,0.25428419237802613,0.32769520218222403,0.24277731444712328,0.34440480251258265,0.4281336159578487,0.30147605353875007,0.38683055415494355,0.07253067268948206,0.22350663703761622,0.4236099069191585,0.40175628173203637,0.31229652313283174,-0.3088984060658551,0.3123360382950126,0.3513594003980521,0.35815886450783163,0.23357471341071123,0.37007092186330526,0.3351512875593707,0.23071080647333767,0.3207468396335646,0.37387976665166317,0.31997338108453466,0.2626260552731646,0.30885033875103596,0.242067152285973,0.22329860801715387,0.23133073125501552,0.35047589180326,0.3322105634195752,0.3129493843588461,0.39841025147661446,0.3165978558561969,0.39955738504649274,0.3526242038079597,0.35273687866181813,0.29183146794020326,0.28552227532155056,0.32332520037084955,0.3154411226500776,0.20885438336458012,0.21120339184274786,0.309700039755195,0.30453820682607174,0.4016316833298668,0.30717022423459883,-0.5364739642074772,0.041668363026142866,0.07084706977066356,0.22327903021721193,0.3093468264922226,0.33472977764140877,0.29770220644095535,0.2186094809513267,0.4024978859893106,0.400748246169634,0.35027666376451266,0.18410131211326036,0.08945830196638106,0.3236625581159474,0.40390652236139934,-0.3135067896770447,0.05566089367754203,0.15137273527569672,0.0069613147087440996,0.29096225779490603,0.33063195129179335,0.02668944375734058,-0.07492482357421719,-0.05212268817503089,-0.21320187481330896,-0.10917220336447371,0.06938497008536618,-0.25172571059987986,0.29706554049507605,0.0018961904803024903,0.05699467622086866,-0.07328101720085772,0.15713773518036317,-0.3615640444057498,-0.4420731438574691,0.386701204676595,-0.09077822297270635,0.3648220316996947,0.33913348915412134,0.35943652165782236,0.3151612811952813,0.15176921891560338
0.46760475823959374,0.18751142311842744,0.33080557195426585,0.17098979086049856,0.26456544164374574,0.2850064287276651,0.4408434721412861,0.4230987999948533,0.4346830514045132,-0.2626577406576938,-0.05158753555077298,0.21570092889725404,0.2757280175311329,0.5293183451940693,0.44848096227864326,0.4263968728623677,0.5851659882919902,0.2899745177451103,0.4932132097507299,0.04999006111184144,0.3076806181834861,0.4083326785987675,0.43437675925926394,0.5631364612659715,-0.29183352696317794,0.4529422376963227,0.4287105516921493,0.5549939655484604,0.5546400914807266,0.5018952322547996,0.36527111698953924,0.3088180210991191,0.43432943175225697,0.37542329231714616,0.34027827607419664,0.39046929140060016,0.5032272114882824,0.322935336747359,0.30772383100721773,0.30008427127399057,0.40252976180556643,0.3185960414490954,0.2675745766810124,0.49896360704020043,0.3540787877564394,0.44966612993578814,0.4287366996212854,0.41632423431297894,0.3640486897982574,0.49331924929325116,0.4011197531975277,0.3503372691509613,0.2202923980130417,0.23816390076696178,0.35715826428439496,0.3863979434958735,0.4673379644649177,0.41468552688535437,-0.5209008590299999,0.1648018049203848,0.13544062864368392,0.2797670540189779,0.44043258105070743,0.4824566260175953,0.41911052892993594,0.3594376643014783,0.5579591850890552,0.5039535721431727,0.33783988906832385,0.17391036110652972,0.11104979955943621,-0.032730101124042246,0.35427369911033507,-0.17830967275861284,0.2926358919989418,0.29320523265571946,0.21341998613737329,0.5163178747170483,0.31645872226480865,-0.14400344993730219,-0.28103226108125184,-0.10128980448013736,-0.24236286775506444,-0.41260501285738915,0.05439880066702283,-0.473661788477059,0.593832603344216,-0.02916239129643134,0.16835752482400804,0.016755479254380253,0.3127236035088695,-0.3136980094971202,-0.4970917504047417,0.4671807236913455,-0.24909786341283152,0.4706763832722498,0.40872606460450583,0.47916500513420346,0.38812621147461385,0.5136846591131957
0.0767704962458511,0.0005661451550491404,0.06298866573936839,-0.01741702144610491,0.02682862096339914,0.032633555107996835,0.1280101164210458,0.1439663194862698,0.12992917987792169,0.02691294537973713,0.1066378933436521,0.09924735595178748,0.028099672028611442,0.2116915397939772,0.20081574512579528,0.1251309975610994,0.20813067222565623,0.07372250065108736,0.15888816391804683,0.010438091175239207,0.15097300526786947,0.048792733148338686,0.08508809928740074,0.32213155819975425,0.0589650212541694,0.24145911841191395,0.09146782717210673,0.21961310062769734,0.2663090490084372,0.1378493682990595,0.08341763830274133,0.0740095148928044,0.07283773084542182,0.08342789163645715,0.043589600218464704,0.12209136529429913,0.15701118151795873,0.04906801512679159,0.037771681552548154,0.0355336479459422,0.044186821277874565,0.06693875036835907,0.004891618669542746,0.1288677302265276,0.06107473990812469,0.08298563728163111,0.07338399126021893,0.058207366727393954,0.03967238295930084,0.14798007693318777,0.1136222204673527,0.08640267511397962,0.14007821017998037,0.0909940814606034,0.05993404939661624,0.08013437876573445,0.155859889909191,0.1365622897422288,-0.04914046042036175,0.1440404827765613,0.02510449211832527,0.04856081672489712,0.12393672306322949,0.14740674828830627,0.16386547180132766,0.1387391069994948,0.20218703142660097,0.14397564535773696,0.09859724987461045,0.07282718940560756,0.10408097356335698,-0.10589039019363518,0.05942058747642339,0.12072758319428838,0.30927311574859295,0.2309976684646483,0.16834596592059342,0.24048441345976868,0.07539299740826248,-0.14018036305669507,-0.09054006310345492,-0.09794281018524147,-0.06735665715030204,-0.16929048533070154,0.0719260537326927,-0.15385669879310274,0.2153324320361264,0.07204893156151407,0.10976057024117084,-0.02621126401761841,0.05577039369627997,-0.050847284187832874,-0.13297787496443383,0.14973607264813557,0.0008243101065128819,0.1481673084589148,0.15295142619561233,0.1008795525255537,0.051268626604861305,0.23939479373060982
-0.016746750392321562,0.0104413844178681,-0.023001647162223453,0.07020381095078201,-0.025715337656078408,-0.045260155690904615,0.0033081803369647057,0.06740182187277435,-0.035202623905585394,-0.11759065538943779,0.009950000445893588,-0.08107799822297958,-0.032881988355059254,-0.006990718561968881,-0.023427671181882884,0.012321427514542523,0.02330451000171566,0.0746151542268212,0.030277788005216726,0.03700535411010624,0.06162865037586339,0.017988806312644576,0.015711562470372063,0.04244119488362805,0.04684436162456219,0.07563759123236433,-0.01645603882119859,-0.006336367949395513,-0.060453455333704643,-0.02907611799131689,0.014444764048442724,-0.04061196193009829,-0.0701800432517961,0.0554530651716603,-0.013780296279340274,-0.02458956140363672,-0.06098645047440295,-0.06721910802635184,-0.08129777545387643,-0.06915566747003808,-0.032371086464633714,0.03284468834223801,0.004326021864513137,0.00013857853138611817,-0.011261956906894006,-0.003432287474290994,-0.03635026625900316,-0.04046546431274029,-0.06556151964330745,-0.07825892911490769,-0.002917852852507476,0.008238101809404494,0.09311863672803974,0.02039774205206282,-0.02826795310925472,-0.03756167261127792,0.05543439242614322,-0.006896348159851485,-0.03938282587377869,0.0028882271286368904,-0.07088462037709921,-0.04645377930233363,-0.04169127605119797,-0.029411266966403334,0.014114456198983497,-0.02583950424292753,0.019720651842036124,0.009803763824523784,0.10028169389256547,0.08805657130931308,0.08451755542028237,0.1997368022120487,0.07434685400179084,-0.003435514428921637,0.04510180217012246,0.07145553155806594,-0.023068821941082628,-0.009825171963550636,0.05121897192683214,0.0028971094088645305,0.12609628369482376,-0.03519397243492486,-0.05684525192643131,0.12434647187417307,0.08342479355682726,0.07427804984667682,-0.0909242716634298,0.10349455076548401,0.0029208381931813314,-0.07569517937735093,-0.11514743520248508,-0.09662595274473174,-0.06777359933181663,0.036298390975453815,0.1548234208486907,0.022352447083287923,0.05278097048186083,-0.0422277188741017,-0.05203744198381363,-0.10968113465675194
0.38409733940508767,0.15772928319416166,0.23538352866180653,0.20181425121927737,0.19244996912079704,0.19902199347740265,0.3172049320493591,0.3458865132313516,0.28366005433169733,-0.39532754697214156,-0.14708680612655659,0.04778930629231113,0.20209999103119472,0.3497309028218944,0.2597997133179983,0.3202744023931062,0.42704503539073413,0.2930354172330866,0.3845350738221716,0.07768807695784721,0.23826951273774857,0.35956594429362987,0.36201505263113043,0.32061206481950544,-0.31472719029050505,0.3047026025760256,0.3289652615991612,0.3592277110477833,0.2945679861448533,0.3507736718791534,0.2870412546635391,0.19230920598529502,0.3068763599621356,0.3437053408490208,0.27398825696441276,0.2650799271600745,0.31773918260360756,0.20793863291007803,0.1910735249102402,0.19388355580305344,0.3341318650609672,0.26021806303098294,0.23869294889409118,0.38522805541763544,0.2773292132658238,0.36366047275353414,0.3248365823245338,0.3206886037794777,0.26293788445944255,0.30514463534732394,0.2835218558671178,0.2599746967015289,0.15481279928108188,0.14884104023625838,0.2624605450259908,0.27233108040361315,0.3696344634117074,0.27825334956043457,-0.515058472910387,0.03274811593410951,0.032746982023809414,0.17801697152862347,0.28836908699239944,0.3273710746146073,0.28327003898772113,0.2141623354156402,0.40055931268857536,0.3842082255570028,0.34404375716368707,0.19750362154550594,0.09889568869716851,0.17998074094863895,0.35181022705410125,-0.2867628425472783,0.0514539974666694,0.1494101752961707,0.07269312212799116,0.30196556021103815,0.2740327861549012,-0.052079113614921596,-0.09778544480560573,-0.040162114218200776,-0.2579132987985578,-0.18859602256610872,0.06233183130413174,-0.29376079447443076,0.3495459571524129,-0.006558236551882056,0.08624036401368516,0.012628212029062648,0.16862581001615892,-0.36431298230964215,-0.45261945514306406,0.3594560060784317,-0.13611454640713466,0.3644160494720819,0.31165548364311746,0.35785464924458454,0.29162607464869367,0.24720814545250314
0.4770583152449151,0.18941905679848223,0.34242516955161256,0.16614022930275557,0.27188246594418863,0.29333604640872674,0.45972286499794934,0.4408593902059199,0.4561618394503312,-0.25004038450434296,-0.034764840265052006,0.2362436587095695,0.2825946422839724,0.559882431879948,0.4798356506088326,0.44229874257108287,0.6143523981473041,0.29404040148943683,0.5134259998083908,0.0458794248490316,0.3251631907450535,0.41438053389582713,0.44538054841146285,0.6132577374384254,-0.28191700469157993,0.4857181733281779,0.44164301224647134,0.5875701677370183,0.5972945203366063,0.5237370370476548,0.37577084165486313,0.32302487455588447,0.4476003229164556,0.38265267800191416,0.3470129650540596,0.40728605202258544,0.5275108773372138,0.33410681813607424,0.3183082022632759,0.3094681986478418,0.40777310617751755,0.3277378657988496,0.2691565078232162,0.515371976928081,0.3627898006021388,0.46082990056605666,0.4406746749327357,0.42611832142229866,0.3723365732720222,0.5162756044302239,0.41730351231650054,0.3629471829652446,0.23680154192538647,0.25214414955698716,0.3682755119698767,0.4004672682078921,0.4875294466380973,0.43595801659572464,-0.5244260117432955,0.18732775407478958,0.14544667999562105,0.2912487089468577,0.46186321347359477,0.5061149073584515,0.44289417632685635,0.38234200992528783,0.585262308955404,0.5247389743367864,0.3460815765366781,0.17740055827386775,0.12127876067857594,-0.056681875806198614,0.3589144456027274,-0.1571105864614464,0.34350078394212097,0.32555195896215555,0.23893523437089953,0.5537525744758999,0.32407959109569645,-0.16447669030978435,-0.29762244078901423,-0.12079302959535645,-0.24614270588061055,-0.4410330784047813,0.060519172806380875,-0.4966453338761397,0.6271656101187756,-0.024457092235625578,0.18088867921903545,0.01146490315396139,0.3249475062806569,-0.3137225968067173,-0.5100165442703243,0.4864856945114513,-0.2528780917366563,0.4880295068326989,0.4283219023344679,0.49310904713121195,0.39652968419636925,0.5491724825946234
0.051240485104869136,0.056599540303006124,0.07221921370265678,0.06652943110587269,0.05037182717167639,0.03642619841774914,0.12590951077251838,0.1521227120011251,0.10599419178548408,0.010947507573338273,0.11825953795879994,0.07867569249663878,0.03929428386259936,0.15697218486388334,0.152636019864878,0.11314201628562934,0.17366860656481067,0.07184001621286867,0.13089817630090914,0.006048222525042244,0.1301364001193819,0.06934032999119986,0.08527531705017066,0.2913657346684759,0.09655343968632267,0.23359064656972237,0.07220394099657412,0.17911574621242196,0.17230243879191678,0.11048633853132624,0.09396920228748809,0.07263961413416538,0.036917867064794614,0.08797894011957773,0.04920710127529684,0.08546898656475373,0.10181374115034503,0.03686932577510817,0.022429147727664245,0.026655695341496293,0.01850757453144866,0.10352211720318645,0.04097853212465999,0.10151418733022705,0.060741392594860846,0.07546885850855685,0.055556360983384526,0.04257236386743001,0.019581699673329667,0.08148991367815513,0.11291873450525645,0.10290152722660839,0.18172798071637664,0.12245240305542984,0.06310098028226742,0.06788604948238847,0.15801681997398787,0.12697728209513406,-0.035518202697221515,0.14085951304969932,0.029980402255032755,0.05295330935827304,0.10047317337460014,0.11329322211270318,0.1481189878570943,0.11143394938432409,0.16843193795645195,0.12282625301984272,0.0990659392614224,0.0666356788433525,0.10552490962620158,0.041491265013100416,0.08636734944807012,0.11746391258065603,0.3088964770433669,0.22977051682223826,0.0998001067155112,0.1960346358480521,0.10331817603908088,-0.07380910612117388,-0.027201342223617874,-0.11398444285442522,-0.0318484739300925,-0.05700788559318368,0.0881523021464822,-0.07325879782971226,0.11596292719098826,0.10023903091039348,0.0741816982027875,-0.10835640137898395,-5.880768870383235e-05,-0.04605784658027099,-0.10405527183833771,0.14437633920549378,0.08704308552040284,0.11772097658803839,0.15528946431668553,0.05703269299085907,0.027718509648073007,0.10996339561532098
-0.04149749488660249,-0.044992624087872475,-0.07341380580279741,0.02179871736509514,-0.07746277890276598,-0.09086897250653794,-0.04705085036675168,0.034427068189173654,-0.08356044343267971,-0.15713280006385105,-0.025160457224860742,-0.13607600137167833,-0.07806878247915976,-0.03979056160691138,-0.06403697528293376,-0.024413680957080956,-0.01377297121938147,0.0771150550120396,0.0057813184546923035,0.0491067292575713,0.05410279380248008,-0.022613252271066083,-0.01887681273766225,-0.017721489079734087,0.029174955909593493,0.03491539178695668,-0.050321205348029044,-0.054908907995834366,-0.09726228340427659,-0.07569724937294141,-0.027755675488407062,-0.09075503106390274,-0.10742744370392901,0.037478771274596936,-0.051567164661542236,-0.05373718493218764,-0.10246486739479008,-0.11423592098394733,-0.1282544388419451,-0.11586473947286166,-0.052962424383672956,-0.01726207713065222,-0.03858259538391695,-0.03107208427724403,-0.048543677219597556,-0.03939542726908929,-0.07376670843772588,-0.07812285789724692,-0.10449528623158016,-0.11472620438196518,-0.0520084379049995,-0.0423595353679445,0.0472775595644153,-0.037027671307562585,-0.07549912906433087,-0.08222876867513851,0.01764901764058016,-0.05642252878472861,-0.037950475095631125,-0.03994390801443437,-0.12063358755600105,-0.09657454525650311,-0.090866086349816,-0.07137770536269158,-0.027246739395415852,-0.06654570046197049,-0.017971148281065986,-0.02555595664195017,0.10566249862248708,0.10603507668846938,0.08720575768075052,0.18744957694249587,0.05283153826000859,-0.027233000495624788,-0.02768987196835077,0.031251382310160516,-0.028437111873520313,-0.06026169363829523,0.014408127594620844,-0.013674689889188745,0.16293299039549905,-0.010861973420794759,-0.09316615939752694,0.14126271036450871,0.08160939742910824,0.09639589147215238,-0.12518548499646504,0.10442849902342982,-0.003310350063789032,-0.02936863040498912,-0.14643699669614801,-0.12120131614306573,-0.07137439498589494,-0.0014836668529876352,0.15924488870080591,-0.00031228746814887233,0.01649133138842017,-0.06986073964276449,-0.0860570789165811,-0.12869948185136137
0.38976409958757946,0.06578210245575057,0.19262031590352882,0.08909524720425947,0.13365701094546395,0.16189758208360563,0.28968357811695594,0.32545014315566,0.2769656067133042,-0.40815746581918133,-0.1731459285992966,0.03166328258462485,0.15839655050014842,0.3890026773190536,0.2875215589199658,0.310121010509394,0.44577811383163163,0.3004746288810459,0.40168589101389973,0.0885727743061443,0.26301451962701017,0.3122219361918829,0.3401598911710751,0.3340902546650399,-0.35089830926441185,0.3027069097604578,0.3243867270165373,0.37484179232761955,0.37126795411892227,0.34867041485822026,0.24970075238439385,0.16029938825977672,0.3123216454569066,0.33029537510655194,0.24125768979559234,0.28159053269030543,0.34392912931091124,0.1843492097261398,0.16938027409109987,0.1664168878861517,0.3399393240081032,0.19452871069256725,0.1733628953715034,0.39240815233530857,0.2513222400211309,0.3466824496612278,0.3151497723779014,0.30711532803652863,0.25021504715327414,0.3433999038369077,0.253760903777034,0.21236262189026542,0.09542248691809703,0.08461290466473172,0.2268297671635755,0.2534749371027602,0.3516203646184074,0.25928791004670676,-0.5274734873711806,0.01605633138703064,-0.007513379846486459,0.13912477197279866,0.2806268262249148,0.33641512614191765,0.27880222013250555,0.21828474426818414,0.41656576136537665,0.3867291991502572,0.3559645452494651,0.22185438727046972,0.10935862793670187,0.03447524801727955,0.3156680175483133,-0.2871280323312691,0.030482146406369804,0.1423703673592942,0.14311392047266153,0.32325545675160094,0.22576105000437086,-0.13596820778007682,-0.12755604993108033,-0.023000295538146316,-0.32273420404509473,-0.2849752663300383,0.05350415236940841,-0.3561044283581996,0.42423319184032793,-0.02351831319707664,0.11900136698811889,0.11381551795824864,0.19385672541835092,-0.39052959277084925,-0.4897637932878305,0.3464296756018765,-0.20150725963434446,0.38259456437479233,0.2943589748242712,0.3787777348756404,0.2861782740533197,0.3608695335998582
0.45348118596038683,0.2259420192111312,0.3563755077935947,0.20798050877778052,0.29207334570487153,0.30108186123643305,0.4708791995774213,0.45203209196512634,0.45850305423412535,-0.21078703962572815,0.010375963113641902,0.2565371139270369,0.29288127161319566,0.5479269979557848,0.4796773190859391,0.44166416499434535,0.6088632462669593,0.27918774047887457,0.5012448891592347,0.03189490191128422,0.3206100997515613,0.4188383199713367,0.4421759305523857,0.6464685607643214,-0.22204622825632064,0.5102472112147675,0.43105116955017303,0.5891922287212658,0.580351663738014,0.5198691745093227,0.3852162690717023,0.33679769719006913,0.42912776179073997,0.3761927676577386,0.3483571575764255,0.3948314093216843,0.511935629258218,0.3355144371729419,0.31783940910726477,0.31144131092703026,0.3813997519404475,0.3542763673227161,0.28573370559195954,0.5006759702921512,0.3627136064788347,0.4535407589898929,0.4307401888065682,0.41489130133186286,0.3603355366260453,0.49210929934685016,0.4286388920035877,0.38163709134458984,0.2818802128282668,0.2897496556290779,0.3755054884776632,0.4007126297307721,0.4974376901681749,0.44752325145657446,-0.4865822038040574,0.21983871106869868,0.1675020309169768,0.3054446083503124,0.4642441401175692,0.5008624193367158,0.45224777704601676,0.3870992240654448,0.5804949475695719,0.5188200573511584,0.33297415279335163,0.16237652911986106,0.12819200710686246,-0.00522327336988266,0.36218442709645715,-0.10877834724676737,0.4156512487392502,0.3637629686399681,0.2246183089178498,0.5625663462930288,0.3406244512394982,-0.14214990106029593,-0.28167085755535726,-0.15452230463792258,-0.20705222635751952,-0.39917521092198505,0.07435265181021779,-0.4617338022417194,0.5924742955728548,-0.00042151028882566574,0.17177571839709563,-0.05345575536965389,0.3012011149137231,-0.2826063154473458,-0.479189392526779,0.4920487719535834,-0.19666118240410674,0.4727524798926775,0.4413586831255416,0.4661621232702598,0.3800514888171131,0.5036926643950526
0.006394345659054276,0.09687965259448718,0.066448522095839,0.13051125055692758,0.059224624990914215,0.02664895357439611,0.10726729788925372,0.1438883901924504,0.0686893409637953,0.01479687317074283,0.13854392723443237,0.05585543754759145,0.03619674246249968,0.09113734823398936,0.0970075862053769,0.08560712680987007,0.12267431266671797,0.05656932423074264,0.0871376798737815,-0.0021352673000278703,0.10212858904615946,0.06778169122501716,0.06592873190950548,0.2527418306656562,0.1506524217349595,0.21613958930567762,0.03627165442452639,0.125584849117933,0.07377219265992649,0.06674049533718465,0.0879381271914928,0.05967149033022787,-0.014454832000801646,0.07497799311537968,0.03810542503549527,0.037882390810366755,0.03431054665728529,0.011794292985626452,-0.005122055140019581,0.004934388508107584,-0.024665815269965495,0.12281234996775403,0.05918083917993557,0.05653744730327547,0.0443987503947804,0.04850677867449333,0.020604458006886782,0.009122527961595583,-0.015985209780825783,0.003860109020973141,0.09689181099818733,0.10342433338235558,0.21433941594065237,0.14263958692406384,0.05024299676436851,0.04063493071082825,0.14281448444352976,0.10384216486910998,0.003539564502479579,0.1382706325861622,0.029910382021193817,0.04531723216597804,0.06323873187826104,0.06516187352792,0.12056635204205692,0.0756673026047994,0.11895493485404701,0.0844465111920144,0.08500958553769053,0.05379197913079673,0.10530717521269232,0.16734666439669504,0.09333263431106145,0.13315179120304124,0.31277486577891317,0.22666213862528806,0.035894976679817045,0.14264467970236452,0.11476109700054979,-0.015038778619133835,0.03826366868338299,-0.12997290968685923,0.010788120472144778,0.055817165304646046,0.10229052576400706,0.016186002086524362,0.007487888481678349,0.13030720624284378,0.03856276034867296,-0.18545741576518993,-0.06331629089909552,-0.02588144429150833,-0.0574869054702014,0.12240479662712442,0.17773898638536886,0.07228637624665468,0.14338734090178124,-0.003115113615002773,-0.012002753663662082,-0.019643491627317215
-0.03782627112708961,-0.14859182058782044,-0.13726629873790722,-0.08701877734803096,-0.1532982797512434,-0.14493754245303891,-0.10184254820885517,-0.002010365593876283,-0.12316400105447763,-0.23093102873468202,-0.09902503096464292,-0.20196335265235127,-0.13602298730392712,-0.037816453479028005,-0.0824398037767684,-0.05405308266153489,-0.025490553692196292,0.09689660511902153,0.0070333058456661865,0.07245963257169005,0.0644836599087035,-0.07125926289346701,-0.04756066636474418,-0.0772851473566252,-0.04608551537427363,-0.010542429448615855,-0.06791844891898718,-0.084333929219122,-0.08161263266332296,-0.10657241419005878,-0.07962495281431588,-0.15112303676449293,-0.1189940666388516,0.027291841700292294,-0.09213886953699188,-0.0600349486113055,-0.11222669342351853,-0.1602076907328584,-0.17234782271337354,-0.16376447998585456,-0.04504322858566087,-0.09781752593821642,-0.10625622563922768,-0.03847903129920899,-0.08538670390094363,-0.06482060121891768,-0.09643107108546992,-0.10179530998877949,-0.12980671094657784,-0.11035507689214323,-0.10810493917304624,-0.11154709440167475,-0.042432926599558635,-0.13318377313805468,-0.12882511007406092,-0.1221880151835039,-0.02063205923373986,-0.10797237076345499,-0.07812201144580914,-0.10422945756122588,-0.1920582957368665,-0.15958860876531517,-0.1311062579985282,-0.09312077538036245,-0.06470780695626524,-0.09807114010714413,-0.033306975032317554,-0.04236374440948301,0.13107728972128904,0.1440113165196845,0.0906001320236025,0.09098231723519427,0.025786838176094357,-0.08571065626224646,-0.1420937918636971,-0.028194641986705987,0.004781943609856397,-0.09434708950299893,-0.04200771510076498,-0.07660510182500735,0.17252634768098857,0.03435973433126754,-0.1807030364760777,0.08786628100742833,0.06813434542676165,0.06341110638705788,-0.09700763511157755,0.08164659477162751,0.009531835055673505,0.09081188353244367,-0.14532763663544604,-0.18082941311327172,-0.11810070779870038,-0.03585155197237069,0.09913294970511863,0.0033679732535856206,-0.02372254500151379,-0.06141562097146112,-0.10114128021057789,-0.0686178092686843
0.4008500267985299,0.006579817413090241,0.16873347513761372,0.01603769408602556,0.09818033807519834,0.14108934034608311,0.2777414742685704,0.3187833372213563,0.2788623578959602,-0.42293215065610723,-0.19281697272432297,0.02343670892132379,0.1329712259535941,0.42350569771628604,0.312747828227171,0.30926903955381574,0.4681558754221208,0.3099599639070876,0.4208588876860936,0.09565273959779311,0.28439564272180734,0.2869597591206686,0.33230895104240515,0.35426103142522447,-0.37984223739509915,0.30891883328977765,0.3275521856040778,0.3936598692771028,0.4322238972067008,0.35502442759474623,0.2294000045772207,0.14354865551830692,0.32251640580918967,0.3269598861290845,0.2243576651834444,0.29782527163525147,0.3688462078182345,0.1730418831151313,0.15914430309791117,0.15214596604370223,0.34986984463369936,0.15500626043407886,0.13373077210911774,0.40453670012690035,0.23876741568902185,0.34217217085873397,0.31539337637602693,0.3042609388940736,0.24664218523393572,0.37584735974405403,0.23945199552777685,0.18528509675228275,0.05747654576766197,0.044052284333885576,0.20826697375040998,0.24641493211320653,0.34743252286884646,0.2525912073303708,-0.545489200574765,0.006371084368927689,-0.03291536837454477,0.11721367353514224,0.2823968713006591,0.3502527881697963,0.28216250403906246,0.22621075085496162,0.4362750620272174,0.39655577848554957,0.3700640966716796,0.24102774255321954,0.11788568793193703,-0.06267302720870922,0.29724519374925823,-0.29026993028768655,0.021947500858372118,0.14262585501844546,0.1935722820704725,0.3457319390950219,0.19760634266657218,-0.19473278007628358,-0.14983893121315178,-0.015974588428333773,-0.37331509956052294,-0.3560881809316516,0.04801172796731967,-0.4049441107055197,0.4831228084498724,-0.03653507618873982,0.14204155801519514,0.18262162903096352,0.2146602181725769,-0.4142873579747504,-0.5235229216484393,0.34536299606372844,-0.24768168024220324,0.4014967001343345,0.2892388917724657,0.3995636373204469,0.28774531384978286,0.44380323632377494
0.40644582016770114,0.31754515844661524,0.3923111492154784,0.3137951587835398,0.34468040549259604,0.3252828197145032,0.4953366577117074,0.472315819428714,0.4620231724839273,-0.1302719090717207,0.09937545023456551,0.29870224545082097,0.3232991722371819,0.5099591686531069,0.4673906843221553,0.4401035775339965,0.587055866296518,0.24567935992014003,0.4688487689791972,0.0024650904120678183,0.30005151201405844,0.4373969413353676,0.43894366552275044,0.6938581216453474,-0.10305293008837506,0.5483298964655139,0.4105972049116943,0.5827325087398066,0.5231194075328571,0.510184865680936,0.4105308808835225,0.3700676502740244,0.39332845379465375,0.3641439104894504,0.35867876173099955,0.3654986681516312,0.4744518883478362,0.3447231695288596,0.32363326915571816,0.3231217332358853,0.3306306887196746,0.41829394398911734,0.3331013721928492,0.4684440063822242,0.36833831699364494,0.4421741043228081,0.4137201102113128,0.39691086777597034,0.3420220608125947,0.4362708669170952,0.4551448213171604,0.4266041147143513,0.37580079766995944,0.3737885089074453,0.39719312217999386,0.404736747560449,0.5147276428350984,0.4704910015326077,-0.40901343593239214,0.2815926546091815,0.22025822133911221,0.3416466209123394,0.46818694606267713,0.48506154262716644,0.4659911293266951,0.39153021406851396,0.561702878542247,0.502215700637645,0.2991608321137335,0.12366498083805633,0.13318260767171636,0.1251894403113137,0.37341113115514296,-0.020655947877825515,0.5451239342928644,0.429423554329964,0.17572305395879692,0.5672266163389691,0.3812266608171199,-0.07497103928428228,-0.2471117148308892,-0.21603566723839893,-0.11274007846293667,-0.29526916852416935,0.09837936341910436,-0.3788099553593933,0.5062473519693464,0.0449093188209343,0.14472302956460512,-0.19749373112084986,0.2527110608880944,-0.2129353605199598,-0.4065768939269638,0.5012795000741185,-0.07970622224983742,0.4357404346416095,0.4646519106513706,0.40934821887553624,0.35092547993758794,0.3880039278472667
-0.0394070402215982,0.08049414808636847,0.029062410728513583,0.12802973562475173,0.029063907127460303,-0.009152017747104464,0.061948739120191776,0.11330216591480283,0.016433294776731184,0.002409410760757631,0.1322232825525267,0.011675238845075746,0.003823373650662773,0.03298991121403366,0.041825808407561324,0.04311217230484094,0.06746164933057196,0.04382391791839633,0.04347312258548327,-0.0016608119162087847,0.07937836208245301,0.034865380984978635,0.028054825145979907,0.19288081626714249,0.17425020504942923,0.1784014914051718,-0.008550391799340328,0.06402495248623447,-0.0020444902072538095,0.01054032675471543,0.0538943498062367,0.019375352818081174,-0.06871775146442638,0.050232502401250684,0.004141696138911901,-0.008593464386278912,-0.0306830306810879,-0.03273700613478433,-0.05045500616254765,-0.03767365331804765,-0.06622267619649674,0.0975063362356039,0.03758218265222847,0.007480759970314025,0.008310574121691054,0.006009295589878633,-0.02591098799181122,-0.03671508061670696,-0.062429952294325665,-0.06267084436488929,0.05366188290979908,0.06824410905966917,0.20133609177947148,0.11618722816525479,0.010620063209470032,-0.004535827561875083,0.1052021337114598,0.058222342909994465,0.034923934343033564,0.11272836483793999,0.0004726812060796018,0.008618284734031135,0.010325391440033251,0.01049453892339364,0.0776016547040411,0.03106119118647113,0.06378972062718812,0.0376719435779253,0.07476402255961874,0.053919802161311176,0.10565347554549659,0.21743254205068133,0.07693878958908808,0.13374834894217277,0.2744187862643286,0.19926041545984355,0.0005725221971306886,0.08173630119839038,0.09273352756657413,0.0034897233972553633,0.09459737104733876,-0.12377104766733986,0.01833785386784101,0.12610650131346582,0.1072806934496133,0.08038747170030028,-0.07394081488712413,0.14703388555324115,0.015532566428408678,-0.19875564335205684,-0.11706264391844078,-0.022785287399297936,-0.026658555949107144,0.08109049964272456,0.22837920502409592,0.028545174907356932,0.10997524810596769,-0.056978135756067354,-0.05824413497350687,-0.10020672969179456
-0.033781286808627485,-0.312377117046218,-0.23842579089022295,-0.26082881671756664,-0.27280302412154517,-0.22943499580486126,-0.19053079944041726,-0.06492809103539755,-0.1865621589885217,-0.33922874770346967,-0.21468959954547598,-0.3032716316927437,-0.22692074065636672,-0.03804423017416281,-0.11350860968945925,-0.10320564456497446,-0.049163898992840106,0.12357288339405297,0.0046586124621252264,0.10889979382624292,0.07643895929034789,-0.15071357127929377,-0.09567324025451451,-0.17754192849220587,-0.1643585138187268,-0.08928164192701021,-0.09707578964599652,-0.13429381405120883,-0.05851501757058255,-0.15712632745495744,-0.1635366940196382,-0.24616813737406618,-0.13682833333543074,0.007010153356878056,-0.15709851143917633,-0.07074485557415462,-0.12816342870071826,-0.23120566702990994,-0.2397320547863444,-0.23740767964413143,-0.033188349743757575,-0.22760173330981723,-0.21430520355734542,-0.05306333547722224,-0.14460748485550423,-0.10721208125936951,-0.13323795396532134,-0.13955429257269597,-0.1684268518657753,-0.10315931221230173,-0.19816774763416345,-0.22225039225236934,-0.18789803978471475,-0.28540996907653204,-0.21346515451498532,-0.1855153847626606,-0.0862376204494395,-0.1911926002427713,-0.13544044201942945,-0.20642355507905336,-0.30195690697321387,-0.2582701409948694,-0.19551562891410462,-0.1292323526535929,-0.12684713221337102,-0.14869044318143965,-0.06186152347274869,-0.07265505308714612,0.16428981293770625,0.19919710712323557,0.09211143354800493,-0.06839168313830724,-0.021897887973023052,-0.17682161308316685,-0.3271201861556024,-0.12740537527915452,0.05708923028454605,-0.1514506874738737,-0.13441110110054366,-0.1733214809484882,0.18396791151420192,0.10950625636818298,-0.31346990289011417,0.0013044380484999666,0.04402520333993081,0.011114797187536015,-0.05301390933994561,0.04191142801369821,0.029407271741019824,0.28346776227465387,-0.14018203111479147,-0.2674263774572019,-0.1844193999006212,-0.09456320548587402,-0.0010611092618001891,0.005481702413210173,-0.09180439697198321,-0.04886253953934891,-0.12427579244508585,0.026912624601843863
0.40081631181788363,0.018579071378215937,0.1809535633928053,0.024678235254044223,0.10984865654502617,0.1496129054627537,0.293300558468014,0.33313114353378104,0.2941166923792633,-0.40107348899164336,-0.1695799873845436,0.04528914039292504,0.1407832076432622,0.4398559876396602,0.3329128662143917,0.31925812543587917,0.48597566730597574,0.30596227183205515,0.42922393751554766,0.08640931910789425,0.292626839821348,0.29239793403362535,0.3383302313875708,0.4008692958987527,-0.3549569901972775,0.3376362947746184,0.33275053701228074,0.4157138428020359,0.45906153827367674,0.369271991322718,0.23795635218772715,0.15929471011774018,0.3278166007316923,0.3282573030664885,0.22965130993212757,0.30511230966466596,0.3827743309261861,0.18209431269893897,0.16757341721944022,0.16035895736385564,0.34629532960558984,0.16794175627832952,0.1399097762182966,0.41080239222021353,0.24419083907434874,0.34740211249054576,0.3217749910331051,0.30815672814828154,0.24925528837962702,0.3855852659211676,0.25402314824777344,0.19887665358792878,0.07724468784841934,0.06247716919010078,0.21829640874319609,0.2558818050980978,0.36394837181827405,0.2695390439328313,-0.5364825674921205,0.02954845965625146,-0.018364054090812054,0.13007361004336776,0.2986253527104947,0.3650815233836107,0.29984701844945766,0.24175744074482813,0.45374513216411005,0.40740717990855496,0.36846953594124265,0.23592744521431552,0.12316852009519615,-0.06681910165423054,0.2987661299768943,-0.2594220866052381,0.0772855834167674,0.17611124030802763,0.20628059223633663,0.3738308968518372,0.20591116010776414,-0.2008488466831077,-0.15793652489867108,-0.04250970176131357,-0.36897890304796765,-0.36692140512010557,0.0530114010512503,-0.4121469817217745,0.49824802551826036,-0.03119479614196687,0.1457955786771575,0.1637712376532913,0.21800323291930343,-0.40294788467434617,-0.5228713467475515,0.3611200988542925,-0.23437017014982775,0.4074586652222677,0.3052291030671657,0.4007731497041139,0.28842852837180327,0.45651430680354954
0.37865625613599113,0.4624067597939525,0.4719209688602986,0.471863388378192,0.44343286825415096,0.38735100464306815,0.5636648685311271,0.5266795194285501,0.5039193723605874,-0.028216753814204805,0.21745199464124462,0.38148949688364503,0.392295160298314,0.49610539062888376,0.4852610997862403,0.4694627623440678,0.5977278718880586,0.2139454621421128,0.4577961694085019,-0.038547128136410175,0.2872531835344938,0.4952437617327921,0.46744306607856184,0.7945719603734506,0.03414805812270184,0.6270027323606102,0.4172777723611338,0.6155061793755694,0.4867942045334829,0.5380508843369199,0.47411080990171783,0.4448846665518846,0.3839820700709748,0.37160994624334276,0.4023256582939423,0.35621953079540486,0.46518288199308705,0.3901583911223943,0.36459445880944763,0.3706249019919496,0.29455511326789563,0.5314374209997327,0.42248819294545786,0.46169987533984375,0.4060827278104844,0.46236167596049627,0.42727057773609023,0.40901222775736146,0.35223535485580937,0.40226847368105617,0.5237329401845692,0.5170175838994473,0.5158236754649826,0.5091060495134654,0.4594109030267472,0.44489138222642544,0.5691501571329857,0.5355046224717628,-0.3382784085519679,0.37934532135072596,0.3125773143741962,0.419777754011969,0.5116186153952216,0.5023308728773689,0.5154264149104099,0.4275575276481855,0.5745749627579887,0.5169157069687343,0.26826838015878196,0.07357187301892376,0.1393576921395698,0.2913999470386928,0.4112090747947895,0.0853052514225004,0.740444085264731,0.5339065555882443,0.12217115758945896,0.6120850451139879,0.4591127524633951,0.011187854601708336,-0.23158782748121856,-0.30477110894902454,0.010022963113988816,-0.18903089452310248,0.12764359442481657,-0.3036543590752291,0.4367814978201862,0.09595844050333663,0.11782469737767731,-0.3935067103308407,0.2198442478805049,-0.1306787850576103,-0.335648860612455,0.5459992354747286,0.04983687690109838,0.41727035455680406,0.5233024824664392,0.3708850205730627,0.3463324688578137,0.2711794913559003
-0.07370939037217158,-0.01009969072593611,-0.04659031162150285,0.04044390914906473,-0.050038699817289485,-0.0753504953446712,-0.014013056301082594,0.0584948893802511,-0.051635413482421656,-0.05186032229138427,0.07708057769700581,-0.06624850052567653,-0.06288604258123835,-0.009555516806640697,-0.01155615408749145,-0.013188547842329156,0.014464078397253942,0.04414207677488356,0.009056158268848997,0.014678425646671553,0.06735404927325553,-0.029707597351676496,-0.02483976783769815,0.09926294069958225,0.13781616744625677,0.11250638590453511,-0.0564479648181218,-0.004729868310868734,-0.04743943637145373,-0.05563580009553237,-0.011550372156747113,-0.05603739485584003,-0.11812100384331094,0.01970151256946196,-0.052796450608002206,-0.0481516389932944,-0.08711798106595217,-0.0986078377858727,-0.11509793961426261,-0.10376157259116736,-0.09318877072465477,0.016776617119633252,-0.030602370591305387,-0.03717050691630681,-0.04700456934199499,-0.04697386435197223,-0.07876367756551961,-0.08934214896504437,-0.11516723175366585,-0.10793156656995262,-0.021840011299629824,-0.010937697961756167,0.12398099780372122,0.02556619230470213,-0.05898471220717542,-0.06755024891499853,0.043453105841358565,-0.014208470310212929,0.035787277213876825,0.04940867649020105,-0.07077134812638089,-0.06439524688620356,-0.05896883936849366,-0.0467379770423887,0.017054430485036427,-0.02355112048684018,0.007579963908195809,-0.011047391994774138,0.08060458381816035,0.07818597745641034,0.10680682903869557,0.17340504016154262,0.040136408107104504,0.09367349586033952,0.162653456874109,0.1313956945383085,0.00022098020014761193,0.010510250199343846,0.03133522106338337,-0.030503310405178063,0.13827219842266475,-0.0808943027948779,-0.031516593098109794,0.13686751626613256,0.0986728113978623,0.10404205074205625,-0.1137955855447399,0.1419020196143664,0.009262218739004235,-0.119803834862549,-0.15333496960334472,-0.05756005082272294,-0.03096208271012143,0.01965049762303353,0.21582659292513773,-0.004251615823739024,0.05189429385516653,-0.09115771723092046,-0.10362343535579241,-0.11271389847363147
-0.07807527407032286,-0.5225887245853963,-0.39295047910818914,-0.47577674396608505,-0.442104738273159,-0.3614885885187088,-0.339713978774996,-0.17730659255161083,-0.3087523590657405,-0.4469619859812884,-0.3440358249217526,-0.4500050549844462,-0.36450948546016737,-0.09404936735101631,-0.19899515217689898,-0.20326069307832498,-0.13599530648104147,0.1306108844119422,-0.04719848999785696,0.14987171138590633,0.06310167574611887,-0.2843780979946511,-0.19563822806964884,-0.34933131035179027,-0.268212214786134,-0.2229593039935181,-0.1768139516316217,-0.25107753186203285,-0.09287414335660728,-0.2704772884588631,-0.2984450974112042,-0.3918773078979828,-0.207622464104647,-0.05120082983978143,-0.26923045036314663,-0.1252030243475173,-0.20262437451193546,-0.35273512350001035,-0.3565583517505501,-0.3596287582655088,-0.06288093740405885,-0.4103069892554538,-0.3683288582512452,-0.12156808347722642,-0.2514786705154803,-0.20363867441590228,-0.2232911817857399,-0.22981652308967024,-0.2561584119967622,-0.1511988933113654,-0.34466271218423855,-0.38723588800866454,-0.3744824551545994,-0.4867964603869418,-0.35183192108352396,-0.3028522589830718,-0.20691150264131394,-0.33255550863679345,-0.15100759375258038,-0.34363164811133623,-0.45026674783002474,-0.40648985970585017,-0.3198344958820331,-0.22403408755362134,-0.24238074531664733,-0.2481669435587915,-0.15094252220719984,-0.16056015648971875,0.17472394677909697,0.25224913134694027,0.08815593790229218,-0.23649772675407962,-0.10947320759722608,-0.26427373418031347,-0.5718130045347378,-0.2680520342434514,0.0945868037720402,-0.27290176544993644,-0.27145245074732893,-0.2703535948477944,0.23563886258126418,0.20545075850858383,-0.4503404960103656,-0.04928243744458573,0.016441059358667465,0.0034469375870888803,-0.06889368150503479,0.005352148293670217,0.03575509257205901,0.5035650036797014,-0.1746879086779692,-0.34271702421834516,-0.21579526732870313,-0.20802081995062355,-0.08079923581807746,-0.038837805547772025,-0.21005460976703652,-0.0868164157486531,-0.19536400299919096,0.07825700617469937
0.38118139100296283,0.08039498807253813,0.21302637509290748,0.09216275673063563,0.1509396888962963,0.1732549268536628,0.3203680329094113,0.35584328314252384,0.31015987844580595,-0.34400932107446436,-0.11125391098681661,0.085928807808929,0.16650270567877168,0.43163903351698046,0.34028387918083847,0.32900588890098853,0.48827474263462517,0.28563376430538007,0.41861028604842077,0.06377346458903276,0.28549907082451415,0.3115401516601348,0.3451067412164751,0.4612887964327198,-0.27903959422861696,0.3768318896831091,0.32969019822413254,0.4295207167455035,0.4518781748245685,0.37894807705355105,0.25994142677718557,0.1938157118425182,0.31929376369311474,0.3248772062235048,0.24346643044101524,0.2974234217438662,0.37876252120161896,0.19837621286256463,0.18223026589260916,0.17814167089263372,0.32226053826122786,0.21336443307312425,0.17367340718925395,0.40168554951905344,0.2547907483586642,0.34938705430971756,0.32256558154267134,0.3067618701616043,0.24714838171314032,0.36732044585844903,0.2823623675517224,0.23599782141154807,0.13721482239597613,0.12104374899701421,0.2414774604082512,0.26859401237007335,0.38806643092851906,0.2955830154344238,-0.49404643156727207,0.07461794966952197,0.022646805991437362,0.1623629579918482,0.3161864834010578,0.3700114467335963,0.31973439285286004,0.2549343543275651,0.4590907272778343,0.40685367607029305,0.3472213689951132,0.2089728346257921,0.12456387149531355,-0.0001772677499415018,0.3065952329036711,-0.19402188551469757,0.1791527160489,0.2334046129837702,0.1886539482178002,0.39737371783595454,0.23509771324444761,-0.1647766424672387,-0.14805119059837288,-0.09700389719990585,-0.3202689027485826,-0.3246123702886315,0.06669059163762495,-0.37838831596882166,0.4693420446458948,-0.010514677237995672,0.131902005661461,0.07834710261605474,0.2004897159734227,-0.35734904621093,-0.485907631060946,0.3816334430251963,-0.166820860984445,0.3938291362002973,0.32967930102878445,0.3751852007298526,0.2783436886230859,0.40634881417270863
0.4155355902111514,0.6500639343328005,0.6110318711650664,0.6633312627315255,0.5954064835129943,0.504000627079975,0.7011439174018441,0.6370742600729326,0.6164839192264225,0.06162471015069086,0.338599656701644,0.5137637308515078,0.5137960851664861,0.5548332119424846,0.570806236666013,0.5590607986249052,0.687971483804589,0.20908316993062318,0.5104651022515788,-0.08302770442331052,0.3066561876023344,0.6157025756785889,0.5586100505213035,0.9757386031794475,0.13642485996298706,0.7659955037361982,0.48751479084720234,0.7295341398442173,0.5284646294245349,0.6432382204039419,0.5946590952754072,0.5764145872878746,0.4440960308799449,0.42530133172915796,0.5015129468501309,0.4028999255897727,0.5314372738548774,0.49590144983205753,0.4652623777222042,0.47560406558171875,0.31567033393805494,0.6990356964114511,0.5611512636747628,0.5237528626465018,0.5002106094772619,0.5492220241016369,0.5080545287127379,0.487345955921784,0.4244657022570307,0.442581409879862,0.6558372864509577,0.6658578133203964,0.6897625776515323,0.6906710602340677,0.5838290951738979,0.5499864127705772,0.6868781708619119,0.6673729188938823,-0.3296273892690752,0.5104526114619329,0.44503118168313777,0.5535187829958379,0.627620508759518,0.5934283564343286,0.6272077367377076,0.5224214662066439,0.6624398263790221,0.6041127304127559,0.26923028738455435,0.03008189028768948,0.15001756739004277,0.4484171849629546,0.4951847814047614,0.17398996402532943,0.9905867715286313,0.6781348468102748,0.09279563336452423,0.7341338207190989,0.58383851057787,0.08782930029446682,-0.26923623820849374,-0.41157730800230446,0.12420274084500506,-0.14116655229142014,0.15580881030107532,-0.29343356865009496,0.4514713364350516,0.13465698519712765,0.10919856710191166,-0.6020410838436567,0.24200302164066065,-0.07169001144683328,-0.31663211921322354,0.6546706006421258,0.13751228595992457,0.4586297491749237,0.6384483593581037,0.4011153027546125,0.40353067451386465,0.22322343606466116
-0.08356073050619847,-0.09983768461032487,-0.10708893212475362,-0.05468108925719954,-0.11860497381811899,-0.12664868544133348,-0.06936568967545118,0.018475353214922427,-0.09504052579115985,-0.11284046633696898,0.02003803122348682,-0.1287703983056272,-0.11579259932922203,-0.019735733401529332,-0.03569779427993081,-0.05070264047188707,-0.007201489222295874,0.054557256206925954,0.0007938466507907917,0.030957752579195745,0.06977512273989717,-0.0790991899055906,-0.05874288962975269,0.029283955698766257,0.07992391440469072,0.06513030981328452,-0.08193553118585525,-0.042619481369497524,-0.058115256668695096,-0.09492303108640218,-0.061341582979180784,-0.11762740179237574,-0.14170538718365283,0.0033263526815820706,-0.09407463279114699,-0.0653295967612761,-0.11464952006378196,-0.14499048335457212,-0.16027119367215864,-0.15261962766593257,-0.09782246582746384,-0.05367548092407737,-0.08979081727826291,-0.05611009516993001,-0.08521612953348709,-0.0779397555997001,-0.1082439934656984,-0.1190309545622648,-0.1461933953406214,-0.12040251877747997,-0.07989208672076561,-0.07687949812290205,0.050120164899559616,-0.05815725024719424,-0.11087663936188354,-0.1088341040396965,-0.0014700535470388509,-0.06492700169646312,0.01206396848101697,-0.0024110728064535097,-0.13186302699935237,-0.12208516129635105,-0.10301160628269573,-0.07531895063474817,-0.021165589019881453,-0.05439023094161242,-0.021428345761433792,-0.03072237961010529,0.1006310418751508,0.10834115601775722,0.1112133803447929,0.10303087564743192,0.015873433062537523,0.042545051006307975,0.06541917527431733,0.07137017082362036,0.016195638222854705,-0.031559863882357195,-0.020709029681194757,-0.08141553332226385,0.1558588126567358,-0.03452204804926173,-0.0878782198947298,0.1145446486583239,0.08624861634848396,0.09681929043244505,-0.11502165065053248,0.13078263995398567,0.01492650594742285,-0.03227311090521454,-0.16531683054243598,-0.10513969087984165,-0.0580497128184553,-0.02434128093754128,0.1733359260500034,-0.01328060033942323,0.010141898227899475,-0.09541414999178861,-0.12587921802468086,-0.08413762914071621
-0.2049504858994656,-0.788147904053707,-0.6232688542988815,-0.7357371059431196,-0.6788602060059687,-0.5623312729894759,-0.578009946217197,-0.3629271263809609,-0.520825992353284,-0.53881162755021,-0.47945372633898786,-0.6591539837302244,-0.5687141923109857,-0.2430994585389494,-0.37082522769501425,-0.38170430462667326,-0.3250528590795761,0.10125279240260142,-0.18153452123014838,0.19304162156608712,0.006558415785022023,-0.49843322421244435,-0.3761957442362568,-0.6248798223173774,-0.32982025604926785,-0.43555622445939374,-0.33780635306352924,-0.4720331925371938,-0.22586571244725318,-0.48216630237997016,-0.5073251303635771,-0.6095120748248588,-0.365678709230896,-0.17011423645591262,-0.45215667523937275,-0.25170137286838956,-0.3730281540628439,-0.5502454005952888,-0.5481196818889974,-0.5542054815162104,-0.16518838943871095,-0.6636963585232657,-0.5851903082213584,-0.27857058157859255,-0.4304930457317524,-0.3853723872618198,-0.3983394171636007,-0.40390396218523955,-0.4220967356675929,-0.2933991553848381,-0.57327308657155,-0.6279003288264837,-0.6083679685181755,-0.7492738399594613,-0.5691231091530049,-0.5025591542509841,-0.4098969339460142,-0.5596840289802025,-0.08823025442453349,-0.5247710059628123,-0.6485886069492066,-0.6248117554688433,-0.5360043306814639,-0.41252481281367576,-0.43845553091861683,-0.4225444084144399,-0.3369806327216549,-0.34111608497358276,0.14296346768301024,0.2946642488211203,0.07584473123017388,-0.39656206510966374,-0.2573452983954645,-0.3308931954164694,-0.888075036082915,-0.46183338539887586,0.10088534788398514,-0.4930366372265444,-0.4701978169539276,-0.35580430963469867,0.3541231283749261,0.32363175523246657,-0.5754990235953772,-0.026763534425803447,-0.01248091990947336,0.0784059934126158,-0.19102851994937547,-0.018685960086691128,0.016953800296404156,0.741343334404554,-0.2776189355853702,-0.3876691971869484,-0.18018280335599918,-0.40437074580798266,-0.1099030619890002,-0.1609834072979786,-0.4021031158127209,-0.21213203137120049,-0.34485080593772516,0.04241021256943177
0.30843780931606074,0.05266491218684742,0.1591055833350739,0.07843766363902745,0.10684727376755798,0.1218596853112927,0.2542701622437579,0.30679820939096336,0.24000520042594384,-0.31884197958900456,-0.10655095621563443,0.04497448550837098,0.11591044908668854,0.3520123560296992,0.2689757309467766,0.2687439838656011,0.406590218647143,0.25090236650916087,0.34643323941040577,0.0575828095290119,0.24859732015223784,0.2522389816531975,0.2818927734799212,0.41133130699983006,-0.21883422650047094,0.3282192689275991,0.2614439429463241,0.3484456447347063,0.38106214171937397,0.30276689753050523,0.20181513454070749,0.14855979876477088,0.2466223581794239,0.274499923418568,0.1883361602858813,0.23510706209932333,0.30356246101203055,0.13804636319681296,0.12295030972306699,0.1225789593444019,0.25526268591274676,0.16568968440234752,0.1299644050920013,0.32629615025105735,0.1963488106911517,0.2792023080876594,0.25318950464030154,0.23606835949189653,0.1796992935830165,0.28388334131254606,0.2235965690785666,0.18415018110187167,0.1088395807019894,0.08379045923971512,0.18203523640858518,0.20191409438956454,0.33448652762816167,0.23034649458320824,-0.4216385665880166,0.043644959137474675,-0.010831230635633973,0.11188529199791505,0.24604054671421252,0.2940900792132582,0.25713464851331197,0.19202827679676007,0.385887058767191,0.3261037137361997,0.3056078250119666,0.19218641493581573,0.11550349476461591,0.02742701862904167,0.25668162849638293,-0.15103809198968607,0.15183020612150025,0.2156365602687046,0.163259935866943,0.32644077608697175,0.19109340184050058,-0.1434715212875219,-0.08278029225958727,-0.11397148326112845,-0.3175024282479323,-0.25963351834940973,0.07088150594083055,-0.30550205097946526,0.38057626221857044,-0.0015620782381286554,0.10264101996340558,0.07712790070527228,0.13799918393681448,-0.32116547023423,-0.42611185821464737,0.32738085063351197,-0.09591122443477296,0.32579257370056686,0.2780021775746575,0.29185848339365444,0.20726101935242314,0.3210338469764521
0.5361000066480662,0.9099781868000169,0.8374573319772853,0.9167707365670543,0.8284447971815024,0.6997839355776384,0.9374111841755158,0.8270331159232021,0.8269470140236921,0.14697449346327388,0.4757230477640073,0.7207019117044208,0.7124795265965466,0.7076239439269766,0.7468994572993114,0.7321047115928446,0.8842032407001663,0.23670395548553963,0.6460342781234334,-0.13511147052754513,0.3670416287119706,0.8255538723024055,0.7360925858044463,1.2737414021324232,0.2066510911419551,0.9914727169031273,0.6430542152862283,0.9536673454495019,0.6701650246496527,0.8538304192406261,0.7972858872035526,0.7915478856913345,0.5960546697832699,0.5411702933582206,0.6792408237022837,0.5232933667010788,0.6975585271884595,0.6869398689332759,0.649975069743778,0.6625861743158323,0.40990988105159704,0.9502857635459917,0.7746174437064657,0.6764503818964376,0.6731665893399771,0.7268752857802155,0.6797352340218089,0.6552119139891858,0.5807352437637633,0.5784290360788655,0.8796594437578303,0.9018791537885571,0.9222023464509782,0.9477827816608945,0.7973262484451791,0.7453963995292697,0.8941329456048485,0.8941859295263677,-0.39520678842850593,0.6950706702284469,0.6405563628365205,0.7692678535772433,0.8442905312011774,0.7839448056554627,0.8262180988593534,0.69822336952579,0.8511728554085884,0.7880448936190787,0.307939743638761,-0.010269748561131872,0.1665486563981467,0.6101543745056973,0.6436164730272252,0.2506393643864022,1.331267522203498,0.8850763493351386,0.09014395884387061,0.9620967108144834,0.7786190865210111,0.16293034905165563,-0.37656760130366673,-0.5508421359309196,0.23719987175270618,-0.16175956449986778,0.18534462203185115,-0.36305650047227395,0.5710824131572803,0.16051792638118098,0.12224244763669685,-0.844890386595912,0.33476938121317645,-0.03351983830769351,-0.3581756296016425,0.8530676708609843,0.18217632525503713,0.5773697726670349,0.8341540060945105,0.518609177754477,0.5428946669693407,0.2548898385329876
0.011339721189281825,0.040825596066507694,0.03586095770103115,0.06698933945938233,0.021306219541715455,-0.0008810008588777788,0.08750567937582443,0.14081002557853722,0.05281377732185027,-0.07969318771065016,0.10038428677379677,0.0022583628444862386,0.012064597206997077,0.11034734585381527,0.10463045893773223,0.06491894625778051,0.14494551108128068,0.08365436370777295,0.11390003484620799,-1.9072171523264623e-05,0.12489045341561461,0.05372304799627201,0.062074919694515104,0.2124181525845032,0.08768039875426231,0.2158138416211199,0.031302222450441286,0.12257917116580591,0.052286601052338955,0.053195098919717534,0.07274931853616264,0.010987934606797558,-0.03021316419532749,0.0857690999212722,0.022914579727590357,0.027808521957555423,0.004988934070005064,-0.016120608968422056,-0.035997045519459994,-0.031450595253248205,-0.020055258680905835,0.10110723450218788,0.04039995517920687,0.06047180988823107,0.03235716970919953,0.048228269213965336,0.014817082956406723,0.00190105888516443,-0.03450205204081855,-0.0063595608268425,0.06256660244223729,0.06816044751922536,0.1915012723794385,0.09349100944305605,0.029086725752335466,0.027887927528591372,0.1293430736943046,0.09097546462615848,-0.05713154976109107,0.1246105745724339,-0.009859672933706725,0.016798494167727624,0.048471461293616486,0.0684724622678088,0.12227093761026629,0.08039162974309708,0.11394928025803203,0.117615345311777,0.1497673386667422,0.09849699188716633,0.1319963185613726,0.16125672444158104,0.12092802124674597,0.06277914657032818,0.2803793635486586,0.1905311219257355,0.02992703307036443,0.13168751553260152,0.10022826398879918,-0.07096772592488321,0.0623666044094598,-0.09273707253733943,-0.015429330874698851,0.07394861544928284,0.09753356456825882,0.028681343636848468,-0.010241453510261598,0.14985116507433527,0.040166208761973216,-0.17015719791452966,-0.08881516681197713,-0.10790705343955437,-0.11081370642031416,0.09965598572810301,0.15651059115024618,0.08312888805169996,0.14007904815335007,0.010118333378647629,-0.019864168267183163,-0.018419172230596734
-0.4003445831399038,-1.1064682575493423,-0.9190222682872752,-1.0440338973856285,-0.9752984519380409,-0.8221096583949429,-0.8917800006585958,-0.6121378287292388,-0.8073143287933545,-0.6206317704092239,-0.6200797001659839,-0.9219897553936869,-0.8298737587066278,-0.4653241580139015,-0.6103507344540563,-0.6271923665513145,-0.5971506622201854,0.041983446290675415,-0.38155511616819765,0.23719644849466934,-0.08434526616657315,-0.7824116266553381,-0.6251951645246054,-0.9941132685352254,-0.36248010416204063,-0.7142068673653745,-0.5662787893164525,-0.777303111882282,-0.442129150283648,-0.7760232444232099,-0.7781905639066145,-0.8915746579835894,-0.5966446247793925,-0.34005424577434873,-0.6953330693878934,-0.437308726826383,-0.6242567802606249,-0.8117492378610907,-0.8026491141357562,-0.810977929157562,-0.3275451744246168,-0.978387249767019,-0.8572768052550374,-0.5082276418219936,-0.669860363935963,-0.6384720784324763,-0.6441818743400307,-0.6475361965384343,-0.6531099257712244,-0.5114108554401767,-0.8727224570226483,-0.9349557962941545,-0.8825748589370453,-1.0662265754972633,-0.8534794256834828,-0.7704489399747707,-0.6853173063175095,-0.8578142037119506,0.0369646254802241,-0.740225382403232,-0.8899161008320418,-0.9029118524249311,-0.8286003082239105,-0.6771847366721263,-0.7001967668541869,-0.6556306080148467,-0.6045923783816844,-0.5944944163987119,0.08008366012323462,0.33080266910149403,0.05859399933172938,-0.5588862514956221,-0.45454861885451275,-0.3854904721053934,-1.2649387065155702,-0.704540052984147,0.08219063456722561,-0.7940304046707413,-0.7223761839292396,-0.440913837774478,0.5248539159584547,0.46964806735195364,-0.6830191310868734,0.0569792349369295,-0.044189309292757516,0.22242802903148876,-0.4000605004563523,-0.02878262246144448,-0.01981684234696324,0.993870438596386,-0.43632929234111206,-0.41216786168644626,-0.09170934687783887,-0.6740168084929905,-0.10526630376542144,-0.3462905818935256,-0.6572061881291368,-0.4060133302152235,-0.5585311372412017,-0.0597462029079108
0.029741003609752736,-0.4188585337109422,-0.2864563111635956,-0.35700491757263647,-0.33775281508932586,-0.26960286542934947,-0.22151794652570805,-0.059448038078658595,-0.19836414226479676,-0.4665114154748662,-0.35958700374367736,-0.3644596935909167,-0.2814021157758533,0.0014787766777890426,-0.11729896722936806,-0.09054116765251277,-0.011670289161679623,0.17406324913750557,0.037866094991613815,0.1375501828647553,0.10683846112501622,-0.161207356530061,-0.0828055207809001,-0.12973474875980717,-0.28103613580987524,-0.10357468052512568,-0.07670224308669375,-0.12457548201825262,0.07274385192863278,-0.13619056446051775,-0.21147433285540265,-0.26392160613125853,-0.08826506118766832,0.028842597985065117,-0.1726693740751637,-0.04225848531767727,-0.05884535765977802,-0.25831418431783315,-0.26100364769702156,-0.2597723691770689,0.026002980072159246,-0.3155136221493321,-0.2780879424853368,-0.013973943184749808,-0.16329770969347254,-0.09618581396056515,-0.11120001513344795,-0.12591746480871852,-0.16334752001487496,-0.04462037813845905,-0.22313973564551903,-0.2753666456214343,-0.3330472008226719,-0.405556527464738,-0.2466922136413619,-0.2071738350610288,-0.0629986760675888,-0.23215141660968175,-0.25487025759937076,-0.32537561009164884,-0.39142533415411634,-0.31459071170160313,-0.19997176710420553,-0.11351472654277275,-0.15478813101847447,-0.18670293989377318,-0.00838437552143572,-0.07731523538366264,0.20426869491589686,0.24780438198772928,0.07356934760865358,-0.19705856722184945,-0.04453404025899439,-0.24206807896981322,-0.46879404016735693,-0.14955475676713414,0.13936424299307607,-0.14001000082767487,-0.18836330731528544,-0.24199092131365274,0.19331706413827318,0.0743100577719763,-0.5497611265092965,-0.15546765493699377,0.025867012663437584,-0.10984377785113832,0.08288879585393903,-0.04946061674361823,0.034665448578050845,0.5035316706236903,-0.09501201425013028,-0.36517340255296254,-0.3094247361508504,-0.056229912487768895,-0.07670418054749423,0.050071292947768443,-0.10720061696436246,-0.004353790610663744,-0.11210013132785905,0.1621604875337604
0.6299261771204765,1.0503621262873506,0.9678970743146783,1.0614221374231083,0.9595769690519411,0.8136542555617879,1.076320847447355,0.9479990339405875,0.9532816719919195,0.16332728337175298,0.5168852373604647,0.8307433777849785,0.8244359766796994,0.8062412503957301,0.8481814879499804,0.8442134434951167,1.0119695670905609,0.26973603852717304,0.7364011891971938,-0.15460754754577688,0.4104364648275125,0.9578305630680289,0.8525837902552077,1.4675201612808455,0.21627226728168517,1.1211160144289272,0.7469307814511125,1.0888061556118296,0.7883650606699638,0.9895167841997432,0.9113046515609438,0.9230100314764289,0.7048473047986776,0.6214445416436161,0.788076939227672,0.6052997426812694,0.8179188043926762,0.7998684406705112,0.7604455757424794,0.7755938614386779,0.487626436786384,1.0856633593937337,0.8952665802426898,0.7817455851311669,0.7774929354151539,0.842919214838395,0.7932284123968342,0.7648181708128448,0.6818115403108844,0.6751196834419292,1.012582518240693,1.0374786771842068,1.026429490050057,1.0780464751037944,0.9232334923464922,0.861727704531274,1.0311516541908095,1.0226711745321873,-0.46889296922973733,0.7720839830108173,0.7386678312254641,0.8894251412460049,0.9761495027574519,0.9034748034395738,0.9393365769952365,0.7926512047710443,0.9806029434271877,0.8974347714322022,0.34080110725220997,-0.02301419606935241,0.1700058811995613,0.6887807509259494,0.7315713871601587,0.2746539593251214,1.4923169874719415,1.0034027069781766,0.10651258491278252,1.0991889866792983,0.8881494994514108,0.20574409333405735,-0.43837684666269766,-0.6490670328751105,0.23407713486121529,-0.21623863856826683,0.199896294194875,-0.4396999538734825,0.6763521271750429,0.14670012283590125,0.12880294093131203,-0.9341196595196782,0.4041845796889138,-0.03424507303873265,-0.4139703776961708,0.9881576050635199,0.1932620210176419,0.6620870533011548,0.9526751227590329,0.6007656264016765,0.6349353602226947,0.30029337430790354
0.4156524269908667,0.8380937512870793,0.7589085794130832,0.815218142900178,0.754512453447951,0.6295762827651001,0.8497601412702163,0.7341261990930548,0.7458942413099638,0.20269655806776815,0.5497124032045699,0.6764038603869373,0.6527652537544518,0.6397478916088088,0.7076025196170151,0.6244859050929473,0.7949938836129459,0.17714045116286087,0.5760175494109326,-0.1564376464089549,0.3340093559607929,0.7134343315119631,0.6317732220818889,1.1273077524211723,0.26899401872600415,0.9298476276453098,0.5466989441329126,0.8657085175412713,0.5232439133860309,0.7408577037144329,0.7298421741579384,0.6866218666058057,0.4751421781801783,0.4586525762638752,0.5939962036203398,0.4407930941890221,0.5554589587841804,0.6109574545690073,0.5705222965824681,0.5756940886459214,0.3031375524661694,0.8942908937164934,0.7098348860599898,0.5711703595261812,0.5962016037334982,0.6284903090326005,0.5775681833933084,0.5566411678260059,0.48817613102515595,0.4730033964372444,0.7789676065440566,0.8161253559900165,0.9332165500520233,0.9088347613966083,0.7164725889947174,0.6717558999896378,0.7727357564879409,0.8324944706318052,-0.27343800881911684,0.7408372599221351,0.6231208590199575,0.7115336292463769,0.7571177936794672,0.7034869481541564,0.7793508180574389,0.6781435125206071,0.726861571592233,0.7403137139611469,0.28584556583716925,-0.019188509032407874,0.19647942365732748,0.5898505533060749,0.5959833223908351,0.276493281086792,1.3602471922421873,0.8219914639225862,0.04516211540387772,0.8789014653252474,0.7154475494112745,0.1214861419626335,-0.3419643452936923,-0.4640177866684498,0.38527915979413374,-0.03592870672080126,0.17989886941196645,-0.2299601415439102,0.4117492027058085,0.24109273019055788,0.11925696582718241,-0.926553915906519,0.24455976136218732,0.005548575119181835,-0.2522229813894506,0.7158667912029123,0.21417545261137583,0.4879251979837938,0.7633154774244592,0.4312371099379913,0.4558554061984179,0.15884553547984948
-0.3382492776305922,-0.8368340597991595,-0.6951315409846218,-0.8096834001650945,-0.7388186976382728,-0.6293974061579533,-0.6639392393922866,-0.45385139246266515,-0.6050181421872025,-0.4551572793599463,-0.39214825516426244,-0.6885924122417326,-0.626800803890633,-0.3275437287924602,-0.4224602082868152,-0.4890962720072114,-0.4278903171595705,0.023475016185367785,-0.2713965560680889,0.15215017510007564,-0.04299983274784676,-0.6065949122146707,-0.48501752536947834,-0.7411347395720901,-0.22452446972523762,-0.48572173664848556,-0.44514945135414485,-0.5613869965301624,-0.3734783042637323,-0.596681135285976,-0.5748019670199209,-0.6966963977356136,-0.4920317088856059,-0.26243560588345327,-0.5359072051193969,-0.34614271516764805,-0.5138217979096988,-0.6258066744014805,-0.6251808868835358,-0.6368804701085885,-0.2889954870369613,-0.7116665794427163,-0.6437054144704968,-0.39700040245066537,-0.5107530965438911,-0.49449946529281896,-0.5049157714460207,-0.5094845555468454,-0.5227217175862025,-0.41206301944439416,-0.663411004758719,-0.7048730453251346,-0.5901933550055071,-0.7756163773771986,-0.6476307899572653,-0.5819319194673114,-0.5245460048836645,-0.6236553577741901,0.05455082162199335,-0.47991066151093736,-0.6563364982807999,-0.675750800067432,-0.6229544220578405,-0.5017372893170432,-0.49311392544511967,-0.45467775642334096,-0.4635632582420375,-0.4103324732029677,0.09554623616336318,0.2634814823458578,0.08891918337470951,-0.39049275530748184,-0.31617648545131766,-0.2605076468718153,-0.8278532945925666,-0.497219350946337,0.045405169538104126,-0.5708533395843882,-0.5305105512999096,-0.381646909824418,0.40847785587698865,0.3722296291464895,-0.4088687819934487,0.12328031425170388,-0.016986893938119942,0.2333839813558242,-0.35679542435482187,0.05954140143878222,-0.003792257764381561,0.6376374425425478,-0.37581455589301543,-0.3216348067102283,-0.059551231422443646,-0.5300261507766865,-0.039500093693185793,-0.26716353612954785,-0.47726338683838865,-0.3185538700433961,-0.4467210189236428,-0.07644965381178281
-0.5377114759100389,-1.4703934995961947,-1.2457612576986532,-1.3589861240371301,-1.3050767660991394,-1.1069605028051277,-1.235677292537291,-0.8568530802792642,-1.1210628005766268,-0.8130521433410064,-0.9134851924510414,-1.2455128084189513,-1.1287398634779855,-0.705567549271212,-0.9081555956181528,-0.8549864867852285,-0.8784382750253564,0.023406083267386784,-0.5864794909379021,0.3131199210926093,-0.18128119227898692,-1.05006246438663,-0.8559660885688183,-1.3443364278266996,-0.48369142840989326,-1.0370954044463245,-0.7805459570752923,-1.1102901356517725,-0.5840532463129621,-1.061421986327184,-1.0857636870137606,-1.1684252932053167,-0.7835008989826233,-0.4864442992808874,-0.9383353945162134,-0.6125227990512485,-0.8204224389359309,-1.093608152751203,-1.0698274540579937,-1.0736616485886605,-0.4345463174290435,-1.3566633031559034,-1.1608654675293786,-0.7150060090704393,-0.9200119457961897,-0.8824788729122216,-0.8708527521827414,-0.8769123816710648,-0.8749298707993982,-0.7049030394605666,-1.1823228704482982,-1.2718193236608903,-1.2915013934121553,-1.4747675501569248,-1.1602396298024424,-1.064931324918992,-0.9335543830459715,-1.2104596943665782,0.062143904378706434,-1.1038455782641563,-1.2097397514779182,-1.226783875496256,-1.1403899521005263,-0.9578277948637337,-1.0194013757241671,-0.9647011138468011,-0.8421012314485994,-0.8959836280182903,0.019987941966297707,0.3885288296876728,-0.007344420506237076,-0.7503688110617606,-0.6740201297212854,-0.4971178390846797,-1.830766895145552,-0.9773616451189648,0.09686521689058547,-1.1257127048910813,-1.0070627181218548,-0.5106550459417993,0.7399438521959526,0.5655637434951503,-1.0082198521661212,0.04337904480244388,-0.08949902201299553,0.2842139771018791,-0.5196569165432179,-0.1424775223563662,-0.08192706295818347,1.4424302835782383,-0.5615785300098513,-0.49855490829112087,-0.09353587088792255,-0.8967393026923244,-0.1278671961826915,-0.511779350391844,-0.9385935328227337,-0.5825719347563563,-0.7637664367221342,-0.1084810443485327
0.11248762571704038,-0.09901385378794857,-0.05586884408811821,0.003246145283477855,-0.08507190823991509,-0.07772490323648001,0.004620503546012188,0.14181870796782375,-0.01646773541323269,-0.32146449127728816,-0.20915985305215568,-0.14693592099171238,-0.08997251710312419,0.08272627916842606,-0.004905897388352548,0.07938563906736759,0.13254591768741508,0.17868576428047836,0.1124014023714847,0.0864768757788375,0.13737943050858556,0.05230373232457272,0.0807478777928724,0.24341248522594292,-0.10645653098369455,0.1202006910394145,0.048978357899438496,0.05274999336142959,0.213017446043187,0.05061815462524085,-0.027807267782341646,-0.015161881925354977,0.036313197874813116,0.12608298888379788,-0.006201890197735469,0.046099945568475055,0.09387668367893016,-0.08438747769022718,-0.0923883216583328,-0.07513995695886072,0.08156175666076211,-0.057068908885004745,-0.05593647780482688,0.09801192356344555,-0.011940405920559647,0.05368190027218419,0.030425131899727422,0.0072531020993549244,-0.037737289080762355,0.03389879007254944,0.006444908611652459,-0.02231122810538351,-0.09312224438974502,-0.11911651732312621,-0.04331538790376368,-0.04271596757877588,0.16895195056369963,-0.031537501645348735,-0.2520149830404147,-0.16865309900071704,-0.19264699564438298,-0.1038904770164823,-0.009187078669640502,0.02921523490862814,0.007764749638035531,-0.06991737278776106,0.16519963742533056,0.02680967555817772,0.17926477499589386,0.17037895341966372,0.06722721872270275,0.05978783147567685,0.06878680835629443,-0.06999805675995512,-0.1034022693155912,0.11890357257652229,0.1273870155950559,0.05993598061914834,0.011565960637146211,-0.06837853904542376,0.1454958443877771,-0.18486180090789675,-0.5077227636601322,-0.15756013907874325,0.07961324631206368,-0.15501180247998353,0.16058531080454372,-0.04961925883420061,0.008348430380247344,0.2520435578427751,-0.0385699900117491,-0.2542883039332208,-0.2940037046491024,0.16986895147706002,0.09325523369426729,0.12604343784239386,0.08978224080793293,0.03261411164672525,-0.016972950611161677,0.1043970703882531
0.7392422994964656,1.417944520548213,1.2818682830131298,1.3980131062973382,1.281193727312388,1.0836868869432565,1.4019539005715007,1.1970824348336604,1.2457638206025812,0.35717378213832107,0.8042874801147031,1.1407018343645434,1.105051756388746,1.016418016777238,1.1191098636485435,1.0540711223010326,1.274605072647484,0.2808010153419754,0.9151463918249112,-0.2332007533324625,0.5019285882870779,1.2123506631974819,1.0681667140678193,1.8617270114107685,0.37594737183542587,1.4471181966603037,0.9383636678454874,1.3939902721814588,0.9379349965883169,1.2552103165836508,1.1923888260173545,1.1989651544062134,0.867494347132203,0.7537334027194494,1.0114457994837875,0.7563789989043751,0.9943531415642055,1.056869523266349,1.0027183239272532,1.0181903201577867,0.5675522709378765,1.4522725256502371,1.188748146536368,0.9614901431961543,1.0042804875037041,1.0657292258689062,0.9960134749474014,0.9656422449120564,0.8741476905528973,0.830668723285029,1.303931529956531,1.363659237506907,1.4214733602969156,1.476862954835076,1.2124350634648493,1.131811961331521,1.286841022747483,1.355434683576991,-0.47343848905365915,1.1174030276883695,1.045545675103344,1.197641125911944,1.2686114168908442,1.1600035782979323,1.240626835478487,1.0735512007656791,1.2055392268098328,1.16601336439087,0.38835429626970785,-0.08674692908111986,0.23577055090396407,0.9122864313068793,0.9342505258225398,0.4204238768276244,2.075829859243867,1.3034410183906082,0.09718970827834247,1.4171435716983807,1.1601866212116445,0.2996468857286544,-0.6126389425529324,-0.818085224391138,0.49676457551468123,-0.19918649811395345,0.2565861763206913,-0.48778658134830855,0.7700737036345734,0.24710950988164176,0.16764793262296776,-1.3795576343398688,0.4971305843043284,0.06363347555560903,-0.39661470792283715,1.2154773005977488,0.281833706540491,0.803018432037506,1.2344413733806516,0.7289768807344601,0.8058076883235092,0.30319727223725607
0.5162938746573886,1.0578972246921452,0.98662793874996,0.958564047800994,0.9778924750055863,0.832712497279668,1.0948492352074273,0.8962732460058299,0.9850165023274615,0.31138120779060385,0.7650605313375979,0.9043785366357323,0.8668244439445016,0.8529855673815188,0.9645497597484958,0.7717601022807493,1.0253809858425504,0.18674975804045615,0.7509389030159355,-0.2357785628781927,0.4149771897594457,0.8904606894593616,0.7925913695343095,1.3444773777693755,0.31000554253002904,1.1714276264080383,0.7032517107192577,1.1314082498744853,0.6204780575859232,0.9520764047356782,0.9518201027037041,0.8606742476078938,0.6122001421313213,0.5589450908393476,0.7659105899746194,0.5699847973344636,0.6885202349863334,0.8162318287335816,0.7655526808962264,0.7563247608802431,0.38182183270748354,1.1589787527840136,0.9183331220718173,0.7268820978800247,0.7785047606152814,0.8062505675448021,0.749000924531655,0.7302097592937433,0.6517845775275641,0.6314122533201333,0.9868582076710833,1.037921986302156,1.220558202884572,1.177624442534968,0.938007164847074,0.8961514200109908,0.9260460723707218,1.1005546362587681,-0.32262696211302894,1.0308463845948266,0.8567243277570109,0.9484238877822202,0.9958665104194021,0.9323495083158977,1.0317318070697576,0.9405436478247492,0.8937689838530274,1.0050629459848022,0.36507651565319305,-0.048976686579212975,0.25590935744182275,0.6653628464485312,0.7689802321045488,0.3160167147020809,1.7913560004884006,0.9872020061379898,0.033893980464390024,1.1396486079991455,0.9055032608463874,0.09336804636342737,-0.5213228516624246,-0.480023376502627,0.6883573411426874,-0.01475050507780869,0.19082701466429702,-0.26329286069701285,0.5067559952935816,0.34345342026777664,0.17425850001846258,-1.2731055405285028,0.34151952521350004,0.02731026341403413,-0.2759058241466426,0.8475528595869766,0.1712303906348843,0.614132368409067,0.95768934342745,0.5908730315295706,0.6126191473194318,0.23076848100878447
-0.30320317298690813,-0.7750146019979333,-0.635806396655436,-0.7747104608003891,-0.6697163789727844,-0.573927447429108,-0.6060475118127778,-0.43143719064688657,-0.550781814426206,-0.42847568094162214,-0.3580779659382806,-0.6220264101769996,-0.5682591113484213,-0.28705830443029245,-0.37546205486582623,-0.4542768984488352,-0.38423992806686363,0.0016958034232961324,-0.24487530907431498,0.0936212821389647,-0.05906604077137516,-0.5504625933948234,-0.44631859910505706,-0.7044766379314882,-0.2162941348489801,-0.4385062869248362,-0.4127284843591057,-0.49465517604729464,-0.368059078621589,-0.5410309276740666,-0.5180128544412361,-0.6412320275977824,-0.44443686833890694,-0.24743453738694765,-0.479710960498125,-0.3281140884345718,-0.472373945387349,-0.5624594433493367,-0.5585234191554798,-0.5778197089138438,-0.26528876131934487,-0.6476074416340175,-0.5811410173139385,-0.36464765311616926,-0.4619068694788655,-0.4550926293435507,-0.44728436498585133,-0.4538931938377973,-0.47589578372257774,-0.3691087996071567,-0.6010947883724438,-0.6522306952712599,-0.5479374577590476,-0.7231096980770472,-0.5861077866058113,-0.5276078912716946,-0.49769122245074693,-0.5679724675237633,0.02456480332357011,-0.4315505740282089,-0.5902792290296096,-0.6063624059934173,-0.5577682975615827,-0.4450288601213783,-0.45026844809698735,-0.4031885193829772,-0.42743203403664703,-0.35579387560605125,0.09367315949177465,0.22738657369142445,0.05798547993455868,-0.3651912294583653,-0.2802010857151571,-0.24327803272293952,-0.7418060339110127,-0.47251576573202503,0.0072250639698834326,-0.5093080048938513,-0.4898324650065267,-0.39094067167006263,0.3830137265820296,0.378372155499676,-0.28587490868105764,0.16563337741987105,-0.04567945728097409,0.25492428678396895,-0.3262069179648949,0.06400047337011248,-0.019978976613270204,0.5604783533175509,-0.3379787176368262,-0.3088781817680306,-0.07457219679169542,-0.49735942462920507,-0.06310124337734288,-0.25418851574764395,-0.45992566986161515,-0.26686076573658096,-0.4076779826765406,-0.062090619206229866
-0.7551582406382311,-1.879724773519865,-1.650386045620042,-1.6987425048215528,-1.695702755897626,-1.4613185308674728,-1.6745981721995322,-1.189377995890276,-1.537006064139572,-0.9687658259257775,-1.2222719493494936,-1.620434466350426,-1.4933994025442492,-1.0616738155694017,-1.3168152103271153,-1.1633282690501567,-1.2811469524547368,-0.049262573069259234,-0.8965279650368377,0.3774329584617896,-0.35027334446336517,-1.3932067943962403,-1.1724625330185534,-1.8063178867074505,-0.5458431723679669,-1.4565925629068335,-1.0831733547608025,-1.5593101164823815,-0.8359104722076082,-1.4498942425899526,-1.4731606063965708,-1.5102170246645257,-1.0537458760227858,-0.7043163649442719,-1.2475516398095297,-0.8718494042696986,-1.1099140398491463,-1.445305959432395,-1.4023870634172322,-1.399545314864173,-0.6125274675737229,-1.8108413407374586,-1.5213795802179453,-1.0197164395235832,-1.2454423822282248,-1.2182258295330555,-1.1789099737583364,-1.1886520625769694,-1.1757584113067017,-0.9972460566262434,-1.5706220824804649,-1.6858282178352433,-1.7686365257860446,-1.9468948044125438,-1.5472301126475791,-1.4503154628990729,-1.2701670077944318,-1.665227204071109,0.17490171032832422,-1.5305628206234585,-1.5727402988872299,-1.6185058170904965,-1.5488287191420407,-1.3428988800831168,-1.443454651567147,-1.3692501955369714,-1.182933957898287,-1.312760969502323,-0.11033747041400725,0.4143564496569113,-0.11233969801269354,-0.9192796462198741,-0.9675411770825857,-0.5685028928103388,-2.4911655397080548,-1.307039994173817,0.06252649938317831,-1.5693129580591116,-1.3577586063454372,-0.5405733764056339,1.0384716278620054,0.6851564187693328,-1.31670805543349,0.11520344102651121,-0.15075192745043023,0.4435916076275918,-0.7491200789311723,-0.2618065495275049,-0.18730272246963772,1.9382235974390178,-0.747584992059187,-0.5295143946502692,-0.01612491190713788,-1.2035378983806984,-0.09545973271757371,-0.7711070409242766,-1.312429323476227,-0.8507316119040715,-1.051909423867078,-0.25399119523256874
-0.31501723804786536,-0.928416337243904,-0.824287502277784,-0.7271870562795095,-0.8640269371005206,-0.751966799811267,-0.807498368487274,-0.44972015030130114,-0.7612936748555594,-0.6449279203224176,-0.7284617675642732,-0.8787073752827498,-0.7836190302137324,-0.501366064084338,-0.6732691260683487,-0.5066762484920758,-0.5544801723894601,0.10300519524547885,-0.38889515982216605,0.28167412455372326,-0.07065642920483092,-0.6362154404172043,-0.5113333881003137,-0.6271487876250758,-0.27653236797480774,-0.6221509529369651,-0.4941057824354791,-0.7553316922303273,-0.21989427060789782,-0.6749385452264203,-0.7485372375212703,-0.7124208101148988,-0.49791599678149345,-0.2579979743058126,-0.6193621704167372,-0.39351676152693915,-0.47493901121277887,-0.7677873421272077,-0.7547932367598694,-0.7272817001008365,-0.2575864791735241,-0.9067683682503688,-0.7682551257142216,-0.44348340696743815,-0.6220842386691509,-0.5570802580638468,-0.5731136056524465,-0.594272867806363,-0.6058700658260717,-0.494619914319634,-0.7590691353749884,-0.8095756411059892,-0.9099598994555884,-0.9895466824395929,-0.779416275605099,-0.7408521509167247,-0.462133540192778,-0.8327654561370817,-0.031811236607338915,-0.8702402784867054,-0.887706162197349,-0.8570081780732169,-0.7698826127945861,-0.6581888519800482,-0.7043970049354238,-0.741410640704461,-0.4626446945467512,-0.6667012785245314,0.032709650225028426,0.30680783542080436,0.003637522284711676,-0.3481697280124237,-0.4426911216433336,-0.27483715149049237,-1.261541946920445,-0.49659766030152275,0.15195450202788724,-0.7353239990420743,-0.6399638181360943,-0.21170856650915043,0.6177243323558669,0.0864343736637574,-1.109654814087173,-0.10227337661182903,0.02206764797761378,0.07688923546069193,-0.2723315714024815,-0.190605843131484,-0.09400946928882963,1.1187240453222314,-0.40904902945783544,-0.37812414507727843,-0.1553017044713313,-0.4361156995979979,0.1097121524571161,-0.29919123649937557,-0.5396799097665446,-0.45580216623970843,-0.5396073194125256,-0.11076364620059621
0.5371647126774584,1.0537201418643656,0.9685991792406765,1.0495292138090684,0.9427116784330899,0.8060692512233993,1.0812681511759816,0.9835068547505259,0.9676421448916214,0.21452916010090775,0.6490284938659077,0.8296436646512747,0.8189033427489519,0.8296307525140825,0.9129203966644953,0.8061276163853518,1.0391678959554476,0.279446226616694,0.7577090466852022,-0.11968475830882182,0.4876580604642141,0.9018636199312458,0.8242411129677444,1.534271839526417,0.2965217372678324,1.187706023007326,0.7237146138100202,1.085957608846335,0.7858260000889518,0.9593421006660453,0.9023836922746336,0.8878872410187759,0.6228699672040362,0.6071019182525436,0.7375035061395006,0.5981882594281448,0.7370999471960517,0.7608032676410774,0.7050262679858252,0.7242418509097821,0.4086565136499844,1.1173287825041098,0.8804840366730585,0.7488235663621021,0.7521070084371272,0.8225969649015747,0.7274303086143568,0.7018059531737586,0.6316183505085878,0.6140624238209598,0.9700517378212562,1.0412264210997935,1.154162405793126,1.1407654693976133,0.9085918258880186,0.8628071537820975,1.0343451226934806,1.068805889379774,-0.3658362424360074,0.9091920307358649,0.7610219118581503,0.8858623759710573,0.9655850278112619,0.9024346468832125,1.0125945454207803,0.8595712727468153,0.953962547799896,0.9392454201568456,0.3888000692535518,0.01594622456645962,0.29847255686152924,0.7031488519171651,0.7497397031671634,0.31518465534583323,1.7019338716909926,1.0720370255468783,0.15823150525105137,1.1234722972881321,0.8999774890784993,0.18360515791912746,-0.468060290825108,-0.7120831611093366,0.242983077172443,-0.21276524619844206,0.2713188919982382,-0.42207996731333325,0.5772496286626244,0.2448496276452512,0.1761624846524977,-1.1070310789498505,0.3172883751641849,-0.020189642846229525,-0.33380134704014375,0.9520652459588191,0.2908371268805381,0.6565746177654976,1.028670854828508,0.5205721099716666,0.5918767034298924,0.22862226859048404
0.8725564279681546,1.8772325375638403,1.7362132759199684,1.6772824906369916,1.7314240733572521,1.4840352830042485,1.8863929983224526,1.4964176429533775,1.7142111843265773,0.6583880932867113,1.345929849125037,1.6166361788445707,1.5374074857777764,1.424902975930175,1.64145062384881,1.3201506049479157,1.7044922249469567,0.259719609516648,1.2417887856775809,-0.41387670569568535,0.6575163411271686,1.5301875312352862,1.350189511958397,2.2601468543118806,0.5395736435215146,1.9350004371925718,1.2100364942720363,1.9075226839934554,1.045021632042789,1.6377411216423903,1.6431720667190939,1.5306761879752064,1.0816431376229874,0.9205111636539837,1.3316014117049657,0.9851282987773091,1.194638375278055,1.45527559141468,1.3753150106201095,1.3610935832069462,0.6575958220645662,2.0047868558002087,1.6053613430370395,1.2250509310542288,1.352070833324375,1.3828524028278866,1.2950475425019057,1.2734069318584906,1.168852064495213,1.0996306756888692,1.710498611345149,1.8086698208252348,2.085376840391911,2.0595516158289526,1.6449234370989276,1.5702102178771056,1.5484348291299403,1.9027564151892176,-0.4719096942053354,1.785422258786668,1.5450930063121573,1.6806193469227402,1.7293915462074272,1.5958163618206518,1.7645480608913227,1.621124399421114,1.4895268039289735,1.6913064029372933,0.525413996319559,-0.16985236241417967,0.38381662717318576,1.0850242507388028,1.2689459160960774,0.5611560176577014,3.054470497783832,1.6374485944576798,0.03461697291156016,1.9250995913201483,1.542748266291306,0.2278762599901991,-0.9846444289413665,-0.8188835764290625,1.2517730223198302,-0.06680992683978224,0.28606451452319487,-0.47624213396208287,0.8662446568670805,0.5220150890613218,0.285954068445616,-2.2236323933121676,0.6429412345244265,0.16557635523099598,-0.3607333428349259,1.424826079920712,0.23899315060710832,1.0125412679570889,1.6120895470992866,1.0023584365111697,1.0854386518535375,0.3805470172295764
0.3062108397025096,0.5749738040755539,0.5565248874371393,0.4508265901758189,0.570618258641963,0.47002639446516453,0.6304481493848019,0.45936225058939884,0.5609901104549382,0.15650980591297597,0.4736927940740834,0.543835056354581,0.5090266553482946,0.525550015600573,0.5840628871084194,0.42005552047242595,0.6091871418740636,0.04801335694083646,0.4426726172917076,-0.2696339424579588,0.18298577992275927,0.5168264001091513,0.43806445895442164,0.6753861995880931,0.17161709325436322,0.6934429481800208,0.37651740423556623,0.7028720861660477,0.2422430054167228,0.5463014156112087,0.5735860291980707,0.46486958886125956,0.3465494185177087,0.297833509260793,0.46507698429114863,0.28443978048319385,0.3669654382242547,0.49036444972697707,0.46769745588846395,0.43649285627849566,0.20477747511495292,0.6792119093750485,0.5493302466093308,0.4058141665554517,0.4568492867381873,0.44724964727515887,0.46300885214804643,0.4446132540412115,0.3652261595828536,0.3731168095020365,0.5833452237489365,0.5711679071447732,0.7056892021394933,0.6475231717296405,0.5471686201728093,0.5179283853788484,0.46861575970165215,0.6349112103719345,-0.2382222909074854,0.6396153417245426,0.522375236354158,0.5740431346909979,0.5973397710133527,0.5698739412071381,0.5977605098531191,0.579300052167792,0.49832076634927425,0.6397394750636939,0.23366464916069293,-0.06079510978361344,0.09251319177835596,0.3801818619353454,0.47366724939119087,0.18378516473310402,1.097046421782705,0.5168181267159176,-0.09828092636431479,0.6846603418262704,0.5110815986959126,-0.07461111212050017,-0.26592754081984643,-0.1296400870149032,0.6805905681515795,0.17820495312799187,0.0263917328806294,-0.0029359774389579427,0.2595907571570581,0.2596260815666604,0.06020625551973139,-0.8175576097159861,0.1934250283984327,-0.02118345967793448,-0.20836825843484594,0.4332011290289961,0.030655828734636126,0.32043209670260653,0.4796443715865516,0.4081932603811454,0.34430114326750233,0.14281987190195236
-0.6151037931162722,-1.566358958353507,-1.405940300055453,-1.399544868690482,-1.4031692712085988,-1.2376825085427448,-1.4453894995835161,-1.0733502917868056,-1.3489880109959718,-0.8084628462676147,-1.1108465036597204,-1.3463098231614414,-1.260840566114115,-0.9781799536473503,-1.2072094364089498,-1.0062252145353063,-1.154241960894167,-0.12006077174249169,-0.8423205406994813,0.20879063771304116,-0.43442838144604967,-1.144256849251212,-1.0058515963163734,-1.6087274636793405,-0.439458009177828,-1.2902619079567152,-0.9461612062214458,-1.3422987089065146,-0.7876913855532527,-1.2361656585591152,-1.2609411264306178,-1.2611247744097722,-0.8669402547657206,-0.6356092482379502,-1.0207525870704006,-0.8017519583461551,-0.9313073738330837,-1.1984499059867815,-1.1431028913300478,-1.152109777283522,-0.5081002536758972,-1.5502699773485376,-1.255238155452791,-0.8947984821559346,-1.05568774952145,-1.0554567982283358,-0.9631449071113909,-0.9816312189044212,-0.994941068145244,-0.8600642138892092,-1.3139193522110928,-1.4460359938543987,-1.609966050877745,-1.6919805581264444,-1.3063464552753263,-1.2561908260480172,-1.1107400085583838,-1.4757083653608294,0.11001045082680304,-1.3967575917565034,-1.3118256101235486,-1.355436859621867,-1.3202290153805172,-1.1671902452771639,-1.3262650557443982,-1.2354349301037828,-1.0324723785159267,-1.1785534443665353,-0.1780893418072438,0.2634242012171194,-0.24826300987108987,-0.7040163137673981,-0.844394396697105,-0.4510240802082882,-2.222696247564739,-1.1482085584414408,-0.06302985889029881,-1.3660551222611763,-1.168941357474049,-0.4034434795181115,0.9826639349655589,0.6186928483017685,-0.9865202581681596,0.23853810015039306,-0.2130440576489868,0.49760398233450653,-0.6429701480994505,-0.2779851549331761,-0.2621114826680412,1.7287094990454486,-0.6044297728069321,-0.4101545871185327,-0.02510534631591941,-1.0255451103439974,-0.08957069381444775,-0.7196184557115864,-1.2123045213802968,-0.7004180345611214,-0.9070162183225315,-0.2591017411653636
-0.9737352291964434,-2.3350968413931805,-2.1029696951852723,-1.9991245573245011,-2.151577494756749,-1.8609541474125642,-2.163179054333056,-1.4782101277949649,-1.9959726890047214,-1.2227348537580884,-1.6724791797166916,-2.091925709553225,-1.92849833619138,-1.465505742857731,-1.7904805669858965,-1.4822478746094883,-1.705326042857071,-0.04542433238427141,-1.2263215749869072,0.5554449644800259,-0.47632414037843,-1.7582357348896023,-1.4852334750849872,-2.1890239344511717,-0.6507351266148325,-1.8982365863013833,-1.3780276831362046,-2.073516909317578,-0.9625576251333781,-1.8576922099293645,-1.9381205262903343,-1.8767929077871544,-1.3322846214077473,-0.900872322369739,-1.6054089704122243,-1.1217966174485297,-1.384634058196827,-1.8688095495734132,-1.807997600483135,-1.7793575449986248,-0.7724442394382299,-2.338543844624587,-1.9449372986750315,-1.3197336387062237,-1.6128125516818195,-1.5590012449963029,-1.528433886320649,-1.5445655723109086,-1.5090999707230823,-1.3222092439655082,-2.0255054966955135,-2.1379008316298,-2.3511632638922952,-2.4869461696287822,-1.9872139353827054,-1.8854518193102117,-1.5467019196270784,-2.180238066092888,0.24911161927942124,-2.098237518011523,-2.040022272646295,-2.0984298922688702,-2.0185819051527623,-1.783744718748213,-1.9300588921876287,-1.861125009771936,-1.5106384349970716,-1.808701909755494,-0.21929444554235306,0.5104008849618922,-0.1827094711746639,-1.0777361018896978,-1.2871232347319326,-0.6914077568746367,-3.3131516910377243,-1.5977573867876254,0.14869636417027723,-2.0566428104392838,-1.7350204582566924,-0.4839472603272681,1.4059117693066856,0.6532698736811746,-1.9754740758342568,0.03447033556534886,-0.13951223698983542,0.4889147463459762,-0.9346590641262215,-0.45500605179222575,-0.2868368594336538,2.6391448574693257,-0.9559711694600508,-0.6186096608230288,0.02202899895389738,-1.4564122698272484,0.013224630681113878,-1.001251773558325,-1.646929220938521,-1.1846355025289501,-1.3693788307511066,-0.4015873109244951
-0.3912508989874156,-0.867738344356505,-0.7406425775212807,-0.7021230103631853,-0.8343958715521818,-0.6941767551250414,-0.6966840395945275,-0.282914299323315,-0.6279021438508245,-0.5982867860502946,-0.49645881777625744,-0.8435682659330609,-0.731897276909959,-0.3461806151784965,-0.4549350544685838,-0.46945870287342367,-0.3910988273099844,0.19799406924566557,-0.24094545442881807,0.39296665057191177,0.15475890256442737,-0.6522939690125682,-0.46452863868650485,-0.3874278352502302,-0.20231999862652028,-0.4089636713643535,-0.43426344093775127,-0.6484425519663279,-0.09183609535409706,-0.6211803060440212,-0.6765375999655736,-0.6963858431750442,-0.5502627089429858,-0.1935458622335252,-0.641458611034903,-0.3019719840781124,-0.5062442289736689,-0.7695717198883819,-0.7911082475199148,-0.7513530881347964,-0.31508114365429674,-0.7725941863363152,-0.7440216929763444,-0.3913676902456458,-0.5847798543936436,-0.495297419032679,-0.6113038220238977,-0.622641095862373,-0.6060773395768196,-0.4950397799697128,-0.7470747883599905,-0.7134137940179797,-0.6014255084350056,-0.8072930446266292,-0.7246602297964985,-0.6458302389011118,-0.3520805386409902,-0.6456879869579957,0.06133988132656492,-0.5848909212134165,-0.8258061864486738,-0.8063612088362685,-0.6980125417019126,-0.5637543054593112,-0.47155624915004274,-0.5395575222661858,-0.39517883504399715,-0.49516139955007105,0.19049254005586,0.42217570817824895,0.27976122777206586,-0.3417140363845395,-0.3400441055867149,-0.25020864841094675,-0.8312166980780873,-0.3078150576907131,0.3144091554218021,-0.5844017635644353,-0.5387182066332283,-0.2783573090985812,0.48124900059096154,-0.053773533102285526,-1.1375040859752683,-0.20753640614978675,0.18669489500074726,-0.022558081152320112,-0.31539835021628565,-0.019091200809817962,0.05181916865402139,0.782505431758125,-0.4911394931829745,-0.4106666403273871,-0.09780385736922724,-0.3915690246439223,0.23215672809143195,-0.19786261183140974,-0.302083252217174,-0.5076937505884181,-0.5235636056803648,-0.12562629349878315
0.5991066724004591,1.448239116516982,1.3721749896011903,1.2786562023869046,1.3069988454758439,1.1456193171759887,1.5337651765375375,1.3224718167901761,1.41420214391117,0.48963493477717474,1.26192190206104,1.2272345149762003,1.1920418401544104,1.2599750316977065,1.458867294347411,1.0595685950707006,1.484979116829393,0.33286036428871996,1.1223640022847,-0.1769665397645821,0.7759188646649327,1.136457129290739,1.0715606289584811,2.021460211468536,0.4939473561648083,1.6985076552821796,0.9627671656179765,1.5442406926899876,0.9364973811428197,1.2812707723907844,1.311965972265858,1.1681223145188846,0.7490479511285898,0.7887714448355906,0.9723463664670106,0.8408460599253716,0.8737047671286149,1.0663370558167529,0.9631585667505992,0.9737445694176852,0.43959171723513063,1.634114057450071,1.2186434748512962,0.9820781479013497,1.0439091414313977,1.1038868042777779,0.933560961500769,0.9196997542646063,0.8551554564810065,0.8269137903271155,1.3198640813300384,1.457323706752636,1.895374513171911,1.7158726916779317,1.2741145493648833,1.257674491245159,1.3032689518894087,1.6157518677352027,-0.27943880332504634,1.6394611519082458,1.1837051731703596,1.2968308726103008,1.3728759745117776,1.306982728883745,1.597344102126389,1.4141221937019397,1.230434940007629,1.4597618451369339,0.5928612327625983,0.025314506893464792,0.6029648249628058,0.8314086525705712,1.065371751904485,0.4803393863742296,2.767077885265659,1.4452958965438116,0.20452476230644367,1.6052721350452432,1.257231374919747,0.05947037845581786,-0.8695111770556884,-0.7914673075578684,0.7621331459525518,-0.19878372311483833,0.3978229366707888,-0.4943223434249606,0.6200224283470827,0.565168381291464,0.37454738809908567,-2.0003036723953667,0.36874826235873187,0.05781815709282841,-0.26708265969392286,1.1415409477421856,0.3401854924173102,0.8797869358372193,1.4668393453189426,0.6967065523601976,0.817898258339242,0.2834135649410159
1.053031987891554,2.3333969813150506,2.1285541737997455,2.036922659665516,2.1652259731711596,1.8303816515144058,2.2856630791886787,1.7052187642787813,2.0596970990206844,0.9506103019893086,1.7438253170207163,2.0676362367289545,1.9271297840800297,1.6796040097507843,1.9525184995465923,1.5806894595031753,1.9983088555055444,0.18591058820267392,1.4381458735350676,-0.6376572482746358,0.6671841820816804,1.8676426645418112,1.5992647156659623,2.606694588356677,0.7365481675148726,2.264420749752362,1.4158875581973205,2.2911605662404617,1.0839459490329637,1.9612934963828532,2.026943862400129,1.8891947439754788,1.3136645398473021,1.0505889058949607,1.6588359172969411,1.135627080324081,1.4177908355398723,1.8312809300355941,1.7444906317055835,1.7129437026454488,0.7736402660095436,2.458024741686285,2.010064494906331,1.4248397273788613,1.6519543040550424,1.6421409035969794,1.60125884644123,1.5734450141343628,1.4342659898667378,1.327020663075935,2.131084769264999,2.2046292486012873,2.5287564265562246,2.5270776201538,2.0230336477279196,1.9078491696472497,1.7719532764365444,2.2908094678868443,-0.4826171181443954,2.229418227933911,1.9853130886547512,2.1185014170267626,2.121241065965401,1.9349579511470747,2.1194288100585488,1.9687231721733338,1.7411129261539753,2.034801485968774,0.5100284051266204,-0.3455502530966291,0.3390176620539835,1.3288358596492613,1.5014000243727428,0.7786027924855241,3.744576386160655,1.8852739150894604,-0.12981139399227046,2.2914460197400213,1.8485640562922598,0.28973411067882715,-1.2272187591315276,-0.8449795641764176,1.807408957897333,0.08617345629033221,0.22868138044663525,-0.4251520897867625,0.972174272303706,0.6245732312472474,0.27958876360193924,-2.7953053784999775,0.8092890397110215,0.3462061786744279,-0.33870422395905664,1.6410930672394468,0.2245593712361891,1.1248773040425493,1.8335632298781865,1.2422900128057421,1.3194988993841847,0.4001009317769255
0.5018034014920909,0.8597115298840171,0.7299046080712642,0.7889068750653202,0.8438909005328529,0.642733707477577,0.7544548733244928,0.45201889592001504,0.6189874018883303,0.274760216305163,0.3549783299146178,0.7807642801300588,0.6884939196037745,0.4376208952629551,0.4706687217180973,0.5334449206144918,0.5827732346267545,-0.10692891349536163,0.34038718364445136,-0.5310459337266722,-0.1055783683235807,0.7851951208679803,0.5645975831273419,0.7348656227702994,0.2386910305503719,0.675389523813511,0.4524712442404258,0.8009425151630686,0.21144798474836193,0.7115528487358334,0.6968766067186684,0.713304866411957,0.5715153935131299,0.30271723840411147,0.7007183451076657,0.2580062543187529,0.5715126052774584,0.7248873236716361,0.7459527680645914,0.6992738514890698,0.34767091551428186,0.8159532945121285,0.7968585530285806,0.4722257434667923,0.5977479074444614,0.552658597979441,0.6999197717125529,0.6600257169904403,0.530681720737736,0.47989610815726136,0.8171868764341267,0.7295135878023693,0.5652349179414738,0.7411666107863057,0.7357252919456106,0.6148759754182067,0.5654688782608526,0.6447080273054925,-0.38057068997751275,0.48376068220303386,0.723271561601991,0.7850285714904941,0.7515439337390312,0.642694238866344,0.48965733443941245,0.5025855409743117,0.5914871417103952,0.5907307689457061,0.007816859865993916,-0.3212049450831392,-0.29062800521991655,0.6378150994960189,0.497113001936215,0.3025998161988083,0.992515002805929,0.5427224673845427,-0.3503898494910678,0.7438860230610819,0.606168126623608,0.1997000587172171,-0.17074984641203855,-0.1912917701155798,0.9069325954232549,0.3594672730202667,-0.16498394844045833,0.11943577851192222,0.39579976104273074,0.05341103432988025,-0.1736940427262398,-0.7030299164121256,0.38760797123658636,0.13618186031931842,-0.2576611792300407,0.5974054296408501,0.0025277670164581003,0.27147091547544266,0.39204612797898425,0.5576609624956296,0.4527248490728439,0.10395485584429938
-0.6009048309150089,-1.6411493559542822,-1.5323891981587454,-1.3744186722046499,-1.4669125853315796,-1.3262628440396758,-1.6319106638150689,-1.2349004275298907,-1.5401639252794934,-0.9268352870375738,-1.5570948229137476,-1.4727903810131122,-1.3941384714743275,-1.2558828366059795,-1.5321147608504562,-1.124752457445743,-1.4041576721162483,-0.23339762784402934,-1.099733265499219,0.10103584639830092,-0.7291013572214552,-1.156433862926263,-1.083771288838099,-1.8144825258040225,-0.5435205982372361,-1.5301959332223318,-1.0269114649297828,-1.5228475434844897,-0.8255096300611273,-1.3178316895956177,-1.4470611813187446,-1.3047979455854857,-0.8335875820087972,-0.751896332385966,-1.058426380928654,-0.950538320856606,-0.9177556190370579,-1.2622401351894883,-1.1546477141198417,-1.1733568348731853,-0.4833660266452172,-1.7557543884195816,-1.3334491554529917,-0.9876702568015133,-1.1530828261857375,-1.155495246857858,-0.980620691936598,-1.0127866815516449,-1.0395006817715615,-0.9400314426317034,-1.4447305924906706,-1.6049726452352715,-2.0768370188874705,-1.9601747745130216,-1.4075778635112697,-1.408731381361377,-1.1883943396278103,-1.744962597501684,-0.034394021299897645,-1.886188996891107,-1.4500539469829488,-1.4873101482316542,-1.4683551545722646,-1.3555653856788525,-1.7071056106832292,-1.557252638343375,-1.1538406802504286,-1.4793046275944703,-0.3670993468450924,0.14256622111240827,-0.578699406620183,-0.65923095124829,-0.9980442546049824,-0.5316210383988265,-2.8100113361247923,-1.2885303503378882,-0.17334342683000686,-1.562492223605251,-1.3085435885409564,-0.22227497333698304,1.2723594816272028,0.5294289693246947,-1.1133225973171776,0.3158525409419257,-0.3537398257670091,0.5896562574722133,-0.6000617533153983,-0.5417386394951978,-0.496167382419774,2.2127639532879235,-0.5547866388909394,-0.4215021396216775,-0.08328574468564837,-1.0356127385173675,-0.09393707850322859,-0.8553199839832449,-1.44898740642413,-0.7575691269425563,-0.99037037780067,-0.3171401918308749
-1.2713825665065435,-2.8474310145163213,-2.539708437340168,-2.48058341788823,-2.627956994154633,-2.2416595114556315,-2.620113757065011,-1.7478894069385562,-2.3687535746910213,-1.4965863653365108,-2.0511700388063807,-2.57962934674423,-2.363573187643274,-1.74698214950121,-2.0936813718242013,-1.8400685317804877,-2.05094582035971,-0.037469637140072946,-1.4689608713618845,0.7234075361923269,-0.5145103521652864,-2.1846404732703,-1.8139168263578456,-2.6189819432239303,-0.8312368423231489,-2.2327961060878643,-1.6436859502728187,-2.489665692320807,-1.063809437170807,-2.2457043390401243,-2.37624261999738,-2.302576023716867,-1.6414914053019476,-1.1090686469714017,-2.0017525973463135,-1.332860879023573,-1.7066467834436037,-2.292627344981358,-2.221091174006186,-2.189442189852582,-0.9835740210700258,-2.8202706552735366,-2.402446317068751,-1.5946121284357055,-1.9666050168294404,-1.8882093096044708,-1.9071696681543664,-1.9136720413648505,-1.8316343504254127,-1.6172366006564824,-2.5405415181260826,-2.6010907871766804,-2.78620960350971,-2.9909603561489067,-2.4093914899579523,-2.2552332095852945,-1.8561893588026142,-2.584181074250805,0.3172739011220736,-2.504093310971916,-2.485769386646454,-2.5665256245630013,-2.4515836253318266,-2.161309425410475,-2.3071037529185214,-2.19608121003901,-1.8601518611887475,-2.1666027763424225,-0.1986199281073141,0.6675872169991568,-0.12303281305592619,-1.3859695463021708,-1.5594784772043266,-0.9156778207956917,-3.9282255854472297,-1.861418956882715,0.28781747916892825,-2.4384583168314036,-2.0910770469351516,-0.6673225766248175,1.6737968196947324,0.6757343072172086,-2.350827018574345,-0.028014673300252087,-0.10172834718234645,0.5304880828514613,-1.1400604256944902,-0.5031660965543642,-0.3024536821433456,3.0680986457685866,-1.1896019427191764,-0.7999748488931453,0.06672525165974558,-1.764741636447182,0.046323049034302385,-1.181585173549974,-1.90909425853547,-1.4976593227287067,-1.6677063015321574,-0.4773169832538967
-0.8694147990043755,-1.6169024807711114,-1.3461004555022735,-1.4740829101481034,-1.546396848415399,-1.24784124711851,-1.2766391215268122,-0.6141646841148738,-1.1005155214685798,-0.8577089194190944,-0.5724574419879137,-1.4749807292481083,-1.289210587471592,-0.5706765471170934,-0.686697790968309,-0.9253086723583632,-0.7470001680433326,0.3042827353400463,-0.40958032149593476,0.7670431839974625,0.35374365847200123,-1.3339536599881077,-0.9419068500978965,-0.9286765064103278,-0.3048529362113037,-0.7930847187821294,-0.8367372533215721,-1.2115236057075665,-0.33591772307097756,-1.218328930095833,-1.200234567750185,-1.3404255939939973,-1.1103119071638976,-0.4215753131918148,-1.2330359396628177,-0.5318844585232072,-1.0735870509538366,-1.3961629076690414,-1.4584582489820281,-1.3953243391067536,-0.6843321049900267,-1.3704262569264438,-1.3891678387903614,-0.7932891634415147,-1.0759186523731856,-0.9644651531164001,-1.2099631424920199,-1.1988880526919592,-1.112271911728598,-0.9262287064595416,-1.4092167347737512,-1.311041531817001,-0.8606111458319082,-1.359464391380279,-1.331691428631246,-1.1366572841888218,-0.8283439893892968,-1.0864561841528744,0.3983933960196031,-0.7323775105832288,-1.3896727565091511,-1.4244909036380595,-1.2740485840352704,-1.0141526007787334,-0.7166441072172849,-0.8013688527744353,-0.8634569490728793,-0.815575997221009,0.3428969676877234,0.7597069517611245,0.6682135021708613,-0.8311056245496221,-0.6512246542977965,-0.4386844652908789,-1.2783686745318594,-0.664849832195223,0.5817750655636242,-1.0846688944578122,-1.0057004420107085,-0.6842648714364173,0.6339486041829661,0.1850401223853066,-1.6491059823721033,-0.3234737395282213,0.35862607466225416,0.027179761793632264,-0.7526911550850245,0.15241943970064067,0.24675621364577915,1.0572769541354632,-0.9273729427973104,-0.5988237122886296,0.08241031362528967,-0.9293649744441602,0.2932351777906596,-0.4156219454840104,-0.5695539426806828,-0.9620148868581586,-0.9446705529677063,-0.2533866120076734
0.3053514378972546,0.9779505908101336,0.9791330639521083,0.8111146769416387,0.8398575310858789,0.7733613167583185,1.1766820936861901,1.1056742415049106,1.0877966027772024,0.42342605481947854,1.4667563251641746,0.871532039951994,0.8754793166314014,1.1430483944824894,1.3311412249234564,0.8078927147530175,1.2799294082543822,0.44203787654004495,1.0611208265770309,0.13624610662533493,0.9888595653074123,0.6814558864381823,0.7582975655864289,1.6900695330977702,0.5548645311326402,1.4169784303380952,0.6603252001723402,1.1321885416806599,0.6586475035794427,0.8466887513662907,1.0201946342316621,0.7502510749691856,0.329274365097006,0.6806739890212817,0.6025177744638099,0.7023314105084898,0.45119574831843545,0.6525496731560966,0.4947154608905851,0.5397625083709858,0.18979520018683094,1.2711491714632934,0.832994779489991,0.6896421769728952,0.7305044901317692,0.7854495008739074,0.5314917104004728,0.5280120269802666,0.49347275749237274,0.5195196311008279,0.9636515930239451,1.1043006745387656,1.852195343403929,1.427291932063052,0.8691083667955575,0.9256226024250064,0.9612869828943043,1.3423621736201687,0.0902521721649345,1.7185721558967124,0.8627263242750727,0.9245718899094051,0.9996935895242993,1.0294597916551103,1.5434122733957996,1.2940787406579919,0.9369881317993197,1.2924264137664987,0.6859550730021801,0.2667448515352257,0.9520703141338576,0.573640766857231,0.8920045506655017,0.4839541609447908,2.604174822477659,1.1618149028700775,0.36447683086996363,1.2302696672861908,0.963377156714676,-0.13076489068719915,-0.8461356000185776,-0.46512958947060257,0.37457376768881223,-0.24196240247225703,0.548192694164301,-0.4152555853643173,0.24305394952963807,0.7434228204146232,0.5831750313579667,-1.8508857496196325,0.051844861453263835,0.03747248688000829,-0.06971288249976006,0.736015563600089,0.4011360280052161,0.7175089926790221,1.291596103130873,0.4043980157093177,0.5387923019898869,0.13949539778863387
1.218898516634833,2.6254550823215483,2.3483910333905937,2.356272825250641,2.4143589361844873,2.0189903069040924,2.511492196315223,1.8315377261933863,2.209703915042411,1.1721805901526057,2.0711912196157893,2.349800441080012,2.171606030996914,1.7825269179274812,2.0672447053205527,1.7795805742892845,2.1504925718742047,0.18884475485120503,1.5428820125934182,-0.6841993945976752,0.6990018990980847,2.0844892372306125,1.7583110045885924,2.8481019823699074,0.9308997884978408,2.373877665206522,1.507294355249936,2.4311156358838883,1.0443974600485675,2.113221450971417,2.2610535562908765,2.114149964440319,1.43225909038457,1.16797584691961,1.875246086321999,1.2259618919351263,1.5416121061012646,2.0355509028804644,1.931083714841847,1.9138041358767715,0.8758898015452297,2.7079362284956074,2.2772643071530068,1.5209637655177666,1.8289823292987082,1.7879687097633585,1.784838170388292,1.742706734758954,1.5662629547481206,1.429948546980165,2.4285099241650108,2.455484123219098,2.777131831181141,2.80772665183283,2.2265347911059403,2.06979071391345,1.906673250887923,2.4703521177742607,-0.41375527891274777,2.493386949561615,2.2406622878895823,2.3673027130833173,2.32010727211518,2.1047837851599045,2.3282559164018797,2.1270311309537933,1.9066267122653555,2.1913664396345887,0.45426208817534497,-0.43923138364709896,0.33334152693241226,1.5851225987991802,1.6483716557780652,0.9903140507373722,4.088662272862938,1.9632782474598591,-0.22503969962838305,2.4122930139715932,2.0320485905633534,0.5496561103982738,-1.3532174051327408,-0.7619385157671321,1.9433060739058663,0.1765106823290293,0.23026151163094122,-0.37536669831371927,1.0020128252299478,0.6448100755607015,0.3065035517072292,-2.9388435189124404,0.9110560203096673,0.5299819423472347,-0.2886620251367331,1.7665810567226066,0.2614179201312476,1.1719220181074097,1.9494353832389666,1.383223252342808,1.4497628996289347,0.354756504656431
0.9930862089146165,1.832903191727603,1.5231443638891775,1.7317776274498933,1.7572270209094267,1.36530625451754,1.5068049201892388,0.899710082613777,1.2617051398993318,0.6921559837501495,0.6114784806145521,1.6101253489678073,1.4061157251548018,0.7584021298938377,0.860362706529095,1.0641964551630283,1.0641917189797763,-0.27333585767171587,0.569586580004841,-1.014257539787819,-0.2976855631204345,1.5914114421377898,1.1351429892390967,1.4960524121188643,0.4613664401890911,1.2529897047906957,0.9413424287336221,1.5370973260073881,0.5175063730391021,1.4495462024773258,1.3698726333597715,1.5125813889866888,1.2020543379854867,0.5548980701776137,1.4077998073198092,0.5404668492887778,1.2098640114249746,1.5014014874418038,1.56303125113862,1.4832793756234417,0.7178557872675414,1.638090894716345,1.6156869954529238,0.9422007007130734,1.2076704887863967,1.126766991685897,1.401361938075569,1.3347235306073462,1.1354797557436558,0.9738332063089313,1.6135502498799896,1.5010997253497769,1.0479323734569603,1.5195660594981448,1.51372747700725,1.2643755453312395,1.156556278368884,1.2811942823324507,-0.6921045448595964,0.8524866192676009,1.4961019391272874,1.594807924283824,1.4964669129364256,1.2334989647160617,0.8933313047931042,0.9367210225526823,1.1425033643322382,1.0570918062350625,-0.14525525765821035,-0.7460965256548889,-0.6656977031656749,1.2476909049064628,0.9073155816655294,0.5911964375613183,1.8544642616528322,1.0711285708150857,-0.6580133870920452,1.4333575502114984,1.2188458778432611,0.653645938516398,-0.4054490391708549,-0.5672573291024502,1.6988297940952868,0.5462805184610007,-0.32968477438008653,0.10467807559687979,0.8449768336134851,-0.058407017881216675,-0.3853123295283028,-1.317210828871518,0.8560660773819007,0.404921803351124,-0.3833750346805297,1.236807782986827,0.017987277316626964,0.5261613147122027,0.8120157914005403,1.0523333217567106,0.9461752948584197,0.19672901337402157
-0.2515465274590945,-0.7427863252037167,-0.7900355918040866,-0.5905463049683337,-0.5953061242264098,-0.6396608341599395,-0.9586028512756885,-0.8492364055516659,-0.9090238196593243,-0.6060882751771947,-1.552666875022595,-0.7302014277601729,-0.7678446003035295,-0.9790115349433339,-1.1584607817800636,-0.7408236933389838,-0.9910119760600328,-0.5124879120722325,-0.9585154889436174,-0.5315560100910017,-1.0409659454060118,-0.42588033950662446,-0.5915994293353559,-1.1577076090525658,-0.426071953401933,-0.9037658014891509,-0.5562072841007658,-0.756666988667981,-0.4494137110450099,-0.5855116771375414,-0.88499825323895,-0.5689643240274851,-0.21990415074482603,-0.6249831692159225,-0.4470150690283655,-0.7493812542223995,-0.31505152092765865,-0.5224495123847505,-0.3427108957997515,-0.4289586332752913,-0.20934949420507443,-0.9969032507911604,-0.6145155877183485,-0.5557554234650689,-0.617762845846709,-0.6373757852310905,-0.3434473208795276,-0.39007428795761423,-0.4589092164215399,-0.4799846349948379,-0.8053501557930322,-0.9346207230922962,-1.7171198057735282,-1.2788558689311884,-0.6693194910472751,-0.7869115357249792,-0.6380180811170008,-1.1427081075762129,-0.44754905374594806,-1.6609092333085655,-0.7298187119447752,-0.7324444224010782,-0.7556839968670289,-0.8117132520340062,-1.4280616395518726,-1.1710575412390356,-0.7018386662325122,-1.0635819951661183,-0.5171391596906937,-0.3287509928034899,-1.0546935527541788,-0.2012958071767131,-0.676046195565789,-0.3642639834359728,-1.996965228945606,-0.6827896417534491,-0.5017450215749464,-0.8166638238879967,-0.7743502457988627,-0.04436333679865387,1.1083805059357872,-0.09952287848471615,-0.1612665089930071,0.5039240234322067,-0.5932535388323115,0.5753558952818142,-0.14723010028899094,-0.6622310639755089,-0.8353923406976677,1.4118336973703702,-0.13475154290671557,-0.2556850213676274,-0.24100051685647528,-0.42693505684281113,-0.08249891006819876,-0.6428068710035119,-1.077219278109979,-0.35306895495819524,-0.5582546100305708,-0.21588982766218287
-1.4169876921479798,-2.8539906145879654,-2.5588613813188865,-2.5827491848342206,-2.601942380345836,-2.244847035295231,-2.687169723058413,-1.8351428410694108,-2.379019648492724,-1.564568163723669,-2.348029996215431,-2.6195335758925844,-2.4208292134980693,-1.8369119847676552,-2.1482159743192493,-2.0066713469093704,-2.1529823764765195,-0.23265201833228447,-1.6129977844026544,0.44805473981165306,-0.7419381776397078,-2.21723035507635,-1.8941278925364127,-2.7365175999181375,-0.9179652562898198,-2.192041836002983,-1.6742710297798937,-2.448605520979914,-1.0387044761557367,-2.2300637113689903,-2.485244478634725,-2.3191138017594675,-1.6271975444474478,-1.275371529759989,-2.065563550127385,-1.4634559264437492,-1.734056122941646,-2.2822288760308944,-2.1637045414054614,-2.1780664919487216,-1.0929030582920505,-2.8612405736120032,-2.452160065116023,-1.6523837509855492,-2.0339590174123616,-1.9464668412839519,-1.9395595589769985,-1.9355768879460895,-1.836393656933164,-1.6609832642146531,-2.6699032437615675,-2.6854977083099865,-2.949856139059756,-3.0755547886458556,-2.412492633936208,-2.2733822114574016,-1.897372778388963,-2.6253465058862786,0.186515033619191,-2.6956232800498503,-2.480785750417791,-2.5692462895703483,-2.4570254504115354,-2.2105760752733556,-2.4778570709191015,-2.2725121878476005,-1.9754115995070491,-2.2396919564361437,-0.26594091030670797,0.5275139396934079,-0.3420550315935573,-1.4837896577311516,-1.6648315264528224,-1.0018006284357452,-3.9701732407932515,-1.778845394706744,0.1618554999632623,-2.3753011511460245,-2.1738745032140065,-0.9263755994284474,1.773388447472608,0.3444325355660132,-2.087088342547144,0.05762514451939595,-0.25802989785950653,0.5953391966408628,-1.1509563783630625,-0.560549705012795,-0.5342365696529504,2.8113390370772966,-1.222251892363036,-0.8629198326992773,0.046242072771534484,-1.789193967003191,0.056287988459916456,-1.2762553495328235,-2.006919740918534,-1.5914780331262832,-1.7322946950825602,-0.5290509154964208
-1.4119161124600041,-2.644534209086232,-2.2287276256687716,-2.448541570243182,-2.5089349952909394,-2.039790672031488,-2.1412405936851004,-1.1780960431141112,-1.868015476725296,-1.3019086825591273,-0.9618007901473014,-2.3829600163378424,-2.078398287726401,-1.051267566648278,-1.2473518598116764,-1.5555161904809038,-1.386610564839938,0.390501972212325,-0.7809373022373644,1.1737644688623967,0.40601704318236,-2.1946564522912992,-1.6026622706400582,-1.8329519879046512,-0.5498955650870295,-1.5387872795887259,-1.4290714229313086,-2.0957067594745293,-0.7741773999637456,-2.0627555353310965,-1.9868087613202428,-2.195124230249637,-1.7874731048232195,-0.7626370251178292,-1.9917241131249375,-0.9287665764243282,-1.7957255881585579,-2.2350131811395597,-2.319361412052208,-2.2278212683675145,-1.102091833783255,-2.3125385357213264,-2.2569991247261774,-1.3751374510684593,-1.7694983297855824,-1.636710179121927,-1.9668004185222592,-1.931928940388868,-1.7854615800456557,-1.519411340926766,-2.289164968449317,-2.187870746171166,-1.5259229774407075,-2.274968538276789,-2.186054955304332,-1.890869963909231,-1.5196291136820816,-1.8662793636910975,0.7143504673514578,-1.2893703431564958,-2.2198721332112354,-2.303758118132102,-2.1234947792270837,-1.731208837160627,-1.2888721689537797,-1.391417379828245,-1.524161771561315,-1.4326957344217148,0.3928583776712795,1.1131429108549045,0.9100734747230546,-1.4215018370688206,-1.1570262746275206,-0.7201753985989973,-2.36228605824807,-1.3305753677710086,0.7782823949439883,-1.9336662337976471,-1.7251779006730192,-1.073203126614237,0.9838974449783368,0.5635003094713765,-2.470725819641035,-0.40116461239067663,0.42776664163722217,0.14879614601257762,-1.28935695385469,0.15727313190476797,0.3420470002226684,1.8212110124924423,-1.425435125238029,-0.8388508744124774,0.24919782706427662,-1.6558737769386833,0.29500664450118286,-0.7994762416463294,-1.1521045065949593,-1.5284298870421311,-1.5186982665967401,-0.4559659489095502
-0.2080332289219657,-0.30341270238406703,-0.1082679272066156,-0.27436766586955885,-0.4043986117352238,-0.2124400792774569,0.1615724996314301,0.5007380460191627,0.13146600049005416,-0.026724866401467536,1.3341734546564192,-0.22124394310724899,-0.05625679559981521,0.6248044834034493,0.6775310180194943,0.21391797056761874,0.5808030235017267,0.7874365207397935,0.7474386922399626,1.013040472558479,1.3270109797240093,-0.3688403014128945,0.022494517282948025,0.7104004082747527,0.37172403729475023,0.41907967161022824,-0.044122291102836865,-0.04953620640201533,0.0989429367424302,-0.24429036369650445,0.15307474726502285,-0.30600808091034165,-0.5444179022461236,0.44985850139379213,-0.2741478966206657,0.3667567463535303,-0.4233791682133978,-0.42161974969923555,-0.661787259194461,-0.5224444897404337,-0.19679515427524577,0.1360753478066962,-0.19902984992516298,0.018838973084111952,-0.057490443638982924,0.004755825392079188,-0.38576568013049256,-0.3763084720774064,-0.35064361635803515,-0.1829212500924808,-0.005587977949850499,0.09985719151201325,1.1977145193141745,0.37392243409072584,-0.2048205473560253,-0.0029394264162234,0.13822019819302475,0.40428599080486055,0.6720913245037985,1.2418350835753458,-0.18921701106204936,-0.18870438016411337,-0.07474031146504079,0.17391266842850356,1.0108500844980075,0.6351159585585543,0.23306530020418648,0.5762199411791806,0.8210785672757008,0.8813665990147611,1.5260833393040216,-0.034206143799031176,0.37866658587851604,0.2386464763321606,1.2735434421644067,0.22719065766338395,0.7943952919678394,0.07494244626955032,0.16445539880711266,-0.24714185025611174,-0.4857112983188356,0.4332565323671423,-0.9545348454154751,-0.43241886811455565,0.8505178950695744,-0.3207097831509584,-0.41832083533269615,0.8075579501766976,0.9963791122270401,-0.5014059019941904,-0.5289838559500696,-0.16745283151719417,0.1935136101970241,-0.1414449776733565,0.41132392004418616,0.34256636561876946,0.686812121287231,-0.20611561779630663,-0.11089368037300357,-0.056934359717390574
1.0966831762304086,2.1112903123110667,1.923157366896305,2.0136576965515056,1.8723113938708515,1.6263251401615868,2.135897234226895,1.6661049675093365,1.8304665792672117,1.110536793402001,2.336590688352769,1.9599059535379422,1.834717565623272,1.6434714718088304,1.871429123643638,1.6676761120094692,1.9494460796091033,0.5043677063392604,1.5248807894641947,-0.024733682960615854,1.0568285950532352,1.655641393494143,1.5232738028341097,2.5733933572501004,1.0198680914330773,1.9677792200502804,1.2536202086355517,1.904089056532577,0.8408587576269329,1.6445921218320225,1.9957054900504088,1.6872147586927329,1.0341060252922927,1.2140341453744792,1.5616221128658696,1.2085125209362226,1.1948575361901257,1.5721813961745714,1.3890901821675634,1.454924803602983,0.7973667685846029,2.300883113597682,1.8931265216268354,1.2812673713306793,1.5697671603089993,1.5066077611638307,1.4145204824466886,1.361101627097583,1.2074910883342795,1.1544760441204471,2.110914454124281,2.119349778823879,2.667390062960836,2.4801503036043524,1.7798227552778898,1.7070870197959622,1.6004403988570908,2.1284523323950353,0.016977169279694348,2.533574620118172,1.8216991870705335,1.9066843199209491,1.879525810352116,1.8009687486249166,2.2646331206036625,1.9582310290665166,1.6861515656242576,1.9478585232691745,0.575809575756702,-0.049990019833021385,0.8070157384505343,1.4484862121766973,1.5395347425869452,0.9847211262402131,3.6302330983981683,1.5751162186250158,0.14471369356738845,1.9137579331604027,1.797184636793093,0.7719047870017132,-1.2334665203324715,-0.0791948546934416,1.2629376077262136,0.048413225865414904,0.5704188286681895,-0.33471633384278277,0.7223699140690811,0.7700874843831815,0.7151419113941474,-2.1360244762122016,0.6901743620269992,0.5456352427251118,-0.10120863107522338,1.4303089096401913,0.3093276175156571,1.0961444441888482,1.8307835226555205,1.1770597055746865,1.2191450262116126,0.29672766472123613
1.3011657339919793,2.514011967847847,2.1063894336613225,2.38633304267478,2.37116066206537,1.8868551999614867,2.044614712910003,1.2817449652821804,1.76248882118912,1.066541830475344,1.0227108965956322,2.2525760065701093,1.9362316033399702,1.093766503472209,1.2920427822977478,1.4615598648292996,1.5013326107570402,-0.3112032828583069,0.8185245878759342,-1.2013605843234783,-0.2799513667956628,2.1192512511432215,1.5674351589259243,2.096339707745201,0.7805382784325672,1.8125767728023483,1.3291052481759311,2.1161457113345636,0.8325113049731596,1.992764993413472,1.8996328727177307,2.0609440211980146,1.5934007104630348,0.7873591357684222,1.8939976344399758,0.7994208338560588,1.6497062133754103,2.028907065411629,2.0881671881541357,1.9992807176655185,0.9564003786518909,2.2969038480277257,2.187960791775343,1.3015008021477752,1.66989422721998,1.5504716773687242,1.8626752943396176,1.7699955725733114,1.541241460540702,1.3158931224796928,2.1697303047564898,2.0878188878699437,1.5352136639990597,2.1853085981153146,2.0558377525733795,1.757183296258152,1.5995625244122174,1.8042156881156948,-0.7758834573542058,1.37861390400787,2.0792715632483882,2.1777333466246054,2.0592778075674745,1.7315544120331579,1.3183668946065168,1.407718611115727,1.5283998213924503,1.4812177804544633,-0.1544300674046458,-0.9455514224090618,-0.7319907974409836,1.6933255207602351,1.2781198801970841,0.8136679326343881,2.6756550716039658,1.610817308694178,-0.6773656462102638,2.0442048875432546,1.7252834427547747,0.9472156670839071,-0.5852383543619227,-0.7589292316236729,2.3563153593306128,0.6495285267845861,-0.25645110295191387,0.12979204674730094,1.1423812525901402,0.05516678477478426,-0.390717119472353,-1.8728932549866448,1.1513425219891864,0.6285770360135384,-0.41526813178576466,1.6983387497275049,0.089397681611387,0.7709324886545548,1.254388412181566,1.372410986858889,1.2895240696461157,0.26742645517048885
0.2106718068770122,0.6086198672815682,0.33247230464637617,0.5295417074858614,0.7143172422710489,0.38253925727724775,0.04053470674743319,-0.27560155878920556,0.04857388447930017,-0.10415133629050126,-1.402809631167193,0.42917898686208783,0.2057993671998927,-0.49877404433890576,-0.5002942786967278,-0.2101296835620641,-0.3255612682334015,-0.9633818957580135,-0.7110751007278909,-1.5505884010622262,-1.4874578524867828,0.641282546213847,0.12702981095926616,-0.22005073557379995,-0.16182850981316374,0.12822980854516558,0.12260605293084488,0.4460142229060635,0.06454791984155671,0.5224950814564535,-0.014200033307764,0.5278506851245991,0.6523179386566604,-0.4578044321581781,0.4449415244476438,-0.4879030661056219,0.5341585713088505,0.5880346130064805,0.8595511269952847,0.6658637698051664,0.11809351358969707,0.18132874903412516,0.46723550552124116,0.07346997351261884,0.16938181342647296,0.1263301443685393,0.5818238383673683,0.517698586352776,0.3847621307053443,0.17830465900934522,0.16215888298494444,0.07976111167181253,-1.0939513483230505,-0.19212868271096142,0.43467366899694143,0.15239420230863054,0.16687699938049888,-0.20409861171924193,-1.0178893610111648,-1.150097602035155,0.4128890568368935,0.4476326998435573,0.3554344388282642,0.0590993494121582,-0.918177903456869,-0.48777330651671924,-0.06317699898698119,-0.34621180898985676,-0.7167390842343248,-1.0454055538529268,-1.720766320492096,0.46706262219163264,-0.1652651077331485,-0.09734363049929674,-0.5783532346552694,0.30920456052020784,-1.0141781481908376,0.3824603941675708,0.02973797139128103,0.06053605684027397,0.7820062537461226,-1.1088504342783772,1.3513853097568822,0.8176849648142804,-0.9540818291925158,0.6045659613127231,0.4489034278805788,-0.7135244799434141,-1.3629726800759634,-0.15121675549321306,0.43004132096216546,0.003832623498333077,-0.4614041541518239,0.43466779545657247,-0.048541670436332215,-0.3423617590098817,-0.5062087812525167,0.2098287584171119,0.06250926063225469,-0.1330161920739463
-1.2084218554412276,-1.9266626921621448,-1.8343332509572008,-1.913723718687634,-1.6519863421651433,-1.5678247750432182,-2.061485841143005,-1.6056226267379021,-1.790341549074194,-1.3018061432221293,-2.6162523836230376,-1.9028373261497216,-1.813524601463254,-1.6969619849753073,-1.904768293791209,-1.8221602607611416,-1.8882943505846634,-0.8140904588969228,-1.6503206184774417,-0.6626148957087212,-1.3779252007092626,-1.5011195343447594,-1.534627675328118,-2.247643194334932,-0.949868724931746,-1.64898147797269,-1.3272263273950093,-1.6872037907392654,-0.8588487262792135,-1.520963696657808,-2.031636663007118,-1.5762468735511213,-1.0112613868198723,-1.3818997403832236,-1.5157539802251545,-1.4716954761739964,-1.2203978635222523,-1.4991852430289978,-1.2551518413279312,-1.3933221866004735,-0.979058893012188,-2.1705263733073465,-1.7446144027547275,-1.3373531649002672,-1.6096122207706238,-1.5124558564576522,-1.3230836190718354,-1.3116096108779685,-1.2633152346597296,-1.2630761506537338,-2.1004227924213756,-2.1068562841010277,-2.747676139637806,-2.5103236670843256,-1.6588486120742263,-1.689668967195553,-1.4478752045783474,-2.08286633497983,-0.37753264907708867,-2.7067714531272347,-1.7044999221033246,-1.7581540213757298,-1.7468072343057874,-1.749833052400867,-2.3664630992707925,-2.028020727818862,-1.646548491082067,-1.8877005632299406,-0.5880480014961657,-0.21005249756568897,-1.1524939048191236,-1.1533451667927133,-1.5074859659457167,-0.8533518788689503,-3.1346661693503504,-1.2745218166224936,-0.5631634572386433,-1.6798809792718052,-1.7943878174911334,-1.0457046633387737,1.5538354032694581,-0.6958200711639766,-1.0005950674759243,0.3562188507239576,-0.8697309012340316,0.6167980045721209,-0.8119103837000466,-0.842052249762051,-1.2305498140416156,1.5369879080331665,-0.873649436420859,-0.7288744357038511,-0.12386863670325661,-1.2911472030150652,0.030465986204078623,-1.2539198431277472,-1.8671662447878379,-1.2822508458280226,-1.3708363568466668,-0.558062400637315
-1.7112948079858494,-2.9534516334480654,-2.566082308093366,-2.829249093336564,-2.7556439742889154,-2.3244280784630464,-2.467517847207165,-1.5561597058716485,-2.208394307986702,-1.439403997647651,-1.4160157819667472,-2.7458726706079104,-2.399143580227726,-1.4566595310331307,-1.7122564328677352,-1.9372559351990102,-1.8298690765892611,0.10215530529918135,-1.1499156454509238,0.8750148809912869,0.06841695706903884,-2.503967321441249,-1.9879399180075326,-2.226732904741634,-0.8239579079107283,-2.0326187314475606,-1.786736082284323,-2.517545648073975,-1.178411568039842,-2.438084058871033,-2.4068428790651804,-2.48673888833835,-2.020393904724958,-1.1301022540783383,-2.3094507127355888,-1.26413256902766,-2.136539611595013,-2.4873535204559025,-2.5098699943096308,-2.457014522803524,-1.366321737514576,-2.7509267400809208,-2.5631389507014473,-1.7302661416436977,-2.1336371478625344,-1.9733941770716763,-2.2449161820464747,-2.1834462356716315,-2.028038631705824,-1.7896977797757334,-2.659056664830241,-2.5907628782501932,-1.9363161502025943,-2.756588432581602,-2.470513876539038,-2.216395931918989,-1.879607357781584,-2.234688838821723,0.7198774162978406,-1.8547311718377983,-2.4876202372669245,-2.5889810343330772,-2.484686022496903,-2.154102700110316,-1.7324341513480863,-1.8712976554305034,-1.8507740058179736,-1.825826582576177,0.15542407450695345,0.9308102417796087,0.615658531701092,-1.7315408895585962,-1.568083735386455,-0.7356861574392938,-2.806801628390852,-1.8250286874434891,0.38364594799223967,-2.4324994142332605,-2.1708290208925307,-1.2981315122090058,1.077733194261947,0.3514859192196619,-2.74106085296366,-0.3390582433697036,0.04144856083367753,0.1862711558023877,-1.5868421545994604,-0.1617373389443585,0.028502504768823534,1.945571340299536,-1.6493269588266506,-0.8854799638393956,0.3639649306871877,-2.0280183201726265,0.27994498594178613,-1.1596148501161083,-1.6268072847271464,-1.8100421399070528,-1.7874436075737286,-0.6379506180220977
-0.8578170551667218,-1.679430552123769,-1.3097416445912966,-1.461730939743519,-1.742622063830302,-1.302046334566624,-0.9381775939765092,-0.2080926064010262,-0.9277313637601752,-0.4512013955155952,1.0984207760240612,-1.4240138550164927,-1.115359813315236,-0.020347529488481814,-0.12526597812844925,-0.48286911626399825,-0.2440196438596355,1.0443793132280215,0.3209170338746966,1.839973392513425,1.5962440138483331,-1.545655574355286,-0.8523802136695495,-0.30405715974542497,0.15461438336668412,-0.7005792732224971,-0.8626138243076088,-1.3706019604171362,-0.5746614217158236,-1.4720558467565286,-0.8632864355592558,-1.482329341188479,-1.5268362743564854,0.09627331012573716,-1.278674202669226,-0.06400859435393447,-1.421135033414782,-1.5947893491659488,-1.8958907931113522,-1.6739626088435244,-0.6916217035228631,-1.1260898400822135,-1.3480109897785353,-0.7751395769326479,-0.9704676619467824,-0.8981309151220221,-1.4238322101341259,-1.394060012416583,-1.2993326769931939,-0.984027102347751,-1.1019048037185422,-1.0229988566868597,0.49900058371303174,-0.7919954862554167,-1.3835969955571978,-1.042519676550281,-0.7878758165466677,-0.6335435353703319,1.328971512358467,0.6205376881590304,-1.3448789130001486,-1.4195619123635554,-1.284841431425968,-0.8349493561164802,0.3448317879785301,-0.18426560943220088,-0.5589005533000911,-0.28412372742059205,0.8950020430091049,1.4604475207785717,2.062114830059553,-0.7328964915045272,-0.2861500538478719,0.0896126346477462,-0.1024088733802164,-0.821581760029187,1.1366595759501452,-1.2343485735114093,-0.7859780865171822,-0.43012935259671364,-0.07027331599218888,1.25860856392073,-2.321785433491942,-0.6120842067755988,1.0928784883706635,-0.21193792932716168,-1.1790876053211603,0.7998871854722703,1.3549915845284488,0.9507843779668248,-1.213271520915264,-0.35370764012009276,0.5466029581430962,-1.143450783111825,0.4898636959298177,-0.1339320861461113,-0.015952681354440723,-0.9294765395103729,-0.8704456627179219,-0.29691410859823447
0.6292368004014249,0.768146857306318,0.8324444611041844,0.9910236282584155,0.4988964915900155,0.6103881051471366,1.1386313080717196,1.2515399992343876,0.9215000653142382,0.7141876936505203,2.5734831059685455,0.9007730849252144,0.9009195535876576,1.342662118313988,1.4687014240671687,1.24091482646258,1.4644938581249716,1.1789020773696197,1.4371631415819797,1.3542658672657764,1.7899106385511994,0.566734617401129,0.9082474636242853,1.7456162304839564,1.1144678984508292,1.2357289020185276,0.6769819585520552,0.8039779326514866,0.5253150540971037,0.5855514181859259,1.2399884228716518,0.5771948178341899,0.09301825826072466,1.223723663631095,0.6950501409159231,1.0605365398159652,0.36475470957712797,0.4071970089819735,0.07083071569784165,0.2836123787521155,0.48335042384056365,1.2734398509245892,0.8301570294983096,0.7278402455271903,0.8785173047732642,0.7858963490970687,0.4508808353156632,0.3883427253735983,0.30844290716215783,0.46410069245640706,1.1776398434942932,1.2028322095286792,2.274964882428316,1.6202409367258146,0.64962350757687,0.8041425295454357,0.8951511875560273,1.2762231315036476,0.8045965523864284,2.4618317464002,0.709241039861286,0.7178520759081471,0.8200646048303438,1.0746928062542285,1.9638328451164784,1.5519905012854849,1.0726705835831092,1.3643984721637576,0.9866222952891258,0.9088075546739403,1.8282601042757594,0.9941357336647274,1.2395683606497894,0.7792096212994166,2.4473648214495145,0.9609417401013178,1.0916949416860628,0.947281075437346,1.1768607348843962,0.7779465099571233,-0.7642533413210504,1.1838783816006204,-0.007612565799315394,-0.179524932804728,1.3720552888732398,-0.17516765716468544,0.13489197138924805,1.2143708136739249,1.5228454493126056,-0.5516719819111302,0.10563700088987994,0.3414684213963722,0.17365042390974403,0.6518619894742379,0.4507845434994014,0.9427891063475726,1.5388624686619015,0.6028011045317879,0.5819424201088812,0.1862794644244407
1.4827389718966573,2.361726824848833,2.086015769950094,2.4440626111733175,2.1382832958277027,1.8393900638894298,2.0296485738778256,1.5745171515631184,1.810530472488043,1.0324546705629563,1.6326152836814525,2.264281900299943,1.9647913404987503,1.4521004425715822,1.7019469369946139,1.7356313333382172,1.8199702088989318,0.3093299800957835,1.2126150080216531,-0.3166007058015373,0.3875887999045689,2.0811785392161117,1.802485977386617,2.1835742523642003,1.1470456247345522,2.1233696059826332,1.5345541911257135,2.198776867084376,1.2072285943209646,2.034712914229409,2.1142871461875195,1.9980703297488036,1.5196176869975069,1.2442291360907054,1.9545966454744121,1.1333078734953155,1.73516445223021,1.8757175990160513,1.797862129576743,1.8142245370714318,1.1565708309584155,2.420818559893487,2.151363528742085,1.5097466746728188,1.846431827713336,1.670431299725912,1.8281456838021368,1.6992369051083862,1.4854799437167152,1.3554520824890302,2.2452111537902617,2.204824901618956,1.8265331014764583,2.4100186604318465,1.959446241603669,1.7947100691664795,1.7547584690594182,1.8997962158513404,-0.5096455863461367,2.0082898356531746,1.9752342201552964,2.0633829449495167,2.084738998173103,1.9594543580593518,1.7165923185266867,1.8392263759927117,1.6586949559155513,1.7204754029492266,0.3000375650368528,-0.3488442421746883,-0.006194743933233914,1.9309406423129227,1.6828336539754372,0.6872201857528519,2.678167402058787,1.9895268923444707,0.1796311285151644,2.284031138819702,2.0459703142392605,1.2299432400853008,-0.462946023221529,0.013654157684402512,2.2387280396452414,0.564363408344082,0.5139666145186691,0.20583269857221387,1.2636333694215203,0.631863101086632,0.2799806022081087,-1.4392381112483628,1.2103153614969488,0.5810667603976568,-0.46995038537968764,1.8611227677599478,0.15205320785480828,1.129170389463015,1.6786516126086792,1.485813674150459,1.3640825770108895,0.40438083949005843
0.9436633826742803,1.837976660822697,1.4522415136847975,1.6798219711832576,1.8831567249381362,1.4041527222072263,1.0731664262995848,0.48319895472275154,1.0484590269559055,0.31337231713832286,-0.8736030170142756,1.548098763767737,1.2332085564603186,0.20338012136064734,0.36289833613070416,0.5735404407809774,0.5159396668858296,-0.9212778011680363,-0.1652329809624546,-1.8898654503611028,-1.4494208684184093,1.729363498099899,1.043584724194797,0.7492130683597255,0.15593667476667392,1.1430673128072644,0.9519036740736057,1.6156494334919835,0.7915267608887564,1.6427419325282722,1.0311117834713137,1.6214378330399617,1.5461640912517,0.07941094563286315,1.4383972253693178,0.08613144053819251,1.4886316189059383,1.630177174537239,1.8966970647637198,1.6852309567791635,0.7193870350604937,1.380564872958664,1.5516013194404619,0.8730842042791982,1.1055864904466115,1.018626526348927,1.5599107552946312,1.4617403150669972,1.2739471978192354,0.9511463628549445,1.2368184796048094,1.1772492724682377,-0.351081515102888,0.9516127984150266,1.5101358383691093,1.1415470527757874,1.0515551815379802,0.7950632566462575,-1.4718797399297172,-0.3394996083656687,1.4667028497913943,1.5632941291357287,1.4742646521774756,1.0603730574850023,-0.1248582728286208,0.421517775772625,0.7268104889318744,0.515665421352248,-0.6547328362876199,-1.3566350282744002,-1.9188535510782845,1.205648493351727,0.6083538726425466,-0.02328511034512457,0.6040035214277266,1.2586828890569517,-1.016205880045559,1.5810976892221142,1.0479395570500765,0.49657377727909136,0.3843940761904791,-1.4027440128058464,2.436222529899714,0.9193056088969712,-0.9034881946218257,0.4969573580639048,1.1800247638056311,-0.5786695991735153,-1.3737976775478562,-1.1637650307586744,1.1323051059483322,0.22020341541947733,-0.7527932743751901,1.4152532005907101,-0.16710685221729304,0.21171975406247437,0.268113040480625,0.955542296457989,0.8400410460466974,0.14257025522391925
-0.6020045106419799,-0.3398709561651894,-0.5362565266382329,-0.6676424094119706,-0.038051369987771394,-0.335104172462214,-0.8976031234911584,-1.1311818265920541,-0.7266827671662415,-0.7351277023814808,-2.714187468408466,-0.6300506667501579,-0.667056975673482,-1.370776587326537,-1.4469534368070234,-1.2853396200776714,-1.3572115948111083,-1.5323648449735632,-1.5390325442511912,-2.0828620306831698,-2.1566397259356798,-0.23705265232444026,-0.7909264212687153,-1.285472154282905,-1.0066290723021132,-0.941994788948303,-0.6430057748642383,-0.520412443936244,-0.5137689239937511,-0.3261954410895113,-1.116964962656725,-0.2634115898837913,0.08515400508463586,-1.3408988058610578,-0.4549449458815175,-1.2283676614253514,-0.2603468890364022,-0.12704630166060088,0.2785946579101588,-0.0026401438838940376,-0.5267944362253891,-0.9660868739148905,-0.4558584277402494,-0.7135820473165849,-0.7571775908568267,-0.6548530782630263,-0.1698512213172864,-0.15805343430994026,-0.18269552840861408,-0.44974216764811203,-0.9946316059184231,-1.0100820664178194,-2.3008601386778187,-1.4897601644059013,-0.3209585329073268,-0.6141618595458052,-0.6704075017320925,-1.0792840729692639,-1.1548171709051784,-2.52965601000481,-0.35379506248426074,-0.3424423533751571,-0.518003246755824,-0.9008610919215134,-1.96006872152873,-1.522152555294692,-0.9534723824230851,-1.2260227799364234,-1.111038573745741,-1.3106791808979794,-2.2594029537188867,-0.6073850596500789,-1.135100059002884,-0.6182323224043493,-1.8396141656123641,-0.7215605656596275,-1.599224466929989,-0.6629174692677714,-1.0433734675938735,-0.8185705755628153,0.9529709949212469,-1.8976399564726618,0.38221785138725073,0.5723792015290382,-1.737271272520529,0.43328722065644554,-0.1615394135881533,-1.4314356043171708,-2.0459362606135985,-0.04974557165495276,-0.13576344794840692,-0.35661818757483643,-0.31553001288409743,-0.40870628646818463,-0.1972675665149365,-1.0965386837851616,-1.5181431464530535,-0.5888236957958677,-0.5786458806941931,-0.4442697795448631
-1.906005431795741,-2.410217781295321,-2.2805989441671985,-2.657539993958793,-2.0990261989901358,-1.9923800979981865,-2.3050304155275647,-1.9430301575652096,-2.098820320188733,-1.216260280643758,-2.2986673610128014,-2.465263282891215,-2.1972571642822305,-1.9622670743552197,-2.221184981793855,-2.3062422387622834,-2.232952847225324,-0.9906614486390584,-1.769557735303234,-0.6735395002662855,-1.1175778756585024,-2.2301838074910876,-2.2016205350693743,-2.2698591740603247,-1.2707496609679814,-2.356136038681743,-1.9512260330689495,-2.4559901368723227,-1.651973827704684,-2.278650397680198,-2.5699367505088753,-2.1495180213297926,-1.7100056485434831,-1.8291901324060613,-2.1880562979960874,-1.7509098635294906,-2.1035659092861754,-1.9936041884435574,-1.7813538474265107,-1.9116512153992693,-1.5855389165027474,-2.6833874872282015,-2.2400546677969086,-1.957847330400336,-2.2189234426790603,-2.003156098308171,-1.9813668298214604,-1.8787844770412536,-1.7467936714530392,-1.7442574323494624,-2.6213782528014944,-2.568944183065666,-2.388375402352663,-2.8760599272591945,-2.0798233119823997,-2.066889332773463,-2.004623345443076,-2.21858946411757,0.25446067072435236,-2.675252240532013,-2.0127570062952236,-2.126431137268417,-2.2790573410100454,-2.307300859966073,-2.2768010853147604,-2.364659827543208,-2.023309161876822,-2.0708836013636867,-0.650577670592292,-0.19309768614911607,-0.6883839991094728,-1.9337481935098233,-2.082506363527409,-0.5468402571882885,-2.611147923363861,-2.2292828466527026,-1.0042181682549347,-2.577971494511233,-2.508549556013923,-1.596668683177742,0.8752775501935488,-0.9792500147770244,-2.1250692498102235,-0.10414862878956856,-1.1965138765362395,0.18249742101201827,-1.6875724437104525,-1.1026220747897117,-1.147036954123306,1.0293298548477257,-1.5800916041363968,-0.6543882505919305,0.5020139352048723,-2.138705393317016,0.15872715197556572,-1.710498948305842,-2.1871634499571315,-1.8983896877488435,-1.7725844788973693,-0.9185484513538732
-1.8561320902877128,-2.73016086827788,-2.3914052781996,-2.6370438023545253,-2.6830153905006853,-2.2544637567126657,-2.062674730951411,-1.2569703477790533,-1.9868910242416042,-0.7978824123073645,0.0038358632050286335,-2.45938429325026,-2.14509405151172,-1.0563047723566343,-1.2820500042807692,-1.6228920982028432,-1.3649443946873194,0.3516820114935314,-0.6569529824659008,1.2953938812487629,0.8417479436511693,-2.6060063779213327,-1.9826857461873988,-1.4712740534798099,-0.3099319484642335,-1.8160607133209299,-1.8591442808729266,-2.5441139249911866,-1.5647410270367024,-2.5799751520379606,-2.123095468427565,-2.5063740083516297,-2.360998931834119,-0.912972335543687,-2.3295919142622608,-1.0442244958270712,-2.470462737800964,-2.4867019652970357,-2.655688717614223,-2.52811854465751,-1.5569389503986841,-2.3666556218044428,-2.372684275389049,-1.7889599805975722,-2.058466381813772,-1.9230082047915624,-2.397772720905104,-2.3148158882058785,-2.169897647224298,-1.8834496590796332,-2.317443564418329,-2.237447678261182,-0.6185762705674666,-2.077916966224586,-2.3815579275032728,-2.0619276004129614,-1.818494480494808,-1.7550627097915166,1.5677340558018469,-0.6444483392089511,-2.2156373549839454,-2.392823600681886,-2.3772062422067783,-1.9745143696763576,-0.8600178645896468,-1.3751596102671382,-1.6081589268150467,-1.3420282153857235,0.4296254766227021,1.1857157841209098,1.5373643175064902,-1.5595299188473324,-1.3708045575051422,0.0752755016160895,-1.2245891158288862,-1.8278182397197724,0.47846354235142224,-2.4763896453275334,-2.073854930169694,-1.140512468718022,0.4277220580088809,0.7153171484424243,-2.8973444059173556,-0.44763890949010005,0.43454779157325324,0.08834698178336788,-2.0650155661361547,0.3037185087409634,0.6330564109158842,1.3268889386093603,-1.9795411951996509,-0.4895686305950438,0.9279792055047831,-2.281405083687808,0.6553467231407354,-1.0591949229862476,-1.1502566494140756,-1.8767915627764125,-1.7857704364723392,-0.8678680055528022
-0.4115454197688256,-1.0601421187025415,-0.778495056047335,-0.5923646835230112,-1.3356253301228438,-0.9080350865900342,-0.3739461234930828,0.42122243262758435,-0.4746821434204566,0.1004558981153631,2.2758948712826697,-0.6336713758962405,-0.56496634265792,0.6402521521897704,0.6442559564259318,0.2600794528898627,0.5507668815690285,1.4988453742763954,0.9172760769691766,2.323389925913152,2.1624502157462397,-1.0184250246679596,-0.24217419442122692,0.4386164070292513,1.1195803738288561,0.3012629541011228,-0.3822087606939203,-0.654157556745228,-0.17887752433013676,-0.9308368263784956,-0.09661821840467316,-1.0124488783653813,-1.2911984643997398,0.7437397801765457,-0.7241375830617737,0.3762377253243803,-0.9680372777465738,-1.2163476443372028,-1.6520940191112836,-1.3563736026648932,-0.38876879980110857,-0.2708344171427584,-0.7538480669057832,-0.2738827123324623,-0.3602002685517155,-0.44465754367312266,-1.0410493614034697,-1.0844321078661454,-1.0821477943885078,-0.7085074646282211,-0.31179904105951917,-0.27402353819899067,1.505652549738738,0.2386806050811739,-0.9827734495087945,-0.597906204016319,-0.2044393101396097,-0.0787003345610624,1.6408880526092768,1.8743195784605848,-0.8397451387099746,-0.9518378616262936,-0.7204338968652252,-0.14262974396641287,1.120613998786826,0.6660286013543513,-0.0036268521571660695,0.3557952397881845,1.2985920897264467,1.7797669776650424,2.625144229630719,0.27012880562128394,0.4908294278582772,0.647514198259379,1.0311737536408352,0.25688528522202136,1.774759695154755,-0.3535420707359721,0.0074316371699900095,0.2318947181832571,0.07089443981640549,1.9017681940896682,-1.303262602679032,-0.1583729670566509,1.9178809509198604,0.2473421481006527,-0.8731702705813137,1.7031907892618616,1.9089748476985682,0.7434820689241568,-0.9425611452378198,-0.061850607113424244,0.5033521663435289,-0.6000036766142697,0.8729737780693559,0.40182427718828323,0.7927818739486824,-0.4836382878445657,-0.5750906200936101,-0.2471819747179336
1.3016278185647214,1.2694892958532564,1.2849974366546693,1.828613925066392,0.8918783941568006,0.9968976971777294,1.4446813762747377,1.7555519321533661,1.256928677655278,0.7291066011928554,2.6728602720660324,1.5136852820888653,1.2901207685865859,1.751934442610367,1.989152943470542,1.8421967718874124,1.93819316444009,1.5478166813719596,1.6957350066880903,1.6037505821928033,1.8012352875868527,1.2715932096447802,1.6328276899339291,1.9516484784213624,1.7812856226809122,2.2066346577450013,1.3065064153304051,1.6670628285199403,1.4024615773456122,1.341999947427517,1.8991902477073745,1.1587523240112005,0.6683199860849239,1.8224506079816307,1.3606295244004527,1.421495715130344,1.2199087542442384,0.8135710018691962,0.44551253061408347,0.6911066368814806,1.0289719749139221,1.9067396883244083,1.327247733322006,1.380545032680215,1.528418790491869,1.2714733665703342,1.036663503848968,0.8650551779456238,0.691114233158393,0.885472943116592,1.7894919976133614,1.7545345109187973,2.2697709787487645,2.1832011496274366,1.031552480018334,1.1753766925626088,1.5478641115958098,1.500070410763289,0.38280216825339364,2.796983516920649,1.0142333386829323,1.0599059328374585,1.3636712944617362,1.6996975958344296,2.08901236411283,2.0891770438731383,1.5316688591333663,1.6447742275345387,1.2265135616153726,1.0971330564095805,1.6995956034055884,2.010866422039922,1.9832821263284923,0.6572115429760594,2.281173135535759,2.2250845329999347,1.7917764855280305,2.024634190063375,2.0822226871315865,1.4169659119166722,-0.011333349139673904,1.646010912299498,1.2314235297762972,0.44455289405166065,2.009194827907859,0.41929287598881204,0.9540586851849269,1.860152788055362,1.6882219600658628,-0.190735191135291,0.7215764596932477,0.28244650322249554,-0.43449043342275684,1.590402108052135,0.5676209682380328,1.5012821548048214,2.0741744064822654,1.1915491762217512,0.9336845707377277,0.507234202804626
1.862960414534471,2.417156824992356,2.165976357785592,2.6406458725221027,2.2624121386946605,1.9685392508003343,1.9635094688889139,1.6239997947311058,1.8410758981456423,0.6273890460871645,0.877361826325316,2.247228575392563,1.9640814123055772,1.3384211782982864,1.6114642631258105,1.8015993217532102,1.6349858893765634,0.3768121470111761,1.029938716082438,-0.3683223922966031,0.015086010579170368,2.40258542363838,2.080831068901662,1.8724482619693443,1.0181759108309278,2.2132815598477826,1.8135886570281283,2.4651379754547897,1.7833192597640062,2.3621834879988866,2.226520360033762,2.2554234293115143,1.9349764769122517,1.3840362278480485,2.236937526287421,1.2384258736082758,2.266080304377558,2.008233530760568,2.002810076816277,2.0118123850982466,1.5389173199907467,2.396479603879473,2.2206941405305223,1.7871917825443455,2.063469557297749,1.8422423205105423,2.1692743926462454,1.987279575753229,1.7559850097640444,1.6197070345197717,2.2743157855677087,2.2123367850673485,1.0761114671679888,2.173485508724876,2.085525026986157,1.858236840957695,1.9726333654789732,1.7524466478935086,-1.163190480215824,1.3490324448238624,1.9106264770810966,2.078363357309781,2.1963445894554017,2.031570577009921,1.286888946054706,1.6999037392936585,1.7364400050949798,1.488057288655751,0.1906561362462907,-0.40755026182854204,-0.5321923613593057,2.12957591905595,1.8185965865797749,0.10624366017206753,1.5849374695130707,2.2715693560760313,0.3470272039591006,2.601027281100694,2.3920966772957315,1.4121200138137946,0.0671532777406728,0.0803087229401747,2.5405114296490137,0.7677155388119452,0.49509123063492105,0.3410341808163779,1.8611507525319826,0.46941497946451555,0.10303542442773325,-0.798240673706929,1.644177816358533,0.32957915306918667,-1.021777431609788,2.434864411936852,-0.08941085569405814,1.2812517501193192,1.6005783693094384,1.774555446047131,1.5471590728858124,0.7536546774535657
0.7248652784047696,1.4767038402711408,1.1548339661077975,1.1332297267648805,1.7018040131160013,1.236722406548891,0.736429005879298,0.03691255016625493,0.7898495625367501,-0.05414544376965868,-1.7035227268986475,0.996446390694168,0.9303976713594252,-0.32968003758778364,-0.24948264678758975,0.07175833841869635,-0.14866952270234499,-1.2202307053430657,-0.609120941980586,-2.1641339044029633,-1.864489226056804,1.4223443137194196,0.6569848741495788,0.22380094267300843,-0.6314396734558098,0.21775357968877407,0.667720436012282,1.022203943210285,0.5078283711508496,1.2594398912081404,0.539430136630158,1.3591767724055224,1.461887698615174,-0.344351835052804,1.1536599854923382,-0.12325426412708744,1.2244469806424667,1.4378918183142437,1.8158398069640629,1.5684867596192678,0.650263875791681,0.7785005687998722,1.2150219110927372,0.5315694068977871,0.7531411771658048,0.7653854513321848,1.4069351614641077,1.358432095022777,1.244114681813442,0.8467898743907023,0.6999930378097333,0.6934458518064092,-1.1485738082435293,0.1984424024261116,1.3347897210854278,0.8976306229840905,0.6376353016437089,0.45988180042851273,-1.7080637708233506,-1.3220627314135918,1.1876005321029468,1.3205906427889804,1.0986825054447908,0.5513821108970808,-0.6714289229524165,-0.23046391857596168,0.35511532637554705,0.00993138697983396,-1.0538856420928453,-1.6445972983590376,-2.3658553356216445,0.438192606228347,0.03664342760801895,-0.5246031169379174,-0.3986738170131012,0.23181624674427728,-1.5505351021569405,0.8117863931630599,0.538297030590699,0.1539649184940285,0.16529290546273043,-1.6867842473593249,1.5895535764014133,0.5171580011916229,-1.5487052223139164,0.05847899149093436,0.9953082438250116,-1.4621572228847155,-1.707086877009487,-0.7579500080804603,1.0322221742742135,0.10767941117154887,-0.6605065849626754,1.092485733962472,-0.5977164452987013,-0.19024058045776374,-0.3450102986685253,0.720436674066048,0.7396209631840578,0.17278184254012444
-1.2767201412347595,-0.8108202958223315,-0.9694408879872797,-1.520502751617574,-0.3590447746377881,-0.6418334228093627,-1.3188949763509785,-1.8030200389553472,-1.1032774118953486,-0.7410031336373801,-3.0683163490485117,-1.2151496334743355,-1.0086839550792508,-1.95390571239427,-2.1290967113638666,-2.0336357359352064,-1.99344005797002,-2.069603575697111,-1.9755978156372023,-2.4690965515297725,-2.436853935707501,-0.918371864443808,-1.5515499171112161,-1.743251255721603,-1.8216006545719092,-2.152773267563553,-1.264827365188256,-1.511864760924795,-1.4566945771972644,-1.0946920417975858,-1.8790031432704877,-0.8392638364992816,-0.39603565971214644,-2.0661791011653365,-1.0716085713327541,-1.6819334120910998,-1.124063089335871,-0.4448579579052896,0.03908890948525831,-0.3000755331855151,-1.0114492750685864,-1.6697261082508794,-0.9028709527213752,-1.4352447479836383,-1.4071609239378007,-1.1513975401705132,-0.6921801980517877,-0.5667194331858247,-0.4813757564746723,-0.8849674741219942,-1.7141060709470426,-1.6317908105665482,-2.6830098176796033,-2.1785906313807217,-0.6605398601149192,-0.972324737647868,-1.4425015431909862,-1.4048227599119956,-0.8040933528257374,-3.087798045297027,-0.5667778392998748,-0.6211199154015397,-1.062093444614391,-1.567659367215327,-2.2860130322283347,-2.1681743822655535,-1.5880346358430635,-1.6199032678460215,-1.5343561630758489,-1.6874326698435207,-2.4193226271821295,-1.6968737379789807,-1.9709659029758317,-0.6916936165905612,-2.036020843529994,-2.2005125667659966,-2.41760369392807,-1.8862656350880942,-2.080845995990918,-1.3813147720407362,0.28087932187403053,-2.370932169766561,-0.7256567348556178,-0.037164954944536886,-2.540790933426518,-0.10147775940070669,-1.005705577666199,-2.3565718280781756,-2.4211169868361275,-0.23750033208064103,-0.6509792908235289,-0.19726917116922163,0.3928162257238329,-1.4518673119188084,-0.503703393829013,-1.8010365132305057,-2.2631481600888304,-1.1950645930465003,-0.9030985978143033,-0.8734551136649545
-2.5334675677277323,-2.637968484712989,-2.5405216018105423,-3.1723399294718533,-2.3111581933505514,-2.2093257685556438,-2.5900919131781945,-2.405161129669106,-2.359181432490275,-0.9169888834176949,-2.159159298883687,-2.621227443610322,-2.3492665892955387,-2.226391169770129,-2.502098423212555,-2.808822309318482,-2.416813116546791,-1.4712584136763933,-1.9941077900934014,-1.0352717990156035,-1.2606706378494703,-2.74390475477768,-2.7616364503002386,-2.477444093018369,-1.4978554684447223,-2.8864771725461,-2.444093337456229,-3.0497396451524037,-2.4691025177108252,-2.79134499611793,-3.0827756834999507,-2.566297995619597,-2.1561477533419415,-2.38245882685079,-2.669264918178671,-2.214363228331285,-2.8585669029040774,-2.1734569638633143,-1.9500602833560023,-2.1423039073845787,-2.138841040825807,-2.98319063723285,-2.4641758758282584,-2.5229228200989104,-2.6911650075543054,-2.3974929335824227,-2.4669659666995996,-2.2814539052106246,-2.082769071102216,-2.2119521117722813,-3.0250899730728307,-2.9148192307054317,-2.314475580056151,-3.0612588404741023,-2.3494698810418817,-2.294868389844059,-2.574418657757106,-2.398446988156951,0.7955790393845619,-2.542403425497406,-2.0000451827128094,-2.244115954144103,-2.567252505538352,-2.6235077191404628,-2.312682584529499,-2.552451574267937,-2.531660240382428,-2.1237921236167825,-0.8316348569869932,-0.46827815161272107,-0.6626511565141409,-2.4661726796392767,-2.5613775400478893,-0.23230315643542032,-2.05514995542752,-2.9090044094717946,-1.4871382216742641,-3.2265106131625516,-3.311395835526163,-1.9309284635926378,0.46205553476667166,-1.4290712715107257,-2.437899663125927,-0.3332602935126926,-1.629418118971587,0.11267685206244056,-2.485879425459342,-1.3718768631144407,-1.4769749580359897,0.36077770040110696,-2.045000903455696,-0.39050499546564527,1.2116882994452753,-3.0925096154991203,0.20933597319161193,-2.2384505741545393,-2.587505075282463,-2.442620267403348,-2.106028924955483,-1.5374499677114375
-1.9714039997511774,-2.567064006329689,-2.3221597397038685,-2.442483385734204,-2.6353484284229554,-2.2489458983984005,-2.0397923144974697,-1.2026844565385837,-1.9792707082953793,-0.4918151417935718,0.357493690578915,-2.129271898862987,-2.0565240112311285,-0.8896355616380912,-1.0286521906837214,-1.5448148811261628,-1.0717545967236068,0.231390490580323,-0.6043371362929573,1.1376271730505032,0.823419935015426,-2.5721323552178874,-1.9477215890574129,-1.3456299676058276,0.1996211811995681,-1.3015693382856521,-1.8942196549228836,-2.3056174363298267,-1.6080043773755726,-2.4577325275575466,-2.0352227477762246,-2.418768606496399,-2.418770497916476,-0.9294588561245845,-2.3345900917549893,-1.2158121645768065,-2.5137955352776076,-2.423781002268016,-2.6359552514625637,-2.534751399494374,-1.7806397060702228,-2.0941664758075684,-2.242958800437596,-1.8011160876326078,-2.0312784647265714,-1.9606976718482851,-2.482800716920484,-2.4201588369248848,-2.3005145185795395,-2.0425393480323937,-2.1399179373711594,-2.103453129069902,-0.27680416809082453,-1.7277745498612698,-2.405587806810944,-2.036889561362728,-1.7733807558313515,-1.7252685100759548,1.799973056041348,-0.10340699219875206,-2.040194786439802,-2.304755923836487,-2.2299075335099228,-1.7662684837692177,-0.7127840057910816,-1.059644520985279,-1.6372248604712563,-1.1240512954325603,0.5556435551271915,1.152952991787458,1.5945170200962495,-1.1432469018335543,-1.1908840948194053,0.5041594944429377,-0.513147244624573,-1.198159645303315,0.6196778483691833,-2.060305593071431,-2.021804493959145,-0.9870691609187802,0.6547263395781089,0.5400309478599647,-2.182279577563946,-0.056666536651935856,0.5990733212743992,0.5811653908901852,-2.169596805483484,0.8315794444293534,0.5076656187354103,0.7243752157382488,-2.018176839554211,-0.3658618557686508,1.0328902763668484,-2.3613856127478274,1.0456366797241627,-1.06393594216414,-0.9649465042203414,-1.9709658216689938,-1.9068577463913292,-1.1825667868832317
0.006851649526113506,-0.6836353108491944,-0.5008410283353073,0.10922608805974392,-1.111793821660783,-0.7485492033790218,-0.08063985692822785,0.9143086411432364,-0.26040268875584216,0.18096779181121717,2.60182342249104,-0.1739041294526334,-0.3758333294971083,1.021902828788447,1.1409767426898556,0.8086518888354483,0.9686567884274836,1.821824191433629,1.151033275561476,2.5034381650042326,2.2959870742898776,-0.543775721149232,0.27389156682251947,0.8058998009160473,1.9783149345183872,1.336823306921001,-0.02083400741444247,0.1160141009436795,0.4875311931681144,-0.3890930758161449,0.4793711168364651,-0.5435801941072426,-1.0126476145484422,1.2328166115810681,-0.3144058199890874,0.6161857261544433,-0.34900833282367993,-1.0475139567473055,-1.5419295071277128,-1.2056495161010703,-0.16427142879345866,0.28429657292076405,-0.4393828181392092,0.1922277209343218,0.07709288780010132,-0.16832655886443648,-0.7212991612254243,-0.8735740253253277,-0.9707233193315608,-0.48326120595142663,0.24777074077654657,0.17717701629515745,1.8843177864311127,0.7802668365950245,-0.7933918808877791,-0.4136599763817341,0.36852047071512817,0.10859010998439186,1.4575523847074208,2.3305451499742627,-0.7014051502498762,-0.7881303404274772,-0.3500900045381475,0.30797650334600474,1.3001229554865066,1.1297591350725438,0.44582109857536684,0.5721280095868002,1.5736057862943829,2.0064781228792183,2.702236421996047,1.252044501184863,1.0947660718332222,0.9242293297578694,1.3240427969223625,1.5619368213351017,2.3269172364318833,0.6542483520444472,0.849637772729161,0.7226741350712046,0.7087587431762693,2.1672576298742823,-0.25534136547105746,0.5611751755598187,2.5134054932742145,0.8945731145130452,-0.2908851331883465,2.554120426553945,2.1269221489140104,0.7407504937794565,-0.6164653247910489,-0.14572236891865586,-0.024244024225316477,0.23405678883288344,1.3475520534277774,0.8590693719821536,1.3775319498049263,-0.11413543821102759,-0.45008341925003653,-0.0071222198038835395
1.7978881747708706,1.4846191518548193,1.4660534348467291,2.4037756192414923,1.0225672969067714,1.0983713708364402,1.7178853057896628,2.2552439304798733,1.4314414736171692,0.5885413376851909,2.8713413903526814,1.6606790169450663,1.3644286599005748,1.9877789212714647,2.276231100363109,2.348348091631119,2.0746585061408913,2.0728910247985888,1.9056499560351567,2.05918276386284,2.0598373943674804,1.685238762703653,2.1103429442252954,2.2681944433120607,2.379426247784223,2.8465084955342626,1.6869543923757013,2.2190990311771457,2.1016307463369635,1.714772592991218,2.432298129077558,1.4941002970706736,0.8957273187379254,2.38833549057096,1.7657245268838433,1.850880263844709,1.8422700204983333,0.8415763158843439,0.4351735431711857,0.7691499832008957,1.4293718255113812,2.2288651190852637,1.491903763013841,1.8500695896586825,1.9435364181204986,1.5517482310975623,1.38876792539303,1.1134458957498772,0.8422174849084588,1.2114855321635487,2.1921844565947435,2.0980799409997446,2.4726451123304836,2.4700530026969876,1.1995956243739199,1.2866134293159999,2.1162029762301464,1.6655757063143073,0.11293286535954844,2.8651157484529834,0.9559935371039363,1.095695399690098,1.5467431594644616,1.9266646891463515,2.175629606533368,2.277898402122585,2.0346028484347514,1.628357897480724,1.430703513410614,1.4604890151829417,1.8755874371309684,2.7490407146873936,2.468129652274614,0.6566784630770119,2.019684799682817,3.060532569650359,2.309506453976542,2.659064084359608,2.9656912787526926,1.7900385395112848,0.5255721660805852,2.235337191549713,1.7246201332614108,0.9523107529086071,2.6426081651823954,0.73189577732098,1.578653461383234,2.3960314870258133,2.1622357971747697,0.4297564745949955,0.9909268651945911,0.12277889553628141,-1.041908798703891,2.546453587868445,0.8229838228849224,1.9978735278687552,2.559133176576929,1.6318680218814903,1.1080842588884596,1.031653014199991
1.9229295816218919,2.221990379707217,2.0307926459732917,2.557290190063958,2.0947306883322097,1.8563750874106941,1.9031349767817263,1.690845609807903,1.760929825169115,0.438936809907012,0.9131973216040223,1.9336497255654337,1.8128888043462088,1.2208375639491178,1.4566507890377844,1.7807975491040413,1.3696931838553186,0.6975078561548149,1.0370896433487902,0.07457014894646459,0.24913803803419307,2.316317185479656,2.0596805981193946,1.8335456564392307,0.9680434066891104,1.9417109598356597,1.851719327487865,2.2783464054622575,1.8694537771788846,2.167876675634628,2.20703404046454,2.0502504239482575,1.7966224913622488,1.5414978223312947,2.2279950443935332,1.4543213150883323,2.2484081014290713,1.7838531584745805,1.7751515538857021,1.8533024999833427,1.6997423488482493,2.178311638370675,2.032644664409452,1.8073519917133012,2.055880829355418,1.8233651953583088,2.152113865911786,1.9618234912898511,1.716259868047626,1.6675505176724374,2.105137509728944,2.1088349306232805,0.9718843079354026,1.9845687817314797,2.005678498852037,1.7391630009678931,2.011000536789335,1.7114474112732978,-1.149762882195091,1.0801221731714528,1.6701029696002292,1.888190181301941,1.965455706024458,1.8055548697621295,1.221980497786187,1.478187802725385,1.7910052182323284,1.2379979992399948,0.21129498762092364,-0.1233099831332138,-0.2747101737010979,2.0558522615674786,1.7916393312537524,-0.1264206838478892,1.0697567162584931,1.9874863160536709,0.516582669190016,2.2956543013676693,2.5153822740757685,1.3189952677028427,0.17009834205714916,0.5837002403597947,2.163056343246473,0.7236696727297568,0.7882438626764228,0.1708897588138497,1.8759760953319595,0.3865029061036488,0.49371949456200626,-0.08708425343911076,1.517116447713006,0.2546497084260118,-1.1154993116822256,2.596300169273319,-0.1847893843362484,1.380382570286082,1.5680907265636543,1.8323611309343881,1.5361442864825137,1.0151354252109424
0.27201434027512666,1.002008766086722,0.7876082195403149,0.4489947067331505,1.3294251794291685,0.9793814598866811,0.33109235036495227,-0.39936942985284957,0.48782343289061453,-0.12161070168612832,-1.8423356507079598,0.49411951680607175,0.660628255926144,-0.6950957046204764,-0.6891278076187414,-0.47669217655464335,-0.5797929827880591,-1.358363975568775,-0.8226348486744269,-2.0598051242622195,-1.846155104052085,0.878782218954623,0.1516237815028711,-0.2017074286785823,-1.225574865187392,-0.6924637356774228,0.32324401169096495,0.25227577166084564,-0.06988692323540162,0.6583914746532094,-0.04567392685501459,0.7605832517872729,1.0527842553313016,-0.7245142109320352,0.7156343404580323,-0.3343817118186103,0.5587720860383514,1.1210225023155844,1.5232488020827064,1.2683794696053985,0.40940037257724043,0.19792497635085812,0.813743033140976,0.0695148172396573,0.3183365393566177,0.4348554500382632,0.9935053209026302,1.0346889543969593,1.0077952471033025,0.5252447695010858,0.07492288361077097,0.20429507921490356,-1.5082362216612841,-0.30441874362703253,1.0280025030427855,0.6251634165158174,0.08890875158714519,0.20163021115537677,-1.3846342392621327,-1.6465890894244868,0.9528719544372847,1.0300456443517072,0.6344392257965427,0.07481608463977654,-0.8471774556081765,-0.6337379698379434,-0.1388341367940308,-0.26359541299213235,-1.1933702453423223,-1.6422651447800005,-2.2158530686295554,-0.33340264354863697,-0.44626565594522233,-0.8052597282685332,-0.7565219257311127,-0.8484415747433287,-1.766722063842895,-0.12884348485367983,-0.22451447968827828,-0.286066544659608,-0.14873760355313512,-1.6611578164820864,0.7461669693461246,0.020333267929344923,-1.7720355086735402,-0.3467862955529902,0.36930141689436924,-1.996220963817625,-1.730888073706436,-0.5543217313929701,0.6152375232766847,0.17266924624705887,-0.14618072483958786,0.28357210738447247,-0.9265390229179542,-0.581333475762105,-0.8734713274788205,0.31000866485604067,0.520004139820158,-0.11314896504106584
-1.8059617455643318,-1.1330009758539754,-1.2333673480935985,-2.1831532897829757,-0.5856467802420959,-0.7920032309506998,-1.7201666799323099,-2.381602983833861,-1.3578693965561217,-0.6332775093115384,-3.3104797458712967,-1.446263614020515,-1.1418350412393958,-2.2610050093447183,-2.4750511163835696,-2.61227682470114,-2.2314215178784833,-2.561553216375093,-2.2499721761557705,-2.798333967759277,-2.6962851675635156,-1.4205820131316511,-2.073429061293692,-2.2350362477235173,-2.4529436465350183,-2.9375308449072897,-1.688185837973577,-2.202484361103429,-2.163092041567559,-1.5490311751043977,-2.5059086451887356,-1.235569215759607,-0.6595738373818428,-2.6493378764384357,-1.5285767490227473,-2.134889724415254,-1.8079474866738512,-0.5458713303636399,-0.02962132517215378,-0.4452117464325415,-1.4081444788856317,-2.0951749592106665,-1.1344808031506424,-1.9765379523609823,-1.8675610916683976,-1.496150806134301,-1.1068215628521445,-0.8808172572514058,-0.6725648184570935,-1.2776962316878038,-2.225492070413837,-2.0733928986622114,-3.054013670789278,-2.5793725093779534,-0.911921417647474,-1.145065999812678,-2.11681278729718,-1.672911941368886,-0.4789870577868658,-3.2072701274226145,-0.5705512567903668,-0.7392358768026506,-1.3274333908373872,-1.8576376094470173,-2.4469305529753287,-2.3921477492969108,-2.2116165179838734,-1.690582176238788,-1.7487076544071096,-2.017392527642077,-2.5787255445102715,-2.4934512993720297,-2.4892158260445045,-0.8041986870876721,-2.0371202103487493,-3.150693509285277,-2.8455460176496468,-2.62126453422882,-3.0467815904874542,-1.6711657226953376,-0.19528274140134627,-2.827209313202784,-1.3251450573762587,-0.5635023576275452,-3.1502711871504836,-0.36805487417213806,-1.6761964014661084,-2.9270719040797455,-2.8703652745832176,-0.6635605501656848,-0.9067596023661629,-0.03213189658150126,1.066798172315555,-2.494248924559061,-0.8125741972256247,-2.3653579892479164,-2.8395161408668477,-1.701569066363459,-1.107577662565941,-1.454975952637228
-2.6178184189917877,-2.449705688100532,-2.407823579150502,-3.1773494905618307,-2.101189006021945,-2.0425531336210936,-2.588147030184169,-2.6384348423354527,-2.2998779540762224,-0.7018066394581904,-2.3295817640728216,-2.329573780849185,-2.1607399597008707,-2.2363156219032896,-2.475605881150117,-2.88785631834191,-2.2862617555363833,-1.935228894556515,-2.116929419479184,-1.5610997461872553,-1.6406439872959242,-2.7071546980017303,-2.8110794438471074,-2.613751301348185,-1.6588461850759348,-2.942172444555013,-2.560699898223331,-3.079974371853532,-2.6885754654630043,-2.667292147601588,-3.1588706808601943,-2.306249275313016,-1.9583843197594433,-2.668163215232656,-2.6811245451609,-2.4924192537693206,-2.903426954205859,-1.8897300498143565,-1.6433508928573426,-1.914637594482879,-2.2819128706478855,-2.8481750534886285,-2.246055220707433,-2.667608110281567,-2.729834546010862,-2.4171186830308784,-2.4406250485488648,-2.23584692979519,-1.9793140857277072,-2.279604515660135,-2.927331115448462,-2.88182121715262,-2.422240800849584,-3.012812681744539,-2.252334872580602,-2.165256677245229,-2.792860189602194,-2.413417642463417,0.808864273682736,-2.3938730457770387,-1.6925975945083231,-2.006612141987592,-2.346889168255505,-2.450705415221182,-2.3281291313274677,-2.407811320051872,-2.730623764157109,-1.9356792213968788,-1.025490038116337,-0.9461193312793896,-1.0999578897960214,-2.6185078912765496,-2.685031897767693,-0.09802679334572262,-1.7788541490156073,-2.997065328827962,-1.8562227354088747,-3.141272660674213,-3.5970431754473426,-1.70206536224054,0.1347471253860848,-1.9583022797770862,-2.3032091687103122,-0.4725699294460834,-2.215723323929001,0.17996111191421857,-2.57175131540465,-1.6296254027331918,-2.0012175548760367,-0.28090090521849115,-1.814622057137519,-0.1994322513454912,1.488286802885764,-3.4114238133655115,0.11504698384679787,-2.5184925040708515,-2.720690913028806,-2.561051804879361,-2.050013706803328,-1.88910171251984
-1.5061657166326972,-1.9242385684186574,-1.8151727690444681,-1.7200876546526178,-2.052395881895874,-1.8047274077798663,-1.57149908481806,-0.8853513007723071,-1.589476639755161,-0.30343886873946246,0.40756130894598214,-1.4984427537328104,-1.6156846403191916,-0.6194624744399817,-0.6594633993253827,-1.0566466612033778,-0.7056931358572384,0.1418342000304481,-0.4840954184451634,0.8009588852235451,0.5924493661237583,-1.9610297327961541,-1.4541160002747633,-0.975882310557592,0.6007087888262426,-0.6428841640549626,-1.560709557292877,-1.651986330569638,-1.1654839868311824,-1.8252745283469294,-1.4486082378320047,-1.6616184862018575,-1.8649368073220076,-0.6868843128711235,-1.8155011499988063,-1.0543073933222216,-1.8515081444876684,-1.9068222650159206,-2.1093423789264247,-2.0275279517546947,-1.4940853629432311,-1.4637471338142636,-1.6730869533162178,-1.411137996235493,-1.5588280777324142,-1.5833271494401697,-1.956983738493525,-1.9668990013884997,-1.9024710983502624,-1.67761739751799,-1.4841299450538887,-1.5661723848204863,-0.044925554493518115,-1.2316572169893327,-1.941193238814297,-1.6410912830319682,-1.3305412192761747,-1.4069909175400623,1.4709040005180116,0.1660558456753456,-1.5742826174074438,-1.8082086253596643,-1.6525132741457906,-1.254004544412107,-0.5515657396340196,-0.6609664563464372,-1.234459132340803,-0.8229090874803014,0.4737958539308747,0.8507694559255123,1.184301380133395,-0.5279203853377367,-0.8169149110126965,0.7349401600302445,-0.176321062496676,-0.4384042306247408,0.5455546741183803,-1.262319252896853,-1.3442932392647475,-0.4016360708961202,0.6863413984675951,0.38178178983388233,-1.3513782468371165,0.29974503768085914,0.4767533263857335,0.8863477832038773,-1.5970693294352036,0.9771178426061117,0.32292096085652594,0.39597695780594444,-1.4497562963651154,-0.2354097851259763,0.7248885971242127,-1.6611534398231487,1.1735808978852846,-0.8386871955243411,-0.5455607981635449,-1.5568585470954657,-1.5748478815155578,-1.0113517286379097
0.6028112458417908,-0.0597131098156476,0.01409514739002202,0.9690033431451657,-0.5716902776769035,-0.32831031169212804,0.47677017712853215,1.503834329049629,0.17230774245673805,0.23083253087748243,2.8200705120846394,0.3077005890863262,0.0047514725023759564,1.311891306903236,1.5308382083853649,1.39861206404461,1.2391442671180082,2.1169924697324607,1.3844802184830833,2.5642362006461936,2.349683753907399,0.15285148168114157,0.8856031560987389,1.3778475684780898,2.5450065627208414,2.107732901144448,0.5132864741130474,0.9004329444418658,1.1865931945541561,0.23152062624736927,1.2216459074895771,0.0589652076217978,-0.5522889457372905,1.7544981666206043,0.3318973847823292,1.0699571620817163,0.4336727335438811,-0.6742086705517841,-1.1622167052177514,-0.7828343026758884,0.31377840940399077,0.9018470009691025,0.05083473015916135,0.7821570963059002,0.6833348144402327,0.31458626133708373,-0.10870710220895624,-0.3500779362569116,-0.5642973885641003,0.011579161749586078,0.8873176357610894,0.7854629773757467,2.2271387688433757,1.336758419245177,-0.2861483822870576,-0.0323168434799047,1.0998287849963284,0.534764961824195,1.0560524033186613,2.4774443356380096,-0.38085532412792916,-0.37736504805846366,0.12540724496540487,0.7316367752868977,1.5051095711936593,1.4505905889681512,1.0744457214666483,0.7436320712630851,1.6323212188433511,2.0765988834504254,2.623105019702393,2.1040554410912593,1.6456361563489372,1.0021421629191967,1.5019854329576805,2.4633686295868826,2.569995404516557,1.4558831982024898,1.8839041926466078,1.1158144607089588,1.0757266167026474,2.4511875340099443,0.697935858554331,1.1333190179917112,2.9401792108618556,1.1696087792388545,0.40357624209570425,2.904169083909461,2.3798074835369545,0.9255372515576268,-0.20774093715458616,-0.14511364457445117,-0.5956339010150349,1.3144238587438706,1.5386903821407687,1.3702919873541577,1.9554659417649238,0.4825029374171709,-0.09855497111514532,0.48467308093430284
1.9293271234936755,1.5378170517038576,1.5182251328955012,2.6117079015158495,1.0488231491953133,1.1213695461012714,1.816597203261845,2.526437899846645,1.493236530848367,0.48973643931535626,3.000489886039393,1.570488824817123,1.3358573108175078,1.975196153995457,2.284063198709381,2.4298337737537743,1.9500156681833056,2.39403127926638,1.9635555559362918,2.3663368814803594,2.2466904163005004,1.8234337602496273,2.244362202908943,2.463775982962949,2.5853700937363544,2.995329364268529,1.9156383919703586,2.407830948610596,2.3761583559627213,1.7480033925347551,2.5981092762339246,1.3708027287752202,0.8342276124389214,2.6420752801470453,1.940353996423345,2.121426130982223,1.9957803265619023,0.745902799806814,0.354906663046214,0.7402174241445698,1.6228578394456645,2.2570690876298487,1.4583886537623632,2.062374935828395,2.1069220510291617,1.67332917495671,1.5179601429004799,1.2226079029921297,0.8828983321255076,1.3508369573416714,2.191659721008575,2.1948815171862117,2.5335287598377976,2.563251439210044,1.2895091437857416,1.2989811609736395,2.4339273514853486,1.780834707930322,0.001983106844534296,2.707405241060458,0.8729550416307997,1.0613102265569119,1.4781807474274402,1.8491484545814802,2.173881857606675,2.191830107393974,2.251957371967242,1.474788993933703,1.5228508420633868,1.7687987825995979,2.113187803874998,3.0599552218077153,2.6580472879389943,0.4983836634735732,1.8743086556389528,3.267569083959328,2.588542508601887,2.717443118894531,3.341073552962608,1.5943059229014438,0.9508877311633631,2.61462580932132,2.0256958260467077,1.2789876303128025,3.179389271217212,0.7791973698928881,1.7112351781609418,2.599747838651674,2.525261328195194,0.8981886121390595,0.8383560205970455,0.01040630894182373,-1.3142351453515422,2.96632205073567,0.9037615953208842,2.2662651134012415,2.689209279047405,1.8253765807409554,1.133506778304663,1.3258433639974165
1.323050780461123,1.5210805895082473,1.4182588911619751,1.7843737946697298,1.4562693056866514,1.3252572608888136,1.286465873600462,1.2367697734690628,1.2397839085841267,0.2814775186353793,0.7321461777894293,1.2452507111021163,1.265712653370763,0.7804749634860777,0.9264353886125798,1.1293454238953204,0.811731541019786,0.6406060018188858,0.7172117752811065,0.2723414821882739,0.2814944211834036,1.621637864217174,1.4428434178377731,1.286284935556447,0.6388726239006584,1.2034080277647805,1.4080973920026594,1.5424285749552031,1.3218688545486335,1.4380257272522077,1.4756833786514396,1.2065080280688807,1.1498600547752924,1.1546510614857801,1.627279154296241,1.1425574614321745,1.4909183376979311,1.1889043400570916,1.2019976110460557,1.2829697508810254,1.2928672003355715,1.4410250600992704,1.3778775863885062,1.2892382633393562,1.4760091861641986,1.31470107508117,1.5378374045618266,1.413807203081592,1.2200563486467852,1.1817041277826033,1.3188752499471046,1.4453223643420094,0.5501403058362012,1.3759211135765403,1.4470668962950373,1.2230396491438618,1.4629192567767193,1.2433788155996215,-0.7912733831970844,0.6452495092890573,1.1582058432358084,1.3131876405386425,1.2785064031311373,1.1557705710690214,0.8520013133024023,0.9213805366073584,1.2389936466094142,0.7525782481243215,0.17106688854511878,0.0785115679119775,-0.025034945871793817,1.4563177448022333,1.3013457749626463,-0.32660570763247176,0.5911330063495278,1.219847891989458,0.47152472295544956,1.4256734637863742,1.7087293450863597,0.6729788754670438,0.3257541784633178,0.6414940701708717,1.4531432339035615,0.5495432648112312,0.8369151387049428,0.04055139088723013,1.1946978208472792,0.23005207674517283,0.5240064291547637,0.2394445545334491,0.8463776183279387,0.14327637873606602,-0.758578999545063,1.813833561988779,-0.23225850281184235,1.0061174487300801,0.968330894087195,1.289072564360119,1.0744559560824167,0.7294383111391387
-0.6977047968552784,-0.022220497839058908,-0.1507499581842193,-0.7938263123190391,0.3949507662614209,0.17020385130950647,-0.640823181650983,-1.3201968694550503,-0.34634882704636344,-0.22300773514710645,-2.215667662107321,-0.34382185759263595,-0.10278736612059851,-1.2999836676102592,-1.4178353266489319,-1.4187339056953614,-1.2281245683683548,-1.7934805784997245,-1.3595061679474272,-2.1435374515573535,-2.033095256587014,-0.23550279941472435,-0.84198473391274,-1.1858474855267063,-1.728681158961499,-1.774684259688833,-0.5975478222364101,-0.9565451789419388,-1.1074284110890789,-0.3837853020764194,-1.1893302798658636,-0.1899308424245595,0.21797650464068674,-1.5246339526158006,-0.3205353803928337,-1.1028364348523565,-0.6144353116383376,0.3615201456125556,0.7668827962232423,0.46610012713688165,-0.4084272475373276,-0.8289085679907099,-0.05741445228968275,-0.9029255645683852,-0.6687834640389342,-0.4488939766363749,-0.018819222400061366,0.11007226412620774,0.2160370880890456,-0.3400792227579052,-0.9646980307164335,-0.8163626602465499,-2.1153512413605027,-1.2446097523746473,0.10724383759976337,-0.15910258357267978,-1.013620484013177,-0.6225002208754447,-0.7396115557215363,-2.049387013092247,0.29722400713979835,0.23249014660097303,-0.24596695372058303,-0.7388776060590377,-1.400029999909164,-1.2976960443829717,-1.136392990595266,-0.8064030835578946,-1.3650101469454983,-1.7200226441968325,-2.1677393898043396,-1.3832104482772036,-1.3250859802533754,-0.7721458342335383,-1.2789304461959614,-1.9826987185315406,-2.1350558119430305,-1.306364200388365,-1.6390970569932002,-0.8201011282156376,-0.333086462481585,-1.9754527541136873,-0.4490217755357502,-0.43857952854627535,-2.2969195713200503,-0.40892648966139533,-0.672632073389829,-2.332572512877775,-2.098667662977734,-0.6310557552313778,-0.09916624686837086,0.16841800731370468,0.6035727751578561,-1.1686269958301179,-0.9397690740245479,-1.4112955709870814,-1.7819370279334983,-0.6737757296144767,-0.2019091582624897,-0.842055927910827
-2.3275316749656234,-1.645084474875215,-1.7368184803451485,-2.8072160069101924,-1.0978940359848306,-1.250431616939003,-2.2207112470367427,-2.90085645366424,-1.8228366896481332,-0.5959790642090849,-3.394735491964699,-1.7569918892528669,-1.519459225122534,-2.480860139203438,-2.7117864610257163,-2.9864782316219474,-2.4033941464975546,-2.868008776546997,-2.492838711363135,-2.9214994674443626,-2.7947024397657687,-2.043999636374986,-2.5871118787611302,-2.7527968797921867,-2.5220100006252544,-3.332358038899787,-2.307947296894277,-2.849123842053947,-2.748474328698878,-2.0577839210805524,-3.03094846517484,-1.5160855886815539,-1.0545169973835304,-3.091914850618241,-2.1402476955785437,-2.6610757769019906,-2.4106865045302257,-0.927390617796686,-0.4577366853345694,-0.9027826065937454,-1.960907925954813,-2.5230025653899495,-1.523123846223393,-2.5643063228901166,-2.4108587330787383,-2.0275755984053996,-1.7101676320064216,-1.464487503282914,-1.1681043058974292,-1.8299644351192719,-2.6260060957845335,-2.5720544978376583,-3.1848014119005805,-3.00522160207958,-1.4700791528625032,-1.57814237522786,-2.784437101920192,-2.1495636305127497,-0.0030824313528091726,-3.124956732887785,-0.8841589146810792,-1.1555235409124862,-1.7018328998548826,-2.1552864396344407,-2.655596099481643,-2.540019168557078,-2.774275078234802,-1.838745184629311,-1.8061555777552885,-2.158444341129545,-2.584694084095964,-2.960484451979062,-2.934258871217998,-0.4899771277304647,-2.094316915883738,-3.5443206856255696,-3.0397840735477075,-3.058353782183395,-3.725282669300142,-1.5740738866496833,-0.4442623219140541,-3.0729436294843557,-1.871744281456963,-0.7756520659269112,-3.5843496530408787,-0.1814428532552359,-2.197665629401102,-2.9597316148098547,-3.1578243278860354,-0.9941621980151021,-1.1005202909717269,0.06989154304937568,1.5417233348807444,-3.303491084458078,-0.6351790428700996,-2.8787686820745586,-3.156323132299168,-2.292411132915706,-1.5289469099551032,-1.9908714316953358
-2.0806331612110514,-1.8709611467727412,-1.8962843734404924,-2.4124063653295584,-1.664179542132838,-1.6433411423868158,-2.013541962624175,-2.0578092110181028,-1.8499870777581422,-0.49441072461657576,-1.7314619460809864,-1.719147799811078,-1.7057606898272288,-1.7142092250469882,-1.8014439002959068,-2.164650851290593,-1.6752451569887963,-1.5980100228817695,-1.6687092046801189,-1.3358141993613832,-1.3174512408669643,-2.156480693766803,-2.213257398706951,-1.965538419279014,-1.0162490404684985,-2.067493332587515,-2.1476318769131466,-2.406932573667822,-2.089387486117558,-2.078722893591547,-2.381586475254312,-1.6055973824959597,-1.5284278608297595,-2.1252683022415284,-2.169057280139978,-2.096808496796941,-2.266756557484804,-1.5153872378052795,-1.3618065941462763,-1.580080008622543,-1.936731782171986,-2.111487488102561,-1.702427807729881,-2.16814484102763,-2.165172540171867,-1.9787805825593239,-1.991710620703505,-1.867759569034745,-1.6662143346657043,-1.9185203601748517,-2.1719407191291387,-2.2288955295516173,-1.7010957460263167,-2.311164591350286,-1.8433699211841554,-1.7466298383468621,-2.215142040973402,-1.9486539030976129,0.7443716730511056,-1.6406612540065797,-1.3088859232516403,-1.5917814766113119,-1.7851502035511275,-1.83102813903091,-1.7904225427598264,-1.7070752455877103,-2.169797773494915,-1.4350586970329282,-0.760182588426291,-0.8160024709142748,-0.8862618808894694,-1.8229021867822508,-2.062115077202893,0.23357434739576896,-1.1131919521504052,-2.047065850380346,-1.400988358228958,-2.261739544699234,-2.6415848603856524,-0.9449240080052164,0.14852004061959354,-1.6183811652194324,-1.491287767348644,-0.11671772036293039,-1.8105496977966087,0.506600451301475,-2.0024981915436375,-1.0843986992999066,-1.66307969458922,-0.4248075243107647,-1.2781000087522258,-0.06737496649882843,1.1926828219474455,-2.622665432841986,0.40057698086550025,-2.039693412213748,-1.910682034940149,-2.0687868021830247,-1.6954036240959551,-1.6327881418806889
-0.2122196089515401,-0.577691282046766,-0.5532876794068087,-0.007495962004244354,-0.8821736114753672,-0.7228836090321137,-0.2586244536345205,0.44804257629231753,-0.45301137792852425,8.76770007208963e-05,1.37803059600299,-0.32075347342193855,-0.5472177211343872,0.3110765860212115,0.476452426050616,0.28598663491422455,0.27887001802169326,0.9521948758837498,0.38653624597705544,1.3248768689345813,1.1593376110953133,-0.5347239418647421,-0.08457494037812055,0.4381412057600108,1.493760883403043,0.8573243257709223,-0.2774835534591971,-0.07099404079261509,0.24959726383972075,-0.49724175007879845,0.1341270471123153,-0.48316892391336547,-0.8702551543778259,0.5346952061689052,-0.42100931022985594,0.10463672861496864,-0.3739270754930436,-0.9528535032421696,-1.2256711182365307,-1.0329269543348556,-0.37063921248587417,-0.016433391109653517,-0.504659802454345,-0.08899410938747689,-0.18567366808704527,-0.3816673455190987,-0.6699057899281211,-0.7963511516325589,-0.8932289920711189,-0.5606059414131516,-0.06353293350615058,-0.1355653600094609,1.0176011817118236,0.20347863186052503,-0.7424826821883318,-0.5672589151369394,0.16001379452150896,-0.2301229549001377,0.9156974414916657,1.1114892094212927,-0.6554703311562672,-0.7529415257540607,-0.4904220979105447,-0.10421763843424418,0.4288390337306509,0.42836072871491315,0.11967478748641071,0.008732017292229645,0.8697327252445313,1.1996015788865726,1.5200896183517134,1.002141317988538,0.5121543412865105,0.7479348467640641,0.7510898673519351,1.1511079237058612,1.3816852689716574,0.3132920954021859,0.5972707617524691,0.45073197944864263,0.95242910138544,1.208552653616728,0.24620333897647348,0.9357593410238765,1.5457486589267362,1.0293333882009184,-0.324915701080763,1.6894203027296,1.1481301332075984,0.6674366974430977,-0.5646375959916684,-0.13216348251965135,-0.10591336472510468,0.22038000119067558,1.2537007819499146,0.3675383895090522,0.8136998991788664,-0.23416646590410656,-0.5930406069566244,-0.08442418361304617
1.466426276029876,0.9083279689112085,0.934804687601011,2.076549759163213,0.38501999373427986,0.5436469512577755,1.3234603400775846,2.265241841632731,0.9898739656059587,0.4129846786232138,3.142723121281688,1.04898231782193,0.7949529413337276,1.7295740599806184,2.003958811379806,2.062344638466654,1.6346172116148059,2.492685170196573,1.787982832275675,2.721570657784381,2.450459462922944,1.204217811216869,1.769112341381229,2.1500472907656354,2.7428966688020737,2.7141356288195015,1.4922007649357585,1.9056090821788634,2.028603388399123,1.1278370335930568,2.1179807122535013,0.7096251578264141,0.19242259185068347,2.438542600435283,1.3876011817691876,1.8761563967449209,1.4097482897796647,0.11795796242579844,-0.3198754052627905,0.10201304423363088,1.2119554840019733,1.7421667817957824,0.863594359444993,1.6749528255286672,1.62123857890587,1.1998248231769246,0.9131387786125752,0.6355470613421907,0.3139298018694609,0.8893215047639298,1.6704433097716385,1.6913158694893689,2.4872190771453124,2.172095587618075,0.691556324154316,0.7752060496726126,2.064288371973009,1.3506673897487829,0.46426778959017806,2.653770051041308,0.35799109304808696,0.4679280633872958,0.8903533082981194,1.3709305741251658,1.9581765114498555,1.8802700767853304,1.9084759914446814,1.1294394008480426,1.6399169190200449,2.119125536334298,2.5420019976512,2.8619588421253996,2.3872756549990997,0.62346454789595,1.7333693979666849,3.0702417984503314,2.7992087306520412,2.2271358630921285,2.912461639530307,1.2950028601845494,1.2316479288602644,2.8697008408187346,1.5888796069729523,1.3767982201792188,3.457475721944571,0.9372943175562393,1.1937596117954585,2.904114578595649,2.7490950414214224,1.2553237117860379,0.2832157743171407,-0.08810388711021282,-1.1093390112870711,2.483927828621189,1.192891486914833,2.0823334949502885,2.4668071574246175,1.4080190878872312,0.6658994151588132,1.1527601437533068
1.3394783986499028,1.1455739015962279,1.1275469752004081,1.8381515074466426,0.89043726685197,0.9195756961229379,1.2109065071349299,1.6777399821784091,1.0911878022586121,0.34383815206409396,1.9360301930747306,1.0737619287967846,1.027203618804212,1.2286269584419443,1.372122151631778,1.497652366555845,1.1345439773041948,1.5982135800547468,1.236394597848911,1.5704740816637728,1.390064006966206,1.377391369588659,1.5860543091286567,1.5326040842564166,1.5937607732131456,1.7854744074977462,1.4511321503854806,1.6303200251816548,1.5541089351401762,1.244808445847408,1.6937066945146038,0.8508201621338243,0.6277019327596275,1.8044420940781591,1.5082458458896169,1.5221732501103025,1.3723372447338458,0.6421499655355238,0.44142920012529924,0.6985018648360033,1.2720213092690937,1.4951061831662915,1.0895298828778957,1.4252780543119377,1.5289791799937833,1.2367734321731145,1.2135775695786857,1.0194275377746131,0.7614565265866459,1.0116040230855443,1.3862426139754793,1.5082169705789767,1.3680331168861652,1.7355864989169782,1.0553509498155655,0.9825363512933993,1.6710858936993367,1.2811118263727883,-0.13797604579927436,1.592757606986575,0.7285746162872345,0.8749339446477391,1.0355392236901066,1.2059122237727558,1.3795199198105657,1.3151897657942035,1.4787433944784172,0.8829499238884292,0.8722262384649404,1.1060787283515385,1.2706181520559348,2.00783925510939,1.799254942399769,0.030030339550876393,0.9248045734321082,1.9305979637490487,1.556566751564778,1.6934122217651517,2.1162131269745834,0.8302746762129722,0.7186264897025728,1.8022790550218764,1.2622039715744104,0.7953025598045765,2.1449016989645484,0.3750752635827154,1.1063446162414554,1.481242197650496,1.6435563114034468,0.7060636179282063,0.46150874421708993,0.019418225804038063,-0.8580440258311866,1.995934557837579,0.3316310215435668,1.4675496745556744,1.5127915445425404,1.2526283882337075,0.8515193953902686,0.858404594736238
-0.38785875049292295,0.013859675412696443,-0.06350291283284293,-0.37931973800074353,0.24399246162234187,0.13123530065018832,-0.39451456323551454,-0.6829399765809576,-0.1694036409564432,-0.10351481613559148,-1.0525428391883038,-0.1670470997750189,0.008398237771888244,-0.6656119841077729,-0.7360295045027215,-0.7817682481687517,-0.6753001724661724,-0.8684388296189391,-0.7022220620129337,-1.0438748140315082,-1.012864461218556,-0.08731150588255696,-0.37989839485215166,-0.717761567146814,-0.8072669423962329,-0.9452191891161079,-0.2894306009348038,-0.5380458582893561,-0.6185581931094695,-0.1679342050421235,-0.626557333809874,-0.08235641859099226,0.10720194295940619,-0.7140689893599397,-0.0897220163011658,-0.5675499294807471,-0.346231897076006,0.20015092640604357,0.40955261567137285,0.2663484847002817,-0.18563500249573017,-0.4156110561438256,0.046721334334326,-0.5223566409369453,-0.29002431191535927,-0.2313792890128454,0.030335941544130055,0.06790314699879385,0.09967118727717096,-0.23882401201250156,-0.539142553385391,-0.41523748411212535,-1.20554762628359,-0.6046910009032809,0.08570699636399177,-0.06651769592372014,-0.5580472367649545,-0.30432843396668624,-0.34983353323284366,-1.000672834520161,0.18727802967594465,0.16453917898740836,-0.10269705950911474,-0.3561877899420797,-0.6972634700584639,-0.6435030354188862,-0.6804404127896051,-0.43536716005205334,-0.6950513409901861,-0.891925450198115,-1.1015739872317547,-0.6473815289053594,-0.6221294042901175,-0.4461348918962872,-0.8064411096422841,-1.0720637176346206,-1.1162253335241468,-0.6687321424697558,-0.896281660662007,-0.39962507935144576,-0.09347481926443195,-0.9575507419905306,-0.26343905259090433,-0.19707605645000179,-1.1146783650004726,-0.08945450626854816,-0.40998284473417335,-1.20431805264633,-1.0996653601553947,-0.4463024067368116,-0.1013882165334811,0.12292596524564046,0.3718508314899187,-0.6537854700855119,-0.49535916798544477,-0.8265126406711631,-1.0324370423907157,-0.4606367670257122,-0.14208335704346306,-0.6309931042415283
-1.917112814080361,-1.2357111108191967,-1.3446424109485846,-2.262048497414488,-0.7767182938939168,-0.9236446496889934,-1.804685090457447,-2.4458291680119744,-1.4587886588815613,-0.44181998279767265,-2.9089642357646497,-1.3367707822804002,-1.1578516499282128,-2.085192748948339,-2.221141568670447,-2.477157561519501,-1.986207040456242,-2.5240920301239185,-2.123640047959529,-2.621230741226043,-2.4730534355377514,-1.6258071982955187,-2.120152140711982,-2.2874090763302393,-2.11511367569845,-2.7619558054278164,-1.9210496998665252,-2.364316809912715,-2.265131466508367,-1.6249257882684855,-2.471677625908573,-1.0734970931836558,-0.7459564566261323,-2.628976349530866,-1.71962749860194,-2.2789177230560216,-1.940986300671506,-0.649029185239805,-0.24327378842271244,-0.63499972084647,-1.6310432321846469,-2.010756857713711,-1.134188651669888,-2.1598423855924556,-1.9554292634766817,-1.6612232250903267,-1.3461910227681322,-1.1529145182704739,-0.8924891895521114,-1.5197825560621567,-2.1159823870445154,-2.0878933740455503,-2.7073795481288494,-2.4779947161653073,-1.1348337352826325,-1.23872887048995,-2.337631255672002,-1.7678058962881473,-0.04415780777305467,-2.5999585388878175,-0.6032794644561115,-0.8385346393392274,-1.3038413408843934,-1.711127083749459,-2.216723913606779,-2.0406452037591603,-2.3574983989459555,-1.4929658205946976,-1.5835005801126336,-1.9821826669733043,-2.340447188789911,-2.4294083672683384,-2.4539271856746367,-0.3753537153936122,-1.7036835864630322,-2.9438437032607356,-2.6222003309708684,-2.470903204784136,-3.0567037219151887,-1.1341505183199883,-0.41680192773302954,-2.7064653106601613,-1.3472191637200388,-0.5893189355226106,-3.1507946169708836,-0.037541244918516445,-1.7751937448278585,-2.5898058888717785,-2.807719150763186,-0.9965466716615087,-0.7575376144670121,0.16050830413455264,1.33781886233738,-2.729063568315434,-0.5320187167887266,-2.4846927154311955,-2.613089259959645,-1.9156690107873529,-1.231359476853875,-1.7604519916622714
-1.752676464296949,-1.3484498838685237,-1.439054258772192,-1.9600663591282703,-1.1207454952808449,-1.1787414510083851,-1.6335744810842368,-1.913632668620625,-1.5008325320063385,-0.34647055138620036,-1.903676062555505,-1.2916269079559792,-1.3137918449563406,-1.6892146221641413,-1.6933944977955468,-1.9723182102794241,-1.565389841048376,-1.8104455991353055,-1.6859030525995926,-1.7008093582591226,-1.6472109584235575,-1.703652335274548,-1.940096277366445,-1.6684391397843936,-1.128974581349351,-1.955645983366639,-1.8336101580371595,-2.0606112214852765,-1.8113196527223923,-1.692397147653846,-2.06439878365205,-1.1638247346392503,-1.0726270595804506,-2.109271889573952,-1.7604177885558272,-1.9469169554379866,-1.851637040916996,-1.0327315721118013,-0.813712204470881,-1.0705295432208082,-1.6304377870710947,-1.74257053245704,-1.279215631873908,-1.8856066618323528,-1.8357780756558244,-1.6383454620320947,-1.5330255452570707,-1.4033576485250505,-1.2024171701903281,-1.5534081423947088,-1.8217863631729014,-1.875860891377967,-1.7474915696886735,-2.0717773234376637,-1.3687375385749776,-1.365666842952185,-1.9285473908745012,-1.6682776075345922,0.4186871455685776,-1.7379240470733446,-0.8338550828451046,-1.1156943213291388,-1.3860740219001617,-1.5582357882868973,-1.747894059959342,-1.5734563888693294,-1.9195648578236744,-1.284064944174195,-0.9904700724633843,-1.162596072030451,-1.325865697867549,-1.6338292882462966,-1.9365214084784852,0.11605108705024525,-0.9457660527135271,-1.9306517724682422,-1.591544923882074,-1.9961723272478147,-2.297609674354414,-0.7184085309000745,0.05481822916752167,-1.7976972743092974,-0.942180072040595,-0.015149492288177554,-2.0516427033458924,0.4226160563487097,-1.668790838798504,-1.4215711214348545,-1.8751924350939155,-0.4037132547298944,-0.8770605500255636,0.08940772666963301,1.0973735159849918,-2.211847781993713,0.19213730151538436,-1.9117994705833383,-1.7573656451985193,-1.675338591361633,-1.3290661010684817,-1.4232809530413038
-0.22003369813081136,-0.3444706532162336,-0.3842209058335741,0.03149405377165478,-0.5451393066315489,-0.48658527772130616,-0.2076419000667683,0.2231163348094074,-0.3722792365006947,0.021925844643028543,0.7876853789777161,-0.22798645368997125,-0.41669946855336043,0.005250919896474444,0.15979932289905763,0.04926616801751087,0.023810830273250063,0.44570302032046843,0.05576624417382887,0.678287928431289,0.536865976418407,-0.38089455053336085,-0.16762682205695192,0.31600687059977167,1.0261971268446042,0.4825618945775514,-0.2569444222726449,-0.10417366052480981,0.09255004512845935,-0.431678040910178,-0.003770589380468786,-0.3897484755821379,-0.6418798511903794,0.18248724434943334,-0.30979224374842773,-0.051031649671532654,-0.3366883883049469,-0.6570781655156516,-0.7994161853704618,-0.6936298572853973,-0.3143402261573524,-0.05108785636379229,-0.3552174827244352,-0.1375993213788539,-0.19811204556288836,-0.3202084919082061,-0.46938206736985244,-0.5473645255357213,-0.6258077409248626,-0.4401302642676144,-0.1290780451309134,-0.15550784855649485,0.5494760574246094,0.04206660500200925,-0.49484844509762926,-0.43252222527172624,0.08924551332586433,-0.2280431789618122,0.5857777917736781,0.5582510918408569,-0.37898636905751854,-0.4952871217701489,-0.394316929074859,-0.1931185373428792,0.09845928464211678,0.13482337784080073,0.01966147569546723,-0.12843812936919421,0.431450991766779,0.6742690071280157,0.8387188641127191,0.7622351527287768,0.25617871860365543,0.5072737026185289,0.5467430897782234,0.7416307242037985,0.7743774608231178,0.0966721594363687,0.37350788481760744,0.2835550685544955,0.8328303232725291,0.6991688449968996,0.375816551523534,0.8820039251705498,0.9199223971398205,0.8160931738807766,-0.3501566045253624,1.012537783385558,0.6145860950346034,0.6094083324982807,-0.4559367119871425,-0.053079208309464526,-0.02881161572939543,0.15117997249365892,0.9231823569183065,0.14556051755882254,0.4637273480580526,-0.16139909609853134,-0.45758723961831843,-0.1091399474291512
1.012176628687809,0.6370926083886399,0.638233056624111,1.5443944181986264,0.2530031657528411,0.351995885125969,0.9060886707720166,1.6946234590105498,0.6842089562719925,0.2629843202620295,2.386560969035953,0.6775949452384119,0.5355052476669727,1.2263617331761005,1.3960378949117114,1.439169152518235,1.1036681325391922,1.9157525592136742,1.2842591221669193,2.086303196208124,1.8521582592489312,0.8741552189407119,1.2958689834601602,1.5211082406951721,2.125498354469757,1.9861999397048336,1.095709524502737,1.3831666092720243,1.4065621526198622,0.776235673526993,1.5030809355488681,0.38641907523433366,0.025252918762325518,1.8453849761064995,1.0394364820921926,1.3858235451125247,0.9459559075328907,0.004204685733740072,-0.3104928060556527,0.01233413333242105,0.8759964150487104,1.2341837280042374,0.6072230410497417,1.1901550105531558,1.1885883296710007,0.846587170132937,0.6467420363590324,0.42979038658608926,0.1496615923166187,0.5766316529203394,1.132643514800585,1.2101093962792828,1.7869500247333285,1.6124315385458228,0.485043082170832,0.5183762839459375,1.5366189449116952,0.9913059641544196,0.35669613106489684,1.9235855858347228,0.20697667718220156,0.29395120448157025,0.5721454068267262,0.9207028898744146,1.3936034319052868,1.2968359863582903,1.3638795493388267,0.7445085380947261,1.2395579046115948,1.6540047360504866,1.9604794001689694,2.2177165378832515,1.8065105862096518,0.42157682403394753,1.1827324754451685,2.2581553418420923,2.041721432274655,1.5826265402624542,2.1018970727462065,0.8166638623468176,1.1107332806870271,2.197890407056432,1.1595916874698744,1.1480471862439798,2.690547618067646,0.7793082847521412,0.7460195403315043,2.2255388990978484,2.0786489749723525,0.9347374909376931,0.017769668943309568,-0.12390821006190156,-0.8264274193155922,1.8022594267371776,0.9394824617305997,1.492491783149355,1.7019181411330793,0.9515958942218945,0.4014659140898323,0.7388438133015897
0.7580551354669857,0.623767886962653,0.6230920192047673,1.1062235521110464,0.46072056545353673,0.5080751160862301,0.6266172523297311,1.0715639173916798,0.6271488387133999,0.18873270806204764,1.4114832570759572,0.5788089516472061,0.61339829570341,0.8061952403697532,0.8689549756015101,0.8816161601033092,0.6628619536846803,1.184619601511127,0.8231432065878262,1.2143953407942805,1.0573661183329093,0.8069505553607124,1.0166681500718855,0.8142507936998425,1.1607335683876323,1.120175851522972,0.8933230922611556,0.9368614427549298,0.9046531712460429,0.735225945944646,1.0161997937976666,0.43236349495820386,0.26995273038261486,1.2622321214573349,0.946201862246449,0.9707344215698505,0.7565715300100878,0.28667908932398417,0.13739636081276652,0.3296792929051607,0.773138195429138,0.8815867116906363,0.6567705700672316,0.8099509546556232,0.9677733965720717,0.7167036601573556,0.7006738426725633,0.546491471108495,0.3555448344820398,0.5035967853491402,0.7638960860957099,0.8953228773467528,0.8163738161473659,1.1149645012030511,0.584968861604026,0.5498982449019514,0.9946043625216922,0.782883768464194,0.03128199926779994,1.1177178115850002,0.3602999925886712,0.4698006696690997,0.5767042565082098,0.7274960332705603,0.9194791497798673,0.8475398387768639,0.8121242071328266,0.5096927729132686,0.6642955245634526,0.8462629530545457,0.9990048759128017,1.3329135679766002,1.2115110306711774,-0.0072082665597499864,0.41417476795313235,1.1942897928834773,1.0823780973016768,1.0401466232889138,1.2575911089776721,0.4740415213352883,0.5949215150036182,1.3137197556637017,0.6812569121005013,0.5382866413305538,1.5797032974067313,0.38867011098704707,0.5746915579752726,1.0882084806418497,1.1460442121577774,0.3398868505047739,0.13097731113973446,-0.0065489735509676695,-0.4908787899531683,1.1540345176007607,0.2665374951701527,0.847571718543489,0.8438017589366699,0.6048644232462626,0.41755490406452667,0.3305542358772702
-0.5517157048528822,-0.23909489097969602,-0.28368348295607493,-0.6173790016849704,-0.04441828521412998,-0.07758772040760938,-0.5948425519273943,-0.8182298528622849,-0.36292724163496337,-0.05149537525443103,-0.9079018705332118,-0.2728703089163789,-0.15320388147354877,-0.6860106217569235,-0.703407108843904,-0.8510654148897325,-0.6933209989083856,-0.8398409573885645,-0.7166879800155849,-0.8631702679894621,-0.8847081468605025,-0.37353921776824245,-0.5569640547977718,-0.8550529922878545,-0.692419241201591,-1.0147986189963951,-0.5001543216288873,-0.7943028257107101,-0.6879385133203919,-0.3874189638035292,-0.7546147621775743,-0.1890089231418579,-0.08339449075795852,-0.7920289244671544,-0.3459093473803902,-0.6935091463449345,-0.5386716103470574,-0.02604597983792314,0.12935350740015797,0.0068938370041660155,-0.37647807054948773,-0.5618248383369587,-0.14957396081033725,-0.7064643964992082,-0.4731348005282549,-0.4344583051957382,-0.2387356255640625,-0.20689341791858873,-0.12384576900140258,-0.4460913925903966,-0.6684606572843022,-0.597268714191284,-1.1598945844621773,-0.7457062426693013,-0.18769606330311284,-0.25897272122325365,-0.7848085721374327,-0.5026151870150513,-0.0441298366679831,-0.8267043068524471,0.021439481969751158,-0.05171887344643705,-0.26411963316627834,-0.4295718551607735,-0.6736447092686472,-0.5818265777124918,-0.8696995878734499,-0.4769822573642648,-0.6211683980400613,-0.8003559825390001,-0.9133068809506183,-0.7637954352560793,-0.7311460096327151,-0.2982049898121898,-0.7911819720773345,-1.1095364044461566,-0.902639568796851,-0.7760939624182454,-1.0131352981736235,-0.23731265212085698,-0.14427695076742028,-0.8236886648215718,-0.3922297786064249,-0.22859660615332666,-1.0428027173684586,0.06839226195504097,-0.5376249561584474,-1.0568271093133288,-1.0161141531492155,-0.3955986038414452,-0.13814929549633698,0.20562935968932644,0.5442368732319038,-0.8755057525220215,-0.353482922473256,-0.9231716732693483,-0.9865103691211942,-0.6508172501284409,-0.3062329886168391,-0.7453289005367751
-1.497005444861395,-0.9837524501237376,-1.0810685779150118,-1.7206507564440494,-0.6808331227444672,-0.758228323754495,-1.4132123669740548,-1.9043581055084031,-1.1989742679456172,-0.21431065500212743,-2.082418728570917,-0.9616677841353725,-0.9319259120452913,-1.6484264061958558,-1.6443707390118005,-1.8867453769496525,-1.5146819816533474,-1.9708200302663494,-1.6809779974615586,-1.9321648206828634,-1.8954263951561388,-1.3548637668140056,-1.7074255632806807,-1.6593324890328398,-1.421013255897934,-2.0869691261112537,-1.5570876453144598,-1.8964480483311945,-1.6606994550141307,-1.3604656212081572,-1.8854192245104406,-0.8149940583650348,-0.6506768236585048,-2.086702215503407,-1.4089536936222793,-1.7981188380544728,-1.5309695238157135,-0.582668235329177,-0.30242227728532295,-0.5872120337274702,-1.3192156064787108,-1.5206463143124476,-0.9221798547374764,-1.7019346350761038,-1.5584765983835436,-1.3461583336667227,-1.129767327084084,-0.9897344792632606,-0.7609628142759948,-1.2340344172589999,-1.610322937543886,-1.6333465576643038,-1.9961191166915666,-1.932575648797264,-0.966566003578566,-1.0209818277850167,-1.8348721548921207,-1.448200056473698,0.16750743744005428,-1.8448107672668652,-0.4346630838232027,-0.6915152580852095,-1.0389064549046276,-1.3141273217145577,-1.685611394244714,-1.478382373049738,-1.835282555198223,-1.1617936981937087,-1.2321442023694964,-1.5041420499366156,-1.725867017562518,-1.7562580023193135,-1.9015287694412646,-0.14229587083166312,-1.1198966720051688,-2.1361464303989917,-1.8121596429857907,-1.8922683478358757,-2.2367111669750472,-0.6000214119705154,-0.25261469843212475,-1.9271144209430244,-0.850792158133885,-0.27094408688483895,-2.3343397646538784,0.1668710306514429,-1.3967137486335597,-1.8844707564682752,-2.079757499098505,-0.4903822939283666,-0.5302512335018894,0.2554300527040227,1.1267991748099047,-2.0590317473215305,-0.2379826209284361,-1.8967693487038635,-1.8270921918007312,-1.4435733176707921,-0.9867772033279791,-1.3245274950202213
-1.1869103178011589,-0.8789541593346979,-0.9930459424119007,-1.1375254566829538,-0.806557915737618,-0.8706849448325181,-1.0506387340799768,-1.1250832565841689,-1.059362182124675,-0.1951309538139317,-1.0169861752092724,-0.8665948142821681,-0.9666448841373776,-1.1505910937778094,-1.0843792134090635,-1.2567175318388428,-1.0416215051110793,-1.0951042307420102,-1.1355873009720345,-0.9895278283706069,-0.9979957219214529,-1.1552745858005096,-1.2993143200452517,-0.8796674048565711,-0.35203623507619164,-1.0642045061843843,-1.2381085520381205,-1.2855013579593255,-1.1328543656602064,-1.2145395051868644,-1.3031770973574157,-0.865340358458104,-0.8843847020988679,-1.3394333491980328,-1.1827564379818212,-1.2758060680883283,-1.2773687722323968,-0.8366207228537997,-0.7180854682278063,-0.8613795151560685,-1.1413202167101721,-1.0860256593333009,-0.8957901453758239,-1.2260133259076045,-1.2219941369926823,-1.1321715430672852,-1.0892969811258157,-1.0262902939277827,-0.9430243609212464,-1.1134308273709523,-1.1833978006421408,-1.2122475834970563,-0.9231445640244483,-1.2813087299958945,-0.9734912975633312,-0.9916919014675952,-1.129770269657201,-1.112083070037957,0.3974509859379088,-1.0124599265123753,-0.5904817359026695,-0.8262355387064291,-1.0053860036538271,-1.0940100611398078,-1.1612698974740852,-1.0236879324418238,-1.170384503142969,-0.9023957048504034,-0.5617417132990343,-0.5804110479443079,-0.6676558213331711,-0.6811001268083505,-1.1509012311652116,0.26381725591722294,-0.3358520685078098,-0.9263726261117453,-0.8546168979742041,-1.2365819803717188,-1.280250488022232,-0.3858211903386726,0.4182253018631446,-0.9834195193677137,-0.27514050754106995,0.4492494502518462,-1.0488842048344873,0.5804830799022721,-1.2024886725894288,-0.6045917892674039,-1.053270441913023,0.006300689111169137,-0.7291424077318363,0.04065183431067411,0.6645944839199066,-1.2797776659064948,0.4767817504569543,-1.1674334475896933,-0.9633248685180421,-1.059240627180891,-0.9878660087735381,-0.9187778564760825
-0.06765238922851644,-0.11537991154325503,-0.1900345247153211,0.343334510841045,-0.3286220570197192,-0.33623708708591227,-0.01359057060375143,0.5111898104267893,-0.17399809088973237,-0.033676211654866284,0.9493224320822196,-0.16203664379517146,-0.2718260321993523,0.15655636946362378,0.24820532273294832,0.20954709971615326,0.10265423512624788,0.6829668302395421,0.21263798306225798,0.7870960979965123,0.6898057674073402,-0.08917571963333766,0.1023743270946495,0.4669254716022296,1.189199313700755,0.7536463590254714,-0.001552769364404885,0.21884563244478453,0.1843383211038184,-0.192360665731785,0.21138562919485293,-0.33045652255478924,-0.5539248740968724,0.4824228075430733,-0.014993618266773366,0.17226111061608215,-0.16210104140938522,-0.5337158398170736,-0.664801366697824,-0.540612526025479,-0.1271232833593729,0.14635375537757137,-0.15903647474656954,0.07167283407459304,0.05874225046414431,-0.11937282855105655,-0.23773277606071827,-0.33911145734313913,-0.5083496298977116,-0.2985847254155186,0.02576961307387173,0.08339607394956372,0.714919389783595,0.350010575682047,-0.26469090417237495,-0.26479010471672865,0.40073484948444377,0.03628738400778309,0.3968009732874341,0.6192412926864118,-0.30706405910476764,-0.3494474632667494,-0.26329231918562646,-0.09278287149949498,0.21319409684227794,0.18513916053495283,0.2440302257246562,-0.05468038326985999,0.563778229702348,0.8311789903996012,0.9618096778285227,1.099718459564802,0.5479977549879765,0.438874395261332,0.5743013468247352,0.9909196073021774,0.770431180514167,0.32799999925024825,0.6116548296258335,0.11544351744517867,1.0548087075504846,0.8152426797840787,0.5921217825315184,1.055219054034172,1.2021833669132018,0.8310097910371635,-0.2565732531843742,1.21048313083253,0.7701610085499522,0.4536130631793308,-0.5354820306741307,-0.18251673615721858,-0.24226695178664645,0.4268115951905423,0.9419410730122646,0.31446313156700895,0.49733110153303445,-0.03828194798459608,-0.36620491065940286,-0.08140492274267258
0.6532693005161989,0.47545236070034835,0.46425444978280206,1.0698788693609225,0.24432218470316,0.29966221373875496,0.554717621963649,1.1426612297206438,0.49112765788132234,0.15832526305401085,1.6317008260927972,0.4419868318222688,0.4311977955250379,0.821309828543936,0.9037403444768203,0.8984554136820351,0.668705342225275,1.341146218495594,0.8594114223425758,1.4234432344681398,1.2576893276555519,0.6566988976571738,0.9386679495190235,0.8766006906272753,1.4450537435506194,1.2847887122839625,0.7851389161327403,0.907941459120298,0.8725407753838333,0.5802929490120208,0.9907518594663604,0.2612961915937619,0.031265513866644355,1.32028848595255,0.80241259733033,0.9429655730672736,0.6140950812093389,0.041694816620568245,-0.15337100986375882,0.06765729002394193,0.6284233234442755,0.8276695021870304,0.49571120799998847,0.7553968865562564,0.87093148212369,0.5869736761751557,0.5016477889733383,0.3354533086205869,0.11895402120236208,0.34443109440691555,0.7055663070178081,0.8244830388619617,1.0547485660701592,1.1301791424522063,0.3910314681578635,0.38487409231982256,1.0131305386837668,0.7088113552851466,0.20571050927439988,1.2716234314420647,0.16793584191843008,0.2569460283670655,0.4094028346664206,0.6268794934598022,0.9379436460250068,0.8579228511161876,0.8194630875892512,0.4667410988846705,0.8374133545439814,1.0939283294585438,1.2995341065142316,1.5314652401005275,1.2728241113945975,0.1739643397499495,0.5877041663087234,1.4246534430153628,1.2903257207311198,1.0539734643328484,1.3362424845739482,0.46906770953908533,0.8293235274438688,1.494468923888404,0.7628431999029176,0.7877741854030016,1.8548656360570028,0.6017228768851912,0.44051685894377945,1.4562655732614302,1.3490969990431008,0.4251687867784268,-0.059178812075865284,-0.08141938254664048,-0.5231378596294465,1.1552348273377706,0.5680821771445125,0.8993647935834896,0.9646825044487604,0.5229408167504187,0.24567202698292565,0.29616942922976325
0.2633381511327917,0.2931416300323777,0.3032140345200635,0.33944872190076997,0.30771327387755915,0.37843385209485464,0.10233253193334022,0.16082289990083495,0.25562849209582517,0.22058719494069517,0.4158644209919429,0.359734176338604,0.41737572350253843,0.1827338326102669,0.2578417037027774,0.15450447403187695,0.11458090799309165,0.23767307489674386,0.16326247937263144,0.3339672579032202,0.16608670077235915,0.3106395450546337,0.3603932701496936,0.012606992660771593,0.24209120466063522,0.04605941586911693,0.3254035788225477,0.10292304311225228,0.28876017075212673,0.30029176913517314,0.2813156841956658,0.3119355843504901,0.2567473271346057,0.3358030232434276,0.42830713516224694,0.27655897941683705,0.2786312523831849,0.2815250282161634,0.25878095222893777,0.31711535539959435,0.36011160433051614,0.2976251771762405,0.3898295462406614,0.15801134186483257,0.3927994390128258,0.2726388954219783,0.36361392785551283,0.2953499127383535,0.28682601580093176,0.17275116563896115,0.20004985802467865,0.27829914883176554,-0.1655179235006059,0.2908386030413887,0.31046846367924913,0.2888695272995835,0.11974678757250573,0.22195287050534945,0.07205859942843837,0.35357630622393377,0.3584333189536227,0.3637784033311661,0.326640920537201,0.34616169190445956,0.3063412993684276,0.35076134721812813,0.018020340456419832,0.14559266744589472,0.0015473100734520254,-0.011314647720492777,0.0647449533171882,0.24032346943569924,0.31343814943182247,-0.20500577953856536,-0.20998624739020463,0.024241513122441962,0.2722669376736447,0.23654850073496003,0.23856829371671295,0.39118409271776516,0.0014794616333525111,0.4438346133627482,0.1318888557950874,-0.020912234992827648,0.32143230526853067,0.16184113786377866,0.1974254312440639,-0.040590276782778496,0.17048907513980943,0.07289831614611754,0.23169696748984725,0.2631051043769522,0.102990526583856,0.22378954111179994,-0.20178046826717347,0.04830543976331657,0.0655759728490151,0.1039459839497982,0.2307540796566902,-0.107811075916971
-0.7654344298619312,-0.4336646595111938,-0.47849972311288985,-0.9175652323109759,-0.22261231537650342,-0.21642404090466338,-0.8013476287101365,-1.1725398709269534,-0.5873016587207461,0.04675435588003851,-1.1628668799596966,-0.3351916952227159,-0.3167953088627823,-0.9564196363610616,-0.8881690649933285,-1.0931790745566308,-0.8751044643324183,-1.2173594743934886,-0.9986315915097255,-1.1107011624500784,-1.1962061115929377,-0.6885868615370185,-0.9017894910820404,-1.0297698040392844,-0.8764624011824845,-1.3684334771033317,-0.8004757289959806,-1.1592651851533486,-0.8504455058847974,-0.6823259065756596,-1.0262488708100992,-0.2720459161657621,-0.18706139052948112,-1.215378270469049,-0.6651301199371771,-0.9881545556067326,-0.7630247446578843,-0.13833429391428995,0.03360008461171833,-0.12643424731276431,-0.6084079995023666,-0.780315985450745,-0.35138482877154825,-0.9692636202311296,-0.7733945921256276,-0.6732641622319688,-0.4853927667725175,-0.41843945808174865,-0.2419312152800268,-0.6145882155349172,-0.8683563414438361,-0.8675101947339054,-1.3827833480009963,-1.094760744326722,-0.4082979109528252,-0.4432999365929251,-1.127572628331013,-0.7992899514407014,0.14634325149660776,-0.9923624616998511,-6.959138086441979e-05,-0.18130101906667886,-0.4270946428138615,-0.6050958990517437,-0.899124225476877,-0.7200118614883143,-1.1407447933789083,-0.6273351187532534,-0.8648028626484565,-1.0591423533201985,-1.161216239726721,-1.1038203608322805,-1.101148220775201,-0.21251640069589858,-0.7997794988293823,-1.410549715986829,-1.0150638496481494,-1.0861132099572317,-1.2908590953775199,-0.07834839212916507,-0.32109896047722913,-1.0233314514418737,-0.46803843400188627,-0.29933411626010764,-1.4295903561339625,0.09052344662396201,-0.7051940708466156,-1.350235307384079,-1.2716557810957754,-0.18959568644357425,-0.07796072301057184,0.3798353566075268,0.820265670538139,-1.1849261130316195,-0.3599489162469297,-1.1644281322548102,-1.0771161700612535,-0.7813430441560293,-0.41880071058932933,-0.8036418017158116
-1.2967512280537818,-0.8930014141137016,-1.0203923760753757,-1.2545475300549829,-0.7710741223939596,-0.8605754231986094,-1.1356430119320817,-1.2863792666535672,-1.0983970594400672,-0.22236393066351448,-1.2763682587585121,-0.9224589538889351,-0.9861413863435691,-1.2922843800299793,-1.2466086396954796,-1.4295124694332695,-1.1900184056614442,-1.303615075012295,-1.288102556647602,-1.241016982598548,-1.2226381599342404,-1.2016780904915192,-1.4056803476406234,-1.0572060134204182,-0.5670905024424051,-1.2739125524254333,-1.3184516598545022,-1.4050580649623687,-1.2938297662895162,-1.2610468698592014,-1.4510906901290714,-0.8933418226673274,-0.8636017448087886,-1.519231317224775,-1.237369171703609,-1.412269912560792,-1.3678840891508006,-0.8005760904980908,-0.634507320662277,-0.8164967812049536,-1.2104789822082542,-1.1933993408904084,-0.9099016946554993,-1.3490639129425717,-1.3063611678417493,-1.197264328912289,-1.1099748478512823,-1.0290364776894565,-0.9317672936818956,-1.1686999099416597,-1.3084061629098376,-1.3141340364104768,-1.1477711662780394,-1.416066636487484,-0.9711543685684868,-1.0133617778361232,-1.2651307927672855,-1.1783633891715242,0.32325626701738613,-1.2415274576200712,-0.5705703931009994,-0.8109719498604678,-1.0423547342535244,-1.1891419139199508,-1.3210761448185802,-1.1718692919356095,-1.322338462081656,-0.9942625474165799,-0.7077224447722894,-0.7755001662418499,-0.9062185169350917,-0.8743109467330283,-1.3136441278374218,0.185128942186433,-0.4915579287216102,-1.170191660066091,-1.1179158833067426,-1.3912578605166148,-1.4972934758279177,-0.5085610191241244,0.35251736380093357,-1.2325219225544655,-0.3181372384230285,0.37421835205694426,-1.321894987858769,0.5275165160716374,-1.2957942465819305,-0.8642544431488273,-1.3006044390696831,-0.1408132013032302,-0.7455678794332758,0.05554863283013206,0.7539502564883432,-1.4552969057224472,0.36245493572287313,-1.3494178921496431,-1.1849983161750264,-1.1663050355316646,-1.0244039446758286,-1.0458922224140093
-0.7438766635099945,-0.5559612924875154,-0.6979449239034231,-0.3498195495177656,-0.67677865586458,-0.7801983381193311,-0.5577158823331801,-0.16546041897121622,-0.7029846428893818,-0.24864832582282684,0.07473021112888456,-0.7109891181528022,-0.7945205877962096,-0.5055546177011824,-0.47201381158001476,-0.5405647570446582,-0.5246883351858047,-0.04894798885038497,-0.44597031110044233,-0.027229323706558017,-0.01251768101177314,-0.6559114675636851,-0.6211347600685961,-0.1464211910578427,0.6690768429001479,0.06535917312157938,-0.6714727932770812,-0.44455440123177514,-0.5931974512628839,-0.7840086697160017,-0.5733383018176363,-0.8062517747367776,-0.9467567961941927,-0.3289593853429878,-0.6490272560043839,-0.5728951389891017,-0.8595110443151457,-0.8893308006895426,-0.9034247879092597,-0.9022122565814171,-0.7637433351805429,-0.5123225415979213,-0.6317767100179279,-0.6047381711012008,-0.6296714305074155,-0.717612360228434,-0.7866976395703162,-0.8176408280315702,-0.943744393692093,-0.8560431039900602,-0.6527739020322786,-0.5944505625261503,0.11480027009345901,-0.38678432154047415,-0.7199458114624673,-0.7576344172358407,-0.2418230358298488,-0.5266677887506042,0.3861545331894937,-0.20227012659559696,-0.6518645888503954,-0.7639691432414017,-0.799195787186353,-0.7457917238714401,-0.5340024286172198,-0.5287030861835864,-0.41183996067029294,-0.5604523956699909,0.18068343405231763,0.3650935715443931,0.3770155249882484,0.5120638184087207,-0.18667007167209912,0.47588227825373874,0.24542025938312148,0.290352105142014,-0.039600489015469635,-0.41790300144681186,-0.26724922028255815,-0.38429757196579506,1.1221514642779464,-0.048117641695471364,0.32388425348950983,1.111855475542794,0.33001575443833375,0.9099639234599903,-0.9064795110700277,0.665231550695888,-0.0223134492254506,0.11182794487323384,-0.946598425016023,-0.27492869562777766,0.0635846530782776,-0.37938450338051083,1.0179248328408113,-0.3923751973205276,-0.24637899795347196,-0.6491054077792315,-0.8685840534866776,-0.6031319994910229
0.26142756496226927,0.20783815262319952,0.1532496425057735,0.6679397505626544,0.017404833699893235,0.027784680559860303,0.231365082548217,0.7273255302775771,0.15865045357016497,0.0795465331681147,1.1590770515781779,0.14372042517319847,0.12012182672672397,0.4230081517152004,0.4935486885192282,0.4736194800958122,0.30898647909230226,0.9032405292357866,0.4650583453049126,0.9772844652104218,0.8466275020437743,0.3005489307691247,0.4944291477352074,0.5305886577265703,1.1784015462333444,0.8706879464111812,0.37017878233778084,0.48747481890387434,0.4316871758527981,0.2034236972218941,0.5334781262683808,-0.008390745229958509,-0.21393530557925275,0.8288099709786212,0.40981938418253094,0.4989861307396983,0.2025983516890618,-0.18019333530554543,-0.31670237002014434,-0.16115853513578324,0.2457213628772311,0.4470409573660496,0.20493629942560698,0.3505442196177632,0.45139580518867184,0.21987185694375286,0.15536378193945014,0.031365748224181186,-0.14515881864095698,0.01045678093351479,0.3229812481055557,0.4214256343706459,0.7220514186721154,0.6895646982434115,0.09845746149961504,0.07966188698909799,0.6127703625032609,0.3490880008120999,0.26162136513367645,0.832549294271753,-0.026412794084941092,0.003864185149890611,0.08851741946723073,0.24902054542082447,0.5088987036740465,0.46164070680535363,0.4276542413020181,0.16845999823518024,0.5965012285542822,0.8141136545776314,0.9659136821351094,1.1958847435242528,0.8258676115365714,0.23277196644439058,0.4223497411512563,1.0242758493233848,0.8626717086675214,0.6063654827538348,0.8384353246269267,0.262571922298209,0.8513527571158268,1.041470096835054,0.6118005126672387,0.837857963719727,1.3479711060396753,0.6746724581803331,0.06150406697788611,1.1507667324831838,0.9072244821003221,0.2949496129399988,-0.27666447217978946,-0.088693418730373,-0.31049700975394995,0.6836969633331319,0.6338822953171691,0.49037744064041044,0.5640611819979391,0.17343776547443746,-0.046725796938643455,0.009329104389665136
0.5283293539788432,0.4894074674745795,0.5291129031592197,0.5815177610531997,0.4872259325978794,0.6167018008091184,0.29773967464888357,0.32827718034791115,0.47339414927747664,0.3834414529092467,0.6919703416370161,0.6443365186229006,0.6801885411880721,0.39664478033441103,0.523247941158143,0.41097959388843147,0.3300992988844913,0.41288197672424315,0.36418668299396945,0.5849700972897616,0.33283994729016586,0.5200798070620737,0.6136599200390749,0.17918004202165738,0.34668912342607966,0.1817011461888739,0.5757267998120169,0.2824583312503424,0.5917705751627921,0.5298279089443108,0.563370015977679,0.5662490061818319,0.480191957342042,0.5676972030032968,0.6751717042703242,0.5363459047867976,0.5675694544116519,0.4923191884874461,0.43559379927000974,0.5318888615172507,0.6257003488517991,0.5527036728280518,0.6079287825476073,0.38790701120525006,0.6567081384894803,0.5095872476264375,0.6015452290476192,0.5142047411170304,0.527375820029141,0.4145339640447452,0.46281582437123464,0.529602951635055,-0.04505503568380186,0.5304864427925864,0.5152662713948755,0.5143384746428595,0.282627086668989,0.4117137922543735,0.10849034167986354,0.65037117371567,0.5814817615474319,0.5903498384614434,0.5781710915854475,0.6270449401559891,0.5815619982992175,0.6454856518835672,0.2017870615254289,0.33768061270969824,0.043623971057234534,0.036576663262224356,0.163853625050851,0.342017101354724,0.5180327788377584,-0.25898696265870336,-0.1513209016370445,0.15855683372470164,0.5473893632053108,0.4719480185650173,0.5172144227457773,0.6876012345516378,-0.16074361126600809,0.7464422595287898,0.2257834345202751,-0.1416993438400635,0.5281140279420867,0.09261323839930785,0.4748284823068702,0.002476772144268265,0.3919883073114771,0.2293536867774133,0.500169113490294,0.4094848087385635,0.09043103190692124,0.4746339133837342,-0.3453024368494351,0.2582635459943247,0.3173719638805712,0.34318601030552437,0.47836021034908677,0.08510107767929796
-0.3089921097842777,-0.09853015995311924,-0.0923396866927459,-0.4517454785207589,0.06807911756239506,0.14750465883201627,-0.42959504778011004,-0.7387542529774025,-0.18763214380090082,0.21895889101040505,-0.6043779012710423,0.07445283911829038,0.09028507362590846,-0.5126269522598674,-0.39422128059135714,-0.6089122406807658,-0.4695757988398194,-0.7640051642804102,-0.5684361623105441,-0.5980818103173886,-0.7647721104934188,-0.2880623835927989,-0.400139892162415,-0.6685743015536455,-0.5903338043160551,-0.957727092396115,-0.3195956723046945,-0.7200572530913792,-0.3257138585237586,-0.248196059528025,-0.491942203928064,0.09007373497668951,0.13671992166645283,-0.6879776627617931,-0.2066142374884729,-0.4790901587611412,-0.2743461389890883,0.16197841838644175,0.26754444951510487,0.18146379649205557,-0.15226469102913925,-0.32174136811970644,0.013664119635197284,-0.5165399997772799,-0.27705851072437304,-0.24240741722413667,-0.07292904693665066,-0.04979395582445764,0.10839525427902935,-0.21273279528498285,-0.41382998121174325,-0.3944721226854229,-1.0346637283309899,-0.5873044148602454,-0.05082368216138363,-0.06167852454950343,-0.7130770600134883,-0.39064240795667865,0.13939899004217024,-0.44946898736730234,0.29655976911208737,0.15762954902584173,-0.023025306595842048,-0.13917759007423336,-0.3893392248685544,-0.21635327745516367,-0.7302501300693203,-0.27535471882286866,-0.6447080094217641,-0.8026416336920298,-0.8217154314444796,-0.773181727844049,-0.6176839873078226,-0.2890754742971685,-0.6244288343584391,-1.0098862482857176,-0.5007274606346651,-0.5877348118371153,-0.724308552267169,0.2654149041758196,-0.43429239782854223,-0.47063497861516046,-0.24656127614843848,-0.3945596862745462,-0.8881836006945001,0.008495866955136093,-0.25270474595129844,-1.0699152845533177,-0.7789087669436405,-0.0010589012112661546,0.2540715997250308,0.48152184853286556,0.6631263618655773,-0.6691270052967521,-0.4922301670761669,-0.7195462418872627,-0.6013830302579597,-0.3645230163507248,-0.041484476092695684,-0.47579197083691127
-1.2506191684318424,-0.8551165657570131,-0.9962949484801885,-1.1065375812094294,-0.7850794173477494,-0.8961576500820624,-1.0510087661906693,-1.0696450202129024,-1.0560481485285773,-0.2557183422518185,-1.025619025531529,-0.9449711292904381,-1.0064958500446284,-1.172602681546263,-1.135947471804903,-1.3014606731671885,-1.1070045796493064,-1.0691330880171437,-1.1548081718065573,-1.0326613816398775,-0.991563645494401,-1.1340378950542713,-1.2948945949713484,-0.9057147094646667,-0.3053852886607294,-1.007433448554291,-1.2336912510530744,-1.2307283127152389,-1.2316381943391357,-1.2116804225666549,-1.321867464633318,-0.9459183341838135,-0.9430650242310666,-1.3143690523601388,-1.1639706473512088,-1.2875869615477458,-1.340539101034294,-0.8706876300505614,-0.7348357499989278,-0.8870754469602005,-1.1826693824932293,-1.101259743827775,-0.8955008964141469,-1.2437496848139111,-1.214451355295081,-1.1494807253504318,-1.0990076788687224,-1.0354530267191837,-0.9966124182978264,-1.1650985462363082,-1.2324430465770306,-1.2095686781046493,-0.8807433236703037,-1.2257392475953255,-0.9575354132873114,-1.0052637667758075,-1.072794591049785,-1.0629678335635402,0.33802057135899444,-1.0719373057513788,-0.6329444720592355,-0.8524523111071262,-1.0525840563343674,-1.1664749194394946,-1.2138422758975103,-1.0958492820340937,-1.169615519045796,-0.9440561523346099,-0.5212352505190848,-0.5290061328580105,-0.6309220714276085,-0.5844804595797578,-1.1052730603749346,0.26890160540995983,-0.32677100125687536,-0.8746361124471993,-0.951127031834622,-1.232369987283327,-1.2857738250493707,-0.5607200590316832,0.5613269633029879,-1.0336699271441527,-0.1512937562404545,0.5862025888922058,-0.9986187226599288,0.6383532615049524,-1.2993673449579124,-0.5231644270353631,-1.0620439100115946,-0.13359690953915265,-0.8634585363686195,-0.04987949982766478,0.6208974840955128,-1.2845675357135204,0.5496295111496075,-1.1916875558559505,-1.0359314471095502,-1.1083637819084056,-1.0526011161120592,-1.008715709416597
-1.0594224201171738,-0.7658368883353424,-0.9739346994806706,-0.5542741200069441,-0.9056247501676654,-1.0884735747866752,-0.769638139578813,-0.322304303161166,-0.9837351704771365,-0.3786841101260166,-0.12427921221041523,-1.031329395831049,-1.1209489053132813,-0.7624538056896665,-0.7680280944626262,-0.799876861163834,-0.778593407253728,-0.20675236265319188,-0.6789917422091352,-0.2407804982452758,-0.16359197372870948,-0.9018061813724936,-0.9179775592152944,-0.2960061531922503,0.7061307567101206,-0.02795982800320362,-0.9762060994849541,-0.6451923788434252,-0.9512137196078556,-1.0873006450139078,-0.87283148795819,-1.1229187017871647,-1.2726826277786996,-0.563210968679715,-0.9335214740737334,-0.8641300329062365,-1.212873174868152,-1.1802173560928426,-1.168842464656736,-1.1966146265442328,-1.0958889771307123,-0.7759914904145119,-0.8948773892766391,-0.8716185073965422,-0.9329429897307903,-1.0170188089360135,-1.0990294834247283,-1.1112841462694771,-1.270399372809472,-1.169871625599877,-0.9277000652962458,-0.8644310724533703,0.08366580667435616,-0.6042724072967641,-0.984920560926531,-1.0504776159303317,-0.4024888113260976,-0.7535218917875395,0.43068398271535324,-0.46794706733158714,-0.9231638514661448,-1.056223466926109,-1.1226350226443702,-1.0912561490791377,-0.8435017096762293,-0.8554991053057664,-0.6054647183277134,-0.8050929057612557,0.1532454466486602,0.36451388732810086,0.338169905254982,0.5388175718047364,-0.3859418720513429,0.627160104860151,0.2523162767741566,0.24374715248265938,-0.2952393823208127,-0.6731299858719049,-0.51413765083858,-0.6612375258653643,1.411000206730877,-0.27969783488273514,0.3347750783266409,1.412704343728049,0.19412461214744656,1.1040117773186378,-1.2662225016568152,0.7491719516413523,-0.19827256569883306,-0.019465128802379765,-1.3057990783268527,-0.4153333799777526,0.08757975212706481,-0.6256108640142606,1.296531879398089,-0.6095358791080528,-0.49247944504566826,-0.9271255061347321,-1.186668577834741,-0.835252957176278
0.11665191243029224,0.14674803008736734,0.07608560540144942,0.48033612789561353,0.009278674428041336,0.01584867629262242,0.08828470357869525,0.44309861006283774,0.05413015988474551,0.10262702970784082,0.8218217197413176,0.10002841571255275,0.08104843191551281,0.20970342898630728,0.285190666520664,0.25400138636612896,0.12615764326322798,0.5865345750997452,0.23949705576877048,0.6706241741275206,0.523148760502964,0.1821550012353268,0.30163689244761777,0.29496203468731613,0.89883287396855,0.539558340477794,0.20956724655166678,0.2437806514118626,0.2546021161838631,0.08236105399408342,0.315203822918574,-0.018419772529726746,-0.1981652412554285,0.5402841163283851,0.27907301519373867,0.28397658281660615,0.08333075445771936,-0.15615447701948948,-0.243389008562354,-0.13183044596543955,0.13115571710710786,0.2921960988798302,0.14753731590740155,0.1568866073552904,0.29015270595184706,0.09455576017739853,0.07846580082230034,-0.020236905212360257,-0.14037668834380165,-0.07620095601703189,0.16871557746550944,0.24915713532788397,0.40947515815670393,0.44680764812821805,0.040567454554412796,0.011900579316969466,0.35843622103759665,0.17628839185843018,0.253816798518947,0.5649495983248273,-0.001311604742705135,0.0001294148752740552,0.027147929770506552,0.13252589646749485,0.29956932768915046,0.290205237838242,0.1893386217857745,0.03586369270792643,0.36583440968213904,0.5148699600026939,0.6221575828831339,0.8992338417761947,0.5452893242067924,0.16835669238610987,0.21840964614218317,0.6722174215461165,0.5825499121265928,0.3633825363811265,0.5352868707584207,0.2427094581632447,0.7126765670155099,0.7527071414805481,0.5010103093730167,0.7192106296006269,0.9503684983821632,0.6306926831098281,-0.037226769730740655,0.7802398979186322,0.5754892046114293,0.20224200083205612,-0.2403664232067434,0.009216443202922357,-0.13756205885479267,0.4250066302496327,0.4885782372484749,0.2360578617597641,0.3060230164294231,0.023586622504748033,-0.0931796144042934,-0.1278087692808275
0.7528080191867877,0.6901193704616001,0.792113858849886,0.6466580759075146,0.7609404551540501,0.9766403044012764,0.4164377783006353,0.2554974138187932,0.7183103809025333,0.5639738701254068,0.6209643509750296,0.9782184997471035,1.0320948208796241,0.5004321133470462,0.6821708411206479,0.5002507591619609,0.4465361198914335,0.3003717776833359,0.42551945252897677,0.5444181599139095,0.21140164616671134,0.6983156595664519,0.7834049472809955,0.11544164762774488,0.03945752205000957,-0.01947280857771186,0.7895543365189607,0.2974136212566967,0.8251726943650675,0.7790724053350766,0.7137355564812812,0.9196157437922845,0.8768798012234745,0.5706293711576943,0.8921337710129654,0.6800538252900626,0.8565928435151771,0.8624524713652587,0.8245814656321687,0.910896665778614,0.9044034504092572,0.7191736865365983,0.8720950491660144,0.5180971170003955,0.8707796965530882,0.7473635002685785,0.8978011976485256,0.8158086736573574,0.9171615989731714,0.6980333070451898,0.6337108099653231,0.6918832039463167,-0.29234146881848505,0.578758779339962,0.78492575334753,0.8067210728311996,0.23732414517700823,0.5384749621900228,0.04887437950709168,0.719877586899279,0.9349339752281893,0.9371395300662243,0.9021523806099828,0.920529296469891,0.7514626607032031,0.8765402430466401,0.1992902863450679,0.5072256322259671,-0.13881560424680636,-0.24036295235942423,-0.0997567694411734,0.027499278854066417,0.49842842794436065,-0.5017279722307482,-0.3429404169416672,-0.1220426864570496,0.5745121693985011,0.546308595516183,0.523893859334247,0.9778214530458453,-0.6446800408062995,0.7482581591926836,0.14653461168010598,-0.6025417067846649,0.3154924468169856,-0.1780636583818618,0.7845864792442232,-0.4382004140774146,0.29173164418575176,0.2708881322081191,0.9499270848484793,0.6638195053252719,0.23966489671090863,0.5099945150285226,-0.8126311472435568,0.2710136141436365,0.36331887302853816,0.530715422881589,0.810115642985029,0.21316822572901653
-0.10724106593146822,0.04383492420537987,0.08712538682837856,-0.27664423065289295,0.19704798487259462,0.314066775424536,-0.2632862347323939,-0.5498126895433636,0.0021594279664350264,0.31115266315970536,-0.34102067394480456,0.2613190876252061,0.27418862896161045,-0.30829587230153804,-0.1595613816416104,-0.4042951778695788,-0.28771107592962536,-0.5762325961118144,-0.37403590274468007,-0.37257884063949837,-0.5640221833696961,-0.12958543784757587,-0.18612523266001885,-0.5246171913017905,-0.48937138672730457,-0.7992384375034517,-0.10832677628732755,-0.5317242933265407,-0.1155179686485089,-0.055184377039021515,-0.25479161559011354,0.24068841166540283,0.287260281060457,-0.4763690520144119,-0.014536217610998626,-0.25070240930680726,-0.07752975613160758,0.3064334436523456,0.3801729859306608,0.3234713395412974,0.04980620285667387,-0.12898258631331988,0.1756340118821041,-0.31635248660001697,-0.05934674564841662,-0.046662232831605754,0.10587258709938538,0.11715011745184051,0.26998283174244114,-0.028905942959496514,-0.22182884134734998,-0.18620897283493792,-0.8823484944882602,-0.36021085662403546,0.11376387944428754,0.12184692696161362,-0.5424261168237042,-0.1892335682654722,0.14925189254361754,-0.18750265775576244,0.44734710371172653,0.313390689245315,0.16083971281353016,0.0719679593284676,-0.1511754527503036,0.026832057841074265,-0.553529514547536,-0.09370508255964921,-0.558500697440742,-0.6928041938552996,-0.653340479218829,-0.6853382112122975,-0.40924701582961864,-0.3270745578755232,-0.5250784470897688,-0.8635176479529432,-0.27519909216748506,-0.3767755630741294,-0.4798226462625327,0.4247445986075646,-0.5683801185498852,-0.21799713939119952,-0.16097788705633606,-0.4990490625802825,-0.6799325483907401,-0.07596967921891395,-0.06982999875550146,-0.9683032318277344,-0.5503006292410038,0.10332065581630816,0.4234630997284299,0.5373370045135182,0.628896289826197,-0.4671372229741033,-0.5802826152922566,-0.5192348219331083,-0.3727260123780283,-0.1570186318512114,0.14110476524202606,-0.3190697210289676
-1.4200515527274833,-0.9962378047007628,-1.2006566152928477,-1.0808908325119397,-1.0199780730244115,-1.2124133068683889,-1.1023310826841677,-0.9095053392665012,-1.2419844028514875,-0.3772479689882888,-0.8072700523557865,-1.215868787925521,-1.308376528150085,-1.2111993998197685,-1.2094269965872366,-1.3088278732308032,-1.1704232262613605,-0.8745471243753303,-1.1516561398038674,-0.8848134687851748,-0.7804027287690508,-1.2642219100231313,-1.395877516060884,-0.7760084657170426,0.10609298297773403,-0.7230788913545622,-1.3807082866701055,-1.1734384428963198,-1.4098282884311022,-1.412631172593038,-1.37944373180833,-1.266730501529347,-1.3200707108868446,-1.234017284769682,-1.3157165390585854,-1.3470815514050332,-1.5811012990466011,-1.2117662982695356,-1.1100828946760632,-1.2382839609217515,-1.4075885662999135,-1.1892344431718973,-1.1080851844312327,-1.3079459112196086,-1.3509129045827009,-1.3320811890692,-1.352830188461605,-1.29751605437509,-1.3555733367564609,-1.402753857594888,-1.330978833853344,-1.2890158748450458,-0.5203176216182624,-1.1594118042484327,-1.1784967161609345,-1.244762782793331,-0.9516436208842044,-1.1104238558754973,0.4406881119788344,-1.016124080877101,-0.9372265728491973,-1.159501405962765,-1.331552380909766,-1.4047300666860316,-1.3006273942353914,-1.238189996683115,-1.0971673106536957,-1.0601851230007522,-0.2980903805416454,-0.18409737181486271,-0.26612554237508235,-0.1804930340233507,-0.994837595320168,0.5416600131938878,-0.05461666983970012,-0.4944817569642539,-0.8808233154249743,-1.2294343691522256,-1.1742766650637089,-0.7834101728120553,1.0409095835290676,-0.8963646017898605,0.039629307277583715,1.0870989421976671,-0.6683884711414528,0.9260858613155161,-1.5774127227400232,0.014259888120718099,-0.842090591042683,-0.12048782759652486,-1.2800499076417737,-0.2751846050373362,0.4727914254206258,-1.237786843960551,1.0371048280792525,-1.1256638477444354,-0.9826833124132098,-1.2218733091968745,-1.3377103346246872,-1.0911052272855608
-1.3843176489665454,-0.9792564364684233,-1.2751357537343226,-0.6967489690060723,-1.1653567741518818,-1.4358977622253117,-0.9686962017540012,-0.4223339956425806,-1.2861861345977599,-0.5402346593724784,-0.27898686537997247,-1.3802893064656425,-1.4847195625295968,-1.007218719846253,-1.0555533682144147,-1.0180353577195609,-1.0180668161781155,-0.29292294674357605,-0.8913378988029618,-0.39413567089730756,-0.2644797607068681,-1.1372446349182748,-1.200776128058334,-0.3730523182033127,0.8549143826056308,-0.015181703870299788,-1.2771592546191315,-0.803600655413598,-1.26304123186329,-1.4071350248012007,-1.1508397981733882,-1.4588926852329225,-1.6503476566365518,-0.7339275201575963,-1.2163393279147745,-1.1386488118208828,-1.5525906403471947,-1.5316412028119188,-1.5017219544059444,-1.5477024450867132,-1.4452618464431486,-1.0131518538353506,-1.181137276511233,-1.1223930017598858,-1.2312942067649058,-1.330589561941622,-1.433245678429509,-1.4389963796962628,-1.6469841417306168,-1.5058497038037184,-1.1828838028440922,-1.1213216577376393,0.15296155211587092,-0.7879302963368965,-1.2800438682306723,-1.37968377840491,-0.5004200360984211,-0.9910888833878119,0.4826466677858309,-0.7126037940647909,-1.2530828964090714,-1.3924222385781517,-1.477074089218082,-1.4555720268617132,-1.1498330185214158,-1.191450978086442,-0.7538025964379444,-1.0785857808892327,0.19877942988983896,0.44935810842821733,0.3666623044446777,0.7171012502738078,-0.5350625917876358,0.8294679066817897,0.30847184490911467,0.33180948985141295,-0.4826800050196275,-0.8831611736798894,-0.6949405447429188,-0.9599463803081741,1.880082443322033,-0.4689381525456181,0.4353658602736019,1.8755300386749614,0.19406700232317275,1.4049448184319488,-1.6171769917812024,0.9723282715480944,-0.3134380797229785,-0.1452436591218254,-1.7315806574548507,-0.6010633654770347,0.03689883967479543,-0.8006140099287848,1.691839931594678,-0.7881329373951289,-0.7005281938887834,-1.2223610017350675,-1.5495201272580912,-1.064068236702409
0.10445095638826395,0.187780550311593,0.12200090444971558,0.4149440172377575,0.10560201827489535,0.1413541652223263,0.044890539810572276,0.26554986519581153,0.08304511634106208,0.13586532336981258,0.5592890308227784,0.17889396389350962,0.18278641187105354,0.12946207676772678,0.22343838081416523,0.15842344979858936,0.06359551529470263,0.3792334632498619,0.13485725293460682,0.46892133678345044,0.2861212114798676,0.19585154907095706,0.2632914467374391,0.13461267443800812,0.6204095796982109,0.31470504837715335,0.20836476263583897,0.1324611969036693,0.2731053128157817,0.11623370109434603,0.24459988142671044,0.11026465617782882,-0.045968806882696396,0.3987512473833029,0.28789824272707454,0.20949959641183694,0.14096375932438576,-0.021704285716372906,-0.06615084442729824,0.014969287125692851,0.15975622726052366,0.27444891751870715,0.2079547297519852,0.0988397263202558,0.2818911087621951,0.11153865250998182,0.1478710749884012,0.05912861391513765,0.0014167244886518922,-0.027880714517210543,0.1399908484628886,0.2082967814116126,0.14324224525243065,0.3229949960553104,0.10425221685494436,0.07358874153747885,0.218917100873474,0.11312816466554802,0.18408717512038805,0.4052376831040148,0.11569688475688318,0.11886543550893564,0.1100798802382082,0.1731110475983854,0.23390413024356035,0.26590143381990605,0.05246741891534281,0.004318818815898605,0.20270818589394085,0.25572337671022144,0.31664654729295244,0.6588234848674684,0.39034248164955515,0.020322223640449184,0.007104465603900125,0.398765252261487,0.44080785871523975,0.27981325386595174,0.36502521393927606,0.29029454101526103,0.5439008071691233,0.5379828807965008,0.4428519969648933,0.5431469071931259,0.6882061343601172,0.5544483084384895,0.04417933513823838,0.4375661087449297,0.32733004055677595,0.0936840871523094,-0.08540118401254304,0.11597236981950051,-0.03742466523908198,0.311898363196554,0.2622438057137415,0.09465991741033512,0.16808446289632528,-0.022750280561981043,-0.01526398188641034,-0.17708559456317877
1.1687434168374948,1.0129858726769274,1.2127037308461892,0.8549445041527707,1.1518192426808531,1.4826254315819385,0.672450553950111,0.3390314883325959,1.12800192031831,0.8123529773204186,0.764466349974562,1.4737789010506062,1.5533645912076182,0.7893282199947889,1.0390678872493275,0.760125223389784,0.7265940067480988,0.3506161278024628,0.6636863608872858,0.6853292300322699,0.26111044950687423,1.029617004524815,1.1490981626397991,0.14790265572823844,-0.2061956602804192,-0.09366178726667664,1.1925268159760563,0.4794580630520092,1.2252259923935318,1.2144360976733406,1.0686824247243174,1.4036564051571918,1.411234006043263,0.7610763516961344,1.283850225855155,1.018346803230135,1.3207284755658728,1.3702758305767224,1.3251003109485067,1.427002879373147,1.3668483612128735,1.0457813243857383,1.2821152922462977,0.8293800255001499,1.2746960527463578,1.1653827397009722,1.3614500005388686,1.2753617127646921,1.4583444546181104,1.147969880635043,0.9712851950771714,1.0326001528543172,-0.4441339907132418,0.8166261766961873,1.2037222297876762,1.2626473224445256,0.3311139271312494,0.8383734402681217,-0.029103275663559792,1.0017940201406874,1.416756510962038,1.4265422641807075,1.3953478189918735,1.4089174540851535,1.1308932414391317,1.3126828888550708,0.344004026604551,0.8456914491775284,-0.25286445093094717,-0.43709663389712267,-0.23462341628323657,-0.2340687035904213,0.6580096079099373,-0.8035215755718115,-0.4842632845848819,-0.30389193967484035,0.7672480663411098,0.8058972092433188,0.7236992686161579,1.3894054215247116,-1.2839108491724505,0.9472273462141716,0.068705097052525,-1.2030331370659377,0.2569103415788635,-0.5529837249094832,1.258151170135696,-0.8083266837883346,0.36727605211497794,0.3601098886677171,1.538676541939305,0.9540838901992532,0.344425829701623,0.7136549955004363,-1.3825143706173042,0.4573369066218996,0.5863043663040192,0.8954154120695172,1.3083417895489824,0.4746434554786469
0.3481040300353566,0.36973009362074455,0.4963027431284023,0.053315282529316416,0.5280637863721915,0.723991064696888,0.07345034875258466,-0.2599531726432735,0.41076091101488327,0.5665312563181709,0.11713805428728874,0.7121035134319125,0.7256102947037173,0.07531190933749055,0.2739598204745789,-0.008425497180456216,0.0658923832386184,-0.294483314996512,-0.01377782936630867,0.0029534609776211552,-0.2588047643258512,0.2261509732331802,0.25151334019569976,-0.30329717428938696,-0.41506859349930814,-0.6328451477464284,0.32438711860824915,-0.21569454091993165,0.2736632680003217,0.368800495729751,0.2063876203081228,0.6225657624650767,0.6888877669235102,-0.1079707944734955,0.4152896909994185,0.1990297438366392,0.3561201798803268,0.7094763999470746,0.7298087784984199,0.7248150465474258,0.5162504629896784,0.2528348493257028,0.5628949414045845,0.0753750970195579,0.3925886394542766,0.3777070120733677,0.5295286896759935,0.526163440755454,0.6942004405984322,0.39699544328998204,0.1842295609985405,0.23803939479653874,-0.7302473101438268,0.055760396962555595,0.5027652916309753,0.5440454754250026,-0.28189958641719454,0.20923088687951663,0.16008850250727863,0.29001987588201006,0.8433905493406787,0.7135290504481341,0.5939189275722121,0.5376244547280165,0.3159869418817156,0.5077083564252785,-0.24420797980835257,0.2863488497638443,-0.5157252593840054,-0.6255262259920261,-0.4699622023362116,-0.6616426515826356,-0.06466830976023555,-0.4634027507225631,-0.44367756179160905,-0.7445253289058964,0.06755747279289175,-0.01783948858565248,-0.06879732623963718,0.8239867292675498,-1.0363758393878193,0.2610651487927661,-0.13046826503881828,-0.8982222797951163,-0.45248550235103707,-0.36954089451826266,0.3352793407546448,-0.9819523169706618,-0.18892603486503343,0.3194441900588894,0.8787448382980021,0.7508293373405622,0.6444969169611552,-0.11744120116514159,-0.9312060628570118,-0.17298977663129558,-0.005854629558865185,0.2806667497746629,0.5873996032908482,0.0003042341604149525
-1.4708175967413295,-1.0153863003023482,-1.24925017678589,-1.0432535867157757,-1.0741451987683883,-1.3067618287066938,-1.0868227895066884,-0.8437489667628499,-1.2903437213015514,-0.3825426961230141,-0.7105691050840433,-1.2966695154814207,-1.4030871653219794,-1.2345778053743686,-1.2494867016593372,-1.2836781069588923,-1.1992374486085295,-0.8094987003435101,-1.154287282814986,-0.8258055033367936,-0.7086544573700599,-1.2932541888116875,-1.42348175544256,-0.6911185038238462,0.2644125919752364,-0.64187666468637,-1.4302581157795475,-1.1570410963990216,-1.4900749424763946,-1.4872103557755711,-1.393169580852759,-1.3637504258755122,-1.4358761379900853,-1.1998545035542545,-1.3408375004956188,-1.3467787363881465,-1.6608692896943482,-1.3066058008603965,-1.2186026625864854,-1.3374621701768874,-1.4666241724336295,-1.2079940879989788,-1.158850867792603,-1.332029581544346,-1.3824332256650547,-1.3940908752724577,-1.429332739401723,-1.3736630007064272,-1.467761562445,-1.4724661886264994,-1.342762999878194,-1.2927189420081353,-0.36411282163273656,-1.1084170109209337,-1.2324887453111408,-1.3118857750774184,-0.9004085641090392,-1.1007220116025138,0.5023043880201403,-0.9894522054778077,-1.0202288982970147,-1.2514930645964542,-1.4258057870318994,-1.4984114765780663,-1.3370612468224148,-1.2967185293693049,-1.0505696553966386,-1.1066133625171932,-0.24707357957561887,-0.07421555977639979,-0.14476446691478861,-0.025765829697261974,-0.9564354691179298,0.6704179239790562,0.05706267356571204,-0.3613810844602038,-0.8781680455400748,-1.2530328774433694,-1.122571962251432,-0.8326775961479408,1.2039964614311125,-0.7984411561814095,0.14300065153158487,1.27700688749643,-0.5791149481754135,1.0105671653865074,-1.6818633425803449,0.17621437734414147,-0.7419706435841511,-0.06462802502849803,-1.3969157559821876,-0.31976740223398903,0.45328414269619655,-1.2165028730327676,1.1919123010579034,-1.1071494482988504,-0.9864493979830625,-1.2421110901701786,-1.420433521526393,-1.1142473219949687
-2.084574818050378,-1.4559198895199374,-1.895601066346956,-1.1324408578907756,-1.6864100074416806,-2.1063072549764104,-1.423714934924441,-0.7622951710031909,-1.9034325386401858,-0.8883856469560697,-0.8091031626468927,-2.0912757455560134,-2.2163082039887083,-1.5684535353883233,-1.691424231699009,-1.5572831763274742,-1.5466385519164694,-0.6342485198805357,-1.4026655010690368,-0.8642068251117413,-0.6183276692708383,-1.6824685187243829,-1.8548844913151736,-0.6135782299080005,0.9071920242240626,-0.17125590720338957,-1.938509426685398,-1.2308235488349508,-1.906356594941437,-2.082774612718714,-1.8099704391141114,-2.1045417646102305,-2.3374100919014085,-1.23506558913204,-1.859501008576741,-1.7732209498406695,-2.260167109560339,-2.1935199572773296,-2.102888348387082,-2.214861504433632,-2.1718831900637183,-1.570538972933573,-1.781129927641204,-1.6983034897834075,-1.9019568112633871,-1.9905878719475056,-2.1167989871940622,-2.0949260028207934,-2.3577540986279524,-2.1771634025562965,-1.7698722793101662,-1.720720872389293,0.1150763284039313,-1.309988158042346,-1.8808167555987578,-2.0348720744837094,-0.818736307345263,-1.5294993869209637,0.544284006363114,-1.3365010263141843,-1.8812440831772448,-2.047348955756522,-2.1822506021923784,-2.205896545406348,-1.8369472652798813,-1.9103992462398576,-1.1466688147838462,-1.6466216345789013,0.18845430516539113,0.46788039536735326,0.24878182516574654,0.8187973820166041,-0.9829839055006939,1.1567704539412575,0.3364857430583285,0.29296541139140037,-0.9569550672024413,-1.4111079987346575,-1.2165106568306252,-1.5663479158432032,2.6624918378759923,-1.039802683801615,0.5260762193841236,2.617834455519703,-0.04267112483309983,1.8926207070545866,-2.3096947402556145,1.1615405345297205,-0.7112832935525066,-0.39178641913741835,-2.4853218586570396,-0.93997230092106,0.01808155547228749,-1.285199419961227,2.3407920030763587,-1.2519255461298275,-1.1967521784163735,-1.8453500473416895,-2.2553676313067688,-1.531660660591658
-0.6317192402332201,-0.351611126911552,-0.5563332872656089,-0.07141249633279688,-0.4855635499068198,-0.5882797809356984,-0.472502379743105,-0.0847599535241073,-0.5822700232515443,-0.2600686991796855,0.03355872689910879,-0.572181492249737,-0.595355136997293,-0.4245388482171485,-0.3945257393825292,-0.43431612423261207,-0.4674529284869223,0.04710436195229133,-0.3771402772793474,-0.0017366144388025933,-0.04928393470297515,-0.40054033277068496,-0.4245957368309435,-0.17790759054535057,0.694447531250922,0.20276617287668305,-0.4766612293401012,-0.29234661257785377,-0.38075890219819003,-0.5785854887822413,-0.4301687938158323,-0.5993179599494287,-0.8018922399177735,-0.12244781503473987,-0.42467476134467036,-0.4716302872615397,-0.6110579195775347,-0.7543447408340672,-0.7389312028275542,-0.7241833943261132,-0.6289094516725711,-0.313367416267624,-0.4536475194621738,-0.48452861213864745,-0.43356251373999827,-0.5727416542616663,-0.5892770570973573,-0.6510637173664885,-0.767281027602835,-0.7462980947919098,-0.49647996321820437,-0.4402106090831661,0.09458488934998693,-0.23256807173721264,-0.5586626372492166,-0.6324076439648532,-0.11510902439987501,-0.4721343641030303,0.23396145919600228,-0.21224692651511143,-0.5684250481238045,-0.5898515957045419,-0.6300969878333088,-0.5863679228162662,-0.45150245000733286,-0.44656142988891867,-0.37827885440003395,-0.5606267312269159,0.24297689016155086,0.31652686805961433,0.24752265744120217,0.759460570282484,-0.055418322938358064,0.3283528489036306,0.046279317171815035,0.3856540205878482,0.00256178240255352,-0.215893378846854,-0.16739885780119207,-0.37282046984722156,1.3421807858639923,-0.08891909390726127,0.5070908277983758,1.2984107908901543,0.5137765818029315,1.088173631893053,-0.6803299905279796,0.7199206601568048,-0.08457101125530528,-0.2291492803690318,-0.922931941392854,-0.2823092880225702,-0.09828198050244305,-0.19010315912846007,0.9793977065614528,-0.3559582062462325,-0.2781546537107968,-0.6802476505929036,-0.7739089695221718,-0.6594387101548094
1.3400950491489267,1.1085175584635125,1.3375018799537135,0.9921856503636945,1.2315105026708737,1.6058612391666847,0.7634065116963303,0.4826136422743112,1.2622268506778884,0.8698058774708153,0.9944808833624064,1.6373795809726024,1.7127666774896155,0.9820380406802307,1.263945589660261,0.8989679349316052,0.8878603873470798,0.5200521299316813,0.8378455215555549,0.8770860754699401,0.4336528372854581,1.1603696329000532,1.3319034468534239,0.17482985923775274,-0.10415034523120824,0.07573570676644002,1.3828852214932392,0.6517651782619126,1.4105718932193048,1.3998678656886612,1.2817925614590935,1.5116620492797275,1.5094887679399611,0.9441797894813053,1.4247835289600475,1.1844639565962642,1.49000214224471,1.4665318727882732,1.3977057067767464,1.5272161368216386,1.5146040512035324,1.2125888965658904,1.3999647843944907,1.0147507790868782,1.451325836707773,1.340061695580128,1.5045614057910117,1.4051083127939972,1.5840083091067805,1.290029322416291,1.1159141555743148,1.1878847711270777,-0.36056893670538664,0.9968821575393105,1.3160756865527787,1.3964294735394749,0.4600577425723533,0.970105183224778,-0.04569453372645098,1.2321335484629201,1.5235692996071415,1.549546987218057,1.5567888758323523,1.6169474568953106,1.3527352814745732,1.5421985120016166,0.4541015372687112,1.0124801485732289,-0.1526153035194475,-0.33744459001955873,-0.08439884762610185,-0.1550091096191985,0.8470669775662949,-0.8852340283412661,-0.4441045184354859,-0.17074679200843929,0.9815992037464368,1.0357236870371203,0.9286481332975457,1.4953248921172713,-1.4098266416434675,1.1186338912996152,0.1054496434517,-1.3005974478925457,0.4929392816701892,-0.5843427114226356,1.4214416568606898,-0.6566620427893688,0.5304021627592326,0.33813692287012015,1.6262543428198726,0.972201108387612,0.2709863269964776,0.890307586875768,-1.4329164946223585,0.6451363526156024,0.8154931079360282,1.0478364673399045,1.4441646350427801,0.5946943631784148
1.5926750248267976,1.2946480016463984,1.6480318367577789,0.8996890581422156,1.5348149765342862,1.9863738812184266,0.9198125051823717,0.32837579600365446,1.5453159158037146,1.2210125484796464,0.9903138713733415,2.0152050794275365,2.0783779102602202,1.0437128566757459,1.3769444505865231,0.968753329743254,0.9750900481034307,0.2714595559133023,0.8634680455261058,0.791657338474755,0.2925805563412197,1.2530818284721452,1.4337937834115482,0.11993555643978342,-0.5458444921227872,-0.38969305857603437,1.5296344523795138,0.5419125241705477,1.4350550764480747,1.5949731749307776,1.3845375637041661,1.839640654032604,1.9723742329113212,0.7866503969224203,1.6199285867885684,1.339799993572531,1.6671343311583484,1.9480452610882932,1.8801608912609389,1.985235397413232,1.838047644458819,1.2892892743235127,1.6892744035738305,1.0951520328558086,1.6276662660417316,1.5689837191921774,1.7939255955998612,1.7423012804012528,2.0202376723874393,1.6212557671459236,1.26065555960211,1.3399035397851993,-0.6734247067429509,1.0131159302339323,1.629174366419495,1.750533665533269,0.290184674816188,1.1817963635894289,0.03139188886192217,1.3479585263749982,2.009819317148354,1.9371808821220258,1.8832127548700899,1.8768931713342691,1.510727958895717,1.7694570159211933,0.44539482832124055,1.260772386559679,-0.5432778383972721,-0.731606027308505,-0.3633184312734404,-0.8131024663378371,0.7157596583963696,-1.0615597245609754,-0.5557146742351957,-0.7006031215603372,0.857902840566187,0.9080591964649631,0.8503103981955463,1.916382438991582,-2.3802692389770543,1.2537799699117411,-0.1666893837986388,-2.1454407473031396,-0.06854321481054262,-1.2020663435446708,1.607469230485334,-1.3924977262154519,0.46811389540247056,0.7052410154798227,2.2647893059737094,1.398078888354055,0.6977806833403368,0.7577508519838025,-2.1306908822422015,0.6131657199384972,0.8115332368913641,1.3768426975550279,1.8760632961262886,0.8032007982797638
-0.28975151077850886,-0.06758946704219088,-0.07932479302536102,-0.2882027583551813,0.0067372710802122695,0.011350479265227479,-0.2406123685024294,-0.42268514858859557,-0.15831680272323098,0.3139298465852152,-0.10822963851381776,-0.0055508982694365445,-0.044690532511160834,-0.4227356119867014,-0.31987737601785887,-0.3830280944834422,-0.4031351719153562,-0.4745956807338159,-0.42759986829332375,-0.25904414064436637,-0.3936985780601425,-0.30080698352013185,-0.34332173127735544,-0.28307570916049996,-0.12800783181367398,-0.6852037546929473,-0.32135254291202675,-0.5661837383288846,-0.42956440608371144,-0.33690971161438643,-0.3649999760318775,-0.08168443020576073,-0.050251099517082634,-0.488452922954598,-0.15820339224883065,-0.2909954260321321,-0.38817603114121113,0.030992945481807522,0.06311287001239517,0.01965444264675626,-0.1504937234142619,-0.2633326811178494,-0.012842231299751166,-0.4435362916749474,-0.21900561984805694,-0.2698038139343322,-0.1631722114092229,-0.13398555123788022,-0.07417943415795204,-0.2482786354701203,-0.31423995897986046,-0.25307570170453386,-0.4764177356702666,-0.29091179797629585,-0.0704928637603365,-0.08685236203102767,-0.468551899518487,-0.17284655758936238,0.36837213757324105,-0.14077286894767477,0.21676408263659552,0.01954804228097097,-0.14930482773062548,-0.24938927704478497,-0.3003024187876196,-0.17827371750624174,-0.44860701223488325,-0.22577770459684787,-0.48042555017114563,-0.4207541767360047,-0.3243398287965376,-0.40513443480019407,-0.3834400938038265,0.06812105390991292,-0.16494889830964313,-0.5953024253295327,-0.3286697570903544,-0.5532815625005946,-0.4109098502237693,0.2938326585726429,-0.24628836251666464,0.040488542433137056,0.04345062500885827,-0.0860775748614542,-0.5823467866771629,0.049409672178944354,-0.43899631492902874,-0.6298596878372246,-0.2853079841262884,0.39184179933079255,0.1332334779403658,0.43972443626478647,0.6713669000060092,-0.5093336948982531,-0.19531021799159115,-0.5142499529800609,-0.41294109455026196,-0.19878086858733077,-0.09771920438696526,-0.3677091824767386
-2.3793279290305374,-1.593273658634433,-2.0814335199551808,-1.3679528536535024,-1.7960088270155976,-2.2907978703702763,-1.5557537283474623,-1.013633764507073,-2.1068787199569026,-0.9453093687242307,-1.1957951356384713,-2.344461388927443,-2.468252490877188,-1.8982836434783696,-2.059990072824438,-1.7965719232507456,-1.823414954307759,-0.9579075923706826,-1.70587007062829,-1.2131168927652085,-0.9310811001214765,-1.9101497268958545,-2.1761069695577953,-0.6822840172026872,0.6981370402039466,-0.4898671022615704,-2.261754557168742,-1.5251657868924329,-2.245734097205415,-2.3932538683100284,-2.166667734899302,-2.2783794989796236,-2.4853489381877645,-1.5790434962890254,-2.1041040719634934,-2.05540680883957,-2.5583999245004634,-2.324944921193563,-2.192122495760577,-2.3576139652478183,-2.426223269805011,-1.8513803582407387,-1.9704214535543338,-2.0128156850855765,-2.198606936286538,-2.28108154805419,-2.36058128975099,-2.300919240756279,-2.544741590836756,-2.4045798615757166,-2.002289356204891,-1.9706004739644019,-0.006697273696306893,-1.5926620273069398,-2.049248425333282,-2.234410311140849,-1.0485827486032544,-1.7264181762777213,0.5885283335255691,-1.7092693891392887,-2.0210556338548717,-2.2318927830201796,-2.4422684080756416,-2.5551373383853977,-2.2083535972349195,-2.2793605098001284,-1.339585150401498,-1.9090154670133412,-0.007871118798370083,0.2693398161850015,-0.017782543956930557,0.6316719154479041,-1.3237034594443158,1.3011015221041868,0.30092775252482307,0.02905035118850707,-1.3410438912110658,-1.810641582200023,-1.5700539967104328,-1.724471373437318,2.7878970619275187,-1.3352382755452605,0.5054253370129066,2.744442860503544,-0.49974170299683196,1.9042015740548366,-2.5984372627372223,0.8692963275349753,-0.9928934884268583,-0.3669266529828467,-2.596595651126126,-0.9411688699456908,0.19086762374256538,-1.6141864888701563,2.389573163361655,-1.5743455455458057,-1.5755693922974114,-2.0796962647726795,-2.4561792273398653,-1.7244984600232611
-2.4318296108031148,-1.6845327013566327,-2.2323313392731987,-1.225968111030971,-1.9790295173970385,-2.470274145079136,-1.659591983381708,-0.820247590177413,-2.224968851651039,-1.2021156690040304,-1.0535563199642428,-2.479301692496228,-2.5922323183376554,-1.7678395520086316,-1.9257965092481593,-1.789701999299548,-1.7477137929673818,-0.6517070907598715,-1.5812159866585391,-1.026124277256059,-0.7115036781290747,-1.881100813004443,-2.105520675247438,-0.7350040821335274,1.0646265301738969,0.009251057021304,-2.200942837338255,-1.2984527553602734,-2.074216435093215,-2.353662886816828,-2.066220159709399,-2.4287082664926465,-2.7483464506247337,-1.329664042782628,-2.16499315874899,-2.075283538630268,-2.5357605300325816,-2.61579219101464,-2.493706156355261,-2.6219443102641136,-2.5677379100444897,-1.7741447299297457,-2.1051188180668996,-1.9094847828792514,-2.1955957477886603,-2.2936722922975368,-2.457260823181641,-2.447804743040648,-2.7561950308007503,-2.5410750429168276,-2.019427651034094,-1.9900798246497875,0.20407021586286653,-1.5015685875112195,-2.2110015533970913,-2.3990923457880067,-0.8491468224784842,-1.8255083076111391,0.463190615973573,-1.6249453382928338,-2.3045500589799537,-2.412413959557786,-2.5301824386003253,-2.5345151287379046,-2.1265621602388145,-2.227798111486346,-1.302969160956444,-1.9398775671619097,0.3866078824510087,0.6203601490392467,0.28063018613796065,1.1394642199377627,-1.0795527219523908,1.2808419352867684,0.34615318747604323,0.5037814796862362,-1.0487623179103784,-1.473421058340232,-1.3698410260630784,-1.9788532902403349,3.3723241181463117,-1.397314783076746,0.6921730620491261,3.2438450329434847,0.14034964154271812,2.365234673100932,-2.5684129605220853,1.5558310375584217,-0.8865006790130858,-0.7885907008441668,-3.0220004955239745,-1.2727383189864396,-0.2292837569191824,-1.3802622734563452,2.859339471878732,-1.3943915762807546,-1.349423540909198,-2.2309869512477274,-2.674981659306625,-1.7973000130246843
-0.2766270310626066,-0.17862400617241245,-0.2788085672871113,0.04410694597650515,-0.27523931855070144,-0.23518314303108676,-0.3818012680592956,-0.0009822139282623338,-0.2934873230297662,-0.10300087950255295,0.2852665739879033,-0.1446822317288721,-0.16847358801133203,-0.07645476927053692,0.04927733326486805,-0.29070177710290007,-0.17727328016697597,0.1721697411365177,-0.10427308328385305,0.19474687314328498,0.0986238760905206,-0.1721357381174315,-0.10728913827229333,-0.37133443153157697,0.5944499849318688,0.29924318005565786,-0.09377432219807863,-0.06636225571147798,-0.015429541864750342,-0.15472563321226313,-0.05699083855209513,-0.28777835536407376,-0.45937233154215895,0.06571587563851582,-0.177222851753354,-0.22537690822475576,-0.24244726238285308,-0.4304479701234039,-0.42972914728222383,-0.38952686379615864,-0.3074489419652327,-0.021760064005696453,-0.1792757383595937,-0.14824523144527105,-0.10500432188458338,-0.18339443409885098,-0.24319012116726482,-0.3152171650725532,-0.37574439095007206,-0.4028651001101223,-0.26757982387837004,-0.19854193097405656,-0.06968241173548526,-0.02712083450629449,-0.29377446005937,-0.3030171017621803,-0.04263590457627287,-0.2774204067654137,0.1397556255821524,0.14483946502340678,-0.2239797121969905,-0.22823926826652605,-0.20796099133348478,-0.08449994493802898,-0.021767951467446325,0.04898775354968581,-0.32344855797408784,-0.18435513276974416,0.2739304183243947,0.26178383343807765,0.2941442476241298,0.5457681945265119,0.16748877238766205,-0.026721217213094183,-0.080727235921266,0.3284741626651948,0.32000537266941037,0.18130395713410402,0.06788208382534372,-0.09797668010128364,0.7157865536437096,0.04432347827299264,0.39099434178250075,0.7419419078776872,0.7116653552986762,0.8558994817942266,-0.2863957785575103,0.6815200169678389,0.002136475975509709,-0.3563314376380518,-0.5765159545120293,-0.1336628878652707,-0.11937449202655265,0.017870674888310376,0.6063134201256217,-0.08130117058639387,0.1279711323015471,-0.37415485934645576,-0.4070179384165527,-0.4242105242664615
1.9655977548697119,1.482171514880522,1.8822316338762475,1.2323079068642913,1.6787609363712275,2.2334177508488393,1.0726067446184862,0.6481936586210764,1.805327923860055,1.2923514066276862,1.474278941887379,2.3520668701366567,2.4147858838634844,1.476674912170897,1.8674281144055627,1.2656979342282726,1.3236539586692788,0.6913000593727076,1.2514302193959759,1.2385480513659657,0.678112956810611,1.5588054595959535,1.854466063511456,0.14543312935559474,-0.2606332645833458,0.0559537563789108,1.9751259122659137,0.943034089698489,1.89158816973582,2.0169853034872482,1.8634328930092632,2.0620312097166416,2.15572775100441,1.2404563547733762,1.9395785655364097,1.6981485647944734,2.075003652545299,2.1090821302996954,1.9991532667397474,2.1713933742459965,2.1559245345195226,1.6825635545675541,1.9352728594562274,1.5165173119972069,2.024747042097524,1.959490355874749,2.117342086174646,2.013626606937853,2.2684887448880198,1.9184943010956266,1.5538562918607448,1.6653164755210135,-0.5195706921848512,1.3943699316311005,1.8454876620672138,2.006685747454278,0.5954916867685369,1.4207398579255806,-0.0457763393329862,1.8235454059776337,2.1852609504839893,2.1808364341845303,2.2296798902942716,2.34545459815226,1.9965228606885426,2.25884364695319,0.6730729555227661,1.59141200940355,-0.2705501844097672,-0.47335142426064714,-0.029602523617132205,-0.5350707867029406,1.1722544911639465,-1.2880117271486928,-0.5464627733806212,-0.3321973257179556,1.3685669578386381,1.4657953544046567,1.3178915988634976,2.0807095443103933,-2.5065742723854365,1.60471010483735,-0.06842071862229311,-2.250559761018517,0.5912579993195779,-1.156065944443728,2.001070380400751,-0.961476412027535,0.8120807355960035,0.5792081174935189,2.3671543637317796,1.3809708405392358,0.4393395574532942,1.2055666907538247,-2.1727484165781403,1.0407169110099883,1.3256870316122027,1.6656363149071232,2.1292917703488974,1.0422178613437407
2.0379818223816937,1.6803398610190348,2.1148739619693644,1.1901826772922934,1.9737292583136012,2.4864928199067364,1.3042964954033016,0.48777798900090963,1.9903464508715683,1.5729687565014534,1.244631874200442,2.490395468433443,2.56739483726351,1.2975827666733393,1.6523012921662243,1.3549788620691368,1.2367765969358924,0.3652865870919918,1.1048300183322963,1.0171170557905531,0.40326225941273963,1.6124857197939677,1.8162651999048423,0.3935935173688729,-0.6936361028174658,-0.5065509225842388,1.9149627019574131,0.7122046655393598,1.7449691370639475,1.9688633569772027,1.740286890204103,2.309410286855117,2.5118908753598665,1.0233266803068177,2.0941386304546423,1.7774345356409513,2.1123142434977096,2.4884902567129115,2.394455545771121,2.5249279136345155,2.3669527951772555,1.625666185519858,2.139848132904499,1.3922984076673117,2.062401081717935,1.9673834850128993,2.269629985888662,2.219304863359385,2.5480467268671747,2.102498590199233,1.6550869678608902,1.7547233293200952,-0.6562895113304895,1.3427783310883685,2.0956876953196915,2.2317831767648926,0.4487108733899115,1.5862879477469631,0.0727645454221517,1.664498419338324,2.5112143784928285,2.4136754366932744,2.333417395492285,2.279984370118624,1.8569113812315914,2.1291640491808326,0.7227504548224476,1.5636158399881976,-0.7210086735668333,-0.8816192462248246,-0.43454008222670415,-0.9871422838426859,0.8971466178640216,-1.1973320932452587,-0.5766486164763763,-0.8302031157042032,0.9881952867833461,1.0446981666591408,1.103683528237341,2.378190518439567,-2.9719409053261914,1.6930323316901708,-0.18745300301616322,-2.671620433904115,-0.18540440491350096,-1.6615940906527447,2.0182529448938795,-1.805838733807001,0.7091871417451902,1.0918462828032578,2.8987127503105814,1.7577459941626294,0.8901315621585344,0.9889153067039674,-2.708281584130412,0.8038557730536586,0.9484566759341104,1.8218392157406955,2.4022990984566768,1.116210487467523
-0.181267486569486,0.19269384418185787,0.15149802896347303,-0.06629967236658137,0.2872527274328074,0.2317616241153406,0.05939004750507822,-0.33730578612302076,0.042083588666816385,0.411058374333506,-0.23006387288920208,0.08437951342008823,0.09359280698422565,-0.4651799932029425,-0.4114581985200289,-0.14849981074954538,-0.37576411251506714,-0.5036490616358017,-0.42535177117021633,-0.2995146983904048,-0.47885934999398455,-0.09050891069462658,-0.22293539519225658,0.10697231974026379,-0.2889121065905725,-0.8199139677050267,-0.2599895564700936,-0.5415543193433171,-0.3357932960800307,-0.2858484572846267,-0.3443381187483078,0.17977494687384635,0.2140233727678932,-0.3985887712946176,0.08518854371976872,-0.11708956358603605,-0.2108282722952155,0.2875266932671489,0.3239825271950425,0.2746999905531705,0.05770848459631047,-0.17311058986667244,0.19109109886843884,-0.429936651880087,-0.07444278643660128,-0.21138519172210507,0.01374698544098678,0.053783172592258045,0.1417926829307262,-0.08267268002072384,-0.08904881992289918,-0.057250493912124625,-0.33569329228181666,-0.16360438835518912,0.17086697172958168,0.10715210543097302,-0.35069861195483437,0.019141798240185404,0.352635862709068,-0.22459496991208514,0.38254944230054466,0.19936047167100063,-0.04124174627841332,-0.2606606112993589,-0.3457450092747666,-0.2513763004456596,-0.24846793721802918,-0.27024402426077376,-0.6109648508128188,-0.5583117246686635,-0.5335930276106263,-0.349347616295091,-0.41477453023989913,0.17852093271803782,-0.1339343225211444,-0.6674688670397855,-0.47365464627877324,-0.678357749118165,-0.393239512579073,0.45933418404105325,-0.15548025969282073,0.14733276743393917,0.16895826640769532,-0.04608546587462399,-0.871945302754347,-0.11797367921455558,-0.28758717254037336,-0.9915106387856467,-0.25002131333447536,0.6073862554167273,0.44652316161129396,0.5840735461345155,0.7645853884649852,-0.4462941658234688,-0.41445505985118003,-0.5842917402496097,-0.6564098659076476,-0.11188133955711263,0.0930266928959107,-0.314082368324015
-2.5715410134724697,-1.6097843180271478,-2.170804474845455,-1.3747984338157893,-1.8254568309134007,-2.4079701640075624,-1.5430041694722516,-1.0479848581825726,-2.2074188930556664,-1.0929098895117022,-1.4726541921780685,-2.551974220041606,-2.6427040657768357,-2.0830891517733727,-2.2864586801298987,-1.8552968362380908,-1.9560992012831193,-1.0612532896815638,-1.8515948088689127,-1.422847073335969,-1.085054747603249,-1.9562335506189814,-2.3177466358293657,-0.5674144013588646,0.625181518121604,-0.525327403840675,-2.453065004673642,-1.6000207088946372,-2.363459168388857,-2.5687715063528564,-2.3629520775420754,-2.3373555304185896,-2.5892729701257653,-1.6685909526605234,-2.2088953238573747,-2.2001413540271537,-2.693750382746018,-2.4349515492257146,-2.280892195042519,-2.4717008028487855,-2.596385616156987,-1.985855544484505,-2.076643493833645,-2.1798119464029977,-2.3501141821553984,-2.4754482852006823,-2.513232862675941,-2.4361629581995734,-2.6808362151915968,-2.5668276031939126,-2.047748758278608,-2.065795332379043,0.10161633604620689,-1.6885790224429167,-2.131944366719787,-2.363489904700185,-1.0586152993080196,-1.8148872937451022,0.523843342323345,-1.9796177700195485,-2.182736701740096,-2.3638469805342135,-2.6195550021955842,-2.804079972294886,-2.4569762742761827,-2.5438038513003525,-1.3591338462987743,-2.1124719612684095,-0.003094332047963136,0.22646994877555765,-0.16313021354209994,0.7540370269177503,-1.4742161160721754,1.4752988039287165,0.3437640653353955,0.032779633526452086,-1.5564942626620932,-1.98218789485472,-1.7130696419434617,-1.8608838238018464,3.1794555799278426,-1.5596250226351984,0.6449121561959769,3.079835602628036,-0.7030040091246915,2.040094134872649,-2.727731035162501,0.8187110469309742,-1.1450014589401978,-0.48141144582078643,-2.705836731632155,-1.0424614871564408,0.15356166128714105,-1.717257709768153,2.55863094153507,-1.7483412488027674,-1.844193783760073,-2.2812977723012793,-2.6159605421438386,-1.8793572766311002
-2.8499723715125156,-2.0579376935770135,-2.6780027325925526,-1.517671224888029,-2.407804785891671,-2.9503323844262876,-2.042524271007997,-0.9761611810585908,-2.644827404547712,-1.4859783998435112,-1.211969184360689,-2.893582980945253,-3.040687666744896,-1.9795762855587318,-2.1398060850438934,-2.1734902714178386,-1.9919663723128578,-0.7466958879602745,-1.7952534156624338,-1.224933720910917,-0.7922030128422308,-2.244820077432156,-2.4752207246707827,-1.088773178874337,1.2563284695283314,0.138299439089729,-2.5502717419170535,-1.4465399175370848,-2.4188410572790255,-2.6918646508302504,-2.3604985842224786,-2.9028179562086485,-3.276289521322606,-1.574809592457214,-2.630488843751047,-2.4927407666261727,-2.985755286635238,-3.127687149739508,-2.9833013948356633,-3.136283507193304,-3.0812041653268816,-2.072212765137462,-2.5285264080105128,-2.165271914539447,-2.5973267521893133,-2.64770471487554,-2.9150352633559806,-2.8976118995621793,-3.261722738066712,-2.9913019119771596,-2.400665165005431,-2.3777808314517466,0.20651782040543346,-1.7764446056599188,-2.658237531498842,-2.8506436078222075,-1.0169747061775454,-2.193088142326103,0.4540049220061304,-1.8605180073185619,-2.751817888422124,-2.856000611740097,-2.9459065169942016,-2.891114106087139,-2.4188601435690154,-2.5141963345474063,-1.587431467749468,-2.176924303089361,0.5470398577789709,0.7719106480386194,0.40187451640508515,1.2637988210896476,-1.2323504471789022,1.4092021243822344,0.3868899707049222,0.6374580543321465,-1.1637115381949052,-1.5731721972486028,-1.5699923610990083,-2.3993335539070855,3.7935496588492863,-1.7620556701458512,0.7678278320462456,3.6957258980086816,0.2859384802668437,2.787098050083778,-2.995709346513305,2.007306774737196,-1.0880286188570265,-1.1514206165997134,-3.623999857740867,-1.5842569392433874,-0.3745879861551718,-1.5986028446201757,3.408505655171525,-1.5323316200773194,-1.3871702484697819,-2.6020816097944883,-3.1642645059902184,-2.0732518030746085
-0.7480334554830718,-0.7202234261907314,-0.8834972814136427,-0.34763467379953034,-0.9039998590755792,-0.8813243361196738,-0.946916812979682,-0.17950592002872479,-0.8502914008731132,-0.3764272921859383,0.31087630823258117,-0.6263615328857947,-0.7344038880108192,-0.261555407900786,-0.1288137639508763,-0.779489498097172,-0.45514169305448804,0.15122168606884367,-0.31229297222513575,0.13042102976360107,0.129959449666571,-0.6815155052557298,-0.5433455221569501,-0.9121379691195309,1.007450308927808,0.5284569222500115,-0.45590158600655567,-0.2308918156985004,-0.45079562687415403,-0.5503211493630381,-0.34674395848097855,-0.989527068113204,-1.1956425346385098,-0.1975746816600741,-0.7661335858344417,-0.6943768122647354,-0.8019771363750573,-1.1320191285779067,-1.115559385991845,-1.0858555847369642,-0.9224116862083945,-0.350316286448288,-0.7369857367138156,-0.40344728739830127,-0.5778517595368057,-0.5683723823014483,-0.8069054739845485,-0.8905123986576708,-1.049090392267409,-0.942303973459327,-0.8143164350142778,-0.6882217135809476,-0.10302265945730053,-0.3363940387972074,-0.9030958882976713,-0.8869789651266942,-0.2513141533057521,-0.7433929792063103,0.23383556540758407,0.02137088884957045,-0.7870628269656402,-0.8182809557859786,-0.7195741822523724,-0.45334375740037824,-0.272855276430746,-0.2090743060311756,-0.6932656448173729,-0.41818085192526394,0.5079329486948617,0.5732928984537689,0.6343770071758872,0.7089633123203831,0.084357525814229,0.05327124074998596,-0.029316708343636262,0.5789122789959533,0.3358927422086129,0.1380457658125767,-0.10178202007752078,-0.6605463496629633,1.131716686498959,-0.2378593321202413,0.4175856876846535,1.2303162577390485,1.1617330840664037,1.3974978495775616,-0.8335511898678799,1.4363653504310598,-0.10053327215630951,-0.722272916737697,-1.4439346365569152,-0.5273851623511747,-0.31230292615495053,-0.20103648489323311,1.3205061641821265,-0.14207567507525046,0.2573097350857884,-0.7617031434637718,-1.0257745117121402,-0.6948575983653679
1.7799136405615894,1.2214177633250642,1.597045164570648,1.0863261141868679,1.3575326953160072,1.9126212441246397,0.8273738742696306,0.624419179079471,1.5505858421034497,1.1969958918292691,1.5844992732154435,2.1159993529114582,2.127260376337977,1.4265961198452641,1.8101712730191892,1.0941880514430942,1.215196980757667,0.7703718849593104,1.1957365925104215,1.3347537064995325,0.7822874093787916,1.324033607209556,1.6858354964126354,-0.03127006697844591,0.009216473962640278,0.21754604068456307,1.8534665144204,0.904008882361789,1.7195734809027305,1.8370229441078318,1.763089478315467,1.6849994315851873,1.7769599004527328,1.1850813479244944,1.6938245747117242,1.5518699226152632,1.846985849825693,1.7501268348513224,1.640391620590761,1.8212661174590754,1.90226957684834,1.5597840653925432,1.6610577662229347,1.437124943566786,1.8333874767787584,1.8022503942617636,1.8643816156487851,1.744494534936178,1.938473544652038,1.6973910383631625,1.2941418686617485,1.4653625111960822,-0.47561118785691087,1.2980101649462212,1.5547632587098008,1.7379879798455045,0.5588125134049997,1.2339096175290896,0.05335004369719258,1.8396378376596112,1.896887725190388,1.8728301608733353,1.9821356268659678,2.185935604490076,1.928474742816895,2.156946789063032,0.5624144847842891,1.4856670547417574,-0.12061089928879705,-0.22738433380085427,0.2397378268540631,-0.3827147131847487,1.2068727897576577,-1.2573521524553077,-0.47491164154699184,-0.12734477623952642,1.472164895878768,1.4763226390752566,1.293498415997011,1.7641714305686862,-2.2534227039354193,1.5801162278266825,-0.06576026067718223,-1.9856771620048315,0.9511774809954766,-0.9037999578271934,1.769979490024196,-0.5041250151004094,0.8915836415230648,0.4696401217175457,1.8918571193761027,1.161514768829354,0.30954145839152564,1.1566641958036639,-1.8109865482077145,1.0780458026214883,1.4305999841280097,1.523887933322476,1.846259719013987,0.9791494060319429
2.4270321671103288,2.0499113593730414,2.5453437254858047,1.5049501446008462,2.378305238076735,2.9212877171718916,1.7352435860150333,0.7120137130551654,2.404826105702567,1.776460440773647,1.3609114690353512,2.8257850190172333,2.949354043483544,1.5151598730118006,1.8701769721213637,1.7745095199191545,1.492467049060828,0.5102142877025229,1.33736892185607,1.219756966272101,0.5222635477237019,1.9841229343334768,2.181137651585081,0.8346444709888104,-0.9116719190006547,-0.5551678417982343,2.2447300619623474,0.9171623909305616,2.1148516480293873,2.284219401497823,2.021214356924464,2.749335955774764,2.9879297697941345,1.3059234147591496,2.533915375032087,2.200823217586165,2.554616532288709,2.942019966394566,2.8241832482871505,2.9792253266402415,2.831522746525541,1.9058954283358265,2.511791098322973,1.657887533345108,2.44114910784167,2.287452480661632,2.6751867814484442,2.6296860658667143,3.0134527391036103,2.531818256620831,2.059594049111933,2.1446319956727242,-0.5278305213676495,1.640841132902462,2.519857971998028,2.660202047420631,0.688321406252562,1.9676649295042115,0.03616952207933265,1.8689289829239693,2.8716041298118173,2.793912432265269,2.7020863461747133,2.586951467998737,2.132802368415309,2.3855873299262664,1.0710804316684366,1.7810584811758399,-0.7910447596729754,-0.9545297768654489,-0.5031088550645222,-1.019546711958378,1.069496421510414,-1.273398835182785,-0.5310999484536998,-0.8799115504003889,1.1291430310938275,1.1704729539146,1.322685434982029,2.7106536413598534,-3.2497629224114797,1.9996154321616375,-0.21400799121923722,-2.999220555154533,-0.30249338287640976,-2.06128630386271,2.453004552063046,-2.1596303877380643,0.9425955770048059,1.3498145761149127,3.431251939927261,1.9629772930061953,0.9438009119565866,1.2221425573833997,-3.167721520014511,0.9729645547810041,0.9784415499194674,2.163928297272515,2.8611751068644784,1.4086712305865565
0.6518215777541654,1.0373173578562407,1.1311041987921622,0.5484428463562118,1.2618538591878425,1.2818192607497199,0.9339209809021048,-0.004840382863135346,0.9696486172466626,0.8662253508220511,-0.10142698836859286,0.943460490330965,1.0674873447771294,-0.021104768791076763,0.06696718736232485,0.6385917408259495,0.16053002634536753,-0.38899600269662193,0.019498748265838577,-0.09764792656940834,-0.40841252668312716,0.7294157962543443,0.5338274887287314,0.7858143738752221,-0.8875181604221076,-1.063634020040861,0.42210065001069536,-0.1748500987628154,0.40508926240129606,0.4580101972416156,0.2636944450140909,1.2838815861354362,1.3867451985236077,0.07236411295022523,1.0222621755146997,0.6777058084442076,0.720643434307825,1.4111348446095668,1.4107610453491963,1.3888553964794312,1.0614143127356752,0.4314951231232423,1.0942987102466344,0.1095150613523337,0.7469547898371244,0.5136270865112533,0.9452771246355787,1.012204402626153,1.2522843723627837,0.8420534331365728,0.8135138665477896,0.7644559221786674,-0.257435692369992,0.41632528977733024,1.1500913807299802,1.0816978107573414,0.007778340819015443,0.8040704629800997,0.1785469733347154,0.1432821768856452,1.3172721831113627,1.176516235525212,0.8571416738077806,0.4729340566492375,0.21687806594860976,0.3548309839462707,0.34110056069657985,0.26324313050930986,-0.8991369862568369,-0.9741278090031066,-0.9236765126394212,-0.6608481872292582,-0.17140064344508057,-0.047053233017981526,-0.20860544718209564,-1.0052166479296727,-0.3550257697355902,-0.42929277863699034,0.004559960552990316,1.3793392957015116,-1.0807316511903302,0.6686595677914255,0.12877000952862575,-0.9705494455831062,-1.4130612747058975,-1.0219847981722028,0.6329706231271464,-2.0125132801800643,-0.006611320487058802,1.088560273035793,1.8282927504203692,1.192673700718794,1.020674887637573,-0.02484360135297801,-1.56565953527966,-0.32302567414751937,-0.6010043864800496,0.6212564140640956,1.1399242473402544,0.21323105438439333
-1.9099536130058956,-0.9369914968063536,-1.3902798110301826,-0.9299494615914351,-1.026076706228736,-1.5208959159570075,-0.9501140871217264,-0.9002131125788455,-1.4731376791709858,-0.6569091245510821,-1.3480025117656917,-1.7490949980250488,-1.7657176052601173,-1.7197193673969,-1.873757449460383,-1.335504370042711,-1.546918051521423,-1.077679297038551,-1.5248100146401347,-1.347663242121348,-1.1204890535445708,-1.325214799316472,-1.7352082384789262,-0.3166607067630945,0.1810367717773468,-0.773360845445697,-1.88717297213362,-1.3525130391629379,-1.8390905456863935,-1.9195354314431996,-1.8391626724909345,-1.4196620806262625,-1.6024613476927405,-1.38206614122017,-1.4804409047785303,-1.6387692785528514,-1.9699232167717797,-1.4750161025558968,-1.3372878794106162,-1.517994472397677,-1.7969877019084548,-1.470782805436538,-1.303368516925536,-1.747936089741822,-1.6786482067960593,-1.8477788839910207,-1.7295310385592622,-1.6334203067814757,-1.7514191247918,-1.8293813050424892,-1.3621519982273187,-1.4320797817032138,0.001424586566239166,-1.2454452269892733,-1.339914666310499,-1.573394330330861,-0.894210303224349,-1.2351725988520308,0.3817619882719385,-1.6606808462755498,-1.328317217337228,-1.4941760657334409,-1.8348948188798202,-2.1391376935999227,-1.991985857817697,-1.990420975606273,-1.038399720486915,-1.632744252879536,-0.32461781346023666,-0.23661878487847435,-0.5658860482927525,0.34913453861856164,-1.325005631321365,1.201821112762124,0.14012921510310214,-0.34349624654154637,-1.5311951461448274,-1.7571979783979266,-1.4136294484349043,-1.0382434918699792,2.181219834964375,-1.1652322699329067,0.6623120370551908,2.1916160095666357,-1.1664371864093446,1.341437404887653,-2.0258556336626463,-0.05199158384775122,-1.0739312922050317,-0.13219129855472403,-1.530674214043568,-0.43899353706681,0.4539696517432982,-1.410112871254627,1.5572155191741643,-1.5660053703601196,-1.7211931763835895,-1.6755092403777803,-1.7639342810116196,-1.5124341957486611
-2.988713559007712,-2.1675968118492643,-2.8185372090889644,-1.637944801032728,-2.517396998157291,-3.0432318482305103,-2.289415255775728,-1.1661143672116383,-2.788376405136407,-1.4313585558646071,-1.206353462124179,-2.8741113973399446,-3.069496227744119,-2.047626577026229,-2.1941011123977145,-2.4112226331963225,-2.105776184212312,-0.8966374369524649,-1.9063119938584872,-1.351476710945241,-0.9244539841835461,-2.3878372309415368,-2.6072790773087204,-1.5026921348327162,1.4074616965197957,0.12127245225516443,-2.6107186437889225,-1.5463945918587647,-2.6059207665202635,-2.734123037821367,-2.4057480730618206,-3.0262556814526516,-3.390930310411247,-1.7475164731134885,-2.7784532811099134,-2.6887155068878283,-3.1298687879580633,-3.2159013941112424,-3.043460350814609,-3.2155177286404344,-3.2298832540191458,-2.1093299757205086,-2.5951447484679697,-2.2470621023416175,-2.691633767920282,-2.698640355500915,-2.996929813100243,-2.991545051952757,-3.3734334959681176,-3.1241232176433202,-2.582851910445312,-2.517543093529032,0.008951375422353853,-1.870954556876384,-2.7858877060229736,-2.9784359645664726,-1.2049188073149286,-2.362629114692479,0.5021387898247059,-1.8899812488816319,-2.757003690282461,-2.8937575919508283,-3.0018919042252885,-2.913947952762903,-2.492460894746194,-2.542773215941132,-1.8485638107217945,-2.219578141801837,0.4661175067137738,0.6741348539877444,0.3403296671484737,1.1523346744519984,-1.3200721717924075,1.3402150058320716,0.24470564266151767,0.5901270945999204,-1.2641177166631332,-1.578354417555386,-1.653050212826875,-2.4680401248937542,3.6791672961897164,-1.8711941347074212,0.8936428556422757,3.6956460169220837,0.36640731109872826,2.977389943956047,-3.1623809804374563,2.1089185926147036,-1.2624446824528985,-1.269562817401745,-3.7681083507371387,-1.5287565195709627,-0.293110350412478,-1.6878698175036353,3.492235026176579,-1.6086319900798554,-1.3211235265237984,-2.6923438495893914,-3.3055077684118293,-2.216425228295212
-1.6734854650509923,-1.5874812456860743,-1.9205940190219768,-0.9597557396339116,-1.927677896404694,-2.0111032848192187,-1.8385890380070458,-0.5151179705623328,-1.8406552370053557,-0.8504090286833289,0.1231466602935755,-1.564750167789245,-1.8047015844391914,-0.7664686329065136,-0.6770016590522815,-1.5977567566995612,-1.0461131157802452,0.016925335120078128,-0.8096460395211188,-0.11971732103418535,0.02728883170552546,-1.5378198533427867,-1.3523894063061852,-1.542950738726188,1.6434066033180883,0.8291723109054251,-1.1874895568664876,-0.5886558576632887,-1.239005546708315,-1.3525405234008494,-1.0113780423235927,-2.167739336077105,-2.463152465262243,-0.697521020827321,-1.761366985199473,-1.5472332908037585,-1.7831304675625446,-2.3413546784527,-2.2743003890350435,-2.2786913264757187,-2.0244146831396366,-0.9902499125490842,-1.710008744983701,-0.9911666035195036,-1.4618836140882128,-1.368196106347088,-1.8152541194886962,-1.925406346462646,-2.245789267910116,-1.939087826791433,-1.7672123515018925,-1.5548491412680516,-0.1182203687953545,-0.9309990808162374,-1.9455843502428567,-1.9342413775807998,-0.5964698526614364,-1.5736755813579688,0.42371077365956256,-0.4183949111971471,-1.8109923512480455,-1.8809696771698095,-1.7025932075672143,-1.2798610963971442,-0.9090182746149399,-0.9111648256645665,-1.2906976614408647,-1.039851029463924,0.8185555862158836,1.0168565800612013,1.025288160533228,1.1172297945783223,-0.18319682343519983,0.35326675306176447,0.12710060269213871,1.0066474381838417,0.18361595959145693,-0.12234500583910257,-0.5331400166532032,-1.718537940057338,2.2545465622786254,-0.8677283251065847,0.573957498362522,2.3314908737947295,1.7529728110833016,2.4104987483731652,-1.8073861667131792,2.5641376533838924,-0.37109724949812406,-1.319099223082099,-2.966600285316801,-1.2039984176062244,-0.6071919827728515,-0.6440185695631676,2.6082302759655858,-0.4345274492225869,0.15170209261924056,-1.575148227956076,-2.1653738624465078,-1.2669169361734662
0.8605894421430659,0.32104766719303557,0.5278370818653698,0.5243327773403542,0.25747500820190167,0.6539842710043693,0.10366465650269222,0.5182498443407256,0.5533522956260253,0.5008844184248231,1.363565127877121,0.9353020350338103,0.8612315759978724,0.942538042670654,1.2618376015649633,0.4475961231028697,0.6788532758327595,0.8453625699776721,0.7769553752216474,1.2056890228810238,0.872693242945239,0.4942877316571304,0.8916260696683276,-0.2617120056300143,0.5758328136742155,0.6642452409384977,1.0518109980108326,0.6541360591479994,1.020422889246778,0.9365623039216474,1.050478472008068,0.415969617632844,0.3778698923721621,0.8395480703849614,0.6763398480478404,0.790867430827296,0.8494933290235206,0.3865021465659946,0.29433165251166543,0.461606722580208,0.7511308662881545,0.8473107821766207,0.5579789049933858,0.8720085545278512,0.8927241457491594,0.9145748303696739,0.7379019211671496,0.6134146729873458,0.6313596077859808,0.6735347343403526,0.42138483322526116,0.6216678134412514,-0.14471666120907067,0.7410631182712002,0.46150995619121227,0.6408628895870025,0.4335728920120623,0.47578965486653646,0.1709159353384233,1.3624485110739617,0.6331574032320034,0.6220811673464413,0.8664048033687375,1.2227743638299746,1.2793144209216856,1.373753676775663,0.22585783599148734,0.8258776440221782,0.4226278058822179,0.48676360902676663,0.8427414898990413,0.29397269147224814,1.0290801253014599,-0.7898771084270402,-0.07043413731591383,0.49441463532291813,1.4343955654327338,1.2143785924991473,0.9286620407451628,0.5680164217891668,-0.7659209247000718,0.9623968962258799,-0.04172360123032236,-0.6305754478650002,1.5726033488195956,0.051052779671377245,0.8193046596697389,0.7962288616422362,0.8187148345623418,-0.16894985151191036,0.22884190509031854,0.21775331834625086,-0.21528478678469104,0.7704698455433593,-0.32940566318890135,0.8782690970873789,1.2710691882826264,0.6788796561961254,0.6606294569396707,0.5052484361237354
2.400701688681264,1.9259976939126109,2.4195360904774668,1.524108141355312,2.1873789992965853,2.6791894960154234,1.846364561176818,0.9847253746962348,2.332826715419065,1.464830984573881,1.3907480123054181,2.4860663585964393,2.65856305456999,1.5696799635838359,1.895807856086654,1.9255916944550844,1.5489697868504992,0.8047276014554346,1.4485622739020312,1.413279429151934,0.8058832288320256,1.9493336296912613,2.1577084177818486,1.1508548829678817,-0.8887781780332529,-0.3092551464574095,2.1485761904046603,1.0527970565609932,2.1678089974944528,2.1396796973186385,1.9745199591459088,2.5262719530092,2.7284052803002155,1.490428626753733,2.432175516955755,2.277176204277315,2.4720185422558023,2.6579919874069007,2.4971149955645573,2.6795981865236818,2.7106158976982133,1.8060591564296729,2.2819492153998047,1.6985861677999476,2.338200005829594,2.1695645791829317,2.4701121967105055,2.4501781200566897,2.79543964942,2.4509254746903752,2.0928932333340224,2.125842414802161,-0.09051734699233167,1.6821433490226825,2.3767532682143124,2.5295916202862547,0.9387436708208392,2.004748235079893,-0.05207465884187885,1.8660369476031482,2.5095069583167775,2.495081108405451,2.4918157905780167,2.412770802399228,2.125801960585148,2.305383063574993,1.3364843280463756,1.7502367376069359,-0.4423638087788028,-0.5416068105362725,-0.14194943776088442,-0.6843274937504131,1.2058306397690202,-1.1091339647585157,-0.27370412000481953,-0.5938615538092129,1.3106334128453767,1.2048014297037954,1.431846238039289,2.471708548453434,-2.828035254922462,2.0541442232330316,-0.36026819775102065,-2.65626869289492,-0.12790082721221235,-2.0695207510894216,2.417517044087654,-1.7806777556283102,1.2169001255937129,1.2678601568036376,3.142849703307855,1.5740641011168912,0.6099376937210347,1.3005148772769386,-2.8518023547684153,1.1374018241603625,1.0108533471460075,2.1177109285227047,2.738669383729193,1.5265155704094848
1.6145964630853247,1.8511227274625532,2.137211296406786,1.1591713041836917,2.222549473329425,2.3808421291126383,1.7934916279025075,0.3851475491363215,1.96702836749492,1.3102222909977428,0.21451874089185047,1.8782941174836751,2.137822756143441,0.5895607844137394,0.7064680074500569,1.4791367493369583,0.80774577707847,-0.13851862889298314,0.6106698317220061,0.29931291017313333,-0.18031492697345042,1.565869799623714,1.3707155119029932,1.2939032377192978,-1.421704086787339,-1.2711281664456313,1.2204243794208725,0.23837803351513104,1.2166105148433828,1.2900879709596513,1.007341946029904,2.3878158423451867,2.6210613707811836,0.6496642209877928,2.00965153307547,1.5951666404214435,1.7180632527072257,2.574360446519952,2.511638966458547,2.5334776189684978,2.191283529564848,1.1098290807565738,2.0398271154728946,0.7831095779443097,1.6729746939197279,1.3689557158182637,1.9535041023625137,2.0469059064736808,2.430506340989738,1.8745861991211745,1.7618016699906927,1.6497530421058226,-0.1775775560554959,1.0693835594345171,2.16598638159061,2.125755747861294,0.3912724850929806,1.654848111836718,-0.020727197150420786,0.6944803833528886,2.3060449932736575,2.2120421506921017,1.844977280202737,1.3532770322205832,0.9311649051543542,1.1412237524601094,0.9534103700791132,0.9586645134613756,-1.1087548133131817,-1.2844006479357428,-1.153879621345257,-1.0742504066925085,0.18238401235084023,-0.42857299039694946,-0.4194768569741863,-1.3639109515319372,-0.07873917602717918,-0.09490259505793755,0.5289317703216678,2.3915638175459293,-2.2717280936682336,1.4505826027503947,-0.00033135498245903477,-2.09965034045957,-1.806523506233628,-2.042341632433242,1.6250948741586713,-2.9665143716165217,0.39976545692403764,1.747333006191475,3.306945710864214,1.8070859354789646,1.2376907870249738,0.4860792700498895,-2.8509792545990646,0.09594697212649168,-0.34767638262002426,1.5087631559519143,2.288621887059423,0.8682130586161056
-0.766549347015746,0.1925823070594526,-0.03583092360462746,-0.2273501229425615,0.35685804980284985,0.07475089066873766,-0.03811229526086819,-0.7744593560486008,-0.20256274587231338,0.26444025197704707,-1.0682768009156736,-0.24274820899436417,-0.16650808358128122,-1.0950144842886733,-1.1872182319556277,-0.5141752744051884,-0.8653193192532028,-1.1652105975254516,-0.9832225132270616,-1.1440217977005671,-1.223213656185111,-0.2893791174314925,-0.7220371938276805,-0.009502773533053234,-0.513707420681627,-1.32639188295887,-0.833409330378562,-1.0275378358440252,-0.9427499641807652,-0.7714570487267646,-0.9289912828968275,0.1661114552224966,0.18181365673112285,-0.9386226832717881,-0.18424183910364536,-0.6493917172637966,-0.6818403852767387,0.25216099327056285,0.3773955564261609,0.20929720654105666,-0.3237019852301224,-0.5594404242124434,0.09429696858303789,-1.021839137468077,-0.46663668567112143,-0.7154123757499553,-0.2923415926097862,-0.19407937286397473,-0.09087833689948813,-0.5102931172641333,-0.2833247826250645,-0.36496208458725815,-0.419381659371627,-0.5298793584622126,0.041284139809930724,-0.17802570322742525,-0.7383221474466732,-0.26839553808552913,0.26633900123729254,-1.054224107731506,0.27397217902102206,0.0850362740046809,-0.42683063899334484,-0.9208248232103815,-1.1714803342786804,-1.010410011597626,-0.6210974492449821,-0.8118779709351716,-1.0179733452362814,-1.1261218613135862,-1.3134086182101843,-0.5390679452075737,-1.0963163142470775,0.5917453735869995,-0.3681998710160093,-1.1012368916970356,-1.4516758281539972,-1.428881137469121,-0.9562849365564459,0.4065961405624235,0.33459755528224533,-0.36185646984016134,0.7470690334467445,0.47620512073609095,-1.8721443214975468,0.15163330529957592,-0.801310642016343,-1.6684255388051017,-0.9413809278627053,0.7355422591486114,0.566876538869563,0.7615118020108956,1.1298592794563733,-0.9191903998405094,-0.33986371203376126,-1.2977262667627234,-1.5174037113469014,-0.587727233004694,-0.26275744068522416,-0.8832676433053601
-2.595025969356985,-1.5769213841529903,-2.183012186236723,-1.3631999299377575,-1.7871026261704976,-2.239733525729603,-1.983763440645422,-1.3813015133412727,-2.2622055578922398,-0.7744028860015169,-1.2635074048297188,-2.0373006285585844,-2.2603936906843334,-1.960519293693841,-2.0560403309229884,-2.231428692061607,-1.959119943437263,-1.2890297132119508,-1.8862003302187709,-1.5912903315564748,-1.3224664948304277,-1.949774733031816,-2.24071818055191,-1.519487283313988,1.0460669087996959,-0.3229576374211917,-2.184030549501585,-1.5418213222285282,-2.3676857801124043,-2.2064570209992085,-2.0859429536410556,-2.2093188504905474,-2.5019043667985588,-1.8133304169171183,-2.2122304818370817,-2.4406973738442788,-2.5894549392110857,-2.305538304128706,-2.0797853437822975,-2.2844271794382323,-2.6345182965780776,-1.7041679273305388,-1.8744156964979093,-2.07080424158607,-2.1949333327192715,-2.2302078152914673,-2.3036856537255868,-2.310399146968185,-2.5670732025922636,-2.587190368453137,-2.199537708578973,-2.108731253212845,-0.489938771586046,-1.6513371091058509,-2.1327751696598964,-2.3531355685251927,-1.359358021379375,-2.0389830464483136,0.5464121736059687,-1.7845636883634857,-1.8518329003189697,-2.0561911319111066,-2.3251802060724094,-2.3887625993006165,-2.264696607071508,-2.2180409316772316,-1.8984708773596068,-1.9724833736292535,-0.1709773413303883,-0.1072303004874029,-0.3785473230887648,0.5765612471525562,-1.4256107273671645,1.0867698103482073,-0.043385575524947706,0.07319899331306598,-1.5273721029543685,-1.5307350914108677,-1.6462693528575678,-1.7799502475878308,2.726860583743765,-1.7988393941085097,1.1262079786578325,2.8514293602546306,-0.1858684833922673,2.5536207551243972,-2.692450542063502,1.1059725624209715,-1.5551162292329987,-1.0185407228583356,-2.760016825534945,-0.7306935712497942,0.28284735040347764,-1.6175421079833465,2.55979357317679,-1.7320109002821753,-1.3937978634794497,-2.3047280904049585,-2.6613637234228755,-2.1230593999806198
-2.2770985676270805,-1.9582773897898407,-2.480180085256741,-1.249882348068112,-2.4085824958666002,-2.641071040783182,-2.292118396838579,-0.7973786530725792,-2.440937055572752,-1.02181863130955,-0.1796389192213564,-2.083327301155764,-2.4348286414497577,-1.2395038279471347,-1.1428112058882638,-2.108467221389472,-1.5061977039551453,-0.2945484849628592,-1.274115988303342,-0.5835654921684098,-0.2852065966099688,-1.9848865740467792,-1.8838263436290512,-1.8052722610070773,1.8930217573962123,0.9283586986562373,-1.7114652664169352,-0.8178182265170963,-1.8217786136896568,-1.837983408431081,-1.4816609918418457,-2.7585209406206364,-3.1926909947760707,-1.1482403051494814,-2.348398118168071,-2.182568101944312,-2.3893711946076697,-2.9719590078583353,-2.842649120292264,-2.8884013341689636,-2.7709200830809184,-1.3735969753292938,-2.2443880999174617,-1.4390218125729104,-2.0546160482296942,-1.9059667116172605,-2.414847286376421,-2.527356938878043,-2.9229200240520155,-2.57437923546078,-2.292845237770305,-2.061740090516712,-0.13812353471948136,-1.2971123575068053,-2.510467126374538,-2.5508504938900542,-0.8336160159204139,-2.087770735664566,0.5429234805810204,-0.8554908890863421,-2.353735956586077,-2.4608191690846857,-2.282030075953474,-1.8517560361814254,-1.4065543351805265,-1.465245972970893,-1.6483367695092181,-1.5183508080473012,0.8159880822280416,1.0405453736245025,0.9756666101990722,1.4194494881145114,-0.4768827574680576,0.7000412211007043,0.3634523150898175,1.2160461804818434,-0.19416564185706878,-0.326582806892818,-0.8949216451545793,-2.329373497188195,2.937986622251486,-1.554574784881065,0.7079604739602823,3.0755536602135005,1.795904915500075,3.021463117242623,-2.4296650163964415,3.0532511227770747,-0.789622774790792,-1.9843252915276575,-3.869266573299096,-1.5135099650622794,-0.6807103832637533,-0.9780512102728315,3.4263626388867747,-0.7667884606654295,-0.08101857095663506,-2.1492920865755822,-2.852599723607877,-1.7161205701500484
-0.20916925213266788,-0.7399496591601779,-0.7807007808780635,-0.08742692912884065,-1.0806627926357075,-0.9081074232380137,-0.7498676230671313,0.4594196744845479,-0.6659445288660997,-0.39599574810587224,1.1688691818554704,-0.5137505884703064,-0.6837028165466236,0.3869592124488129,0.6613002412378562,-0.3069467436105069,0.04496224900266785,0.9718105892812049,0.28940073480341805,1.0125569051529844,1.009726607003978,-0.47542689687621514,-0.06962996661557683,-0.6170101065549227,1.302937739788579,1.308138097180184,0.054670198646979355,0.4335591281753067,0.1440127881627082,-0.13468074593371693,0.23909994140926666,-1.1346491119534416,-1.3919807639549338,0.4502896476120247,-0.5820748557875296,-0.1504835877124543,-0.3821881767422098,-1.3004589733574383,-1.3863896701358525,-1.2255962652758152,-0.7023485388356948,0.019749127770440682,-0.8116090978640995,0.2358826375265723,-0.26797570868954124,-0.1469239351150647,-0.6623159272423464,-0.778309818021608,-0.982626897890996,-0.5871282224784731,-0.5685952309718658,-0.36222424917161195,0.388764941503087,0.13753801186754763,-0.8709107198944098,-0.706922406010688,0.3506687798666104,-0.4299819726500783,0.24920777813083483,0.837246186256119,-0.9381457362731631,-0.9128835560130073,-0.48102316033628584,0.0716681984804122,0.5347224836389003,0.47496855117698855,-0.12135632070590233,0.07679885218538879,1.1481594860854032,1.4019034866569384,1.6317507782518594,1.244665320675633,0.863936988054125,-0.18008096009253355,0.47020822137975377,1.320922744371913,1.3712681472349686,1.001481307205339,0.5794639832953103,-0.8561126146930101,0.96253137603161,0.18496188474312167,-0.10689087661291843,1.0801059417349101,2.323218893592,1.1940346528112469,-0.3532358610349041,2.5105618959048455,0.7246583180003727,-1.1718137015834396,-1.8659370278329304,-0.9987235150283433,-0.9484644685503353,0.3663159183347077,1.5817877371101363,0.7086298351207267,1.1871697561415528,-0.33528988134667964,-0.78391746391171,-0.06040796168546527
1.6994024442594078,0.9437457044459275,1.3733042839196732,1.013202968615601,0.9947446516877925,1.4138963898814207,1.2069072607569016,1.189607182242431,1.4608621241330508,0.5381849080969697,1.5114008746744079,1.264332403325832,1.4304085982073815,1.4385319770010279,1.687382267498924,1.500701947176091,1.2815317850008185,1.3316867986411656,1.3820401766941464,1.7570586807511532,1.3618385090817702,1.179831512671458,1.543375699750126,0.9210260208126945,-0.20037121833616883,0.39996945552977076,1.5185580049223446,1.014220825320305,1.7495029444463759,1.3464466202463876,1.4898987095914233,1.2055668973940732,1.3286359870337752,1.5088199763581824,1.4875798410870968,1.8102445371577702,1.6100016071892744,1.2208991531366875,1.003038378638845,1.2208161181088715,1.7308833572423246,1.1865263100160626,1.1501387215415824,1.4059124235147427,1.5594463176407114,1.4468467926375417,1.3835758865187398,1.3647940746885532,1.5143734643922468,1.5769952915677905,1.3735700460984115,1.4196798619051345,0.5247186263409639,1.3032738995489472,1.301565614818187,1.5135555280648325,1.051151301486693,1.413531966391559,-0.06135495290438896,1.7233603853283148,1.1431174605428243,1.210686032421969,1.4463610017194743,1.6329260619691024,1.76118838954775,1.8247976090535796,1.226211220872328,1.3532959966390825,0.4881741854702235,0.6039772176894429,0.9470832307463732,0.08678153443028136,1.333620254629287,-0.8025532296593767,0.07805195191019795,0.21462467186698067,1.7403609042684949,1.1770298620591495,1.3876320366451196,1.324847043509322,-1.412568934328973,1.8829057197712296,-0.4982440266916895,-1.3891432854407375,0.8951728947812738,-1.2606733673563764,1.6516770152554505,-0.12591827501259856,1.5991633938268988,0.8509579115922222,1.5240334056592837,0.4034450012595759,-0.21410402883711244,1.1543376801060863,-1.3961357864049935,1.3091700076643449,1.2060464436109604,1.4881319190834583,1.6719073988531812,1.3210758291337297
1.8470774734496986,1.7228741726481782,2.195282586743269,1.148020838438336,2.1249950295302362,2.4311425404076337,1.8862507585583212,0.6862262607562377,2.1482382092578862,1.0996278263268227,0.5336276643829244,1.8658232322926938,2.2097617424268936,1.0009147848660305,1.0539599971307092,1.7363253604014546,1.1361554279353103,0.38169202655147355,1.0365013290858414,0.9359594350035463,0.3640834449791332,1.615032180177818,1.6112483228496304,1.3985347275260689,-1.3342839402189297,-1.0614309676861065,1.4909009134902413,0.4169680621907055,1.610955177291412,1.421289665636845,1.2451117173864972,2.353798653490458,2.733887936442559,1.0714340576741375,2.146629635474503,1.9972113966123832,1.938383704399809,2.5437706583022854,2.4103712644175137,2.481096370573046,2.495504272008339,1.195549259632648,2.0597049688647138,1.0817605131506127,1.9166814598481121,1.5763962029209444,2.068300729624663,2.1518120289180658,2.521062562902486,2.111558543398521,1.8839941973525196,1.7846835972285195,0.016206971782179364,1.2127153259902839,2.210039499037967,2.262573177748513,0.6092896795517646,1.853390715143098,-0.10599398213742499,1.0349118167786002,2.234198515589203,2.203595877940864,1.9399369071597268,1.5761921757799149,1.2430044872299635,1.4555971918127921,1.1732872342278018,1.23101642576583,-0.7136460213824508,-0.8134408124697192,-0.633250240899583,-1.1341785757690228,0.5029100795687391,-0.6896767162535196,-0.5448529994189611,-1.2154110089273331,0.5158015209750486,0.07607852034297556,0.8126929841841334,2.4127373124279945,-2.2887027675738953,2.035055753412306,-0.08398078064942091,-2.324412473235847,-1.298803670717061,-2.2268264807543825,1.9025257574550074,-2.6997753676893965,0.9716645810274294,2.292178277357033,3.4743020039121246,1.6188240394439228,0.9776141600713998,0.7171439044757417,-3.0505103011168195,0.48301819917957856,-0.04096596936959634,1.7805301826223354,2.4656489646753794,1.2177485000645223
0.28863880575332496,1.1224984483851788,1.1491974467736905,0.3726185382088227,1.5221866477125727,1.454691689991766,0.8204465018289404,-0.5789184426180609,0.9392999188168242,0.9736248562972821,-0.8389064236321978,1.0028154864715717,1.189671489658727,-0.4764173627281774,-0.5672154416005246,0.3034744507475723,-0.18912667016779056,-1.0857727634288559,-0.40295382110067307,-0.7791754021756468,-1.163466363517644,0.633986225875557,0.22745416001061633,0.41525612980528326,-1.1684088955924048,-1.7819450311770137,0.15262479831683823,-0.7212120220896507,-0.06242266098343204,0.22920884798396327,-0.11581293678422255,1.518544862726254,1.7699995395596517,-0.43653778716268377,0.9923799443604291,0.3340786326844565,0.4980626286620838,1.733245196282533,1.8336938191312564,1.6907900579311765,1.0644945049769405,0.22160142210522635,1.306604641224821,-0.3261769051746127,0.6411696857511894,0.3049225999921869,0.9914133865222385,1.0886458329378286,1.3695871935677877,0.7146232698206687,0.6800694300750003,0.5800075593692785,-0.7268901138929712,0.09053179235204117,1.245462236476979,1.0598453596310906,-0.5243534389680392,0.619285244858876,0.13938846309395564,-0.5251681343146543,1.595867871500218,1.4089976355488634,0.7811577390965387,0.14793374948644483,-0.41373964760011434,-0.1599871955017729,-0.1510301153056132,-0.06946266727029689,-1.5091203334869698,-1.7471671840440253,-1.84427687452295,-1.3323283914337993,-0.8309159281875137,0.008659464019538538,-0.8250530410313438,-1.7314172737548932,-1.2658718252748375,-1.179420903739305,-0.5428054811133669,1.613560807822422,-1.1800542511902623,0.49203509728089584,0.7319095344831271,-1.0761762653727172,-2.390120012448766,-0.9744489722225289,0.3409584468066925,-3.0668429019764227,-0.6617348698143922,1.7059807955267188,2.429344514698348,1.7217180109609183,1.6265992699851224,-0.4482337872337073,-2.0706304946219958,-0.9805118639355433,-1.3594340413308463,0.4205307007100709,1.0908169127066687,-0.2079842519292619
-1.5100962957361006,-0.22369604040979799,-0.7513086282054781,-0.5388464297913695,-0.19563699821898375,-0.5773431007585712,-0.9587715034205508,-1.418108201350641,-1.0209234508124054,0.3292675899137331,-1.3314424562551694,-0.4794282492031383,-0.6528190075357369,-1.6383400854974315,-1.6498332574291956,-1.4525663019825072,-1.4738624453286382,-1.7617018667401394,-1.6287552141507566,-1.8902125564405619,-1.8551179593375948,-0.809135519055609,-1.3129853538828966,-1.0870787444491397,0.11091402078205115,-1.0702724165356512,-1.256772122655324,-1.2955554044612267,-1.7235503532046483,-1.0831893163329978,-1.3086041373172055,-0.4742462183035578,-0.6635244582652372,-1.6373569045519571,-0.8871379380716559,-1.654427866717393,-1.3525018164572982,-0.41749240133308635,-0.14507017324867047,-0.3729719622854932,-1.2624534817414577,-0.7922071845781732,-0.3873743214532215,-1.502562536545326,-1.0831621840907544,-1.1739715312321846,-0.8337522631449154,-0.8183730676041114,-0.8411586161380948,-1.311086718124892,-1.078016967121523,-1.036392823419133,-0.9849127773285399,-0.9776080643477963,-0.6562926793453291,-0.948612236322236,-1.2697377653923179,-1.1154312179672397,0.4384220381107675,-1.4994105308672039,-0.13771611151339505,-0.3952638743558626,-0.9137691517106142,-1.3054147595522587,-1.6522198851652663,-1.5002058608166997,-1.4881119478848204,-1.331652523649336,-1.1988237491278622,-1.3914584947643038,-1.6133899280013901,-0.2608903200077447,-1.4259925403571883,0.6905515590969835,-0.4140051059083781,-0.8304113937369334,-1.9974800353230795,-1.3579668730210634,-1.394871524193794,-0.31673931949884304,0.8324706012918822,-1.4217479616192628,1.1996504398480141,1.2262382932842149,-1.4265892327847365,1.3249350316712014,-1.5644720974657425,-0.8901312072441263,-1.8461232518270574,-0.5509949195358287,-0.6540354598574345,0.6306188665815564,1.1373705953823783,-1.2439925182097544,0.6762533798450966,-1.725721454131385,-1.4971332125840293,-1.3269500919204238,-1.1563081741427568,-1.6479283247564844
-2.0448792722194784,-1.2350595411598118,-1.91285688715749,-0.8726587297840727,-1.6285554070736081,-1.9858893056443236,-1.9156414284878813,-1.0517678388783367,-2.0598342510227927,-0.3688990601047229,-0.49133057143673614,-1.4119070944565562,-1.8203432507544086,-1.4588953445000052,-1.2468378428535218,-2.0032210088286946,-1.5938030020739384,-0.9845146453892373,-1.5493973788945021,-1.3536207846025177,-1.0128379034604396,-1.5382863867212746,-1.7184131464372716,-1.7155384750564082,1.4082842738909498,0.482348910707918,-1.5787795277901309,-0.8103931938513083,-1.9013787699851044,-1.4610040106030993,-1.3514805791602003,-1.9826001444253587,-2.5325322416031453,-1.456552737650186,-1.9305586458118613,-2.2251843266543774,-2.0597519363849655,-2.146293459307366,-1.9307509662721631,-2.0391695221392054,-2.518932033027195,-1.0490547876524634,-1.6498269547829274,-1.4544991759942358,-1.8148340085541097,-1.6519198034382405,-1.9227637337023609,-2.0048806692150483,-2.277778959680248,-2.2593231017339637,-1.9007343573418545,-1.7048813446328956,-0.43779534875391196,-1.0967944083716195,-1.9141913785152085,-2.070634601750543,-0.9590243090651079,-1.8451092482015437,0.5378841978563991,-1.0267383866050304,-1.5686050018931947,-1.7433454737350873,-1.75962763926401,-1.597394493565136,-1.4233477477376266,-1.4203203448159154,-1.6505298060763063,-1.4764936953588608,0.042187552338610684,0.06325274089801358,-0.009795299767619227,1.1666265596924195,-0.7582127851590577,0.8117894420590188,0.39802872887892304,0.7534452145673972,-0.9308697158810701,-0.3341463913692606,-0.9989209039575483,-1.7666555280658014,2.1414079794885117,-2.0148078116518424,0.9080333998865857,2.6572302019871312,0.7989072379724746,2.6771874046717135,-2.187954895831766,2.0327253211691074,-1.4467773052857205,-2.4278425338513463,-3.151730427607769,-0.8051902179956161,-0.11472537754380079,-1.0122438234406577,2.8759867595137725,-1.0894185387149506,-0.34462244500799755,-1.9799332487692067,-2.3838901420526413,-1.8371463141444873
-0.9866656570000836,-1.2268776643202997,-1.479005348324542,-0.4910471159877198,-1.7144335298602336,-1.7170028490203844,-1.3124195200098816,0.18501746463094354,-1.3890903602234705,-0.6657652306292083,0.924925419899191,-1.191824726303509,-1.4840158219255817,-0.13308458453578026,0.18846095756040712,-0.9331929682398932,-0.48910638392170175,0.6454900635591722,-0.2417354357601285,0.4818227878832191,0.7192170408238175,-1.0811449534643973,-0.7544713181651963,-0.9148577969998184,1.668470908001423,1.4921182713527412,-0.6567716292396064,0.20173812930884816,-0.4995613428298313,-0.7654171291081217,-0.3411724186121389,-1.8819496307191286,-2.3470724613912135,-0.058488153330859764,-1.3665916233121422,-0.9129874849536139,-1.1538322688498055,-2.1374784210967257,-2.17500223809274,-2.0634115417802863,-1.6923331785041738,-0.4916700838215579,-1.54180371746596,-0.3199874237967986,-1.031271718700935,-0.8593076949779842,-1.4920868842377066,-1.5976115352399087,-1.8644191518990971,-1.4216924970266644,-1.198605355931549,-0.9786158028022435,0.4878397163177946,-0.28377859013454393,-1.593896791256859,-1.4743266859021875,0.08412889753586462,-1.0235990506972472,0.3885765029269022,0.41651994901897643,-1.6388063485291218,-1.650639790089252,-1.2118258525710732,-0.6444192379414599,-0.05092197012060797,-0.11833049842147304,-0.5465432009923878,-0.4699126202203425,1.2309739787568108,1.504164558363552,1.7080349187401065,1.6614129616011324,0.5344112248276713,0.30733491593316353,0.8534448201053364,1.6432184525374456,1.0729402353603614,0.828682564243318,0.22128768703420065,-1.5782571081237773,1.8463242032742229,-0.65945237977065,0.10534555104240505,2.070049706391419,2.4094669966228675,1.9604983209087667,-1.1161488987126449,3.244201100403134,0.3022021075835852,-2.007453886270349,-2.9826807467827376,-1.4392624595412742,-1.0698241475681962,-0.04868331924269853,2.684062198653985,0.336225476153443,0.9893304799254897,-1.0616023029603108,-1.6631453272452226,-0.6302679652261769
0.6681417168801324,-0.3214967672397169,0.055679806003558194,0.21585685633693602,-0.48992504705085593,-0.11875372687298873,0.2434758086878658,1.1748918223812648,0.30868466965500185,-0.3941317463464317,1.629822317428137,-0.13198668136330502,-0.04674111771995118,1.1333516835255146,1.2979883699380161,0.7702404404776502,0.8253304597664864,1.7391071268229412,1.1302907580613966,2.0669255497781434,1.8452645487340902,0.0832898219221413,0.6669729708978359,0.5274101453299943,0.7286796835640502,1.055919384028459,0.6489174899004491,0.7678680085119554,1.1598461726991174,0.2886115031972778,0.76755475505083,-0.3878535195283596,-0.35636812057919365,1.3183391079717786,0.24039990498943026,1.0922625386298555,0.47384004208417346,-0.5112722495896622,-0.7779909508008801,-0.5371244237985134,0.45898580225391133,0.31742100267603746,-0.23693290272315234,0.8595701533830188,0.5216561981230955,0.44404909525599245,0.006658132106813545,-0.03046561317654625,-0.07292564471605859,0.4028019620219199,0.3298277970474917,0.4199606767055501,0.9789779350675218,0.677971657212539,-0.07868795733176336,0.211273961822033,0.9085799695355224,0.5445304404096625,0.13120468193523468,1.4879975769606892,-0.4062478460019022,-0.31530468151381186,0.13029070245530727,0.6176391990347713,1.174593051470117,1.154264742096839,0.8105618725828873,0.7353344307429573,1.371823029592461,1.7537084333335444,2.080846522795121,0.7735027711866046,1.2823670728032155,-0.3885549646799067,0.4386621964058501,1.0475658026201093,2.217527268493719,0.9877578479049773,1.1374105385795545,0.011996109905129095,0.32133949689578717,1.5570936618409987,-0.5165934300671189,0.04300690085836378,2.0505448117946035,-0.13973430039423243,0.6099350111740082,1.7294101966993891,1.9010422286096889,0.5062533518502904,-0.37510184859274076,-0.7681893493423793,-0.9206958042261485,0.7691906106102004,0.3053590151801324,1.2827896271236083,1.2713669813408606,0.576524524023465,0.28377888963593817,0.900585494936649
1.496188894088171,0.7394267316649542,1.3482695021821505,0.7000629528855572,1.0111117525967106,1.4236108552276054,1.3802519014892918,1.0358712661003544,1.5378308604559172,0.21762541408312064,0.9394873209732211,0.8766851958552415,1.2646111798014634,1.2172062080778001,1.1027128112565752,1.599496698525826,1.1815559116718544,1.2957100305905245,1.3439092666916448,1.913355113819445,1.3065075056829598,0.9961312703399702,1.3243710764680432,1.2406302917806806,-0.6081080544797873,-0.3911256724998533,1.2419928492522074,0.42736065014058355,1.5690707701334126,0.8460377787656972,1.0442516122921282,1.2079947248361116,1.6992486989136304,1.4468933198325926,1.50987572403472,1.9864479327821563,1.414273013949879,1.3347557081437966,1.0865784429546144,1.2472661022227516,2.0434656779737583,0.7418165438693397,1.1641857825293025,1.0859011232139881,1.5056833237537217,1.1717081643254523,1.312555653335275,1.368507982791618,1.545853215476478,1.6282736028235476,1.3536520405493273,1.2821912002278228,0.5657690912044582,0.9723882876776184,1.326939742754262,1.5119951383871526,0.8146109645221438,1.4677340082481325,-0.0722438020087668,1.2001685023628281,1.0614837625718088,1.121217504157507,1.130953088579797,1.1240407325037067,1.194651610939965,1.2757266488633923,1.2226597401982975,1.0908184027812349,0.32831717042677483,0.54741775830888,0.7029409220334655,-0.6585335831235922,0.8509241314708104,-0.7132067788583467,-0.5231076884009384,-0.49373683390724704,1.3779688230732436,0.06837307788685092,0.9547561176531923,1.5599288659287223,-1.1620480934754507,2.605676353370101,-0.3860991589582099,-1.614857217295644,0.0515813501933518,-1.7358858259044494,1.4824710386236908,-1.1728604794094488,1.8377898204292609,2.707102871775138,2.3284386642994486,0.6040307017406992,0.15502321325926616,0.7773386222305221,-2.143213259740661,0.9374328075482242,0.30400786527346896,1.5104643053959899,1.7520722684060674,1.3937902460684701
0.8433884305317325,1.1744510084605198,1.3702380128578249,0.6321955530821975,1.608813178795583,1.673215311756033,1.1554038351131146,-0.10256812667624787,1.2986319721064328,0.7240694116937204,-0.5745429709055216,1.0934012098689343,1.4259240324520759,0.0761644009719251,-0.1320505395760006,0.8389330714594594,0.2972493553686031,-0.3909023880359643,0.2048924877791041,-0.022420963003234224,-0.5245409880213255,0.9783157335630221,0.7180545002546785,0.5855416944065674,-1.261607521180839,-1.502212021214649,0.6900320480801279,-0.3953549242130409,0.4152466392500155,0.585070837152601,0.3423234468219818,1.6379226440789878,2.095734054673645,0.19256899009894315,1.4048673460395604,0.960264934756095,0.9486353294123065,1.9067850589560107,1.9374232430972744,1.8671290720742,1.6748887541290978,0.5381759377324979,1.5378695751444564,0.23100417720212874,1.122700886357077,0.7915574681175542,1.3899503448208002,1.477925184988783,1.688008939103755,1.2403135576187463,1.0445179895015744,0.9346869604493334,-0.4389151715913002,0.4178374842262743,1.5017086678845362,1.3866467502688808,-0.06961337130987434,0.9931706710739363,-0.12624418449937147,-0.1760374003137813,1.5968913152342663,1.5343613030601364,1.0634651477581627,0.5654639703912582,0.08580089482802947,0.23882067379155322,0.34711853185708136,0.3627138251767886,-1.0357654705068966,-1.1915886293060207,-1.341745484995986,-1.3128369571690266,-0.3313696865782365,-0.4244965918114509,-1.0902474106744322,-1.5927259233073834,-0.7804812343393709,-0.9271160890037599,-0.11473608588098952,1.6934740499967535,-1.456252780268987,1.3271178286717311,0.43296612315244826,-1.474165973453682,-1.8765704383551507,-1.4237915684785811,0.8365923115027344,-2.9375432501639858,0.005877854642444686,2.2657673283834536,2.7573148532260294,1.489977510832168,1.1882646329190176,0.036128014718022496,-2.5037400220043318,-0.3726969315234009,-0.955691755787914,0.959551406401455,1.5280405003828221,0.3954297200075978
-0.6340393676011241,0.7319869086850767,0.2529890079383525,0.11422688199347096,0.9170049741129196,0.5646178881255649,-0.14116532858850242,-1.2259620511640321,-0.07511170968107085,0.8191103296797072,-1.5086172917130116,0.49221951720537355,0.4416805572666212,-1.2325468152586119,-1.2096083761414445,-0.7891985111067693,-0.9880190711434118,-1.8978811620341878,-1.2632202877285874,-2.087698147891127,-2.069057702662677,0.12597647724630978,-0.5407608404928742,-0.7500190513667634,-0.7272992015603172,-1.3228688749349782,-0.4593269812552014,-0.8957647144588776,-1.164295954491115,-0.14755483871747188,-0.6450105962123615,0.6908000449699959,0.6168150491482021,-1.336436252808792,0.10423927268578241,-1.0231685633597203,-0.38985371968362253,0.8593404638485523,1.182937224596531,0.9321597692053385,-0.26012836593428756,-0.04194306973736599,0.6585442810629192,-0.9073975575464542,-0.21564837034400933,-0.287386942191671,0.26668051449614244,0.3024130663047355,0.38086607694045965,-0.32970765258369245,-0.22775677261040173,-0.21698993877812783,-1.1748267586793826,-0.42563134710598544,0.4213472459393477,0.0856695885942075,-0.9573974553270937,-0.36046126873200846,0.033252618441434574,-1.3296956114776475,0.9025812557099845,0.7197663449363984,0.13507036635697492,-0.44354063466680604,-1.0803033214517113,-0.912221215718623,-1.0093705847510446,-0.722338338036878,-1.6078575626029503,-2.060749453460813,-2.3232915685154643,-0.6589065455253073,-1.205489787276469,0.23116648079601082,-0.6410301174777241,-1.3033328292821575,-2.2933963113121663,-1.0090652863766776,-1.080142699531067,0.41745403895139793,-0.45770928279296436,-1.246419187464533,1.2251681253746693,0.20198083881162013,-2.129448459082256,0.4243428808210247,-0.6360958060525272,-2.1077020666445514,-2.0100337629923746,-0.537909927206573,0.6777389719994721,1.2177479748413538,1.350528360431059,-0.7885478696739031,-0.559429594403519,-1.4913065330707675,-1.354032950132455,-0.5296314339250261,-0.06422956699252935,-1.192605536613383
-1.5695822022013666,-0.15916502497918597,-0.9160065188647077,-0.39657996854728056,-0.3935048732036044,-0.823560245137482,-1.2862379531937833,-1.3360031502945144,-1.283227544930391,0.5390996147367229,-0.8884243750637328,-0.30069490938822574,-0.7325851207098959,-1.526229255333267,-1.1506537494827411,-1.7615094883124243,-1.4972789936220883,-1.8646350172497739,-1.7295328408452508,-2.3033787498881706,-1.9033577061435771,-0.809922772963512,-1.3035005965078241,-1.459256613231885,0.5506793359509421,-0.1514003340326757,-1.1836435280842494,-0.6817823388955425,-1.6857448961716668,-0.7229086793698326,-1.0288692792384175,-0.695869104073045,-1.3141174067747392,-1.7489553072397923,-1.1799650995351867,-2.0819160985628287,-1.3582113260774173,-0.7787808155793069,-0.4438753348454037,-0.6486547512977978,-1.9316745859352458,-0.5041215754973963,-0.6443053737179685,-1.3264981100133115,-1.2724170107540622,-1.1064210352987651,-1.0270826532023534,-1.0717626770333177,-1.1212824430699164,-1.6117355163338887,-1.255489003954888,-1.0863591743734897,-0.9660094769611512,-0.7720400917650717,-0.889222728610857,-1.1525361652493678,-1.0995637648154402,-1.3198645513174048,0.40529664167457935,-1.121653942730067,-0.27951324858649407,-0.5179675110456008,-0.790839831752943,-0.9876280178657599,-1.2467782239641796,-1.0980972409567464,-1.6090976053422072,-1.1859348015405922,-0.9762219946513354,-1.326041808583915,-1.3508748736248255,0.5859060195665289,-1.0346169849519875,0.7359415880260591,0.4226425833465019,0.02807868409436764,-1.6929338233096962,-0.19614172935424862,-1.0662218863672752,-0.8990515447392069,0.8565300498153514,-2.6136686921149814,1.236651329621904,1.747572887263835,-0.5630051717976559,2.020438124392813,-1.5765444751326965,0.44323582924098937,-2.2686356455792067,-2.86391052738106,-1.8359811192346274,0.20854267302988755,0.6664078268301447,-1.0023110568855056,1.7878045390150779,-1.4433540334592339,-0.6011268817334322,-1.5712964093407842,-1.5025461797494237,-1.8891404487956114
-1.1469528933147526,-0.7827360086526944,-1.1445426359004314,-0.4688831028420498,-1.2265938962563039,-1.3085517001386824,-1.2718304219259786,-0.3386800215553671,-1.2867030411063929,0.12447415841768243,0.8033939417759144,-0.6365632399508855,-1.1040635271235761,-0.5714375164643498,-0.0857687313882537,-1.174770780349758,-0.8007323413283707,-0.23760789969945165,-0.7697680338362854,-0.2953424702220759,-0.09536304063866788,-1.063344887851796,-0.9253152339496785,-0.9060890336320208,1.5326366923777608,0.8747527154547242,-0.8854248848107962,-0.0584893276803951,-0.7224918318832894,-0.7463737221593243,-0.5115330076063734,-1.342936475796066,-1.9934462443262817,-0.6414013414795969,-1.320696157102867,-1.2107883094313054,-1.1467440009040983,-1.5973432684365383,-1.5752679251103874,-1.5311298826668949,-1.7988096221147587,-0.5081277999261412,-1.252805001476747,-0.6918643738716616,-1.1211851340677048,-0.9959021672535204,-1.388928689995804,-1.4675682716972474,-1.5310923595550292,-1.468098087228683,-1.1286969065174843,-0.921653341105963,0.05534105258740693,-0.3324802089492505,-1.3167117442199237,-1.275967336544586,-0.4022121727866472,-1.0545391232351529,0.7752715096428341,0.2805513588441974,-0.9394521508100051,-1.1440525381473692,-0.9843661897305486,-0.6740459233850122,-0.32774549040921763,-0.2207865414294347,-0.9112539083376954,-0.6835541175732924,0.2865252307692363,0.44282084737983474,0.7877246763988426,1.2432465684019736,-0.019096428600078433,0.6959968884541169,1.0311517193314617,1.1635858078989945,0.5304130176753186,0.6079732418434967,-0.10025739762249719,-0.9757768818367355,1.3636376803029626,-1.2612339691736603,0.41847059156248423,1.7595259884535266,1.4458085218109304,1.8988954790532189,-1.2018196781220907,2.410634577693046,-0.3714989624839148,-2.2327859263519834,-2.460352721138904,-0.5667899866180963,-0.17864011013647338,-0.4455718086012593,2.3816548495948124,-0.28014254386882065,0.5402337193273719,-1.230543979981707,-1.5195686810074722,-1.0202288350633868
0.1566318825495829,-0.725396047499128,-0.4071990737445544,-0.08757268779973494,-0.9978282742865595,-0.6443314101251831,-0.21333876463881257,0.8786390782855936,-0.22117439674218872,-0.2396307799466179,1.936125166235929,-0.41380262109819843,-0.5164562186128512,0.7382634171408454,0.9352125654020875,0.38676531191663394,0.42198635720818184,1.5965051006844795,0.7464747601613578,2.1473546559307715,1.77371188065155,-0.4811293936845112,0.17705312197511158,0.30286461541502985,1.3926013716795678,0.9325900987678307,0.10878779179354307,0.3794092573391103,0.7455174918831473,-0.2967327898343318,0.376759116101051,-0.8616554122153512,-0.9773927412524976,0.9982716762867384,-0.2938429701042877,0.7251583802472953,-0.06569912680689248,-1.0551966885504325,-1.3787139781991575,-1.1098654476298642,-0.07964919593666785,-0.11372459269261306,-0.7452279660998818,0.3984316172429959,0.017502173029815753,-0.12771776216449687,-0.60287445909958,-0.6466114521583323,-0.6633287575170197,-0.13460924003853234,-0.07265599630528233,0.015247219283018604,1.0156534048812609,0.41953193620197937,-0.6280305686458788,-0.3359766956566922,0.5312213105411742,0.08724837491771378,0.7393532032249954,1.4950139453258164,-0.7116103636189213,-0.7855253800466161,-0.42724416012236666,0.09171942418530879,0.765175458770888,0.794671682491068,0.4304902166321789,0.2536815170187482,1.1885799561928394,1.818412938103928,2.2583562528638543,0.8253582945451224,0.9385177029887299,0.121031750040931,0.5495177775054981,1.1644399891094295,2.3026046936222717,0.6255780697803023,0.9154853704060699,0.03153122531383544,0.8081060629650187,1.6053985180046968,-0.4697378956587535,0.4331599308465658,2.2249238232988717,0.3072435358564806,0.04033635347125248,2.1933154627131666,1.975787211786432,0.7520880553512197,-0.8491316980741421,-0.6004294908822446,-0.5891721972112726,0.3945586423586412,0.8559319401686886,0.9771583903569134,1.0331457723872284,0.10540774582088026,-0.261453035163591,0.6047349749976519
1.0895425750615444,-0.13906727312909942,0.48870648692810187,0.3553317411812446,-0.03142259616049011,0.41539513883771956,0.853610408138514,1.2624888420165066,0.8566803294467177,-0.4665877276607957,1.2955426509313603,-0.02261299601423132,0.34759817193967624,1.2462809571367934,0.992489699076901,1.4337173265640772,1.0660778794799468,2.0214113519410217,1.472200374428668,2.692029246793451,2.030045054309524,0.39807187466622523,0.9720435922982343,0.9895337832107465,0.19205623112080453,0.18469581636978427,0.8994088512642007,0.33398902219214927,1.3409368895588376,0.2320731180626212,0.8095530266263465,0.14663938277574046,0.6582632189007934,1.6916118848267923,0.8808574641612394,1.8567116989408696,0.8412104597472754,0.18643667069338335,-0.1636256398654743,0.08260018375598105,1.530719094966309,0.3162859787251127,0.31655070455078227,0.9884038145236769,1.0477028958618915,0.7052211271001907,0.55286026092591,0.5735230040360554,0.5546775031257376,1.0884890356391432,0.8489301124966562,0.7817854223025397,1.0701314034928353,0.7407864959683986,0.4476481947822725,0.7063229466248994,0.9398784791625185,1.0029331123101712,0.10058943148654272,1.2804508045355987,-0.03025297818114719,0.08227458751074256,0.3029576959890951,0.5848443038723461,1.0314354632379525,0.9668992128188284,1.1995809872128012,0.7916656633192892,1.131217736011,1.6965135476351516,1.7970863016973753,-0.12218924803554923,1.0568079963771626,-0.5751208029816237,-0.5498690208676377,0.17732266077609132,1.9434514860425829,-0.03252386015150417,1.0499509463152175,0.8360077420067801,-0.11907489614761789,3.132402930758334,-0.5857106555654454,-0.8032306842409864,1.2142256784192316,-1.1571919708652565,0.9803854260977858,0.21491888930597744,2.5265585794592895,2.98835002855426,1.2269861577295988,-0.1882811309144717,-0.4890362657339425,0.8112964645879661,-1.1815637673739754,1.2552225761860178,0.5259968504941919,1.1573038865899543,0.9884614234580367,1.463192664336134
0.8605516378693869,0.4883900565357853,0.7838133212489335,0.47233922813847684,0.8427479885086513,0.9553970901745461,1.009896680267731,0.5317350177275711,1.0347595192037482,-0.424448745970705,-0.5934299507041154,0.18717143511446035,0.7340915302402066,0.5788284106007202,0.14359704528772807,1.0274164746624452,0.6252531468949063,0.661813867285666,0.810786426442495,0.7674010044406538,0.4556006091010864,0.8454391456460135,0.7977629120568056,0.5659898962887898,-1.1072081064896613,-0.5826240720255195,0.8472332443363426,-0.01778349362703801,0.6048664805775681,0.47206035018685755,0.4471735206764034,0.7889299264910475,1.4542901369187247,0.8384729643121486,1.162597839846668,1.1645472728047854,0.8155079837075663,1.0293496596120444,1.0155594295682313,1.0019912327304497,1.5656319509651835,0.4497153102768634,0.9924143796262492,0.6232476077710025,1.0718440936926668,0.8279454791527364,1.0809207615219363,1.142123213563596,1.07345372631304,1.1329858837410614,0.8228937780451017,0.7209086588130414,0.1812819681344594,0.375527902304959,0.9905166964753402,0.9740004972361204,0.5344323290556663,0.9258016823530687,-0.7217232524333675,-0.16952782558799406,0.4825384108485562,0.7076246923862524,0.6263267670728461,0.4570890656615,0.31741257747243723,0.2277948658047196,0.7558923329798042,0.554277759553073,0.26308710914770445,0.20378576586131575,-0.15940215449944273,-0.6947423319287271,0.31933194856782515,-0.8474415679784002,-1.1667601275824935,-0.8460585369758311,-0.18295457681527158,-0.6031051559575575,0.21868165370383918,0.5843024717015225,-0.6052354736081121,1.7417150283077671,0.1554760528028571,-0.8421433968915071,-0.6397997196637869,-1.194456819846278,0.8435242613262769,-1.6703013816936507,0.7203167801542414,2.179941750043762,1.8135568121564931,0.15105875034236374,-0.10627196392532344,0.47800321897874576,-1.8584316517496777,0.3712929676443553,-0.4041864665782593,1.0185491560119166,1.1420569888067713,0.7956586733047448
-0.18287155587845905,0.744242563041937,0.4126687362909632,0.2368887367047791,1.0034515645834663,0.6940951863951079,0.24267573747587437,-0.6363861271044345,0.31089205734988634,0.04806329344467537,-1.8562274926264055,0.24462766612714887,0.48990510551042404,-0.6065360400734945,-0.7389551747044708,-0.3685888607469199,-0.4294901021165944,-1.2836112996783975,-0.6065878195936155,-1.8199682253114278,-1.5282760995052662,0.5401333145803385,-0.08915627127085216,-0.4798048471278394,-1.3686631403045564,-0.7900278698347415,0.08328876851637686,-0.3239830722977022,-0.6714746901806586,0.30680631517176477,-0.2935357727298827,0.6789099501604869,0.8751364364504172,-0.7632175888974677,0.41935839288321347,-0.588465482517469,0.0175440615695569,0.9206580788405623,1.2776546007986676,1.0154883344916918,0.1389846878363057,0.23901872272343147,0.8025902859721442,-0.30947384690020757,0.1768401880320371,0.2228532425837334,0.6270160487714396,0.6819995800142774,0.6311622408824927,0.10621468309795479,0.015568599868000346,0.03297693313495098,-0.85597435206954,-0.23267920559672506,0.6770547052555862,0.4083218729480061,-0.32356876465248247,0.05940376231393655,-0.8825849374209944,-1.3778347645322653,0.6084980572959272,0.7225592392516625,0.4107499140068668,-0.041773018498282896,-0.6263671510844552,-0.5981493804529677,-0.4371027237114569,-0.15144811821445575,-0.7748525485023713,-1.4403875868965128,-1.8907798767188169,-0.4981488682245694,-0.6037739415373505,-0.4204329962407983,-0.6866079836949638,-1.0734119141911644,-2.030919825890894,-0.5347420136884002,-0.7643262126430693,-0.20854890215904967,-0.45826624163967,-1.2095684386222176,1.0140402073664518,0.0924786037175761,-1.7660138845229991,0.03076458319205731,-0.1185711181622405,-1.9207820233272344,-1.7285959156317037,-0.7822037521651377,0.6364891596982082,0.32524673821917893,0.3951085640581886,-0.3002209149645053,-0.7757332476724381,-0.8605487338971428,-0.8881849012755443,-0.057132350962292355,0.2636720167814532,-0.7069113470307529
-1.0272374589850053,0.5247329850955305,-0.14030434233247482,-0.07078445579138277,0.44078840505664313,0.03497374449907504,-0.6896215493943862,-1.2693671649647136,-0.5777859534960813,0.846981013115057,-1.1281670134692727,0.3459490267025996,0.02036993507268732,-1.2952974981198961,-0.8751552207349247,-1.4243163893806952,-1.1723112137033194,-2.1416210685421504,-1.556814983356974,-2.6331769292150886,-2.1876786746671084,-0.2264182228596553,-0.8556867696245618,-1.1479261185656842,-0.2506157345977508,-0.47996060353237596,-0.7074107625782036,-0.4166947334700254,-1.3076533677985256,-0.11813608533288043,-0.7032737382402032,0.11020894403833693,-0.39277723022297395,-1.697021979395857,-0.5800087091599616,-1.7141063118191673,-0.7549945442384776,0.15675877987465608,0.5454860731411026,0.29069760743626866,-1.3242816100214312,-0.10096694240162621,0.03921318304058735,-1.0032710048824962,-0.7635232917560603,-0.5565110720330784,-0.3234745771815323,-0.31001072803874996,-0.2160826307041095,-0.965993555816696,-0.72627995844146,-0.5573508847082816,-1.1537117999488322,-0.46249258356158063,-0.09655414542693229,-0.36990954090262146,-0.9710702362897711,-0.7600889223445824,0.05282852181506074,-1.0870701435594423,0.5134650624803516,0.29734071463503414,-0.061146239257929696,-0.4269405221635575,-0.9389594068549826,-0.7047581437522159,-1.3260405154316999,-0.7263482994417372,-1.3338361772938225,-1.9476694420094147,-1.9466268114748038,0.12341257433465737,-0.9890298446728784,0.4472346537018963,0.4210075314742516,-0.45092942929927166,-1.8842704635759773,-0.013168539241222967,-0.9918002816682572,-0.4062918788679613,-0.052615508748847795,-2.806160336469331,1.1940516617622552,0.9158475732539808,-1.3060372427522708,1.263653708515641,-0.988438389392942,-0.5467379963511183,-2.509815833034607,-2.8587710335232295,-0.907149973966848,0.5806937272476499,0.9142938768105834,-0.8753930345696662,0.859577698790635,-1.4038817915258581,-0.5891158964941801,-1.0385093767604852,-0.7043257651870212,-1.6419360493567285
-0.9902288357437083,0.022456379404492657,-0.4166665629855079,-0.185286657615493,-0.3487952014525018,-0.45074121408808604,-1.007193123766923,-0.9169398898827995,-0.899015597099034,1.4093557234143967,0.9733659673735789,0.45440653325694325,-0.24539631675199253,-0.9861410746568325,-0.26544036105397384,-1.2211084421357603,-1.0399595309577017,-1.2327321296204068,-1.289654067152382,-0.9578128448902626,-1.0198099531317462,-0.822300849072126,-0.8796878571277679,-0.8789633806508045,1.3724543145096701,-0.053703323239851185,-0.9064918531542333,-0.3527679123808183,-0.8306417060127333,-0.5073386834101219,-0.4607614638715301,-0.3714605505043167,-1.2083142647757366,-1.2003221929153254,-0.9545101790748275,-1.24995559182237,-0.8564102940928423,-0.5595259812459725,-0.5145200537218693,-0.5105534998128983,-1.5239728587294903,-0.30304519934254825,-0.601506449661835,-0.9380764050242426,-0.9437754188738069,-0.8933524544525827,-0.95016415677209,-0.9868162528979424,-0.7413549055595008,-1.1698442047391129,-0.753171869981166,-0.5571056039376652,-0.5014826249637205,-0.1493080723050273,-0.6750585936932614,-0.724200414042149,-0.9473183478950554,-0.87479330156223,1.4303460063859406,0.4270602743194341,0.340457262646686,-0.17455692706634887,-0.41716563182441746,-0.4419639060090866,-0.4377648803586248,-0.0906827236832921,-1.21186748909335,-0.7857364342507536,-1.0858946019199816,-0.9754453331336462,-0.38591516438829876,0.5574905176168691,-0.6204231561726761,1.082884940024239,1.0840944779555193,0.3952920409643071,0.01199277334240659,0.34564714725818296,-0.31120448647899834,0.30559444545892134,0.23369488042319214,-1.5083517921534986,0.6178658677751068,0.9001010601068005,0.23205334966668256,1.4562226400093081,-1.0548475507268396,1.1089043359620774,-0.9493021249586374,-2.0388991422225273,-1.3288512290627583,0.9043212406090554,1.1740065178375847,-0.7948395910470415,1.5544494236624053,-0.8854428642873531,0.08621120222576198,-1.1213813689065621,-0.9434277477950994,-1.2317488067298417
-0.235120262571741,-0.41855351155722587,-0.329679740278911,-0.06865931959505545,-0.7702041697925741,-0.48918496121751087,-0.5203215236434015,0.07389732179756431,-0.48729980569330417,1.06448057792952,2.347944770110411,0.2893484381650675,-0.23077231529834616,-0.008471125948019922,0.4433119482400031,-0.023062972590933536,-0.2155869700144534,0.6083538554740765,-0.08358000240739821,1.563816249818856,0.8823967320978402,-0.7613263618215197,-0.22403709315002,0.006699392318804423,2.0326892657010194,0.2054059000835904,-0.4078950461952392,-0.2090561015192039,0.21847233448699083,-0.5737171305038077,0.13341015489494001,-0.45970266103932034,-0.9662457429288537,0.23710487280569262,-0.4623478567599212,0.24193766302109523,-0.30217705242618637,-0.7357151537426645,-1.0677628914368569,-0.8054539600513915,-0.4144360046691106,-0.23788010108092714,-0.6328643697538138,-0.23428525769234995,-0.2898976623359298,-0.5594892161962991,-0.7750051672287429,-0.8411896487705495,-0.63612378720671,-0.45263276698119337,-0.15245322303049647,-0.08763474098278731,0.512237515924664,0.32620641111603,-0.6652280105826908,-0.4829062140915742,-0.2733460174784489,-0.2923102966125384,1.8831852422650754,1.6079773368325012,0.03385111052468281,-0.4220576709874242,-0.4549030602413487,-0.1791448087671671,0.3261495033325351,0.5458952162418798,-0.2541511697958971,-0.3540197513137366,-0.14282407244326764,0.6664325716154084,1.370057241051959,0.5100723255793117,0.1505609789203994,0.9016084153207106,0.6666482383076097,0.7782214657442922,1.7778040836004778,0.2028605584075166,0.5907996538526186,1.0170988895862354,0.35322891990412864,1.3656260069387713,-0.08373063138522727,0.2891203669831189,1.4975723928906752,0.6228434363078964,-0.35842344438994345,1.6489111038329616,1.410190971054238,0.7206341767877996,-0.4499420082955614,0.820912644223941,0.7774658206305436,-0.13481512443090543,0.8612373568809003,0.18361627303521927,0.4896259121311421,-0.3496416247629324,-0.4151211161508123,0.05136294569154738
0.5338943279365277,-0.500506293389903,-0.06570502522030845,0.13438651763560486,-0.5411822226040207,-0.1751722507692146,0.32022816229439865,0.9236390340043745,0.25065546650163195,-0.22102067699748174,1.5071361045880944,-0.24442617330456765,-0.11407484490676058,0.8432709356161596,0.6428777139576132,1.06717036178919,0.6185585586876791,1.8292308275497815,1.0661496015949001,2.577897383457331,1.87689836583908,-0.073761429095328,0.5231446079009225,0.6859732590982974,0.9771876953613171,0.28510418777723057,0.38235800727137575,0.017572997489020845,0.9017425715264216,-0.22797614019891999,0.5195397393984164,-0.23120226060385204,0.007069913439696703,1.3829476649027077,0.39607052839578755,1.35848224096687,0.3702012679923901,-0.3698166551718829,-0.7361414085727768,-0.46613231819036305,0.9208284594474251,0.026838324896986572,-0.11970245083401526,0.5395737594936421,0.5812890906448999,0.17167982745280017,0.009926480378607884,-0.04021665454947152,-0.10547667370743194,0.48841107721746246,0.4618316824249155,0.36383088058021895,1.0483431388023754,0.493601212028871,-0.1461937281135165,0.07179968955817333,0.5895352549068587,0.452573491269935,0.6684998026690168,1.2132135651197018,-0.40414047949787063,-0.38524372541218116,-0.19994500635717033,0.11745330091418225,0.6724736921674863,0.5844537725971312,0.7620286386713802,0.2495810559882869,0.9503925185168843,1.7021739433121659,1.8467203212876098,0.1646138769190445,0.7549329159915592,-0.06397806402142095,-0.44432327933379134,0.4909628030953574,1.7817227882668583,-0.18981473540303534,0.8899056864490191,0.6899986577755155,0.4153110032776425,3.017740562300219,-0.2751941971081596,-0.17350010666250673,1.4867638446921347,-0.3997176047871564,0.4664859567859579,0.777551912454649,2.3699441201272293,2.6384617180609062,0.658845117953464,-0.010554355033648058,-0.2904698153601454,0.5892840012135513,-0.42894519032909056,0.9356511627643401,0.35492653921642975,0.5734661325104747,0.30733152192715946,1.0467378941501906
0.7367835721324074,-0.1646946720463276,0.17903991421981807,0.25885135097550777,0.12599190230562846,0.22659640062397726,0.8382118437861628,1.030091645119484,0.7334188098970421,-1.4996712824606737,-0.8161447308916755,-0.7459643623783847,-0.014678907597737736,0.9535813223382634,0.28781406868454207,1.1332807284945567,0.844845254776577,1.493446161223764,1.2727754913856728,1.272999785222381,1.2192213760091102,0.6869405129743469,0.7800985691133487,0.5961952613906748,-0.9874704324616371,0.24764542447559426,0.8773313547696993,0.28115693944122455,0.7301045519254235,0.3017720252310929,0.4161979642650754,0.046849508717463316,0.8413389707729788,1.3340206341620935,0.8808129334545051,1.2038831324147001,0.6250112946009264,0.18196328478067128,0.15352588966961014,0.17735757517803377,1.3401510789296887,0.29133391699651506,0.4546473298350901,0.8354730694462822,0.9467240552104468,0.7470290436138443,0.7390139788651471,0.7547918691703573,0.4168387539096168,0.8971678337202099,0.5697897784988691,0.4443987724141694,0.7156325988913642,0.2563808665038234,0.46034867824960085,0.515435881866949,1.025027266768749,0.7915120888285457,-1.3285985713767914,-0.37052423441290055,-0.659074887911323,-0.12489353035822531,0.16165738880363367,0.2703467638789286,0.40278656610232,0.08819425415058908,1.069739597660502,0.632098793637418,1.4287083278195285,1.3829394300796733,0.7803725397146571,-0.11969460743425123,0.8091842532796257,-1.0854234864518106,-1.215030220277316,-0.1327142562970307,0.19012200278986882,-0.34559526227770904,0.39634898665802853,-0.5291807865722542,0.3773295771777857,1.9359844687457421,0.07962946877420539,-0.10989558465217861,0.35317749207665944,-0.8158594963516416,0.778129065811859,-0.5868160407676202,1.1784924623967667,1.9562469435700875,0.9069993643401542,-1.1003202833445413,-1.3022284986195793,0.8210295796132189,-1.1650753526753057,0.8706513031651659,-0.04652274121194376,0.9391254914729384,0.6540669232798089,0.9900893191580968
0.326442896613918,0.344789718131514,0.3155575714396439,0.23412624558588965,0.6930015377298311,0.47968612304018243,0.6538243700110798,0.3691972122834192,0.6384963328482536,-1.521488664265695,-2.2928778837583743,-0.6231282729827614,0.11361996835052428,0.3101596262173107,-0.17838801958303296,0.20890836561982792,0.3486640987298362,-0.003903647173269648,0.4316151772475427,-0.9611468769264372,-0.3781866464067164,0.8651548072264674,0.4050962537892742,-0.10712500835465834,-2.0786871387081622,0.06859584968076496,0.716707234366711,0.3841189912607571,-0.017788089448756837,0.5927005818621202,0.016343447574944443,0.18151044069354652,0.877147878693813,0.21871179554198286,0.6301781781237155,0.09645134475041606,0.33556009200281967,0.5241606058451094,0.8617706127353139,0.6275703398505073,0.6050997032530269,0.3621487704755879,0.6245228565331334,0.4906170697745964,0.5618890536770121,0.730519854143377,0.8162060219724458,0.9115548683988035,0.598428386618584,0.5501141810615532,0.1686257973340028,0.19072886569278705,-0.14559351278963228,-0.08017929702238916,0.7071376725067879,0.5773141690596811,0.672405740575538,0.5329194509965808,-2.1967614950497945,-1.4924813436240603,-0.33199659342620813,0.2385370614460824,0.3955063675422568,0.2365756890568484,-0.12079557257851167,-0.34110123581077956,0.47058001381220765,0.5436233419064044,0.8181566734458773,0.025002632413098948,-0.7603433144874501,-0.17090148402783314,0.32127846614975736,-1.283541412736868,-0.9177053155947944,-0.5786157306404275,-1.323506379927638,-0.09985566704034296,-0.33618211198890147,-1.33536062936652,0.07505066907675874,-0.7159759547737622,0.5033202561997503,0.1959981622606085,-0.8366228421394483,-0.4708987754858712,0.4066986777834644,-1.2259946916660338,-0.8743759873806407,-0.45995639951141687,0.22987729323545888,-1.353505626821464,-1.2450674593090163,0.37626468303144317,-0.8445591651231389,0.16555008839863214,-0.2679814497816705,0.5533745806790118,0.483421545523108,0.09355187469148865
-0.2936473902766848,0.6439052665291811,0.31077608350377456,0.10773869165444587,0.7190164203480398,0.46042139309674684,-0.05024593647643899,-0.5417424596656422,0.08772265231097566,0.014939543478236166,-1.3568854240016421,0.22025232165216216,0.3004289535217774,-0.5519338777522247,-0.33032055969993634,-0.8381556094826416,-0.4467959708126098,-1.379120977859223,-0.7477716572252134,-2.0200903844341838,-1.5008899656125803,0.2773537911328703,-0.2573116625767299,-0.7602243548039639,-1.1883557520129928,-0.25778466008213324,0.01728386312487427,0.13899162803792248,-0.6677319121259406,0.3749315136443053,-0.2800090888416696,0.16645142777488064,0.16764259569193263,-0.9968301822399663,-0.08920926161250747,-0.9034212825030088,-0.20146772387667713,0.47584703032228265,0.845143408445959,0.5867045851127635,-0.548380745173315,0.18885653758824378,0.3109192421314074,-0.2163355332073815,-0.20086495165417212,0.12982319036450715,0.19949771730258217,0.3205392001450031,0.372879347712814,-0.18304904207427325,-0.3164078956751309,-0.11069987194209738,-0.794467907590474,-0.17047731923437778,0.42830201173850074,0.2610489378484372,-0.26158700143881813,-0.07013582567857626,-0.8765452259573785,-0.9624947838964517,0.5133158795050299,0.5147213364600216,0.3475535715464514,0.06795234876922542,-0.40668568017403467,-0.2500381432997524,-0.550926421482806,0.03351825312438421,-0.5588452823239632,-1.2900411449100164,-1.4350169190236761,-0.06872491850508132,-0.3540869984084308,-0.39960306949029845,0.20349186548108703,-0.562332057307151,-1.340381264328687,0.24411652722117255,-0.6173065109408801,-0.6847510366559435,-0.4327641447640871,-2.367121132594206,0.5873964246298731,0.28080553103384454,-1.1112911624946462,0.229146810445901,-0.29927613723163526,-0.6988597332372679,-1.8529933857457048,-2.213003541271449,-0.5307763779068401,-0.21298339853725162,0.12485269244231678,-0.4096871751607019,0.09939147192560635,-0.5914515361820076,-0.14960227428166284,-0.21401689486643558,0.04223147988923137,-0.801730505876832
-0.6552455627136954,0.5055076297103648,0.1444119837476332,-0.004671779445999936,0.21339762650633087,0.1822309042246679,-0.6988069923616416,-1.044992119779006,-0.4896517087104129,1.9336756475930692,1.1336408501549236,1.1112354476770543,0.39978415497407804,-0.9927731607185138,-0.15399468110300518,-1.1203337906850148,-0.9386000377897442,-1.5805310311063718,-1.3415386716080162,-1.110634571501527,-1.3143800616186392,-0.579795682167986,-0.6870840536363819,-0.8210912273692954,0.9821241128920267,-0.550323581870827,-0.6973832947023753,-0.3589535635749983,-0.758924142637176,-0.2010196164066062,-0.2638445319738265,0.10536615426287403,-0.6367922032634694,-1.3524271132673706,-0.6502245207970828,-1.0229965414670548,-0.5573104311902172,0.1323122642137458,0.18168414605360514,0.14731888635273724,-1.1454128989760843,-0.09387056983497044,-0.16402482176819386,-0.7894755500535123,-0.7071449252215902,-0.5945886635848333,-0.5695199681168012,-0.5214426913346882,-0.07896505680649007,-0.7255353551345072,-0.4636429253263487,-0.2275805147378233,-0.7302756271385213,0.029750789321735898,-0.1512436915924172,-0.20466896278632263,-1.081642752194737,-0.5646215439188964,1.5983661690567574,0.6832438286465657,1.189847450964688,0.49568802186041566,0.044620264475229425,-0.14138859108475182,-0.29548429359545925,0.1912863206115815,-1.2057092939612128,-0.5586967063853537,-1.6664744314126074,-1.5840361001112193,-0.8289155238211697,0.051304036688158694,-0.7561555335298978,0.9076255955722139,1.1385258244800276,-0.17047734491295463,-0.0615684076703625,0.28233117606323727,-0.2830105055209034,0.961927363571497,-0.7167391770033706,-1.5633037771800657,0.39806466974277094,0.09720538860695914,-0.39620616508998924,0.7840695692474968,-0.7965237074825765,0.3724251498438954,-1.0416483035087774,-1.7955497081143856,-0.6069257792532116,1.5253800371886876,1.7739988126337056,-0.9190872599215608,0.8216414912828875,-0.9032943994562747,0.06998904841180219,-0.7814038710463863,-0.3390814785953845,-1.0296062905414194
-0.5649107249411583,0.04577238824984851,-0.1313242101360784,-0.013490765256487758,-0.3869021159226018,-0.19305941954075462,-0.7904801145495989,-0.8053422117368677,-0.6794232332498888,2.519619934726329,2.7326341853249874,1.180850553537335,0.22449856261919482,-0.7372022914160185,0.048526815251335,-0.47820526556555687,-0.8029353018542819,-0.5858235281656057,-0.9410261826904422,0.6938945692294944,-0.17239173375038797,-0.9507890895204322,-0.5870511529217707,-0.31591067994089883,2.5075185834851346,-0.5237335241341647,-0.8765073808142974,-0.7126702235946121,-0.3356105802216233,-0.664269061632273,-0.04490869532549503,0.06971383539324305,-0.8718868762623718,-0.6453742234650558,-0.6012138661675096,-0.34588168941985603,-0.4914453324017338,-0.24647675735987257,-0.542671342730874,-0.3211937767886745,-0.7857962178960812,-0.2630794495428232,-0.3943815194962276,-0.8439588685577716,-0.5786968404366551,-0.8804501394545233,-0.8388516156555952,-0.9255041202624783,-0.45790958186388353,-0.7315059527130627,-0.20516751659911986,-0.14097985174692576,-0.08023733944798503,0.2712722677177015,-0.5851461941840111,-0.5129020727993836,-1.1197975541636598,-0.6254627478649215,2.9548563155100585,1.7514376760176313,0.9796999779768598,0.12991228518646444,-0.305521315190499,-0.2871047950791234,-0.01607130911386847,0.4287493148689535,-1.0020719125311177,-0.8221665943931847,-1.5640220116579222,-0.7147698853407605,0.3253096203661987,0.15010865609153673,-0.6217599515482514,1.5738276998939582,1.016653400254326,0.28923144205430995,1.0927622636192251,-0.04573279950856472,0.2463240405755414,2.006491880205274,-0.36348660444753594,0.7753632594768108,0.30114250345553223,0.01007588730152105,0.5770481406352924,0.9265826127374267,-0.740729920122525,0.9908909558919428,0.575624440438847,0.15335775566627796,-0.0361966168671836,2.293080481119561,2.199913087363105,-0.7265997882360435,0.8120130844917592,-0.6575330685055767,0.07254096179628658,-0.7830390150605595,-0.4734447942920033,-0.5723618483921213
-0.16673160622621003,-0.36793501993041067,-0.33980648176477796,0.07206281547095364,-0.5949562855540347,-0.4093511180666928,-0.2811351532445804,-0.018706969375763487,-0.36022271118266797,1.1249686745387495,1.871602219382976,0.2522419063845567,-0.17348545258722764,-0.026621214755521348,0.06279873294951503,0.4698910398675268,-0.19641304710594462,0.7207168529282185,0.07665091728435162,1.6991581453335285,0.8798668198869765,-0.5089064401138341,-0.07386475457996775,0.26926162448686636,2.0109892972787415,-0.09610303460652245,-0.37061994495902334,-0.558942417567413,0.2166887499237814,-0.6218948220897403,0.144288326170499,0.038324771589619396,-0.3963167456896924,0.49144842535063266,-0.023817167887297194,0.4612262235240536,-0.08598157310115558,-0.41382585422441515,-0.7537566972604651,-0.4765980841263319,0.12931605437089855,-0.1810065581929249,-0.23535854083744953,-0.34230993891916844,0.03764474752629779,-0.5067946951782931,-0.4090973387392221,-0.5800939578469181,-0.5133812545158543,-0.2615338170608945,0.18254258877043658,0.025483121791610937,0.5769172846533005,0.30615999965294155,-0.5404258674566157,-0.45305223321190563,-0.30130726488024073,-0.24186871512695263,1.862532895771364,1.1648233423319025,-0.07508505346436084,-0.3501929593687688,-0.4434477118034227,-0.2838540947743908,0.13660615857431507,0.17626754597331912,-0.11481059776300592,-0.5630763820011753,-0.26396746646296193,0.5860089798897471,0.9802570580623865,0.23575255023384206,-0.06069087177473405,1.028404344353963,-0.08867871370494311,0.5220310835467005,1.05196502431484,-0.3994539676589398,0.4740491946502627,1.3349857010555297,0.4722856074376965,2.419179974132842,0.4610759915126639,0.25627505508441206,1.0159736557310701,0.6336505609848363,-0.19152910158942638,0.7111053198428207,1.479582100604953,1.7421587987112248,0.520383704212542,1.254303391883297,0.8783138138320261,0.04284314319856361,0.21628797315881745,-0.07660185976595434,-0.15569874854595148,-0.27260958505912397,-0.33725193415852667,0.10744407006321921
0.2414742267998995,-0.41598543901766044,-0.28300947917500047,0.1593710321986757,-0.2720773783510932,-0.2818647306222761,0.4137820511821819,0.7476125721693269,0.229980422758453,-1.1485201150357105,-0.621582737566075,-0.9076628201279668,-0.4599601935910004,0.6110166632356261,-0.021891021065177062,0.9298231197925073,0.42067844831181606,1.3421304792338247,0.9105622635148526,1.1836346751604399,1.0721387920416088,0.3515782123429906,0.4476984928032371,0.46395255392576085,-0.10025761692323314,0.4344042470441044,0.43716062517206383,0.05445424255166613,0.5138557280694279,-0.09476589913507699,0.18722165827115883,-0.04219560215994445,0.34690022785351243,1.1590451898305025,0.5693067375650168,0.8030086877534898,0.3449370892773273,-0.2755589737587678,-0.3388845318512112,-0.2451062425827206,0.8318806803587229,0.08839812904680003,0.1195277033289862,0.3824048376986959,0.6263337088542457,0.2368684442998998,0.32153742682720804,0.21261396404555646,-0.19118529136177217,0.33414118271038196,0.36717239241730387,0.15343282326741794,0.7352551100239793,0.13075968873979424,-0.05106621411851086,-0.04630145888294939,0.7512549004900082,0.31154711420782866,-0.7712674098305706,-0.47215012726938166,-1.086558390562347,-0.5574519660721203,-0.2485596416701462,-0.1094649456191635,0.10108577030927932,-0.27025823015202394,0.7678210262708115,0.05697257242127711,1.21415440962664,1.3354579989077893,0.7293797168622813,0.2551864325162738,0.5264423484651978,-0.32036501957463936,-1.1983944831677449,0.3900535048260811,0.07533947846396886,-0.39869854283483797,0.290503768557423,-0.5307106683361331,1.0543953584893808,1.96215682812979,0.6131988963681834,0.5783015232044227,0.6903522254762776,0.03857015984925139,0.45020416238081745,-0.07360363751975256,1.0469028266713531,1.6718720229658963,0.5179730380556961,-0.8126263642348613,-1.1396534953805215,0.7793023312764535,-0.42663270915616286,0.4875196582888042,-0.30707035969239616,0.3755355647908325,-0.005657671332160685,0.5395227786605934
0.43235129155098745,-0.08047858677276395,0.05548104084674868,0.164692143266224,0.28636282307176625,0.12914415285202294,0.7676278725471535,0.9545702531993208,0.6660521919502106,-2.388951672280537,-2.408224555926031,-1.2714958637265832,-0.32469705851279046,0.7545582887345499,0.006980396633249976,0.5951461021446282,0.6450536574699378,0.915266011997501,0.97940712049385,-0.15769327447429293,0.4420942422635045,0.8876613019874657,0.6017071269752218,0.17985675895900405,-2.04743053201568,0.6019318437849159,0.9266932359620841,0.6494137223085813,0.40299190017579517,0.5010707246335048,0.12727281691453068,-0.16129254329948997,0.7431890396041448,0.896287573579271,0.6870061079914199,0.5569669619095949,0.4836237131706028,0.06607743534818662,0.32472049892300087,0.1657601752876122,0.8280921703610257,0.32359745097932624,0.3536181018684331,0.8341265876752078,0.7293351084657723,0.7884291467047815,0.7374714168723528,0.8151581890407089,0.31133255574652047,0.6687237214615555,0.23516301374661247,0.1963343907159494,0.3490988517560128,-0.05012503686069827,0.5065054621459814,0.4427261153798804,1.2056708432048,0.6628007245547746,-2.651222388982136,-1.5548255420746275,-1.1181533773375363,-0.282321708255299,0.15141785354574863,0.15666470634842022,0.031857873894929514,-0.38204367194480193,0.9873002207525183,0.63068207030302,1.6940288143704416,1.046037793392958,0.006994905632573818,0.12384124566148454,0.7363273350430616,-1.4289932026343994,-1.3025308846249897,-0.04021495315332628,-0.736451508198431,-0.015437788738590922,-0.0387960903752458,-1.917187283854831,0.7394254131760566,-0.02339714793195574,0.39062503633913537,0.5017960107551086,-0.029948596073225257,-0.5778077965004706,0.7149194004410225,-0.6264170018646487,-0.09912818762320989,0.23373658238928197,0.01975599882013096,-2.169834729466416,-2.131982623214025,0.8658727410017525,-0.677590180393231,0.727208447434276,-0.11686933667526869,0.7401770487169275,0.37090721009126537,0.5459244593237246
0.35067535145653617,0.3579420343250456,0.43783140311524377,0.09475449966632908,0.6245022066342759,0.5247943946157394,0.545711853917705,0.46908007785929157,0.6386706023473158,-1.549990704911441,-1.8898265789885886,-0.49734717712823184,0.18148378025797474,0.3609591186699043,0.18677438792627965,-0.17022539753660004,0.38536096175720824,-0.1181941499667295,0.32380891254791855,-1.0625451138336928,-0.3773604725797356,0.6725966269165267,0.3119819639064997,-0.2986854049122816,-2.247674570219248,0.21406997026852131,0.7366792631071951,0.7194363142343132,0.008166823827871796,0.7006446433449659,0.05811810052602685,-0.21993053191674433,0.5152633815557289,-0.013916943060096193,0.2704131876073737,0.021746109692542696,0.23862389488562016,0.3797166127624556,0.7182000117214961,0.4525499992422481,0.22805347032534498,0.3314975231707457,0.30869167862024066,0.6914888845572777,0.30490301091097544,0.754293546643066,0.5399681777444167,0.7831133243289595,0.6512201080036505,0.5502046656074683,-0.056276510022940436,0.1622908487011718,-0.20209884749508378,-0.048062827720031044,0.7069412935570929,0.6690456602090534,0.7034499847912672,0.582624732063841,-2.1843255981193925,-1.0761149168712671,-0.08364829547299767,0.28790453580347886,0.4615462703415381,0.3543277311763638,0.06393601125587539,0.017349957760835394,0.414283394212961,0.7776430034470297,0.8266122403484119,0.030858378432294064,-0.47511452760763023,-0.12960246319518645,0.4501123914804441,-1.4654479944185945,-0.2829738894584214,-0.5066213369151634,-0.6404263411534299,0.40055400815635667,-0.207309449112711,-1.5733576660397661,-0.32658107341060955,-1.685337167900961,-0.15733284069985515,-0.06639553108488136,-0.567055286380359,-0.8297845071373874,0.4012792042895324,-0.5465706083409586,-0.8728499451171265,-1.2035585218128964,-0.4505848116634537,-1.6667026443351778,-1.2495294452615582,0.20691957377153783,-0.4775639587397039,0.5064920658405397,0.3095175185414879,0.6147763220620645,0.5853053511600533,0.23060990675919707
0.08799586843028782,0.5664701096956452,0.5533246284141085,0.040610926501612715,0.5066536921793808,0.5971653787360218,-0.039662189643695854,-0.3347881953942218,0.18514704358487002,0.6640603756825402,0.39187966481297176,0.768341655959096,0.6521427108371802,-0.2438610093425058,0.3277502594509473,-0.6987103599974895,-0.1311031408930375,-0.9339332578141477,-0.49743227862930606,-0.8504274353830024,-0.7575316358008382,-0.05538011373868055,-0.15941374243931775,-0.5906853089848952,-0.599590583214089,-0.41876356547285687,0.05103175689699972,0.1936930001621353,-0.36627596828793174,0.36794099458451907,0.03333019199382913,-0.10823786635009422,-0.0844484929936615,-0.8157921329386637,-0.27851409292772067,-0.3832820052310878,-0.17475372582429163,0.4562970428057855,0.585433504457758,0.4402148754321985,-0.424880737085195,0.12263836136571216,0.08878749924564112,0.05798761771385708,-0.2560137830002636,0.19982119667165277,-0.03509739621450516,0.19847356862595003,0.5769605178212313,0.08847376366745799,-0.23821664299307407,0.08931162357329508,-0.46861941555355463,0.13944963865407525,0.41267663829034823,0.462265772108757,-0.33881411111436055,0.14209012325450013,0.16485288765988634,0.4780628516198281,1.1442267435803024,0.7028829051908707,0.44929497646701544,0.34213942221642685,0.15819418446318978,0.5631545381885128,-0.4729955510476388,0.3963517882316633,-0.6569509633806383,-0.9064938331560012,-0.39255649207384274,-0.3088577100653348,-0.0925865576020836,-0.43926748051899034,0.9660696980343574,-0.6611781847766485,0.12376847752409668,0.46935220610603023,-0.11953907351484643,0.20841051485040896,-1.2479093704819628,-1.6055238221438297,-0.4878478093020632,-0.6349571580357322,-0.5577908547794406,-0.46078375955537526,-0.24505711932416457,-0.016716771025778933,-0.7117230189014342,-1.4848990904255457,-0.43787843342072325,0.27210484803867363,0.7438064002341738,-0.6483816623503754,-0.07079537966372557,-0.04671280995765166,0.5712608580598103,0.11700550395924361,0.47557348858035803,-0.1751956978436193
-0.19237680256652337,0.42513854323498257,0.29753305200452984,0.08657063828862775,0.08315917952862457,0.28936269740542,-0.5181253711072666,-0.8467396538186779,-0.3358825974934169,2.4387339179253327,2.382620180576783,1.4768824491264505,0.6824784858073873,-0.6207357370340854,0.23557561934255783,-0.5753356302061805,-0.5468700986300101,-0.9609288455158014,-0.8743856244084488,0.1273868191712245,-0.5217967596242928,-0.6422013076817554,-0.4295915950242285,-0.4943194009969158,1.536357533653116,-0.7322966132835929,-0.5677479187173643,-0.4818721872308952,-0.4365111525745163,-0.20649119894016585,0.06002514085766273,0.17546712805185258,-0.5244000576304056,-0.8877054074977728,-0.4646487218064545,-0.40314308158245016,-0.3926937653649145,0.2561219895981605,0.08895703128573619,0.1859334849953569,-0.6225819506215289,-0.0941857748245305,-0.07453626141059222,-0.5903359305891915,-0.4696431516953362,-0.4288724470050417,-0.4696056500269288,-0.4399429955615259,0.13097858241491497,-0.379560239776261,-0.14911698144135807,0.03314251225337388,-0.28194207105298336,0.34834345599872374,-0.12246425023732815,-0.028198698779078192,-1.0728048060227193,-0.33186025939089053,2.3838093136797647,1.6794279659162101,1.5122168459317606,0.6292706069300618,0.13403793013676246,0.11108242591123925,0.17140529912869928,0.7167602443738134,-0.9754293395004122,-0.26589852895580807,-1.5930638756734008,-1.1069559279439982,0.012170265625124056,-0.20745357222511152,-0.4893488162049045,0.8619048560631988,1.3373984998233932,-0.31190128686350815,0.7353110296163136,0.1401210863918548,0.11275379571872396,1.9065640719269064,-1.1756838222804955,0.033698368750934335,-0.10825857352156577,-0.5959431658547667,-0.056572957625452766,0.36602817739247473,-0.6914808198970844,0.46977471177067176,0.08247431225669254,-0.5511374562417418,0.05130683510157892,2.0593048752932384,2.1684917994604387,-0.9449002232296142,0.25336457091563686,-0.5713627240166608,0.3682417880845333,-0.4039316286890177,0.0702332571658146,-0.4443995205591971
-0.3373827969866943,0.0856613490261053,-0.12878449391480476,0.2135974167897817,-0.27901649083811236,-0.15753132863043368,-0.536750891320981,-0.6893464417232605,-0.5289067595592242,2.3896962043711523,2.4113642031582647,1.0783961871522256,0.23100412812318347,-0.5327459522179842,-0.06444969799815535,0.05683887654886339,-0.6108171492652689,-0.26648089051121654,-0.5941430732859672,0.951953015392731,0.032619563964770844,-0.6100143205485564,-0.3050873178233487,-0.09694081210051503,2.5110891547984413,-0.42942827996760785,-0.653631096782612,-0.7390291839210174,-0.15348900097569632,-0.563181973768251,0.11563482811898866,0.46625070454092793,-0.45609217331419744,-0.218729178863358,-0.1418975279852961,-0.0779668267152789,-0.21296544173359952,-0.0632929608309981,-0.3644889435002853,-0.09785995880386877,-0.2760325475418392,-0.11265443407105333,-0.05092365844762111,-0.7647759936386919,-0.17743528361737806,-0.672181582526335,-0.4298032425498963,-0.6463805286651247,-0.3644981151947223,-0.523460568425987,0.14013189218118943,0.03473965322401129,0.15643344405256482,0.39955110906724234,-0.47429312623200365,-0.44102510363923114,-0.9244752889348963,-0.49864799992069075,2.695661706082353,1.492796790194021,0.7130513767602749,0.1288324886685629,-0.23442162105022352,-0.19216087432751422,0.034231642916254516,0.2895477201794481,-0.7214228636074632,-0.7741101013842211,-1.3303135115868494,-0.5168425661762313,0.2773200054181611,0.15629517572012472,-0.48605597296109104,1.5121873462425748,0.5016033699878312,0.35736587358121796,0.64000875411794,-0.28268914825571806,0.308978582635576,2.1278565891561234,-0.10932207275160917,1.7420820221700548,0.8094834673909951,0.11839511954608545,0.5383118109139245,1.0679688335011972,-0.5502720358724477,0.5528445798193667,0.7596061714592175,0.7012454737702809,0.5885724560507304,2.309246355491895,1.88894528968473,-0.38801534963837014,0.3506681646521142,-0.6943142095439397,-0.18837869206085683,-0.604427295308945,-0.378180020527495,-0.43799490967379434
-0.28608112064618885,-0.1954694970846802,-0.4005058347623294,0.29155978743838723,-0.3267372730068807,-0.414034167132561,-0.13045344027995479,-0.020527036112650127,-0.2819030285939528,0.6610665104703035,0.5837213958978917,-0.059755846577928984,-0.3499740927505316,-0.09877679709585932,-0.3362859933025677,0.6427590545675447,-0.3248933560734685,0.5553546216790136,0.04995648818919768,0.9712485495648021,0.44679326064115593,-0.058960276863464195,0.06324788321086221,0.2963145779674543,1.6755794076552593,0.22555419193345735,-0.2093696567551577,-0.3943156032142191,0.23638099248662212,-0.46041641793505816,0.14528142864285493,0.5108616233786694,0.002030045141058254,0.6053377978177452,0.35941780845536647,0.3120728926059012,0.2006822678010187,-0.27603564640232076,-0.4618991816885785,-0.22632552830513228,0.2587455294211081,0.060913082051281466,0.07697815589147582,-0.35886959658345075,0.31963231224100586,-0.4097772031105808,-0.03349615558708824,-0.33121614139894234,-0.5539925018314263,-0.26664060133427103,0.3751699172022593,0.07384094946217296,0.47526967710943113,0.24067237239819486,-0.4045365597078886,-0.4897780721149579,-0.06494208371318606,-0.26756630179638574,1.0044716309457542,0.14042805226796545,-0.5728064758228149,-0.4092489522302757,-0.3912308398977189,-0.3686111134323065,-0.164719885612635,-0.37937373443527905,0.046480050662204286,-0.7977741000907407,-0.18227868279168183,0.34738538480779846,0.18791531207499598,0.4913309187065902,-0.1531498899712952,1.120758977325875,-0.8083979182558301,0.8437234245202916,0.005915695155305446,-0.441206840071398,0.3317380281903128,0.7507579582823262,1.068988854975854,2.080045970842645,1.4650887428935677,0.9060388463917668,0.7753568724423204,1.0683335362871749,0.06410620618512383,0.2482242429474397,0.7980945477174632,1.2717588848115655,0.7006638976790239,0.9342670313371789,0.23781295845048586,0.5522603077090708,0.2433294428969664,-0.32071881623614656,-0.6548295463074392,-0.37954993898276745,-0.5564624885159675,-0.17152971892740224
-0.108151167254936,-0.2660204542534757,-0.3452543558987969,0.19022516501530215,-0.10822781419924161,-0.32856143713863517,0.32804268483171684,0.5973564583203996,0.15541314155976577,-1.293660598864925,-1.4641244157291704,-1.0206892222979635,-0.6199507682048233,0.3215680144331396,-0.3476770731784306,0.6760002999517514,0.07837188235184352,0.8708896974276679,0.5319271271080683,0.27887769873573515,0.45391736867527266,0.4634343214262058,0.32017833159696685,0.36479545721165996,-0.22330699015000605,0.6372205944571792,0.3376071250045096,0.20545773547240598,0.3802328680842927,-0.05161011224377355,0.08153412485397836,0.16863153088611513,0.39450135790320784,0.8912349591790062,0.539138526960263,0.45056987697430934,0.4386848268515726,-0.2663767997113882,-0.20657262304396048,-0.17270031521423476,0.503254286211611,0.20832686377264406,0.11669549931511267,0.26568429649182346,0.5390490623836097,0.08327932282155225,0.2995629223367743,0.17137849637651542,-0.32694547539107266,0.1523892438986187,0.3177131377350613,0.07402897131090443,0.43856858742585714,-0.021292872919906627,-0.0381711683016345,-0.1820497371096671,0.7559036623618326,0.14080574310168456,-1.1735560524730413,-1.188873620430929,-1.2920395368537305,-0.5979321877781479,-0.2669452696592769,-0.31423544760737027,-0.26114865996742953,-0.7273161848915765,0.6772432280456402,-0.33396225255775275,0.9169664426001656,0.8451708463990322,-0.0717877530406871,0.4710256476776954,0.20908392771345558,0.04388356512446764,-1.4582952704791008,0.7049749193269854,-0.5328672551219225,-0.2420244548810363,0.1425519145065363,-1.0729805172106857,1.363073704783992,0.8492709534939389,1.1711688573890362,1.05175630043229,0.48050215884908537,0.3156644927386136,0.601216815110733,-0.13824199601599668,0.2669063072176752,0.8212290829414682,0.25626030263813554,-0.9016266734464118,-1.3518858322236298,1.01856869245565,0.0363767459696267,0.2613999948201814,-0.6385679674432786,0.0719762208400945,-0.3352503159823507,0.17185716132162587
0.060793713560835204,-0.14463617296977693,-0.05259590316177379,-0.07221399879418203,0.1325579314806352,-0.01266024691610126,0.4597265749727053,0.6695892025559315,0.4090658266149472,-1.964578610134715,-2.065575883583185,-1.102526991170869,-0.39823625661330087,0.41882385376796905,-0.07450164914576646,0.11848656806104146,0.31425130246953137,0.4848152407736266,0.5138630350916813,-0.47788902073658474,0.12561051777608195,0.48579767807862845,0.2319366401910735,0.013572735851638911,-1.742506474840504,0.42488708791113,0.5365636885534246,0.5261586331783843,0.13069125721250946,0.2929243135752905,-0.07939266582847461,-0.4042367645278407,0.35700967817821155,0.41020248443924046,0.19899110076793733,0.22503008281656534,0.2279216889447705,-0.09230393309523933,0.14375948779536557,-0.03862694768026947,0.2637976704346721,0.13139471514682932,-0.016759419686367998,0.5963038012816582,0.2653832160129985,0.40665106797756334,0.2608034065358036,0.4324746053953727,0.11733758346683754,0.38574435630157206,-0.037657201963835235,-0.010986109914494927,0.11486014803560492,-0.20150583577445288,0.2884453116776067,0.21935794897940233,0.8629859970697336,0.395475898373356,-2.092709589520303,-1.4091993135195338,-0.9039700825892597,-0.33950653497381256,-0.005712122267035782,-0.08311676349042152,-0.16394013867641208,-0.4535542381513893,0.6555239825414065,0.3015191331079846,1.1872897997543448,0.6831508334125185,-0.16743434069660768,0.049027004571627474,0.33827461383588586,-0.9501025466534305,-0.9038776089946459,-0.03714558960826366,-0.4975934184264662,0.09843321850342247,-0.16451249668714793,-1.9214725132003745,0.5196045555685967,-0.8510406419368985,0.05873777973199852,0.397960107716745,-0.11434001008707352,-0.6211597673056608,0.5574956904630418,-0.29731278306107545,-0.33550410757060706,-0.19367071024097454,-0.42114351392684335,-1.8078707716957714,-1.6087357758118774,0.5348187933550533,-0.16802119501218443,0.5988946085189918,-0.12814128639115013,0.41268678473543624,0.12768513768348397,0.3513592534674591
0.14831018838843996,0.06305000034335159,0.2537680673157696,-0.290613109387751,0.2171812520758402,0.29844867877298803,0.2068536756349007,0.18192649172548644,0.31615335801775174,-0.9711702510676389,-0.8863219300630829,-0.3229927542023742,0.13208820420862227,0.17056869086897325,0.28244761122840817,-0.5527133600784955,0.2566919541375222,-0.2446653753473362,0.08704770394432146,-0.6921488464740397,-0.2422387995610967,0.042194590893063946,-0.09179852205132949,-0.5082567487461238,-1.8739140543762784,-0.22764601267327403,0.30183884058823546,0.34040862019510965,-0.29818481717440626,0.33475072876092027,-0.21554067216587164,-0.7828301441509438,-0.04135763545816232,-0.4137843749856845,-0.3509507719887592,-0.16542400962811135,-0.26813856439812517,0.11074173642482142,0.3364323906283036,0.08287197025353918,-0.20386264812889696,-0.11427175736183337,-0.18677413020677414,0.41608948280495395,-0.23899461189579863,0.3801139839820024,-0.05646428068257753,0.3087496140422,0.46348224031251195,0.28759697796809575,-0.4128713087109633,-0.11164987277279656,-0.20725225188435892,-0.16586749679747137,0.3484907332746933,0.44027703856826145,0.2251293630797797,0.3398677356277288,-1.203666807883554,-0.4151564307010272,0.22464051323686296,0.15099074520531816,0.1989043725526196,0.17639384744048126,0.07179787546571868,0.23646544786640641,0.039032330108418306,0.7042336020793886,0.5536012653592666,0.06640770763776863,0.02161257044222486,-0.4604610143624467,0.2109975729678099,-1.2471133184487762,0.3614605286917894,-0.8534616399569572,0.03505682366428326,0.28454741592707494,-0.3759929333739944,-1.2051289795244833,-0.7838919055561832,-1.6270805369604133,-0.9878225248442516,-0.5310040566738068,-0.5562814460545837,-1.0259297866317791,-0.04267211124531378,-0.15997558915027618,-0.533792978788366,-0.966468366175962,-0.7860267528709322,-1.2402995291713474,-0.45526681287920123,-0.5190303592793363,-0.3100789249798529,0.45356103550231774,0.5070874900308177,0.43909398867044674,0.5215581266317751,0.26134220848128925
0.1958168593908143,0.2661427863451745,0.4137815423132771,-0.22186895928571665,0.17827984444469025,0.44355879341446725,-0.13646521236566525,-0.40236184354586385,0.047858419276330055,0.7524746815432531,0.9514034294013423,0.6813068630423158,0.600149889498413,-0.16167693398364222,0.4658162204119964,-0.7304691981749772,0.017503289687262304,-0.7142574371096992,-0.3386787842707399,-0.25999863077445595,-0.37203896172317497,-0.38140366762292194,-0.2947214282902928,-0.7583422572780905,-0.7045137724170674,-0.7349103325654683,-0.0537917332429956,-0.0916412552621338,-0.4977131018024306,0.15248018438493205,-0.14361948801453778,-0.5776121993155323,-0.3636275121895609,-0.8568197495860818,-0.5559727827876884,-0.34932139244093513,-0.5497732607195995,0.25970222835733675,0.3233264150469739,0.19019683237104104,-0.4194097289491474,-0.24145305240127493,-0.15581150273440408,-0.025499009472440843,-0.46322232115355916,0.15489202532004304,-0.2616638883619415,0.031257660269872665,0.5342023428360932,0.038611729645389746,-0.4462751196447929,-0.07696147290529186,-0.2681893077057143,0.08107855401983195,0.20260259315441775,0.40582497378413257,-0.545351057619402,0.1041982189901091,0.5453297482809567,0.919740756214107,1.1843688565986317,0.5471529079494235,0.26823939763945326,0.33526625976187496,0.2959319984538022,0.8099664119522871,-0.5918876525556758,0.6523917086644981,-0.4041713407009964,-0.5187000991140824,0.28706231593054077,-0.6337107373115797,0.015762554430814837,-0.762885026022723,1.2564915597444506,-1.0992398285745015,0.558493157950948,0.20810034809070757,-0.27763978413661994,0.45690298323169753,-1.5298929658387215,-0.9267738545594987,-1.1015819669082214,-1.0136004141369606,-0.5200193506311303,-0.6471116014187333,-0.6309218028607372,0.08780515623390754,-0.22289642331397877,-0.9512539865239664,-0.48987822580149404,0.2070053411649106,1.0239724719567014,-1.1902151565857397,-0.3689042931359159,0.005397869483365741,0.8114380723427245,0.22762828189107537,0.6220617206722504,0.031091284377580863
0.2598562918807051,0.40735394079002984,0.40559293064626517,0.1773128600681583,0.16270923169321808,0.4087306518071604,-0.21700807251155818,-0.5559375939594343,-0.08657260553383468,1.8149127138476888,1.9310560090939024,1.188166923477875,0.7181972824691368,-0.26722802263810025,0.36306129700635226,-0.19939623206797616,-0.17153370477659524,-0.5518162348717135,-0.39140833934473523,0.4177350545950829,-0.19088968810963497,-0.3237269816745732,-0.11674091536697134,-0.464393624793425,0.8080993333969602,-0.6268157970258035,-0.15043671401012734,-0.30562634317736725,-0.22869258847090604,0.006584908501686076,0.19620598815821189,0.19168285151309963,-0.23115718765421958,-0.5032393849890429,-0.13324829495777835,-0.09896913821638664,-0.24056937072805928,0.34531305026665365,0.22847275177677753,0.3138152692703718,-0.11974816481784488,-0.021108870865421174,0.15601223773030984,-0.27302887574607637,-0.12335724894004106,0.009135525366115126,-0.07041581996814769,-0.06411708702385398,0.3748040231323494,-0.052005381485686,-0.012058041821508533,0.1664103833655846,-0.03824464080275209,0.3993631303969528,0.07901170212426045,0.23693595814719998,-0.7463064749709151,-0.048261569337043085,1.650335836814557,1.52239788315319,1.2702192729746644,0.6341645485721163,0.2502318502828533,0.3446666458741477,0.37481217473907713,0.8354581391444685,-0.6466458146110327,0.22440443663724238,-0.9654803991127677,-0.6731509242116192,0.31952150357929676,-0.30040349081618495,-0.051272016338684875,0.09194444121218269,1.0347217348583548,-0.5269978943268657,0.6141663662955684,0.012660933853889127,0.15556766062083746,1.768187669017382,-1.1775180782769272,0.6044056307256641,-0.1703680808866819,-0.7211761278202647,-0.04036034361096833,0.12547391957236145,-0.5989377226631634,0.20828110873606528,0.31767417388449615,-0.2261050975588973,0.31418540625620994,1.3910927560687385,1.5645881194232747,-0.7894224754612893,-0.3380691840702286,-0.3187416307531989,0.5718481562829089,0.02120968894379815,0.42298399450339097,-0.09651471466129571
0.2869840859749553,0.4276360952322286,0.2765326060347871,0.6431288908543266,0.22413213879036092,0.2563988091573997,0.036994484581409304,-0.15201358367294393,0.04231570259067056,1.4941681897379189,1.395109061012328,0.9054091248865832,0.44480988085233847,-0.05636740759452786,0.07752325029566097,0.645883633584267,-0.1679834559555742,0.10193976991596797,-0.04550459362642641,0.810654566879756,0.14629312882929507,0.19638038460190888,0.3297083438216321,0.19661220184310488,1.6360655263715422,0.0374517979651433,0.08472992810780923,-0.09487269323737087,0.3359411433920633,0.04524888771667689,0.6060632945179809,1.003497764652345,0.28529929313214747,0.3887501450512587,0.6201954347597276,0.42959123903191615,0.5019181332596218,0.355441133015664,0.16100193907374408,0.4043221095449258,0.46638528412161984,0.4357175803673521,0.5297741306938353,-0.10830902556916318,0.540431012611593,0.04906218809025683,0.38049883358683284,0.10878735871225739,0.13605683798373283,0.12108928477917669,0.6146190566310523,0.4817910457295493,0.2837917928017137,0.5953224076604621,0.10314782348782896,0.07912737132644114,-0.20707831809492108,0.013616005104494882,1.3364023797575046,0.9815284652913348,0.48991030356771403,0.4000983036724474,0.20502615633890886,0.2208006826377741,0.2699506701231593,0.3099194212479338,-0.059507720121005574,-0.2920111216581794,-0.8005520555543464,-0.33862785511512355,0.036563990183440975,0.2994263452828251,0.03071087140358318,0.7621480005018834,-0.10425259299117577,0.49514704184322306,0.18360875233831062,-0.07814691217793762,0.6596973099264344,1.7464881961472034,-0.04262710735355461,1.7362815530261284,1.0917895309338421,0.08023857972482136,0.53167026647667,0.6551905003763643,0.11538477679463802,0.13418677184852854,0.6804829074006731,0.6043399255293866,1.0376833748239782,1.5243034168947804,0.7846663374112074,0.44542055148384097,-0.2101924017635647,-0.2414915397994625,-0.04981160590466834,-0.024513341640022872,0.08151343497809996,-0.007721983755389293
0.14644015498186796,0.27311168872512726,0.06635302659427793,0.7736203034393759,0.24606138627616167,0.04083476207918884,0.35331929631780135,0.42722901492046267,0.2596417746882647,0.23008564482923508,-0.03173498868009887,0.11768972723907542,-0.02861046608050649,0.26338766733069746,-0.1714183574748648,1.1018077435401807,-0.029495619782122832,0.7128720704791843,0.36971025396491564,0.667922935594859,0.38628348841644194,0.6740860837585092,0.6256207301460355,0.6948786140674224,1.3790049568230904,0.7101203896119892,0.3584355197641838,0.29468922358170296,0.7232741645380979,0.1597777693879588,0.7284440575731395,1.189476864312871,0.6966455251627943,1.0764336699806782,1.0343608330508651,0.7783219531002391,1.0425159868192013,0.23666525771726563,0.09895918568571005,0.33199010556401476,0.7864091561805152,0.7142063046833349,0.5996812660702137,0.24907139487889962,0.9337133193351627,0.12374469603201753,0.6289465543801217,0.30281641427166234,-0.07581865767677763,0.33804509345487704,0.9298849587923813,0.5864073669170069,0.45380643843770874,0.5340674458720197,0.16967805234245623,-0.030822858204982,0.5634895722327956,0.17180553221843645,0.10154675399649248,-0.18453900408162202,-0.5137999749560221,-0.005476198370930367,0.11990816980639529,0.011202918682483912,0.045917548968145615,-0.35597328752746726,0.6374562513963625,-0.5969953950041016,-0.14007511345684492,0.20470502697505397,-0.31399547478987844,0.6977639503565162,0.11142034881199499,0.918810769476077,-1.1970565998849516,1.233383355186026,-0.3224023947512885,0.013301670631661473,0.8251886723859678,0.457311871201438,0.996626030562227,1.6549108710781346,1.7364760229407732,0.7923001367891402,0.7902307942328137,0.6138862736621745,0.9115658097909517,0.0058220195616762675,0.6309374877427749,0.8970008397118933,1.0940123765571694,0.6882149966196017,-0.5443373073841428,1.4791572127754753,0.004560736673620183,0.11679683330746865,-0.6299446590924059,0.02970973030764617,-0.21868738967857032,0.1702767641435805
-0.17950989399315537,-0.026781399575008785,-0.17347775157898299,0.37784201336095635,0.08862204260132962,-0.18376932143344243,0.39269133543170753,0.6389846235417093,0.2805583479571089,-0.848421835542581,-1.0945171981076598,-0.5782997161969287,-0.41134277467103025,0.3749868966455328,-0.22078758076212193,0.7499333400974095,0.06897630898424441,0.7797569894316564,0.4653494206572232,0.160930598313054,0.3603178222641324,0.5875148048793035,0.42614169091389736,0.5885303978024533,0.3870547575518899,0.8126516293345812,0.3247744511251498,0.4233406851304388,0.5586256895007862,0.13240866464797835,0.3547780689998084,0.5004193621507096,0.5489880416286856,0.9437312591934398,0.651190096242567,0.5771425011093472,0.809691566030353,-0.026974907717128682,-0.03326180020761035,0.03648699871266506,0.46548455851565557,0.4706564600104365,0.1989466796441035,0.37989847162196155,0.6304467245545006,0.03488752396146753,0.33409807684791365,0.214396169756989,-0.22273010399201792,0.2885934128810509,0.6117981670166562,0.30412594050264047,0.3805900830761607,0.2296863917904788,0.09167249505715554,-0.12696869857327578,0.8380369814999235,0.2036472771289025,-0.8572757630318698,-1.0066882816059233,-0.9933209027182872,-0.36365264357531746,-0.04438331225549339,-0.20810192112367434,-0.17164039694698782,-0.6617756759555726,0.7905963699460503,-0.5396230928504058,0.47536611776293003,0.5595886423146688,-0.37762705325333906,0.5705501982197028,0.04719817184228691,0.595020128066211,-1.3193141280140621,1.1229020885876702,-0.4389409122506391,0.1565476576903381,0.4331296328327216,-1.0453915568276122,1.180361382425858,0.5392997793506982,1.3096182637649387,0.9330336919048546,0.5581351999084153,0.18264282360249928,1.033033300330243,0.002811600983249233,0.24776073570187346,0.48529423294504664,0.3872704334987569,-0.36159478060705635,-1.2087835400127667,1.3505369298908032,0.2356269589375145,0.3754882875833003,-0.750851537913579,0.029191815496595375,-0.34984306097671614,0.21623013123059573
-0.47590544288759334,-0.3082784793946005,-0.32809393602045644,-0.3017904481256158,-0.20567093393902994,-0.31476607480050856,0.08624859692681802,0.26926976834892147,0.019907760959179066,-0.903559423729585,-0.9980474614671084,-0.7205686835294425,-0.47997114683193143,0.13834846274393472,-0.07824798243603023,-0.1683277065578814,0.014229669496086547,0.2324823366998376,0.1335508110758236,-0.3032222829627402,0.0909507279750603,-0.08326232994998149,-0.18613022561415307,-0.078044127785457,-0.6333537600132351,0.22083576788687279,-0.04447483982688926,0.10859473574853558,-0.09174230633831913,-0.09635346184323201,-0.3233967867192922,-0.6093214788712079,-0.11933472654241574,0.03430612700482144,-0.3178128092519772,-0.0890967010133598,-0.13913370466276595,-0.3135446508463829,-0.20731744728714108,-0.3329282589155245,-0.30565907206646414,-0.1964151185559813,-0.42475525568323325,0.10251681030139431,-0.20849765880260407,-0.2001863387690936,-0.34616825138533214,-0.16282751545626772,-0.2626094930445195,-0.07216348567457347,-0.171755664600438,-0.2225962522382278,0.16291959654442853,-0.14599949270133927,-0.14743250529190954,-0.19342666091412328,0.33123103385442804,0.028872010608677896,-0.7487896450678785,-0.866815554819339,-0.646832572368163,-0.4806743133920424,-0.24564990089758154,-0.3323614662699078,-0.26309092249078464,-0.40250618317214854,0.2242104822446711,-0.17807644830173516,0.616260872834607,0.4858118542683307,-0.04322179276553773,-0.002886249153288483,-0.1353124121508075,0.055021212753863576,-0.3564499440910782,0.1929284745019298,-0.062364831927024446,0.15621349701884854,-0.29953305260989604,-1.5534170333059791,0.4112829294293117,-0.685436957196738,0.14822270837280258,0.4401116912178105,-7.398146961461518e-05,-0.22031938822320538,0.26636842650452336,0.14342837967575167,-0.17119401347887525,-0.2121898105701391,-0.5696188752945438,-0.8518776681492789,-0.6229598995054796,0.04694220305349094,0.3414709717802936,0.2723595781819195,-0.2903630271627746,-0.06238396166645235,-0.25476405243528705,0.0615619166337343
-0.44826851356948116,-0.3640312476708035,-0.27008508738923515,-0.7444485285251162,-0.3990232210366642,-0.24107202558528504,-0.30779023516539755,-0.3853621026166752,-0.31108979800456343,-0.04267277360030647,-0.00596718978988919,-0.29307327473336486,-0.20992000225148225,-0.28318387285340024,0.09196662871916703,-0.9441445882203721,-0.15275519608803945,-0.5167981180413184,-0.36619186970846807,-0.41771286295498344,-0.24592967356965723,-0.791018791173947,-0.7300710498952669,-0.8020317804523625,-1.1147858609847192,-0.6310692041148305,-0.41713549352790524,-0.387655780016095,-0.7529118982209316,-0.3419310774951016,-0.8021565336943633,-1.2915602527684513,-0.7702179702361004,-0.9573893766118797,-1.1083724027004989,-0.7059283277175907,-1.0803919487931923,-0.4060898824306949,-0.26861324008308785,-0.4844604322399869,-0.8903083600588846,-0.7706739087863251,-0.7733632980564813,-0.33686167200867095,-0.9267412995238816,-0.34141077764459876,-0.8429609898888772,-0.49069127921880873,-0.13778446300583888,-0.4355938746567542,-0.8553390780937424,-0.6040872786376996,-0.050641029104916684,-0.3686787673405777,-0.33786962318533625,-0.14994234204935245,-0.5420637492869782,-0.20807385225450042,0.17293535238438865,0.021225494764049654,0.19657597761998194,-0.28531848382384467,-0.347137664984863,-0.2814440516884555,-0.18987704673290778,0.16975582662761277,-0.597245777724317,0.25290915375528006,0.2343733215111697,0.04666838034233571,0.40850664640327444,-0.6021080483888037,-0.26561027524213016,-0.4256575611945327,0.8794794133969509,-0.934785276282435,0.4419747466999096,-0.05609648829058205,-0.8377343692688084,-0.6906988622765791,-0.7060789180976802,-1.137355654668388,-0.9271780474809993,-0.32871871696705657,-0.5051168435378321,-0.34403996954943633,-0.8164689955631996,0.2536458098508291,-0.3525918617815622,-0.5996969333235502,-1.05290833160427,-0.5527959209046251,0.6653336733031454,-1.417196954646412,0.19019604489930356,-0.0962881706357901,0.43241200327822854,-0.12361360972647542,0.029286822337593943,-0.139589375470998
-0.041191731322986556,-0.13133628302683148,-0.002396755078414083,-0.5908491023507694,-0.2844557194238898,0.02758031322426012,-0.464875606712836,-0.7895538811595633,-0.41460735116314906,0.8667932335822028,0.9010526332631932,0.3043775048475486,0.19780559980634235,-0.5590215526121282,0.10877615607247718,-0.9946392227389705,-0.2963062458133415,-0.9012150576881001,-0.6343845600101952,-0.18615246618533557,-0.4490126235635607,-0.9012644753967476,-0.7401022141207243,-1.05266860891892,-0.88632335516283,-1.0976698865340202,-0.43200709141131627,-0.6135028235965122,-0.9281442104494976,-0.3615158237904786,-0.6728676139415823,-0.9993970583351498,-0.8382219404360466,-1.2458047058288846,-1.0434019251990998,-0.7622904116165384,-1.2138578233392816,-0.18958804392341194,-0.1028865433827686,-0.24734553224519681,-0.7658725818522703,-0.758744683875358,-0.5333692290908044,-0.5101611382966578,-0.9245044054114099,-0.19371146743800946,-0.6880364348816356,-0.418120671176737,0.1277671540357245,-0.4349290986449511,-0.9208875746864198,-0.5306098711776033,-0.1970818566070406,-0.31623782947335016,-0.26159867107885043,0.025899503349224785,-1.038392027821333,-0.29376690814283934,0.9492492685111426,0.8320208603554053,0.8561470126713782,0.1022866803203544,-0.24140305298701747,-0.08085377993961049,-0.02755878007277783,0.5502955394689457,-0.9897577948711576,0.4625811744460216,-0.35844050938087874,-0.4465743727612239,0.5340793445557732,-0.7942197408743116,-0.2122441572850097,-0.6769167794768501,1.3102166410849632,-1.4770889922347605,0.5551016130514267,-0.349565710651143,-0.7563956137746608,0.7595540001230212,-1.3303875960928095,-0.6310668733981506,-1.2184047387578723,-0.8480096880621797,-0.6289569657760585,-0.24412883863393176,-1.322972787282064,0.15155492830852857,-0.24093679238930626,-0.45248218618069524,-0.7213679518999134,0.1530259567518524,1.4731858638720292,-1.8346503833318426,-0.19677930173940172,-0.39003069682968533,0.8292380151561229,-0.04766161605011696,0.337882343140183,-0.18662517919677496
0.43649531137449366,0.22121714291270503,0.2891238566139495,0.03517170386094772,0.08581321773229877,0.3087176730998754,-0.2766108220338579,-0.6152152463021249,-0.18524768596454727,1.009322852901014,0.944831367517131,0.597069563065767,0.4479575534327198,-0.4501236845762918,-0.04518227323993379,-0.31686330418565867,-0.29766068002713575,-0.6270883957340607,-0.4492717437298769,0.1488081793578334,-0.3950103630277069,-0.2740024603403672,-0.18060557974989858,-0.6883918873474197,-0.15876451899666758,-0.8158706788466427,-0.053757879013141184,-0.34707194701246336,-0.48730577147746584,-0.09693424997975628,0.009116966818328728,0.03782068188357658,-0.23843840269958805,-0.5886414832289046,-0.13549893565092472,-0.1940805164353953,-0.3691696076951386,0.20201073448867202,0.20120253743225905,0.22892798201170958,-0.007342726032636743,-0.13827634553314638,0.12433724837729214,-0.22503858629618542,-0.1775121614613427,0.15830452601397735,0.03421129673477871,0.049408819665521984,0.3695170494078562,-0.018379551624872762,-0.31037707420645394,-0.045245368361590245,-0.2636681910915741,-0.03769053178634002,0.06128275197980969,0.21933386206795008,-0.7281258757260068,-0.14694740083250668,0.8495186989256611,0.8677417446569566,0.827641688192706,0.41804853198990494,0.027867240233098414,0.13701440003678103,0.10007602233483995,0.42123408695694387,-0.6380574118129269,0.29857675133730566,-0.7232043995599627,-0.6371169194452727,0.16229715024792105,-0.4587253849560529,-0.012588975028971178,-0.6203413930954094,0.5225465697822168,-1.037820051349617,0.1045510558319075,-0.47713835717332204,-0.1005306476468098,1.5171553337787194,-1.0141762448258913,0.30333059895031084,-0.5884342948269097,-0.7685444101719694,-0.3060903591340445,-0.10867286624093961,-0.8003768280646388,-0.12771879281801746,0.018586393134354118,-0.06690368971454008,0.12385241946258391,0.6604617254477146,1.0430674059206209,-0.8322578523541467,-0.5827954311958493,-0.34232374912377117,0.5151908275576905,0.10988824783531048,0.44703192659297003,-0.03656236280803461
0.5822843088666757,0.43509697401786923,0.3904142643671155,0.6453888953727374,0.43178967035975935,0.3920229825125274,0.11814004780948859,0.028402264889410757,0.22457626830306507,0.33152470952036467,0.21377755586872593,0.4252165833261604,0.3846511252787783,0.024406641342844503,-0.16651158367446395,0.5803003821710008,-0.11193232176974569,0.12828633833793396,0.08911462561707373,0.3593074085655382,-0.07675357345420358,0.6094366761632029,0.5340218466092901,0.005923047138120242,0.6292853973377638,0.04052520902454258,0.4153277482072902,0.22927745118626816,0.27298385776898115,0.28266059508743085,0.7552113781916417,1.0117837771125513,0.5724988266687124,0.5378111707938664,0.9138620506122123,0.578908008346726,0.8303147242513657,0.4838419390083456,0.4107779952526674,0.5830534078901551,0.7819841975354325,0.6211300769526124,0.6869704778049074,0.31067067277554494,0.7520147647264298,0.42800594803863373,0.7518433207178262,0.5418342962578966,0.40433893520415476,0.49926306674021914,0.5536300721045417,0.5073870207273514,-0.17229416250190327,0.3190118086858008,0.3840434309292462,0.2841307688901366,0.16832664426051783,0.1442742775270991,0.010567515212274907,0.1782246673789155,0.17721996202512416,0.44648633367395646,0.2972591725057948,0.2507081400663353,0.14690270568140906,-0.04515514681183358,0.18825982830281654,-0.09918854092449429,-0.5788369858236356,-0.3558232718457714,-0.38754741367069073,0.14441621405397054,0.18719211325588644,-0.24945787858489696,-0.8246771549502314,0.11586175038961288,-0.5087610331408292,-0.24854357024525955,0.659211601708462,0.9352292468577217,-0.04369557308874354,0.959890630921682,0.5143066589832914,-0.16263873498746312,0.24492436101828785,-0.044324846106325304,0.39275136244869446,-0.3198657785008468,0.26268370139977987,0.12984607407252782,0.841165573179808,0.631192949629185,-0.2815427799534394,0.8221257050656287,-0.6650321289004244,0.033472493550030784,-0.2819723869107281,0.2103220859187656,0.2697674680884045,0.19402618669884183
0.31636231386619723,0.40506239925360626,0.28040818434675263,0.8315605752742431,0.5159921497156119,0.25793257158238275,0.5093516735616602,0.7164980449002225,0.571867778071606,-0.4622546235037293,-0.5014520661062251,0.05881277002724325,0.13509350181314098,0.6035019143565044,-0.008607565775270389,1.1315775821279388,0.21968604792571647,0.8616344558614957,0.6544526499723438,0.40761084768250216,0.3818847039049861,1.0851688386249387,0.9135242887237747,0.6136115698723721,1.01596300254702,0.9012890836376416,0.6503427748336016,0.7208883801466901,0.891650267985093,0.5507415300544687,1.055192504202309,1.236546064119206,1.0172519963315503,1.3373826690138684,1.326385923091197,1.0315933837886868,1.5035365831120946,0.4888226354035437,0.3885774951434688,0.5796671679476423,1.02600677749337,0.9774457154397815,0.7599011204819252,0.7095228176302227,1.2058694672190862,0.43198495344320215,0.9325605881613342,0.6897406722216888,0.23710648683151567,0.7506247834914896,1.1234298939441532,0.7898748162727773,0.1806939443360923,0.6204293102975865,0.4890810067578647,0.22193631305476783,0.9993160582767764,0.43586157567351563,-0.7661905173346124,-0.5085106766180392,-0.5071337734495165,0.21757690648380554,0.4355713546332294,0.26576918399093424,0.1894291526467603,-0.33284762278283575,0.9191443291481646,-0.36226622075051784,0.00292295270856871,0.23924904662642632,-0.574122525070298,0.5930029754531639,0.28889690115750344,0.3097549840638487,-1.5343568625320647,1.2324925360365018,-0.6359272160057613,0.30080418785878976,1.0237634652272845,-0.40600934763615587,0.7800963378377287,1.0186978579204016,1.3826741835534053,0.4999365997855181,0.678972573035674,-0.04650147090780317,1.4058928069097878,-0.1893506776517723,0.4428202842394577,0.06486878014117169,1.0048918655121577,0.20542766833450055,-1.366686792026976,1.885525906242514,-0.3532001316325049,0.4957287445562424,-0.8269495534357619,0.2309601285218361,-0.00411650337427153,0.3884819641092813
-0.027641294392504855,0.2595575457167865,0.15317739392262436,0.5856696126863489,0.3561712575546679,0.10847822657627619,0.7501062163572088,1.0145534435131514,0.7020958598608851,-0.5945439698516343,-0.5038041172977608,-0.0792981589549942,-0.006764169321978232,0.9318166304493798,0.42582145730658294,1.0990839886448494,0.5517412525813636,1.0871291629879916,0.9038297368874567,0.38660405729853586,0.730580705870976,0.8672815240635748,0.776697005191759,0.8647350417220329,0.7487066655533308,1.195187936141412,0.5808032462758699,0.8378023026146945,1.0474014389820374,0.5946079482393876,0.7758863804371753,0.6941876689282432,0.86711693056667,1.2940423133866552,0.8887570810455321,0.9382404355358935,1.2340068274205511,0.31198642130641224,0.2338220388583207,0.31958907503433404,0.6574469966248542,0.7578223316536425,0.39185494670749543,0.7398210283889731,0.9486871546033993,0.26464414121958585,0.5407022448096716,0.4624278396977924,0.08795710097585764,0.6382812361862268,1.1087481430920005,0.715008859290844,0.7096238046232876,0.7752233741295242,0.38670549804254883,0.18979815153235333,1.19990713392896,0.6181987776146678,-0.7939298553903628,-0.4976166305679834,-0.6030739353119837,-0.009099086875989067,0.4333463827742881,0.27673171214668285,0.3099424933572675,-0.0882890453039979,1.1262775772922202,-0.20325924735801215,0.61047958371146,0.7252401693854814,-0.16987038137233473,0.6085077523817798,0.3004537620465469,0.7547493899349148,-0.9313189995847005,1.57358964838222,-0.018665449655683227,0.856389624107088,0.8330639026694545,-1.225910773167629,0.7758693747538183,0.6559698759200618,1.4917626954564904,0.6849483384100341,0.7384320354079751,-0.09381671306338313,1.570404646489937,0.19600544527040956,0.5692833689779362,0.038246444852600744,0.6844325145959251,-0.18710272955716084,-1.2879846504809715,1.6462067814003212,0.10072243670217744,0.7661572471312826,-0.5224842327002001,0.2938927528367686,-0.047247332436588574,0.5166350521177807
-0.07787247018728151,0.17884168692526342,0.1774633067931688,0.19512783341612744,0.14682787631127794,0.12990512819750222,0.7331598174464796,0.7232611150989934,0.5699934126545958,0.06517934299924673,0.15953218858203683,0.15622752616213564,0.11228900615742841,0.7505515863663615,0.7787794937520618,0.5971625074144536,0.6456914917989652,0.6374261530187743,0.6565361359971219,0.3359214376763519,0.6889840911506362,0.20378048684458652,0.2984115731367449,0.6748568470385394,-0.02750419916297649,0.7135233176259269,0.3460887088197997,0.5408335236153538,0.6740850087687971,0.42243490332732697,0.1874240473634617,-0.06945128715751023,0.3269512766568915,0.4868662347175708,0.035729317849312915,0.4440882211357467,0.31882122814215735,0.16057283186657745,0.14058294811774286,0.08638473255488842,0.06699453345786582,0.21270473866845446,-0.04729189901269895,0.438449681295976,0.256996328697264,0.13599154504567978,-0.022295595819481682,0.12041827637435476,0.14583344219297026,0.329788047162741,0.582585961713551,0.40758237073042675,1.0362958732713479,0.6897926497814313,0.23042396392044984,0.2819166071860296,0.6573501947973438,0.5974774683333135,-0.08642323157211682,0.19256629775701373,-0.006942089578053815,-0.008591278473506133,0.3307246415159862,0.30124279336235693,0.43302270190045505,0.48747441722508955,0.7336473018314129,0.27353162783495083,0.7524435060633655,0.6936774169565828,0.47355899101028526,0.21281163567187658,0.24334906797552283,0.746532391957941,0.49866841280380475,0.8903530761078722,0.8673217221890658,0.9753736660971438,0.29092269310559177,-0.7416061906978461,-0.058327798023508556,0.22258447639030474,0.7960935585673243,0.22561370170362688,0.38975037770531534,-0.18009120108079313,0.8322746725253084,0.4881187025734222,0.5739508999473069,0.2621475676593512,0.23330968924666817,-0.21570228819834303,-0.1110601293211748,0.3882246771471199,0.30384552525771785,0.6738990809873627,0.45807754890739916,0.4457999958541058,0.24823784511890926,0.5487185554210793
0.1413053466406975,0.1600216579082884,0.2585252562842775,-0.10995255354698408,0.0028826989330761952,0.24030134774550474,0.35558532615383026,-0.04238304255424552,0.17502738737920928,0.9012250890674017,0.7950144842247864,0.4677396824491601,0.31296142773308955,0.06415066763181769,0.6004888740162471,-0.11530496396241233,0.2989035641745987,-0.24095513487655326,-0.013708128242104343,0.17777298698780708,0.1540173839221349,-0.4387748056409347,-0.23628809329806066,0.06626669517201778,-0.7870234754738958,-0.2763463745476084,0.05384622958048245,-0.02594162426065183,-0.0848595544323008,0.07271233085231092,-0.33814661313391786,-0.5210315938241116,-0.2513492265297003,-0.5520465884314941,-0.6240713854442198,-0.16102468237475073,-0.5942048565798997,0.09219579127278087,0.13974564636112136,0.01189126870039854,-0.3475606042191942,-0.296223982668901,-0.27085976344567814,-0.026879267569781554,-0.4139779588965645,0.0820783339647357,-0.3710857208392725,-0.11713807295545549,0.30779964170167484,0.0011173653078859309,-0.16816214753079586,0.005551960076996964,0.7405910572215655,0.28652774279935755,0.08111776727922126,0.3439640568464623,-0.29364613524907907,0.2777288681689393,0.7454682628014008,0.8446200513650786,0.7361776440756503,0.15369422265285604,0.10837851076285945,0.2007872640450672,0.3332962578322195,0.7758729576962244,-0.0529585425037816,0.5930335163529332,0.23013299443414478,0.08359047829237329,0.7286546522744962,-0.3374236893669523,0.06504517414912948,0.20503256748337828,1.4996911681102612,-0.41656010027233453,1.1625809020475977,0.4063081442019851,-0.2869328489297755,0.5838221060615866,-1.0251051088052652,-0.09210693374217728,-0.27358165308598753,-0.5091105080346461,-0.17541738355153316,-0.2533619965943947,-0.3252775831266902,0.3877416451568716,0.3168654765846476,0.5017249902754997,-0.11049928330292823,0.1004573766253801,1.2105394738011885,-0.9760217594243741,0.09195756244297529,0.20645434833014525,1.2076867252472188,0.47901836067049586,0.5717446811131102,0.37214783010405844
0.23291743544757237,0.02702664084958744,0.12160366922261476,-0.32588257557279166,-0.14377575071835677,0.15398395160644046,-0.3554432562744132,-0.8980287713366004,-0.4083841688286517,1.1336983659564037,0.7643511121631664,0.40967663294756296,0.25184454865109984,-0.7886578512734742,-0.1891089133109642,-0.7722508984769271,-0.4300147484354982,-1.0210318746202778,-0.7753364983716543,-0.13598686565798285,-0.6225924966119498,-0.7599632139450695,-0.6381469100383799,-0.7946776116423749,-0.9481354633728047,-1.1913460902778106,-0.3015604817658534,-0.632632148418696,-0.9198990678047112,-0.39090422121355695,-0.5979142389155182,-0.5589642750304546,-0.6453532262609096,-1.2206145245458546,-0.8005306354343021,-0.6446206859691025,-1.0277598849286582,-0.028332833320205145,0.05995334348338946,-0.03663312695773167,-0.49790786219263616,-0.5858544065158242,-0.3060527109353697,-0.4921119464120557,-0.7777904968539467,-0.06628819923912126,-0.4539978692089449,-0.26474143863732935,0.2536337941523294,-0.3071155430280429,-0.8129536733107227,-0.4164899844162802,-0.18607382387317822,-0.3562560226046527,-0.14822275220510658,0.1080896566637662,-1.1156431636753645,-0.32317477179136594,1.0754154559668334,0.7446724742067953,0.8936258166430606,0.18024915058174856,-0.2666837382899307,-0.1575194380985159,-0.11933486381919493,0.3343715827392432,-0.8774285990817341,0.32975771646581564,-0.6486870150239579,-0.7016012217646534,0.2955926837039539,-0.7286305877520326,-0.279690944388168,-0.5258072796344376,1.1454826623485472,-1.530818191463821,0.4227645077242584,-0.6252706760326819,-0.681213781454904,1.4694851241001938,-1.2930318544356896,-0.2889415501442948,-1.082548731283894,-0.8993921991006915,-0.642417519339237,-0.20748589533490389,-1.250751419493917,-0.04811222792151806,-0.209262862704171,0.3032495684489671,-0.3588516136485817,0.4544434836321206,1.6564377309665668,-1.6310106015411818,-0.30508294783059403,-0.45828705109005535,0.8815145536333567,0.11321626687759169,0.4548916730043194,-0.08517499048309113
-0.07949204067871558,-0.29459345905664014,-0.31572221968624375,-0.49966451626797515,-0.36224019895068843,-0.24755324123785702,-1.0557523042518566,-1.3233879106233675,-0.9124974540424463,0.5213080938312368,0.0852400897591633,-0.11969257562512983,-0.17593337479900206,-1.2508333843523882,-1.0712407196985108,-1.0832890679420688,-1.1048320695903004,-1.1821237900171808,-1.1518695617832577,-0.44530625892892295,-1.0971960682702657,-0.7131394717098075,-0.7895820910067913,-1.4803307699208743,-0.34453145529662654,-1.4468859018243578,-0.6513748782980057,-0.9804627054277759,-1.377995555276759,-0.7758345435777102,-0.5631177959667478,-0.4032659304765068,-0.7660801974945737,-1.1610849833396935,-0.5838197867295772,-0.8275542224160815,-0.8762494528308928,-0.2875514889382519,-0.21377326489047252,-0.21368621336297838,-0.49103173093132896,-0.6388058609018544,-0.3264135813001101,-0.7704191830436495,-0.7654292538357371,-0.38568737779626705,-0.42617540263811166,-0.4077593209147406,-0.1565499561858344,-0.5548267176638552,-1.0469464200330278,-0.7282715931439023,-1.1407141674188652,-0.8920238154111356,-0.4730059119597027,-0.42845312988255185,-1.3301441053627676,-0.9102332065274064,0.7282767687302125,-0.10049227661876481,0.22662220757379495,-0.10422606189975123,-0.664511248665592,-0.6386207719203211,-0.7001860738649759,-0.5930321202482913,-1.3049796349015699,-0.4189305151105617,-1.222073687770617,-1.0430127882490132,-0.4712451331022481,-0.7443313833111488,-0.6469013367811801,-0.8878481887984532,-0.319867728700145,-1.7050994549626979,-0.8561992568370792,-1.4326367342418642,-0.7626849365960623,1.0268687159869523,-0.6015237037870459,-0.36541436147806705,-1.1529711936813138,-0.60126347886381,-0.7202877647764915,-0.005770578381165895,-1.4457093462773578,-0.4332695963473258,-0.703318570593937,-0.4089830600816482,-0.5513955699753299,0.5217886739424908,0.9294271294153374,-1.3052042310719065,-0.48598572042092597,-0.9415385566175697,-0.41991597837920486,-0.5778749993887807,-0.19144889228872614,-0.6205296426934376
-0.5438646511075568,-0.5675860404134796,-0.7081099839440886,-0.5037502033782914,-0.5070017234348163,-0.655836356128322,-1.1614788142883592,-0.9218558380995382,-0.9124435979118678,-0.4409137462518222,-0.6174622087534444,-0.6922901270515538,-0.6279593726764334,-0.8818705687189415,-1.246074338938031,-0.7674347255558824,-1.1299730234818377,-0.5301174978211282,-0.7835822356291221,-0.4331460151486481,-0.7994825696935844,-0.35464990925412815,-0.5577145587325225,-1.4141989275264815,0.5586912926902369,-0.789479927802551,-0.7052033973884155,-0.7634745937254852,-1.0336202058523916,-0.756243465016133,-0.2472028831211081,-0.2104848296856372,-0.5327066636635335,-0.38971788286263503,-0.17073934029709426,-0.5385327785426933,-0.27632366956543086,-0.5029571879844859,-0.49555313107541965,-0.40887182187605225,-0.3393242566898403,-0.42856548372631137,-0.34204114060029206,-0.6212418714551283,-0.3851152904759201,-0.6138249161045995,-0.32702111150733093,-0.44774198162489176,-0.6039227673170385,-0.5426201791004343,-0.664102329406028,-0.6710943076626622,-1.2780866195947598,-0.8506739275062948,-0.6462114783679599,-0.826106136553131,-0.7283959113904813,-0.9795317171378238,-0.0040136224130220294,-0.9269747315758857,-0.7345336953726368,-0.48431580475099895,-0.7508575683039357,-0.8171904521960565,-0.8910438904665545,-1.1820487985527461,-0.9617598860006128,-1.0001886766746806,-0.9480363061899648,-0.5822926212282952,-0.8469214147379884,-0.3565873530813456,-0.6923196116222812,-0.5727504368847101,-1.6527062195861222,-0.7416111955591728,-1.5484490572998295,-1.2998035884810057,-0.430619698993023,-0.39331829891578013,0.48919327518155503,-0.21477533325624956,-0.42493946441288444,0.1426935748172492,-0.29872361381149776,0.20189841349269685,-0.7458919101006726,-0.39579889233810134,-0.6930075109778423,-1.068983492407312,-0.5322571498609093,0.20805494507189445,-0.3948055409818753,-0.2580948817003916,-0.27581204239517165,-0.8129609754848233,-1.5703990018545924,-1.0173604563994862,-0.8374370457010523,-0.7586802697253016
-0.5697104027872505,-0.41110764852884396,-0.5434205010250975,-0.12458247022067515,-0.3007167244883406,-0.5618034748443698,-0.3219331949696928,0.23564630626507288,-0.1682189934078084,-0.9585180562880813,-0.7105015826496361,-0.7065320739481279,-0.5865872661619703,0.24538453778749225,-0.34207041339927446,0.2044632547874459,-0.25788323099554583,0.6065525262946567,0.2524270949862724,0.062137577734174936,0.2234212308520674,0.23428127757385533,0.10372110813027606,-0.3475579494017284,0.9912701329126095,0.4791308891785786,-0.17200942280976045,0.08794057020509526,0.13630303642380837,-0.13116078743000767,0.3023112086571165,0.07778544272204568,0.08917989569498501,0.7059069702429117,0.32455858278952904,0.24452969140416447,0.5345912378077635,-0.3434366180344372,-0.41237444913513827,-0.3035562757359417,0.06849520962013644,0.08700068262407944,-0.1621782750867475,0.06774461973035487,0.29843560274168013,-0.34521959877942404,-0.020587930126946503,-0.15122491141289265,-0.5450645671523121,-0.05209578194561725,0.266598415957851,-0.06205672332211797,-0.2515474566978336,-0.046832219492894234,-0.3310603666054625,-0.5493221397327939,0.4543188441660459,-0.23431008679103427,-0.6502660745638341,-0.9148744622136321,-1.1198075618849357,-0.5130058895300451,-0.2593504995521283,-0.3435257057130709,-0.33152077390632406,-0.7530385608910053,0.158703066528682,-0.7575373015063223,0.1126343120992335,0.4321726072859368,-0.4058942690886886,0.23473449284303724,-0.17512660066062657,0.18375147617553167,-1.671299772915261,0.804026746824139,-0.8828139306520753,-0.10109426959419146,0.28622271938885924,-1.510919830626998,1.0448541091704335,0.2332505273172424,0.6899981682626047,0.6956281131233797,0.430837503811092,0.16393754917870676,0.5630454132050015,0.07357428345999087,0.02558566888912321,-0.929142934017948,-0.07737814758649977,-0.27717113556239703,-1.3626992429105143,0.9463467976906259,0.09628880902441538,0.05341578329669828,-1.376654862082838,-0.5880845731029638,-0.7557133268997052,-0.15405699443988172
0.11781706509781686,0.2603953242895587,0.28087947926853174,0.5880576752024164,0.3112547472211237,0.18237371516891007,1.0802851353346161,1.4540395530833201,0.9842249728380352,-0.5917365735756129,-0.11660515581712816,0.017770054769940084,0.09941585616027901,1.4243760647487411,1.0917675168281156,1.358820696872616,1.0289379418785227,1.4789994249352616,1.3291573987285201,0.7684289423093636,1.2834120227584145,0.8460804478020886,0.926011116954489,1.1829971300546056,0.5474389577593849,1.5565342981357473,0.7973264369631125,1.1502725255112802,1.4841351043224247,0.8403222585414771,0.8742747500608143,0.5106509866647609,0.8829537258869408,1.4901238163161428,0.7843712462486634,1.1659136688703413,1.2154475791346628,0.2814894456900485,0.18100281519933387,0.244547564123997,0.6859724077979726,0.7555038514951398,0.30470954710820125,0.9980543099028084,1.0178642702419494,0.4559006241084521,0.5173850664972725,0.4974577422861322,0.19977319795313386,0.7941088958900278,1.2686596004416861,0.8725390982556851,1.3132398944649066,1.0942166369132924,0.4641650216232668,0.42016689083803205,1.5206001149276809,0.9753900312335403,-0.8381197483985153,0.017445224827939386,-0.5016825439797213,0.012612840497180016,0.6339880041057123,0.6060883530101481,0.7184194259374536,0.5079110418286935,1.4569659535942434,0.2816533770353955,1.2078055476796554,1.2413828891439262,0.5224161630102464,0.6561589954822556,0.671394972428404,0.7824078374567679,-0.30450125104423115,1.8873266805425244,0.7450337180157257,1.4082203788820837,1.0506336602897357,-1.2819803225959638,0.5489023695836749,0.8039589806632637,1.4979359426498657,0.5631083324572443,0.9984436633077364,-0.2106777438977325,1.7549643718939962,0.5790009327641569,1.0435390006183958,0.14613515098703028,0.7330254595389665,-0.5431041712408712,-1.3233191479695725,1.6625088333881841,0.21755164122309245,1.1862214772479192,0.21772114081988075,0.6471882242135402,0.21967162964662795,0.93850428806141
1.0506441007327154,1.001888709457047,1.1826266575078666,1.1560789871589496,0.9421095169229722,1.0612930427249279,1.9996043708275295,1.763519645863216,1.6875319810064182,0.4099179146100543,0.6476818980869619,0.9824972311954504,0.9536353028823243,1.722475848868388,1.8770781031995651,1.8607026515769503,1.7270471060910475,1.375761972818048,1.6052332051557614,1.090070114834883,1.486253708879507,1.100194617431555,1.3285610873171707,2.0214603293548885,-0.4038024766964982,1.59454931283893,1.495488305426841,1.6269492828830063,1.9708098443762105,1.4514288215576223,1.0842629810039992,0.8775713262849888,1.3364055003065227,1.3892276053667607,0.9591554905596092,1.5531590453120327,1.3543053753656018,0.9890989317334182,0.9268638979335274,0.9181828521604373,1.121151225478877,1.1345507947391713,0.7887299083037211,1.4829634401054168,1.2874613986388748,1.2123497940917691,0.9629311985471029,1.078301934569701,1.1209235650509002,1.4135010076493733,1.6416327654745855,1.470277134489651,2.156897433933769,1.7090485856187074,1.1919693442220805,1.3675202781051743,1.652148902350085,1.7252845417002516,-0.44173551359932095,1.0822098146650814,0.6778535092742439,0.751520094876806,1.2819815730424158,1.3094382350566154,1.431090369302034,1.5652536956240144,1.96184655912178,1.2801747777513144,1.3878661806481944,1.1217221688451495,1.0746191360742654,0.5655591529969846,1.1614944814128867,0.7690611956124728,1.2993430756627025,1.6567371248473315,1.9579207976041129,2.029997642829184,1.29070846854056,0.15562260196032265,-0.6372976972441495,1.0883352903811967,1.4162821446981304,-0.1879066809752066,0.9191400517563215,-0.684959943647448,1.9909365631363831,0.6381334897582484,1.526678891820749,1.3646178108092823,1.3701900677975547,-0.2864512128265596,-0.32593816451757546,1.4165992756619847,-0.09969987508137555,1.698473847702962,1.8803592951813748,1.7571514958610808,1.3706773521294444,1.6828756463585888
1.3460059444763555,1.1440234356371306,1.3232168447026804,1.0063339932920827,1.014392516967173,1.268154656042771,1.5286148058930409,0.7040586480843009,1.2224070777382552,1.3069150560077718,0.9445524820983101,1.3809217335629833,1.2226281693654324,0.7389649630084085,1.1957924949035226,1.141579795190384,1.1119849934354171,0.20889076346804458,0.6977085199632097,0.6190641414258747,0.4926912569850847,0.6830919324110387,0.8465134124851283,1.2909472853165136,-1.0119793526535803,0.3779177114727411,1.189355595286629,0.9628780512693466,0.9937406998876869,1.080712116012605,0.6527532241904773,0.8103608045135234,0.9857337962086018,0.3245642784130965,0.5989995152135081,0.9285143678359559,0.7242494725684481,1.1669868816824025,1.1846490613544725,1.1284568316942618,0.8941796946893379,0.7932799351054874,0.8138751497449254,0.9689835033432361,0.7440535557199155,1.1628272653069667,0.8442142485909521,1.0161961507993647,1.384344468668412,1.1806962200495759,0.9785531215242373,1.1224214883393346,1.4155912708921563,1.1762463755658368,1.155576838866262,1.3917523885505851,0.5508320511273364,1.2434271088337734,0.34607348575999164,1.312079208283164,1.446166810636322,1.0559243373735197,1.059943019412518,1.0723487900854298,1.0848057214544613,1.404948619809651,1.0780972873264238,1.2770922515124408,0.3102322637119433,0.014582626665869968,0.6330220570208824,-0.06458903960157887,0.720207565905283,0.20196102256059792,1.7436841763207689,0.14717644021846882,1.5669107128969086,1.0988601489027265,0.6526758482958066,1.5935413102444362,-1.5595683379881538,0.7508289350530302,0.4008330128282066,-0.9769980388382568,0.10281863053725868,-0.8487917835922633,0.932851046418407,0.11818665523412776,0.9151967445732521,1.5892955767545784,1.2290202320199906,0.42293392497674914,0.9453118602437682,0.23287490072966452,-0.6105228119492995,0.9956833273728921,2.0130091493039575,1.66419158696774,1.6447051225146396,1.3256672857876373
0.5601296565942376,0.4259581125661656,0.4187376624130064,0.062324330385750464,0.3161646828122701,0.47632403591798933,-0.18836925003376614,-1.0844350945233736,-0.2407269755640434,1.410876557370384,0.5542996305620831,0.7980095601547649,0.56884047875546,-0.904475903009772,-0.5530019329175662,-0.466574583640156,-0.50746074486882,-1.2475670464332531,-0.8438324248690254,-0.39101962213820535,-1.0340112946858735,-0.2733905205925014,-0.33846903995931565,-0.6844005837766903,-0.7255074889113887,-1.3118042293807537,-0.10441746839339462,-0.521581196709379,-0.9051551495642134,-0.15923428638327985,-0.24110258375604698,0.17948078077612895,-0.09046819194990734,-1.058593015880836,-0.2188286226422337,-0.4253239013098725,-0.39903754429909294,0.5303579308070678,0.6076009068086355,0.5575717516789043,-0.03333493779472432,-0.19408141028208542,0.18621732145893624,-0.3401080155145302,-0.3972360112663052,0.14404345091453344,0.05288513885203274,0.16970465238384713,0.6177146619704402,0.07519589847776476,-0.38224012954459446,-0.08910891408812685,-0.4955779051375812,-0.24268402015228485,0.20163231699728326,0.290534489289014,-1.12049998262543,-0.2831249077342947,1.0362878263126156,0.458036089320741,1.1270889519149554,0.5680124264904618,-0.008189050685031734,-0.06985727844870007,-0.19379065223094555,0.026664786313471602,-0.7340778721025103,0.12856919363429956,-1.30132773795332,-1.2876524312291229,-0.5138646724072763,-0.8239506571398237,-0.46889147782782487,-0.4435838481081298,0.6200071498372152,-1.5933524747946721,-0.2600835804821283,-0.8039272397202462,-0.5365713781613207,1.7964232430814198,-1.4676867539939238,-0.10574726809849538,-0.9046096422542462,-1.1734994755313932,-0.9256287502101352,-0.4961307545358132,-0.817039351317904,-0.5827183000590419,-0.4540935007980887,0.3907454631720323,0.23259016304546817,1.0712206045107058,1.6075297959772337,-1.1972598784284285,-0.8356078817304682,-0.5522806566831381,0.3125811037645955,0.21212882477414247,0.6473363565993432,-0.03376698126731185
-0.7617116006674353,-0.6632845723549488,-0.8714790339668702,-1.0199543277169287,-0.6928699353768476,-0.7496798697607723,-1.8552161894740729,-2.1692167440719525,-1.589880784755621,0.5861032831127552,-0.16826177412768425,-0.3825490906162778,-0.5502326114439322,-1.9052775534734328,-1.9251928150742412,-1.7781606382473119,-1.8601396274231268,-1.8209935275879958,-1.808737447228425,-1.1069263545783576,-1.8235083286037674,-1.1176158763483746,-1.3576974775138606,-2.3990760063980248,0.18008534349459063,-2.138328807148319,-1.4191167235319602,-1.687514476874668,-2.2527471321508266,-1.3406387955803132,-0.9539845424980506,-0.6527587209526391,-1.1606486179272069,-1.7176380081033156,-0.9682321406819533,-1.4912455479427378,-1.2611997045582994,-0.5316267971396573,-0.46225296207281596,-0.4624324584783379,-1.0323220683329484,-1.123559720916393,-0.6955721897597877,-1.4489238316641888,-1.3156411330480047,-1.0841777451892889,-0.8890535924258405,-0.8841520703703512,-0.6444241215720613,-1.1161282330353401,-1.465296599112303,-1.2785582081087592,-2.038421542129445,-1.4644494199887823,-0.9892089226571746,-1.104121428657489,-2.0609858532301337,-1.6681319002628978,1.090661194574132,-0.7443324363072911,-0.06649360931813461,-0.3949397422719681,-1.1323295584860877,-1.2381686594665198,-1.3836302339765678,-1.4240418166653979,-2.099656870004184,-1.2254046091633917,-2.0846504218001414,-1.6730882160323626,-1.3134796362092855,-1.1044370677971724,-1.4396312358300094,-0.7007144345890726,-1.0962933400092594,-2.2066520988422322,-1.9774062694743644,-2.161011584310933,-1.3597838051855577,0.5602964872223136,-0.43554376365569064,-0.881519285223256,-1.5407424525928426,-0.597987399508519,-1.316301936886637,0.1377466272764935,-1.985207040753276,-0.8203388705776766,-1.4701633948483295,-1.386299003636591,-0.9497286430783582,1.0312020822884251,1.1517216327969177,-1.8407292208613388,-0.5009397654289346,-1.7179088707050527,-1.771319714931821,-1.4893842591648745,-0.8766206238134403,-1.3527168994436514
-1.46637997489331,-1.239545330763136,-1.4547565492445804,-1.3250344567662933,-1.2029980597962595,-1.3841452746856155,-2.0319669758681504,-1.5025897239510733,-1.6530066406067658,-0.6167066986215431,-0.6202208764480364,-1.2512820700925371,-1.2255532529351187,-1.3400467570135226,-1.659294769281591,-1.6518213536244142,-1.7329605908656138,-0.8957179569507179,-1.296605554996267,-0.8079113467274688,-1.0672196971902026,-1.1392397016006532,-1.318145857828952,-2.3456622164302514,0.8617564435253159,-1.296260387414101,-1.585504266497084,-1.4839102801617725,-1.8275537244943922,-1.446263173045726,-0.8683298113687969,-1.0524872904012115,-1.3616171401815669,-1.0186161125097604,-1.0254702360693255,-1.3107811512044905,-1.1542495652220632,-1.2018687513357955,-1.2018235277707103,-1.1472490781887625,-1.2442807288302415,-1.189941883308853,-1.1058314089681776,-1.3529608250851022,-1.2035707148174208,-1.4288804576238567,-1.1896590985816347,-1.2606581589497436,-1.3558259589393464,-1.3799810233787406,-1.3853951509204134,-1.432898564557291,-1.809151511988698,-1.4439121066249043,-1.4137541858492915,-1.5862810305459836,-1.373320965653387,-1.6825565385093604,0.3563526677663158,-1.2247608624731081,-1.196251294637023,-1.0685289793498982,-1.3743159379418437,-1.4162124665016391,-1.4110924162399003,-1.6375408499623534,-1.7985887658482538,-1.5483437940614722,-1.1848320014637002,-0.6494336589714947,-0.8955029427147337,-0.6010419966327972,-1.2449986171992091,-0.4572436525470229,-1.8972357348775983,-1.1196448293167456,-1.9770102553754705,-1.7683031681018657,-1.052719638673468,-1.1115468171058756,0.7220328451008493,-0.8879045184201493,-0.9718897026416048,0.32685142800849254,-0.599625540457674,0.5397094376750557,-1.586956735451594,-0.27791355409741453,-1.1638966224299125,-2.1863377676889395,-1.381809829060268,0.14333228257162192,-0.1629876457584778,-1.0990452660583787,0.17547020148055403,-1.412916272482315,-2.293865711983907,-1.9387310492753347,-1.6234531341851453,-1.4659557563748928
-0.8486907290271101,-0.8031890256713076,-0.8006065021312153,-0.5109308261478432,-0.7648125007199842,-0.8650025420348099,-0.453213264711194,0.5136116834432334,-0.2913211788052663,-1.3114322755428034,-0.46744909658784967,-1.1168526104820484,-0.8905490164601834,0.432584371906914,0.1017264868085411,-0.05002024012890244,-0.11452609321423286,0.9198051020081899,0.39791881963041964,0.38529959887790216,0.7404536830435022,-0.228987358770209,-0.14689807270222166,-0.4125208671016755,0.7114613155974653,0.6610632751054407,-0.33355666512204163,0.040004406634000116,0.16418720212650081,-0.31531262163442814,0.013721161040473513,-0.655906122792764,-0.4602939121922352,0.6107204797578646,-0.24930379858375765,0.09391157770485965,-0.0619047529593765,-0.9130619444510802,-0.987889588359877,-0.9128388464395674,-0.3735012912849959,-0.25288566663293166,-0.6496103088264646,-0.005783077477942264,-0.04547716925501464,-0.49813347655080886,-0.5143206476965034,-0.5697793027407134,-0.8859672524406205,-0.3976530217723532,-0.13492150347380874,-0.3442324238838614,0.13248430184919413,-0.13304276666133327,-0.6587957551511658,-0.6889055760004711,0.5263996320820822,-0.21718760787276783,-0.6764223645927534,-0.5698733951903704,-1.3774636248826242,-0.9006804536290948,-0.4953742767341933,-0.3940227915645067,-0.17428512824531647,-0.3831463745693904,0.08158674110485165,-0.4859374956063604,0.8319750730519052,1.0887492235405845,0.5085729754892263,0.34648105692445713,0.0836267732665119,0.04105054342948879,-1.1067452068465191,0.8805521663619804,-0.12395249282299821,0.12915084162102924,0.226477717310385,-1.8532873792873643,1.1310318903060719,0.02677357500009381,0.40336186287429276,0.8917116805769364,0.7775948831176225,0.3604715844704165,0.17298114439634385,0.6688789563059571,0.3430114702209841,-1.108302310427803,-0.6670292275145838,-0.979335246058006,-1.4007058121566491,0.5714053146825046,0.6316059162118355,0.24947783431843176,-0.6883588423872471,-0.6321309956707495,-0.9069863979157894,-0.15666870169292507
0.6094222835629249,0.2874451752954206,0.5337075841203859,0.7878034277747743,0.2773814777995666,0.36622193869322167,1.6001130300847333,2.188340672765304,1.3668247684179764,-0.9197611027909376,0.08742559301904461,-0.08620250079993588,0.163750350310987,1.9378850252784112,1.819366134614286,1.762901421614648,1.6504156655026514,2.1316736133460856,1.879687590544052,1.4765159524939284,2.0678603586097934,0.9132363408999506,1.2165144972344115,1.8431976641941987,-0.09123313750806525,2.1268658477377187,1.3267609347849616,1.635454616161361,2.094910038880178,1.1179540481300552,0.9758796792585743,0.2721157573418655,0.86200744958116,1.8690149774778722,0.7831339645979716,1.5914478703630632,1.2031361506705762,0.1374482043427854,0.04474107542959588,0.0926603871702978,0.9250208556852925,0.9304519933298565,0.320940045023706,1.495676432848623,1.2341397484768675,0.9369867790459989,0.6239696311710023,0.6540698909905894,0.38345936010534115,1.068584214187166,1.308279831293125,1.1048584396277918,2.1576536741553256,1.3815459967062367,0.6604294475047593,0.8253815483028294,2.0811242082285286,1.496130199023555,-1.1623447844175376,0.5800527298625967,-0.5011429154382053,-0.03856401844727283,0.7748731916973364,0.962092724804287,1.2601818532874038,1.2057278017829742,2.0374033828098237,1.0182327298402505,2.2601724155665277,2.084898334560147,1.6304677092904571,0.9476536977341601,1.4049524866936447,0.4469272483236113,0.5070528423237384,2.1888892456896434,1.9745759416548572,1.933294728788219,1.4076007754890032,-1.0805241992151966,0.5287447188374694,1.1898385277687726,1.4992105228524522,0.6437003391773594,1.6739912266705312,-0.27046847721968426,1.931337537221627,1.193605720709929,1.796646352870337,1.108449822254627,0.6601667721610748,-1.3505388969579477,-1.5809842564469048,1.866377064142108,0.44419335176240954,1.8936480848776334,1.5942252909367334,1.3585162762419776,0.6708946368026256,1.5348967720557
1.6033916151955778,1.1188179772511366,1.3887475027853147,1.4497487768809485,1.0635654370138854,1.2479586037386403,2.3537720271451876,1.976312322952822,1.8793279797544524,0.34525369773663217,0.5155527842783284,1.0226374823401116,1.0431132882588667,1.8242602620024206,1.9193986825640823,2.228024717803025,1.985356352435849,1.5906596767866887,1.8082770330043059,1.4164298244440567,1.6494294745277505,1.319667822390155,1.578948836534721,2.4648141604101506,-0.7958858874291492,1.778190605463518,1.9242484016666443,1.8979634043236213,2.267546458147025,1.612336419292536,1.176294326427434,1.0218856575868294,1.5367633011858512,1.6220516581678048,1.201587274260046,1.8637361607548533,1.6090163590817232,1.1219833235443173,1.086022959549116,1.0790909024674813,1.5309986996339244,1.3248750017667739,0.9781871608581083,1.8147718183271564,1.517427541867782,1.5865349379925484,1.2552022206446471,1.3672839838637079,1.3769219306377416,1.7734813470589035,1.7548994204420227,1.6672915739693175,2.4509170058357777,1.7890595987610132,1.4101880793707486,1.6239285706134352,1.8826998110337803,1.9356270419639692,-0.6112630151420152,1.1339145266148405,0.7072843599479783,0.8044282580020577,1.3550719802960023,1.4483990541058005,1.5805597038180261,1.6575823642512726,2.3643882176016295,1.5589235807064699,1.6938257795842282,1.3357943530522496,1.300174767755751,0.6130410146846698,1.4422681545951452,0.559036793787095,1.4645285556920034,1.6877597728887308,2.3618676771238847,2.060771230681319,1.4171461841178692,0.5390509761980347,-0.6063587901908196,1.5581529322745704,1.4197246943403974,-0.261465185897189,1.1895936468968515,-0.8526837687968524,2.241886539061946,0.7352702043544355,1.8562900908128204,2.531610477515071,1.5534744977615795,-0.48749023942907255,-0.46192036843044904,1.6636680325503141,-0.27899146208476255,2.032531969676636,2.4041620920830895,2.2730605477934898,1.7321848827833408,2.1521004038949183
1.212746397405629,1.0290815107544573,1.0566568608912854,0.8701950635024642,0.9673641226928934,1.0545592256067764,1.133161519655436,-0.05943568884462944,0.7968401515472795,1.5672152837345623,0.4570077751456482,1.358485588840507,1.043043475759019,0.11491559137798865,0.2703203014944166,0.8910988045792743,0.5318471754139371,-0.40620004672853827,0.14526892671253677,0.10664203611835205,-0.2964697632399005,0.6169315501515752,0.5780689655870138,0.8509311625067926,-0.8047058339305784,-0.19858913679455503,0.8680362469857127,0.5511077510070705,0.4574890693002588,0.7451729970005683,0.42225817439386665,1.0228730307009357,1.0217823487733528,-0.04413037234528017,0.612259509198818,0.6081724215445402,0.79451047778178,1.27266722186092,1.3224346305514039,1.272131751116875,0.8635082190847476,0.5627686079260671,0.7611017057529952,0.6057229014841324,0.5120624806033617,0.8405548427198823,0.8195776500737226,0.9477817767234362,1.2797007541869045,1.0926363820297247,0.8365383610994648,0.8537114561988348,0.6868251254371597,0.7316867026721846,0.9566696419325397,1.0225248854908815,-0.012647468752239849,0.6895901192499567,0.6030048984027957,0.5915274275807589,1.3107963057002014,0.9706381374346761,0.7742973191601525,0.6281423905979381,0.4595783958100428,0.5531164253703718,0.697809694118699,0.6075989378027723,-0.5957314354761833,-0.7153885609297673,-0.3677188950169655,-0.4770584597102372,0.02485220105232214,0.3830714926340907,0.9534622692153495,-0.27166231039203065,0.5692317435583703,0.37783072989950356,0.1901526866952231,1.6776377809363154,-1.4732610712873977,0.6642592666864341,0.22257859201331512,-1.1688013458287734,-0.4524166124009264,-0.9438280505795194,0.8232658238625863,-0.4349907106890723,0.34760142525492643,1.737055532017024,1.333031438659301,1.0349481716453828,1.1624458933124069,0.043409681107679544,-0.9669075667232139,0.4479303540023188,0.9473072483334781,1.2687660838609844,1.3711348807044852,1.1204580573558949
-0.19554165695545644,0.1695880885820387,-0.09443496205652618,-0.4465133130222559,0.12974023519485448,0.028835560191541362,-0.9835538227314045,-2.1751226935612493,-0.9059569340457688,1.7892420784612877,0.03663816284155548,0.7198162272416309,0.24712547035395951,-1.7202367319727323,-1.6445028035484095,-1.107892398692091,-1.4453078519290432,-2.2099341486647033,-1.6961189686854816,-1.3747133167980332,-2.122137443434155,-0.5915138358884962,-0.9241848343642368,-1.6260979413087084,-0.18537186212438075,-2.1556349059845865,-0.9393290853023732,-1.2415934291899005,-1.797057882294591,-0.6878112874531689,-0.6103892936497327,0.3136443651353174,-0.2184464631758307,-1.7582515716658926,-0.49464686150706044,-1.1085886840145676,-0.5624642664785927,0.5203929125625055,0.610828624925975,0.5612337448044736,-0.5218095297028186,-0.6797326556334861,-0.10720102724248003,-1.091476643190162,-0.9190255838445496,-0.622560183244287,-0.2939452000752511,-0.21928325001124227,0.246968114730011,-0.3791496936727815,-0.6411280756797939,-0.5991759301799371,-1.5935726969967468,-0.8467982369888535,-0.2585935153850043,-0.3904196013181968,-2.004507284224234,-1.125252344158971,1.471462239569757,-0.4845614269679823,0.9096689772818313,0.3995912295906444,-0.41127354864996163,-0.743156380512711,-1.0915585198476034,-1.0651076329588167,-1.5560052812329443,-0.9483812653511328,-2.6993299407844913,-2.386020675663542,-1.9315888371245242,-1.432235903183214,-1.6228614302504871,0.043654361544569566,-0.46271719540773865,-2.091342105220012,-1.8483177502536934,-1.6390246185112767,-1.196676041420882,1.467333323003229,-1.5119398407969806,-0.8074402010359127,-1.1075584048303126,-1.406320175161462,-1.930612056345587,-0.5175824638683172,-1.1398446451217674,-1.3557015606475527,-1.4627078411297516,-0.7380248300846026,0.24296159158585467,1.9581556020380453,1.9956649090187535,-1.662065007864472,-1.065413788069133,-1.5073313840097136,-1.4213811562127092,-0.7581419864309686,-0.02827606834093425,-0.6831765359032949
-1.2868711330175284,-0.6799180312055834,-0.9999262932037969,-1.3088350127200135,-0.7012700492090816,-0.8823988200060014,-2.109298140071154,-2.447377807156957,-1.7033837881723153,0.7733246872726022,-0.29209568630552024,-0.32750249242055607,-0.6022890222835197,-2.0283905728202045,-2.066149336974765,-1.9965491844555348,-2.153077499447604,-2.1797184086231693,-2.048138331943935,-1.651950387457177,-2.151640111065703,-1.2305003729481554,-1.5718533474637897,-2.7828356118437805,0.4641115997627182,-2.360682201654549,-1.858351066662177,-1.8797317007731091,-2.5023323017287114,-1.3944417856121512,-0.9712034622412276,-0.5130428658915716,-1.1181341672854381,-1.9823570060911793,-1.13462692162461,-1.7481327721879094,-1.291347252850623,-0.4796173055041604,-0.43251261373342564,-0.43454863059791354,-1.3741191693805426,-1.272178279864488,-0.8287463416787494,-1.7357593116242092,-1.4891073000754391,-1.439851910023666,-1.0781701672869015,-1.077125172587453,-0.7766289783368339,-1.3299851964150868,-1.392405622696981,-1.384442305368534,-2.335966856618482,-1.5367196381145527,-1.1321139033234597,-1.3141372253820625,-2.30036484450871,-1.861826598791231,1.1970810547048079,-1.0271428817780694,-0.10042327135785875,-0.3771741735635476,-1.1357203748516058,-1.4014407979897527,-1.6288598005104111,-1.67043499714361,-2.3989341890265337,-1.6239800223166525,-2.670633308339688,-2.138296479031074,-1.881259497433377,-1.3751332409191575,-1.9343652241835394,-0.30449701562192333,-1.4394914330170656,-2.2274968393963044,-2.6650569300685283,-2.2011055551265324,-1.4674526563945673,0.1732517000462345,-0.7270900360513772,-1.5093984858942657,-1.4758349151255343,-0.7827273721480931,-1.8801826513539561,0.049219372665210835,-1.974657183815953,-1.1695462459402761,-1.9259508309737812,-2.6975178731953178,-0.795689555132631,1.4007102634351174,1.2729178601639535,-1.9558590346391973,-0.5017767333113636,-2.0590985482145503,-2.458025964907951,-1.9582129715342356,-1.1719658630006333,-1.664484207331317
-1.0348331342590458,-0.8353531009052748,-0.896224925313468,-0.933219524598154,-0.8544117981712153,-0.9130526614257625,-1.2577170408313059,-0.538317455361573,-0.9037779420634227,-0.7548805274200908,-0.2047042632572285,-0.9587165003023442,-0.8027328492774805,-0.4733321667558971,-0.5806905926947352,-0.9707217426519308,-0.9078038349392533,-0.18447788306520158,-0.5110845329048785,-0.32430950054388613,-0.22244513009890607,-0.7272359103478648,-0.7519671291132279,-1.5746143750493142,0.5958005210070486,-0.5407999394219661,-1.0109601746922117,-0.7666339940169272,-0.990046009484104,-0.7672221184362943,-0.320925045436436,-0.8263162128067303,-0.9501432920131185,-0.4057577559763877,-0.7183326136345176,-0.6914654118954013,-0.7586290217537954,-0.9349667047299212,-0.9824540303988994,-0.9221461006649685,-0.8920724524064586,-0.6721235700586278,-0.7780166980451655,-0.6961632359406632,-0.6606339024300438,-0.8430378602766798,-0.8332633265011294,-0.8686641716618219,-0.9331749319436795,-0.9151172120377531,-0.7955110635598941,-0.8189054741553669,-0.8485255247552878,-0.7355241528633139,-0.9152793182966636,-0.9448655491992812,-0.5484988342701195,-0.8534220342287234,-0.06359491044192797,-0.5037947809851776,-0.9159732998601042,-0.7367082512488599,-0.7926420853289932,-0.7445413188794516,-0.6204995927980103,-0.6893287013942988,-1.0378080096759994,-0.7507794635083814,-0.3350374006078558,0.002047899918805035,-0.08029791909796981,-0.2502530048546719,-0.4886159498512018,-0.499690939882299,-1.1223772104405918,-0.5112315754471046,-1.0352940228550072,-0.8055050136968273,-0.3333433068082435,-1.1157194008521885,0.3503276449788719,-0.6814604634020037,-0.6073271223446809,0.25371281519839345,-0.14688966081615043,0.31112191944507606,-0.9704087383633347,0.0917425518931789,-0.515861945491172,-2.2658951163205585,-0.9905592983276326,-0.3111553134118519,-0.5300685460937592,-0.5162350193508778,0.2674135699545116,-0.6322158935092675,-1.1578226701120784,-1.2347541547761527,-1.063211274399562,-0.9337026402459241
0.2849945682335635,-0.2828757383402373,0.012629104248880108,0.31018245527082877,-0.30178481309105204,-0.14437556379159294,0.7549198075146082,1.9098158175281847,0.7273115521977644,-1.6209252725002505,0.1857462783691886,-0.7583149616872424,-0.2918111675331942,1.6017512902795294,1.4782177517192063,1.0382931101564397,1.194728681535573,2.1370020729335404,1.6022558481887959,1.5427806812297944,2.0553031581569727,0.4452631635165691,0.8037776157176445,0.9301791035909269,0.1730030214437925,1.787117133220222,0.8584055681112869,1.118068253898864,1.4320239432078985,0.5718157153056035,0.7303945438379185,-0.4651132629518224,0.05037168311382417,1.6619710147312876,0.37614527680161514,1.1449179467483568,0.5427733631300068,-0.5716024032477595,-0.6858799805110228,-0.5952380937002877,0.49206325396336303,0.5535514551390265,-0.07257243480681479,1.1140785116745158,0.8239713004561812,0.5995469550002347,0.1785770622250515,0.16470367325404112,-0.1971077424099624,0.4599839848711025,0.5566126913714161,0.5335468714518156,1.5345833616793472,0.8053761201958551,0.11754364476302145,0.30310462246299885,1.75311641112845,0.9642647659618189,-1.2616829153803382,0.5698739458101852,-0.9758962364388328,-0.48005611167063333,0.23739842665052585,0.6040651145601296,1.027849485221579,0.9576480709092913,1.3398139210781956,0.8651980678047931,2.3838097390916904,2.3054046528080456,1.9776414486340737,1.0289157054526366,1.4845752622033728,-0.4058743650795724,0.1102908791552936,1.6431600292843258,1.6512673215748557,1.3029664364905922,1.1935878126952322,-1.4281377549877716,0.9942524574506824,1.0174306604892205,0.7156567659176241,0.9255888054414172,1.9052910301068657,0.10905424654453759,0.9750737925822012,1.4371006370683987,1.5972028732317967,0.2677995802804365,-0.31243470275674384,-1.8147665958462427,-1.975664946896819,1.4329420858946613,0.6442284579550248,1.5476504113569198,1.2730478229289908,0.7225432949042477,0.10236515331441386,0.8624863606579759
1.3671626360240787,0.39863240258557253,0.8171446657901891,1.2375425562159685,0.3901170579213248,0.6433392753657872,2.0656307614097082,2.6894511078760046,1.678988637580512,-1.1173413258244564,0.45073026771297997,0.007118490472435628,0.3782261418438155,2.327054636220399,2.2242168891360534,2.187313077121091,2.232936347537135,2.7195329390637397,2.380568016877008,2.2614172188991963,2.645408739161272,1.191644390021022,1.6547407507842795,2.4766351036790906,-0.3706230694230263,2.571344963737666,2.015805009342158,2.0639018348217504,2.5958252322681066,1.3639230199114023,1.1805337719657394,0.19461386734131728,0.9431565674635941,2.366191662876602,1.1236998466997377,2.085273258358616,1.4191372506988476,0.20734170057386825,0.11341908393679606,0.17485052512552357,1.476831287522625,1.2462153210194795,0.5778212186091144,2.024097626686999,1.5912491682090857,1.5071975673630598,0.9837023988682029,1.0244501890283788,0.6770464725047088,1.503888164686309,1.4134582989195266,1.397110027848785,2.6447638663061435,1.6644664011623311,0.9649962856974336,1.224443693803195,2.5336441287745126,1.9076926628929767,-1.3366998717937715,1.127767279022801,-0.33955134311978297,0.07592339640770632,0.9718891497323097,1.3701398077527747,1.778410019591987,1.712625519216368,2.5838086493511407,1.6830927964114581,3.060859242065582,2.7410628128356755,2.4236132638443464,1.323072254362979,2.152994923381918,-0.018521391547424906,1.0666346423362283,2.3868503114575383,2.9541147362924516,2.2290583404380957,1.6990354183310028,-0.6409838750157567,0.7466836990453105,2.011829804106333,1.3491931026228363,0.7148521793466596,2.456019871123746,-0.33017001268838514,2.1269329300500925,1.6913797809555209,2.5059050647356282,2.5976819660333073,0.5752488157493318,-1.8100187826979777,-1.8115726067799072,2.149980462728797,0.36920655959613247,2.4958177355599696,2.5381705528222533,2.07168925554925,1.1750739748178667,2.0865408295888956
1.1532727346328548,0.6239791282873692,0.7919615690047112,0.9734824493732971,0.6229391347459853,0.7401259488867659,1.48805963967601,1.0244127419302942,1.0843078801773471,0.4030248076423491,0.27106091384192244,0.6836150323602846,0.6032740643177449,0.9835442817195962,0.9327723036442933,1.4162059829423832,1.2070838831220645,0.9175112886872764,1.0409687776093954,1.0415797613169029,0.9063188468489061,0.812044197938545,0.9776134993159941,1.65492019579784,-0.5714172080407198,1.0338991503975241,1.3376807965553832,1.170094653968441,1.4088461037544786,0.8853322301379207,0.5785294491511106,0.6176094944385853,0.9624244779374519,0.9744092865826108,0.8035450371766351,1.2145342480715395,1.0645926653795237,0.7394012009609751,0.7418290608381406,0.7299931553564606,1.1089796158140577,0.7434082691770363,0.5725229470021694,1.1418199906245259,0.9017225491791766,0.9970039885603355,0.8225934614630402,0.9068850898006126,0.9023096493437541,1.238817364233182,1.0191277275902526,0.9776491876632633,1.4584088566042863,1.0461271048922547,0.8550987463092462,0.9695067576958254,1.0202836292642747,1.0955279497721109,-0.16891070727224586,0.5791696967854326,0.4453432349309584,0.44281861346150864,0.745539294224524,0.8137875013874865,0.8776194116340053,0.8324403244905153,1.5286914508835134,0.8795958043491963,0.9521202227912181,0.7822661013900433,0.7094025285897736,0.29330400109290594,0.7822341153221601,0.45192719373161855,0.8693785847292892,1.0236115196677606,1.5925308954413293,1.1190231435336375,0.6728213091098199,0.5430233290011725,-0.24655846682514748,1.2807069571802385,0.7990027139027868,-0.2188786083985414,0.8454875239028494,-0.6157126506242514,1.4590936836326647,0.5167334683920188,1.280448421213963,2.5286211154724745,0.9584683344619793,-0.19145714720051007,-0.07201536649918375,0.9410067047817886,-0.3016860608127098,1.2736706927940948,1.4144786544915227,1.5452916876613547,1.1625208788100645,1.5920623446805744
-0.13538840790459264,0.2999076072635901,0.0430096373655999,-0.2231626300685697,0.28112602028038064,0.138832368772103,-0.40150466872900925,-1.6745395218188854,-0.4929209321931159,1.7678580951090832,-0.23175989685371107,0.7863451032269644,0.2627472159903144,-1.297160099834252,-1.2797960918262363,-0.5565530864481985,-1.0061836180938435,-1.809600483615193,-1.2951607008486332,-1.1762156602015275,-1.7438141244895493,-0.3405750444230161,-0.6426743474215421,-0.8023316243904713,-0.3380410298158697,-1.5671780178711148,-0.6030433779499365,-0.799500132255966,-1.1197835372013774,-0.39409811731905686,-0.5372456469428671,0.5493397472909354,0.18789871974784153,-1.3760509621909345,-0.3092910978621116,-0.7339832461077616,-0.18283114481249424,0.6726881300173551,0.7709715152821113,0.6946172531921808,-0.29041821825317127,-0.496235156438468,-0.03131468231161077,-0.7751001633581129,-0.6448216871737545,-0.46702236673057806,-0.13416714528082205,-0.04419397888511627,0.3701034553738305,-0.07260482681468654,-0.2090475117771221,-0.3070528818498524,-0.9531194589428984,-0.489908432217527,-0.05483806437048888,-0.17920363956306723,-1.5060700599647836,-0.7370445818856168,1.2704404647236385,-0.6102915170521183,0.8007596265483501,0.3796639440264597,-0.19376510645134118,-0.5724431749652166,-0.914174916338407,-0.9120388101945066,-0.9004538961508656,-0.8508531362851351,-2.226426677116,-2.004994717234269,-1.7936438979034244,-1.243553371117666,-1.5056336159554646,0.6747567453044115,-0.2612116613714901,-1.3319788973782527,-1.3166522065726733,-1.0594799940688213,-0.995629662595169,1.221530615677895,-1.2974609138462605,-0.5971886134093687,-0.3963124091557745,-1.1676636930920106,-1.6987528948869584,-0.5562264385628993,-0.4050525161584819,-1.1981146887292566,-1.0957206348843156,0.09095245229599451,0.6610815088424603,1.7728734530439032,1.8530901063034035,-1.1659891884709868,-0.845378364661651,-1.0869931503648445,-1.0886889122763286,-0.352896922650998,0.14876794804729518,-0.18049034936167271
-1.2146724346288305,-0.19403814311503648,-0.6657921119412065,-1.2205503797767765,-0.24945947278965916,-0.5352260842414323,-1.8229208117830464,-3.0264655849546696,-1.5892095690146968,1.9022548774747092,-0.5786892438218765,0.34281933513154683,-0.24581681140993925,-2.48240617445265,-2.437307631052418,-1.8854994474166993,-2.3980197268877785,-3.0837106264421292,-2.5382063532404704,-2.4304127789908465,-2.987337510551833,-1.186822916163954,-1.717349969217342,-2.6644047505932797,0.029730449779917675,-2.9670705007452205,-2.0154161086370532,-2.0545265999069535,-2.728697711650665,-1.2649230972430079,-1.1241884355389262,0.14887990737288714,-0.593758450815952,-2.6076021760107166,-1.1805954939322605,-1.9805966347989203,-1.1359859491902555,0.19039783246486713,0.30085311913870194,0.22295577512304948,-1.3953092256125392,-1.3244599591955413,-0.6310730770800305,-1.9605736730657024,-1.6381488690968977,-1.4994379185420148,-0.9592816098565137,-0.8933121894967565,-0.3200459613732825,-1.1553965392555252,-1.094809953010416,-1.2366724008876966,-2.3890359579229257,-1.5329539977034203,-0.8733655523094921,-1.1098590353497297,-2.8089509546904434,-1.9099691660476434,1.7430898864648299,-1.3347048859960189,0.5229591388285911,0.029470927415070913,-0.9455741432955349,-1.5041237813719162,-1.9715027905455969,-1.9337750350826082,-2.480426125447303,-1.9103904206950035,-3.722367360378398,-3.2209701393115773,-2.909051599793195,-2.001955319132138,-2.6816221101099713,0.4538802216850669,-1.2552787923623747,-2.6562795400567984,-3.177875902862883,-2.3607317762985596,-1.8055143507454101,0.9547093634599794,-1.6585731026136052,-1.89705483395566,-1.2252680185944034,-1.46021100509957,-2.9958857774222643,-0.33670240529298573,-1.7352830602634484,-1.9978276770151269,-2.496678283433861,-2.430953425545652,0.0833149065456989,2.4391561551921894,2.3329165570709844,-2.2989883323582303,-0.9050401654250193,-2.443419791368182,-2.6632320253022077,-1.8149544364696755,-0.8300040101574434,-1.541967056339916
-0.9935394779422875,-0.4225715461700838,-0.6729423753057164,-1.0923796100168608,-0.49448326722677466,-0.6588165001309481,-1.458618566969065,-1.8003686425965464,-1.1903651877706865,0.691242797291496,-0.3863737285438948,-0.2163631734975672,-0.4364638705821279,-1.4466788802078847,-1.473086760749922,-1.3105098430257105,-1.6454437665306985,-1.7007322286379891,-1.4999329470951368,-1.4809463098809712,-1.645354175313074,-0.9269325285568037,-1.21875438743552,-2.2307022842137214,0.16816258044907934,-1.8772854043805178,-1.5389131989153726,-1.3898402638378053,-1.9245659195820979,-0.9066125270886932,-0.5987444943217468,-0.22328047013277388,-0.6589933538354242,-1.5501410504675543,-0.9780088947618568,-1.3112744144695079,-0.8614503338847039,-0.24123719353162176,-0.22179573361744384,-0.2275063807078203,-1.1214165008343653,-0.9731078809208344,-0.6821768308901767,-1.2553470661440203,-1.146308694704156,-1.0972560977158254,-0.8577638327856898,-0.8162433175090892,-0.48515535256190767,-0.9265745626469153,-0.8085910936329357,-0.9368124076020544,-1.524390084809962,-1.1090600213955544,-0.8374696707865036,-0.9439368375768288,-1.6920324266590068,-1.3361433964662677,0.8219461776963275,-0.8813032397477646,-0.1279147530505041,-0.276628568667963,-0.8073259381525558,-1.09000088343033,-1.2764375462329496,-1.2802064268127926,-1.7138772160844542,-1.273689992830927,-2.1694579049073384,-1.724713208309284,-1.5696418387601738,-1.3463361967595504,-1.6391844346459865,-0.0811019559484951,-1.2019098209174033,-1.7619691765692373,-2.243610507163035,-1.5960419691507757,-0.9990906814191504,0.009399585155840837,-1.0854149850171362,-1.3516328419029824,-1.0938748804838339,-0.9728604500523848,-1.8069535174308362,-0.29962878121073294,-1.2708316350677877,-1.1016445399696504,-1.5519034031196826,-2.656052520455015,-0.24802795916437054,1.1774315694834334,0.8928772302853658,-1.4133227646956708,-0.5293583749492226,-1.4763697131631206,-1.8397249124272026,-1.4312504735078568,-0.8065355068918317,-1.1136466885179233
0.34179412515613855,-0.2605189209170581,-0.019310029183559802,0.023583898762059286,-0.302045999779416,-0.17265041007760437,0.3266814479043873,0.9596499458006214,0.33618095925532776,-0.9102824727677024,0.22777133185851772,-0.459572417479049,-0.1821482272721035,0.9571740409185112,0.7919108149647279,0.649429940872249,0.6285887061106122,1.2169629949154221,0.9675187865937588,0.9535050326004493,1.1943162742339382,0.2080072315800841,0.43931493426940943,0.0985838957370164,-0.005227412151354646,0.8119967289224636,0.44553784006626734,0.6577271417297664,0.6197030834106031,0.3510873955933644,0.6013281230799042,-0.31621695813992895,-0.00929533813468231,0.9382425532710517,0.13519049173968078,0.7406477899952693,0.41229467560400185,-0.30863722573609415,-0.4136785485108082,-0.324758842443339,0.3120604939939999,0.24071836323847876,-0.18197605170839048,0.765546091247207,0.4133161831979386,0.3972935270933681,0.07437413094766863,0.10957529872821141,-0.015475396666244926,0.4324134393158669,0.3627360148048332,0.3078596489767103,0.8671109245346825,0.4127722858308823,-0.013392171495581409,0.14718423560214736,0.896892662679857,0.47671727018061416,-0.7238698354411955,0.38242172015669956,-0.6521281993823502,-0.31533406232172384,0.0788798951054163,0.32300114264208973,0.6080758128088044,0.48880390020925163,0.7438626695011978,0.531364806801913,1.1458992536903747,1.2742939416054169,1.1543007672675696,0.16952153554762178,0.7645033857396517,-0.5443258727299762,-0.17623537650537596,0.6137539774956182,0.7285678578745949,0.5768665799360781,0.739803999109137,-0.8864286343877349,-0.020508226804756783,0.5997058691043312,-0.2214278143169182,-0.13182591309666405,0.9608506454922082,-0.5139981130883995,0.5799326977615729,0.8210598286465056,1.0041808045417895,-0.4039768806614235,-0.145625674144847,-1.0190136190832821,-1.3103711039959518,0.7391812426161664,-0.04888125905856049,1.0283756484585953,0.6527166450831151,0.45706154417079836,0.17928422406979327,0.7826225692604792
1.4717392658835198,0.08494958358083544,0.6404840257033854,1.0810868757178285,0.0962565934844164,0.42589578812419204,1.83234285087893,2.8226316164757645,1.571796925941303,-1.622271632959025,0.7123718418844832,-0.27834804051835255,0.22262388684641823,2.574183014285831,2.3465943610674462,2.1372990111026056,2.347401277644012,3.1069445892678367,2.644541705813553,2.694302045043648,3.032203362240943,1.1580694977590702,1.7334739366143221,2.1718970284462378,-0.23284189223408522,2.7348548716815357,2.0968382298249524,2.2064529766509793,2.598420056541031,1.324468948095722,1.375432280794109,-0.14078321995688117,0.6701012723603489,2.6456615944616866,1.1290442862354175,2.2806053196392746,1.450954132754755,-0.07121413940604254,-0.2248575063559932,-0.09973898247290686,1.538786760202401,1.2126685119817975,0.39017814227654385,2.2313766943690605,1.6258770582721165,1.5833939121362184,0.939824378855933,0.9753699716556923,0.5511631575132359,1.5796435731066985,1.2836276684758,1.3191957391386846,2.5827696326053786,1.632263417860444,0.7989144738752338,1.1171731578122652,2.66385250036375,1.8712149103516715,-1.5706506039678156,1.3223680057561418,-0.6601544523746012,-0.1104191593373921,0.871485435557394,1.4393661006239002,1.984495013376964,1.7937001128859709,2.6074831640257417,1.8619153485444782,3.3476985367567482,3.169766932166322,2.8955048257790006,1.3069133932590877,2.4277931018027568,-0.5842442158598289,0.8631592712173558,2.387302165953489,3.0617212112777823,2.2048899877560992,1.8671006665607537,-1.0589569140059114,0.7691890606112561,2.1511109621676305,0.6784920267237261,0.5109636938016062,2.9149719562706404,-0.6146326095599424,2.0475289657116833,2.109044473664613,2.851484723915239,2.121077798127047,0.15203804627479273,-2.28945795354304,-2.39814313652633,2.2359110065469516,0.23922316630666288,2.776284506910871,2.5382027272169876,2.0365338655513208,1.1161208764041934,2.2819671867106344
1.217290875072207,0.31709287068281844,0.681922135462397,1.1193221569670915,0.35129679510101225,0.589396470768092,1.6167510100581293,2.122559654736118,1.353396747158279,-0.8746552703547696,0.5965825453920207,0.10402679031186969,0.38773957873583215,1.8685961220053047,1.7795768206523845,1.677119905021981,1.8717321626693888,2.2220839675419612,1.9302078604054422,2.052337304158279,2.1581367140786147,1.0208584218408678,1.4275007517985097,2.083663194601129,-0.19609680396041604,2.141906792258235,1.8139864327256114,1.7362280830277048,2.1580846124705637,1.071723246537055,0.9526160360899153,0.10722828110128788,0.6908165168544319,1.9744797249878434,1.0679097528540564,1.7757639784429382,1.1676473878099736,0.1794247095977457,0.10779953588506354,0.16839152530856236,1.3340819819097676,1.066889085778744,0.5510504986769177,1.6808655140468685,1.364863224417089,1.3058743543487386,0.9007090103679817,0.9173724091584742,0.5902943065188687,1.2854625294007722,1.0349788742415134,1.1253674170262609,1.9855135360706806,1.3974618958650538,0.8383840004138168,1.0375824135890659,2.0070885134055665,1.5505799019244242,-0.9764594031034763,1.077769770027978,-0.13677580895814967,0.14726177401188967,0.8261019741794426,1.2089062540051287,1.5540669212848641,1.4623763259021756,2.056583336862737,1.4623244492858622,2.495267488378096,2.23514506159696,2.06288867931262,1.211370016639876,1.8764571940768322,-0.1623036610731442,0.9891398824742427,1.9639797296308268,2.5800182810435164,1.7940470249265066,1.3462020092809985,-0.3642291093557789,0.7970119266443619,1.8055658555548342,1.0038286792433966,0.6758498416171412,2.272837322929876,-0.1954466918174821,1.6352592725944604,1.5476102430635974,2.170326280952612,2.4882764925677034,0.28082970139102165,-1.490303592009296,-1.3691921928777164,1.6991284720585764,0.2661761678185229,2.0331739659311667,2.0731390723456733,1.7274409457427997,1.0128945273611298,1.7212334628239523
-0.25068347381409106,0.28474296321592785,0.09013210890424847,0.14426709362888307,0.29145205530705176,0.21399941752182738,-0.12251050691938388,-0.5153868578825646,-0.12460492185851423,0.6933073647080946,-0.04493066423496624,0.3689526260272262,0.191060618864277,-0.5904359328644624,-0.4141812483093414,-0.3713707478525156,-0.40602780861766646,-0.7078790227720837,-0.6023787653795012,-0.4950048511693984,-0.7134226561712192,-0.0833393559154995,-0.2296737442878343,-0.02491769754499197,0.11060692457092945,-0.45204895312305143,-0.19016727262224906,-0.40100126853418544,-0.3241461783182466,-0.19886941788655146,-0.34903194664154824,0.23576165438431923,0.03818164758671514,-0.5271674642463237,0.007555493455999984,-0.4093959891355723,-0.2569223657332255,0.22948518681889518,0.3101292932489247,0.25023922709456936,-0.1583902508178258,-0.04603551651571934,0.21921035247934953,-0.47656570947546917,-0.14575292406679644,-0.21620362527960005,-0.006750448214229834,-0.027069756160201363,0.04054691446016462,-0.2793615436802911,-0.1866902555499864,-0.11036362459547004,-0.43238157853193576,-0.09986337935667787,0.0945396784497377,-0.016228147824675857,-0.4968900789445217,-0.2021190281923879,0.5444716961101648,-0.13823682392508732,0.5185061593366809,0.2653520896266606,-0.0024063300303455424,-0.16882661291237916,-0.3334847102415006,-0.19776242570684105,-0.4705710204754346,-0.3312871388014238,-0.6438410256798128,-0.7484644197117747,-0.655763835973929,0.07599352512377656,-0.3893513739924265,0.4038275812686044,0.15409415603406612,-0.2732073594487373,-0.3068278083813033,-0.2885525421345025,-0.38841261754090034,0.6604041074722364,0.16426551391141186,-0.16803687488578783,0.6202517618248691,0.3863233399792688,-0.4425051882880727,0.565722254559014,-0.36457769292971753,-0.4393934093338597,-0.5402438524689052,0.43197933812123057,0.12788308932690975,0.7194309421466849,0.9433902635143588,-0.4094782873018018,0.11579216942300617,-0.6431215231079944,-0.32249538724964255,-0.24297523909543012,-0.08391355329057645,-0.5699187243785777
-1.4835547716014394,0.033706818374773094,-0.5594895732881109,-0.9273447668170947,-0.0061777708524312315,-0.33060143470953657,-1.6989601648785533,-2.6965949724247187,-1.4646871400136081,1.7427038329854312,-0.6480956052981175,0.3404455794569817,-0.161492377320092,-2.5281765100682936,-2.2382608930113723,-2.0321700720787708,-2.3377654611399405,-3.0110830279713015,-2.6020857819533036,-2.5797634013943114,-2.9578420575598825,-1.1094577015784914,-1.6813957047079462,-2.116697763093935,0.3000038856404237,-2.6659751174127075,-2.006664194827735,-2.178238053573483,-2.510315750635279,-1.2816917059850133,-1.332678655694427,0.18602269285203074,-0.6074341086210042,-2.5603369150562694,-1.0562773778460153,-2.2008466706006575,-1.424154183483542,0.11259470739389316,0.2775377044219735,0.14857210645977462,-1.492790813090831,-1.1108362607821094,-0.3050683091762932,-2.1965018071785485,-1.5115136427256026,-1.540832098479452,-0.906637358729306,-0.9323755200622953,-0.5094135194530532,-1.5588787901498544,-1.1953393149518066,-1.214710864206844,-2.3886737212830975,-1.462627112396626,-0.7149625620313584,-1.0331175609843781,-2.5603735896158923,-1.7530790016140354,1.6373469317376947,-1.2367432978001094,0.7310548924787889,0.15204441609646133,-0.8269122799745039,-1.4109627361650703,-1.9376315036097316,-1.6845307575451776,-2.5503536862579717,-1.855527743110784,-3.237515021581002,-3.0748456333486036,-2.8069967619530867,-1.1629010722767632,-2.3407494353860563,0.6791711795677601,-0.8391576645217802,-2.2640326288774784,-2.8931743646452674,-2.110599374371947,-1.771087234545679,1.1395352902699436,-0.6719330110578244,-1.9091721826374515,-0.2030511494470006,-0.2610371286753194,-2.777270014098744,0.8000166669749286,-1.9880165725970818,-2.043664306135307,-2.730416286930135,-1.918658734147748,-0.05940001275902332,2.3583294283998706,2.4809481153579354,-2.150200417791628,-0.17119062865116738,-2.7269463054592338,-2.415963586918592,-1.952242428961125,-1.0651466359194393,-2.295809575993624
-1.1618316491368281,-0.27819103997273364,-0.6785507371043487,-1.170624769619973,-0.3428411663044387,-0.5986129581176153,-1.5564021623404438,-2.4552363244081152,-1.397305093958775,1.400496774668172,-0.6896103387809681,0.0683568035705763,-0.3783718743035607,-2.065771966454743,-2.0350836702928907,-1.5728659804603515,-2.056546043519231,-2.512933876684785,-2.1156918052752633,-2.139860832362052,-2.4384304969420105,-1.0984574552161972,-1.5439810246689643,-2.263294361676708,-0.010834771561582641,-2.4729055657926446,-1.862320471278172,-1.8100238284422623,-2.3199974966242953,-1.1189743639234981,-1.020338930135747,0.028705351709270827,-0.556311920685911,-2.200000855027124,-1.162319844025304,-1.7638512273532494,-1.0591216170883397,0.008897454557485859,0.0959633376057901,0.025016005089276167,-1.3210261329646211,-1.2120664690479543,-0.6651366861099296,-1.7153111572227817,-1.4820109902157947,-1.3778226736124384,-0.9523427027676039,-0.8988603086264552,-0.4262471682585926,-1.1115037539744974,-0.9388965872106665,-1.1204821836208796,-1.9175356386199065,-1.4037242698905208,-0.8623053423704026,-1.050058264832999,-2.2937417163568656,-1.655907028024529,1.3264968869631852,-1.2696278627178064,0.2067983022884602,-0.15318717541095372,-0.9032226214688452,-1.3797663545047352,-1.7591237304383716,-1.7036216717218529,-2.06596171494566,-1.6888405270101374,-2.9813592495440084,-2.568630806414332,-2.399986788211773,-1.6949904557572184,-2.2953918691854325,0.45918156496163415,-1.1601416949633516,-2.1994334513189817,-2.7330172979767187,-1.9917584389362721,-1.5301976929360637,0.5741411247264676,-1.3151764775646977,-1.7066257087617087,-1.0292870294311267,-1.1523489394420872,-2.61207640439867,-0.21947197660455775,-1.4688681256504252,-1.726257319101089,-2.1700128013126156,-2.2228538364375483,0.04944566536986938,1.9119269696501158,1.782259207012716,-1.90239937479048,-0.6081789884231481,-2.0703696458673804,-2.2554892781920866,-1.6270152516002032,-0.8495269906458848,-1.3811072490452727
0.48088733343728784,-0.4577075932588489,-0.2164815211300476,-0.48750182506739914,-0.5166926064119448,-0.44395911248904346,0.1548066526755341,-0.12301424851698255,-0.034371407769418535,0.05271715821003054,-0.17284576346629757,-0.22752627913095994,-0.32834561003888857,0.375548331246729,-0.07586317759294574,0.6620262101392934,0.13938729278465173,0.30492665272450176,0.4236811614120867,0.4533882001046554,0.35755226470275786,-0.11731045845028343,0.012516427484396504,-0.5086795370982601,-0.6646786640492834,-0.16516371988806003,0.07720487333650278,0.3865163542318785,-0.006181496133686409,0.12940415957148993,0.3369144915118732,-0.11185638947926811,0.15836404140226737,0.18877933209879977,-0.3026614764186631,0.5603851441798277,0.5874713308808392,0.02487534152547222,-0.07180064244946624,-8.769122556915405e-05,0.20570308860924705,-0.36253527946413083,-0.6790163673384227,0.5907078282148774,-0.15598192558499974,0.10778229445791486,-0.15761482989198564,0.026521501565325692,0.2584791363843823,0.7769858155848466,0.39208468491883763,0.06711776494976016,0.6072006833873095,-0.01476847926648351,-0.29159437984740033,-0.09921899725992038,-0.028313657830925817,-0.06284467170881387,-0.0548436804732836,-0.2949166695939565,-0.6877304974960926,-0.45659834623920953,-0.23512085768124405,-0.1819569423247522,-0.0168358716515536,-0.36055467479856196,0.5793067212626207,-0.04410328273673677,-0.2649727414065297,0.271667110575231,0.14651201933061714,-1.3516428131675216,-0.45707301663510763,-0.05915061521887274,-0.6784234697980446,-0.2614987411365017,-0.06546816456686848,-0.13478206264209217,0.07990065456939663,-0.6020889427249132,-1.517027808112868,0.2712409697944819,-1.3830474821459209,-1.8704312083800707,-0.2106853061852792,-1.94348095990618,0.8304041123548052,0.22280328334077462,0.705952106466053,-0.3113890242197038,0.4441250255504395,-0.1737695780036217,-0.5471013263460759,0.051113010523570035,-1.022451623844403,0.82446315191419,-0.06488947745646492,0.4874395909265443,0.43130627202981997,1.614721257557026
1.7552378980578192,-0.3339003137997664,0.3506202114967759,0.41786384593507087,-0.37076171603511254,-0.04007295078216963,1.6691676164374598,1.989322400422545,1.235513690043254,-1.0281834948483308,0.4006353696664221,-0.29620740710858423,-0.07311398250736152,2.3550715088724474,1.6927637139263718,2.390742890021271,2.0232018549792388,2.643324676158522,2.4749159797796976,2.5816110017407423,2.6492145888859144,0.8365094302894027,1.4139967125172965,1.3006811356718482,-0.9531150099650129,1.940202837421668,1.8244876063632238,2.1776306874146654,2.0659819737033547,1.2033623793350017,1.4023084485425938,-0.1280178780195416,0.7790744827551762,2.2214997127188583,0.6438775868512214,2.407603411123131,1.8224211289975696,0.10065209852920358,-0.10629960188828486,0.052515793656239096,1.5183719101493636,0.5949262383595113,-0.3306022401539914,2.391482320695469,1.1373315338767962,1.415592717281197,0.6607525167377002,0.8884646649501647,0.8161872307569652,2.154537366363163,1.4413320870305062,1.1451444116689753,2.631644719352222,1.3011666112760194,0.4048514460613572,0.8440786006167743,1.9827764834932933,1.418942776072033,-1.1693863396871693,0.7341741761813063,-1.0816905654301743,-0.4632994688412212,0.4945998063662099,0.9766484580519844,1.5472735268748246,1.0139351452379548,2.6790505039560197,1.4351474466597292,2.2265883001101323,2.6298205970000144,2.3148264147788007,-0.4311184582972641,1.372082750865334,-0.44385821756306615,0.08721511176834168,1.5891402690469865,2.3814659595563152,1.5860803843637648,1.4813374045505567,-1.263113309036079,-1.0390883957570514,2.0158655867621853,-0.8858105813131738,-1.6333025037325233,2.0322764906854722,-2.5740986452424433,2.5382004050191784,1.8585413514870182,2.978731277777024,1.6975885809148252,0.6773380711395773,-1.8489809119681357,-2.253405752492371,1.7634512303679888,-0.964642380301483,3.0382118514589855,1.9560913843172434,2.2168133254722577,1.4419612507321622,3.588287678573738
1.2530824643620757,0.09293458755695856,0.5230503921127613,0.7837159268955884,0.08626287807243554,0.3313950085625606,1.419915668348882,1.895492899479802,1.170928458015966,-0.9061160433751234,0.5340556326490218,-0.05154509908323877,0.22364901056858025,1.8599267105792698,1.5986003737255121,1.705262067616323,1.7133709160612967,2.169783796704874,1.9360499297218356,2.02137147116478,2.12995256926117,0.8686791233941296,1.2917792375293704,1.4786345752590238,-0.35950574843244243,1.8523901405551058,1.6205784116105058,1.6954234937005341,1.85211887761474,1.023348204733413,1.0786779202231458,0.002845005036450031,0.6215512779880883,1.8871136801876467,0.8366570523434655,1.794996568885864,1.2503367404441084,0.11593425793109785,0.00021196029799249445,0.0914750030423126,1.248598205540173,0.8448653367955724,0.23854540811529457,1.757283979892337,1.1885750955948635,1.2355833384125885,0.740975099344423,0.8201680412566861,0.5944353716724423,1.4101918052102367,1.0607910104794545,1.0363272636452883,1.9764283755305032,1.2534843273010918,0.6174359965665845,0.8727979739271937,1.8197459226546744,1.3592793099344034,-0.9884448886799155,0.9205299486568459,-0.42580482244580614,-0.04099928281998853,0.642353948756621,1.0301966459639784,1.431117613359012,1.2058226603521478,1.9849804257222394,1.337271105242454,2.182735896016712,2.1627653456373452,1.9823845106785052,0.6035118895660296,1.5897538273802851,-0.394894802925111,0.5506212418885471,1.6148151648851166,2.186076093920171,1.53476879733014,1.3302508824784562,-0.6613395946626864,0.11665485068942784,1.6948438570401922,0.3466727045834799,-0.09533209106073007,2.0046554617427774,-0.8978201296113837,1.702983968086105,1.527828028466668,2.196263790405724,1.7032411190828165,0.33833357578160883,-1.491087842831215,-1.621803706035942,1.5758580340192831,-0.171924798622672,2.1680350465589777,1.8423375188380386,1.6817974903188195,1.0284827853327783,2.067697669907634
-0.5307254381677234,0.5045751450033287,0.22325405221689607,0.4368371815431059,0.5273085276627585,0.43759611919734215,-0.2583027058040952,-0.07398705932068605,-0.03913892719378327,0.14986173153039958,0.19783506966214687,0.2944456390486774,0.3597069093196863,-0.5085009375230598,-0.06269552911010486,-0.7212210173129466,-0.33558561451315744,-0.48836113327372493,-0.5618641584309074,-0.5782187055507545,-0.544189925707525,0.06651273297369724,-0.10274086637367234,0.13871117860826215,0.6777194173632233,-0.08926378358062069,-0.19479560952244449,-0.5000936116598874,-0.23040599656610145,-0.1636789497320827,-0.2853914351361354,0.16517425767048977,-0.15408237536039907,-0.32697136678471256,0.24753537745619944,-0.6278089718228193,-0.5874034495428729,0.04061387973775947,0.13632389458961286,0.07002961220567828,-0.2728758311763627,0.31537306086077016,0.6491588530538559,-0.6579271123474281,0.1033953580915234,-0.16723068988148826,0.11192220063604533,-0.04641090049155846,-0.20909379311691872,-0.7831038208097987,-0.37569118279141483,-0.07525799442934614,-0.6857687711906882,0.006555528047223247,0.26143908941819644,0.06300957299385612,-0.14908483158195932,-0.03091767406994129,0.19323644657227548,0.25028761103673214,0.7389241252034995,0.49261444412994276,0.18958086006988123,0.08691858560170371,-0.09037954874529187,0.25093555433981596,-0.7542946021148826,-0.08830749573860319,-0.05162079208018701,-0.5003526598519236,-0.3427704274470636,1.1418136466179298,0.27122082106180206,0.010532233246186547,0.4761036754297642,0.030195018746085628,-0.21793990956585926,-0.035185454022086685,-0.1039538482293297,0.655772032064702,1.216201913684076,-0.31065532653225647,1.4040133278769922,1.679147697456063,0.003371781861036787,1.8157534512898423,-0.8939880149396828,-0.34151526553814027,-0.8210970054489638,-0.11113681300167576,-0.35103965637611945,0.4064075806284315,0.6652325152925657,-0.17229527968381292,0.8268216301198801,-0.9202820516919253,-0.11661491715111746,-0.5689621263371542,-0.4228159064979309,-1.6518277926883647
-1.6373946481887158,0.45634949079261566,-0.21427361321076518,-0.20575999172769557,0.4820935507925918,0.18318275368300913,-1.4849799142286026,-1.726696581325697,-1.0378988746937436,1.0146831708113133,-0.21564191270672056,0.3771515971414494,0.1900471086084446,-2.1370702169823237,-1.4312616466991372,-2.206361305790889,-1.8527450173218205,-2.38899344753677,-2.270034024386188,-2.313128844242256,-2.411610701011179,-0.6829696036903266,-1.2251598122682912,-1.1560009420763009,1.0416031139697353,-1.707407482351112,-1.5912471196141373,-1.9815962148904593,-1.8337698481869786,-1.0567715417661685,-1.2178299484461366,0.17759516633424818,-0.6944879338474979,-1.971660706814958,-0.45473784047429744,-2.17500941434157,-1.6772390754962931,-0.042184551867024835,0.15740727191045925,0.016483117481817196,-1.3596192800761242,-0.39466830967129674,0.4639258441607359,-2.202481088606512,-0.9085148454803419,-1.2505079091925946,-0.529237566367552,-0.7552888672930969,-0.7124112318229597,-2.012144371087082,-1.2934119927516656,-0.9609512782061962,-2.3989051956387186,-1.0429370092757417,-0.2555252626809741,-0.6776220029212655,-1.7384124351844692,-1.1955153263166658,1.1092585581857148,-0.514751693823033,1.1537022400254673,0.5536831471270834,-0.35344211649697016,-0.8011480570022492,-1.3287954880545976,-0.7644508657985998,-2.495014653419183,-1.2680749665305937,-1.9843346397389714,-2.4029831900494245,-2.070230864472361,0.637636234609257,-1.1115760212036863,0.3976725709069006,-0.002621343267337182,-1.3690499709649258,-2.0912751661774056,-1.3604885743001598,-1.2529944281786354,1.2750565447924997,1.115009382758876,-1.7430153790568372,1.18268316943891,1.8043230440881421,-1.7158430891003453,2.6338133312662673,-2.389442275123021,-1.6710183585115568,-2.7091207351484834,-1.583443494228187,-0.6375026693953524,1.7666688414760636,2.1525610691816865,-1.5523325616195027,0.9807381006976083,-2.8340478438028938,-1.7397948470133007,-2.0444892633461094,-1.3089372127612249,-3.474028366538641
-0.8642215407564428,-0.10419820483505,-0.4061966901693694,-0.6014343575822413,-0.11789045818578611,-0.2762212242199478,-0.9782414657187022,-1.453585429783982,-0.8386855154574785,0.8856775550226758,-0.35073439019957375,0.0722380126052737,-0.1966084011372609,-1.3448622309079306,-1.1810355061126665,-1.1168644401063728,-1.2999037081963762,-1.5819739399154236,-1.409559417754417,-1.3428305747733973,-1.5419453132954588,-0.676000880445412,-0.9678979253833672,-1.1777008805093836,0.20375983267387615,-1.4295165975000643,-1.151042517189636,-1.2011534193190128,-1.3500124718730608,-0.7558878376098078,-0.7628931506255251,-0.0015116490510960654,-0.42050222728744463,-1.3849866843051821,-0.6491486082491342,-1.1882660135370866,-0.8209161807228182,-0.04283738283142923,0.03545231462095293,-0.015919048430670334,-0.8792739189387738,-0.6718138582136765,-0.2854696561604273,-1.221175300805368,-0.884603228516245,-0.9179514603564322,-0.5868696440006437,-0.5990662024169336,-0.36077293040917585,-0.8838001474410755,-0.7014446096928011,-0.7306922343035935,-1.2922797547016307,-0.8524129188722319,-0.483530059340093,-0.6343712117481194,-1.3862260673420903,-0.9893003755912074,0.8810036535671312,-0.6919040672965788,0.26451150011184343,-0.03074670546717814,-0.5134231912667669,-0.8104596194901419,-1.0748670992071752,-0.9231739697354635,-1.3659866209966398,-1.052137061113153,-1.7365813728434902,-1.5856619868620925,-1.4461460116894098,-0.7009208629368502,-1.3007028710979864,0.42663260155904736,-0.5253701974394076,-1.228658160282315,-1.529898210880977,-1.1553291823294596,-0.9892920913173229,0.4887496003051741,-0.38140931466166916,-1.0628888471718265,-0.3222303614893517,-0.2164505729513802,-1.4801180134576837,0.35217023839055944,-1.1037628266758097,-1.0786015151437747,-1.4155108720856964,-1.1244787801303704,-0.11746072512955501,1.2187470547222197,1.3023061120975945,-1.1956642882331154,-0.06265574517510762,-1.4886348795753706,-1.3923919472895938,-1.1405978143058735,-0.6465881741604119,-1.2107058118949887
0.8140729176998838,-0.6398378635588001,-0.2569852337556232,-0.5210724820204904,-0.7036520435923634,-0.5639404255397633,0.49912675073438156,0.09312074871952747,0.12790080618003405,0.06015212926423385,-0.21437201046744975,-0.3083768138353391,-0.4625888948954432,0.7234774307502894,0.09154349609642375,1.168129010012157,0.4553663484006241,0.7154740928641671,0.8123935699975898,0.9773595926938693,0.7889340750899609,-0.08333370956391097,0.170216496078846,-0.22489217404435755,-1.0030366028207003,0.08803338562497447,0.38577911130754144,0.7538676351432191,0.36158327147344405,0.25540091295546336,0.4376026614438751,-0.1839093560854139,0.3047139091143886,0.490078926901744,-0.31582434314504293,1.019249683892564,0.9266743196580709,0.032985548808332515,-0.09328447617691753,-0.0033950135117737723,0.4737508868418855,-0.42249925331874466,-0.9164050058936138,1.0082835088308901,-0.08107750713404269,0.28516190721505724,-0.13876541840003564,0.12745346693263326,0.4064306584036961,1.2511345846854611,0.6352234945960007,0.1995220335341445,1.1861231642143972,0.1466932892415917,-0.3176841883370752,-0.018754321208166728,0.19816525308483687,0.11224418287293222,-0.08493140966949907,-0.3181473870040482,-0.9839948801090568,-0.6823128059064022,-0.26998883075021546,-0.14772439253710853,0.13205842840727908,-0.3454255118078926,1.1440472538722144,0.08815008167898984,0.02006936394655467,0.7228302179415624,0.5101311668794946,-1.7125624369456784,-0.43886758149347754,0.10777242223467837,-0.706966039740971,-0.016163891619669985,0.4575864669732903,0.05783475030358751,0.17235641683589598,-0.8066010800509816,-1.8630548103615612,0.7481633921667009,-1.6731793127126953,-2.4153982555237827,0.06532067726311537,-2.654950432332483,1.4071417410584999,0.5627539629950709,1.357512391254693,0.5008504387224055,0.670308016741712,-0.41790044216549277,-0.7660343130195604,0.24657073492074014,-1.2915360479993265,1.4126283777804993,0.2495688340211409,0.9707279262085503,0.738426121511553,2.5651400336784342
1.4330321041648892,-0.5821941563217475,0.007191778815304352,-0.161506689710559,-0.652317158956848,-0.417666539550445,1.1550853531482095,0.9796708587691616,0.6545737858217555,-0.4747488287464843,-0.04556950709318489,-0.3460103355078349,-0.34712092120039967,1.5843150160286708,0.7764308467653258,1.9525776559524015,1.2985829427754132,1.724866068617853,1.7439602300198769,1.8511029962548051,1.767867862611044,0.3506746410866672,0.7951354219722512,0.4627392429473,-1.2526605532410993,0.9521117823685042,1.1433041225826899,1.553639535738482,1.1921140927942957,0.7567862759638525,0.9575543714007363,-0.16067975222371333,0.6264416614830097,1.3776585138964117,0.07717182404068487,1.8202638398717015,1.5300412251608757,0.09616772287373118,-0.08260720400907441,0.0340335132393356,1.079825827183699,-0.033466556652863536,-0.7777299543187456,1.8552280024496723,0.47491093647745725,0.9043042296927041,0.24342787887420642,0.5413519631752464,0.6902547731823718,1.9100110684738496,1.1397346542943978,0.6896400045485245,2.0796262664875678,0.6981592249383853,-0.017448534469630482,0.38621472958311587,1.0571863297506177,0.7284111980440294,-0.637090466353568,0.0595295071387218,-1.1918509292739188,-0.6868213537951257,0.029443527439834468,0.33428420408461107,0.7951339992497256,0.16100387664036456,2.0570162285133384,0.7472036551956776,1.0890892553410698,1.7266434748066197,1.39748325894082,-1.3928459845023142,0.32552397069393213,-0.19445906529802343,-0.4345488026139245,0.7352750582062876,1.3953775582240282,0.7536457500580327,0.803568390401157,-1.1355617774100186,-1.7554298039011427,1.4800875547091012,-1.4787851188039713,-2.4230544902357214,0.9660734299475082,-3.0420751317824326,2.217837295242525,1.2696724311982825,2.3000387102571347,1.2699849065243096,0.8342532135073739,-1.1912156256139572,-1.6342086143021433,1.012995330215888,-1.377883128884814,2.4573763659181522,1.159244314497033,1.7913325039593766,1.2183426369139818,3.5100168162878846
0.4016266115694672,-0.029386530167094613,0.10035994560816738,0.08804542349435955,-0.05447052004961565,-0.010287506903512851,0.35142876283564917,0.32607403691590375,0.2256412209028946,-0.16306832992689801,0.0038556364929801176,-0.0179074956965834,0.007084864460625536,0.42022769872681415,0.21988065789273778,0.5058550722256266,0.3995229975863078,0.471586956474782,0.4857104899678412,0.4635474990653908,0.4599131844109994,0.18219015476871475,0.28526785219533485,0.19406364924873984,-0.3084678249597605,0.31072630033755977,0.37621496947281985,0.4351201082486224,0.34200197979042535,0.25460192743386445,0.29731063635003946,0.030220819045385452,0.22289816001991233,0.4129628064125134,0.12232576865533312,0.4707591823016899,0.42367658156576027,0.07889235160544007,0.04350609500476907,0.05755527717943247,0.3433994436176086,0.09040017249502467,-0.060567567568627204,0.5110158325429442,0.22099608038222499,0.318062897325752,0.1604061850360956,0.22241748389927907,0.21938959846720518,0.4888871301654934,0.33258718977572743,0.2534490992760604,0.544626482087365,0.2592807256939372,0.09568554068959462,0.17282707910318057,0.3422077335593665,0.25217845736190175,-0.21385351642732553,0.06656076595142164,-0.19993157807304004,-0.07601789314229189,0.07819371048763817,0.1538597096868017,0.26434695386916346,0.09584028699849415,0.5198315782694243,0.26439334551331106,0.38401015711453923,0.455283280102965,0.36297388357541743,-0.15379978292048357,0.20445902944933358,-0.13928242532561172,-0.01636920105077619,0.27432494587550227,0.38218706435310706,0.25116855304384744,0.28064545114876294,-0.21243831829753576,-0.27453603846684244,0.4274462476621406,-0.06797488785214593,-0.3722743343966306,0.33045605540775663,-0.568512523690744,0.5748216228939375,0.35647741870709276,0.5504436841975341,0.40351992588473956,0.22922206836288442,-0.3321784762953001,-0.4505827530672811,0.34306074085293325,-0.29122845741857006,0.6522498707255531,0.4116088539043692,0.5224052205707432,0.3413461511968775,0.7985620594301684
-0.893577808222576,0.3591021642383146,-0.030274882238024506,0.021278732126847586,0.37662344399242376,0.21097084889845027,-0.7657885569047602,-0.8404463005120335,-0.4902374092557669,0.5322979705119163,-0.03665157899983084,0.27456458683933505,0.19834091827705586,-1.1296636568930754,-0.684288304671497,-1.2153836236020272,-0.9574009411095348,-1.2632466747351512,-1.2122048222229826,-1.2501744094158536,-1.2871098892139037,-0.2879183067558021,-0.5920758933413036,-0.521786357533402,0.6731141477754424,-0.8315903834209466,-0.7961731056197833,-1.0480686707733027,-0.9254473798223662,-0.5228944744353076,-0.6185298052940846,0.15176523927806673,-0.352915000393296,-1.0107794463641955,-0.13560835906985022,-1.175139011283318,-0.9160035422861086,0.012313443686211187,0.12779605803404695,0.04928113757721651,-0.7041146336640149,-0.09109651764882687,0.3946321954155014,-1.1960603054581693,-0.3914580036232055,-0.6251504437641338,-0.20705615227329635,-0.35437153965885604,-0.3698690772161132,-1.1309119818178468,-0.6857239525553166,-0.4575757010157316,-1.3164187057306693,-0.4797314787430553,-0.04202200479904918,-0.29257356777572424,-0.8592065218317813,-0.566942538142218,0.5702748630300807,-0.17150670008205596,0.745745200247056,0.4058141781282617,-0.10007168054864474,-0.3408120458083738,-0.6393486099392138,-0.29005107605518016,-1.3657122191093582,-0.6170869102160083,-0.9850319878559751,-1.2882370201109203,-1.0864308114566614,0.5751753366318013,-0.460761228045122,0.18817221315447988,0.11169188630243418,-0.6463909315801201,-1.070412258395167,-0.6439921006096763,-0.602582018942076,0.7723286701317263,0.7894072803996626,-0.9235397726761175,0.8803263702946431,1.2362528765684568,-0.8241649088385773,1.6654323685274144,-1.341438082607541,-0.8904979348325449,-1.4940510995969158,-0.852093848832581,-0.375746591144373,0.9577754465674306,1.1824011979785565,-0.7680648546095289,0.6447074404676141,-1.5703808688485394,-0.8717903192400517,-1.1120404586393948,-0.7116550463433978,-2.04961938567598
-0.8962184458900976,0.17137769110785883,-0.18162789119229258,-0.20961731250532886,0.18100639041084676,0.03747674128820626,-0.8250486389086809,-1.046289061443245,-0.5915746885264879,0.7317655859117034,-0.0897521553028288,0.20230409741807967,0.044221269496012426,-1.1788410023159202,-0.7957213110657159,-1.1520888366777031,-1.0999416517094134,-1.3567329540708135,-1.2841885712030607,-1.220628779853115,-1.3443220689710502,-0.4498603439233997,-0.7387540365129512,-0.7514209082120649,0.5536340568344166,-1.0370179114992593,-0.9221812835696409,-1.0969913869676922,-1.039758540407619,-0.6129614077511487,-0.6746690497124155,0.07435707742471097,-0.3967687089612022,-1.139611537707614,-0.3290766349239458,-1.1385600144846577,-0.890204504040617,-0.01492587704186577,0.08281100256160259,0.02780849414820625,-0.7798783352043537,-0.29505102220332513,0.12040628241382267,-1.208907203659365,-0.5695365005514964,-0.7533363820404199,-0.3716689529170527,-0.46433723834536,-0.3669670390459113,-1.0288821589483421,-0.6887232695729052,-0.5563050100034231,-1.2656034546367296,-0.5878622603244819,-0.21220090681107387,-0.4091204326165397,-1.0419080592819683,-0.6944682072541017,0.7332785298978293,-0.31195356455438883,0.5653148253763054,0.23100005094462425,-0.24417743742249737,-0.5022533866041494,-0.7812807392023574,-0.462513847514637,-1.3325382631355283,-0.7847610525384191,-1.2797748463778824,-1.371937672775924,-1.1671671240038601,0.06364779135160857,-0.7729535387296484,0.35893719069954894,-0.1322595148454401,-0.8576420501257372,-1.1633630627732205,-0.799866108175462,-0.7413643711339594,0.6695887722105104,0.29201260060916673,-0.9287047824561846,0.3737145497412364,0.6364632082687243,-1.0390205774257655,1.1270815698382197,-1.2530188000758473,-0.952088847273442,-1.3869293569585466,-0.9419054531372734,-0.27791497467940807,1.094176524017099,1.2859569625215859,-0.9364117643980583,0.383093580637889,-1.5445705212123875,-1.0794242178307838,-1.136367104417987,-0.6784295806041906,-1.705582916968979
0.24723547986443561,-0.2862097197146982,-0.15948186723130908,-0.3020783673249155,-0.3187025569142648,-0.27067286728396805,0.11061700096184725,-0.16289333958593724,-0.038236662499630036,0.2169790480963729,-0.11829768392680634,-0.10373497182375323,-0.21919981801657631,0.13951226309554232,-0.10184329561165158,0.3887557020775567,0.008031350991865475,0.09631350020482345,0.16086210359785458,0.2757814476078377,0.13734797045362027,-0.13316168754611946,-0.05949524069600592,-0.2753549356670396,-0.41409587577697937,-0.1744599655214603,0.023948209283076692,0.17084805869700728,-0.016457548663801815,0.014545420265854519,0.09319782348142522,-0.07546254894463887,0.08971348171219815,0.023225731485305746,-0.22604508223103006,0.314148671208947,0.30673064203710193,0.029851498330431114,-0.01443568005830639,0.021460495272293614,0.09709110297453713,-0.27323538304861267,-0.44743501693766174,0.2842089973688847,-0.14945276313659056,0.001555826040813312,-0.1442421847970082,-0.019468249146759695,0.15469036774583628,0.45693879089802597,0.20127183540467974,0.0020581433086819005,0.3801014295284245,-0.023954680321479224,-0.1976150521564677,-0.0783484563628896,-0.10875627832358517,-0.06831345069104841,0.12407039737371428,-0.2169792970369006,-0.3803777007570514,-0.2983151147584502,-0.1822363614270365,-0.17491352432254698,-0.08701515166925014,-0.2591748719484545,0.3336233190296688,-0.11346841313226919,-0.2606977178525238,0.09403122076111284,0.0312344540619156,-0.8947215179443605,-0.3895185073164685,0.1438919824069676,-0.4012062792199811,-0.1924421476057914,0.019253546089412047,-0.12869691453090032,-0.05904407659057656,-0.26486257662826174,-0.9423993361391712,0.22892053328410072,-0.7773111680483211,-1.148106337703133,-0.18106147392083558,-1.169052783617053,0.48672412462080206,0.0936545333808376,0.444020485108062,0.09590280347399219,0.31519559190446134,0.029377648257963167,-0.1079789730991739,-0.06652897080597349,-0.6114875326507291,0.42512356069807783,-0.08209374893431834,0.28890382453080143,0.2660540403350586,1.0053718983046414
1.0160218773766512,-0.42559568215072446,-0.010250993786133583,-0.16103185348410887,-0.47889839918313704,-0.3258232006367389,0.7816168063272376,0.6099202916631599,0.41640463641756625,-0.3251754873790569,-0.09928255032064846,-0.2477334298318845,-0.25934926919265183,1.0636402049856122,0.45284895286797555,1.3566108113190725,0.8807519615770143,1.1491205852991888,1.1931952095043463,1.2380010521886808,1.1757846588322778,0.22714846308782077,0.5278547664832228,0.24771809591667893,-0.9585189608516395,0.5882179264608592,0.7666051359762189,1.0641154128565609,0.7643360842612639,0.5159037506571608,0.6603409063558816,-0.10368934796406215,0.4539650966984515,0.9163613236621349,0.01651345241133165,1.246312675502465,1.0868182717127002,0.08170466911959774,-0.04206255533600534,0.0327385806939724,0.7505928764700157,-0.07739915432311473,-0.5803782619367134,1.2955183768661098,0.2893277790435557,0.6225809982622384,0.1581969868578418,0.37745423786674437,0.497714312108483,1.356504863941532,0.7976045399205446,0.4616280779533352,1.4234480476812805,0.4415980186691673,-0.03705794044892388,0.24311699796589098,0.6787832888919028,0.4582419122075806,-0.4429426721713614,-0.036380049333781694,-0.8562059615454347,-0.4960885884708549,-0.013007920980616254,0.18815167961092422,0.5031845406669802,0.021700892666730788,1.4134097147666662,0.48751860933111296,0.686592525938402,1.1459246130086405,0.89749485207936,-1.0720112891408051,0.14780609039285822,-0.16813874655163782,-0.36139879566071054,0.4429893636180589,0.8766038778181918,0.45632000904840303,0.5227316882798437,-0.8060369300667684,-1.3128290592519365,0.9900809783332021,-1.1003626945002212,-1.7990401171231696,0.5819869773270715,-2.2198230937240697,1.5702904748029813,0.8473105098717241,1.5587487101093478,0.8487968550924345,0.61765544754253,-0.8166725682104695,-1.1514009441380657,0.6700526145696679,-1.0411708409418963,1.7200752589649557,0.7678075302399208,1.2604751531538503,0.86272610226583,2.504503048326554
0.496108876436782,-0.1159676814619965,0.06288227237986188,0.015465314953282017,-0.1451248764233193,-0.08723777286461983,0.3934572959508119,0.34699995481726587,0.23206273049414775,-0.20864839576375388,-0.031219055352206027,-0.07231153624963332,-0.05590201623423417,0.5140941320007056,0.23230683299343902,0.6296516178141446,0.4664961085369554,0.5638106548552563,0.5907765753336135,0.5634873941590942,0.5609135519674214,0.17707820977077712,0.30979212370257164,0.17657275209156276,-0.4220788991963825,0.33890685354709693,0.414541137277686,0.5293755002708995,0.3852648868813325,0.2865489191528765,0.35392585257554626,0.0030771632911002025,0.2483345206467964,0.47833118751875275,0.08512550437243925,0.5801650856292798,0.5298357068227245,0.06763004991265845,0.015061782578756391,0.04050171796579857,0.3928911979289227,0.0412348679658567,-0.16855029228097929,0.6307703633042822,0.20868703311679593,0.3518341149320203,0.14600174270697924,0.23307892823713355,0.2520867296081291,0.6235307523908733,0.3984305045649204,0.2688990522115846,0.661053946587184,0.25856414222103813,0.052082538682267636,0.16183180518080947,0.37676663066649324,0.2585177182839798,-0.26053247549422287,0.024006171440931333,-0.3321757941372527,-0.16133198643600505,0.04702428715223207,0.1432369704874851,0.2863356007684924,0.05289479712340789,0.6511011354515801,0.28632514789004654,0.40612696437153034,0.5496355828163796,0.4275381823371087,-0.33575289926198115,0.16911087522891383,-0.1545589430607227,-0.09183246296849455,0.28177554834392676,0.4181029945453455,0.26288943271257825,0.30698027504415115,-0.33459606869230263,-0.466318737914261,0.4758159985982889,-0.3031847998199001,-0.6444436320524632,0.3430941199997716,-0.8721354106165018,0.7312609608665791,0.4252837339416281,0.6906646797059313,0.41026884001923397,0.2808761523945555,-0.41822088639981814,-0.5861564020139042,0.3839398322491141,-0.42697787337736354,0.8184788840339504,0.43736047053036486,0.6214764954630493,0.4107735433412008,1.080553547107218
-0.5222750796385862,0.20629369240507198,-0.021509848428427868,0.011784589465523687,0.21226894308099356,0.12137452867924049,-0.44153708578800827,-0.48934193871430687,-0.2776411183595337,0.3556470336008565,0.01813578185348623,0.16884494612638365,0.11256136973674999,-0.6444045622787768,-0.37376878932553986,-0.6881422785124329,-0.5692017888711305,-0.7290637442198197,-0.7044126744420589,-0.7006017655168778,-0.7359419558455847,-0.17477640731254399,-0.34683972990798917,-0.3183698065268647,0.4258699530214454,-0.48200422511224245,-0.4632097723989371,-0.6014855013774744,-0.5313767252380555,-0.3032771305965786,-0.34465815677782696,0.0901195372994757,-0.2118866814070571,-0.5838044616985645,-0.08080779069921531,-0.6623569614409502,-0.5244030342855495,0.009188289981043533,0.07164330895092957,0.034023772470494144,-0.41559087138569356,-0.046159428811368114,0.21602718437461382,-0.691906394100238,-0.22436072550219452,-0.3725846243649932,-0.13157091031191126,-0.21394366588825484,-0.21190183360145934,-0.6459153220349932,-0.38558043219928034,-0.2580776018357577,-0.73911313637054,-0.25844464394576383,-0.029972285867192316,-0.16890171731751788,-0.5021713643475598,-0.3224321540209683,0.366021140699625,-0.07411317217978951,0.42957388549239317,0.22960519128398288,-0.05729226432203064,-0.1971668537249455,-0.3631288428613984,-0.15010544596594833,-0.7845437029913077,-0.36882426881971747,-0.5999075233976183,-0.7480174525295014,-0.6175931651619597,0.304995380299698,-0.2785243592106901,0.14770317929397955,0.05417651775634398,-0.37318885184478395,-0.6047059199084961,-0.3627112566164718,-0.3395666410161394,0.45074741447258465,0.40929680660561346,-0.510365710221267,0.4951294219473291,0.6797370116105345,-0.4665341338076205,0.9320364442761649,-0.7710002203238616,-0.5046445086146945,-0.8325513597585987,-0.5248583200221836,-0.2079171478809163,0.5898965207975442,0.711611403613894,-0.4478500249912766,0.3609170357128786,-0.907683326124796,-0.5200351660259396,-0.6511750151071933,-0.4076683710500199,-1.1649685061925785
-0.6770007181215195,0.14239068297687393,-0.12468758269052298,-0.13205821338888074,0.15057707006451043,0.050303343782660645,-0.6014075308623494,-0.7563614176410031,-0.41998000633078636,0.572288896370197,-0.025242283393536076,0.16524422681866432,0.048435017141468646,-0.8660230001295615,-0.5522638402455365,-0.8550184343986884,-0.8199619768144804,-0.997297954713127,-0.9560312432336562,-0.885439750065791,-0.9856170936393606,-0.3308642696766486,-0.5433291635896259,-0.539766409835834,0.4550420691251794,-0.7543817440149021,-0.6770252290048402,-0.8167462081055682,-0.7509176680727208,-0.4523500510573618,-0.5000256200767136,0.0550795776528697,-0.30036705656744533,-0.8379213975633566,-0.22947256507191754,-0.8370944696326245,-0.6744368695484794,-0.008093199873442165,0.06457753432464981,0.027529566462796515,-0.5810511336218543,-0.19554793010392946,0.10784408291725801,-0.9073201568115841,-0.40699731656646027,-0.5606769470858037,-0.27366356592897595,-0.34560054605736923,-0.27290791597142566,-0.7753126828630058,-0.5115774355466907,-0.403830149321834,-0.9295413758503034,-0.4116294667971817,-0.14459633754085488,-0.289412134570205,-0.7601725006820091,-0.4937760342638341,0.5647910471408127,-0.19040503384921945,0.44531464651338043,0.1870653386405771,-0.16410090881466943,-0.35505831631384616,-0.5623247405798533,-0.2996642336931667,-0.9875751522124288,-0.5759168108026435,-0.9420429722804667,-1.0099262628240806,-0.8427685948220226,0.07812388394672443,-0.5510161289413912,0.2942502394389574,-0.07999401306420804,-0.6231781211691851,-0.825529958064049,-0.5701906265636426,-0.5389903815414439,0.5205627634398597,0.23083372745034872,-0.6645776959089541,0.3071130263972895,0.5028521434936148,-0.7465245029960114,0.8739085276038723,-0.9481230230648322,-0.7035458818111522,-1.011407070333081,-0.688106190878746,-0.2111250478445716,0.8349892905989864,0.9893624105644582,-0.6922422812307337,0.30975902699272617,-1.1630003815246732,-0.7939437397469832,-0.8536165298298772,-0.5048916917109093,-1.2963909857369584
0.14442204846915702,-0.1643295120746297,-0.09436600456259446,-0.1959644987857321,-0.1843347017246354,-0.16201411200075252,0.05225780281861195,-0.15456123083627596,-0.04277477243496322,0.16556109264734312,-0.10843946097254312,-0.04691568537292668,-0.12478855821377097,0.036348544045774867,-0.11835637488256763,0.21241212855549957,-0.029148478120628818,-0.0013554736224241236,0.0561038862975133,0.11609815370298072,0.019666028320068786,-0.09055292501328764,-0.05957533846171251,-0.21033285674703617,-0.2916155256461217,-0.16969059510015017,-0.009219118190076751,0.069863670551916,-0.058421189651786415,-0.0035493844270473316,0.03584628414790385,-0.03207639770807752,0.0678876718955148,-0.03292096888043505,-0.15150356108448468,0.1596160808505401,0.1789477869190507,0.03972252150021791,0.018912586347381646,0.03392861187638743,0.05176473510654687,-0.1906218802637292,-0.2719149317111952,0.14863486595752426,-0.11415788696918455,-0.010197270297827948,-0.09033328483022839,-0.009758677187029018,0.10845949503163504,0.27376540065467087,0.11276454332415556,-0.012225863653912133,0.1916840952114532,-0.03934737051229105,-0.12155286941464132,-0.05473752388037758,-0.11435489717973485,-0.06932205334118069,0.09504091720522415,-0.17330650143498844,-0.20876732524458488,-0.1684407429030735,-0.12109067723119887,-0.13153991745447338,-0.09280558765026198,-0.20220238219390244,0.16727991862881234,-0.09726789759790506,-0.2223011288606138,-0.00786258976362904,-0.04924865662803959,-0.5847038328793478,-0.2880259613061508,0.08036967726950367,-0.2701605365965627,-0.17435206750790883,-0.052006991387261295,-0.1270625414194692,-0.07121913551388953,-0.13317506115317343,-0.6104684990451283,0.10742814411625641,-0.4749316522046316,-0.7316666170148497,-0.18297280554058562,-0.7263647270845923,0.2822134821394499,0.004808001757742617,0.21734773112676112,0.05040453802313443,0.21588438159868759,0.05957916717094735,-0.024289324999801395,-0.07958157001912658,-0.4064203287623985,0.22433883217501116,-0.0844240405060606,0.16683533067478684,0.16671635333201432,0.5981631251768921
0.7407485980301984,-0.2699827720991569,0.022628602290333494,-0.08635304144750229,-0.3069559670272438,-0.20557812035279904,0.5680060655716785,0.44919394492170056,0.31011696130469424,-0.26812711928088584,-0.09439952179126726,-0.16138289711570575,-0.1574078510832898,0.7587608595717507,0.31574486917048816,0.9625283496297783,0.6506536583062918,0.8168209323679059,0.8610414614662862,0.8566146133591493,0.8272174798543944,0.1944783549846783,0.4008094094798198,0.19392195330648837,-0.7068664940370664,0.4311194410678769,0.5683129273700004,0.7717962619799067,0.5479687913851548,0.3900892377639115,0.4862019781216419,-0.04829041570002824,0.3491654390080774,0.6645290940465384,0.04086376074706412,0.8830008238235394,0.7902189561914594,0.07817175267859239,-0.005527026583575917,0.040812672962522625,0.5564746206220103,-0.03196024664877607,-0.37288836251279134,0.9376015840192596,0.23100489347678788,0.4731698082558419,0.14726010998944425,0.29958023397629335,0.3725064132606351,0.9712110764642402,0.5783627766892218,0.34776276579410187,0.9983140712692509,0.3228468951727712,0.004320990015268755,0.19457056800962974,0.5019521937608206,0.339389089969161,-0.3558876347730952,-0.03304906773094339,-0.5835847195283602,-0.322144222043859,0.012449822047253794,0.15354688176777062,0.36973703251761675,0.01709825632108466,1.0029916383728332,0.3719640783683035,0.5137740664500254,0.8075670492645659,0.6215872224991131,-0.717069655007032,0.1343805476798464,-0.1696087773041208,-0.23776298897889075,0.327055129709862,0.6037090746257593,0.333756175097434,0.3885121870614489,-0.5637277577035368,-0.8929757500511007,0.6855250284453821,-0.7220981480825174,-1.2272184952568828,0.416134730637379,-1.540448941109642,1.1254819679220134,0.595390756629614,1.0774499569009135,0.6016887738833198,0.44493475592590637,-0.6058206089733299,-0.8503816956382914,0.5012663997920965,-0.737671150161861,1.2330517993172572,0.5726278569969473,0.9172452213262822,0.6259296901735013,1.7583937817982183
0.32514243495014356,-0.0537212539333162,0.0590957266606425,0.042116544959067394,-0.073957556575402,-0.03437922570764776,0.2693740097218578,0.2670784386397437,0.1758373772767798,-0.14445529058801562,0.02022350347649049,-0.03624832682451879,-0.019088892971359867,0.36477163172740906,0.19852688765550794,0.42049940875182557,0.32355312257717084,0.3972607902045407,0.40665140118447113,0.38979561491685905,0.39613934587693744,0.13705948186989883,0.22727403491591658,0.1417330269494947,-0.22724958956101576,0.26461847595365046,0.29290587451870215,0.36856831560732717,0.2823067166445274,0.20539306233558355,0.2579940192199755,0.012700289753215181,0.16120163640131996,0.34363676288467354,0.084872212318419,0.39589580407531133,0.35245666986179774,0.04581410493317495,0.008733935333584734,0.02991325970572811,0.2639412646597727,0.06656448123213932,-0.08210003887217637,0.42363347716343447,0.16898177568212427,0.244422100621388,0.11210748383958452,0.1629313744294654,0.1648066528550577,0.40395487568288757,0.2733046975565968,0.1986609565110269,0.44854617707210803,0.20254057796210867,0.05466298421582675,0.12492445799422254,0.28132245280100376,0.19787871738471166,-0.1798269190756302,0.06082024727972639,-0.20215881711998576,-0.08793123172131717,0.05546407401977919,0.12416580767257665,0.22256811769410315,0.0821074654531895,0.4352246072114544,0.21138649272776266,0.2984898623454391,0.38327241040936505,0.3125438531691607,-0.16482495493231417,0.15771725741576312,-0.10100544510453782,-0.032093374569583194,0.22506650847953363,0.305698257853729,0.21372999133719014,0.23673529915405667,-0.21522579459222024,-0.26897660473235824,0.3290650019392408,-0.14959024388864012,-0.3648058932501817,0.2753690985327508,-0.525673665197235,0.4760453822527005,0.30409586652812254,0.47012800251938286,0.2444604127405668,0.17144632622336808,-0.28154490281735906,-0.39592965016397014,0.2835135500012402,-0.24964763220565217,0.5432473605549161,0.3086466664209756,0.40699394019044244,0.2676239287798257,0.6810231349704899
-0.4240338524084225,0.14769916859213936,-0.029514239876613915,0.00946144021748784,0.15251229941280772,0.09010460759666443,-0.3470048273577625,-0.36223002743726196,-0.21180147925864984,0.29520740013610053,0.06440511550248673,0.1259387070365469,0.07922094938897806,-0.485099037737443,-0.2516050488068349,-0.5341992687857231,-0.44793096064166327,-0.5453793358938187,-0.5455230926242909,-0.5115581282536226,-0.5434615290849977,-0.1491525881735453,-0.27439113815988725,-0.23596918282097015,0.3898304953022355,-0.3533040548812925,-0.36683640990025584,-0.470833735319174,-0.3945031213064118,-0.2449092275581153,-0.26921187287421244,0.05191293521251814,-0.19076443942568233,-0.4433780152522827,-0.06611455036625628,-0.5063350331961414,-0.42653473425291577,-0.011840732319537226,0.03186852092033697,0.010799876323335294,-0.3383189080806818,-0.027334262865297113,0.15903141585437292,-0.549600887573108,-0.1740031079145031,-0.30578277883135174,-0.11926595100511976,-0.18698950711546142,-0.18481978437086005,-0.5188527050264726,-0.30662219723599515,-0.20485659659726604,-0.5595020857688283,-0.18882791692517825,-0.034320661298846464,-0.13678446611608497,-0.3804019102957483,-0.24187357820271455,0.30935822560017,-0.01652470706022032,0.3284118633545305,0.1682396901002776,-0.04377227327643892,-0.1458478643130142,-0.2665676378123721,-0.08124723682916975,-0.6044856243399828,-0.2880163703334975,-0.4567185366738379,-0.5560306433798028,-0.4395766673400678,0.25133797388514534,-0.20150034099740444,0.15366808705295174,0.05288078016660563,-0.2714917300107255,-0.4279552970776885,-0.26119992911134327,-0.25489287962579066,0.34919006836800315,0.3245899611474801,-0.3724649247885702,0.3655323202390712,0.5352393356943064,-0.32852692353021057,0.7403900053461349,-0.6187168350728667,-0.3718055027534453,-0.6140893005257757,-0.4172025027363045,-0.18245147390052802,0.47081615957706197,0.5717527405971926,-0.34793960740409785,0.31030350936241274,-0.7160235719919292,-0.4080857225111562,-0.5289524992883078,-0.33333563901443714,-0.920645680689973
-0.4339401486331283,0.05665028229281112,-0.10769172457655339,-0.129217227213081,0.06056506397336634,-0.0021694098636367734,-0.3991999385047966,-0.5340801562385342,-0.297504489838306,0.3977714592806802,-0.04405635117277742,0.09377849380820398,0.004177188782648147,-0.5807876866258521,-0.39946476151073845,-0.5458831237952662,-0.5522564753343391,-0.6666823315961856,-0.6334615380873153,-0.5752987410449262,-0.6556277873507237,-0.2446525024782709,-0.38052593560994236,-0.3870916090970108,0.2480035763920319,-0.5341243845866857,-0.4623917903239612,-0.5456193016551161,-0.515177935158963,-0.31238510277450376,-0.3441640552453263,0.019352638161225164,-0.19644660210606288,-0.5704307008864039,-0.18785697764416645,-0.5435805384677087,-0.43375231609634546,-0.009607405424528126,0.03664230726949969,0.012108845299555002,-0.3841581302317652,-0.17434810486084326,0.021659992368203665,-0.5904874526888959,-0.30193889604388446,-0.38197331235395726,-0.2043921709905084,-0.24104667860938336,-0.17525722799557936,-0.48387282401837445,-0.33595165103222374,-0.28427989640156864,-0.598018651198809,-0.296255804233285,-0.12555790847018355,-0.21156742602933082,-0.5311754355410446,-0.3500530628362318,0.39150062195152724,-0.16420034616987342,0.25817219207282055,0.08996270071480235,-0.1383030094596935,-0.26613087919357026,-0.3985974948349905,-0.24365450004959277,-0.635785529070812,-0.4038429422689619,-0.6561017444180973,-0.6704302241801302,-0.5682438415534192,-0.03772050377263912,-0.4177951884073863,0.20773287378673932,-0.09261504443877945,-0.447586663265505,-0.5579253242490031,-0.4118965488615889,-0.38324213743003976,0.32522224954578627,0.07263664240294726,-0.4320630202540793,0.11533545376533463,0.22161286548481204,-0.5332206665119276,0.4774227700411411,-0.5971970812880483,-0.4711581665122187,-0.6467561749499,-0.42877605604314467,-0.11554224340075929,0.558547254445879,0.6556413034155435,-0.4837332828822327,0.15278438008981832,-0.7469468572028141,-0.5419521257550022,-0.5490512847617628,-0.31961330117585746,-0.7771588955154715
0.22138572469335727,-0.14939367532699813,-0.05546954808259664,-0.15287783511131298,-0.16633542913078378,-0.14117042743478408,0.12299945921679559,-0.05192396203248047,0.012721864112989372,0.050310334246623345,-0.136399405477809,-0.059032325379372294,-0.1070961184463273,0.12526066495824079,-0.0640888894555733,0.285405809933293,0.08220917147160171,0.1049830175205195,0.16448437219439663,0.18031325369297788,0.11535478528299868,-0.02594229065426778,0.019634257194707048,-0.11812596984242328,-0.3588798431071374,-0.06820680204626763,0.08157419987931672,0.16327576969174293,0.030100497406591053,0.06010640640649361,0.0896832285462616,-0.021574702371166557,0.11656815668583072,0.06630252928440088,-0.0992766191852883,0.2320809670732435,0.24992877225457732,0.04925339629658182,0.02716009890521221,0.03723811500399392,0.1284340352668842,-0.14719873564693767,-0.23887399634685622,0.2482203636203422,-0.048738193126470035,0.07377110986138949,-0.02963922603835176,0.05104785100316447,0.1422783120526604,0.34269199467546135,0.16266662472616256,0.040993539681530196,0.26456827739754285,0.004425652759656649,-0.07691762358002643,-0.006199630542517454,-0.010459243343379727,-0.00484223453516677,-0.013484725213092526,-0.1612481912321848,-0.2299580332858053,-0.1595682825047704,-0.08378897480216914,-0.07439670493075001,-0.02361663720936925,-0.16456603230339673,0.26222145893947363,-0.00968516565522111,-0.07770051067326986,0.09888005429952999,0.029541626767971486,-0.5208714103579726,-0.18957526068466676,-0.0003475359112805624,-0.22888045154693126,-0.0878958057070866,0.025051191115158758,-0.054719882912562544,-0.0044118197233997845,-0.1792301474330192,-0.5523578159104909,0.14966558633400628,-0.4325334763228115,-0.6927499472478059,-0.09386399840398817,-0.7417815900979483,0.37382995526697166,0.07180289355120582,0.2822891531960338,0.1415910636597791,0.22593166619860977,-0.06739933318075575,-0.15948952660892113,0.016537494950168912,-0.40796611080260786,0.34317269334834616,0.030144285060573914,0.266620307598592,0.21804215607327138,0.6831271219981988
0.5367522248352906,-0.13709808744343036,0.06256946299170213,0.0021440643715476904,-0.16039553656983677,-0.09103434221825138,0.43030759814118563,0.3802266605689021,0.264360372308337,-0.22785460233915955,-0.042997150938351575,-0.0903571504732526,-0.06645207186301726,0.5712114647691878,0.2791792137190842,0.6857928786288532,0.5000616633685606,0.609436817843992,0.6393019773105741,0.6116964569075822,0.6095508673084716,0.18918776639727422,0.33189249806700905,0.18889138989843185,-0.46673223806017966,0.36324426957723205,0.4483893928900787,0.5803618889131088,0.4327671259265489,0.3145900012157774,0.3794599907187839,-0.004292280529174276,0.26781695865288013,0.5136753817667611,0.08857374175892718,0.6402834349014683,0.5726346211414665,0.07559944742290743,0.018678163407241266,0.05048627783763663,0.4210233144980762,0.04336307563397575,-0.19508635656834544,0.6846854840273171,0.22253571188817325,0.3753793608819359,0.15260791688622927,0.2509624126656252,0.2804845293014497,0.6851005056980357,0.4281017404460821,0.28665318268713885,0.7096367395113109,0.2742270805747501,0.05636631441672348,0.18206154785035183,0.4135067237657472,0.28968634021273215,-0.2986645420664711,0.023733696231676354,-0.36841182673425726,-0.17903247945385078,0.059330861117146035,0.16332068267170424,0.31127873754611995,0.07715013538658874,0.719911042298085,0.31409632919380676,0.42649570367158696,0.5933219406023772,0.4650923688060991,-0.40419739949715744,0.17668698180327663,-0.1561148412956785,-0.12049873383857118,0.28388474883140463,0.4573987075882514,0.2945727999831587,0.3242364400479049,-0.3830325546915464,-0.5519985288674055,0.49116070631804665,-0.405916250025297,-0.755104649044984,0.3517951221672747,-1.001454118492088,0.7951230931720037,0.43520884396242165,0.7574064808965298,0.41717580486878786,0.3044388061486997,-0.4581874776781023,-0.6304706574226793,0.40829331028754345,-0.48187411420855863,0.8816244373960945,0.4520614056616875,0.6662292831872888,0.45361125774457123,1.1881028007101098
0.09415239928296759,0.05971964248042276,0.07851962870971495,0.11681243144996571,0.05396611590512699,0.06848295791819714,0.11320187758263074,0.18881093887951603,0.11675963936435335,-0.07469482666411237,0.10900435958769927,0.030672894541608774,0.06086915277616791,0.16688809485622882,0.17175708150420027,0.12614649352577964,0.15001315420083866,0.18566278175243092,0.16480039605550456,0.15617426991064373,0.18139492895463422,0.10511388097285626,0.13583224768579116,0.13167890170779464,0.058296459409644584,0.1886292957127486,0.14562029748001987,0.14854524299478214,0.16016514828171727,0.10692924104151616,0.13131463178661923,0.033793853874691214,0.050154293715786835,0.17881082231242668,0.11442659630675232,0.1406752829410559,0.10143132454429117,0.02324500670369997,0.010390733372573287,0.022286208887163848,0.10332302187150184,0.13100507423619398,0.08056317536310367,0.13979863061414732,0.14116428341850631,0.11827478619748848,0.09117938218730542,0.08427364582815915,0.0482881636533062,0.08893888132359751,0.1018468582709179,0.11695828562778171,0.1507638499915563,0.1445831750379698,0.08526868508176151,0.09485618088136931,0.17697236304892044,0.13728375656851588,-0.0849263400736698,0.14075749599580564,0.013157131098199264,0.044248848116343616,0.09172296476077854,0.1253276516854832,0.1584851951779536,0.15390062796553527,0.1377291209608306,0.13592183987832104,0.1953821125523549,0.17020781147706304,0.17252895231059998,0.1471292075080769,0.19040012365311748,-0.050041399825102154,0.08772316045432653,0.17223454504877067,0.1751205948461013,0.16647540628413415,0.15971857646593865,-0.023829509695909745,0.06957346104195747,0.1412305839803951,0.12708413893224604,0.09679012979007885,0.21147216296642785,0.029340487059703067,0.1086028945760843,0.1413769535540472,0.1581790678726435,0.048524722804672314,0.010736019111409988,-0.10480502376616556,-0.1385574969750564,0.16613112472919872,0.030919397030671546,0.1589058039520898,0.16711315533993204,0.11864232455466878,0.07091111524642382,0.08062659997948478
-0.3988724065028219,0.10258422187671555,-0.051023744821074656,-0.011159552336063382,0.10934403810760354,0.05797930388312751,-0.32670102181573557,-0.321248263280859,-0.20769437503550112,0.24644443199126984,0.06370682100249327,0.09019947439511115,0.04899978291668515,-0.4394397608300706,-0.22629638366427712,-0.4948964572312071,-0.40306032614542964,-0.4770606679331294,-0.4929165005241243,-0.44831938745515065,-0.4713523970371391,-0.15647115262292394,-0.26218203577255644,-0.19380978720484957,0.36403660860719367,-0.30701484079578134,-0.34874504555431585,-0.44052306543063735,-0.3521344979625761,-0.24077455600145056,-0.26754986483794174,0.015414642306096196,-0.1983138398219319,-0.400200902950104,-0.08013729023347863,-0.4680832921556352,-0.41163694411524454,-0.04254127584255689,-0.004595729325108341,-0.022903510921365396,-0.3210603468878595,-0.04332271608198841,0.12412447107419053,-0.5118451974711636,-0.17689897436272195,-0.29317468670705815,-0.12900454887346208,-0.19505505220782218,-0.19732287298530893,-0.4923860609374107,-0.30056567259944494,-0.20866506577783997,-0.5084722125993891,-0.19172675097136432,-0.05520519090625874,-0.14438552079665323,-0.34322854692808713,-0.23018385763194307,0.2831223581723541,-0.012017090201344468,0.2756057416413903,0.12837207387761385,-0.05688652235389651,-0.1415196907717776,-0.2446304755480489,-0.07619521823093556,-0.5451397438698489,-0.26491546699256496,-0.38683149507507486,-0.4741519542020004,-0.36780489052613713,0.24030259996917586,-0.17798892458225765,0.15070700417624897,0.060686058767387696,-0.23629921914981195,-0.36242539489894876,-0.2408830746670201,-0.24248808417502626,0.30364861536753995,0.3263386176744139,-0.3374957745300247,0.2921009022196097,0.49159289146820156,-0.28331740795162796,0.6896927645755135,-0.5796566695917215,-0.32207606454580145,-0.5458995952852331,-0.3513474408709113,-0.19423390792467055,0.4061701539651041,0.5104203029123803,-0.3240367523663084,0.3149907660334526,-0.655494203269816,-0.36468379045591226,-0.49801270445735524,-0.3265116077834601,-0.8456183006611944
-0.23016933912046444,-0.08758317596985085,-0.15448458826717057,-0.21898024132037117,-0.09235232363619375,-0.12791766617809394,-0.2618721835366988,-0.43400459210367043,-0.25473898503370634,0.2741034378966168,-0.13581715738645042,-0.011176578088045709,-0.10412382501060531,-0.3805218858324501,-0.36267680097830807,-0.278057374020789,-0.37046454356912395,-0.4320863245629457,-0.3897222006176231,-0.3346948234878121,-0.4157757408868928,-0.23064557925146648,-0.3000069667596387,-0.33697797803872737,-0.012235465654014394,-0.4255658053372446,-0.3306012492350296,-0.33859135692461434,-0.37825942904685134,-0.23647848966099397,-0.24909193114647898,-0.0383222182299486,-0.12145078894933385,-0.3997697668673636,-0.23249531777754007,-0.3097174676331534,-0.22170127083155045,-0.03138198462092097,-0.00991070467112994,-0.025501464205319825,-0.2452926317418994,-0.24980474962322344,-0.15295701970459444,-0.3288664382698593,-0.2896808486649425,-0.27527956754187705,-0.2031784786994516,-0.19152698828741996,-0.10422668839384425,-0.21153678289142736,-0.19977943869963433,-0.23031846585504595,-0.3141331177034582,-0.264273955924016,-0.17822446218738908,-0.20443083455698957,-0.4128420877719622,-0.2989639046208329,0.2786821801299537,-0.2411298152581949,0.016036877260539924,-0.06853921795352785,-0.19009305627944326,-0.2718171325892917,-0.33422403327110195,-0.3093763476552342,-0.342941775241301,-0.3253469025551738,-0.4977374977898545,-0.4163604517967614,-0.3903130240483374,-0.29960752328960577,-0.4253081988328322,0.16315723412281194,-0.18455596499291288,-0.3647949167319399,-0.39494430527314467,-0.35617897733237147,-0.317439940793721,0.10983753069545966,-0.17802213591637547,-0.2580365350354478,-0.17472478652282922,-0.17402830993808105,-0.4358069550803687,-0.012513553416034957,-0.26375666146394044,-0.28741092317700523,-0.3378872078225606,-0.1984677605299374,-0.007949865068709885,0.3360136034758509,0.3772084193563027,-0.36590027269360154,-0.06081894332635225,-0.3789917737883003,-0.3919249450993812,-0.28985823019741125,-0.16462633373053176,-0.22153844794203217
0.2951443217026264,-0.1563619217601972,-0.03702164058623189,-0.13074940177678238,-0.17263378998756698,-0.14133315747361194,0.18931252260614226,0.03859668280058587,0.06261387436726365,-0.03405398511168068,-0.1481217340340317,-0.08214827397335629,-0.11143964012285487,0.2230641790752958,-0.0020682692267604426,0.374392276192041,0.17778299459549443,0.21428723609990924,0.272374189338586,0.26650290663775716,0.22005134533988835,0.020574107598698366,0.08662557418232254,-0.0522095555477302,-0.4097540076031633,0.023749774266234737,0.16383626659625175,0.2611026025182784,0.11707220618892979,0.11402797999968574,0.14757848248813524,-0.020441435976067717,0.1525436581480945,0.16193031168335184,-0.06476562459760678,0.3198605155902801,0.32633256953130935,0.051932769655008114,0.023164078559306363,0.03565035774537588,0.19431052546729813,-0.11672314957028113,-0.24125342694460677,0.35062047354625625,0.004406165364295198,0.14014285431443396,0.008876747081211406,0.09678840055754064,0.17224657386216152,0.4249241974944025,0.21918111603310256,0.08992594673142315,0.3603768166495936,0.051095374224051776,-0.05245579421108985,0.02968545351753702,0.0817167872837053,0.05277168561767286,-0.09546347829410906,-0.14737895755139663,-0.28007850746274804,-0.1767618931204576,-0.06094494743479938,-0.030703624765285997,0.04020786773280598,-0.1300396734249066,0.367196123075306,0.0604391532236762,0.03901282392726861,0.20981004620230398,0.11575662930629721,-0.5116084792770684,-0.11771272624903495,-0.043945800854254924,-0.21655422125228477,-0.007697420103271258,0.1100703918735605,0.016991758137415307,0.058187410950007755,-0.2451134141902192,-0.5501450530434769,0.21355101955237668,-0.4354780309221831,-0.7109376719783312,-0.003589736828326845,-0.8179473916538073,0.4794481978035141,0.15028240055490238,0.38085677413530733,0.21910235782042906,0.2435041389122524,-0.17574732861941605,-0.28169663895587543,0.10386460392688282,-0.43444696685854967,0.47225208707979877,0.11932026599506053,0.36458115790721807,0.2714720321379685,0.8142875709373066
0.3858895495008172,0.10712286833711582,0.21650361970614018,0.25700346632371984,0.1062298207083229,0.1582378492541216,0.39377093564714777,0.5235866337522743,0.35459830974476414,-0.2861454336602355,0.13332287260954798,0.038981910003859734,0.13985201202710998,0.5217690458119865,0.444643961310737,0.46033071953563914,0.49089174114048517,0.5566785632837205,0.5420640987162081,0.46665394883387834,0.5355052160580731,0.3118686502596245,0.40372578409928467,0.36361047119239825,-0.11763243925052055,0.4918497109039719,0.4654825489340666,0.49270036481315754,0.48370244789269035,0.34770887007218454,0.37417511851726154,0.0821152658024066,0.23007957170543042,0.523529591975532,0.2911468733514208,0.4838299251349342,0.391665900836103,0.10526071205638364,0.07397262323038512,0.09647212615519021,0.37535234940976414,0.29493924659141063,0.14965804745217284,0.5125496314178983,0.377099561465778,0.39705554711146174,0.27801872138141587,0.29504224150057434,0.22611235423220657,0.41085665745093725,0.3355960509003959,0.3360942767094632,0.4819931302631712,0.366010545120241,0.23749789908778174,0.29177272952164585,0.5162612854073796,0.39833559709611593,-0.3531164133536177,0.2614853190908426,-0.04770107554720907,0.07923927003488736,0.24507439306119663,0.33996072639665087,0.4235078710365078,0.3540133579657894,0.5193284125659245,0.41756375745577473,0.5605032711321547,0.5149507434454382,0.4665505243296389,0.1887932946174108,0.4714181784651923,-0.22081773055458048,0.144346890963324,0.40454503478242143,0.4798503346810751,0.4358885910831526,0.41524800129743356,-0.16341910168381535,-0.0189159472612408,0.3752338564470202,0.10596840458993566,-0.0420933035985963,0.4889968524466436,-0.25950197962334465,0.4736421879363488,0.3519582543819221,0.5086602871269824,0.2566014300832686,0.12833470270073943,-0.4048608281213033,-0.5031699604937817,0.47191694622228864,-0.10598700668474284,0.5919051761610552,0.501255608013595,0.4749733202079884,0.319192607045102,0.5122948805600562
-0.07652785323886566,0.251987265120049,0.18737524240842338,0.30862072118892686,0.26759610551988944,0.26629686844341705,0.04326503416774301,0.26840639126582005,0.157824646936588,-0.10796540703430364,0.24888477134064643,0.13484874189705492,0.224497364394896,0.07176383075074654,0.2729858688772451,-0.11861177831837856,0.10025578460464536,0.09339656464585552,0.029041479356360204,-0.00962424453711213,0.0737914526271011,0.17555246850304373,0.15566687575635743,0.26510089151867094,0.3657714810080106,0.2585726429533125,0.1106108619144064,0.017310046338665425,0.16240239379051966,0.09804440809662604,0.07805380891830897,0.08785596507289609,-0.009928646673515883,0.1381132053174727,0.25634573557680307,-0.0453744213844338,-0.10413944254734384,0.028703531258809808,0.04204262189026367,0.042308422708277435,0.025917236377671078,0.3137928540886098,0.3643511382413351,-0.06437090999569459,0.2321932910144457,0.09754130041933318,0.16931826933027314,0.08666484647324202,-0.02874819208570507,-0.19729894846174648,-0.021454717404292546,0.11829761332175447,-0.09704690614701345,0.17922071897842484,0.21424908147188412,0.15866318204836216,0.219370588620858,0.19219520572249635,-0.10019004030127972,0.3243595593792057,0.29706013229276756,0.258444134807424,0.22664586036589207,0.24599127633114606,0.21544116278071418,0.36121971802300723,-0.08257209871035327,0.18801258769943194,0.2725174927183417,0.06408723823370822,0.14240553868620165,0.6549763341413966,0.4063919294183885,-0.08707316470766037,0.31606180184981436,0.23750805411008952,0.16148934616562544,0.24352591999305337,0.19358935768801852,0.18659399598344215,0.5484783572341757,-0.0016277487154251085,0.5393629839812569,0.7179611726776736,0.2833103595286884,0.7098219646714136,-0.22526296891898684,0.03496759839455564,-0.1055020753968786,-0.09910698461419025,-0.16446096096764048,-0.029393128845409358,0.018465877547198525,0.1704121995166494,0.38346747410538295,-0.15438222399246815,0.17213225026899373,-0.10012437040185546,-0.0828952292665631,-0.5650270471095898
-0.5082755124952049,-0.42188045145807596,-0.5237003776880998,-0.6939905824834479,-0.4453315912142804,-0.5199373286062718,-0.6389959798454151,-1.0493335928225784,-0.6963671363783976,0.5676499903253135,-0.39782489223945594,-0.19076477188538526,-0.4454353748966819,-0.8427683843291354,-0.9273491164551939,-0.5566023398036154,-0.8406821064281176,-0.9083422780609678,-0.833533390911629,-0.6554074646461088,-0.8504492367314463,-0.6551271805459953,-0.7629100466656534,-0.8197185602901086,-0.13719114258974682,-0.9807122312701809,-0.8129265906991767,-0.7512590647391678,-0.8865927814416067,-0.6266505629338455,-0.6229130281610601,-0.21631796667429518,-0.3534191069214817,-0.909500350668937,-0.6992050488119117,-0.6671420768755909,-0.47993361120442,-0.20066636757341047,-0.17451980916241874,-0.20123930906254744,-0.5976114278297764,-0.7525729960038627,-0.6048736371109488,-0.7016527646603801,-0.7968378883951571,-0.7034932903252821,-0.6017756208530021,-0.5454373645976542,-0.32544245968944574,-0.41992260463629993,-0.4712994233811168,-0.6174586637403168,-0.5915533651859067,-0.7088989213193972,-0.5864907057466637,-0.6085117198487027,-0.9938735728386114,-0.7917373576571399,0.6694764734467334,-0.6851901447364093,-0.24117429088345382,-0.3940269222389693,-0.6051148839165139,-0.761304914722359,-0.8389451674342904,-0.8847259995791623,-0.6925358042666689,-0.824618333810187,-1.1156802788088434,-0.8158250523169832,-0.8124398131632213,-0.9363315155328227,-1.1128987747595689,0.450646587060599,-0.5278833652608506,-0.8172473228408984,-0.85678323512658,-0.8871397225439388,-0.7980723350540375,0.05746338583185306,-0.5270154505643811,-0.5164923630275815,-0.6823313503364262,-0.652868797507223,-0.9770098305142734,-0.3177930539266028,-0.48127441471036625,-0.5191917828954995,-0.6187771393275532,-0.30007906847078863,-0.031839797755300575,0.6573836159858143,0.7416602706348138,-0.8703934760866421,-0.21435075876326865,-0.7198881085310682,-0.9217375579332727,-0.6174923151867446,-0.40585425069265335,-0.18724186163363854
-0.6592548045653246,-1.9313330121605417,-1.8510290403427838,-2.703371120362773,-2.0585920885382887,-2.2002265233463953,-1.4471915212082702,-3.2036065802411193,-2.0562358680957953,1.5846751141439894,-1.8062581295487405,-0.9681088981213413,-1.8631582156209792,-1.9306576714288537,-2.9820400046143942,-0.5477507511084315,-2.0762059642877446,-2.1456004071926995,-1.728184694304694,-1.2031747631845675,-1.941534784428145,-2.050275293158261,-2.161682814980276,-2.7890300126436207,-1.798761514935416,-3.0193728027158757,-2.0734274165626867,-1.5266973258093086,-2.4448306692313837,-1.6497157622737904,-1.5152065211464025,-0.8074064187691938,-0.6664838934143268,-2.349997682121489,-2.487695805205794,-1.088641740830978,-0.469912074592734,-0.53453725729948,-0.5535265367789539,-0.5974454211769288,-1.2878435440779459,-2.825466495117785,-2.78701932302084,-1.072189034392909,-2.559105004085693,-1.8017122089133613,-1.9257444025895365,-1.4555001003444497,-0.5276662044760766,0.04259867228869032,-0.8039415909731678,-1.7073373902595284,-0.6883074740193081,-2.140065062506232,-2.096973501459461,-1.8945719748563294,-2.8856476521335495,-2.3850687717739065,1.7633491816100213,-2.7153922832301256,-1.7986736289478402,-1.9176030527293018,-2.18076246029689,-2.5608443906954474,-2.5561563436645356,-3.293615892655252,-0.9897955264745609,-2.4305121117999193,-3.3565315205639052,-1.8387780066311301,-2.1692576850187253,-4.680511244762623,-3.931113145438012,1.2649700163084405,-2.4162090490521657,-2.5968175878681343,-2.370323131323123,-2.7769816628816857,-2.362777520716631,-0.7267992621410483,-3.432196791232801,-0.9523198246408346,-3.6594105867520446,-4.399307468476296,-3.0914689782674025,-3.7187046487907534,0.052677103988605416,-1.1080088068996095,-0.7095504500316847,-0.22384856345780832,0.6494859500307711,1.415705130591653,1.3315908809100094,-2.41509066938294,-2.088539856855974,-0.6995400934163729,-2.5432097112978496,-0.7686960075821184,-0.44360573963311606,2.1174732494952955
