b'7Networks_LH_Vis_1',b'7Networks_LH_Vis_2',b'7Networks_LH_Vis_3',b'7Networks_LH_Vis_4',b'7Networks_LH_Vis_5',b'7Networks_LH_Vis_6',b'7Networks_LH_Vis_7',b'7Networks_LH_Vis_8',b'7Networks_LH_Vis_9',b'7Networks_LH_SomMot_1',b'7Networks_LH_SomMot_2',b'7Networks_LH_SomMot_3',b'7Networks_LH_SomMot_4',b'7Networks_LH_SomMot_5',b'7Networks_LH_SomMot_6',b'7Networks_LH_DorsAttn_Post_1',b'7Networks_LH_DorsAttn_Post_2',b'7Networks_LH_DorsAttn_Post_3',b'7Networks_LH_DorsAttn_Post_4',b'7Networks_LH_DorsAttn_Post_5',b'7Networks_LH_DorsAttn_Post_6',b'7Networks_LH_DorsAttn_PrCv_1',b'7Networks_LH_DorsAttn_FEF_1',b'7Networks_LH_SalVentAttn_ParOper_1',b'7Networks_LH_SalVentAttn_FrOperIns_1',b'7Networks_LH_SalVentAttn_FrOperIns_2',b'7Networks_LH_SalVentAttn_PFCl_1',b'7Networks_LH_SalVentAttn_Med_1',b'7Networks_LH_SalVentAttn_Med_2',b'7Networks_LH_SalVentAttn_Med_3',b'7Networks_LH_Limbic_OFC_1',b'7Networks_LH_Limbic_TempPole_1',b'7Networks_LH_Limbic_TempPole_2',b'7Networks_LH_Cont_Par_1',b'7Networks_LH_Cont_PFCl_1',b'7Networks_LH_Cont_pCun_1',b'7Networks_LH_Cont_Cing_1',b'7Networks_LH_Default_Temp_1',b'7Networks_LH_Default_Temp_2',b'7Networks_LH_Default_Par_1',b'7Networks_LH_Default_Par_2',b'7Networks_LH_Default_PFC_1',b'7Networks_LH_Default_PFC_2',b'7Networks_LH_Default_PFC_3',b'7Networks_LH_Default_PFC_4',b'7Networks_LH_Default_PFC_5',b'7Networks_LH_Default_PFC_6',b'7Networks_LH_Default_PFC_7',b'7Networks_LH_Default_pCunPCC_1',b'7Networks_LH_Default_pCunPCC_2',b'7Networks_RH_Vis_1',b'7Networks_RH_Vis_2',b'7Networks_RH_Vis_3',b'7Networks_RH_Vis_4',b'7Networks_RH_Vis_5',b'7Networks_RH_Vis_6',b'7Networks_RH_Vis_7',b'7Networks_RH_Vis_8',b'7Networks_RH_SomMot_1',b'7Networks_RH_SomMot_2',b'7Networks_RH_SomMot_3',b'7Networks_RH_SomMot_4',b'7Networks_RH_SomMot_5',b'7Networks_RH_SomMot_6',b'7Networks_RH_SomMot_7',b'7Networks_RH_SomMot_8',b'7Networks_RH_DorsAttn_Post_1',b'7Networks_RH_DorsAttn_Post_2',b'7Networks_RH_DorsAttn_Post_3',b'7Networks_RH_DorsAttn_Post_4',b'7Networks_RH_DorsAttn_Post_5',b'7Networks_RH_DorsAttn_PrCv_1',b'7Networks_RH_DorsAttn_FEF_1',b'7Networks_RH_SalVentAttn_TempOccPar_1',b'7Networks_RH_SalVentAttn_TempOccPar_2',b'7Networks_RH_SalVentAttn_FrOperIns_1',b'7Networks_RH_SalVentAttn_Med_1',b'7Networks_RH_SalVentAttn_Med_2',b'7Networks_RH_Limbic_OFC_1',b'7Networks_RH_Limbic_TempPole_1',b'7Networks_RH_Cont_Par_1',b'7Networks_RH_Cont_Par_2',b'7Networks_RH_Cont_PFCl_1',b'7Networks_RH_Cont_PFCl_2',b'7Networks_RH_Cont_PFCl_3',b'7Networks_RH_Cont_PFCl_4',b'7Networks_RH_Cont_Cing_1',b'7Networks_RH_Cont_PFCmp_1',b'7Networks_RH_Cont_pCun_1',b'7Networks_RH_Default_Par_1',b'7Networks_RH_Default_Temp_1',b'7Networks_RH_Default_Temp_2',b'7Networks_RH_Default_Temp_3',b'7Networks_RH_Default_PFCv_1',b'7Networks_RH_Default_PFCv_2',b'7Networks_RH_Default_PFCdPFCm_1',b'7Networks_RH_Default_PFCdPFCm_2',b'7Networks_RH_Default_PFCdPFCm_3',b'7Networks_RH_Default_pCunPCC_1',b'7Networks_RH_Default_pCunPCC_2'
-1.469137930277802,-1.5961948867458873,-1.4412466274667022,-1.6182176731629916,-1.4946798623222022,-1.458552429086446,0.9058560912235919,-1.8005834293697962,-1.4648679099854012,-1.448675881012703,-1.4281406967619668,-1.4802850560560044,-1.3129805431165713,-1.4457975836104766,-1.4720641652268034,0.5566578953042606,-1.435972931576104,-1.8477785798745177,-1.4431775879235607,-1.4499728347177017,-1.4934630699842235,-1.086408725111427,-1.3894671646228571,-1.5173376585695977,-1.2950019475675894,-1.5076535731537761,-1.3697822808515858,-1.6134524644646453,-1.5024444901215397,-1.500592929514826,1.1380045602644946,1.4195152835377787,1.322576007822365,-1.8096161210961592,-1.442531826313006,-1.4467691853730886,1.1622075751709668,-1.1496946393259242,-1.208823962838228,-0.8536233534124259,-1.4322779980384568,-0.5014767935162304,-1.381922611353401,-1.0955245767189645,-1.4054563307620267,-1.2766646801452055,-1.396865484372373,-1.2794400089886788,-1.4809096620553315,-0.32775337140503663,-0.5345814983549392,-1.6023864811031971,0.22767017262885259,-1.6425061091862372,-1.4461584943061385,-1.5153137934100034,0.09621403580242073,-1.5523825929968942,-1.5150821557833358,-1.4691418710283393,-1.4668724994430467,-1.395944529474247,-1.3503746441917721,-1.4185799503218655,-1.4883632121477035,-1.4713873263908481,1.2995682065307819,-1.4106684723195968,-1.5860427876851346,-1.6140557905362258,-1.5804398506546746,-1.4636529880614115,-1.43657643996667,1.4175331998287752,-1.505137380803871,-1.4936662455527447,-1.589513370972049,-1.4962523441461024,-0.9458151461615177,-1.030589739081561,-1.609217365470585,-1.3028618617045458,-1.3561532330989892,-1.4534255028995349,-1.3745431209054535,-1.4571629786186184,1.132840047295802,-1.4372110258789987,-1.376292581166843,1.3392759571978274,1.2032758415927918,-1.0265092670274896,1.1644898571163447,0.16319842352716465,1.3537784577252072,-0.8811442605351277,0.4512490239718388,-0.591159729681689,-1.4891785750871678,0.20269951320743027
2.5469273636556506,2.7273779456906357,2.317848994423666,3.7253006548325485,2.4907931915685393,2.370953413044966,-1.1919733371515022,3.201622157837442,2.385937545664245,2.2544142939189546,2.2640302087862065,2.405757641527532,1.990805004303206,2.297593940045446,2.4095936681185495,-0.44560213473420546,2.266477446288133,3.430637235534013,2.294499462869798,2.3757090019455567,2.4334328490031654,1.3219275981024505,2.208737139282672,2.4696794717910495,1.859394522055818,2.458191459215426,2.1657740010108326,2.7113218755234496,2.4288570064209303,2.4243900921248964,-1.8539884775963695,-2.3248264990361642,-1.939933282169965,3.690133210790828,2.2827845482305085,2.529838741153574,-1.6828061827470888,1.5584120180183827,1.6951884298451352,1.120263886495257,2.4379446675305445,0.0512945793011785,1.9711036777684396,1.3518446172162029,2.2372880828419834,1.8323602832066768,2.1329695170047946,1.9174735985990052,2.392318420427447,0.49406622200401884,1.259018238714895,2.7894634688934308,0.22251897436283688,2.9080152079807964,2.3637482640426963,2.535852599872591,0.4487815847649467,2.6116182145993037,2.4222294284034365,2.3349186011187393,2.3973054910347944,2.1562744554500397,2.1072903357150836,2.296306040009018,2.447910996095737,2.403518894284012,-1.867773925291699,2.224130858884124,2.61384255969282,2.7658422967488154,2.6769097238524724,2.3679647354341236,2.347944099598151,-2.1815584570624713,2.4459373349868976,2.4239091353749367,2.5892853721281486,2.4381021422620397,1.0508457256782908,0.9723789827650494,2.8461669869775927,2.3852962708829564,2.25138234874906,2.3334209566001705,2.182928928209443,2.631626255880455,-1.5739374208158043,2.400046680633561,2.4075682766928357,-2.030577314725494,-1.8661589052896566,1.2494522015692506,-2.5188554092304867,-1.1507272421193937,-2.3543289916348416,0.9461875238846945,-1.088395599614095,1.0920261321842903,2.4541808032591876,-0.5514613198495673
0.26383494451578815,0.3419979021987163,0.6032963226093031,-1.5132168087112399,0.456886633986213,0.5702654501083424,-0.8847547237036996,0.1835431758051668,0.5762998963664635,0.7322996206161326,0.648167462617601,0.5660261564868698,0.7405901238347534,0.64337249565358,0.5446845314554378,-1.1110446017197722,0.6758464469721253,-0.08510546815178788,0.6391953221851929,0.5303415801536469,0.5801897625996515,1.2203321635276858,0.611508537893818,0.5935878556866608,0.9180079367214524,0.5639358131514132,0.6361452586856838,0.45647583005495795,0.6101474287621412,0.5964036541991665,-0.415000743132385,-0.47245427746831437,-0.8755167516021193,-0.6959454410385889,0.653908463566523,0.26180104954286176,-0.78710118707201,0.9935581977015833,0.9190641152024285,0.6435784437807308,0.3354653883552962,1.5834162772260643,1.005832538566712,1.2816162038982815,0.6347841557479743,0.9567262293547567,0.7576409951296862,0.8182470188734821,0.5985554011217993,0.28711581852697204,-0.680715235970438,0.22883019801434532,-1.2498166493268952,0.18907361293027145,0.5392687880327561,0.45887892369275035,-1.1735116412189914,0.4552794308560226,0.6369459147266223,0.6621494820506354,0.5176456479363203,0.732928516096873,0.6720542239111893,0.5421609880322958,0.5223962545396438,0.5450884431584097,-0.9582917257040443,0.6609794922649497,0.5165267378167875,0.35180626337671417,0.41975670365047907,0.5598878992962296,0.5144696529375454,-0.7761935994211735,0.5575678302423311,0.5871171712835757,0.5903698390627701,0.550563563308394,1.2887982206797801,1.7921602350143515,0.13829960885151818,0.05201744248947487,0.4672826656634779,0.6031966446468521,0.6192136680423956,0.06980693328114687,-0.8941586795946647,0.4805353634559642,0.24615945553256394,-0.7481506044934881,-0.5721117645838459,1.0964360624139435,0.6226842281055188,1.662761218756743,-0.20162421205717435,1.326393821320529,0.6037549857108642,0.05668171633216596,0.5116005931581533,0.44484256749046
-1.5005034514205169,-1.5716816743611859,-1.3850464014159014,-2.016511242911845,-1.4752159407597427,-1.4313896414398946,0.7330791565352185,-1.9075362274663885,-1.466012933315514,-1.3235627587805256,-1.3314466544410772,-1.4242284656036714,-1.1276126931591182,-1.3457014335902375,-1.4559182230398193,0.35771620949516786,-1.3448171338623705,-2.0356421918538623,-1.3417774645790805,-1.4316119891014203,-1.482642563549052,-0.7468915362110427,-1.2846734912480238,-1.510500810138388,-1.0371182404017087,-1.4598334778391926,-1.2848479325136375,-1.623084841423665,-1.4634895142461968,-1.4294833878112811,1.0682207941521906,1.3017899716247274,1.1052746086319993,-2.1797469813765633,-1.3287639312124953,-1.5829779521121516,0.9119828443994998,-0.8858663005792652,-0.9206741524208161,-0.32995232488966597,-1.439769497738481,0.009050646043007428,-1.1157139961683658,-0.9511969735039364,-1.346994251276734,-1.134066107629129,-1.2062933360027475,-1.2011380071371205,-1.4297062208208107,-0.49143347751636296,-0.42036296036001275,-1.568179331635829,-0.014516442223338635,-1.7293848032997792,-1.4219307281500937,-1.531868230616922,-0.24042792521803016,-1.5982785866904146,-1.405455154683015,-1.388520247966857,-1.3806222631211,-1.2579825784390966,-1.2347597046708163,-1.3247292689760175,-1.465243150589463,-1.4340995379480517,1.1190162884031443,-1.305772241482146,-1.4996232008483736,-1.6361357706235828,-1.6200856223284472,-1.3629863305376977,-1.3683961746827802,1.3067735005424037,-1.41462617494926,-1.4557077615126706,-1.523345228149767,-1.4258503831265368,-0.692603932228769,-0.7783946581309898,-1.5836306977263415,-1.5149832074415666,-1.406558475512559,-1.3682196125313435,-1.288812111390284,-1.5577314028301616,0.8592634056161661,-1.53107140807524,-1.502836301826036,1.1300062282163548,0.9907343309371693,-0.6053031058893045,1.652578021832883,0.5002039483152024,1.3286529802448293,-0.7547687229699999,0.39300661471926857,-0.8084808275062663,-1.4659667627565445,0.09034439352670444
-0.9030953512564689,-1.040062531797295,-1.2493893234173543,0.9000344415577289,-1.1156404120285417,-1.2206787980634888,1.3194815346163802,-0.9726458023692801,-1.2294186841883707,-1.3857217078008497,-1.2925458626842448,-1.227413883317033,-1.3434184640326727,-1.2964040349807053,-1.1976137298002232,1.3922324437384472,-1.3246552042699873,-0.7064134538631823,-1.2916240918557491,-1.172861059230029,-1.2489170147057418,-1.7673127810907487,-1.232557228391034,-1.2715296605293018,-1.5171006107901677,-1.237825501652538,-1.2482497591046913,-1.1637841552621409,-1.2813246714669577,-1.2642040934847958,0.9202887800136932,1.0987186527583563,1.494458750323254,-0.07776294635226288,-1.3014633432990124,-0.8880587752193092,1.326085972765481,-1.5209221043290075,-1.4735173693538517,-0.9949652632536148,-0.9465160922856911,-1.8837535532273961,-1.6361041297002674,-1.8082427304133888,-1.2648440975332607,-1.5366485264044467,-1.38497603318977,-1.3982689149067862,-1.257702020496104,-0.42411242669681193,0.48532845056996204,-0.9258878103479364,1.4130716913443446,-0.9001229547431319,-1.1826377933308907,-1.1298450632848627,1.2618440733295821,-1.1452260922259154,-1.313175774934103,-1.3208107377423794,-1.1696145292334228,-1.367291432339114,-1.2790953010081112,-1.1711781774570647,-1.1819305856313949,-1.1986117328458652,1.567197021741912,-1.2956156611966607,-1.2292404558001113,-1.0601044830209998,-1.1154661656454508,-1.2105953288951126,-1.1526632306657179,1.420349640463851,-1.2239627261266839,-1.2536064683953532,-1.3029377349569067,-1.2142050107366487,-1.7522778931016747,-2.318737031674062,-0.8353255671752337,-0.6086071895641398,-1.0707807772635127,-1.256432132424623,-1.2391744420342803,-0.6945828065091859,1.4229739536654216,-1.1107450868909152,-0.8413429688943447,1.3598660291050801,1.1141983976097778,-1.5712791005217148,-0.12511723512201442,-1.6855684804645865,0.7862831092669131,-1.759639724005721,-0.4329039682371437,-0.2948860576311298,-1.167973012459855,-0.37518716053521756
0.514383386972459,0.44168084704914223,0.2949677756783596,1.4715861002889512,0.39896315716690384,0.35452861725693074,0.13032938651216858,0.7706192662702417,0.40389276483192993,0.15252742414663517,0.2069190536863402,0.3074628066349956,-0.011163539417964923,0.21532456263192748,0.3801121470932231,0.3342106464569701,0.22260640961610437,0.9662131616302019,0.21544032589657694,0.37495832282238234,0.39543524040865047,-0.4151737157107597,0.19481282527395963,0.40437505849042066,-0.1521115791350587,0.3382665281527643,0.21704509946396366,0.48566822431640283,0.3405811874370648,0.28768122179735833,-0.20787773677432742,-0.20748206401875438,0.06146016968929813,1.3628868761846304,0.1887951011683963,0.6777648922839421,0.15533644604081898,-0.22578929638357842,-0.2372520487956778,-0.7323802209003502,0.4427223705872373,-0.9767602478383013,-0.1574710771175401,-0.0926237797106643,0.2724899933464355,0.027457129552420967,0.02131776405587502,0.1710407210159772,0.31688821271268275,0.3365589786103435,0.09265325928385726,0.4460587354712821,0.5434426979404675,0.6731457889918736,0.36027828769712184,0.4679938075372152,0.7288555317824961,0.531264538809924,0.21133361839659026,0.24805167023679212,0.2576855042171986,0.10816394962209261,0.14898410349034483,0.23235455238493552,0.3805016393686555,0.3451711475724673,0.022310913727434052,0.19349518945604252,0.31043054100130807,0.5290336686950567,0.5356609049602342,0.23537537928929145,0.28905980740671,-0.16632742900862466,0.2625892925378119,0.3444997120000878,0.3259446024045123,0.2961962005267613,-0.3387670485688534,-0.3832238563306554,0.4788366447318179,0.793275010147816,0.46817370446390755,0.24901116865394746,0.21893311305686478,0.6550450410082097,0.22348180892195948,0.5649161770439255,0.6399613227157289,0.02289905172626838,0.04612344093192072,-0.555126536461298,-1.3495598984501886,-0.9129964933002848,-0.38879390915801987,-0.1411337611941552,-0.16137212709363044,0.5622734731551275,0.3822738287218744,0.04262475479787293
0.9973404424281116,1.1011850652502766,1.2641307279633343,-0.3956144501611075,1.1698660541334707,1.259984596920948,-1.1945869091111379,1.1664511742495378,1.2890625085028595,1.3480493903334694,1.2791317776905882,1.2519413018561214,1.2606223825315657,1.2810863754808848,1.2451530333460998,-1.2019890154215465,1.3108772502388797,0.9764020377957892,1.2765712985756048,1.2197191248829093,1.3052463595677408,1.5479025007756162,1.2045143891750587,1.3418323700282393,1.3636426630549172,1.2681321589898795,1.233014981050836,1.2502372312315408,1.3138080689273155,1.270907008543233,-0.912375771157612,-1.0761349821921826,-1.377520972466387,0.5525946415091051,1.2740661898273764,1.0676156494617206,-1.1726746229614085,1.3308285720035795,1.283512509338352,0.6049892074527655,1.016494727757368,1.4758416393750529,1.4690269312914306,1.7055651261999305,1.2744465862578203,1.4510637940488842,1.2906693314320654,1.3722638202999728,1.2768652215168066,0.5501722065841989,-0.4967439616839938,0.989620564136748,-1.1790122349671484,1.0600247211447875,1.2244117218650508,1.2137630235744559,-0.9369772543248773,1.257138470613689,1.3016825982771478,1.3142619039500345,1.170630704842832,1.3187139816710594,1.237714588088234,1.1564682620925135,1.2281922307307631,1.2309112136101508,-1.4669659503164216,1.2690279993403906,1.2534314842237926,1.1610337628732843,1.2228759551812711,1.1938293225069307,1.1629639785427255,-1.3811110757826681,1.2212677598937187,1.2888532567342728,1.336153862616381,1.2240016317977753,1.5665102050258777,2.088726499001209,0.9187964776197712,0.8481276208303578,1.1734042346170088,1.25526968077259,1.2343759107679209,0.8569024298371961,-1.2385256081585738,1.2392760202518003,1.0094570255329334,-1.2453264391047512,-0.9890195114790692,1.2621771635008123,-0.33554267428916495,1.3756378837161787,-0.8330705925731835,1.6501324503101606,0.42305124181569215,0.4853006956271208,1.209466336417764,0.43772375905432453
0.34936085067794614,0.5511803891666829,0.6985584270794085,-1.15512735232661,0.5682429262410313,0.6316428052528338,-0.9463143716445265,0.23685744794108488,0.5787923219077001,0.9210629831560936,0.8227532719054236,0.7129937994521314,1.0665087812800726,0.8086225815822602,0.6048682148413881,-1.0346484870355712,0.8007247402028905,-0.03798248044928374,0.8017982016757254,0.5864739804239161,0.604465497789889,1.5279109216381563,0.7818331155604947,0.6251679298531604,1.2308150673451894,0.681058093603661,0.75227313691284,0.5470616573451395,0.6909267752546048,0.746142591885739,-0.544234210138006,-0.7431979897141926,-1.1227961732372516,-0.6711264686814286,0.8406512510040351,0.16056881710459417,-1.1021413258854267,1.243775809216282,1.2818420618191348,1.5880486610384168,0.44188535137762475,1.9498980889449857,1.3252899140026209,1.1565234132300974,0.7148156281505788,1.0204352325251764,1.0455006465935963,0.7990913889033642,0.6955909945875837,-0.10600136895360063,0.03905886869164472,0.5190559645885561,-1.1317738393143781,0.263521541406868,0.6082902653550779,0.5004320803334971,-1.2266000554450691,0.44975767724938864,0.8764640633402263,0.7955276807150738,0.7507367737886202,0.9515711748337967,0.8368631423631151,0.7395793614210416,0.6034007084170467,0.6437366901925294,-1.0876556460740365,0.8129621837492841,0.747574342154306,0.4574344266566383,0.4494864765106473,0.7660765404654021,0.6740317129017553,-0.8821316746681309,0.7676501223911262,0.672790926940885,0.7660209325854341,0.718513640486645,1.3756771046805552,1.5985979485521167,0.45969658675194836,-0.12356183268646549,0.41034564444464217,0.7632210181883774,0.7555369763816121,0.13327105725493021,-1.1936826792457351,0.3502872524105906,0.15697761600309992,-1.0490400643102995,-0.940070120839977,1.5914382960000342,1.0887698214292214,1.483362379531339,-0.40666967890589134,1.090817469170476,0.10419193528352541,-0.2939459712067061,0.5960033357322335,-0.026290196248965992
-0.5028311889898472,-0.4721588674672852,-0.5980310716807116,0.04961476395543275,-0.569393590001831,-0.6350111521727271,0.483361384250076,-0.6995933328208472,-0.6983863480309568,-0.5666313351615603,-0.5507218582886745,-0.5792179579350734,-0.42344442467680893,-0.5508492425251362,-0.6307214114052231,0.5228598895421819,-0.5878991856895758,-0.6571945146920206,-0.5509621457917431,-0.6226463526209817,-0.695184274407526,-0.5161823110957912,-0.4888628405389545,-0.7408779833823892,-0.4248637072550965,-0.6022785157041188,-0.549749415466774,-0.6541829844663014,-0.6496784722770446,-0.5644902667017918,0.3731559902412026,0.3774048454218219,0.48873122160849247,-0.6386832839389649,-0.528506849976894,-0.7366554967330524,0.31103664377132667,-0.3994056536592537,-0.3220020360005895,0.5074572520424965,-0.5042428899095308,-0.3281182399625491,-0.46312882706357394,-0.912735912492133,-0.6128727230525196,-0.6532226127270995,-0.43593738525567666,-0.6991338269326884,-0.6059809199932318,-0.6290851945953633,0.708066104110574,-0.37005641741266854,0.5310730799827141,-0.6068847497057026,-0.6122427734551806,-0.6547388816745026,0.21941023892279285,-0.7286632820452761,-0.5413998134299522,-0.5872358523840594,-0.4642354610498607,-0.527576025695353,-0.5044645428710277,-0.45747576340092605,-0.6098474945847517,-0.5896499803332924,0.6167568395344909,-0.5397948734276812,-0.5422353389648429,-0.5992801781058843,-0.6829813564481618,-0.46911886546811027,-0.5033225533471387,0.6132725580344008,-0.501373317355636,-0.6371172992720988,-0.6289341094743685,-0.5306960156490137,-0.6733776623947733,-1.03532892290817,-0.34050417349926976,-0.7082486265484198,-0.7156665694354067,-0.5512374127456203,-0.5588017932483061,-0.5032740004114622,0.32510763020973665,-0.7975935109203576,-0.6903051194435282,0.3742393856179368,0.17435892609890338,-0.16249299471126064,0.6956025214139074,-0.7011147820397367,0.3165766196649141,-0.9431051876547508,-0.5518370347724214,-0.5939558460827871,-0.5867171005347438,-0.60377547808856
-0.7618039349864675,-1.0063813236390065,-1.1715625429799588,0.901842952391933,-1.0423098066000498,-1.1245037768986097,1.2766562029528443,-0.7759641353338784,-1.0933873248929906,-1.421052199646608,-1.306196995023749,-1.2141787679699956,-1.543309140100298,-1.2693451373082567,-1.1032870085954707,1.34243674908933,-1.270838784059787,-0.4948194200967092,-1.2555843272044687,-1.0678767358593217,-1.1157465336485743,-1.9809956686289654,-1.2046476447552188,-1.193346223504136,-1.649379091876337,-1.1747550427689772,-1.199769449503629,-1.0911588799266134,-1.2067633859544966,-1.230348854837148,0.8502820725370295,1.1265126417964872,1.5379712225946174,0.14999286156636804,-1.3028175017479613,-0.688185225482796,1.420722079122965,-1.6314977335089602,-1.6642442656844587,-1.70172110481731,-0.9014034086829452,-2.2999936560288208,-1.8078909241454855,-1.75370836824729,-1.198598868683445,-1.530775751906381,-1.4947636197062477,-1.2925571252819006,-1.1831556871159066,-0.22623088923435633,0.10718987110201345,-0.9377479606461527,1.393143060079393,-0.7667914907003262,-1.089523665696986,-1.0029666289604575,1.342631462977786,-0.9834005173891313,-1.3969273151774528,-1.2874467304428172,-1.2099450049527438,-1.4416172774213554,-1.2742409607102991,-1.1614599773663554,-1.0898019358956597,-1.1244446223153508,1.5517592004103176,-1.2615646837393926,-1.2264194871255911,-0.9504445165219529,-0.9728120163362859,-1.1949565224511902,-1.1076321467508887,1.3570472071929018,-1.2355674305487399,-1.1811029317713466,-1.3100228223050518,-1.1867844837235024,-1.8976134986149913,-2.2217424441617593,-0.8709139644602105,-0.35463486855170157,-0.9167372914256895,-1.2274367477282693,-1.213829305038528,-0.5597531089010542,1.5160752415781094,-0.9081612330942883,-0.6554455600490772,1.4236055302278163,1.2114415829760377,-1.9107011610636282,-0.7992116794926932,-1.8390864431475875,0.727460507823629,-1.6587692856271197,-0.29158674061108714,-0.029715849126793738,-1.0709429133173265,-0.22401881021825173
-0.3031516917055903,-0.5201026787747909,-0.4300883284525708,0.1558340260640242,-0.38636261049847487,-0.35469755823128896,0.5071770410282632,-0.14580515473224423,-0.25992148277384985,-0.6108969642134718,-0.5635763061373378,-0.4805291602627537,-0.8289970305096271,-0.5472440562918963,-0.35301972780747976,0.39813655445924556,-0.5031389812145949,-0.01818672234773854,-0.5361537326971694,-0.32523101075860694,-0.28353292708678235,-0.9198911930561107,-0.5714288864096918,-0.260639795459101,-0.8883147204239478,-0.43977399487557417,-0.4802060864083041,-0.33424545021176333,-0.399901422908388,-0.5208382584754738,0.4122545179601995,0.6412313933110307,0.7651537127126622,0.416645760323792,-0.5860567315965085,0.07205197894868895,0.8575564471405106,-0.8787637977652855,-0.9992072863172232,-1.8783213940242918,-0.3353017622106914,-1.1810287428959392,-0.9605842707269959,-0.2946506136659681,-0.41468048868896373,-0.5311714210330896,-0.7997900654817295,-0.3289346968952655,-0.4341537207784056,0.5776336354945625,-0.9452662339098847,-0.6000544653598763,0.32474533329893013,-0.2014908383969679,-0.3580468906735516,-0.2656951462860818,0.6359140662786971,-0.17202161932196192,-0.6297485754916708,-0.5253285450113788,-0.6196124282149326,-0.6656661798880087,-0.5841355734893452,-0.5863087308749549,-0.37071137061359516,-0.41663131343331106,0.6073207841708005,-0.5467376504123964,-0.5472920057128444,-0.32570478407290127,-0.22643393946697218,-0.6097359247793973,-0.4999641112045278,0.5273523152844913,-0.593515377785479,-0.39437896065411804,-0.4895797153276592,-0.5327806404370584,-0.6250540014890679,-0.48143824932243534,-0.5800343940862992,0.29064343396498354,-0.08447751303343673,-0.5201608034903663,-0.47246306504633867,-0.15396597250665198,0.9033074794250885,-0.010359927107384264,0.053694401421592305,0.842372034525053,0.9360587374641571,-1.2786845505704063,-0.9343944989090751,-0.22274118222082903,0.4626951562925299,-0.13830060946228181,0.6478067663107183,0.5702218278487483,-0.3929877760626222,0.7081884915531451
0.4822617792613967,0.635983902533866,0.8334081801174976,-0.7183405054801609,0.7497418106872032,0.8403372801724507,-0.8567646689228136,0.5752886539503445,0.8603890078596437,1.0274165702502112,0.9307047405329881,0.892962272488418,1.098431939606833,0.862030247387458,0.8309204327482774,-1.0316635521378423,0.8850235917638866,0.3975172768430931,0.8458333115191318,0.7997491916118258,0.8545530560201797,1.4062997461217484,0.7855985554538086,1.015490722066657,1.0741911454099482,0.8463066254731875,0.8449012122498243,0.8607294794563201,0.907488253157998,0.8615134172282519,-0.49779481855272584,-0.6730984406101955,-0.9764902678924516,0.044776479168879016,0.8961027297808088,0.6907075640224809,-0.8166616664621583,1.0734374182528754,1.0567599642275756,0.800889548084666,0.7078008877213047,1.6776421561735095,1.2488307843842608,1.5664499377877017,0.8912072402572115,1.1942811469933403,1.0089435002917988,1.0366138864926526,0.854200711307519,0.6343854669355401,-0.5850513597643998,0.5290494280500037,-1.11515005261775,0.5835333385039473,0.8044849822243247,0.7676585830661307,-0.9013234090112235,0.7960162802832158,1.0284682727462593,0.9160078360496927,0.813843524837648,1.0328245609572009,0.8670902792055558,0.7478551235399952,0.7987747993290291,0.8102972288040727,-1.0868856179931223,0.855940687319334,0.8220443214007969,0.6748052669044551,0.762738033920884,0.7561142593836425,0.7321981291633327,-0.9451927877430449,0.8415611560231556,0.8870878424260169,0.9926113865300119,0.8122200369122164,1.5773997752801812,1.8575798097629352,0.48881743508463854,0.48173363822897947,0.807835726454519,0.8445299097715073,0.8705780973329115,0.41279275389723513,-0.8844238904822291,0.8602170373688932,0.6509167552567892,-0.8266966245542096,-0.571116087636165,1.1888709288160693,0.5352233496457741,1.77879459022282,-0.3517487157731737,1.5645477513582808,0.7528269966597803,0.38093801633251856,0.7643091097214921,0.7324677258551531
0.8926917798700764,1.2534750813078799,1.216060206960627,-0.29195730731698977,1.1274573538312413,1.1340636310544818,-1.2118735527738898,0.8124351018839695,1.0353362286164534,1.5305971124845077,1.4307602845904404,1.3233243021680814,1.8339318555520656,1.3644998113384184,1.1382544623855135,-1.1155697642052063,1.3241597606383662,0.5732599004929239,1.3378366793915324,1.0681344495615988,1.058770599430376,2.014367675773178,1.3457896645583745,1.1313063507846142,1.839853761294133,1.248193981335674,1.2616934321994364,1.1517149175001968,1.2354252006662931,1.353558978047893,-0.9347005104465953,-1.3451409660457476,-1.648651987805773,-0.13669933396435893,1.4246353760673984,0.5499823871014807,-1.6311343836288794,1.8065091747550457,1.948910918354093,2.7633337435333023,1.0279466912527937,2.3779661858874266,2.046550056034421,1.3823000613916814,1.2266371359878865,1.4970058703145255,1.729082681095912,1.1707767800938091,1.2381936827020155,-0.28862129237297607,0.9244851879396823,1.292042892941113,-1.0043426281547596,0.8515405471683408,1.1180390622947534,0.9999046835742972,-1.217024739962586,0.9118823113449697,1.5664324994353045,1.3852137038314531,1.4467776565894979,1.6057747462030711,1.4009514549677833,1.3478063436241303,1.1370919281899554,1.1983529239987678,-1.5139239336232735,1.3527915019205234,1.3531991215601098,1.037672022327516,0.9625717580725683,1.3917429131850616,1.2397614692021803,-1.380021927043285,1.425363750849199,1.2154906028648402,1.389637057171982,1.3403633988335957,1.7587538808177479,1.772117960625961,1.2403696590756297,0.15400697581056627,0.7818403199483834,1.3278927027615117,1.2662068019513815,0.6838420589771347,-1.7237665216166052,0.7565571850339887,0.5391832559591314,-1.6681290791108685,-1.6405595664480348,2.3023059641906833,1.1215554911243606,1.1736030203646988,-0.960582276416882,1.1573125002800757,-0.44069192656728534,-0.36212828351587967,1.1478319566905735,-0.49652129435408054
0.3565257571969974,0.40535479835584837,0.1754187754791909,0.6029456178733685,0.18230949811050695,0.09883513310321064,-0.157562260355137,0.2484091442152014,0.014167991319722231,0.11513726678055952,0.1661373057910544,0.1292146381868683,0.1396080431865911,0.25055279743407766,0.09850457192664062,0.20321709867456997,0.200428975876083,0.24376259560863708,0.26035800935554954,0.09629990781630483,0.059284028220832105,0.010163195839988315,0.3088589096763305,-0.16731633506160035,0.2899888548565273,0.1688586026343467,0.16851777999331843,0.043192772420777424,0.08386597576823179,0.21463073626022203,-0.3535267132970648,-0.42617126466553606,-0.346375530806932,0.09836375938583722,0.21934296291564004,-0.19621752261303066,-0.4799149579031487,0.23580728270092174,0.33344758481662723,0.83983448027095,0.048385939812556455,-0.23352248346109844,0.1630314860221124,-0.646360370824071,0.08479790527437407,-0.12782996092961185,0.23710052488302064,-0.13710955329901398,0.15332792494324018,-0.9726020046588147,1.2287956811090606,0.5391480508426837,0.3741573086162397,0.18657114793659008,0.12472969932483984,0.09462506590096234,0.04670872175782629,0.015952905222313664,0.09766968399702117,0.17536174449371153,0.2931686052457084,0.13864269158668327,0.2305061738126087,0.3359404911767801,0.1437153069136944,0.16856738335005325,-0.1275052175334999,0.24086203873147852,0.2945427099787569,0.23949064472110695,0.07553347042838868,0.3767110024848261,0.29724716591430506,-0.18780276564777035,0.2612496920693818,0.08810265896471642,0.05818011883761778,0.2566461335627605,-0.48960588842403535,-0.6107768668258334,0.5267084753832595,-0.2460967163030093,-0.14134396070273295,0.23273726242030476,0.13797911340319113,0.22830825977859243,-0.4658534181651436,-0.23947386455023287,-0.17147684964460333,-0.5143013065015528,-0.7442155895472621,0.34140305911688335,-0.30616368467008415,-1.2500999364041088,-0.5460233021186254,-0.8241983642211649,-1.2894701674139208,-0.6531887512449928,0.19084414233787209,-1.3004994817006184
-0.7628038362012382,-1.1416814958379926,-1.1852285089202161,0.45284810784176305,-1.1051883890351417,-1.1462451656489454,1.1115280161333208,-0.7590673534226381,-1.086293366398995,-1.5707906994355691,-1.4430568876364207,-1.3602116618760998,-1.954854515436387,-1.2955023747085777,-1.1693670786736126,1.2068664913184008,-1.2770183148173875,-0.5278787771913964,-1.2541676106572854,-1.070299734168223,-1.0762020659808558,-2.099991235136236,-1.2505005778805312,-1.3330504435714399,-1.7666727866842096,-1.2389212915725265,-1.2335791220271275,-1.241407014512164,-1.2757412884505588,-1.3341680021078741,0.7356317407326044,1.1649109864407179,1.5074610064724343,0.10304396003281982,-1.385077537744207,-0.7183468789443435,1.4011400102760705,-1.7563441171175933,-1.8709547873577064,-2.555430476739757,-1.1052362673072067,-2.659331120961864,-2.107534834482462,-1.806385236044148,-1.260446715577641,-1.6606451859342466,-1.7177462221523978,-1.3017052713698454,-1.2294772514355499,-0.24471442757202236,-0.4551608967663057,-1.1209910331587025,1.135156748940431,-0.832685037129516,-1.117341413848349,-1.0114024349484063,1.1762378513957827,-0.9599714179142603,-1.6466053495811388,-1.3841650727044914,-1.4110744076054211,-1.6619384523706822,-1.356984420216859,-1.245310131848202,-1.1337652420406947,-1.1884011530165755,1.4688169746309143,-1.2856167481309917,-1.2629406123971407,-0.9825027041613665,-0.9907408787131818,-1.276339652320996,-1.147861358173498,1.3308427203949003,-1.3930501470232508,-1.253236644568244,-1.4641085482137897,-1.2996159115194936,-2.173682835622264,-2.1682904087198103,-1.0765742048274403,-0.31812324105964945,-0.9120426383693113,-1.2774291703653218,-1.256744407100252,-0.6458183500091482,1.5107167481366057,-0.9807388745490914,-0.6925142017116138,1.4553214618300938,1.3317054710399552,-2.2487141457956605,-1.376503162123392,-1.896267382435711,0.6883732622596458,-1.6525545495192722,-0.22931271931076394,0.0050512993306538155,-1.1215480399610673,-0.17088648118123578
-1.169585070371068,-1.446107954640615,-1.2104938206087863,-0.4721646115051598,-1.146620660669436,-1.085307783576242,1.1435754509638343,-1.1041244693341572,-0.953561697768916,-1.3287607688989413,-1.3205240058612582,-1.222805923663816,-1.512324366137378,-1.3741573438014427,-1.0889510921838774,0.6740645246764276,-1.3050849079925053,-0.9200087134356203,-1.3679525346821337,-1.0301333623408342,-1.0220616741935267,-1.5265681827111608,-1.3979587752768527,-0.8261581569951439,-1.6639464707636538,-1.2266633322575442,-1.20608933908051,-1.0462422080147231,-1.1416737734362823,-1.3313672926160007,1.1231154085295358,1.4734117048225668,1.638674336376139,-0.3266671795152008,-1.3590957277996516,-0.4165674146409005,1.6952009845732607,-1.5583205338759545,-1.7317101961205479,-2.436737992228759,-0.8775954120587164,-1.4063390196894112,-1.663433244848335,-0.5207204902998555,-1.1193111189102414,-1.061965118079045,-1.5243847545817908,-0.8542500213292674,-1.1990472515262047,1.0540420258489278,-1.6941534870535315,-1.5799732033097165,0.4270118152825908,-0.9951017481950576,-1.0945186502878108,-1.0039230680048377,0.7654536154563109,-0.89351694978113,-1.3229057365076917,-1.315224580977388,-1.439520000814051,-1.3978470879697473,-1.3493755632051647,-1.4115420905085838,-1.127025534358111,-1.1869808897654184,1.3567364841813052,-1.3455426930822743,-1.4159244834993547,-1.1748938913118196,-0.9713544027864631,-1.501322185531692,-1.3239363994837419,1.338633198893354,-1.398743893701982,-1.127996116294007,-1.1965073199836325,-1.3551487365634087,-0.8613049926532435,-0.8689917159986639,-1.5152348197225172,-0.09713216917564522,-0.6249681831146152,-1.3309136268583845,-1.1819945398296297,-0.8916323851473016,1.743227964923051,-0.5357416538970775,-0.41501919244669366,1.7980493429156543,1.9500857024234102,-1.888227151588769,-0.03536337741940815,0.352607499007988,1.3404854038761143,-0.18685533439093216,1.517032519334655,0.753008430401353,-1.1743416174665962,1.5625255887989875
-0.13674934605689634,0.11584724401494896,0.2581375051588577,-0.6577991129214468,0.23714674497604116,0.3010651571778977,-0.16447968440040767,-0.09588827521857267,0.3144063042148855,0.626669527435441,0.5002695963938479,0.4833949413180604,1.0530881454341903,0.26818508717874157,0.3474723600885567,-0.6027384413901461,0.28623021187908987,-0.20079846876602414,0.2196277656685486,0.24969177820709065,0.24619730782907562,1.0743886528125244,0.22389478916272432,0.7269337388493659,0.599534806738021,0.3225215257818028,0.32043542567266486,0.48544044471049286,0.4195009022059201,0.3739002809508487,0.1938915431513998,-0.06799659884509086,-0.2971632060274952,-0.41418403615644167,0.38931895026451896,0.31288077047990986,-0.15361840500109736,0.661243703891354,0.6975173935604424,1.2334320481296503,0.4716720873291204,1.8846707798353355,1.0349481521132666,1.3855626151064262,0.42012151851612095,0.8966431962723542,0.6785375606104225,0.6168876478507016,0.322939564982064,0.8776194901708234,-0.3850199275971209,0.03174887333610735,-0.6466005508150517,0.05884089162777615,0.2692175570114016,0.2104067796447363,-0.509395477807037,0.21674409912401083,0.7492646488420633,0.4283447134018363,0.4197219244978983,0.716066070026068,0.37499489830021937,0.2179485492864251,0.2741211504456225,0.29939675587752884,-0.40156761217571796,0.27683869894224966,0.2087108873170824,0.08291007432787098,0.21617400272590998,0.20155709193743443,0.1606540488358938,-0.30604955148930263,0.4108260037025693,0.4067776106640423,0.6008931379964346,0.32725358418525574,1.6886862335834012,1.492442084281408,0.03408926603607279,0.09186599255918375,0.36104383565041703,0.2911396112250721,0.36065648786394455,-0.03658397748278902,-0.24599380332634652,0.5410888890113666,0.29302674437669207,-0.17232499757455982,-0.005963304865003515,1.0543001574968298,1.6830922478553598,2.189585663806357,0.3569182865128471,1.439024663642625,1.2137098884439834,0.3894717017296636,0.23464548190484086,1.1433748479740438
1.2591088111209485,1.6922556632086216,1.4976502291594334,0.2159597281272311,1.4055140065179528,1.375970886654307,-1.3737589503904537,1.276690513994784,1.2413768576617177,1.7945535352826893,1.7276858544814309,1.6131827107284082,2.2187380324164314,1.6895438339865056,1.404114822759907,-1.0227370198728798,1.6215397154953415,0.9966673311266081,1.6611933564373853,1.2821780433228183,1.295074592575509,2.2959115564710197,1.6826057427715206,1.2857836242811371,2.1505248977884937,1.5480517289703715,1.5079696164574732,1.4290891054309947,1.499388146536086,1.6882542141789632,-1.147702485621311,-1.6726905434172397,-2.005799611160865,0.2776111680602109,1.7119095540882814,0.624602004272818,-1.9715006682959118,2.04016571763344,2.2471859368574716,3.153675874426366,1.1618222843205972,2.5112627194175454,2.3599674363670364,1.2839763564207698,1.4643779219220545,1.6215495424618351,2.0057821047011903,1.2502719016375934,1.51097822430565,-0.7933611128121659,1.6870545469304792,1.7931017472946331,-0.7804031049314537,1.1616341367673741,1.3675049734843574,1.2451867413976538,-1.0245251681612957,1.1372357368201573,1.8414633415156265,1.6946577200079165,1.8166790424707264,1.921272678101301,1.692560971755948,1.6826929865644173,1.4076969109118875,1.4858036300517947,-1.7433454064063845,1.6526834649858482,1.715274766564737,1.3860424702394565,1.2172877803926083,1.7972048555064981,1.5709347427120255,-1.6785001813746565,1.7661659834999879,1.475331757182846,1.6342498673120243,1.6879693182842201,1.8304954324241738,1.7637003923531986,1.702959060614828,0.1566164772083742,0.8876170705226448,1.6483150211046798,1.500698935879497,0.9781719210227044,-2.0706600417048366,0.8913957939760374,0.6000633015759667,-2.128827143412243,-2.1852690768089924,2.5578871399807226,0.6947023669417662,0.6986570036404921,-1.324099199622128,0.9333517727956261,-1.1225182066172867,-0.6868420641545747,1.437380527100982,-1.2318028687437776
1.2269619226925672,1.1991207816454341,0.9655751517066199,0.8095910253909824,0.9079255222412572,0.8370520684163087,-1.0307816703721537,1.202755777709845,0.7447452007527247,0.7053255193244742,0.8026052041312887,0.7429169692221067,0.3582077441930248,1.0779280808343605,0.7792176823168153,-0.25896728740400426,1.0209261397231535,1.1217690973123486,1.121425075436001,0.8378355840638463,0.8686360558488999,0.494797961085382,1.099058577334418,0.23750844960057027,0.9727868978789764,0.90990901968312,0.8876563411240171,0.6094765036906397,0.7659944807105082,0.9221228799665686,-1.2623284826992185,-1.2822667064358442,-1.264391861854733,0.8277712348881701,0.938039950971725,0.3057355882894049,-1.390110046343226,0.8220534659249175,0.8893581170287296,0.5657625131763707,0.4181385978934409,-0.45114560288599803,0.5490931198296087,-0.4756238540470535,0.7357578524659758,0.2800609507965443,0.7554787337387835,0.38815718726283893,0.8910873621679332,-1.4132402136332347,1.299656905914847,1.3321279955592384,-0.08606382647267291,0.9449296686488802,0.861905472370455,0.857339184094661,-0.34387924301416106,0.7939352324682556,0.5615946833804821,0.8758920544613785,0.9217569700719727,0.6508535256556217,0.9298290206997736,1.0995875438955973,0.8736410243595842,0.8897856752889359,-1.0214107949656523,1.0409525701279518,1.1613009483210737,1.078712299601467,0.8274345976422178,1.1830784403015726,1.1033744249614563,-1.0507628382344156,0.9113970181504499,0.7631118749723692,0.6336179620032218,0.9688923988977239,-0.6147607905130742,-0.23398340898747444,1.260320373273258,0.2518491497983825,0.44087961994422314,1.010287491615036,0.8389645455914049,0.8887288024250132,-1.3417450658256331,0.19375499205846464,0.30139057842169137,-1.4521997033087841,-1.603886476094251,0.6103023050656525,-1.76601549047153,-1.9712960016217602,-1.5407374148487742,-0.7729466283691581,-2.091490251070997,-0.7564930813842317,0.9323453208878977,-2.0315570456719296
-0.3944846921365533,-0.8528151484435006,-0.7485177024611062,0.19334648104263188,-0.6837113307883804,-0.6876926197249154,0.5996264964842789,-0.4975066845847534,-0.6000606111940396,-1.178297403653685,-1.0659240990472745,-0.9856944132113753,-1.8750421049629455,-0.8926935467687445,-0.7554197810425567,0.6228821333328881,-0.8487352762462091,-0.24095857586024327,-0.842874084673353,-0.5860323058226301,-0.5984432796503306,-1.9252995528053072,-0.8741882679389207,-0.9081489271792265,-1.4039594799474346,-0.8336560050706384,-0.7922705995139563,-0.889390937951781,-0.8535731033165619,-0.9750966325316688,0.2366949715010817,0.7583028104262711,1.1255607219089794,0.20484194647549223,-0.970931458704835,-0.21133158873290567,1.0218675881338064,-1.3536660000096599,-1.5343081004264856,-2.6526312834235144,-0.6587085407320834,-2.6715687710224567,-1.8612347892529397,-1.297632652162326,-0.8277035544259123,-1.2207960991553444,-1.3450674389825346,-0.7722621755873936,-0.7965035300869591,0.23379588589787567,-1.1284879411838071,-0.8937387860064575,0.4851348942003014,-0.43543095312236313,-0.6658555142460447,-0.5492789177314314,0.5699772100951671,-0.4780239414006322,-1.3082062114344775,-0.9961937641261722,-1.1055379315051168,-1.3573962071909664,-0.9596820224677437,-0.8636433787202457,-0.7047279727351643,-0.7762498008372252,0.9655075852839367,-0.8665869565153925,-0.8876514979615208,-0.6000242678917043,-0.5431419003552242,-0.9647662741135199,-0.7595658748559514,0.8971428135472858,-1.0522464105969431,-0.8303107585468616,-1.0470731525275205,-0.9513187836864334,-2.036470800484886,-1.6619525304942646,-0.8198194913261997,0.22192626054189718,-0.40214935866190815,-0.8848560713640263,-0.8068743794315366,-0.2779459288942378,1.1474166364168512,-0.5665942306690431,-0.1789244823412691,1.1878652406803307,1.1652108589203425,-1.9915658233870766,-1.655306919851216,-1.6471400216756287,0.29394937587996356,-1.1081957791169954,0.10143718490413241,0.4885491296313557,-0.7025717344341396,0.3021605392258991
-1.6843600007114465,-1.9025279026863333,-1.6117105407959202,-0.7565733917634405,-1.494474439703069,-1.4325109893380708,1.633109293514163,-1.7516652698285466,-1.287898262099817,-1.5349851730100432,-1.5806992235727477,-1.4684593952650682,-1.4729857230937151,-1.8210788576863899,-1.3894093748317389,0.7326534166941431,-1.736495366281178,-1.502068291271006,-1.8461850384472687,-1.3752627431349207,-1.4358321570526846,-1.7611288945611667,-1.8108805955202005,-0.8402583077565434,-1.965318013665002,-1.5873045191791773,-1.5328054775602957,-1.2622133036453833,-1.4327020573049447,-1.6646396436658817,1.664553806316623,1.9641466799873062,2.174975545954013,-0.9319743169876595,-1.6904448335173232,-0.5516574360670748,2.2465658366767687,-1.7537228785992616,-1.9148671574491734,-1.9675049125445645,-0.8720673816504521,-0.9944642980584245,-1.7170778981395116,-0.2975516723697366,-1.3748600942602778,-1.072715516357532,-1.6592018532306427,-0.9601507813871109,-1.5465609238556306,1.7035650741561317,-1.9503855884733672,-2.0557856404481867,0.5007277437137911,-1.3987167994430545,-1.4431119792250091,-1.3815155972757451,0.7902684896904499,-1.2835075700628096,-1.4261536033521671,-1.6336245395772304,-1.719204108580629,-1.5574135993248706,-1.6640763420075106,-1.8009793645325702,-1.4716376987331308,-1.5261294764178843,1.84474537246249,-1.7584476420653277,-1.9172424405153112,-1.6524550494574566,-1.3420545970643631,-1.949644543096103,-1.7570498926634457,1.8112734702188513,-1.6801228928539915,-1.4168082017602952,-1.3848956810438644,-1.6998906414484911,-0.4830643519780306,-0.8069262811527954,-1.9154156630016783,-0.2529238850001699,-0.819064823821844,-1.725964402504277,-1.4872921906684762,-1.2053197469900383,2.2559321642611176,-0.6095247649142771,-0.5145143426195132,2.4095991723556898,2.506494017102417,-1.7909490313418475,1.2619642314455413,1.288941226745287,2.003411107441048,0.14841444403031967,2.4139344064569195,1.100570476489022,-1.5308930154639744,2.4305551378636534
-0.9425050871021676,-0.6050392641265876,-0.5810400131499405,-0.6410914688924555,-0.5764805711915268,-0.5449374838128745,0.7153912127047525,-0.8120286930726497,-0.5522820227818453,-0.10777624669958824,-0.24117341117552468,-0.25290157209330283,0.7407535224448836,-0.5459480827843314,-0.4398827817166259,0.1839155001211283,-0.548570274097381,-0.9396800911770683,-0.6084122102574128,-0.6186702641669798,-0.6310725579666902,0.6685855652158627,-0.5512648156131299,0.014153388335257306,-0.11507784563517871,-0.4759008969794541,-0.49159958556834216,-0.20641214661713186,-0.37548848214352964,-0.36781988049952224,1.1072915861612005,0.761850056563903,0.504747530372281,-0.9037921014055192,-0.40795826902716015,-0.5017602772053537,0.6361668516800577,-0.053674140361505376,0.04389176468205087,1.2596446571469266,-0.26465982234802005,1.941894557730067,0.5182887076492568,0.7476710752719743,-0.37000500271324266,0.2033212954998403,-0.026489522839310727,-0.20636765890555417,-0.49939769951933527,0.5239566940544598,0.1508679904224796,-0.637496070889776,0.16878198176900158,-0.7538884346477231,-0.5719914793162052,-0.6512570376158435,0.25733495799779293,-0.6664745099204741,0.09705368411467535,-0.3434457716636044,-0.26308889311244193,0.08774340120950122,-0.3957926964279085,-0.5668819497388887,-0.5438548177418377,-0.501749649310408,0.5038876641735818,-0.5420971242340292,-0.5942506770599645,-0.7280020168069982,-0.6289879984251033,-0.5192059280017635,-0.6363430054639906,0.5373930128128891,-0.3024114623538485,-0.3894564499865079,-0.16736206795892142,-0.4082523170361251,1.5358756930428912,0.806361847437283,-0.6509539673190211,-0.7444755294161177,-0.4729186397129808,-0.49866391238153046,-0.4569763852009512,-0.7901307873498041,0.5165065972781442,-0.149183373182861,-0.5208001860101539,0.526049970957054,0.5920637068489312,0.5957039121833737,2.5358193927010984,2.2618848875959188,1.2201236518932201,0.8356757917369766,1.223792438585941,-0.1124709419559639,-0.5805722326553528,0.9529261252014456
1.0675163284496414,1.4692677243348098,1.17882745331011,0.41613860546478665,1.0486709366357183,1.0077775500795882,-1.1764592707620076,1.2693418030740269,0.8583282554442992,1.3207145167087129,1.3027643540587428,1.1836427288920097,1.722376202550946,1.422924914078617,1.0082192290209377,-0.46751535211763745,1.3326008916228103,0.9314698885284459,1.4202569125392575,0.9062670439690534,0.9819592891580925,2.108594920588248,1.3909246004072713,0.64388185035589,1.7760512925810636,1.2014999459642128,1.1269047114253263,1.0023535127706764,1.0831058413101051,1.3283135562063328,-0.9891246554440022,-1.460164788914425,-1.8343931721689128,0.4793316554142792,1.3366791408066012,0.11163583022174123,-1.8447611397405694,1.5696727716660812,1.781867682090732,2.3825230263681605,0.5077236676253281,1.9033933478035219,1.8501241520349847,0.5060115085343998,1.015737801998174,0.9896816850986859,1.470235108131167,0.6664881670801222,1.1437399782794906,-1.6418951239964548,2.079163467829943,1.6064870281607722,-0.2904195736126623,0.8697330399373866,1.0015423987519245,0.905907216179825,-0.5212849054615657,0.8067845535700175,1.3062748207261503,1.31231804238653,1.434439335454709,1.4488105977422778,1.3079450775001986,1.3677581462814887,1.0419954447484983,1.118443039593254,-1.5019624327540244,1.3504438631532407,1.5116543017267572,1.1558763635580531,0.876260562380297,1.5568428739183249,1.2966299102800518,-1.430431625377054,1.3661618616494393,1.0627549091191901,1.1344973817713226,1.3439947396885807,1.140920030403664,1.0765607651806208,1.4243810712540483,-0.3035184848488223,0.40144822155350585,1.3321142653315687,1.094817420178992,0.61775865496518,-1.9092566920881437,0.34760558694274096,0.046627655403485596,-2.0902537265195713,-2.1174032843659187,1.8862963173540328,-0.06710824948210767,-0.2967936289146532,-1.2945020086082633,0.09329880620226635,-1.9388578289045038,-1.36619611990077,1.079921708021081,-2.1068781244295494
1.8806762506343153,1.7808962712831498,1.6147090704844513,0.9206560046460512,1.5287890624830967,1.4815421179932853,-1.7180998421250062,1.8307711789090682,1.4042138591240594,1.216461224314991,1.338198853358552,1.2767619023705241,0.5117999563773966,1.7151880443341452,1.3622652095478494,-0.753969893030773,1.6706861086077014,1.7724253183104244,1.774989646680247,1.4982746501600315,1.5518920629629473,0.7997431185807361,1.6879406659355665,0.7073320921354199,1.479374631739215,1.5172396356921616,1.4844369013989578,1.1006011418821204,1.3522673245807277,1.4693472235573815,-2.016588633528177,-1.9515538049511143,-1.9184252968343727,1.3692290986128675,1.5345531975018039,0.893284111291116,-2.0349976117418667,1.2923246418589014,1.3133794210487892,0.3013987235231254,0.9022984488790081,-0.7115253379265959,0.8632151061766392,-0.15256120075655094,1.303129826982956,0.692640007190082,1.2333126498890554,0.9445539904225247,1.51356732614339,-1.3433358564641,0.9689104193126654,1.883360795312096,-0.6267532310367787,1.594455413620084,1.504082724324161,1.5289203180797892,-0.8602187545352624,1.4900311207150012,0.9907959881903496,1.4524941239697373,1.4228366548488147,1.0696402985610336,1.4931086197938197,1.7009195060785818,1.4940045084514744,1.4949226225825485,-1.738031200833468,1.6699963244513873,1.8123939747945454,1.7313784967277253,1.4854142217852948,1.7369946680753252,1.721159457327755,-1.7133226172127776,1.4256055923246225,1.3549545584827787,1.1893323396907836,1.5151887698830242,-0.6960928368501729,0.1497679205407885,1.8020022763558825,0.8775963434798447,1.0411536036790983,1.609239517919318,1.4373731468472273,1.4638492195675563,-1.9540665615893054,0.646799416741202,0.8790913017676201,-2.0432713435666967,-2.114377029716977,0.778877853096805,-2.780814835351088,-2.3811597185059354,-2.2956804227048893,-0.510776977754036,-2.3578735818256615,-0.512117167648701,1.5538970585595102,-2.107672782452893
0.3559407262751506,-0.09075524614241183,0.12302888379670322,0.1441139423315406,0.21069999098236375,0.22477014680184548,-0.11534319844808001,0.06149804277643109,0.32811064465205375,-0.20659443385358153,-0.12947183639803578,-0.051916436177096764,-1.0578487865292792,-0.07430570373087508,0.1644805988772034,-0.33545567605366905,-0.005319087592346703,0.3710719203776414,-0.043091770066742044,0.33781704735425744,0.27530798928913564,-1.4140442386819785,-0.04607848892911091,0.20652048178393925,-0.5327999218371912,0.0546632255422309,0.11652880520407355,0.015584112589614639,0.09625881584535631,-0.09122608762257724,-0.47341023493704365,-0.004245523128076789,0.39270044751013383,0.41378853912627556,-0.06259809813988415,0.7810302654632838,0.3638931625980856,-0.4163918667446859,-0.6115303033868453,-1.7562975530809461,0.45623900121903976,-2.0028048934118274,-0.9564640800543995,-0.17575115012699605,0.14316263537809185,-0.15432100426883757,-0.3276969658957972,0.2997756814275544,0.11419602544887193,1.1365841033614157,-1.5579660833881146,-0.17374101763032496,-0.37071466670769837,0.40623256210168807,0.24442926792775116,0.34355416523685967,-0.2752759856794339,0.4131680681851173,-0.31265179331270276,-0.08336630025511681,-0.2240558054471425,-0.4282034008591038,-0.05382544683968725,-0.010334010551644564,0.20155017201120387,0.12808868175020757,0.16435044350681247,-0.018191851084342132,-0.1247452616382493,0.1909521601992893,0.3494638962868622,-0.19401116674114138,0.05940767663328533,0.09298153411530385,-0.14320227982445785,0.11072166303404882,-0.030522324997104534,-0.08585189620735141,-1.1911440454604372,-0.5634214742317275,-0.0026007070701563697,1.1445896351290847,0.5856137024887137,-0.024583919090768045,0.12975060284411236,0.6025587494413917,0.4621858591093916,0.41836358293851283,0.8543677524032363,0.627354940800818,0.5918910970709431,-0.9642467649821038,-1.4683310393950766,-0.7680231581136628,-0.303585325655683,0.019346425918706767,0.7308990980020025,1.3511874606869003,0.20080417136164644,1.072190457699943
-1.7377860449839393,-1.911789399579969,-1.632154771317311,-0.842635282416509,-1.4882900313276628,-1.4398285228898378,1.725617117520677,-1.8607184019336633,-1.30460484962672,-1.417136396276031,-1.495149955132373,-1.3865596145214496,-1.194603341206288,-1.8464245557575958,-1.342475046490573,0.6100012779927192,-1.7647170014466298,-1.6299192792762802,-1.8871261875009138,-1.3896901956617884,-1.4824560565856022,-1.7363946819553016,-1.7850463494883937,-0.6830376526147156,-1.8690281991402895,-1.571190636968243,-1.4888367516908951,-1.1546312453043361,-1.3822516673572078,-1.5937374006643201,1.8300959569064634,2.038450206299616,2.261615756380774,-1.2093000983328226,-1.6606135135188695,-0.512901520605206,2.341811278966099,-1.5977381168881228,-1.733275987774333,-1.301452722931307,-0.7140191478730143,-0.47807280816839376,-1.5058524444004062,-0.018844571908525797,-1.2978078745558776,-0.8396301528990076,-1.5152248224276241,-0.8547522029222352,-1.5348037087356854,2.002291064351419,-1.848039342879241,-2.0603866197122294,0.4826237060267966,-1.4405460259122003,-1.450251247310327,-1.4209096256011362,0.7979561770515741,-1.3478786990518026,-1.2474661003648915,-1.5901524288540656,-1.627997173776606,-1.3866282737799362,-1.5992884521624908,-1.7868150237147706,-1.4601313675443508,-1.5030544113069773,1.9429298240610966,-1.764928297366439,-1.98004517518006,-1.7004016341225805,-1.372210593819573,-1.9124414486912988,-1.7602701201814461,1.8585682231708371,-1.5784960504766952,-1.379699560893858,-1.3136274146917337,-1.6336398298590893,-0.030107902047661794,-0.5768622045038575,-1.8778273130426135,-0.28242067909149465,-0.7755361768870606,-1.7006098607813893,-1.4392036857014587,-1.1733365507499625,2.32174273204062,-0.45184610362738203,-0.4573135710525426,2.4944219785652524,2.542114774672593,-1.3606244655811617,2.04024641111296,1.9604616912243205,2.2053964966758697,0.47411526324083053,2.821980717849582,1.3004287767191947,-1.5210860846983065,2.720108821383647
-1.7580445335114396,-1.438535518640651,-1.5032493855519302,-0.6928143622589358,-1.505482052881092,-1.494732632595618,1.4747995771922793,-1.4969707038844284,-1.5157731725435133,-1.084836422548323,-1.198167872370168,-1.2012684926843906,-0.06070491775017174,-1.4269674140861084,-1.3807284315057335,1.072811336646073,-1.450846558254876,-1.6647795278850845,-1.477678316691255,-1.578137822645729,-1.5594223840930106,0.07277982326927757,-1.4213296730587581,-1.0859925891562534,-1.0111971873775571,-1.4096463860644357,-1.4197285203332932,-1.114756097521942,-1.3553260250118395,-1.2824119856903335,1.8941048950751187,1.5960233366803551,1.3520145298032873,-1.2940121910722187,-1.3522721245385394,-1.4813523823904673,1.3859718274964754,-0.9691324063241706,-0.8629981712467285,0.5378023432895986,-1.3372302002111545,1.3688363755119326,-0.3771710584273023,-0.2786656221553228,-1.3533674094139423,-0.8026251591751313,-1.0365672728112536,-1.2537475287990654,-1.44935309148755,-0.1822888471853051,0.47278970001818416,-1.4401822503805117,0.9650183629225775,-1.6547858295453794,-1.519532097007271,-1.5927372227157428,1.058193458179962,-1.61528839087035,-0.8846708585730507,-1.2927862501720406,-1.1675933256244395,-0.83249031324401,-1.322380464612406,-1.4638554255827396,-1.4855040803404156,-1.4405623897389694,1.3781969941045664,-1.4398798210134875,-1.4464767392024696,-1.5917475731204782,-1.5720039319856884,-1.340590743179335,-1.5046708478581765,1.4078445979855496,-1.2287191337204122,-1.3574155519066715,-1.2133561969046514,-1.3036333576998778,0.7941916541486004,-0.25441328106509653,-1.5345693445615582,-1.6571708212477163,-1.4556804523028857,-1.4062605726069488,-1.4141731730655966,-1.6940183688583796,1.2900401765354488,-1.0955338815466518,-1.535727401396306,1.1955782751674948,1.2748266970410367,-0.33203032883638234,2.6667498637386924,1.6347230449717993,1.926898115501633,-0.15730653647817666,0.8382161286153998,-0.8257931745794941,-1.5245190714275287,0.39660050864475727
0.455710337443605,0.8252250445952936,0.510774691624354,0.37592368205610194,0.36236209390879376,0.3252903645461744,-0.6332009914490957,0.7563396709942827,0.1827080260231699,0.5284062838979016,0.5431568968274442,0.4359055215544492,0.9601835818904485,0.7677834341899615,0.28425373750449134,0.24547545642982377,0.6745548353490256,0.4415819241362923,0.778411192215002,0.225433975115586,0.33288574685194344,1.6691559345433298,0.6941113575228756,-0.16902260397019683,1.023317032414109,0.5026371441022163,0.3997300266681643,0.2519384817276349,0.3429204775018054,0.5826088849401562,-0.5074682412332235,-0.8679739534014732,-1.259936161641459,0.36577609976836845,0.6252641246902886,-0.5742509140811771,-1.312692905257041,0.7616229590434969,0.9591970129116582,1.3345806549002066,-0.30386597990026465,1.1359364713693825,1.0674678722727582,-0.35513182506979135,0.2542362567593884,0.10564050591092283,0.6645657271856757,-0.11324623619204013,0.44201324755471905,-2.2039478567488375,2.1050471587519954,0.9754888074871569,0.25447109194422723,0.2358513677396274,0.3214475046690517,0.25560811054401655,-0.04889230450147115,0.17819078088408205,0.47607809638826504,0.5894140667910225,0.6924736753955978,0.6453786782040918,0.568072642642261,0.6783253682807291,0.34599732213112466,0.41330917034054143,-0.9133456770035054,0.6746303860980877,0.9012002332185817,0.5249475051347751,0.21883781950409845,0.8646295795471851,0.6255299041456244,-0.7946408435579172,0.5963419315371686,0.34690590121430726,0.3774309262693167,0.6096053400842942,0.3259461226808318,0.22290747443241044,0.7277315241416189,-0.8832103041316335,-0.3095643515810361,0.621164733265373,0.35613140182145536,-0.06430180575916628,-1.3529134935481364,-0.43336236549020474,-0.6611776974087648,-1.5738436215635898,-1.5824316870218056,0.8621692327063134,-0.4550901401775472,-1.106228361476372,-0.8593684679736857,-0.7722021043062897,-2.3435468681358067,-1.9316640424939087,0.3831343331882422,-2.4823689074979716
2.2013811964763317,2.1363452960105676,2.0197651913281556,0.9404056890940689,1.9273018471764227,1.9002236991954244,-2.0041618388327938,2.121841813232738,1.8340165690621633,1.6444633892735663,1.758777578359932,1.6858411575636585,0.8893794557849143,2.0978597043754976,1.7612991359212513,-1.101012611608857,2.0672747219670558,2.0883852009018247,2.1526255816020363,1.923019901342526,1.964347779836948,1.1574116826695338,2.041911482908423,1.2553200658994577,1.8641957105155176,1.9321840506267838,1.8690049471237051,1.476188685265281,1.7938942535739066,1.854101423355862,-2.3523538756068203,-2.3092954583315217,-2.347613329478803,1.6074234327053034,1.9530774879990118,1.32849140573102,-2.365983798001512,1.6520192971953387,1.6767980796521433,0.5223238234546131,1.3924274393963056,-0.42176493774117196,1.2796821186956207,0.3197273144936567,1.734107640352699,1.107251308312016,1.6889914992319592,1.4193945167440385,1.934127967157251,-1.0284652007729966,0.8206317133015307,2.230909966067125,-0.9467616928206632,1.9922448853962091,1.9207135791509724,1.950094166335837,-1.2423606023563032,1.9269870483534433,1.4203389991781015,1.8753259536069684,1.8039334128252045,1.453123242447421,1.8807688289056443,2.0807025864902813,1.9038660645782066,1.9022450113847018,-2.1300259498805767,2.054948466493661,2.2014342252895087,2.1040928915994126,1.9113769220210588,2.059055061346047,2.0780377717355987,-2.089736110869429,1.812288202233567,1.7859648546762985,1.7065553864174936,1.8824164710643005,-0.34810398918459867,0.6816721802380425,2.1980342216871604,1.2783934303911584,1.4706182033378001,1.998941212895757,1.8485921607725369,1.8403846623483107,-2.309376188538897,1.0360946470471677,1.341881983134031,-2.322305701257019,-2.4249397004814552,1.1192100722016889,-2.879037879656583,-2.0846116858355015,-2.5804966306586,-0.07156741455863218,-2.182910705433376,-0.24186448677095929,1.969291615450133,-1.7951026560125956
1.2572708600561946,0.8614145106776093,1.1033272526968243,0.2788400066630668,1.1939520472603695,1.2128492911726247,-0.9385998744326566,0.8879958805723435,1.3082181201942518,0.8885033007984187,0.935151768764422,0.9897249640161907,-0.05273967882617578,0.900272277911952,1.1804654628419506,-1.2614111767617155,0.9718319675815666,1.1552894758195638,0.9210841716062094,1.324219960064804,1.2397998672690742,-0.695661331999405,0.9497655883985792,1.3018576317566242,0.530442376340533,1.0624395219857121,1.1382676182919085,1.04140337925202,1.1467439946784435,0.9580207009888568,-1.2475669848094035,-0.9110509553422677,-0.5383373931012163,0.7624869046730707,0.9580356135620199,1.7213560730524902,-0.4856676798595284,0.6717338058048123,0.49607880823558936,-0.5668081357159698,1.520548517990773,-1.083562521115803,0.10419743671079025,0.9211003555146348,1.1985479530413283,0.99145793721273,0.7710977809767425,1.3533527253999056,1.1264196604440282,1.713305679061653,-1.5641705715314609,0.7640497883453515,-1.1066491427282152,1.3439434885259265,1.2268897820242035,1.300719017874357,-0.9296591318123433,1.355144706655416,0.8106836397931797,0.9513570184781887,0.8106891280815098,0.6548401924107586,0.9821051308036909,0.9836796913409345,1.1983910374912816,1.134619803796607,-0.7592381181011862,0.9693378473002959,0.8194397079525576,1.1360488042066237,1.315271356787188,0.7939399381605292,1.0314440729192886,-0.8658571679176581,0.9229641281845379,1.1251149701530385,1.051614043732911,0.9443858946447945,-0.2068452303729757,0.5856803770997179,1.004034985672525,1.9494408551255895,1.5649520939005375,1.0008059894217216,1.1703247672741994,1.5446989641690365,-0.4113337834064705,1.4373913095913018,1.8146307179979588,-0.20512610106087728,-0.24365202423476826,0.3005839796824078,-1.308927499565405,0.050050930388294085,-1.038493491512856,1.0801593513612673,1.0328960112397527,1.9715648147160063,1.2023414485215842,1.3995196235444451
-1.2527264690088662,-1.4556847674997875,-1.191495570642022,-0.7321784081798332,-1.038034869030631,-1.0055896596976914,1.2459219163378126,-1.438029856887376,-0.883150697379359,-0.9665280173574656,-1.0475354644818322,-0.9325349215847673,-0.8566645564073047,-1.3944850072753907,-0.8825358912250034,0.1834730671150796,-1.3213209372535581,-1.2326572959577051,-1.43773084311003,-0.962964602083633,-1.0549356785977546,-1.5737121659537856,-1.2981258241110283,-0.3780953361096743,-1.406895638249217,-1.1383204435191967,-1.013856794899345,-0.6918793655750111,-0.9565251729984429,-1.1183244150418639,1.4255818793818589,1.5952009210172602,1.9193885330736633,-1.075416553937662,-1.2227731800549806,-0.1383808667991191,1.9291163165575398,-1.0879211983328176,-1.2299382048200178,-0.7934104938554313,-0.3437496119120701,-0.291372177785584,-1.1277812108756544,0.3174177465841529,-0.8587254366091591,-0.3679865396944525,-1.089500099071083,-0.46581476317640186,-1.098089417525757,2.0949908227733824,-1.8098770319304098,-1.6190441865208474,0.12332042804113384,-1.018701068477305,-1.0155181728497733,-1.002406344684085,0.576350234181023,-0.9526626946891367,-0.7989507950927258,-1.1503967229466905,-1.1564318055514293,-0.9124372292641615,-1.1238306626821142,-1.3215104634575223,-1.0175294729994144,-1.0550279066948487,1.5122116052348469,-1.3073210703797273,-1.5643215724258284,-1.2541137573683778,-0.9615861498625626,-1.4074638787811218,-1.2821767036876022,1.4040031918593066,-1.098206502279263,-0.9503473935030263,-0.9657423136730701,-1.1461530540438636,0.22734966849681057,-0.2666197630747265,-1.4527580395590043,0.05931810008716289,-0.36754065112677786,-1.2388110156877281,-0.9839032119578273,-0.7344886881377675,1.931503413758003,-0.016361595192683792,-0.10511401847497392,2.0476448284640427,2.1543742489655626,-0.8159478835447027,1.9110446697268952,2.0303421199558294,1.7622372647640556,0.8007654144331587,2.754191120135069,1.5383222399785283,-1.0844178972715768,2.5809892293907675
-2.248594587757982,-2.005671946860489,-2.082604676088699,-0.7788811510466616,-2.075360674890815,-2.075935287288454,1.9172330102246569,-1.995828798365205,-2.0911668264732772,-1.7740755801460446,-1.858647178246176,-1.831866093318015,-0.7669112857886706,-2.0123583243003442,-1.9790160482648433,1.6037995591400256,-2.036140668744042,-2.104404746067099,-2.057002197405731,-2.15919489855335,-2.1297070205976354,-0.5017374301925055,-2.006476800805913,-1.7959501749760338,-1.6914912521105205,-2.014446222229901,-2.0223226326015675,-1.7351295013632517,-2.0036415115311366,-1.9235720050989638,2.306150501477546,2.127630142061639,1.976431104516908,-1.4939507647090986,-1.96997665959778,-2.020704217397256,1.9031224380983898,-1.6385156905737326,-1.5609994747375078,-0.3017790030598498,-1.976326803096543,0.5883314178198675,-1.0983705592258466,-1.0204958589867557,-1.9886957970760786,-1.5222582949827834,-1.7241882034125722,-1.8907279686839382,-2.058227195290095,-0.5326188814239533,0.40175955914964867,-2.00579241241376,1.3558884586327924,-2.2013562771680886,-2.092316893438708,-2.148715115251463,1.4144242253869204,-2.167610936951624,-1.611730578518758,-1.928470365496595,-1.7945592624142743,-1.508602363128239,-1.9405830022648338,-2.0520853637971403,-2.0716284189057417,-2.0357186337765083,1.9354330960148958,-2.0281044344129247,-2.032459320711362,-2.1486708637715206,-2.1433357769510155,-1.921027681443497,-2.0678625302562654,1.9826207665230497,-1.8811185999483586,-1.961280603499109,-1.9244765511546897,-1.9186651249723692,0.03453105176163011,-1.0766847888539717,-2.1569998638887506,-2.0763979092981057,-2.019477618198669,-2.0318930373896453,-2.0400084536577143,-2.2099259806125677,1.8349769328371006,-1.7000377196680558,-2.092149601699137,1.7044817926614637,1.796314796468693,-1.1763891029836564,2.3668592229440883,0.9416120697453013,2.3004701455258725,-0.8715844905994593,0.6041380509621004,-1.1385732812503682,-2.1182093789382006,0.14531943123051447
-0.5479588674481012,-0.18342317310975098,-0.5019613175357748,0.19868227843776584,-0.6545151253579534,-0.6831865619306801,0.3546504658607695,-0.1420730217970003,-0.8100122299415831,-0.5401148565210485,-0.5114656885345495,-0.6142722158525606,0.062105150538173746,-0.2559498107066303,-0.755164178822452,1.1900716950595531,-0.3426280001020092,-0.41390558772280045,-0.23469498080351434,-0.7698563239367773,-0.6581457147508332,1.0561508299756708,-0.360282979140466,-1.0691936547171308,-0.044081955921822215,-0.5069183457406455,-0.653065547004781,-0.7831559582494332,-0.6804021646919375,-0.48482127107966844,0.36831503516937597,0.11295924750342945,-0.3571257801122883,-0.0017086857229516284,-0.4006118049317467,-1.4739166404805761,-0.38273347565083815,-0.3568680396069792,-0.1621484519469253,0.2529701074662004,-1.246797141132934,0.4884978572024852,0.08994118848458008,-1.2848040189819365,-0.7757728565208507,-0.9860972573063129,-0.38313278232278614,-1.0866082334578853,-0.5779514148919761,-2.548371032676945,2.0907830157492073,-0.0049141680079041105,1.07195663707935,-0.7278735463935239,-0.6845198671077336,-0.7221058560137278,0.5783092592908486,-0.7725878061578553,-0.6032463546154133,-0.4507932059436115,-0.3721111579455,-0.43776369773615803,-0.4972028753071803,-0.35995638811446745,-0.6690191141300692,-0.6129803313730705,0.09093682895230006,-0.35569246100766744,-0.07018469346476153,-0.4683586726619209,-0.7508386389248132,-0.1999693024150579,-0.4106529695789606,0.23106795105434555,-0.48139572833334365,-0.6692936632194362,-0.5868267021956214,-0.46053098300898476,-0.44491259537097255,-0.7458469930284172,-0.2571736812593893,-1.6831006018034025,-1.2683564094865603,-0.4241803893077916,-0.6867776639119776,-1.0233394823396762,-0.4362673899071468,-1.4205787919475115,-1.541684201351921,-0.612565183058906,-0.6982652451273151,-0.33549986218078653,-0.27212461242714153,-1.525262434479341,0.045946715132272234,-1.6551613568293793,-2.3532627862278095,-2.457452415934749,-0.6265929436955154,-2.461051043381879
1.7529291579537745,1.7701169112809547,1.6426817468433508,0.9028895311683456,1.5409092882597821,1.5271118711937788,-1.540649154445228,1.79746169148182,1.465578627874287,1.3619958482521317,1.4487815547368197,1.3500234169853307,0.8133809995862109,1.7300628835585723,1.3966951574644344,-0.7747516525585807,1.6988049179389728,1.7099876528498932,1.786018896979916,1.5599927776093054,1.597149696909709,1.164838799263715,1.6582502621472177,1.0736973761402484,1.5864709565344113,1.5780377607929632,1.5013653233684705,1.1696441314566859,1.4859969095190455,1.5261889052810784,-1.9071001788741768,-1.923889548007881,-2.107090667408071,1.3798599153524849,1.6057555128705834,1.0036974614281693,-2.0103666624166183,1.3349897749345252,1.388993482710641,0.5606654809440069,1.1134998764882251,-0.11600774557639755,1.1315258180870411,0.24170600198174264,1.3985770123248809,0.8631371605958199,1.3991407357458265,1.1205819725817072,1.586077849402162,-1.0087148354889837,0.9358265105856357,1.882101771848074,-0.5735949772209948,1.6272274658533978,1.5377370307549143,1.5676785611579622,-0.9236248363235536,1.5586522221185155,1.1970297721637126,1.5469600103098975,1.460732383462164,1.1623128992937466,1.5181007691782755,1.7050554899523584,1.5340580936044133,1.5344650754054268,-1.7504226659668087,1.6836548133492637,1.8764210269148762,1.733472924568108,1.5576168670057646,1.6739031597390757,1.6798341443029134,-1.716138213827553,1.4912678672842332,1.4303483465722169,1.4971700406534332,1.5237115947102104,-0.17530236376799477,0.6477678148345445,1.8922208571910053,0.9016021695054849,1.1171667761435706,1.6613368350631896,1.5038835084591058,1.429798699777863,-1.9828819203376664,0.7496779092231278,1.0324993590283256,-1.9641102059733164,-2.1060679660349924,0.9862566503462478,-2.2009779336413304,-1.6498209119034861,-2.0855477418864146,-0.1163417304750567,-1.932549061211553,-0.4228693550987814,1.60848649917817,-1.570828669613288
1.9326105885916283,1.5819568032313773,1.8320148659693054,0.35827576691399954,1.9261159820977323,1.9452386300238738,-1.6268654426165374,1.4970202992129544,2.03091308414063,1.729114615218407,1.7470056904189464,1.791897140044802,0.7541182467289225,1.6401238063528845,1.9521199986658375,-2.001846357985104,1.706775790567752,1.7074096348621866,1.6440472555511743,2.042620025330916,1.9497303448027996,-0.1403487916159902,1.7112652933164991,2.0192628115080598,1.3610340543465211,1.7969578044409613,1.91313624832247,1.8444088197116157,1.92213793141226,1.7641149482941645,-1.7971785756852943,-1.5898337189197773,-1.198726427719168,0.917530814719993,1.7152176041050435,2.3869119950990516,-1.1299124969962406,1.5518084929558074,1.3901444331903645,0.47788610810599264,2.2399804690966114,-0.31192032617985527,0.9383521890885632,1.776754900972103,1.9689587318271236,1.8932860515163614,1.592264572587356,2.1013388855605686,1.8768628737170834,2.086983726935848,-1.5544561889749429,1.4540274342412327,-1.7411658015364773,2.0238351630869413,1.952653361432335,1.9947824440905149,-1.376478360143155,2.0297800361868354,1.7032838285992267,1.739368045440756,1.6196008042210124,1.5189939813871542,1.7755548780224246,1.735067890888133,1.935390595355333,1.8850403844642496,-1.4906040375290095,1.7144981474742007,1.513260273021223,1.8349644561470182,2.0109704971852627,1.5612657339893437,1.7667170830520431,-1.610760191006417,1.7438979066229225,1.881774661041424,1.815157407765267,1.7407117184966454,0.63913760291156,1.5063595889762187,1.707877877203986,2.5003090429788535,2.2718231219952862,1.7719161837567727,1.944169556699569,2.201568553401101,-1.0562013527815974,2.221618379685892,2.4631021165700524,-0.8882861271007753,-0.8526435811894079,1.3544958525561828,-1.0737610882696342,0.7250323222786901,-1.5919941576010816,1.9201489615291394,1.2321509684657448,2.398949682473145,1.9330095679069816,1.542661786349958
-0.1272666715261035,-0.3956976094074256,-0.09803771405900118,-0.7017215294269146,0.05742505263125587,0.08042956494896453,0.08831077809251636,-0.5318045094514562,0.18701771279694426,0.07499326544710634,0.01596753857254891,0.14766242364438326,-0.10968161625158106,-0.30601915611605807,0.20741550022211067,-0.8239477828529974,-0.2336231503280365,-0.29549218826366186,-0.360904337811282,0.09674714105851807,0.004746131612031617,-1.0742031143758652,-0.1835621857100727,0.48202541314254443,-0.3711199878993023,-0.06122911553958525,0.08603988424598623,0.316812042431265,0.07642653207425462,-0.05127120414606153,0.3718375843036689,0.5377622783118178,1.0157739937495565,-0.6044351462252966,-0.1421990808130614,0.8111910525469971,0.9100405409160768,0.015309155592972381,-0.1478719242509504,-0.10861485750821288,0.6144616905400597,-0.07529745440401664,-0.26368138847175,1.0819508761057102,0.21498409095573157,0.6446716647036789,-0.03355996070949432,0.5468374843869034,-0.032382617088425034,2.3331011781666358,-1.946678249669114,-0.593799675742575,-0.8774444846489075,0.0013868125488846657,0.07992101925535688,0.06959650290219958,-0.28235655208618804,0.08840356081443856,0.17627281117486776,-0.0830670998715161,-0.06220183191479556,0.1505617328189861,-0.009464012601687149,-0.22141842942107545,0.06379027283373627,0.03571607091324333,0.4121815624048265,-0.2125389149200406,-0.5618017191947909,-0.20790956692397863,0.06770043522599184,-0.2937708922358481,-0.1672522696148684,0.3117710055839839,-0.03373039810433963,0.13015421837849647,-0.05097355414968392,-0.04785860149289908,0.6137694618043363,0.5115776819702577,-0.4653179307069972,0.9892443975274114,0.6670347884924898,-0.17186758489596232,0.0970456947085677,0.3416657351709368,0.9347667070435117,0.9451994994453161,0.8302551918312799,1.0238130869778408,1.1926900727397007,0.14010025393190118,1.1053081831866156,1.9489949259951214,0.6585371119956674,1.4890881280007389,2.549931790211751,2.0654644002166243,-0.015371744342796288,2.408710875382878
-1.9393967417415823,-1.7713527844881471,-1.8436076973447262,-0.7333352216643267,-1.8519683701674818,-1.8581053236154284,1.6330889635686534,-1.7428782640602465,-1.8817875795968781,-1.694774571239043,-1.7317641756279056,-1.7023676841938367,-0.9096640801912397,-1.7781217124148379,-1.809427025556046,1.5282550800355834,-1.800364059363556,-1.7984979319143668,-1.8043587092447686,-1.9374057253146804,-1.8954601199271834,-0.5345216394596469,-1.7818115360534053,-1.7171037148328179,-1.5777060131177365,-1.79526717512248,-1.8342196291445754,-1.676261698278685,-1.8564381440753381,-1.7822710035631701,1.9040872554162744,1.8374621907204256,1.7292700502513552,-1.1586449870190079,-1.7671977649073112,-1.8810302607199691,1.595011124412089,-1.5670975588518343,-1.509378936116953,-0.7418367993773081,-1.8566213156312608,0.0712595812533124,-1.1555101998889652,-1.2434242442596588,-1.817334706280864,-1.5680491847892488,-1.6184374590610227,-1.76926054754375,-1.8609532691021522,-0.7916005590263513,0.40119602942956495,-1.746062111955844,1.2403799638309676,-1.9667855999932746,-1.8627561370695025,-1.9009436983100907,1.1622618966371674,-1.9216552164288028,-1.6468768490978365,-1.7725709100664226,-1.6523655737686826,-1.4615163508789621,-1.7600076555610407,-1.8253870676549786,-1.8592599965356842,-1.829914402231541,1.697802896590602,-1.7979781029977389,-1.7877907222732203,-1.8997434676764726,-1.9207781255401783,-1.7012010003680456,-1.8172698022835174,1.7585917678500613,-1.7570574776949983,-1.783192350173122,-1.8349105794923406,-1.7537400497305888,-0.4790975677271065,-1.3259588779067468,-1.9162313029879885,-1.8594450889604615,-1.8482281139300603,-1.8384757981340611,-1.85582339307128,-1.9328600238997948,1.538252272499894,-1.6982889986122192,-1.9335671741723142,1.4524515360055847,1.4822692519966723,-1.3893294498265303,1.4255602054617724,0.1635691177075234,1.8704233378817756,-1.1675283853739313,0.12950195842643175,-1.2092087334285513,-1.8976154821394629,-0.2170818403553389
-1.4047537227649072,-1.0059447699506037,-1.3691532550730598,0.3690042931822551,-1.5252571534256094,-1.551712863678572,1.3025146429129506,-0.7775801460533949,-1.6641372369715757,-1.4318907232438987,-1.4074793466935505,-1.5274743500951207,-0.6861846777303551,-1.1204837898634767,-1.6496006519527375,2.102094082752611,-1.2056765358528,-1.0599728665356012,-1.075540721922353,-1.5987139831891573,-1.4824360487223558,0.5844969651951218,-1.2558626690319405,-1.7862729226543494,-0.9191925427651685,-1.3750655929357027,-1.549064802529658,-1.6349720026481527,-1.5208660049898606,-1.3616377530265416,1.121322880303893,0.8997389922600803,0.30687295480752735,-0.2093128423907796,-1.2760094722242323,-2.236274512521864,0.39030626041765065,-1.3317682843646295,-1.1269530818091689,-0.5443022776058032,-2.0322657894464036,0.04098510424317094,-0.7077857794271313,-2.075856975962982,-1.6648942837466199,-1.9194199258942657,-1.291516295936663,-1.9482570774766779,-1.4276146568589758,-2.879606853172827,2.261597482139199,-0.7805313530707474,2.012173478884573,-1.4929539210721414,-1.5588243935763728,-1.558310952088633,1.3280488344993895,-1.5746757845498818,-1.4636086847032177,-1.3276478270952867,-1.2941205467083536,-1.389574343216815,-1.4205393362334502,-1.234135096602983,-1.5306494432000233,-1.4919705435726114,0.9757495347990998,-1.2279123687370677,-0.825823514407985,-1.2584618861307222,-1.5430389602533698,-1.0948462960728047,-1.291801106214335,1.1009732723665067,-1.3607431483522479,-1.5547459467976115,-1.3288781470280415,-1.3631751992240724,-0.998159049310126,-1.556760159724395,-0.9888040001789793,-2.401144040024867,-2.1190434209869933,-1.2771079529057199,-1.5684266876959088,-1.8575598311354453,0.3291247359842532,-2.2662234750666923,-2.286997628423758,0.1842076914432399,0.024510706681139735,-1.2804821343324588,0.03722779293126514,-1.8244606175256903,0.8242596643657993,-2.4115889413220106,-2.417209724777615,-2.957705237163832,-1.467781330824848,-2.4832653856906077
0.7487609228828542,0.8530213164471909,0.6982366994087752,0.9374230879126041,0.6278437806718618,0.6193332611892354,-0.5000381557604049,0.9848278227829395,0.5850710264785658,0.5878400782341658,0.6128769509782146,0.522191714249252,0.4084477319450509,0.7810600622517556,0.5369785051820417,-0.027410020790276646,0.7522673930021307,0.8595281924741014,0.8235252682098432,0.6659951586750394,0.6900429769468883,0.7769583498232013,0.7038581346494855,0.42025208160954364,0.742711186136054,0.6653447318006415,0.6019201087796981,0.49174181901308434,0.6676667389860462,0.6876625959495074,-0.828268046378029,-0.942239670857414,-1.1999758946246761,0.8192528701521855,0.6944520568771622,0.30597701774802477,-0.9907753435104609,0.5111315742768231,0.585363206268541,0.44506288949088885,0.39399469731242,0.08203154066428814,0.5771311830400357,-0.049553119890663855,0.5285916241317945,0.24041377437158248,0.5846164908773684,0.3548616970090949,0.702205844371146,-0.8406919350439467,0.9508085389188137,0.9458695741263502,0.19573701097624788,0.7665930140381886,0.6136576689408914,0.6508574795604692,-0.07417199881784955,0.6681824645033474,0.5838728214328456,0.6910506956136373,0.5983477382627707,0.399746571212085,0.6029409871187436,0.760126834933692,0.6362955960969774,0.6302021737848276,-0.7882722072264317,0.736927288915339,0.9695647443622584,0.8233753517848266,0.6940786914026933,0.7256492888383204,0.709350915001491,-0.7814750404995823,0.6681489111067356,0.5676083069921031,0.7985101101947112,0.6498686761352601,0.021148265926841606,0.3355568735639774,0.9857391770338793,0.16096424335130383,0.3072665648788284,0.760656575309154,0.6094035226064368,0.49008790664457363,-0.9742896464366005,0.17985575968706016,0.31056706824811114,-1.01872695363642,-1.1010430835598002,0.4963728505818594,-0.8830097752280378,-0.9317927479220763,-0.9702950844948681,-0.2757878395593162,-1.3182461301548303,-0.5999192085713075,0.7046875192040551,-1.0697575294163406
1.8697344122886574,1.5248833027911775,1.8122355165817094,0.0060603584996148435,1.927773263609769,1.9508917927187437,-1.6768553781085798,1.3211909728961793,2.0390130729469313,1.82716809955459,1.8177165810945204,1.8963880106229052,1.013626400457996,1.612652428292025,2.0115885489782097,-2.2122593208574624,1.6795532339386245,1.5369091430966022,1.5819379312426733,2.0033047597813263,1.9029215880458843,-0.09086073854244837,1.71144888928734,2.04782300329661,1.3996780551853307,1.8081091766970707,1.9438057776454847,1.9659584868059645,1.9360238578107676,1.800222095176427,-1.6023232945885373,-1.445521130346297,-0.9729526650724982,0.6226852967363441,1.7232115066721663,2.43564475787229,-0.984705777820996,1.7150786254330659,1.5541707412417183,0.8950227916820593,2.2831415646360247,0.09585024334587029,1.1082660275151117,2.131698670032759,2.025253510537094,2.1420224344987013,1.69813257414656,2.2115279351530246,1.8629677695774027,2.4388935109718184,-1.7629833382725284,1.339720417789344,-2.0480679974662372,1.9324459719388185,1.956394683002319,1.964527982700208,-1.4748528543674662,1.9803779445711853,1.8423362055481702,1.7700206498315667,1.7087578734362239,1.7177885157988786,1.829510669860623,1.7100108913819445,1.934674514076044,1.9006263971618924,-1.482953355416422,1.6946101755322343,1.3880073395732182,1.7401394484944277,1.955365290918161,1.5661161113358821,1.7449197878789438,-1.5918844774987486,1.7874796527238292,1.9342902456532924,1.7905598020217555,1.791712974102993,1.078155220836615,1.8242298250308568,1.539781830238337,2.5137461608827634,2.3470698407713546,1.7453312588596757,1.9635637994814066,2.175554209006768,-0.9190881409302055,2.4282979483987734,2.4821006924429367,-0.8094890120385091,-0.6806761251820785,1.6463245530589878,-0.514318695160709,1.3799718802687124,-1.3933815972896413,2.3397677659879617,1.7260560696206075,2.656045943017086,1.9008080813403756,1.8920265998340122
0.6230117437777238,0.2823033442239528,0.622028996389514,-1.0274331525536522,0.742912951269426,0.764674526707133,-0.8090014297852459,-0.017911679923142295,0.8384795342568374,0.6700026143933212,0.6694242478915698,0.7941834831286297,0.2364455085763444,0.4243242465279056,0.8606975754591744,-1.4996278889098225,0.4917584382044766,0.24424322551562413,0.3720939296199227,0.7482910073238146,0.6680077667716858,-0.765808830500625,0.5643868443814544,0.930897743803709,0.31204068494810183,0.6298840587414509,0.7792250714247048,0.7897741763221758,0.6713120502514787,0.5781687441191137,-0.45505723252322733,-0.19029552857575924,0.3554427579329508,-0.34691118292662354,0.5586307786462107,1.2807337651839117,0.0936485571066873,0.7123615943219759,0.5333911686477861,0.03206339047361958,1.1159025734620416,-0.14911106427345747,0.17472956767897407,1.3022096713110125,0.8866095786486935,1.1422068248320933,0.6137777156813322,1.1239511318184883,0.6215132956062588,2.152794206596975,-2.0010068955189904,0.09852584342019155,-1.6409781195734279,0.5853516178152004,0.7810896864686636,0.7420464177182072,-1.0931413494288853,0.7224393216519793,0.615895775506857,0.567124451948563,0.6265592755895028,0.7922661041155323,0.7204234156862175,0.5038567210852591,0.7329060754417793,0.7226776111319616,-0.3478424413338315,0.5173462019976327,0.0864538015498984,0.4374022767252224,0.6723920429142338,0.45136174183227906,0.5833230878957048,-0.40339660803459626,0.5872527714461858,0.7829196118715253,0.4051068492371948,0.6223336491763323,0.43882228143210605,0.7432778576738727,0.17528505424432722,1.5054832149006092,1.2769249541811287,0.5077399731945696,0.7859310269054666,1.047736441097688,0.11603537324731394,1.3344645062840115,1.3234251760739706,0.2772790070796478,0.3850593654538971,0.5594500187402777,0.12962523013638705,1.4382929180142763,-0.18400126250768453,1.6077397264337592,2.095474897338092,2.1579199026297444,0.6497630495907923,1.9746575819800167
-1.3022239790294183,-1.1711758025807288,-1.2684664742902443,-0.4478118756668858,-1.3239944801243915,-1.337318372975101,1.0357344967083901,-1.1222194700511168,-1.3853467627296208,-1.3098122355574795,-1.285826901641331,-1.3136537036347262,-0.8856483756911625,-1.1823298980155186,-1.3643593032731811,1.2389987257457329,-1.209446237080181,-1.1924691875301388,-1.1664599951304477,-1.3740557268789038,-1.3235453760708138,-0.3240026724224008,-1.2043569269528804,-1.3868908699560505,-1.0608382988518292,-1.2824850780146722,-1.3216495335912632,-1.4021486034812123,-1.3795985031421145,-1.3039985590125462,1.0702135185405777,1.0913314644266237,0.9125289794252196,-0.6794613731427112,-1.2307391036965076,-1.5592982022333743,0.8056699526217835,-1.1851148472969115,-1.1341981927119071,-0.9023338168348576,-1.4925143224902147,-0.3125067233609082,-0.950430844981606,-1.4008960365002694,-1.364335659740131,-1.4166096962139652,-1.222294503510258,-1.4426083468584325,-1.320857473106394,-1.2881276186566661,0.656008910005205,-1.0727873754835437,1.053387616288745,-1.384561555163933,-1.330799544233105,-1.353088238340777,0.7361465679335205,-1.3770737456529094,-1.370900012841985,-1.278557083733449,-1.212745195769262,-1.1850773322096517,-1.252432795185771,-1.2242009928835011,-1.3354688170497195,-1.314312847038223,1.1015321919090024,-1.2093235882589917,-1.122679781569676,-1.2762196265682118,-1.3754284446474427,-1.1335017094341062,-1.2201724636433628,1.1722490552010285,-1.2885197060296882,-1.3341890855884526,-1.3839065181485437,-1.2778556713782403,-0.936380728962251,-1.3820546471678974,-1.191550029199882,-1.4959314562061554,-1.4740183987646245,-1.2581737812626954,-1.3340157529958454,-1.3859981701255462,0.764438829628694,-1.5847667062016255,-1.563498848715132,0.7772578715366077,0.6728589826793376,-1.246911755855716,0.29378059941460205,-0.7953008043063262,1.0246375607329836,-1.459688915145595,-0.7388088973327261,-1.4181834601238104,-1.3343836034834147,-0.903673004952583
-1.3569422197524599,-0.9230895795568301,-1.3313915350132073,0.9614774750607977,-1.4685719099217955,-1.4983671193466863,1.4773380680306283,-0.5532037545338978,-1.5884490228485286,-1.3546807940467631,-1.3657787720120362,-1.4974207303366054,-0.6408981736406366,-1.0896902119744245,-1.5957766535171996,2.228924608933439,-1.1711366880173528,-0.8620295306629103,-1.0330412139812803,-1.4968879606619194,-1.3921179960280199,0.6352975188995525,-1.2477098447180863,-1.636239419979679,-0.9066113671794245,-1.3294961223675732,-1.5074738488625832,-1.4775524090285288,-1.3971052667304127,-1.2703708061818757,1.1294984186917028,0.819335629005013,0.17422248219283154,0.02940200321232331,-1.2382511841338613,-2.082058098221324,0.4290917896095499,-1.367070447036048,-1.1520765315716388,-0.3760573325958821,-1.887084126072135,0.10420419479345902,-0.6283936148523224,-1.9418168117143477,-1.6307262072005366,-1.8551370484840557,-1.2677087919492545,-1.8805435336697385,-1.3361367793003176,-2.717474157886959,2.38199228681914,-0.7020314945008127,2.3112056576341695,-1.3171737385795594,-1.5176075868886745,-1.48130150188978,1.6416271256561292,-1.4641924111495799,-1.2822769534843044,-1.2554984272682634,-1.2909686051080937,-1.428586642216018,-1.423920767719639,-1.1917107591983327,-1.459809829343525,-1.4433742237557758,0.9803676862489465,-1.1982338171457259,-0.6978863855070323,-1.1288216539278788,-1.4042155956720184,-1.0942229055849,-1.2768323668225783,1.0564464187308682,-1.2709077821807682,-1.499681665854754,-1.0901024499472365,-1.311329189881736,-0.7386372208459314,-1.3639703860223877,-0.8343884294304872,-2.3128125007160194,-2.0734124616635556,-1.2007086939056528,-1.5235019960541494,-1.8295034986306151,0.388908885876898,-2.1034398569874875,-2.143091012615665,0.18808554960902282,0.06858882187203529,-1.1566051004215454,0.255472144509886,-1.6548294289771257,0.8196586384604362,-2.2612290653341933,-2.363149449524443,-2.846511561926744,-1.3767807024905436,-2.3223751832151898
0.4084614362689772,0.5505228335850225,0.4232433655306079,0.9418487926800532,0.41988394311793076,0.4201278592595209,-0.06133637054148988,0.7078664876709204,0.42597584233026864,0.5277182945632883,0.4715548874929801,0.4541112683780884,0.6525665650744846,0.46729447214959874,0.4205097043580036,0.07088562757949272,0.4499486573675268,0.6139973088840366,0.46457609462846033,0.4319419557031989,0.44419189135638654,0.7375973940468822,0.40089485928483803,0.4807313721145696,0.4734094571712519,0.4704483352852927,0.3918332307827189,0.5955827016777865,0.5340107529262733,0.529074391593178,-0.1988080876300727,-0.4511296381673738,-0.6049764806271706,0.6559121820113996,0.4559548601915782,0.37867339839869596,-0.3659701304795836,0.3800461666456957,0.4580812228030235,0.8185912584006391,0.4082560009725409,0.6045692827127125,0.6581197911100292,0.48579507223090096,0.40062684131647786,0.4339778537775786,0.49143603553944765,0.3782153000525408,0.48468335969747,-0.019467163239885968,0.6176575565542746,0.5479642917841528,0.2710688871075363,0.5395942943833149,0.3966946939507784,0.43660049965194836,0.30048631276432564,0.4730670362571285,0.6603785407694942,0.5066497670495811,0.44614459178951354,0.41233571958060455,0.375259355598209,0.43930545707697743,0.4369658330591971,0.42983310047944895,-0.44123555814331245,0.43180152599663835,0.6034560276300768,0.5261734123684246,0.502029651907887,0.42772690011963155,0.39512742648662824,-0.4732400333112325,0.517125408879338,0.44828862669038516,0.7225503604493223,0.48403048575390284,0.7955590575149813,0.7507093063222985,0.5589383541498164,0.15285649946041027,0.28161367974965495,0.4770428536169817,0.39256481066348753,0.2608438608457736,-0.3606320342700256,0.46962362299948407,0.3222551677290442,-0.5308009848574538,-0.4299179377307153,0.6217290240372939,0.18191524211060353,0.24541331044040268,-0.34129726016686923,0.39196890460212347,-0.2720270649222759,-0.06186099561567971,0.4653468311677233,-0.145059932181396
1.3945291915982314,1.042545594838538,1.38700555788812,-0.6467632633852313,1.5112794910320648,1.5418523361438918,-1.4162389388536265,0.7346247354027613,1.6263135768847248,1.4468821412931885,1.4438448373750319,1.5621566625864052,0.8469302237840619,1.1771299946451483,1.6343429724863199,-2.0705340649588724,1.2470016369430355,0.9941149352410444,1.1196822259780035,1.5353474915612026,1.4451728250955658,-0.31732566019240216,1.3013408034767318,1.6962126268812756,1.014318820942112,1.402904728613645,1.5375097198572116,1.574032351408746,1.480197877361039,1.3616392461482876,-1.1080055887507376,-0.8988261993097635,-0.35178719260493524,0.18653409415885933,1.3115639979054952,2.066472635223216,-0.5244798541965366,1.41409576211361,1.239998229310113,0.6130193112900277,1.891972347885271,0.14493855242665227,0.8206835744330564,1.9938036267866694,1.6648032305173408,1.8874349100502759,1.3586544961884952,1.8831474941053477,1.4065310578998371,2.5339761471020563,-2.0291494988424215,0.8369461004602983,-2.09938251080887,1.3963997188145838,1.5523234550093046,1.5280863931727848,-1.4621680543993203,1.5227328699451432,1.4122274685088119,1.343497219653106,1.3663223441061483,1.4982290531943228,1.4624484679838605,1.2575295683624435,1.507832694565801,1.4942082388193065,-1.0676413477064932,1.2646713765603266,0.8443518622347774,1.2202947268401214,1.471797763614197,1.1708937237634838,1.3261780714359976,-1.142551293096833,1.3588423589105683,1.5543189598138347,1.2474981537938594,1.3884045422759772,0.9709484362636455,1.5392043743711867,0.95330863849744,2.2097207385659274,2.0375725126292212,1.2785682610182765,1.5558531829465059,1.796891886935125,-0.4920580107666176,2.116526507350159,2.104117394377194,-0.35361569000416765,-0.21130282133560394,1.2777526520730669,-0.18721147724050713,1.6545979183471466,-0.8651883172307939,2.25574427529839,2.141756539909972,2.632103138458429,1.4367373766657516,2.128293812329215
0.2442550713032833,-0.11545768891995518,0.18738784302154715,-1.3568657893362377,0.23430258058379738,0.24582980412907993,-0.6619342145217222,-0.437683482549851,0.27304477283712714,0.032253412189083,0.11760163689048823,0.16657160083784547,-0.513927058267378,0.04191298778363026,0.2654982369473454,-1.0616189178023172,0.09293814748007714,-0.21823495700982334,0.034024762792640155,0.2545990946992,0.1914002273061479,-1.101488148909722,0.1765224204950907,0.17064813655810818,-0.06489830391807236,0.11267929878658328,0.28449084085328447,-0.021304251526656895,0.07816963633967688,0.02613977179605211,-0.44303316643387614,0.0011759820306623688,0.4036475687611473,-0.681411684414268,0.09695742335424062,0.4954410011263482,0.06648917051220614,0.19997234558853957,0.022515742443939498,-0.782896013181871,0.3849588453199133,-0.8627416718053017,-0.48863193781157227,0.1793156040718579,0.3017610939313357,0.27999414045295407,0.02526580898472526,0.4016922599681222,0.11797278629473762,1.020996971951848,-1.6122760101679539,-0.18623014343164032,-1.282401991418016,0.0722867813433277,0.2830997574771402,0.2286436274169043,-1.086356485358239,0.18307499005770203,-0.15393006201984685,0.047113598318695445,0.10312023886496517,0.1384897768656913,0.2610073940654489,0.12577811429784808,0.21338467153172924,0.2104365733830956,-0.026410660044457652,0.12510088596633448,-0.24909452453636116,0.008620539005488474,0.12877885684551707,0.0700233629505577,0.19861620498986374,-0.021974729819037267,0.03314763210064716,0.19031109323125034,-0.25205080256536183,0.08411746636967518,-0.7273628392977098,-0.2962902252801881,-0.10982244997582621,0.8522483532583567,0.6011683427265917,0.08559430978403293,0.29529405434644723,0.5715278242851948,0.09042788060096532,0.35221792749982017,0.6028771875228153,0.38610701214016563,0.27801822495699435,-0.17485033381357287,-0.5234564700157393,0.17346355085960982,-0.14911046275730094,0.3981692646812361,1.0622761255813002,1.1900322952246247,0.163592054223683,0.9627999972124416
-1.1415040293961112,-1.000111590496796,-1.1875947822310333,0.07408829910595051,-1.2804135971275528,-1.3054961816499486,1.0154557973408325,-0.8434983930591899,-1.3683096774170806,-1.329874942455809,-1.2907875557877022,-1.3840279384043492,-1.0844913381412162,-1.0624470993708228,-1.3896045175473626,1.441305814244482,-1.1033060619893724,-0.9863093732824499,-1.0061420807000483,-1.2783177790294613,-1.2322898353220177,-0.2740369263521286,-1.1155813937676353,-1.5050937298831304,-0.9797006349471792,-1.2439816971166822,-1.2804607541860655,-1.4638644602211959,-1.318090175739689,-1.2380733349127147,0.7730210493254416,0.790220137661441,0.4685153935761559,-0.47250390113684604,-1.1654549402896874,-1.6682564201428791,0.500873906099991,-1.2318158793177896,-1.1529359955774052,-0.9224191084692258,-1.5579093592903068,-0.6378022383650781,-1.0248674427701177,-1.8129601320538646,-1.4046340796724193,-1.6441645026589,-1.2609501389107798,-1.5556870728400678,-1.2308703398558125,-1.8947744381874085,1.1576730030627551,-0.8426517606124596,1.3922450154150265,-1.2210411386744557,-1.2980196034495044,-1.2934179507044055,0.8802201231624348,-1.3059129116755699,-1.3700795164852528,-1.2152384320819574,-1.2312816735096772,-1.3726415737289253,-1.236417319678527,-1.0888335713217112,-1.2852539104909846,-1.280297159825521,0.970695212130024,-1.1034808165496235,-0.8691303191601158,-1.0968193704633133,-1.279141126578907,-1.0556149021797985,-1.1266788131229708,1.0345214164996417,-1.2366996188402897,-1.3511065393820536,-1.2398684686066317,-1.2435086654335026,-1.2921952069432998,-1.5807198967477039,-0.8928857650340128,-1.6410872304341215,-1.6118706327577288,-1.1284592282877481,-1.2951782712203221,-1.386814978302588,0.49352400816118847,-1.7936297933986225,-1.648950652193106,0.49594649871097846,0.30715170157329824,-1.2516092065912636,-0.09649390277147563,-1.5466946104977775,0.6804768505602437,-1.9499447498972657,-1.5643194032027725,-1.8854238586011571,-1.2336618335401364,-1.5595251737432139
-0.5986325999696164,-0.14747282614181792,-0.5314248573403543,1.5272840913770498,-0.5995983626184426,-0.618242728278797,1.0405015000779634,0.2567545869637698,-0.6617971084738044,-0.3679473121757311,-0.46486020261307537,-0.5282936554612448,0.36015435381147193,-0.33848841139105573,-0.6519086077953284,1.5736154366746025,-0.4042744861764071,-0.017124819037525302,-0.3221134747481725,-0.6335119120082352,-0.5468857227625136,1.2063894185441573,-0.5021849486124288,-0.5478736123090503,-0.18890728685736696,-0.4485847192315082,-0.6597863842214328,-0.3215437195705349,-0.4339462574503062,-0.3533861968162666,0.7715515905365662,0.2524889974869675,-0.2574587005266562,0.6562354145735688,-0.4160068005362994,-0.9678874349696374,0.11043620473726033,-0.5357684502533341,-0.3162668877167381,0.6791958203808821,-0.8172807485347386,0.8970546736843358,0.33463904751034695,-0.581069552574851,-0.6949228444124154,-0.6930897544878291,-0.33565865179748383,-0.8312057337286208,-0.4617271253362067,-1.5420032025600816,2.0750164054782654,-0.03874876718599432,1.7942331151382356,-0.4190741731336247,-0.6608781319878739,-0.5985942179720096,1.469224739625785,-0.5505630821270759,-0.16650230155519788,-0.37323578086730214,-0.4289172577223672,-0.4738035513418139,-0.6204210286347147,-0.447098709569382,-0.5783019894132059,-0.5721020339455775,0.30018368050396,-0.44211253358961566,0.027187961905289583,-0.3160248924830406,-0.48483056884437736,-0.35923145858163913,-0.5306594535606447,0.3105878573465923,-0.3577431976422609,-0.5531967720823615,-0.04531782555454921,-0.4145804518740753,0.6015214643986182,-0.011661178884763344,-0.15739524399988822,-1.373284071219789,-1.0763864253404856,-0.411081237637706,-0.6793035932035508,-1.0139249288655436,0.07372932106571341,-0.8135701671852625,-1.0973141080038296,-0.2729373317283819,-0.1688457250104358,-0.11442138692005091,0.6503706160514924,-0.45978128195290824,0.40697259746855796,-0.8567518072200692,-1.4734925885927943,-1.7611507052436022,-0.5174058005108105,-1.3881763996099792
0.8992162434326482,1.0200602071780778,1.013580853025264,0.6558372765997588,1.0692006728050534,1.0852930307545594,-0.5874824939685809,1.0486854683521378,1.1198534201364128,1.2556634301849219,1.1702068275024613,1.2354864705815296,1.432858396809601,0.9932986558824317,1.1598080605101402,-0.7194716085367635,0.9986030894134118,1.0496089656541763,0.9387555055567853,1.0308575310043988,1.041448493927332,1.0520846405262958,0.9604216175952482,1.3369419595606442,1.0089622314109163,1.121177436261579,1.0355745544307773,1.3998330772590497,1.1857757290366147,1.1566075225756192,-0.42571036809914664,-0.730268206848727,-0.6745093768971541,0.8754236203456999,1.0592837254765017,1.2383975241085456,-0.5413788168541315,1.078416734151778,1.115813023875818,1.345704915565141,1.2136119590454184,1.2744800351464132,1.3480293738953761,1.645071347477023,1.1539668203259532,1.413796048039132,1.213789546143681,1.2205119436419074,1.085350276144664,1.11845992554935,-0.08183183790928024,0.920925233749735,-0.5654576070685629,1.0727227167974214,1.0557963360175706,1.0749682562520901,-0.20624834285632124,1.107466791794947,1.3833336060734456,1.1271469458422942,1.1370102140632303,1.2911709674643643,1.0300686018229035,0.9526165352415312,1.0832600066308455,1.0887454039260798,-0.9223384131093372,0.9779589608941694,0.9718886971457905,1.0167663669460827,1.111787689655414,0.9908216445464768,0.9549530690523241,-0.9749508987489365,1.1589476761503341,1.17315938694512,1.2925030207173553,1.1385647564333197,1.7221302689070004,1.672866451166225,0.8856475193837577,0.9992043477577616,1.1530717416936709,1.0137525054754586,1.0433698906939968,0.9503887646462027,-0.5646487770061154,1.4581014222131414,1.1466439124830312,-0.7430102869606057,-0.48951217282206816,1.2779042617393517,0.39305937209280484,1.4118032060288779,-0.5224200693946308,1.6202289197573305,0.834920905290335,0.9945353796867453,1.0541042492836037,0.8444184971538283
0.8771681658469783,0.48314177079882814,0.8450644091288804,-1.3330030803900337,0.91205386194361,0.9320928872465913,-1.2636797249303653,0.0785278397919252,0.9727812553048889,0.7266796116021565,0.8114847712564968,0.8732114596653586,0.04067233085948327,0.6634698915758608,0.9750615857834837,-1.761049004695412,0.723736304571199,0.328376888616829,0.6389992430109439,0.9348985455084396,0.8574347429294649,-0.8389711051441162,0.8116950243996189,0.8865812567275619,0.5320653729395328,0.7791218140269345,0.9655974087683408,0.6785908524074703,0.7745910171094355,0.6977485025600253,-0.9762004743928216,-0.5412111922080627,-0.06693478424002401,-0.40117855411404135,0.7437188144576435,1.245322165978572,-0.3834243174181881,0.8604952476698061,0.6636390965963711,-0.3005107020972694,1.109024016262692,-0.5411789551714307,0.058073431615618655,0.9330250838853376,1.0131164261574372,1.0404176599990709,0.6885306522352759,1.132641790098053,0.7863308375574192,1.6307117074332906,-1.949911040471736,0.3695671044196879,-1.9245857907242905,0.7346402772667034,0.9694375097730658,0.9067851608079684,-1.5533102894183806,0.863063087972517,0.5503504480225596,0.7155063755271528,0.7742358682776356,0.8394475478075768,0.9377836702368862,0.7605058813811605,0.8943679918080661,0.8927317185298839,-0.6169463359866676,0.757247120251736,0.309890795252838,0.6365141089576533,0.8028451104039082,0.6829366557483235,0.8359702554863482,-0.6338193882309544,0.7033338983808374,0.8805741464261531,0.41831435938506206,0.7516601279023741,-0.22482396604578933,0.4012870358904393,0.4809949950287557,1.5852035052419016,1.3559956448179382,0.7386105890537222,0.9907252183237575,1.276745117778724,-0.3527097014158891,1.1311726173941314,1.3595673035950915,-0.045050808660024186,-0.11326568244533416,0.4772779107570961,-0.6607889188583205,0.6741371988557715,-0.640585965143077,1.1680556165886815,1.462750636961618,1.8521018648045515,0.8324404006241544,1.3977262016195353
-0.6394764843123955,-0.9978479382851606,-0.8093817454867146,-1.3625936936155663,-0.8345377758697715,-0.8409780642294317,0.13801698932937112,-1.212304567724305,-0.8516898438146028,-1.1411618260555743,-1.0111501010724144,-1.0541210081424,-1.7087922182229727,-0.8835349273343319,-0.9067261859071114,0.0031407480468740936,-0.856627282193599,-1.0875969757997124,-0.8312931359710484,-0.7638580220756114,-0.8259184479718221,-1.7268015086316693,-0.7712852374736465,-1.1470063086396205,-0.9821676475261447,-0.966187655241329,-0.7662287923069521,-1.3085696076445288,-1.0224532568384914,-1.037828979257949,0.06417841751244512,0.6322690205854057,0.8129798880531428,-1.2506280683027526,-0.916279986013994,-0.8172400030211937,0.5264368801816193,-0.8837362717447329,-1.026931832110263,-1.6933426022591744,-0.8667140438177586,-1.8143235961937472,-1.600409473122128,-1.454116967690454,-0.8797881964778969,-1.1581776736833116,-1.1225699781256926,-0.8744007143049278,-0.9096308979239416,-0.40880230129973594,-0.9061018760100997,-0.9515841062635086,-0.24993760970537776,-0.9042968653790365,-0.7907382110049318,-0.835974997998267,-0.4658853434260377,-0.889059538612698,-1.3528323889228075,-1.0000985281986012,-1.0018786495273408,-1.1646523591293436,-0.7912314034168135,-0.7816533428476526,-0.856572817948901,-0.8696495845891185,0.8269525490072991,-0.8165562997312945,-1.025970639536893,-0.906282496090309,-0.9227131160649442,-0.8851142413296395,-0.7526222988511526,0.8734562220318648,-1.043457034600371,-0.9673470764623378,-1.3033862856971365,-0.9983912830903557,-2.0887677302380925,-1.7107738791137772,-0.8377208935639471,-0.3866997813023832,-0.6947854265927049,-0.8622248317808249,-0.765897567050346,-0.5138113962336696,0.5758057348248448,-1.121827737404632,-0.6569590706861699,0.9210370736418353,0.6047966818195815,-1.2487145223934788,-0.6781820397534053,-1.2668192020945743,0.33888414887220264,-1.2854819385649545,-0.17326027522640378,-0.1749363374099137,-0.8486178667872945,-0.19932370996264148
-1.2119332223325059,-1.0143509282804608,-1.261188649031718,0.7435875190538279,-1.3101907177321352,-1.3263874088330856,1.4465983740769863,-0.6818690062898504,-1.3481615684309416,-1.2430896240855511,-1.2913226198135639,-1.3400419138821449,-0.7863263015010865,-1.1416804690894495,-1.3769229021511329,1.7517450542045447,-1.1787216881309734,-0.8395792310378274,-1.1073841066090915,-1.2977320330406517,-1.259377267074575,-0.0445138209272088,-1.2327797658051465,-1.3313956123187272,-1.0789709119747342,-1.2384088881490802,-1.338170033268813,-1.1910847564523452,-1.2381390458307415,-1.1921954281966511,1.1686913461952535,0.9790173533590741,0.6603736434539286,-0.1604884797190242,-1.2099909828932434,-1.482373368493191,0.8431767111484787,-1.2989890187138569,-1.1842521064094995,-0.4292050890595305,-1.4101337141274515,-0.24095834457784757,-0.7943153567065724,-1.3740251585948702,-1.3981911573435586,-1.4668099228801272,-1.2141625063394275,-1.4517581931004202,-1.2268099997839856,-1.4043405957681843,1.3008588627986113,-0.9210172586698997,1.7869213430252038,-1.1568524796287052,-1.3476801550297313,-1.2929274556997294,1.4252709370650885,-1.2610203015928292,-1.1314264742620725,-1.2056427615338157,-1.2697305959035685,-1.367973444561842,-1.3457965304570692,-1.1932958010325856,-1.2998642812317864,-1.3096089398673236,1.0934109950238704,-1.19790372067314,-0.8778941324365657,-1.100779893685091,-1.2223099308359693,-1.165151023620668,-1.2443689479805262,1.114439459639435,-1.203042427392536,-1.3117451639009379,-0.9986741817767798,-1.2288087647166415,-0.4873690060712967,-0.9958789352811661,-0.9816455263683898,-1.6409300993526212,-1.5921815515982691,-1.1970964007828766,-1.3668037412893876,-1.5052853712030996,0.8355152526508725,-1.4591668184153426,-1.5440585163437506,0.6553323341602457,0.6457397225490348,-1.0277362525971458,0.6131785980565149,-0.8808773025060939,0.9584878521532393,-1.4715632440677606,-1.0944373084984247,-1.597064510672548,-1.2449902261248156,-1.0672809310963505
0.13507196735704757,0.6337029560078528,0.31679240114610113,1.8288797325119304,0.3295224617794209,0.32792984473940584,0.5138519362006541,1.0186487095165417,0.3302397486359616,0.699660986675851,0.5388593266124312,0.5730899607569425,1.5707141203920987,0.4477205275182239,0.3865636919514847,0.7890920301972582,0.40081826002687754,0.8236588574715215,0.3998980238217471,0.24512760698126254,0.33699076881482315,1.897102330873596,0.28293584064548644,0.6948912924207573,0.5858254270405097,0.5075315989660357,0.2317508145525797,0.9178724214933447,0.5628778144589935,0.5992102571624572,0.4940528549998934,-0.22001650939925693,-0.5503477128280048,1.347283422485936,0.457974849104701,0.24965001308294893,-0.16210995135832085,0.3782922272799665,0.5874044962917881,1.6340667000230582,0.32579102403634863,1.933513320490856,1.4179457891956797,1.0243999843392269,0.3428480094726625,0.6360916730068462,0.6913059126116422,0.312404003433483,0.4400963058403629,-0.12221189404284137,1.5458567815296027,0.6251483816301754,1.0828330585343955,0.46952458675477793,0.2635605438664899,0.33672688380584137,1.1788768049575333,0.41064935585473844,0.9799050523754799,0.5523420984166606,0.5429137099774437,0.7037009340189704,0.26372463154169246,0.3081028148367235,0.35599383217994907,0.36872025130427427,-0.3939590900041807,0.3472497031278078,0.7136944050338568,0.49318744047834623,0.4635618598570877,0.44877856739025473,0.26035067457914923,-0.4416277054186781,0.6051829772605642,0.47645628541142526,0.9722343692362879,0.5445097536629483,2.1006731780310326,1.4077536692078934,0.4616215147836304,-0.27833502949771866,0.0684806443595949,0.3998451963673441,0.22307859925119963,-0.09713163762281687,-0.22430789931493464,0.5997304108639866,0.04402942597363678,-0.6843225514453699,-0.33598129625569084,0.8675400746360133,1.0233438618478783,1.0716177015007844,0.10337777247214539,0.7955002903000254,-0.21623581615687754,-0.48177336030601586,0.3644825801153605,-0.19031008265015603
1.4276613503862186,1.5262503715565099,1.5867739029875163,0.15686363744587245,1.6142549310532457,1.6225197412557464,-1.4172452767733854,1.3445987118342424,1.6201266762247717,1.7162391302861466,1.7070845107608978,1.7423225972629253,1.6646823946639564,1.5596073966565769,1.6836224227855245,-1.4500809503123775,1.5619224680738792,1.3721434705820832,1.5124575387391879,1.5502903332099733,1.571083047973818,1.1815033224729135,1.5619941647641387,1.730947590606512,1.593278557229501,1.631175783086596,1.5950715488191727,1.6857863335682812,1.6381871320691679,1.6349794831456856,-1.1796712083899665,-1.3485467332931194,-1.2640050712993154,0.8980171398053892,1.6090150618466788,1.5826725451919792,-1.2461410168877651,1.6430189508879338,1.6528674392864786,1.2894405626625105,1.5924536753929923,1.2522657495734488,1.6326566542111765,1.782070223198003,1.676221470010014,1.8092495807820503,1.7010958285118634,1.6430998680574727,1.5916598171539988,0.9792880856435389,-0.29588186417023904,1.4687200205602309,-1.3115591246407527,1.5158594711828726,1.6188492783760577,1.5843854696784165,-0.9940833374083851,1.5759792606408705,1.712074354078078,1.6404321965202697,1.7118396234707838,1.8587394102912271,1.6494090025104229,1.54145328608349,1.6137639901234344,1.6373038344909645,-1.504673199777667,1.5580448756179603,1.4471593242709169,1.5139992224729777,1.5701378018678012,1.5892363925073627,1.558339823895722,-1.5353380438791213,1.6539636464446625,1.664033524744302,1.5872918575256976,1.6456751468431665,1.3840270449759182,1.6153312268961715,1.4481016173326635,1.4870789653207734,1.6658704927383816,1.5819668729030827,1.6264186857185108,1.5677863605050195,-1.2732554933602205,1.6885828445238062,1.5616551980279978,-1.2932751806804186,-1.1710470497283285,1.5477168467657545,-0.4203190497789795,1.0986702884898383,-1.164748305450829,1.6914242283461431,0.5512344551270703,1.080546797196597,1.5703949555277992,0.5687464015108482
0.7190694770628087,0.2444617451882397,0.5959467950610267,-1.8450459459132442,0.5724985214060377,0.578645225106175,-1.4183704975039912,-0.2657052919679639,0.56331677487902,0.2336466403707595,0.3988974027703194,0.3571364467308196,-0.7730556863448439,0.46689770152865306,0.5283689031862955,-1.639080037644262,0.514042013446819,-0.08549875708615472,0.504926565693288,0.6389419729955957,0.5533742404615266,-1.2671467547757491,0.6374321575265604,0.16267739980044643,0.3537640342220686,0.4027572747519691,0.6841398503523,-0.05951533849435095,0.3402760877291805,0.3173568857167064,-1.3026577105704051,-0.6443438132547298,-0.30118986870736064,-0.966987445749716,0.46430223602232307,0.5384192054693088,-0.6967630671161288,0.5742269065238663,0.36616722270380947,-0.9383475656571514,0.5034265517409203,-1.3749320370644489,-0.5577161026829429,-0.213730876664965,0.57811281126041,0.28726509415805906,0.24799292091872213,0.564420511275013,0.4633440987776031,0.3948558170305814,-1.615480918127417,0.2371959664754067,-1.8722305506573547,0.3673575656473587,0.6449100096776692,0.5458736173421951,-1.875712713961631,0.4553718927275194,-0.078568849892479,0.3722672130670897,0.3981244684513276,0.26186638863477435,0.6800113496934203,0.6043974528025458,0.5473862061898693,0.5464351307961852,-0.5283942845344394,0.5699075574600503,0.14938027297629378,0.37228104510403515,0.400448576605293,0.4734259035075616,0.651256064669787,-0.4745680717002183,0.3157305596616198,0.4378294529779181,-0.11241761842563211,0.3760901807625476,-1.5193359149055845,-0.5723297448642696,0.40169149817855615,1.009150451997368,0.7979131945035185,0.5181974112748093,0.7016492882933645,0.9516283086571041,-0.6427122975144052,0.21363368191690213,0.74658685076161,-0.16610727453730664,-0.4863610987191841,0.035337127418670185,-1.4202428613542484,-0.7650068056616759,-0.9037712177626588,-0.05491249150629534,0.20752163862633244,0.8858189953088195,0.5291196113792178,0.21036462333924483
-1.1084603192379487,-1.5147348551056206,-1.3631271756042178,-1.127463979011962,-1.385694741738804,-1.3836509992118047,0.7981458605024616,-1.567361994718949,-1.3696343234353652,-1.6565607892503003,-1.5811318568264063,-1.6179338713013502,-2.1530105232357606,-1.4217074152567342,-1.462047633672197,0.620413962153686,-1.3894688403041258,-1.4820235708195033,-1.3600343674244157,-1.2725607663371987,-1.3519114885209744,-1.9849637692265123,-1.3270761916658942,-1.6782662780654432,-1.5389670734039984,-1.4869269059888275,-1.2990724135069627,-1.7131109627424341,-1.5151952062549539,-1.540695024441743,0.6406403170157721,1.1645589051602325,1.3172517511274426,-1.464961931305697,-1.4558843935027388,-1.2532931599571833,1.0766673557835684,-1.4107553309676009,-1.55119753394335,-1.7669781989544335,-1.3070357766465803,-2.0266945737025703,-2.00346782139175,-1.7976196002031712,-1.4166498458135357,-1.6443379418734085,-1.6449318452384876,-1.3292844046191998,-1.4194976197219398,-0.494110852449695,-0.7415345526935392,-1.4960310999609556,0.33180518051534924,-1.3864573629467507,-1.351729595161898,-1.3549011141460332,0.07858564229971945,-1.3858212196037,-1.7982551604448187,-1.5335143059343557,-1.612617934022625,-1.8199198517626765,-1.3875442105093432,-1.330682066274448,-1.3943410429995542,-1.4257101688813427,1.3424932364719315,-1.3583601547393902,-1.4895264078318722,-1.409388217280618,-1.4145702849507127,-1.4544030547194333,-1.315642513154669,1.3963157012400003,-1.5680421496549435,-1.4872871360920386,-1.690767099289804,-1.5213658973680653,-2.050814792000963,-1.7939695119795347,-1.3895113565256365,-0.9289771808626727,-1.24949112935703,-1.4123837376244464,-1.3328752594640156,-1.1240754213535578,1.1388574360091872,-1.4910000430351982,-1.1398611769431275,1.3870355891698953,1.1486919627093568,-1.5295517184662393,-0.08485169114515688,-1.2731455424750489,0.8311487141596512,-1.562170868706981,-0.13092342069339283,-0.38603847003136565,-1.3620017224174623,-0.17148282536496398
-1.5948215952256095,-1.3314115556659494,-1.6002101612934638,1.338232943617973,-1.5526974299332066,-1.558711884718113,2.207791740733552,-0.7988533150461067,-1.5161799035348753,-1.3520068490163453,-1.4879083194972487,-1.4316779937227637,-0.49552549365766657,-1.5315135511304896,-1.525506314160357,2.2098284625941456,-1.557553330637842,-0.8832646228281698,-1.5511529781348694,-1.5669406257570893,-1.5273650228213012,-0.014319379360136051,-1.6511336110815626,-1.1648472155939815,-1.5053543167827386,-1.4492999032465217,-1.6480706065266504,-1.0029216906369902,-1.380608852017554,-1.3988023706893826,2.008381310640536,1.6227742224631372,1.418535667673926,0.1840072404963017,-1.5236484478580818,-1.2865828775757144,1.7034052174362542,-1.6328315219076688,-1.5022793661348086,-0.19670255064512562,-1.3361046315917149,0.21774445678833623,-0.7321940379943082,-0.7687986575913517,-1.5626011179558157,-1.320426554034018,-1.3799356494596982,-1.4517120693849488,-1.481512878502615,-0.36769382047048166,1.0588273082193687,-1.3321198616883145,2.2909146424814315,-1.3162015415593076,-1.6113868508770588,-1.499345176916612,2.231018032394937,-1.4079458375712823,-1.0750610951165513,-1.4571467755991931,-1.5078435072987684,-1.4342328136991926,-1.7025862541042451,-1.620914325798833,-1.5352900878328726,-1.555180793729767,1.6003275813744442,-1.6005060634574855,-1.2560092437976704,-1.3831885387385183,-1.3700870964734304,-1.5516718607705366,-1.6472901001097577,1.5443336905535294,-1.405934916724867,-1.463499482963507,-1.0011814063994142,-1.4462113544734758,0.42693072920325964,-0.5623293505413764,-1.4405988692065226,-1.5494193032417478,-1.606356418540107,-1.5638929711677998,-1.676071517555664,-1.7367447957363316,1.680398428191672,-1.072704779733425,-1.4439119307321446,1.315213591713646,1.5368010503436453,-1.152005206005015,1.6511414198374947,0.3306839035064818,1.7225186956387077,-0.7483534889977955,0.1229941503336859,-0.9115281829922999,-1.5123729654852607,0.07971778019764988
-0.0004335696664779403,0.6044151192224924,0.283173631434172,1.8443687121011485,0.33386599917106297,0.32143314486290164,0.595154646176984,0.9431310809297202,0.3238579647881601,0.702139742370474,0.5708874570796088,0.6355276538260559,1.7622038822140902,0.3784165954458714,0.42177632474145077,0.7827807664042036,0.326528505432939,0.8239489119671937,0.3052905074544153,0.1979087605208669,0.30873530545471584,1.8693136539113084,0.21240618541081568,0.8740278221458943,0.5188996244920115,0.47516738336536196,0.17099826536070445,0.9286750381223386,0.5438082721312649,0.5588474217636152,0.6275840854335871,-0.09959995189084508,-0.39343541897025863,1.5128001309691226,0.411409244468916,0.33036297909902207,0.02199058746576717,0.2740120091090168,0.5012175758246771,1.3915227522847091,0.34253278597703374,2.0610704153486132,1.4096772914313722,1.1355935008420435,0.3373279937856438,0.6742049560183643,0.672860297960213,0.27865956554911675,0.3933156644107424,0.1286404912415569,1.3985846831925344,0.6122436829896003,1.1251281479842477,0.4750983334559484,0.26689570817993347,0.32410709703183566,1.3076525921329192,0.40700056774558024,1.0000064786534726,0.5353768196984587,0.6168568509559824,0.8775976686973928,0.2547700928170109,0.24069491189126307,0.3466792884892423,0.3712316534825568,-0.25065733948312174,0.2722529545246634,0.6043554714349492,0.457022407886857,0.45978017485099093,0.4056004045684943,0.21009699541005422,-0.3444376685538339,0.591472377009077,0.47092160163207897,0.9220842602666781,0.5136647611018731,2.0481702265752464,1.1403187424527177,0.45089889468760647,-0.08427794549058927,0.16462527450313968,0.354858709017012,0.20590152421270544,-0.005838911262797551,-0.06001960138690746,0.6487183879022365,0.1461229593073822,-0.4913537441885382,-0.17768563468382909,0.5887697818381468,0.9322310125791,1.3088922269517949,0.29920482328335574,0.8930198976208277,0.11282602988951512,-0.30797472530482456,0.3209368142856622,0.13607395913257328
1.7421914654943955,1.816276805101328,1.901956178789475,-0.46879430002224287,1.8441235402318727,1.845314637608295,-2.1326581562795224,1.430595993602995,1.7844871436831842,1.8489664929440626,1.9268976877549737,1.8719192507302906,1.517087106344113,1.9189616849219315,1.8468975768521492,-1.908613894245667,1.9113778541681827,1.3930149738770767,1.9110964206984682,1.7872071818408657,1.818385500387429,1.2247236218952522,1.9426437965167462,1.6261642257929976,2.0006353176451563,1.8383851049771323,1.8798565272669006,1.5420587061678888,1.7816124982962096,1.8390773544297838,-1.8898207595737524,-1.8949475379639042,-1.9289385157873993,0.586792773430573,1.902476160256584,1.41821544183518,-2.0050497652527888,1.9665672672324854,1.9656688256463666,1.0534426466829265,1.5181048367046843,0.9904957347444546,1.6312389055244185,1.3270734583723562,1.8466963597182395,1.7289203784656173,1.8761687601708872,1.649141782042454,1.8256962002515675,0.09150059250558974,-0.10992144795812353,1.8417565242135212,-1.8251081821742032,1.6525186020162763,1.8713188606581324,1.774951673070885,-1.7279307812623632,1.7134309178914937,1.6988956393209842,1.892115316745353,1.9774712489350261,2.0126510317350714,1.9974609518367905,1.9277915305347801,1.8381534800346473,1.8774622654517248,-1.9735990397604863,1.9264744961314952,1.7730679794721365,1.7615068052794447,1.7043995838064403,1.9530609955835345,1.9256254839589717,-1.934701337034189,1.8560700736448406,1.8275077709783858,1.590912356805864,1.8601458593860793,0.6625495201169115,1.2774840747883236,1.8524232152501232,1.4229112325928057,1.7108915188934182,1.9235489596136077,1.9212117080697835,1.785229626930412,-2.026752460260371,1.378255518703212,1.4807412182321622,-1.8880519919266634,-1.9640851731313436,1.656849122511847,-1.3491403814238787,0.15640910967507554,-1.7961490749205846,1.1270994995454577,-0.44750758715493216,0.47441477685091554,1.8101844953306634,-0.39681293982273136
1.4417727706651817,0.8380510616089997,1.2193818488750992,-2.0899161081703275,1.1135102985561258,1.1340370334244958,-2.2279971676671844,0.2625703517602195,1.0905973639231274,0.7711891268315321,0.9299013618027013,0.8194408395764348,-0.6115636397957636,1.1564445628323818,1.019634246159429,-2.2136998571481517,1.2034624527132256,0.31396762426914815,1.2309217915451611,1.2307273279800202,1.1335772150427834,-0.8396635441045198,1.3380638121751949,0.34954678379069054,1.07461641655372,0.9994886480548952,1.3348766543486332,0.34560736123687985,0.8825724277181844,0.9190490681535698,-2.1052776449926816,-1.409665394774345,-1.1450844616701374,-1.0470466214902152,1.1072461517950707,0.7913231974522855,-1.6219228217049648,1.3270696955467252,1.0950427266061695,-0.307172355110617,0.88712229803728,-1.274320002997044,-0.070601537388206,-0.05114306265098104,1.1283596199078663,0.7191964183235819,0.8311828247347447,1.0756289201322042,1.0700283297387463,-0.0621342631895218,-1.3978910300104683,0.8285875340924944,-2.5075073261285383,0.8339621015199697,1.1971951968147314,1.0849233935695821,-2.625733760272311,0.9559653439515137,0.36654534345670114,0.9582355164089903,0.8907234599337277,0.6179540865073285,1.3031894668252684,1.2918107485952446,1.1042750742613439,1.1024025474510084,-1.3452958790193454,1.2669261463542723,0.8494024115057879,0.9509634403386578,0.8972542559121006,1.1448001555107516,1.315374791701103,-1.2045678947946503,0.8855322339023628,0.977539657524349,0.3997522118273433,0.9761025319554535,-1.3506867312537265,0.10054724116441048,0.9841575244611824,1.1197065097092493,1.1449619562466151,1.1703814009793436,1.3038112363623986,1.3574593908514714,-1.54647749539847,0.48914130157176716,0.9961945737790003,-1.0526821797676544,-1.372408892628285,0.9118782741798246,-1.7738808426337649,-1.1532529397018063,-1.7582331614703721,0.05424521335261541,-0.5083158806989265,0.683221583132289,1.126591165443068,-0.5007252926140225
-0.6616255887717648,-1.0653654526145244,-0.9333526872758218,-0.4409054844575542,-0.9052942318191477,-0.898355901194331,0.7436236840176885,-1.000369036587206,-0.8515927833303061,-1.0988089983599163,-1.1090445482170541,-1.0909465743727875,-1.5757354210255856,-1.0097595795095027,-0.9527818782223825,0.46582687627198544,-0.9728303463931527,-0.8932701671316806,-0.9702333864055189,-0.7865512706441249,-0.8837094820827106,-1.5597139973090497,-0.9270031677190887,-1.0270139969280867,-1.1556724704926147,-0.9809819749435803,-0.8409542578891672,-0.9831146516732965,-0.9655548860016028,-1.025662726281183,0.5238238106660189,0.867501835697081,1.1249470868028926,-0.8999669388224893,-0.9937976120800166,-0.5811960538219361,0.9625743063459264,-0.9656772485761287,-1.0921972083792653,-0.9290030025037513,-0.6233097761613765,-1.5694420730143261,-1.3819077569788558,-0.9771489758000178,-0.8947100037442741,-0.9688749266187462,-1.0918016384398501,-0.6907187681271744,-0.9218201604792511,0.24939779188418523,-0.7734838572110759,-1.1160076468592826,0.29525443099713045,-0.8530546005279709,-0.8933207150163789,-0.8489051807381512,0.17512525341527274,-0.8519803840947898,-1.1512130839300294,-1.062895081754959,-1.1858970929638621,-1.3576745386134625,-0.9897202520183643,-0.9370872672562203,-0.9093759484950253,-0.9536392760096651,1.0118265429285347,-0.9523106960490841,-1.0367129736612273,-0.9295634564768771,-0.8700169036124643,-1.0504652187704422,-0.9162704284130626,1.02043567481991,-1.0490267699246578,-0.9660591265592573,-1.024197355099907,-1.0129795068650551,-1.1510699733222782,-0.9435967652640764,-1.026014845441675,-0.4176423107049937,-0.715754811702429,-0.9971320703109372,-0.897243186983931,-0.6949816553823229,1.023851890441608,-0.7169323213504207,-0.5359231143175989,1.1583841932658443,1.0893631506137083,-0.8872002604553739,0.3722742959206847,-0.5606781854528538,0.6189049770327464,-0.7221435880193685,0.4001777590113996,0.2882030605798961,-0.8709502822798016,0.4025258608753329
-2.1163742847498277,-1.7066952626491632,-2.0134550898878114,1.9063175980598965,-1.8574424470351665,-1.882236242327977,2.9568422095592473,-1.0766986814747652,-1.7996436431353564,-1.654588096515438,-1.808208504215066,-1.6631567208779476,-0.4509627507314904,-2.0292598362383005,-1.7793008316890315,2.687226267877174,-2.0499935623316894,-1.0031356643335099,-2.0899044945443044,-1.9203918279764929,-1.878032123656891,-0.32271526345033125,-2.164080602077795,-1.0405767788451206,-2.0578952852181787,-1.8238976430440568,-2.088155249457461,-1.1170970685668822,-1.6759301950990002,-1.7748818464806158,2.6869306209189716,2.2025244226250797,2.130484330604616,0.5203124754175266,-1.9536095987042417,-1.234902781253839,2.535989587139378,-2.2166436334364676,-2.060502412343826,-0.6151642433220175,-1.4090222415040816,0.2058120149925968,-0.9882232857247601,-0.6440070595686117,-1.8808192243038082,-1.49736535152096,-1.7297455174932361,-1.6991686571204652,-1.8546578383779082,0.36594214643459844,0.8093756158619533,-1.7222729456817967,2.9138428062998254,-1.5140941912810733,-1.9377313386361863,-1.795338525756247,2.9794146538735764,-1.653840625980641,-1.255949182585222,-1.8231350056004632,-1.7963078859252073,-1.5831967889070782,-2.1349047873660414,-2.113126036641405,-1.8582935651528112,-1.8851191730111743,2.2617430105616365,-2.1024903537350554,-1.7456732084818727,-1.726291961553229,-1.603939286525154,-2.038223618882878,-2.1156067018792997,2.089165651760314,-1.7423812244137413,-1.7656253176105314,-1.2311068527500226,-1.8242943030733798,0.5032816470544218,-0.9929502477916655,-1.8089077292839584,-1.3857511289220055,-1.6991811301823114,-2.019743404619478,-2.070212072966784,-1.916838943209033,2.490979124036646,-1.0490215890164145,-1.4030070888985269,2.088480484424384,2.355575010729648,-1.8484451663666455,2.004359942931057,0.8631980884660142,2.4277480679750583,-0.5789262527984935,0.9819074523439796,-0.43669710801498973,-1.873466550227166,0.9963269889887931
-1.1181390223820376,-0.5205168215270255,-0.8185261749173696,1.1521444630195772,-0.7769631982786774,-0.7932527074166117,1.3599496860515647,-0.1992688062650948,-0.7927316220228207,-0.4905114391548249,-0.5363130254338591,-0.48605151329696045,0.7450268814018669,-0.742045761626195,-0.6837466033715182,1.485984346944663,-0.7895925561432641,-0.28157705797635,-0.8076610141849332,-0.9249852696173516,-0.7924633133007902,0.9352267809943433,-0.9022066723355142,-0.25228829605355096,-0.6193455401525212,-0.6724430948500819,-0.954417882845904,-0.31322804845073765,-0.6267552927581487,-0.6104666540609046,1.48736734813023,0.9724361534361959,0.6200894083924667,0.7640177039376705,-0.7417857903555183,-0.7434486308321622,0.9699158419379867,-0.8952244410705678,-0.696573515614986,-0.08055227187101661,-0.8565709783704266,1.3237258323200218,0.17953404741499468,-0.00436716645516624,-0.8025694403219816,-0.5361455341771433,-0.5602342689861316,-0.9217908137224448,-0.7612942357267681,-0.38492461318736054,1.1986667717620325,-0.4633483798104139,1.661294332241259,-0.6369190099060926,-0.8233975127941242,-0.7926008242560264,1.808861802018911,-0.7095083663322825,-0.23127384374452858,-0.5966218763946832,-0.4511456102276547,-0.16362838998102697,-0.8262922172082036,-0.8656775146045066,-0.7684865157706751,-0.7390180111915592,0.8258120786946564,-0.8414684015248913,-0.5644652193532371,-0.6690171761930789,-0.6760665453154349,-0.70615607192278,-0.8841200281307283,0.7441733631883148,-0.5862738851918512,-0.6628536500363371,-0.3503366443456054,-0.6519133071435604,0.9513741863665361,-0.19979644736606575,-0.6139602051310129,-0.9247463704366348,-0.8539785408074941,-0.7507232410198996,-0.8870260387938254,-0.983667374778242,0.8916319810654649,-0.4976989814247576,-0.8736215449236017,0.5317354547823151,0.7114125280665299,-0.7861959015958032,0.8452840457863552,0.7936191563935077,1.2735725451532698,-0.16874551775622237,0.08137077062298449,-0.9375550191106332,-0.8211330658535769,0.007113409385534014
1.2719249941483184,1.1497229007522145,1.282607381532767,-1.4921711034440803,1.1161047497828271,1.1411392722577043,-2.027279233693628,0.7111490876821104,1.0504714801997248,1.096904705013332,1.224776464516093,1.0852852721835915,0.6032371594224977,1.3747535689995791,1.0828799204394077,-1.6364108705522287,1.3617802108287769,0.5348643613110037,1.4076813814931168,1.1120558007355243,1.1432615171824427,0.7442174905233508,1.4210826884243202,0.49563985937179955,1.4978986290001328,1.174970047805477,1.2914397621452487,0.6258369201218296,1.0328420401945155,1.1652586863205698,-1.6613785353832646,-1.4276649971355244,-1.6193252654409305,-0.37609512429534925,1.2746059120602073,0.45098016404652386,-1.8567625744026612,1.5154858886762979,1.4759548325783094,0.5297396398867201,0.5773151631944349,0.43700813149002793,0.8444074333583386,0.314052335438703,1.139797499957531,0.8930270636415857,1.1430129787416476,0.8864905378512338,1.1472101781759416,-0.9067880148029984,0.005418985595580795,1.2043788365897818,-1.8661918912863633,0.8323443031039696,1.1777419516577927,1.0491717764681336,-1.8767550457749476,0.944758148164647,0.8329463272083206,1.211829435392054,1.2500566735737573,1.1640486444501352,1.406140318164508,1.3803149225430706,1.1290793439305875,1.1762814832706086,-1.6033299074529876,1.3846612193513372,1.200969577158805,1.0680097921457896,0.9073884110104093,1.4006781897773672,1.3653202977477243,-1.435590863337514,1.1310194397787903,1.0978807091409686,0.7483870013667463,1.1905246637754958,-0.13102512307019173,0.7422483013118518,1.1877635374427975,0.467078793251887,0.8705663879426712,1.3467409010145246,1.2971874092621292,1.0394481485530875,-1.8500593645869141,0.4357064392088573,0.5427213818206487,-1.6612983566445028,-1.850924437486653,1.3153873740432718,-1.324689668770105,-0.5629178578524647,-1.5369566171159927,0.17562613664331317,-1.1330704049219278,-0.4162289774419349,1.1271084367542248,-1.2583473705542176
2.2318171981019894,1.623332373633262,1.9740493362690683,-1.6335793546077084,1.8542194496111277,1.8792911921142632,-2.7502497564002972,1.0288409177035696,1.8243423138773134,1.5948032316434264,1.6746907403412827,1.5550168741103252,0.06576996762996486,1.9486069741682823,1.7378604535719289,-2.664473878785438,1.9846456351039723,1.018629590950911,2.024960570338724,1.994370520579021,1.86511565841271,-0.12333031815839579,2.1332728633452014,1.0539935207508218,1.9252411748253633,1.77606318979714,2.1151960192107673,1.158053020344571,1.6774287464401063,1.7260672717288676,-2.744069728432757,-2.2126177500279516,-1.939694478138608,-0.6609932095742048,1.9193558844714016,1.4338693504289124,-2.3742054266625194,2.197939882466536,2.0037168050041743,1.0225676906725676,1.6937889911561625,-0.7246305426763358,0.8261161988570482,0.6522310008866888,1.8955049580919476,1.5265302719841483,1.722832931539231,1.897009570611054,1.8653017533651646,0.11211901850990379,-1.0727992263277835,1.5890739726102348,-2.854192177027557,1.5586896897277718,1.9224928860306207,1.8237891707845475,-3.042000828517408,1.6812264053068313,1.2179902064634627,1.7367444233228846,1.6047334552203418,1.275204496035059,2.0489347972540513,2.0785590112378722,1.847770924760671,1.8460488864890197,-2.120994350623,2.051944780750093,1.695514791822173,1.714535706064353,1.6435638692015917,1.925966132332054,2.0777022528210187,-1.9635160334725923,1.7036650370945479,1.7304410290624628,1.295811883954052,1.7804763460203774,-0.598541888102942,1.078319370468031,1.7381099744952018,1.5478808459314086,1.7565740931623914,1.9382742281444882,2.0484506798487607,1.9647199960133062,-2.3062202605662345,1.1778606674169358,1.604509944344803,-1.8426043158832275,-2.0981243909028136,2.0389284844485402,-1.5022895444809274,-0.8800298001286835,-2.494853400393986,0.6859895143982311,-0.6835341178522074,0.9601956266341928,1.909875777877788,-0.6097723601821425
0.5450634262930847,0.4098437082066586,0.4712208823111589,0.9865156616255162,0.6021437933924044,0.5799442970870137,0.013896122523838617,0.49616626362746125,0.6424080917102156,0.4764572151336284,0.37657948085179127,0.46804712429201434,0.05948013936575349,0.34236052130004846,0.5741634296714615,-0.33198475837962405,0.3811537496650895,0.7027733662207081,0.34229573492390053,0.6627765601040454,0.5639792700262056,-0.34845216930528233,0.39089039054903685,0.8653925290067229,0.19879522730625732,0.47656699159271493,0.5299517478166395,0.7279744711331267,0.5811688530994753,0.4600259927484607,-0.3758143836656933,-0.4219559362793212,-0.018437245682216538,0.5244720425884953,0.45661508216173036,1.0346215029295234,0.021151069094815293,0.31055240098485726,0.2447301801662915,0.4772344944418509,1.0816179036810778,-0.449184457224701,0.29123349616355115,0.7339706631642817,0.5859971932988797,0.652957178445203,0.5049150192199963,0.8397567147831693,0.5635163523206609,1.3684458546083793,-0.6570767329535308,0.3239753912831461,-0.039239888232099805,0.7283731922718627,0.5646183756222151,0.6411228557400359,-0.11561725683588416,0.6723874311814525,0.5387301430053615,0.42483609767434694,0.318562518299729,0.26027954495469463,0.38291508955672326,0.4121061063440653,0.5795069570376823,0.5278907766703317,-0.1712955767431312,0.3969747743976448,0.37643903227321646,0.5524844861216276,0.7025723157594178,0.3093441963807654,0.42805007937557027,-0.29308029494528615,0.5013806500514987,0.5450279109047216,0.6651328477629349,0.46442150213104605,0.2880754238224591,0.392877786443921,0.43395186835608324,1.0529470024187109,0.7877582062961079,0.37184993490208573,0.4949670774919627,0.6993495376802542,0.04140216924268294,0.8932745547849643,1.0281495971348653,0.10764495716298944,0.21743738703012114,0.3302158182674779,0.1912324506304513,0.3344232338598613,-0.3743953572337567,0.8292155615292397,0.875412033575175,1.3943228663474314,0.6069257715191786,1.1446489211344961
-1.7815876207894685,-1.300070961409181,-1.5875127627592454,1.9505791703729376,-1.4152171979649277,-1.447704134125974,2.4880722439524545,-0.655854238013047,-1.3601079871297488,-1.2642050881034261,-1.3622224912443395,-1.2031358965522456,-0.06397021436867617,-1.6290051780166424,-1.3122696204610393,2.2879748904530928,-1.6389750360456263,-0.5481345586381424,-1.6972795260455784,-1.5219483595319456,-1.4253753669263314,-0.08352048046270942,-1.7871514890401983,-0.582364367163371,-1.7236929387524362,-1.3942156909310817,-1.700106485992771,-0.7135958917051436,-1.2732701827362056,-1.3720562797527505,2.3471972828769183,1.866020871790968,1.8015183462901652,0.9695539015603892,-1.5653400391132812,-0.8090124738672098,2.2155713055552275,-1.927887662219629,-1.7978485607312689,-1.0392516635033868,-1.1010834668675855,0.37628477611212574,-0.6896578693268598,-0.2687600943250635,-1.4713673017674247,-1.1225117615143536,-1.4104962880132828,-1.383886945931892,-1.4544213459957067,0.5328532129852549,0.590066758400559,-1.3127795007692498,2.58357077447007,-1.0704811156200675,-1.4927218676224951,-1.3589690052991052,2.8029110521243377,-1.2027177876788473,-0.9038477067958667,-1.4031111927572342,-1.3263111819840088,-1.0415561396381345,-1.7093361690775135,-1.7280909304111487,-1.4146812022562345,-1.441902604733048,1.85750990826776,-1.700768032676772,-1.384464950469599,-1.2976869329945009,-1.1640124860273136,-1.6202117119619908,-1.7050113178919029,1.647195674356663,-1.3482012079612244,-1.3239767751515819,-0.9151202774965097,-1.4212377745667744,0.6451686291102935,-0.8544560710293323,-1.40869867093537,-0.8769919062620011,-1.2165609733643896,-1.5997190546716136,-1.6508062050410008,-1.4488834114319864,2.174892315823844,-0.6254296382543086,-0.9773943929853532,1.743641756434478,2.0567090026536814,-1.8615983657301556,1.1866237748932724,0.9100804366341722,2.1195505172487907,-0.24595444034206695,1.0469050453031892,-0.21821146162221594,-1.4740649010266127,1.092366002418972
-1.9100075012888527,-1.6211219979971543,-1.822394644953387,-0.3959579918801059,-1.8950501984612764,-1.877407357857601,1.6184961219415253,-1.367887833473468,-1.8955343102214013,-1.7088112520351733,-1.6285529030425325,-1.653475387129475,-0.653454526896786,-1.70087008099603,-1.8146792644821532,1.8785220555830173,-1.749560735724686,-1.5398293973626649,-1.7275981508532132,-1.9906473566676544,-1.8439026996803929,-0.156338146653217,-1.8213115847923271,-1.8290251610164239,-1.6220120434873695,-1.74110633622286,-1.9346136631802313,-1.706448116067702,-1.8011575554783492,-1.7199605345717057,1.9690290167704958,1.8966703059297918,1.4137273073737637,-0.4474636714440012,-1.8169764039352747,-2.012035411968611,1.5440344701643463,-1.8201313862240611,-1.6938908617101602,-1.4932826009105684,-2.2620366882166163,0.2173861452691682,-1.277804606843964,-1.496185295365407,-1.894625446091186,-1.8373138777792326,-1.829414557147235,-2.12304398659219,-1.8711715649618663,-1.4468052918679484,0.9558026577076894,-1.5302213404041993,1.5620282039125812,-1.8474654481398674,-1.8789614747289283,-1.890616380717791,1.7762431371776255,-1.8464034345960363,-1.6001851311565176,-1.7011638395671962,-1.5526921818753947,-1.395767052798144,-1.791966637958284,-1.823057542229941,-1.8669216755683973,-1.8244255084028944,1.6193800264768148,-1.8009296983941796,-1.6230502900551,-1.7658485847539418,-1.875692465556304,-1.6704366073688512,-1.8229636181507436,1.6689674158432115,-1.7719803616186642,-1.785277915952456,-1.734427686759669,-1.7475795138412362,-0.4624063279411788,-1.325702755608186,-1.6905989203212144,-2.0140023253997392,-1.9577582472277708,-1.716427393743363,-1.874246388627851,-1.938581254914658,1.518391206739749,-1.7770074937894207,-2.0752794658957137,1.2385070860103344,1.2138514933323243,-1.7621900168522235,0.5289338746009546,-0.16272083876953153,1.8719748895800419,-1.5250853734693275,-0.45933305959807574,-1.865476561381454,-1.9194742943829868,-0.7972820284415801
0.24107077945963293,-0.06035898880956871,0.0962421547137059,-2.088494144463986,-0.09258342973690033,-0.053901449991800236,-1.0214333368118977,-0.5696236546211442,-0.14471255720410664,-0.11895677935794029,-0.004548417536093396,-0.1653765604431482,-0.609946340065547,0.18991565621566917,-0.15290875672753837,-0.8125651006013486,0.17053337284966946,-0.7360126425937316,0.2358798935077365,-0.029884412313527745,-0.078714573083114,-0.32527018683016645,0.28990816456848456,-0.7691696740737352,0.3587969103960374,-0.052292992891325975,0.15674771723878494,-0.6355140240238373,-0.16571628276649997,-0.04817057335980204,-0.7725641358937235,-0.3483098470626984,-0.5245763557788816,-1.4924065248632779,0.09150540079000909,-0.6538450736488288,-0.8442234990967427,0.4643977604703996,0.42327699918627226,0.20261862869029654,-0.4601849912486399,-0.4178314808370852,-0.3764846020258551,-0.8536110370761647,-0.026503639275874277,-0.2895547740501232,-0.006798267996836811,-0.17043957582063315,-0.040082346173721514,-1.2683304102299948,-0.025386783737273023,0.0046179814659336954,-1.2809679140951156,-0.38109009748800693,-0.013118050456565973,-0.145728879492302,-1.475299349299116,-0.27344708920314365,-0.36535862533638447,-0.001817278907693858,0.0016540422140511983,-0.19138081477165741,0.2336369519699449,0.23904282461826518,-0.08653398785389957,-0.03627951282255847,-0.42446476097738733,0.20902193171558647,0.004769052847968599,-0.15229743757279834,-0.3172271521609371,0.18816501650477352,0.20284768741111991,-0.1977500814662146,-0.08120845808195104,-0.12797715639280136,-0.4246694357350524,-0.01598129621119878,-1.0720462517036549,-0.22154202175077883,0.028456240716338507,-0.5733516965696093,-0.2818849767884097,0.15256018071986244,0.14025897593533898,-0.062386184456043325,-0.830884889184728,-0.7313493415790724,-0.5137744810652368,-0.5279485959171626,-0.8840347942580639,0.5398012458088854,-0.30878180100865493,-0.9393258753933145,-0.5975929437536065,-0.8526472490541864,-1.0998457315678725,-0.8789905646479768,-0.041587016627787,-1.3254395041733202
1.9098035699809204,1.576998333831628,1.8311443074038576,-0.2669011502538775,1.849893353683835,1.8375389407238838,-1.906136361265698,1.1188042490994194,1.817787275014463,1.6811958726443257,1.6154959077861026,1.5813943840468005,0.5082992459542909,1.7435263648670414,1.7433463480266314,-2.1514533943411767,1.786496396127363,1.2286113175206717,1.7837275462742417,1.9582874911568051,1.7858209015028434,0.14163108999164978,1.9002073308094867,1.6075527072902718,1.7786534766945143,1.6983834839426732,1.9745635899482272,1.4941857982177944,1.7276242929476657,1.689560090829013,-2.1792297812078334,-2.0186268317916984,-1.5933198020393233,-0.1669959407991467,1.8495363253454724,1.756163714330789,-1.8364401832683654,2.0162134310743665,1.8806892847848489,1.762736271845125,2.1403210583795764,-0.1805988442497279,1.2618462905674892,1.29357305046023,1.870440651156818,1.7872289404876438,1.876841529818349,2.0854120226367736,1.847250993277477,1.06571953996519,-0.9237047857829612,1.51113566355363,-1.9225943628611202,1.6836414631128216,1.8497474821623296,1.8077949134999873,-2.3041131763294764,1.7128552405605306,1.492586864807127,1.6882907538666128,1.5395947043495708,1.3565698602876035,1.8610619084175355,1.890430281763775,1.8193818823554528,1.793312308351251,-1.75159463260564,1.8613038664862587,1.607156971799548,1.6754776025262907,1.742541765804097,1.719554136729295,1.8653112466361976,-1.725121690367318,1.7507035506488706,1.7181383997965767,1.600043924424058,1.7280789271693897,0.21242891523936952,1.2754272382252085,1.6725116571621848,1.7622739216097039,1.8263230233150571,1.7387716570764147,1.9013241554592897,1.842070678270628,-1.8237782405684109,1.4981765191943592,1.864551841378286,-1.4165133976906186,-1.4906442264136535,2.0144153646223213,-0.37839367820715974,-0.012889818468372434,-2.0177576042898746,1.3174139442144492,0.14778650834842685,1.5581969462221152,1.8892306800648975,0.42372230983557213
1.114344972285484,1.2515714723662044,1.2312314697330815,1.968918298752846,1.4137400099068955,1.3695392859142457,-0.3785115045895238,1.5712917812813807,1.4465262002045485,1.3489353807677567,1.209622129679253,1.3483278310971303,1.1708312025832046,1.1110237588233192,1.422400441654808,-0.5984038866184462,1.154487755360944,1.7519649330615976,1.0929521014704515,1.3955618853112537,1.3926375815689516,0.7478755530774795,1.0781813679511654,1.8966291868330813,0.943472160359931,1.3222937454593948,1.2359647442352466,1.7643316168145038,1.4160146039280037,1.304358305989741,-0.7020867131106272,-1.0657932983205187,-0.7025090596045375,1.6932855001103568,1.2423571239279745,1.8375614332471224,-0.5115665749369186,0.9406821462132502,0.8989769854983897,0.7279825809182069,1.8079882995996261,0.5493697886232883,1.3748525777968308,1.8078133380383519,1.3465809983630657,1.549910475950656,1.3098733081216247,1.5532075389099322,1.36325677896025,1.7654880595382507,-0.43027354924588584,1.1489646393665804,0.012234021756668113,1.5950091769916337,1.3338130533399637,1.4438952971913384,0.08611721038667272,1.524476261809788,1.4625454423866455,1.2456477172109959,1.1638402291665673,1.27642678898562,1.106186690640777,1.1143273726730125,1.4022715448651728,1.335356917765119,-0.9149128177880159,1.149120012982892,1.2319328135977787,1.4041083876050282,1.5792052917156012,1.1154575525255375,1.1505643094920885,-1.1242558914026126,1.3546144181348019,1.3919142622562135,1.5752611169921178,1.2913226123652235,1.418568334733622,1.188275258308702,1.1841137102925372,1.7244877859774774,1.5428359879827171,1.1440278005960642,1.211067585067697,1.3362951470440907,-0.5101887974666485,1.821710910343457,1.7336500522231053,-0.6492452433387051,-0.27633006461462123,0.7903526802406047,-0.32100453158466696,0.9562200942092529,-0.8046206956405643,1.7819342502155626,1.023276049927534,1.713309631363928,1.3770076514694622,1.3813953673877286
-0.8788138151855104,-0.575598180868621,-0.8097740426291191,0.8921551036616032,-0.7877068876941874,-0.7812626871341389,1.1324548696634218,-0.040550362077351534,-0.7363867994756801,-0.6768635970114082,-0.6340208377766644,-0.5569039068952748,0.21230804933479253,-0.7642973859213738,-0.6805079970256817,1.4152214693162426,-0.7905338030719234,-0.08983949807382816,-0.8038982877124051,-0.8899790278050193,-0.7113924440835216,0.3447168279019142,-0.9242382781232251,-0.4976445213486967,-0.9092394546160211,-0.6569608960855121,-0.9578177242997881,-0.38886499136724884,-0.6709739748292509,-0.6667548344634526,1.3090709456985374,1.0711214925364065,0.7884356919678475,1.0815162726667966,-0.8465787163814366,-0.6127346908330117,1.0857773582749821,-1.147193981437721,-1.041204337482183,-1.3337149512636661,-1.0335204910565996,0.39545136046726703,-0.4172022045383539,-0.344066323689583,-0.8280433992996712,-0.7733928919691486,-0.9107597795898877,-1.026886607137533,-0.8013659831121636,-0.40489905169143015,0.6824501096462945,-0.5545046895263872,1.3615409839252652,-0.5740021799315725,-0.8003173517786167,-0.723012846403536,1.8806709744971901,-0.6058635103959965,-0.4882184722965926,-0.6840321768929974,-0.5727158970235606,-0.41204608150510075,-0.8890110751512915,-0.9137358236251478,-0.7557051128618374,-0.7503865537120186,0.839023167608385,-0.8738372065308578,-0.6090755536398379,-0.6010435460325739,-0.6314425290952406,-0.743196542159768,-0.8628492637212584,0.7485380619008979,-0.7301464221118483,-0.6560035246020568,-0.5483968912707703,-0.7058168487927248,0.3994090631559467,-0.4352666229931338,-0.6838560923260917,-0.659920672734755,-0.7357662982442222,-0.7402367133590676,-0.8885259136149172,-0.767051150719524,1.0926918860466868,-0.3770685032903251,-0.7463860728506793,0.642646970863745,0.8255885977585782,-1.2657710141532288,-0.3259324555078399,0.23040108022022834,1.116508598132759,-0.41484068895429504,0.03105923261710049,-0.7321296924058017,-0.8340957450359305,-0.09617985428545286
-1.4826057058654811,-1.4997448654372754,-1.5831539864838515,-1.570926631242746,-1.7506446789936831,-1.7014012848701312,0.8917264533061222,-1.6664107788111429,-1.760291537649689,-1.6428974610066938,-1.472036409280584,-1.5791536211336825,-1.087847535693001,-1.4595750111187262,-1.7135003621791198,1.19811013467482,-1.5178141075205946,-1.8303533728159627,-1.4680099641367,-1.7722024996737342,-1.7193294389163951,-0.7277394788545002,-1.488382356671274,-2.0994714562404795,-1.362648578435032,-1.621397001619514,-1.656427132112478,-1.956985315055209,-1.6973210448038212,-1.6040561797737352,1.2601596629445253,1.5437796895030766,1.0835284361968855,-1.2740941034605955,-1.6188576842860833,-2.064483749620862,1.0279571196018378,-1.4536710257072,-1.350902992908411,-1.1820606999836962,-2.198171515128706,-0.48994399630645064,-1.615445004689872,-1.99995517950119,-1.6913175772428535,-1.9035974773510174,-1.6948607929139425,-1.9876401719478902,-1.7108893749843765,-1.8660371346011526,0.70686923703613,-1.384190330906914,0.5434404264452896,-1.82333540117029,-1.6696276686249027,-1.7500330074725543,0.683012294960755,-1.7842834035608162,-1.656962236383059,-1.5348284708505004,-1.3955678719492548,-1.4681072431527091,-1.4892239011702535,-1.50937034559238,-1.7348478679856896,-1.6567419899245268,1.3300438767213119,-1.5480857925555231,-1.5360291216288169,-1.6766265164907397,-1.8531849685216133,-1.4744128323779662,-1.534095102420766,1.497844858071618,-1.6761017341015547,-1.6812470422057233,-1.7971675822064108,-1.6064713142709306,-1.3420174645067258,-1.3974283258155609,-1.450847332090542,-1.9423365510110848,-1.8283772007239258,-1.47916878415393,-1.5895911041353077,-1.6173924260637154,1.0271323619007393,-1.9869572299803862,-1.9953444942797198,1.008552233246182,0.6569034671500282,-1.3430878624263358,0.25982068216021353,-0.9176543156153112,1.277755873350212,-2.0057817733587964,-0.970273189455889,-1.9503393253277206,-1.7293538502201342,-1.3529083319110773
-0.22202640345168176,-0.46181698360541074,-0.2882288430462806,-1.327894144530146,-0.3436814410765884,-0.3429042776058933,-0.21880076331035145,-1.0209469353830893,-0.4059175180991717,-0.3938085144960163,-0.3923043638500086,-0.5010241562606783,-0.8794899079539584,-0.29360704131841725,-0.4359570976957244,-0.494913528786974,-0.2903876633233353,-1.0197651848987843,-0.2660876128510533,-0.2637059758966974,-0.4313515934373387,-0.8381249734662906,-0.155396750765105,-0.6516818015632558,-0.08585224937100108,-0.4434215326631791,-0.16476711898164614,-0.7411860197214919,-0.43846082214129944,-0.4178253124827254,-0.28751471582905647,0.0074367926748439865,0.12318368572953757,-1.7919636739637876,-0.2512883066560475,-0.5540643367472821,-0.1786349056500708,0.12066493662271716,0.06756412246448505,0.7330125501428288,-0.17117492456630537,-0.6394763924626911,-0.5104889815092499,-0.6631342807894653,-0.29081900747936373,-0.33935100879142643,-0.16327274397914224,-0.15380986245998282,-0.321921253482549,-0.27349530738706757,-0.34694750839501987,-0.4331735347351323,-0.6289846634723095,-0.5543462930742439,-0.3174921930244707,-0.41676971416259423,-1.191059629969904,-0.5378289066913821,-0.5477689920450769,-0.3786641679009221,-0.4291971616752405,-0.5623217032660446,-0.17602153322227929,-0.1566632574521898,-0.3779315305017926,-0.3576317996702488,0.18499808207359889,-0.21289023865602813,-0.45636770885386035,-0.5179961792270715,-0.5246496279276934,-0.32132703479021313,-0.22908085887706592,0.3204897932969184,-0.36274198807059943,-0.466062972374051,-0.5386349332487237,-0.3835539394431573,-1.0028266012330154,-0.47081619209501574,-0.3470225589936394,-0.45725344364472664,-0.40260098261570404,-0.3325890810237499,-0.21238621714177489,-0.3446600762733177,-0.20003461481783985,-0.7533940933141527,-0.40645563867301016,0.23029792221713796,-0.05806383218706361,0.32357910069778406,0.9250357490980776,-0.48598707144261805,-0.10423094772523217,-0.5597111297782505,-0.20487845849672043,-0.14000620427034952,-0.29669123554971016,-0.22548764823432968
1.0132325128830653,0.9533575148688033,1.0996388214603816,0.9878861362257115,1.2457197884778708,1.1924780055149529,-0.6325430561449663,1.0049768194451418,1.2310369070906717,1.132263391255806,0.9364284382837589,1.0057860740228193,0.4766000597071596,0.9909769901295307,1.1719416180813347,-1.0679720688602912,1.0532418579124638,1.1324720588033612,1.0206701997681173,1.2980139694523138,1.2004680813590858,0.31880133949963485,1.0695585429123358,1.5079397868493165,1.0037187797253972,1.0920865570912557,1.2332367648469655,1.3523110099264883,1.1536582911212123,1.086206164701705,-1.0168492327585412,-1.2017544144778736,-0.7282372057196767,0.3972291210391263,1.1664335479007635,1.483750944184021,-0.7995280839517998,1.1712724363874254,1.033899676980523,1.1778484365299464,1.754016760234583,0.23684059276292013,1.1811441028519432,1.5172454148700065,1.1990903614964636,1.4596219391956067,1.2763686855899614,1.586441711025154,1.2204098363551346,1.6157863943695112,-0.8011016070162243,0.8489161292695756,-0.46186778817735696,1.2261126450311155,1.1648699527763238,1.2126477905414694,-0.8612525716900603,1.2062488388678494,1.0835143678787353,1.0104721883982735,0.8407619394235368,0.9026924428183848,1.0477827788991956,1.0792870573377278,1.2254283857026895,1.1435783187796242,-0.9396220738049718,1.116739435322535,1.039141074264126,1.1193176207596849,1.2879240633150784,1.0183777784792822,1.0834411650778297,-1.050580263011464,1.1790138475758498,1.1374640506359635,1.2292852589644057,1.0996158786788799,0.8850149138067096,0.938922343635263,0.9223824620640281,1.3802266432960437,1.2861401528920997,0.9914056774948026,1.1314459740648313,1.0672013610874707,-0.8092395247354776,1.3699379329061605,1.4479177065298952,-0.6550783200384178,-0.36523242342966306,1.1790314406814757,0.3197509083855295,0.788201714464727,-0.9521323832796315,1.5958041203776185,0.9195265573719412,1.6674513659527654,1.2392347357043176,1.2383642811305346
0.7572947263177978,0.9250573221340185,0.8276925349542381,1.4916119691009424,0.9136043212718519,0.903404117254951,-0.2185218659661532,1.5076815882469738,0.9816538443737132,0.9208208967499059,0.8487610390921736,0.9808994195400063,1.0723479835349226,0.8011275973066793,0.9818879260655404,-0.05052095031050556,0.8233074911024016,1.5374310819012995,0.7947299144526025,0.8690928403167025,1.0107854096522086,1.0179042797519084,0.7028498015197961,1.2707490161048218,0.5983184375090395,0.9768729209464625,0.7569517178244616,1.3166594222712742,0.9809195921764085,0.9433867237423209,-0.26656044691590447,-0.5886442649682136,-0.5530818519013371,1.9803948781099165,0.8140588915592875,1.1719642359823752,-0.28831724081550786,0.44856254501054815,0.43718162478901595,-0.32975357230632224,0.8786601375295918,0.7416738448777447,1.0109657238643224,1.2558808571070605,0.8572992614155333,0.965445716091219,0.7348067371798181,0.8504376398150477,0.8924116981774143,0.7900519665511957,0.001394004595524825,0.8527966288096386,0.23438466212045583,1.0902077760595383,0.8704103288011351,0.9827326161939391,0.7063253095753063,1.0973330017642353,1.0361675781158926,0.8774532870343044,0.8552787652184046,0.9813804080956742,0.700300176164829,0.6871205880694722,0.9512985456826398,0.9005021708113191,-0.6940091246638738,0.7647151984265554,0.978715017088017,1.058646419078362,1.1063695222403658,0.8475912525777105,0.7736925078148125,-0.8527928155193664,0.908388854145447,1.0237651961079228,1.0729716432317793,0.9159030337785314,1.333744972016294,0.9466469292944624,0.8063632373796092,1.0389830598747816,0.9831990334603711,0.8485660844258387,0.7660745096390705,0.8721110995174813,-0.2637829744072237,1.338891026540001,1.0163496096139073,-0.6303383577160793,-0.2519102589819684,0.25636202679438813,-1.0078120967661521,0.7514074139222564,-0.39943627527775544,1.1766385372078374,0.44828581110482657,0.7426696147614017,0.8711301732992309,0.5605096207960941
-0.32531638132908747,-0.21962526483792388,-0.39366302563117594,-0.36148281791299275,-0.5073100128533542,-0.4524594451607306,0.18139980112698,-0.14795912099909236,-0.4644228761028915,-0.4055475297150152,-0.21036215174908646,-0.2326556282867836,0.2151622772329546,-0.31338599151911184,-0.40461214939869045,0.7023501348957065,-0.3683501848001851,-0.2271036320572095,-0.35617586404018464,-0.576624343059698,-0.44259680630538706,0.15965759795635504,-0.4268541043485181,-0.6648126964955725,-0.43621503896518243,-0.3426803644289537,-0.5667286492708675,-0.5134750740397269,-0.38850878430101426,-0.3536082714292517,0.5465935989329238,0.6259656658481754,0.19993203681005048,0.5520450656562884,-0.4843564921797191,-0.650209839593365,0.37990718667566115,-0.656464362672705,-0.5118145925779038,-1.0367794566842976,-1.026066472039767,0.056347727313056595,-0.5462748063504181,-0.7894365528612979,-0.4734121116420036,-0.7587374866535519,-0.62848447976985,-0.9026719115833698,-0.4967357300779406,-1.1554603722438306,0.7353853540589231,-0.14485795622561068,0.19709622946691321,-0.4113321245228684,-0.43207319608866784,-0.44234542545540867,0.8326373903424512,-0.39818402970914984,-0.31084664386387584,-0.27997243665340993,-0.10809604225116336,-0.1604310121345461,-0.3894523224447128,-0.43260903224816644,-0.48066895485878286,-0.40683444574036576,0.33648457059802406,-0.4587201526803741,-0.330846157881742,-0.342092252518725,-0.48556124334509987,-0.34804002330265743,-0.40940090270397644,0.38259698650699486,-0.4597665841916788,-0.3633230227020185,-0.44790165797156706,-0.3751734588611655,-0.2923593623448867,-0.2779359409961723,-0.21039314872084722,-0.5755030858351837,-0.501184464724835,-0.29176616319604987,-0.44480334596752125,-0.29895099096101546,0.4019172395383956,-0.5096416545703254,-0.6506304183149542,0.13760548433133332,-0.05187030910020185,-0.7862951290326945,-0.9503648600024588,-0.5467929477369208,0.4215380328050744,-0.9285089513916497,-0.7617514400867706,-1.1374552730608427,-0.5147854707961409,-0.9851474596736249
-0.7340804831794662,-0.8307121917619618,-0.8138304763472118,-1.391812678214872,-0.9226907615361937,-0.9007128320913862,0.19123629303989975,-1.4278145143204655,-0.9874404373107003,-0.908135575529495,-0.7479751365467419,-0.8901455667022206,-0.8176502229799513,-0.7693783500534999,-0.9577507592326524,0.20606291433780102,-0.8152770038517735,-1.464565760228259,-0.7910994800139235,-0.9216733468758025,-1.0247820302484925,-0.9110538834288634,-0.7245973860147435,-1.3413220332853004,-0.6384125583876333,-0.9483715990031338,-0.8170423982579416,-1.3310751964502177,-0.9587001681126394,-0.9165260002909043,0.3566420261514807,0.6776968849450583,0.5244461767352002,-1.6594341766526004,-0.8450012708002954,-1.2207203892104055,0.33365599570534077,-0.5629259696233267,-0.48440348287201357,0.10795664109199192,-1.0646299988347694,-0.7135568455961603,-1.086081642056981,-1.405761823261364,-0.8697724763282435,-1.089784270224421,-0.8055507013294689,-1.041266358030663,-0.9113927189820278,-1.0812297696291484,0.2906345458856886,-0.7273674372794632,-0.188481443292574,-1.0371575073908614,-0.8599114236175273,-0.9741658955704706,-0.4390294625416699,-1.0712434456889837,-0.9814510642539874,-0.8206691835912368,-0.7213835126883767,-0.8578956706131297,-0.6905819107705824,-0.6870299755367139,-0.964071048283296,-0.8816796670994249,0.6984567421942106,-0.7874814043718344,-0.9679211365408175,-1.0259959429058154,-1.1108134025233118,-0.8451922303378049,-0.7772671610256969,0.8560376182100711,-0.9113849936749687,-1.0154599765442027,-1.0579278044539697,-0.8974951632598582,-1.378512837929993,-0.9840722446800176,-0.7119534543924521,-1.0612853417773704,-0.9931468292612702,-0.8164509529486523,-0.7744580387364564,-0.8140044789756256,0.3173383729283341,-1.3604456908826192,-1.0638223708669832,0.5836027005825468,0.14086939586487282,-0.47302322154709203,0.6034567885405361,-0.9807833385981951,0.40866593420587244,-1.395863354674419,-0.6971140274101112,-1.0182830929528472,-0.890331298238201,-0.84219711129071
-0.14196901516124938,-0.2716826990424249,-0.10132277104106584,-0.186647081375667,-0.031193410727150428,-0.0836831708602414,0.061128787156083636,-0.5010926174218542,-0.10460530756602744,-0.12057880352617299,-0.2730253809075291,-0.30570787710590014,-0.664356817771891,-0.1474341403562647,-0.15270423472289354,-0.44530190004060666,-0.11078104324651844,-0.46989910546651104,-0.10357671582638278,0.037214881521230724,-0.12190339758717336,-0.49855189958146884,-0.018064486867515543,-0.03344447586866989,0.047930790784900965,-0.19434856877106868,0.07899206864731342,-0.15144825899226866,-0.16674151957210145,-0.16710386457814688,-0.24364811725364222,-0.2174514292552278,0.1217204905012396,-1.2693385526223413,-0.008032971391734877,-0.022871503202565847,-0.13633322721575522,0.29203999222263527,0.16801846981935156,0.9509161844305126,0.41077078444794884,-0.2964448773431139,0.034765023376132555,0.1312295994716371,-0.05535543023892494,0.18513438364150533,0.14976472782240435,0.3288502465283932,-0.031922722618062296,0.6181868394368794,-0.5471410949033102,-0.3042684562409745,-0.06660880195231701,-0.18044479913541145,-0.09173501788742253,-0.12269445690460673,-0.8443542599847802,-0.2005510548326103,-0.25376372592025925,-0.22595223663610237,-0.3685590097543355,-0.34371922933888366,-0.05897220354095396,-0.0055799391611920475,-0.06735909685603655,-0.11845914856704785,0.07101501451600865,-0.004782610441499034,-0.17782795903350124,-0.2201894647071722,-0.12041976437047835,-0.11848916706749571,-0.059376713331990315,0.08802015655643404,-0.060956411409317575,-0.2100163337077347,-0.13517351916691045,-0.13958217078837845,-0.2579319044093618,-0.2548386792840034,-0.25311097411889466,-0.06497919575135225,-0.09720215783171487,-0.18964531636138177,-0.040030117906601694,-0.24009625288138048,-0.16517642057713017,-0.19154883079510135,0.019352751776814732,0.17580945204195256,0.22974551971808943,0.4850107276319988,1.2798149832073644,0.18918332334623333,-0.09539952324182044,0.28373961028857625,0.45218712445392006,0.5839288745220721,-0.012510317259536,0.5908318074778914
0.47730357104908266,0.5060899522547707,0.5659258010190991,1.0935762824068311,0.6818329305919749,0.6468967645473488,-0.01635546550286035,1.0707502740804593,0.7287234051855572,0.6598725563163083,0.41576311483078143,0.5464914288625603,0.3722165072600911,0.5214440904143741,0.6741543745194275,-0.21561876881946063,0.5843861245586712,1.0873191602306589,0.5740315090985149,0.7241594068196447,0.780026361607096,0.7032644361977445,0.5371907291974313,1.1164320486361676,0.5078723947724949,0.6733526644533596,0.6500601387565704,1.060714069343102,0.6817717491703081,0.6516703213534047,-0.28297566252086925,-0.5786542119817727,-0.3498710601609733,1.0315808788646266,0.6529293337853137,0.9602133535656194,-0.2615321492882197,0.5132746154928574,0.3753042112651618,0.10816289791017106,0.9800878735465528,0.6409774172309561,0.9733333565151525,1.296786942346428,0.63515390657769,0.9702200439666506,0.668612248810037,0.9826471859030047,0.6882486791183189,1.1468553037354416,-0.4774070036097603,0.3886459482340361,0.2576543311136232,0.7080461720403435,0.6010641117801859,0.7016890124896206,0.19848081838730972,0.7675825305332878,0.6774286421795943,0.5279530130466847,0.3575857853415157,0.503490352589286,0.46617684601596054,0.4780205875635515,0.7249905771808762,0.6171202579320076,-0.5134378304063657,0.5957386949239435,0.7331786994093313,0.7354133181774535,0.8402944347856678,0.6307074029242494,0.5590087924221435,-0.6447321994641313,0.6801026432588558,0.7463825814783476,0.7880655930363494,0.64324664917632,1.2388995694576646,0.8089062430903267,0.39521838717233726,0.7735827169046215,0.7185450233006568,0.5584507279419042,0.5516958930063782,0.48450169450894376,-0.2601773941051608,1.0705881675374351,0.813200430128749,-0.3978938467845333,0.06963560588820694,0.5728318686143612,0.011711216653508372,1.1102968698867137,-0.24364382430554352,1.362110711278551,0.8260258661067176,1.0424463574911946,0.6652694597714601,0.9687826531402177
0.3236121041041217,0.4621882920705574,0.32510372329505377,0.5866038826445119,0.30126392191567924,0.3464359485549874,-0.06418604173384314,0.86829399987408,0.3995840417095607,0.3882576987088272,0.4505418989532991,0.5367605791797775,0.8237840590518404,0.34255049336490334,0.4251785144967262,0.33362794325118267,0.33257620387718745,0.8669391952308216,0.31279925403735764,0.2524189232456845,0.4230653801770191,0.7101683545834382,0.21949525429758895,0.5002182440590303,0.14037376219241562,0.45403138233688956,0.1744440422158027,0.561624454958989,0.4421796965077336,0.4163623528857667,0.14039830791146954,0.0065402869910506575,-0.2264124477558307,1.6432745487758258,0.26086495386418024,0.42800255925368075,0.06723180190776258,-0.09886650791827549,-0.020457739029862896,-0.8693780315257944,0.01342970655724669,0.511308778998884,0.3320028272845784,0.3860002679601917,0.31910459599583774,0.20064210646142897,0.11953468412321912,0.07038677144566802,0.3036908235360805,-0.10671268152459056,0.2992442176034629,0.44691658114748445,0.1032171730716641,0.4640627108116746,0.3370343930989867,0.4062248100350213,0.8808286316907857,0.5066769726885003,0.5448955290802919,0.4468717641185744,0.5269254759745291,0.5482297275411329,0.2456986877168814,0.18779311050557185,0.3503646690317261,0.36545512857280155,-0.2501470714257198,0.22666164652520426,0.44104125053930965,0.49792125857923164,0.450490190101805,0.33708593524848096,0.2697692362306162,-0.31635523658711173,0.3268408799798042,0.5111092835504301,0.45324879354994874,0.3858115094425298,0.7305065749126444,0.6115165378355474,0.4114736317317667,0.4220167123772984,0.4138692208296097,0.39812292197162397,0.2626444639579489,0.45821518705897124,0.09308231492881301,0.6284103671209047,0.34001914469565175,-0.27950195200215905,-0.1713559790545305,-0.26771356086371123,-1.2162353751486672,0.2593249392690214,0.009513666260102208,0.2636656343026145,-0.06245718784488977,-0.11637543862244613,0.277900381894231,-0.1400817112744068
-0.25001544678389576,-0.2117002132968437,-0.33473920387797734,-0.669868458199021,-0.43805161459064706,-0.3913172196065684,-0.061640626955680754,-0.6681941534931483,-0.4526907086960108,-0.4102406040031561,-0.11551491137034009,-0.21038860407736323,0.05572534244340409,-0.30501925381278017,-0.3832242869115219,0.2620821731635431,-0.37367188352131414,-0.6466380372238825,-0.3838112296165053,-0.5144615205079732,-0.5189461131728429,-0.4992855188483461,-0.37924006857108683,-0.7979868274853659,-0.4155531484330456,-0.40082105560758263,-0.48848045461117173,-0.7259792160470236,-0.39793963064628307,-0.39413940998549624,0.2696929446338829,0.5074037873397922,0.24747808011256328,-0.3049776794027512,-0.46952160002001647,-0.6199230329628374,0.2755359759036662,-0.49841667541942375,-0.3194527775426846,-0.3897043562074497,-0.819665497742671,-0.5422116458270847,-0.8203441796193123,-1.0630724247353938,-0.3972456939510681,-0.7966018908498718,-0.5344711600667129,-0.8639199007816717,-0.46315128391094057,-1.0150381152622243,0.5399258933769236,-0.10018096922427355,-0.2546212216941057,-0.36554455684537546,-0.34707344564960074,-0.4175343530535512,0.1296576993819463,-0.4409638120790916,-0.35620985840912983,-0.25156191190340826,-0.03231025130229661,-0.1685931551553961,-0.2740558528124065,-0.3060265122957331,-0.47815554614355654,-0.35860392965676885,0.36826650963243224,-0.42591426112413294,-0.5042984322238011,-0.43898747319772896,-0.5397870684826462,-0.4412218523121315,-0.3650826393096795,0.45328024968805114,-0.4506608138259662,-0.45908007443436705,-0.49426662163597385,-0.39811857430771264,-0.9687284202507722,-0.5805814514580759,-0.12172058230756506,-0.41196673086674396,-0.40532770919485117,-0.3252375651942954,-0.3447014737184104,-0.15762288039143588,0.28848766690210564,-0.6890568933512469,-0.4995146297702835,0.2846359817119584,-0.14983014768021163,-0.6964772563241345,-0.5550570802362625,-1.068014484296716,0.14860008908719366,-1.179997194296605,-0.7616558304872955,-0.9055432185593101,-0.44023820612809345,-0.8879307458339302
-0.37532343022104286,-0.5099041665045578,-0.4307569180253634,-0.8055998139801867,-0.4436458379688535,-0.47697276571837605,0.010539093930999461,-1.0668477237997545,-0.5518033104145785,-0.5400413810101925,-0.47782651595417464,-0.6028319778621405,-0.810681830245639,-0.4349132689867241,-0.5488416966512071,-0.23395197276370963,-0.4545481069543282,-1.063918307332021,-0.43364989774173496,-0.42872468681628334,-0.5964661101195846,-0.9019892279472173,-0.33987810681997366,-0.8202062282363836,-0.2979330046535579,-0.58154262851046,-0.3410972119672389,-0.8198839354817903,-0.5761157983697585,-0.5425388866814307,-0.06854984492286022,0.17119382117982945,0.29843950946785114,-1.70197629945369,-0.42645023911410357,-0.6443145384332812,0.01793159375821044,-0.08774986678160679,-0.10419528360945886,0.6484295052248449,-0.34070901741353327,-0.7590494369829441,-0.6722141155958478,-0.8114495966420364,-0.4573351308030096,-0.5079034078243935,-0.32810084724274435,-0.402428696891796,-0.4625138459142075,-0.2990147645286734,-0.0639243437882281,-0.4497014891992147,-0.17080406476621018,-0.5683226583481553,-0.4478292215399356,-0.5429322706923111,-0.7983675124640078,-0.6469942703923648,-0.691323046111778,-0.5350886913320035,-0.526335528834146,-0.5989245930335058,-0.33167426551858586,-0.27887875787100785,-0.5073891008760057,-0.4798166370963311,0.3705174464779599,-0.3658873620129032,-0.6107774590303646,-0.6318289025918494,-0.6295813598796005,-0.46918104846667213,-0.38033791672569833,0.46132323817745263,-0.4843384623494431,-0.6736815225937404,-0.6337671563342943,-0.5130466289567477,-1.1415212770872756,-0.8872182101049382,-0.42896629660546004,-0.5643077118807601,-0.5564330127967013,-0.4922249904821314,-0.3739066585991961,-0.48664438204472854,0.004873521859322192,-0.8736991625308328,-0.5135536386865729,0.3563272044791624,0.08181372497527202,-0.020518416512175244,0.8714254919319414,-0.7261433534762097,0.012281210091184764,-0.7365214114627641,-0.2729515867967255,-0.23089592695954222,-0.4250271160550201,-0.23730167784559492
0.09169403414606275,-0.0183216122472211,0.14472904457135274,0.18345947351685996,0.2209978206996358,0.16610517400129932,0.03271042921668068,0.25805640153126697,0.19688140686149502,0.17473583613600108,-0.11304612846641415,-0.07207225740549363,-0.42833191477536736,0.1339668847290757,0.12476641222558232,-0.3386736469820881,0.19495561984231008,0.20192075514953442,0.22616022762693458,0.31578511499287276,0.26878586593531373,0.24366646834819577,0.2553205190017067,0.4138246345211001,0.33077099186239495,0.1585999862164988,0.34110164884536387,0.3582254692491133,0.14034706417445203,0.1661694837026811,-0.3136280547316743,-0.44326740456204183,-0.19043135723217486,-0.39843007721975865,0.29797289148643846,0.26850029693111754,-0.3304310549628567,0.48177710415058767,0.28715343651376773,0.6223505471172753,0.5969911367142899,0.3355294457165084,0.5755657826074867,0.7006483089366466,0.18419921546881043,0.5642800421847147,0.38822509871355915,0.680396271597264,0.2550170723496696,0.7365700146883539,-0.5052800904188636,-0.10409730931822629,0.16631658533014534,0.0683450658325077,0.1327964247997853,0.16196350699138298,-0.4802318263077423,0.14066455367986816,0.04526717421750728,0.019041160102476664,-0.2108825509915868,-0.11067077260758267,0.1303071705748117,0.18265095479099294,0.2508491211141448,0.13758173757399492,-0.25224952987218874,0.28186038669780406,0.28318244217354854,0.17152205104621046,0.24866518168972906,0.27982892942158955,0.2110964367985702,-0.28252923777391653,0.23631986950881087,0.18301401941076031,0.20146726479865254,0.1827186292155212,0.5327899155816599,0.2837429965604012,-0.07134494944431405,0.07044189402092502,0.11454078517013594,0.13732374330427383,0.17677973585428133,-0.09193068625344844,-0.34951570518418884,0.2775727380709667,0.19430822310739798,-0.21190261084111503,0.11848114140145194,0.7597415973854355,0.8778880605932478,0.807005256808899,-0.13297769085714034,0.8435048108262445,0.537855562967942,0.6681846977023652,0.23955578291682783,0.6411192721577595
0.4230464789568669,0.5358252628337942,0.5289784779979018,0.8246848674418825,0.5605302810591135,0.579496098772945,-0.04133347165592063,1.1724483929763467,0.6593584620936784,0.668809943741543,0.47863346240016097,0.6178329128406644,0.71451000255785,0.5369906456604331,0.6278160685166995,0.055963707537578525,0.5824523453716858,1.1392254360063225,0.5724133212467228,0.5860149574012787,0.7361739198636245,1.093721058719386,0.48650535666486355,1.0384542755718191,0.5145752117206757,0.6806429890251552,0.5169330213264932,0.9894743276189178,0.6693766372191907,0.6485438987962536,-0.08933549823405584,-0.4087857032078491,-0.4464272930975434,1.5061223574786864,0.5995485386294492,0.7444675523006119,-0.22540398515377102,0.35239348216751465,0.3028821569280747,-0.25991661684830847,0.620819251428548,1.007326097842839,1.010029345375611,1.1399350981097585,0.5705890566169297,0.7858574033781488,0.5556810925836617,0.7165540218488354,0.6056943656950082,0.5408771878777797,-0.11294351430584453,0.44298862123792593,0.1561298340349153,0.60291416715974,0.5335603306393193,0.6358099732282604,0.5218128945625924,0.7221409473650856,0.7799521966551235,0.6014360890593746,0.4963643845260692,0.6068892978807003,0.4311091909196269,0.39360668754356454,0.6368745982620608,0.5695007899617859,-0.5353345654963172,0.525103880173355,0.7782017167756123,0.7252816704084243,0.7494518929239118,0.6181546320071512,0.5016658151414654,-0.6221364331270409,0.6287460082269922,0.7913890260989696,0.7603283113236392,0.624678700347936,1.4390315653225585,1.1117394826343747,0.4362678592477364,0.5775883584467338,0.6196995188655212,0.5845653917586068,0.4827505065220613,0.45328001854277533,-0.2300129356954272,0.9868961569890611,0.5850348820102917,-0.5097861556203953,-0.10185254230344885,0.4253611608510563,-0.4233109788975424,1.0939450965575939,-0.10023143559737893,1.1083420639304624,0.4520246633572124,0.4436472759021622,0.5553055974815244,0.44461334665568847
0.09451909077996651,0.2836972387537878,0.10800719651587085,0.3077047035268169,0.06216020037834816,0.12014547409120607,-0.029446489980153784,0.22552966266372163,0.1202325402551443,0.14746576235696984,0.36505865022228706,0.3829858892323322,0.807930790916393,0.10792771602668916,0.1841417268133156,0.3351745355782968,0.06600367041444834,0.29124142455776086,0.01973919861480831,-0.03400565837147013,0.060976926143102204,0.1726241541520097,-0.0432697396757214,0.09025376695620708,-0.10708582714064836,0.14929803630533972,-0.09760152079979527,0.1070503795541863,0.17888210784483355,0.1332332832871555,0.2832386839055865,0.24727901985466869,0.025720196691382757,1.0281034272888747,-0.022335451700469515,0.12147373742815357,0.25643656748486454,-0.3152328681706343,-0.12979243146847622,-0.6332537739561486,-0.24019136571665944,0.06677049140747544,-0.1174040224911483,-0.16184352338603175,0.09665678333387619,-0.1819676129342983,-0.1062440721666098,-0.340375010930395,0.0372871484837498,-0.3872111690681013,0.43097480010589806,0.3292085963100303,-0.08991411130787767,0.2501168864283332,0.13347548619749988,0.14717805546953452,0.7025804022130863,0.20439583354969026,0.33827007755889044,0.26991880142432656,0.4664375832922857,0.4232780986340837,0.07906303110525421,0.011615003756252332,0.04982303117802413,0.140508144446498,0.02994774932493987,-0.043325534178971635,0.04530474670558007,0.15564141124118364,0.1088854667493272,-0.025084246582002756,0.01586149279426596,0.010859965700956969,0.06826933190791791,0.16911609511211956,0.1747379381945439,0.10609453972370476,0.10568807927709505,0.16682062013488955,0.2858289940893838,0.2560106655899608,0.2054834471606867,0.11452135723021487,0.055354778933121206,0.32308201598268826,0.2692941739998604,0.19034780568847143,0.13310444546424757,0.02501099725831265,-0.13661145391196294,-0.5940920920404669,-0.9743954966465427,-0.3472419432731385,0.06802040095994383,-0.3212859600642448,-0.2639254966904463,-0.3771774270954273,0.0347178578684552,-0.337255492685305
-0.44353968796164994,-0.5025870472773868,-0.5719872315057295,-0.62082006373988,-0.6038510119004952,-0.6088273554067928,0.1366263970904815,-1.1220496461170102,-0.6781632087918922,-0.7079251727861283,-0.42362307674626776,-0.5505803067241937,-0.49889122806893,-0.5924782992117645,-0.6223306970332914,0.16003427973547124,-0.6549606441136827,-1.0500912438844765,-0.6636593656413733,-0.6688096979015462,-0.7859459141095165,-1.150762681409421,-0.5963993992752268,-1.0755157932713606,-0.6909625464066544,-0.6996576719473732,-0.6373181442246669,-0.9989142621707955,-0.6732983121170325,-0.6777409844998801,0.28975834522366284,0.6187973452683789,0.5867889123999133,-1.0777114051174792,-0.7063750631456093,-0.7056005954974277,0.4644670863354462,-0.5947306109867598,-0.4851015669846293,-0.1413695147050477,-0.774859726121616,-1.1046076164067635,-1.1946433677281822,-1.2558036534663217,-0.6099733372457267,-0.936039837814672,-0.708051566298059,-0.9179580078411154,-0.6728580086925653,-0.5968384319548377,0.2427373026720226,-0.39622387309985985,-0.05667352326483683,-0.5451710738266935,-0.5549927842992822,-0.6447651651346579,-0.11445332881839021,-0.6965507043385425,-0.7495440963504332,-0.5980952270344269,-0.41309308685241625,-0.5330600029980214,-0.4943244030301834,-0.4786357032194558,-0.6862003488670199,-0.5902071450428589,0.6668078525849133,-0.6368631088030935,-0.8627100750113904,-0.7307771611474775,-0.7615895398567125,-0.7145126004627518,-0.580265697997429,0.7249376590701886,-0.6930667722071804,-0.808932370755679,-0.7670358303827872,-0.6638040317986204,-1.4759936699802454,-1.1723374711113728,-0.4062046423161765,-0.4782311803854688,-0.5845021164748001,-0.6240284098469395,-0.5421072658980164,-0.3674202199541173,0.4835118547630677,-0.9289601764286269,-0.543797068912631,0.6498745543813745,0.1829842138980064,-0.7962073069443014,0.007975810220040873,-1.237965329074805,0.21946389196221647,-1.2640042847464996,-0.4645818568766707,-0.5126938851755691,-0.6160387229124401,-0.4694820145984936
-0.3716031894289511,-0.635826463550474,-0.4748520506699962,-0.7196297606841119,-0.4523295117292234,-0.5085949834042979,0.15506997530010744,-0.783782282282146,-0.5312137523974483,-0.5899150226208505,-0.6928237243091897,-0.7607780067830759,-1.2043759340555327,-0.4773607477581368,-0.5792631098252999,-0.17778285236122165,-0.46114119910531803,-0.8279342200085177,-0.4096210124909684,-0.3694941749625584,-0.5035314179376686,-0.7424329264807756,-0.3167416935212999,-0.6955141240370809,-0.3129737055540258,-0.5626219033203604,-0.29038112153449713,-0.6652475086699183,-0.593550043114097,-0.5449321782872225,-0.08973371321033849,0.14216402666460176,0.3205206309050736,-1.527980657631149,-0.40293139241222287,-0.5472725685906447,0.03604736084639265,-0.06256189792552293,-0.2188051494586218,0.3724011621807149,-0.25484737208123537,-0.6282281369843691,-0.5498308256662119,-0.5060852934644084,-0.48550068721274275,-0.356677843584132,-0.3500020938349221,-0.16861737098434085,-0.4539401927139126,0.05328330148847912,-0.3530617450130148,-0.6359898413297859,0.11602006365830964,-0.6212300058411784,-0.4973365031362279,-0.5455852501720904,-0.6925233921432998,-0.621671992666716,-0.8123526390312983,-0.6607984768172344,-0.788779178315197,-0.8073883654013942,-0.41401332114629624,-0.34002352376433426,-0.4615263923345836,-0.519855675216758,0.3604705110414379,-0.34419050834584236,-0.5197020269223596,-0.578342205501632,-0.5563851140775297,-0.3762647721142106,-0.3728105667864235,0.4123446676262859,-0.5014810736128066,-0.6262335256474034,-0.6516991751382787,-0.5115167821177053,-0.8640285871032539,-0.7591341095351491,-0.5829235288756733,-0.5721831311720632,-0.5772577669446578,-0.4838210534551936,-0.40409322011697224,-0.5838400631052814,0.039905802844783525,-0.6978451826397227,-0.49226514618313183,0.3468371539365316,0.3096679076787029,0.15127774531020807,0.9178859839221282,-0.2030497802431795,0.13476263228411403,-0.3281794815748265,0.04548424655382364,0.08265991763301857,-0.4253968561612757,0.08405040040887324
0.30954082691638496,0.27041726091944085,0.4125130056589533,0.1910821982450064,0.43326031447290575,0.42704845363393357,-0.15658929889592801,0.781100201567216,0.4772078358928147,0.5004277769177176,0.18154173707420798,0.27615254497711084,0.055295030821972325,0.44106309496875046,0.4026886851152748,-0.285354414889068,0.5102678410425557,0.687545565686846,0.5392170937969669,0.5323364890980189,0.6013701887111031,0.8851279720048509,0.503086665869122,0.7978807789848739,0.6251221983022338,0.4929399690699018,0.5427613605965802,0.7110696207233541,0.44914729701767003,0.47842598542039805,-0.3795027052517407,-0.6114152390994066,-0.5234734937271773,0.4156998702729855,0.577039836956999,0.4471964806906815,-0.5279707065650486,0.6137606130781932,0.45415864415499096,0.32322223228004343,0.6621061424416441,0.8803821598719906,1.0111289081992785,1.0164350305481884,0.4352429761271468,0.7927087939581975,0.5996205619232114,0.8441745031371383,0.5108796121211354,0.4885606554061322,-0.3741482641962373,0.17097666532472372,-0.03745001033708327,0.2850427406724373,0.3778155559248884,0.4402859855199496,-0.2694688566928985,0.4497623133356621,0.457190198785416,0.37896960845806144,0.14827899824191287,0.24449410340041935,0.367780381387032,0.374680950661714,0.5120933200509902,0.4023024504093669,-0.5815351803931864,0.5327902231173348,0.6894431711829241,0.509102547457685,0.534983016962471,0.5872545485923082,0.4604129204163468,-0.5960408568523574,0.517338377864802,0.5843819072058959,0.5070048282465685,0.47763044908745883,1.1075673224771772,0.9017438020301768,0.2042005218955745,0.22711918406251544,0.35626088576988274,0.457592272125785,0.4064890244364071,0.14585398478657258,-0.5511985441552467,0.609809180881929,0.3157446694290301,-0.5762171742943637,-0.14904859891949265,0.8942371992043648,0.326533524451774,1.0902175818721391,-0.2200481178141063,1.0773139809229788,0.38148997844856747,0.4406556298375952,0.4609403238723822,0.3763092440729727
0.6498740390348827,0.9550186135239368,0.836277781461953,0.932345066859039,0.8255902462003228,0.8767644996467434,-0.35937409443593554,1.2524365618023838,0.9107605751308506,1.0052021570033125,0.9832905388384341,1.0835186257594753,1.4742396008049519,0.8490643073021721,0.9372119064475546,-0.07814242407387874,0.8605474643615294,1.2583079539157151,0.8133920949566443,0.7687452184824358,0.9246904307393584,1.2619200923243732,0.702181946218963,1.2251993318945893,0.7776692380615167,0.9491686921253049,0.6962433382990683,1.1467326747814557,0.9704929628879734,0.9328142392711058,-0.19854905505312825,-0.5922615780012931,-0.716837301485958,1.7787138221524783,0.8367832550223043,0.8930059812988821,-0.4318338787897091,0.5105516318823898,0.620774145861131,-0.0006316714037106271,0.7388441376514218,1.142829686795991,1.201871351572102,1.100134906185248,0.858030858349386,0.8797843411425769,0.8211566517866465,0.6893960088743637,0.8604012594910706,0.19136990041050014,0.24870706701007564,0.9148164993681503,-0.2378220675290516,0.9310548714470851,0.843530002268165,0.9115472603080522,0.4740703785850752,0.9867350874047706,1.221327633891044,1.0246937063333947,1.0677239443244801,1.1328352804774369,0.759615832838003,0.6873870880066674,0.8548717894527859,0.8784983257686803,-0.7849531466110213,0.7506269589960989,0.985662124661045,0.9657265946104769,0.9586659757664924,0.7891599730911838,0.7414947595839672,-0.847567317614693,0.9196611926701864,1.0487013997860182,1.0720969719765174,0.89966934286248,1.5032566549286375,1.2988324319941746,0.8584965739139305,0.8065166111061337,0.8968497664858209,0.8476178310994845,0.7545832873785414,0.8017850850342761,-0.4556091023988757,1.103596153508884,0.7860002449298693,-0.7655005542007007,-0.5535309171895545,0.39269085262200826,-0.7706381113730183,0.6769701635396617,-0.40090117418665067,0.9132623053993898,0.08214550348199634,0.15630025630095815,0.806494304615329,0.07218733194046581
0.04274094327184742,0.21774112195444054,0.013399822005686292,0.3978717432458779,0.006598612880627208,0.020158568061370556,0.003962500729426168,-0.12309879336334334,-0.009734232816077423,0.009607314408835598,0.3010027498775091,0.24860471334589712,0.6307333351498098,-0.011001889918815328,0.07764090770491748,0.2359357744853947,-0.07779250441419379,-0.03835850483518725,-0.12316842942300478,-0.11841453708432292,-0.12913887149519573,-0.25006940412220796,-0.12804587180424332,-0.18635132093274206,-0.22503126310031726,-0.005317435156749776,-0.16300773525915596,-0.10007294366774845,0.051599130832447375,0.007418417364363399,0.25986290876399026,0.2932866281272088,0.15796675246585032,0.4159784879112843,-0.14061018893106686,0.03889040664677888,0.29838819907051,-0.3122847032144413,-0.11496490710064033,-0.17718883562478766,-0.2414467686078344,-0.3055707143906039,-0.39840007538737726,-0.41170512708137014,0.008584734585160769,-0.3066959730561254,-0.15675607742648986,-0.4403102344532506,-0.05940218153638063,-0.2759019976537036,0.5331689545786878,0.2941867351643589,0.04639993250793776,0.21224102337547135,0.05329010391689998,0.025206679311290437,0.5063064227680418,0.05631042844180198,0.13605031670001447,0.11359848368097866,0.3508121651657293,0.3036219442162973,0.020380179001169584,-0.005215663273013286,-0.059729692017080865,0.05012654903062397,0.19261113283480888,-0.13682120312435103,-0.19068468296417568,-0.009765992934222553,-0.028658885454243038,-0.1612762473245749,-0.07019222448217746,0.160111315208727,-0.04065594889364968,-0.06958533989828293,0.06093909030064955,-0.006018781305488842,-0.34416280790981496,-0.26445627211390355,0.23125636044887413,0.17412292791098904,0.09249958619705599,-0.01864896719586386,-0.011105154199153004,0.24741843620026477,0.31368501749620264,-0.02813437449034925,0.11253147888559391,0.19038477158778583,-0.10846812633593185,-0.6112256400465137,-0.5813110291420164,-0.6892002997675781,0.00950272398154029,-0.5464101819662428,-0.2851742045814052,-0.2611517516362523,-0.030673076278044904,-0.24772355651561784
-0.7464291479871927,-1.0226912175706568,-0.9758340497411604,-0.8301686226518803,-0.9672392700007724,-1.0115151971969396,0.48786444658459893,-1.387355689193135,-1.048140373610062,-1.150636769407986,-1.0264946511534792,-1.1388678263997096,-1.394129542566108,-0.9945345250327952,-1.0470534923327088,0.29700594097890043,-1.0330978114227367,-1.3626182839853793,-0.9971809362230936,-0.9488556037892304,-1.1011253872030153,-1.4414056654594916,-0.8874601794726603,-1.4347876338718564,-1.0229808038487704,-1.0827838137067864,-0.8976433480400017,-1.305618561825686,-1.0864001458075414,-1.0644734234795081,0.4139789965254179,0.8632557160996023,0.9149363181377715,-1.6374367384324742,-1.037821085297661,-0.9878168448120791,0.6963490187115597,-0.7788006609767619,-0.8255279251853809,-0.2172988246336681,-0.9916912856681709,-1.3433792815699983,-1.5186080985497143,-1.363379704857332,-0.9996811892579044,-1.1334994513436778,-1.046042501552228,-0.9854610252885082,-1.0278002018623715,-0.30717711986859647,-0.053956349048792866,-0.9540237687656197,0.3743683164470591,-0.9841285366981873,-0.9657280076402591,-1.0367256213087386,-0.15579191565320621,-1.0929445599683134,-1.321068457491084,-1.1351371141384379,-1.095084497344323,-1.175857386907317,-0.9000822328054419,-0.8353258918872032,-1.0100022532771895,-1.0015707135809004,1.0003612807796538,-0.9436196288077024,-1.1873272301177773,-1.0960456814717323,-1.0975339484888291,-0.9747896691204518,-0.9038276953548215,1.0516836614819007,-1.082149296134978,-1.2080038746278223,-1.1906079557017635,-1.0397650988420777,-1.7417497512610214,-1.5130701991368836,-0.9088141994963809,-0.8450088275855432,-0.9911375250949719,-0.9829346762358071,-0.8968871562808866,-0.827995366308559,0.7345776969261153,-1.2108596593517478,-0.8609514600043022,0.9755014436612766,0.6625219418462439,-0.7513540719521506,0.552214090768157,-0.9220920487144497,0.5518262897726548,-1.2036548131390439,-0.15147519304619594,-0.29258856379042253,-0.9592446472757985,-0.14933526683332676
-0.512789067033174,-0.8249540544353241,-0.5811574258502603,-0.9814780208367506,-0.5852783504189552,-0.6026210067468808,0.2767584871386437,-0.670864846774131,-0.5896928452602774,-0.6702075742046076,-0.8903102361480469,-0.8799824179127952,-1.3765186161903809,-0.5702729366447377,-0.6819733404666907,-0.044051355017009575,-0.5136991723981879,-0.7232772732538947,-0.45857844131462555,-0.4471723881111867,-0.49345946118700657,-0.561291484067966,-0.4118387243045396,-0.5785760064731744,-0.3771668297175907,-0.6226141480739047,-0.3819477611276008,-0.6544396872525262,-0.684058206984232,-0.6366712376945014,0.019891752492001948,0.22578229913130055,0.39263242434888745,-1.227244249985208,-0.4678573774986135,-0.6157062462796841,0.1391530021296716,-0.195790250298919,-0.41232792792006073,-0.1824781151460112,-0.34837424674667455,-0.4356870123498649,-0.4454115243120879,-0.36576770718639917,-0.5911493460809324,-0.3630755862547454,-0.47408149073571676,-0.15571085986575345,-0.545580097399959,0.03704388390565854,-0.6749183240965211,-0.8698514615227818,0.03635001367001813,-0.8083893186190813,-0.6137420807506158,-0.61884324425154,-0.5633629832214991,-0.6806156622553509,-0.8601290333670472,-0.7401185179844101,-0.9502994448412306,-0.9593129968628075,-0.5533665043348001,-0.5149748797205054,-0.5366146094105653,-0.6359063680098799,0.3786689348626435,-0.42729942215347233,-0.4836993115850712,-0.6254797832615235,-0.611319680756949,-0.4325337472117867,-0.4724851192802273,0.45034901069044714,-0.5918791869554064,-0.5890644873005512,-0.7680533446813219,-0.6114355579481959,-0.5853060119216403,-0.550894676765973,-0.7777755261105913,-0.6239800554533075,-0.6393479315786532,-0.564484662578601,-0.5255977513037702,-0.7121740248504327,0.13963236908446308,-0.6532099922778896,-0.6217617948617659,0.38578892301151296,0.5115134876736019,0.07496285926908054,0.7508258722224624,0.17648415647416632,0.34426272150494763,-0.15334848803808795,0.2122894947383115,0.03776298339963427,-0.5451229214701497,0.1334120881287878
0.5406203021083961,0.7034659140779872,0.7553169188187339,0.3856219993487384,0.7435630748589167,0.7801394982780855,-0.41971172878715335,1.0520661155123685,0.8147299247865499,0.8785790226304903,0.692673659653833,0.7997076271832818,0.8456605494744383,0.7666658858531246,0.7806091379596475,-0.37209975324903244,0.8302666131156525,1.0217204996076967,0.8090595124362892,0.7744931990212356,0.8949003921992907,1.1157441323665784,0.7238261192447552,1.1889247383333488,0.8754192892377137,0.8241691889934999,0.7505565497163112,1.0046815792912678,0.8063595457153113,0.7967641709112342,-0.42831984014590063,-0.7927336718935916,-0.7473441116302989,1.0562806544883299,0.8521715784529345,0.7391350910550384,-0.6607630610671795,0.6991061722507611,0.6662148070643004,0.1072950258421361,0.881585786328175,1.0834415999097637,1.3106905112946676,1.159127040254782,0.7767635258471303,0.9665815075555308,0.8602031661870846,0.9108021045123355,0.8131271087113208,0.29667146629285884,-0.267873035003625,0.6204872150099219,-0.44662164320440806,0.6657962053748882,0.7342900136194858,0.7935607019334877,-0.15293467720943404,0.8175898560477328,0.9703627898261873,0.851562577153812,0.7421649230069535,0.8036251163143852,0.694510707331888,0.640093862139056,0.7906523573285145,0.7551487261728936,-0.8455752336470986,0.7720071233953258,0.9649889914563452,0.8340437318183244,0.8433329057154247,0.7794160286953278,0.7176346097118012,-0.8682805416278176,0.8400392607255094,0.9653765893281668,0.8650071006202902,0.7882927225873743,1.439620353914224,1.2468693851584383,0.6043989029931834,0.6270727306146794,0.75795404547263,0.7475214887944058,0.6959113389327855,0.5693364833946518,-0.7027281919466278,0.9164276112853444,0.6312682940668116,-0.8057345896021005,-0.4868796094807284,0.7341767668412209,-0.2681913552975111,0.8755390936507996,-0.4571347243018475,1.0792231147849354,0.21093606052407368,0.31295151781610964,0.746319148785919,0.18884609350147152
0.882069234104289,1.2788313168596193,1.0351737696808359,1.3442164046048644,1.0450405628497617,1.0634148423167276,-0.5313254213869266,1.2848618749744911,1.0632259898944108,1.189567320912199,1.3213756845048588,1.3453192199789508,1.868096495422499,1.0369266258728453,1.1482959678308524,-0.1719584370277413,0.997964603428768,1.3013829922502518,0.9406706143737438,0.9133630625654127,1.000227338383824,1.2051635313497446,0.8639506391406705,1.1910807067482436,0.8967824519375457,1.116628355410626,0.8418573335257462,1.2413318856316258,1.172071362489339,1.129203973078603,-0.3005525509098292,-0.6958721536314989,-0.8605275122434843,1.7505658666362627,0.973356773204635,1.0518131902572985,-0.5553568945890438,0.6529008378732576,0.8595238674125989,0.49662806861162584,0.8531531844983402,1.0324571049818123,1.1591385301526078,1.0038319899747254,1.0552170805445484,0.9247572169549835,0.9996636608828525,0.6821597197853965,1.034535469600937,0.15473772874595382,0.7016386167123023,1.2912161448877764,-0.15358997074750516,1.246102842130917,1.0542193184690356,1.0841909983858868,0.48081228520008445,1.1604335905459693,1.406314952834988,1.2250344042319008,1.3842788062971902,1.435625327319626,0.9822451341910081,0.9369493214012835,1.0140489320519355,1.0948545596542318,-0.8670171227049482,0.8982323513680046,1.0374820425911226,1.1238239761670412,1.1134637688944962,0.9220686339156546,0.9174578955946974,-0.9606787591013867,1.0960125739987983,1.1141757278760738,1.3069720894547858,1.098799922528122,1.3283828175797614,1.214898401684936,1.1820445999440852,0.9525287238559798,1.0595584215991531,1.0282984794550958,0.957758722875909,1.0491872301635121,-0.5718612012868899,1.167755394192332,1.0036348581301855,-0.877580006508171,-0.8433244819071661,0.43235639866323955,-0.8033430668101763,0.2646573059993254,-0.6540689402186782,0.7462454041174856,-0.14985794037288563,0.15609728244993645,1.0073492830488842,-0.04160213954734535
-0.09163890727475923,-0.08266966308129338,-0.24358735871781162,0.27784055242401007,-0.2274176700535733,-0.2561218650976974,0.1726627402348258,-0.35349523911812,-0.28683941450136974,-0.2740270399443916,-0.06764123614793968,-0.15750019353918518,0.041209189628464704,-0.2349177881739808,-0.21874895395296678,0.30167419697197184,-0.31925968460860066,-0.34266857256817246,-0.3128747871842778,-0.3108239565042881,-0.3793442826108332,-0.38757173770138237,-0.26877371001001227,-0.5841000280658493,-0.39328313563585865,-0.2534245026770152,-0.3131097285097323,-0.34662131884905895,-0.21522778053694355,-0.21134690107052093,0.2520761081851232,0.42327670821406627,0.26837956361641774,-0.1819503559046847,-0.3471590248932523,-0.23121132857516424,0.35080037729981145,-0.31546634626020004,-0.1979703098331687,0.28821863143267223,-0.4727408571583007,-0.45452853066547255,-0.6696544746468918,-0.584039781525978,-0.26154299215052107,-0.45550679827337126,-0.33423193488973096,-0.5230076186551681,-0.2892195684859768,-0.20110189780891263,0.6684726149692478,0.0022326196775993286,0.4371191446535027,-0.0656750642254926,-0.22059368520650866,-0.2589192423757691,0.3931943103451889,-0.2454565799005797,-0.27109331075373905,-0.2554825568497027,-0.09680032086108256,-0.1138042377558855,-0.20596442217162161,-0.1625717322502431,-0.27049114977587563,-0.21458830541345975,0.3773957597892264,-0.29718517928722127,-0.3956303659504593,-0.26142899981164214,-0.27997825413994265,-0.26971732723846537,-0.24455965785957118,0.3633616449405441,-0.2720991689182547,-0.4014310239040281,-0.1945840709827753,-0.22335103675019982,-0.7165924514563569,-0.5970651921119652,-0.022930981505824226,-0.22175320937387386,-0.27158044358024913,-0.21271527074276164,-0.21597944332230193,-0.09389123625259209,0.38628046392522347,-0.31899177773708937,-0.17198775181935028,0.3125462479691676,0.06574518286115766,-0.37969513108985176,-0.040912964411022865,-0.5971100950396449,0.14765922256675051,-0.6221742861239523,-0.27763262854371806,-0.24794189875885994,-0.23843455231915842,-0.21640117303752587
-0.9784810611889978,-1.3685477427790362,-1.174024005137675,-1.3404848050022193,-1.1845737192673318,-1.202051958914176,0.6280458729805392,-1.4778855638366022,-1.2108645005528824,-1.3406269214960513,-1.3905604773660576,-1.4363516888438002,-1.8741473883873476,-1.1784426033327056,-1.2744010799642373,0.30777955603462936,-1.1633874002385887,-1.472889828244834,-1.1110001033082586,-1.0820964144021612,-1.1823537974955451,-1.4139231557503935,-1.0255734349602539,-1.4172960909962786,-1.1025873495417757,-1.2631361297059283,-1.016860920172213,-1.4240229523447818,-1.3024887385059483,-1.2669515328612346,0.44470547859127496,0.910569683658484,1.0270601190442228,-1.8015998754965399,-1.1571002623654942,-1.1749891941901816,0.7546512824206202,-0.8480309876553948,-1.009721425363647,-0.555998918909929,-1.0731952238139846,-1.2437827186644264,-1.4567247520779956,-1.2649044114069286,-1.1997120228837421,-1.1500994600070267,-1.1871053245191432,-0.9309967143810011,-1.1956254581922554,-0.25622254293633145,-0.5418153554610178,-1.3531041013069218,0.2474372563628543,-1.33040009838775,-1.1801505274486992,-1.2223850636073603,-0.31540716526743184,-1.2942805498635968,-1.538684968691718,-1.353553786476487,-1.4483851017019664,-1.5138180552108518,-1.1095621574489434,-1.0624693957166527,-1.1672118450574687,-1.2241509092691298,1.0573972073249829,-1.0669836858288348,-1.236179959342389,-1.2733344052549023,-1.2684740429933161,-1.0908242867934856,-1.065561742814386,1.1511533014648843,-1.249351930625719,-1.2897850513436464,-1.4425633814226846,-1.240532556249023,-1.6181340783757425,-1.4715752705973222,-1.247459895211324,-1.0355671146791343,-1.181946662032228,-1.1654150744228962,-1.0914147977756303,-1.107139833480005,0.7809539649697649,-1.3180482693986164,-1.1027010422301144,1.060508632525867,0.923776519884252,-0.6777585259481113,0.7203185011014287,-0.5001195182593626,0.7638541109293748,-1.0225835444702305,0.07432126480958866,-0.2717760522747591,-1.1527172961573642,-0.03577503431819507
-0.4041199318718407,-0.5843149566319427,-0.3321750061096169,-0.9237575910158126,-0.35140303456066097,-0.3300801086988043,0.1278888943243965,-0.4154140278707112,-0.30372620403530753,-0.4003813741342269,-0.5967208473890354,-0.5285183161793257,-0.9429166967805038,-0.3649155934051382,-0.39856368466553505,-0.1619742857541451,-0.26740018906743795,-0.39532084822275093,-0.2620604857067983,-0.22532890072334616,-0.21165212539750863,-0.4327592347082401,-0.26256338687190206,-0.10880985465169182,-0.18713360223405753,-0.3817792077003491,-0.20321438858656696,-0.38464147130492,-0.43475795375325216,-0.43841034169764503,-0.0013274092465065627,0.04595442511301787,0.2957720954283612,-0.6877802391608857,-0.24103970660800075,-0.3204106314156791,0.05727387888787095,-0.1668078216022827,-0.35390282746804863,-0.762790730558274,-0.024989512200218878,-0.2683697686221931,-0.09835576040849878,-0.09180368522904396,-0.31713031787486345,-0.15230329960430483,-0.28232063982452765,0.03136670489977786,-0.3068210149605042,0.08096975936497815,-1.0281315253274226,-0.6628435604034308,-0.3767777697790114,-0.5713832358832516,-0.3508331579347985,-0.3349382248643987,-0.5431746189321944,-0.38106980916076616,-0.488746530685905,-0.4008903251436617,-0.5855607362353316,-0.6184773642432424,-0.3463379861861291,-0.3797691182937779,-0.3174124633671066,-0.38514731679462577,0.1798233636561816,-0.25711978985766526,-0.26214966229103265,-0.3744355873276886,-0.3468524696956861,-0.3189729912267023,-0.29803097982254384,0.22671682917690636,-0.3691981174296487,-0.23598783738626164,-0.5376344369606137,-0.40766322571152913,-0.11072630735111767,-0.14790455765644253,-0.598148947058147,-0.20635990437037277,-0.2608418927847654,-0.3864970579876748,-0.32670537735843524,-0.40747207026886856,0.033484970074931245,-0.3317813679182656,-0.3225179197614829,0.27098290787904117,0.41261130428405046,-0.1004177194757857,0.3026439722706566,0.23394623458697095,0.22148077471439173,0.06275169132089334,0.33586542283051496,0.15226206462377814,-0.3356136335832465,0.23557461647992473
0.7940969117413526,1.091779596175801,0.9838848083561645,1.0002334266346196,0.9914534069483667,1.0068591106334681,-0.5468137280241355,1.2415372151914394,1.0214095433435755,1.110898031723153,1.0994603933001474,1.1539175486879045,1.4176549572457209,0.979703912815387,1.0532169805791964,-0.3327134669367349,0.990821097527502,1.2346275413505734,0.9483905031496236,0.9346401082640585,1.0220847444233079,1.169197035150529,0.8751729475086787,1.2395155194774274,0.9628143082301436,1.0508456736007155,0.8842020737146747,1.192821414777439,1.0677346303307274,1.0394271944326416,-0.42188704486416356,-0.8335535423215296,-0.8658203182675385,1.4161262624462905,0.9964575937055438,0.9842931114877903,-0.6968190720290209,0.7473789471426364,0.8383040814307394,0.3383422543508463,0.9812853591527723,1.048885098841088,1.3006057621513942,1.1261097703882925,1.0115451969470928,1.0135196771432433,1.0117558672300278,0.8690300515361331,1.012257072057947,0.2671185927194255,0.22367429485453957,1.0564063769735887,-0.29364685566643717,1.0637044723505462,0.9814119884615876,1.0236284578395203,0.12073351732439812,1.076157901136303,1.2528824070801068,1.1165535110827767,1.1455978083585792,1.1969808440925378,0.9209104804853288,0.8760602123741146,0.9822157912705135,1.0137274207762483,-0.9224399931819901,0.911658268316323,1.0577909461481214,1.0633959636259447,1.0659978874805238,0.9187706416570257,0.8991936329466106,-0.9977020228295959,1.037263223842809,1.1012729206208716,1.1688347231980782,1.0245959972337324,1.4327364914622196,1.296317138684408,0.9735977705568575,0.8774808538597618,1.0016920312964381,0.9630614303970416,0.9125669334298349,0.8901519108962156,-0.7245420279322964,1.103344443129003,0.9191335662147466,-0.9062514602908677,-0.7360303509912205,0.6155400120377291,-0.5332680846246605,0.5092726108390752,-0.6524793091723896,0.9554894616728238,0.016062653809276,0.30251301338319153,0.9668429158637778,0.10080755407523392
0.7584631167091066,1.0532660390312676,0.7513148683977934,1.339446080315366,0.7709856176104473,0.7558027220805413,-0.35582698890367587,0.9721834872780227,0.7334616348296141,0.8900809871669733,1.0608627767753984,1.0117543955109407,1.555908058327825,0.8026847848133483,0.841350550116722,0.03380210792024494,0.7013965427162758,0.9255796732189783,0.689646153065039,0.6225295535288244,0.6498880896064526,1.0378631049400218,0.6581111824688541,0.6264827899323696,0.6285515945578782,0.8419574474353209,0.590143636783775,0.9161327291663365,0.9015005458898563,0.9077485723947929,-0.20420761974706264,-0.4126332716893018,-0.7186259154047796,1.2793977909605738,0.6795822566770823,0.7134524066285043,-0.3805493357059432,0.5404014330516905,0.7653986623888266,1.1105711317183737,0.4050187217742444,0.8105904207235198,0.6858844969693312,0.604195377084302,0.7378342074548907,0.6131395416440313,0.7428972012067281,0.3549893999703729,0.7441116304150507,0.012461295409621369,1.238770945492993,1.1219330676875958,0.3036485504607124,1.0148438170763485,0.7636442218230681,0.7645756027720254,0.5990716663762785,0.83034795383431,1.0326700703065632,0.8737335413488684,1.0620008603812832,1.1316141208103232,0.7489275674901469,0.7748679440138357,0.7472888489385848,0.8176026525948598,-0.6018599434037547,0.6703811510876533,0.7530829315208505,0.8347474644868678,0.800961610175244,0.7553455913058222,0.6975634592145651,-0.6680827838875318,0.8382865888759232,0.7058689219130815,1.0604400936193021,0.8651448881680025,0.7302007606991944,0.7039491027133693,1.032665647773892,0.5061616915114348,0.642696484781375,0.8219350368168902,0.7223905127513044,0.7563415109854469,-0.3677671730041581,0.7997851415582969,0.6709859809666995,-0.710402956704978,-0.7603455992104183,0.48795218772824533,-0.4591530079007755,0.06609037105152771,-0.496058420514478,0.37247850725388393,-0.3654224834027637,-0.0732691521557564,0.7540861258709683,-0.24288881250652544
-0.46465989207205355,-0.6328132013602814,-0.617327702689422,-0.5179387470087253,-0.6205605308132885,-0.633415129201468,0.36235255315563464,-0.7785443138916989,-0.6508430267297527,-0.6801724714528881,-0.6323284042325382,-0.6852969051814158,-0.7542702913381494,-0.5997710615707711,-0.650705468081301,0.27497631870918554,-0.6326469052785537,-0.7818937068928046,-0.6019401924341286,-0.6107432108867485,-0.6715440204618053,-0.6853171172487789,-0.5517821681013649,-0.8346663025953484,-0.6251991446678775,-0.6487511884161538,-0.5774998603071297,-0.7420450684075947,-0.6434787517601226,-0.6214643403700929,0.2925527000102376,0.580116645399452,0.5239848595287696,-0.8324421661687935,-0.6438010207483104,-0.6289407458632291,0.48058600178010896,-0.4742852100650062,-0.4921979307664401,0.009531486821118481,-0.7027187292980264,-0.6340704686102331,-0.8816491859462003,-0.7585795851484212,-0.6440541333422343,-0.6703424599201218,-0.6355899289530555,-0.6175051528064703,-0.6415897048453144,-0.2200973163691416,0.1271291197519249,-0.586622875681135,0.29045141474860764,-0.6235927535530049,-0.6108527842732645,-0.6456549791903531,0.04504756635173135,-0.6736764853770326,-0.7534063139014336,-0.6887590041412619,-0.6640049223455483,-0.6871022175931754,-0.5637633654669871,-0.5240151892783291,-0.6149655533449242,-0.6245048184555768,0.6024685426978035,-0.576643314506441,-0.6718081736606865,-0.6630882079395717,-0.6727615623407713,-0.5610899817963309,-0.5614998037265662,0.6512266862412995,-0.6307876856809379,-0.7137324523822507,-0.6860923555676477,-0.6203621582853199,-0.9791449663370319,-0.875976224190841,-0.5347933360876586,-0.5926173772017106,-0.6594895680601219,-0.5814898544401791,-0.5659521167990038,-0.5369939524272579,0.5035941327255624,-0.6973670736687817,-0.588289919780068,0.5641801121527439,0.4096929168396661,-0.3680297580034055,0.3142713561273298,-0.37652660431519036,0.4165307433804768,-0.6820955889215605,-0.09981270895162028,-0.27192573158784705,-0.6028271552982571,-0.1463489086562185
-0.9018930800735778,-1.2372156219371246,-0.9284575605192908,-1.4669158729560645,-0.9463200352836467,-0.9354997712232272,0.4570526447969672,-1.2095179080039662,-0.9162012873117765,-1.0978658737723765,-1.2408580469663475,-1.2042783690788896,-1.783153411199805,-0.9891281300941436,-1.0237090152163482,0.039334138733307725,-0.8914665095051182,-1.1485933665100598,-0.8786812815724703,-0.796028005637428,-0.8437714380230323,-1.3072815874789587,-0.8321504280853246,-0.8627355234250889,-0.8310980657333421,-1.035736682712355,-0.7622072168694474,-1.1439024864074194,-1.0951120155891503,-1.1043582010754998,0.3083947689248058,0.5870360556460119,0.9080623672301038,-1.5066210127992015,-0.8738886425756058,-0.8737821313985552,0.5358706640621633,-0.7157482749912061,-0.9461492452053188,-1.2554127316233321,-0.5791052880300588,-1.0609158087468002,-0.9618091705610953,-0.8435052743201421,-0.9149732412955155,-0.8253835827243846,-0.9476219351017909,-0.5431600962296086,-0.9320840208183713,-0.05756133678485556,-1.2843942185118018,-1.2968635305684657,-0.24662645319470153,-1.184711887772177,-0.9356784460188537,-0.9449416254240864,-0.5842630009496534,-1.0160320720474312,-1.258986040887161,-1.0711380644295854,-1.2477438265754135,-1.3338310926885815,-0.9191631164392216,-0.9408942263157618,-0.9314920425186507,-0.9971931206113822,0.7946905225230367,-0.8533609971289478,-0.9738858958223601,-1.0285430999754734,-0.9923667370735925,-0.9471892462360191,-0.8700160869877755,0.8648655571806363,-1.0402642785700262,-0.9129988923750202,-1.2749120574660164,-1.057803347526463,-1.0138016851081895,-0.9553867640184291,-1.2019243164684115,-0.6238040505314195,-0.7998731712269637,-1.0061734171855754,-0.8898484748381665,-0.8907838225301439,0.530093714844687,-0.9971895399058989,-0.8083059196017557,0.9086902301498959,0.9050669730708186,-0.6843706927169662,0.5028446051408175,-0.2328265059109383,0.6132418122409402,-0.5846759987355387,0.3638000230248219,0.03339553457636824,-0.93130912040979,0.2396550834947516
0.1572720934651404,0.21507823553901623,0.2651778249515146,0.11368030570777987,0.2648199028218428,0.27514412241905933,-0.173938160654948,0.3383387291303049,0.29293717982353207,0.2719569393865738,0.21059471293637044,0.25624463282841003,0.18210862509770978,0.23790310521562635,0.27066118053637356,-0.18325641020512481,0.28219813634310037,0.3524558980198508,0.26196061288199524,0.28819609215153086,0.3232088635162519,0.23145550193825817,0.23363605779016192,0.4262058036199152,0.28410580984736744,0.2663369922235868,0.2691003606864319,0.3117035517241,0.2456014165248313,0.22927078135735748,-0.14379816371795426,-0.30716364700773546,-0.19210450850214303,0.3214328659044995,0.2942123327002874,0.2894639226055483,-0.24468483161670976,0.19417243155747851,0.1606756915391811,-0.30036089759114754,0.40236966708456523,0.23690351890221872,0.45026346432767334,0.3816314056091515,0.28873793728326863,0.32123214672338646,0.26647035974409167,0.33936261423512515,0.281479509315114,0.15484298245502345,-0.37272611221444973,0.16693660525382492,-0.24721287083255788,0.22281193586006026,0.25776952519779817,0.2835855639780131,-0.1371103133626364,0.29207922365385974,0.2899077154720033,0.2856887099249441,0.22924465255725635,0.22685618475447128,0.22302554446783332,0.19011670411382545,0.2604345151519081,0.2555775591624142,-0.2802965632765643,0.24688238081356054,0.2938030193244226,0.2816938908257137,0.29513469526338354,0.2148957395652998,0.23371581783844475,-0.30584157734617257,0.24376818995511756,0.3340767029489146,0.23931677518816136,0.2382315335341524,0.520684882766979,0.4498367897365203,0.14122752556136242,0.3165858790098675,0.32745358899870064,0.22023932891626907,0.23293609005223473,0.21255192731357594,-0.2607625757551208,0.31062435096038854,0.27321044472121553,-0.22863899755803233,-0.10906789385970497,0.10579352855308322,-0.1343692926579733,0.2161332490264106,-0.18217995795420114,0.38251494903121364,0.1509733631976693,0.21168336374513513,0.2523928734708005,0.16332394091890923
0.8831102750702383,1.205896073188595,0.9158206987869781,1.3940800343518904,0.9310146043581101,0.9227005679145419,-0.4530668258559575,1.197664044069299,0.9051286965881062,1.0864138382442052,1.207477586802067,1.1766394091930306,1.7307017618214895,0.9785100535378632,1.0048711708174818,-0.05671808163582965,0.8873247312530597,1.133244482262727,0.8769672830444296,0.7908422913266986,0.8421159053932263,1.313823381545271,0.8290081752937916,0.8737125098486366,0.8391303123331322,1.021925768255815,0.7608194057231723,1.1352251425912254,1.078654643120303,1.0898651385560894,-0.32276826678516085,-0.5991908969436303,-0.910880331916596,1.4658490828454702,0.872332716482118,0.8548036044169134,-0.5476543477589194,0.7271995643259335,0.9436018315985149,1.250107103590503,0.5830109752143535,1.07986754595651,0.9822156679976466,0.8612754635051744,0.9011620924850098,0.8354360266908714,0.9481930586209885,0.5634709302049389,0.9233926722053445,0.061570367210674395,1.2311466968375189,1.2600073518113537,0.21812823448910587,1.149313728716487,0.9203610496737857,0.930864208314568,0.5390967396847954,0.9978045885150669,1.2422146040382167,1.055198083615777,1.2154407118702881,1.3027380811738638,0.9075021270099145,0.9280269425515982,0.9226896776388475,0.980617711521945,-0.8005096853254929,0.8520270228225403,0.9782129729460645,1.014458414403644,0.978845337368226,0.9449276430344604,0.8626983224599956,-0.8644096034922957,1.0334527368797106,0.9117030957212827,1.2545573843755333,1.044573821389614,1.02762004097562,0.9626828894803322,1.1727877440305123,0.6014077573269957,0.7818558999070283,0.9944409956298266,0.8783148540007967,0.8634499358700587,-0.544888492006429,0.9851078504914546,0.7842155244889182,-0.9123796214251136,-0.8922322150704315,0.7188110305156572,-0.46978329779923217,0.28188188563372724,-0.6039660120962299,0.6102288114657107,-0.34489821544553284,-0.03004267899689467,0.9195865470355592,-0.23220932717578077
0.027095541920007866,0.028790470951984424,-0.044009658448367565,0.09020965028918368,-0.041851744697725506,-0.04983675063664427,0.04471791515593875,-0.07121536161554542,-0.06585780390121819,-0.021929855470504498,0.03522842023530074,-0.0004920026968354855,0.1286049886864715,-0.015541413571009216,-0.03595432073672768,0.09460416837379844,-0.05872051967683569,-0.08883680838428609,-0.046253474728875844,-0.07747074925407318,-0.09610642780190003,0.02975112435917025,-0.031444266769560775,-0.15289868543592267,-0.06216620241075716,-0.030525111687569273,-0.06686842314798,-0.0472662314040265,-0.00439187455099203,0.006526337063912559,0.03468540077228639,0.11631262891262222,-0.011283361954152958,-0.035840358726931844,-0.06875771925332515,-0.07445178965383838,0.08018022403713156,-0.012730164866065355,0.03922808740056452,0.4212688368865085,-0.1857869689042525,-0.0026595284423844463,-0.1639295306410292,-0.13241885702857079,-0.06264006616619668,-0.09191214944508289,-0.0333849100464941,-0.14026417223640608,-0.0534869982198518,-0.09729569224132488,0.44085298775239645,0.07122567678025507,0.17620423297493462,0.01298161303326034,-0.03713437033696178,-0.055953082355873686,0.14178722320536855,-0.05511723729049276,-0.011827207797242268,-0.037388620402426645,0.025806816176076667,0.04082602004110296,-0.011665523617448558,0.0133373669867146,-0.03796380237073079,-0.0275844300035652,0.07053259833407256,-0.03723669300461402,-0.05669146420693884,-0.046043342144597675,-0.05855894032802423,-0.0015584288011838295,-0.027497893179689988,0.08237929044818139,-0.006682958858294346,-0.08930755705887229,0.024506920679956835,-0.005839556200990745,-0.2198231601633431,-0.16685606321217666,0.08282942372912497,-0.13045244025494965,-0.1097855386227699,-0.0005124493473725317,-0.02454208919860816,-0.014129182532352257,0.09000688774458818,-0.06947145161740481,-0.07181033800243676,0.020609559093091548,-0.06576778817811864,0.059518095240189015,0.029967672668132505,-0.10233867782267636,0.029051755047566425,-0.1718409264414141,-0.15619243798427487,-0.14471981999179845,-0.03294638389906178,-0.1485821143893545
-0.7904901461904674,-1.0799016490299334,-0.8149089190630237,-1.246575398321321,-0.827904533727901,-0.8206316435355084,0.39565886809142137,-1.0697167160969163,-0.803685118807909,-0.9744020106311226,-1.0810326920356836,-1.051637942632588,-1.5636870402557663,-0.8760836688006511,-0.8944514964864292,0.04058129318891288,-0.7909048192753809,-1.007714499826911,-0.783959183157024,-0.7006190856886608,-0.7467089309493622,-1.1985004453147587,-0.7411947866834911,-0.7776990253742204,-0.7526149800927456,-0.9123673606595933,-0.6757346862883651,-1.0177443670870878,-0.9672953270761535,-0.9788640157437792,0.28817928119503966,0.5288992725193994,0.8246169511666569,-1.3093851180688696,-0.7771374045909983,-0.7544220921294827,0.4855348079906029,-0.6574138150251284,-0.8546113992725057,-1.1825718650708616,-0.5035939111393449,-0.9903182239843943,-0.8778100857457702,-0.7717777351964604,-0.7988544372554749,-0.7470571023490836,-0.8523248770913655,-0.49813121803572835,-0.8227345913043729,-0.04488166787724704,-1.1525417662922282,-1.131961173181072,-0.21396904641143172,-1.0246097812354553,-0.8188895687545805,-0.8269116019194743,-0.4949504485038113,-0.8863194100561473,-1.1164471209813847,-0.9417607134919709,-1.0881951380688326,-1.170242696766638,-0.811534669056837,-0.832577269158335,-0.8239148045875572,-0.8742723628128729,0.7144060933543864,-0.7625699520201223,-0.8782624997730712,-0.9040446276177098,-0.8707370131643924,-0.8506862674588502,-0.7706051432169895,0.7686053261435892,-0.9301313514535464,-0.8117102927511327,-1.13012012224873,-0.9367025043170109,-0.9133449822460191,-0.8542309478748207,-1.0575568327196068,-0.5154901248534741,-0.6830244127583474,-0.8918875087500864,-0.7835025852878368,-0.7644931033812451,0.48356905396556177,-0.8769604469376671,-0.6879842183144023,0.8218627703260318,0.8071321039442715,-0.6707359187676151,0.4052609201407519,-0.2672213298332074,0.5341767989121278,-0.5418095865483437,0.3226303018948058,0.04670681349442235,-0.8203899778719805,0.22439574617541233
-0.07215122369614956,-0.08258603850129557,-0.02633878794825504,-0.09504402382533286,-0.02859069808383086,-0.022852141022558847,0.008864021008667776,-0.0029829446030887564,-0.010425118501212065,-0.04902970037800629,-0.08986201311324388,-0.06532147813384215,-0.16861467699433913,-0.04760086088287416,-0.03469270478628167,-0.02900019239958747,-0.016263973314130827,0.00959234947078435,-0.023555153240807793,0.0002082461367242484,0.012363828650253962,-0.07917374882394924,-0.03349903864860843,0.04073416366308837,-0.015591291116249534,-0.038958221439489425,-0.007002823174943323,-0.029717640818556868,-0.06070062923993155,-0.06655187476316594,0.0149715790979869,-0.032467113776671656,0.06483807070668823,-0.01963383517430088,-0.009818179904128033,0.0008169296685770897,-0.010794483976036448,-0.04605893350875412,-0.0866752436379071,-0.3593718857189344,0.0782114156796829,-0.049713008446449145,0.052073451174871915,0.03677429067277725,-0.013964973235371393,0.007318208912661169,-0.0400327037639152,0.046900269274780394,-0.021065519903737864,0.05617603787155021,-0.34144956197376514,-0.11347075695829352,-0.09368674317076127,-0.06863888992623024,-0.032071177545483776,-0.01788512845822721,-0.08006837977374534,-0.018544516305815606,-0.06126482217998373,-0.036748686928141996,-0.08574165378714987,-0.09985385887833002,-0.050864385720032164,-0.06730612807767035,-0.031881742051730416,-0.04032517134539451,0.00391304014743145,-0.03046370250634716,-0.01698031445130922,-0.024406689665512564,-0.016853540751758055,-0.05767094845683252,-0.036816304135292154,-0.003730668342480269,-0.059336415525498135,0.001626305869468289,-0.0858341492175274,-0.05699530553286428,0.10149267306704816,0.054088628878268256,-0.122562581592945,0.04809287812653331,0.02433974557822306,-0.05844232604028378,-0.03968646855434412,-0.0446576624333286,-0.016043485866138196,-0.0077778384737296705,-8.524132001171544e-05,0.0382632809420579,0.09915851141306722,-0.10052632673558223,-0.0003551162569568548,0.05118369333501038,0.024869886185477495,0.07553960952508125,0.11856293375054301,0.08324765937656818,-0.03520693313667752,0.1068140794898794
0.6896933287126263,0.9425668050580263,0.7028157150490605,1.0903197911946203,0.714369635760817,0.7073456867869158,-0.3338790583369388,0.9200847728211942,0.690441464397269,0.8480439233828908,0.9447543201131134,0.9155095815807371,1.3828741435161107,0.7606335976432559,0.7731511469140127,-0.02414483077505311,0.681179074880106,0.8633506592780216,0.6769192062618694,0.599314229135364,0.6373666194095945,1.0558425074780151,0.6414289543851155,0.6651328752377234,0.6507722084137787,0.7898905780432813,0.5793168163740957,0.882851006598304,0.8435560709952977,0.8541037351710382,-0.24687163176732643,-0.4455591617323167,-0.7228981683661935,1.1313425196800881,0.6682882526830008,0.6451620865233385,-0.4117755757575513,0.574381777789234,0.7522297448880669,1.1013118074142323,0.4144927051758606,0.8748037898164785,0.7494330962325155,0.6619749302216742,0.686220211228971,0.6420597599149507,0.7418893688080433,0.41866805038050947,0.7096624797191191,0.026780839231504344,1.0693821336354856,0.9936823602054868,0.20874555228340383,0.8907681606871747,0.707394034674532,0.7116406859270927,0.4474076285039945,0.7628852960062014,0.9749342318505108,0.8156451634808195,0.9510671341704449,1.0262102886345126,0.7053490217726222,0.7267413828447771,0.7130134635921604,0.757057627215167,-0.6131595388929726,0.6600877489641961,0.7591188741208854,0.7796747229028216,0.7498871469125676,0.7420006671825734,0.6671427272277313,-0.6577771538975774,0.8125824049889021,0.69721540083745,0.9911041133897618,0.8155842243306299,0.7733327353931622,0.7270870914478337,0.9325380628302241,0.426609713395834,0.5768817825599709,0.7764820925514053,0.6785338844582816,0.6605194702722395,-0.4099943931638634,0.7551459097202607,0.5865059116264404,-0.7141137791355073,-0.7121561741564539,0.6043420667927258,-0.340529453278163,0.2316772918269797,-0.458736215859864,0.45480546131103666,-0.3002426304253494,-0.061406372506256156,0.7101444784462926,-0.2141842370078259
0.0236304940735124,0.008328342210587933,-0.005812408037976533,-0.03382271895387173,-0.004922730132461758,-0.008360508383707457,-0.012464136433841713,-0.05301441314873901,-0.016106831357843243,-0.0023303402125570845,0.015819522914436966,0.0026053348324931768,0.02583516434681882,0.0029335473293185263,-0.006128221878397111,-0.018717360727333116,-0.010026493793118015,-0.05502430867632718,-0.0059469349414467115,-0.014569533481755081,-0.0267819667189876,-0.01600408133971688,0.004997347156005388,-0.042376708809036906,-0.0061887461218148474,-0.004513977854021713,-0.00710107692058437,-0.02179404433270669,0.005605453288357493,0.007377852407144541,-0.02382485491474092,0.022812447013887484,-0.016306549486937383,-0.07782719769697301,-0.012235910504376349,-0.023794546688526763,0.006901691814846643,0.02036473593304468,0.030582477330326093,0.17333379080428266,-0.048177692396104706,-0.023891172175752828,-0.06234300643004507,-0.04916384064456425,-0.011493253036069033,-0.023012806965992855,0.003389097461366183,-0.028321216711123785,-0.0093548749003823,-0.028778331158835265,0.1312942768519142,0.024138657806601675,0.004869301694090815,0.0027680506744595353,-0.001730360090493077,-0.012981132745757355,-0.02326378440711654,-0.018718626966497825,-0.005757761488031163,-0.007555700810896348,0.013953221875983673,0.017563454817060762,0.01229187807151654,0.01997126260948232,-0.0025132698225246194,-0.0005791529749343057,0.013906873299491675,0.0012457292619952602,-0.020548372296569348,-0.017029477664998075,-0.017751236350670926,0.012206675650371366,0.004666207613271419,0.023835620556942553,0.008344355830395143,-0.02181913822873263,0.008575267208758291,0.004710981268153506,-0.11167524660341335,-0.06102533769098476,0.03814006049772981,-0.03667209609981698,-0.02917308676572017,0.008694516439469394,0.005942737765405506,0.009641654194375175,0.009199805488698788,-0.02701882193318822,-0.016558266691883487,0.003971706933067276,-0.037804301856433534,0.054288774661498146,0.017543281482923615,-0.04612241793017108,-0.011431549266227506,-0.060794417040874536,-0.05446293690405876,-0.028445799292034165,1.3760281179548683e-05,-0.05035332946962357
-0.5944568375815007,-0.8102364402639117,-0.5992802398408344,-0.9321978240224367,-0.6099307850604933,-0.6030383824162271,0.2821666645605318,-0.7746799411852847,-0.5865433722179048,-0.7279996115268509,-0.8144348330691663,-0.7867137214959798,-1.20188624979123,-0.6515609668737035,-0.6606583862122362,0.02085391619483086,-0.5799035033251813,-0.7255848099551796,-0.5769836658130023,-0.5080096343127908,-0.5378485846751359,-0.9090362574487396,-0.5489795325131983,-0.5644488769412511,-0.556171187934693,-0.6753976451810829,-0.4923439254093785,-0.7540235774928427,-0.725952249894532,-0.7344621184399773,0.21226964806225243,0.3726046483550018,0.6237603070471459,-0.9535415346433772,-0.5685535251915892,-0.5462775388883542,0.34668209840267694,-0.4965047197435688,-0.6525705557904594,-0.9988361692977492,-0.34174818787314176,-0.7545061288950486,-0.6305492757888286,-0.5597565830711376,-0.5838896860166934,-0.5453215955837468,-0.6382496909503715,-0.3505459798238321,-0.6052093781113844,-0.016354593673907493,-0.961925063416735,-0.8585583563991128,-0.1862882744948411,-0.7639561582560875,-0.6047623393716817,-0.6055316694704004,-0.3851195299798576,-0.6482490639346699,-0.8385850340303155,-0.6975813023372033,-0.8203901401912623,-0.8876812769722455,-0.6066107630182395,-0.6267314280586818,-0.6100007251640465,-0.648074788703032,0.5196546849026977,-0.5647017723891001,-0.6449640406791569,-0.662654923404329,-0.6378202313027368,-0.638415241009692,-0.5711473583121067,0.5554417720524779,-0.7002995171237908,-0.5924562206630305,-0.8559426838920096,-0.7003286963478302,-0.6424922316624633,-0.612014393843954,-0.8102329286315233,-0.3532444180262532,-0.4847118305654801,-0.6667399431039498,-0.5814787966041459,-0.5662939415870122,0.3452994251166173,-0.641855289676755,-0.49697259161126267,0.6097417668623372,0.618607459667973,-0.5353935530508676,0.2812739199918961,-0.19434298300320796,0.3914838677522461,-0.3771175213692641,0.2703145401859017,0.06212631555220502,-0.6079385738186934,0.19466486133893163
0.06507057870576317,0.11978004808605308,0.08361405290481784,0.21220980587271998,0.0850238149276339,0.08611783437146037,-0.008207572348186852,0.1620080481855033,0.08881475610695239,0.10753140104809938,0.11313120639549142,0.11600137721598398,0.19259747870261526,0.08869331770894216,0.09637987432345026,0.05067525835125886,0.08181810749635476,0.15238627043990366,0.07948222102800842,0.0710912313062804,0.08580389735674528,0.1701775552331735,0.06540120530232418,0.09910048379371311,0.07359793264360064,0.09769795217904964,0.06183109753512862,0.12933204954871821,0.10215739454511,0.10313947988670626,0.012001098954070009,-0.0487602050063747,-0.07622685731461977,0.23351997558556645,0.08007930985470117,0.09042381262488657,-0.03416443295387336,0.044236084861743366,0.07050759954157904,0.05981486710233088,0.058253603718177,0.150479389796134,0.1291289673444583,0.11183857991708192,0.08332101090559743,0.08506464906120396,0.08317662777605003,0.047253034349705465,0.08695122666272928,0.01133577407291358,0.11438033255731639,0.11965593730286204,0.07633264062184218,0.11479377291092305,0.08170477229558272,0.09057350278485561,0.13337724051569072,0.10466303543790967,0.13376422217175066,0.1041924932604742,0.11476519115186948,0.12582728673110355,0.07151021237268414,0.07175172118584215,0.08355167258844405,0.08973803791164954,-0.07334173255933618,0.07143962891726562,0.1059349173035097,0.10674230293413353,0.10110789839721453,0.07901474434191257,0.07051444789988161,-0.08804558158033304,0.09424737766374135,0.09141181863569464,0.1283027447710252,0.0975875964416879,0.18033562457715174,0.12450654463325714,0.09840961473537556,0.06000459560580097,0.07652484433791797,0.08803869439935072,0.07162539241599442,0.06726775064962158,-0.03473458577305105,0.11158366285519555,0.07413723464356572,-0.08931605419037347,-0.06321392276891187,0.0314992088456177,-0.05244605659762885,0.06289427469263417,-0.03299241826768932,0.08585834840306528,-0.016133796840880683,-0.016690526050128232,0.08140740400466637,-0.006816902958217155
0.49724025417133666,0.670269061199223,0.4976832612365117,0.750015995316266,0.5072176392754999,0.5008260186501636,-0.24116249383447108,0.6252103630527763,0.4856848976264546,0.6044389829052517,0.6769643371564311,0.6530807623980562,0.9957351518204525,0.5414100214025728,0.5483656922019624,-0.03531371877388473,0.4816671460489032,0.5863546043150257,0.4790677944336278,0.42230770419011926,0.4440019281787371,0.7449024834384914,0.4589030411307912,0.4695985261271857,0.46427487486656377,0.5606611553584845,0.4111667694231705,0.6212194533043244,0.6039489626953275,0.6100619690235666,-0.18644353930851873,-0.31021216560194664,-0.5205692292738097,0.7606773414117558,0.47290338101212864,0.4508540187351852,-0.29076853475893927,0.42007669379802837,0.5477397449803466,0.8529788541527386,0.2844646597899072,0.6183571975989128,0.5164120140782822,0.4599735770057375,0.48533965797586404,0.4526046338143379,0.5340315414472864,0.29413096733822475,0.5026715730374127,0.014350121904001653,0.8028677496869704,0.7121014002712142,0.13653375569452894,0.6318976941533395,0.5036456946262127,0.5015993809701863,0.2942588406020347,0.5344172499023062,0.6943321600686349,0.5784701923447518,0.6826477531848526,0.7394368245471314,0.5080804404278346,0.5247113005861413,0.507857881305276,0.5390620669754527,-0.4308258110437626,0.47116202166365534,0.5302671494525816,0.5454909820252187,0.5269174277341946,0.5331564563354773,0.4768042448363162,-0.4575765508517423,0.5840511302507759,0.49169496697946274,0.7104680497527283,0.58192694434361,0.514002234471816,0.5026386289708974,0.6770777517817825,0.29206806610632247,0.40168416556954256,0.5547230777887845,0.48580232686250174,0.47406023451491175,-0.2900701314626296,0.5289574754229437,0.4127806860504703,-0.5034643320680517,-0.5183518011779072,0.45906038482617934,-0.22445114121354204,0.15649842608903589,-0.3293874808570193,0.30797722753169615,-0.2263539908560733,-0.04535856315944712,0.5064664097709701,-0.16236958466198728
-0.15322279395500452,-0.24555943642537312,-0.1647156554611328,-0.3778726167551308,-0.16896939285039392,-0.16785858355710176,0.03378931684436004,-0.268190853900778,-0.1659668614591425,-0.2151340496073717,-0.24105546656703947,-0.2359741535688471,-0.40513334744405394,-0.18173884608320554,-0.1898842794878516,-0.06889870743061659,-0.15789699244612987,-0.24940240691534127,-0.15603778315774874,-0.13332891941032937,-0.1505208913469632,-0.32000240894589616,-0.139089529697741,-0.16872830404869668,-0.14635521796890474,-0.19373150884107945,-0.12214036465780803,-0.23933010947424563,-0.21160567100827304,-0.21390935410625186,0.0048071371797619895,0.08245012974817474,0.16875694810756064,-0.3799687924968135,-0.1533660869526101,-0.16204755463466347,0.06714428567552876,-0.11270781516788343,-0.17133223388769062,-0.27439412535792745,-0.0823836453351166,-0.27572027036031543,-0.2057128221057134,-0.1831486325469643,-0.16028857790609022,-0.15397104284633664,-0.17449562863127374,-0.07724979790716155,-0.16877893957705267,-0.002132883496082955,-0.33281973207146803,-0.25893759882970746,-0.1381842381620122,-0.23155701117108932,-0.16541273992319674,-0.17204980131500855,-0.2243777193714145,-0.1934008546727022,-0.26328753174600783,-0.20389175967871437,-0.24368425422128145,-0.2694556101203825,-0.15829817286573353,-0.1645135034376565,-0.16828359628633915,-0.1818552035082891,0.13706749796843953,-0.14760786730493103,-0.1927505953618633,-0.19785916068481163,-0.1880937333394214,-0.17177365136712983,-0.14868724927790203,0.15622732521288732,-0.19903308813202605,-0.16779822068323627,-0.26494017125928737,-0.2009465866914773,-0.25870815534098995,-0.19918199230447384,-0.23180649384559238,-0.09287016107192743,-0.1321154695357995,-0.1854305134430655,-0.15233571385640027,-0.14740304190323078,0.06694476852629823,-0.20061424153709942,-0.13775164624548683,0.17431487195514958,0.1610124020793441,-0.11874653261590046,0.08407279193609904,-0.08561617447194016,0.080382049369608,-0.121728036451941,0.07573197413087546,0.048184659260254295,-0.16625667906515287,0.052338517449376905
-0.39202474902973566,-0.5150245162614125,-0.390944887138793,-0.5378930539666612,-0.3985560814478953,-0.39325774727132606,0.20570582562748474,-0.4670093778975538,-0.38062459753740474,-0.4693401276888633,-0.5236632991360016,-0.5055267118519485,-0.7525305914679519,-0.4233369752158014,-0.42820513442840535,0.061608070590687326,-0.37956849438292345,-0.44011027890304527,-0.3769851247154266,-0.33545528342174247,-0.3491900073203906,-0.5572751031111052,-0.36486437632451907,-0.3713549166173394,-0.3684477146733669,-0.43783030986867955,-0.3291953840759766,-0.476646421120796,-0.46963884686893564,-0.47349658293406005,0.16612951303124665,0.25299751808413873,0.4079798376226916,-0.5483344773200708,-0.3741324663113562,-0.35150450917346177,0.23936173033902286,-0.339084872179858,-0.4312901750961785,-0.6593430503866169,-0.23472563768513896,-0.46101126570973616,-0.3989476599735958,-0.35535632553515717,-0.38279236830433516,-0.35686303150353876,-0.42147863960879867,-0.2432068162603756,-0.39470780546997314,-0.017437303378688943,-0.5908903128284001,-0.5467106452253709,-0.06528940498331054,-0.48649979022636475,-0.3964458662691111,-0.39249647477589095,-0.17821143009832421,-0.41408543406003506,-0.533368854493682,-0.4502286112246079,-0.5285762469592323,-0.571257542262574,-0.4023459203336433,-0.41382078992265775,-0.39929059384615484,-0.42225443947950475,0.3406635837182673,-0.3730075983845366,-0.4096163946299666,-0.42161624022191474,-0.40977249677654404,-0.4196262810222679,-0.37747571400005486,0.35798676414391384,-0.45632211332550465,-0.387173347884296,-0.5461510587004229,-0.4530897592188909,-0.3801072461746371,-0.3898874800264764,-0.5254999903665782,-0.23548438317712073,-0.31955942503533197,-0.433694386963495,-0.3844807837093981,-0.3761495051957176,0.23944987673134166,-0.4086920033286005,-0.32621486776083314,0.3903721793117734,0.40634796963696473,-0.37075747673287524,0.1687452259375056,-0.11671803506308585,0.26741161753050824,-0.24133921644282114,0.16922526852674288,0.015870723733635125,-0.3984572391140786,0.11978363894116967
0.2184295593259316,0.3359717229082574,0.22567782516182638,0.4882306745932751,0.23263915050670092,0.2297330208463566,-0.05669889614873968,0.3397428486815973,0.22428457655221004,0.2950239271124032,0.3349178943880375,0.32494206015562266,0.5587472963994707,0.25068248421171774,0.2601891289158358,0.07111535827410652,0.2156604924999776,0.31609456623239046,0.213341744573297,0.18163127208586172,0.19986908340206544,0.4255122432109383,0.19535000191072469,0.22617876591680527,0.20244418621950028,0.26582763481958266,0.1695356659563146,0.3198886769896163,0.2928065887643956,0.2953034366566908,-0.02115682836952375,-0.1104925604650122,-0.2366666324543918,0.47552680006149656,0.20996010437138873,0.2165381876373202,-0.09419451654323148,0.16626553870698296,0.2462368714321107,0.4274260859333623,0.10712397025010914,0.3647915295591524,0.2647890087799722,0.23825605754127788,0.21950356178164063,0.20765578644340316,0.24463865770709559,0.10517203012385347,0.23070663470399744,1.661260456835953e-05,0.48032430030658374,0.3586590609842382,0.16920401753236758,0.31641192569782495,0.22899481171095612,0.23333559092066375,0.27572142559615626,0.2588126089607949,0.35829692272750097,0.27826986231088396,0.33895761839461763,0.37612850656526503,0.22451044460618166,0.23399170134976557,0.23246826053409456,0.2511511676165133,-0.1852753900074579,0.205428769221287,0.2552415544901322,0.2640364071654239,0.25294758408305745,0.24137481223365667,0.20799307599853822,-0.2067825981958138,0.27729477348648446,0.22708698897988772,0.36473609264611684,0.27730624501653134,0.3162946791310998,0.258135481609089,0.329256454506362,0.12196072129780047,0.17728479756832252,0.2574672733676416,0.2137776566391229,0.20931619469961582,-0.09395074868045601,0.2675369350189582,0.1877517028472994,-0.2350796153751784,-0.23175676712677817,0.18597712948236825,-0.10258490929639692,0.10441825927163612,-0.1167895790117053,0.15199253292933546,-0.11366462463754502,-0.062207227457701686,0.23040489528500419,-0.07956491995537077
0.2830530301655805,0.35108028082979914,0.2816295027800069,0.3061832831429036,0.2861296956442353,0.28249677527778416,-0.17507291163261995,0.3066390714152539,0.27322179705056493,0.3268475737161873,0.3602331259594294,0.3484484116124335,0.4824868585353327,0.30108872427195565,0.30287966991203846,-0.09368512754762626,0.27559955071096615,0.2917222510537669,0.2734341608603096,0.24834322205765422,0.25446097933887823,0.35425671839245465,0.26918156464594534,0.268060717272924,0.27064422489445855,0.3097269785014943,0.24723085316073784,0.32439165303139844,0.3274564707558622,0.3296519367921218,-0.15125581867618337,-0.20027662234832783,-0.2908430735433559,0.32625218022607655,0.27349932714777064,0.24919142671890038,-0.19260339309574412,0.25576783214567467,0.3083686515169699,0.43591145074470594,0.18824258326951546,0.2891024946002542,0.27810477974216224,0.24616667728967845,0.2776366450534446,0.2588769109890078,0.3031138716128901,0.1953021781700107,0.2835520319179133,0.02143293598220422,0.3465262922831495,0.3703377959978017,-0.016884114115226362,0.3328395496487989,0.2854458382495946,0.2804201566361518,0.04805045419327383,0.29019647841860347,0.3612100394546228,0.3162330767280754,0.36354107108467604,0.3886830729576988,0.29217720695551175,0.29794212350830285,0.2867585216228322,0.30054914759498114,-0.2509093310721987,0.272701632518016,0.28711314378081704,0.2947786668462284,0.28887694989715834,0.30138197486876245,0.2756929931322885,-0.258794455889789,0.3213348274004851,0.27977049124335923,0.3693142277744902,0.3181584389844832,0.24071577965468666,0.27295575508287295,0.3624988584027191,0.18047402047795968,0.23700018369347,0.30780968292922206,0.2800030573642855,0.2742152650067463,-0.193293011998065,0.28285870277073744,0.23730492982507387,-0.2753085660616379,-0.28895302379783483,0.2753170085719599,-0.1177215025489988,0.07384672982223735,-0.2074377429955924,0.17490497592216256,-0.10661292001552701,0.018624204504386337,0.2865536207303895,-0.07427011395695804
-0.25126375631574843,-0.3767828655541392,-0.2562398663268066,-0.525209723774842,-0.26502849993780914,-0.2610062895061265,0.07326057447888204,-0.36550354160637627,-0.2534570110285118,-0.33353929501655094,-0.3796245304435667,-0.3677425556706347,-0.6275189122251983,-0.28442972677132006,-0.29517855755738104,-0.05870485422505953,-0.24518522055177988,-0.3413264290910047,-0.24203043119043124,-0.20739389983215614,-0.22488122330086965,-0.4690161555054134,-0.22522559643126866,-0.2588300046015391,-0.232116628850362,-0.30182385973845477,-0.19582215515773083,-0.3568529421453768,-0.33227442006876284,-0.3342081024367303,0.03513696380320245,0.1274032105503942,0.26967688129742323,-0.5050238874582087,-0.23989576169828297,-0.24378983166627774,0.11074814871847737,-0.1962152596847745,-0.28371683553810556,-0.4992322208325047,-0.1256552200029488,-0.40194133507984026,-0.29372672368308816,-0.2654312660763234,-0.2505390953492172,-0.23597443561076947,-0.2815150550090058,-0.12494183792709351,-0.2619540936200275,-0.0030913520030308107,-0.5384375738739703,-0.40369374098861,-0.1675372024115033,-0.3555291576373869,-0.26155561262947175,-0.2637674575013854,-0.2809952904070272,-0.2896169336348428,-0.402361173972263,-0.31451564212945815,-0.3847039460462247,-0.42768017174591205,-0.25928496288989683,-0.26932646899661045,-0.2651756366809042,-0.2859059269406057,0.20944570788838202,-0.2353621172958986,-0.2833326217808672,-0.29444080917187343,-0.28436329193414467,-0.27692755476890024,-0.23883261797792857,0.23071941417642006,-0.316076780344049,-0.2583098953798819,-0.4110877838394615,-0.31430743699925756,-0.33934558319253266,-0.28863744707879513,-0.37616134994454353,-0.14045142315680745,-0.20293692669149868,-0.29292339994054495,-0.2459155334211057,-0.24298608368078403,0.11098197364117923,-0.3001970912241811,-0.2148294719895643,0.26216571772777403,0.2655503183615731,-0.22344272970313048,0.10605768180203592,-0.11463711554050872,0.13657110890164095,-0.1687781300436301,0.12659510449620925,0.05891451799118335,-0.263061590944576,0.08752230433597925
-0.18097580110586262,-0.19552769336028097,-0.17948136671912224,-0.08174244019233419,-0.17994261999563863,-0.17832328437058387,0.14998530576595306,-0.15983859258286395,-0.17273300443800896,-0.19094150795276654,-0.20327212706227055,-0.1973149358071826,-0.21566954166072946,-0.1862304143836804,-0.18379873005564393,0.12455595325752396,-0.17866637298419402,-0.15521382038164835,-0.1775839577257039,-0.16780925585652512,-0.16726331939882325,-0.15800042399890324,-0.18008176910576992,-0.16724648491147737,-0.17926421577631635,-0.18797537147188825,-0.1714802527109184,-0.17926558385305474,-0.1915526778092982,-0.19286323363795815,0.14182987602560698,0.15477796072253167,0.18108739761965725,-0.11784084469639199,-0.17917729645511915,-0.15243254408683082,0.15308599026608002,-0.17772111919480352,-0.19177682921073175,-0.21401538079159224,-0.14535371896896693,-0.12134103818496833,-0.16335297449552366,-0.14145199833164473,-0.17852887492475517,-0.16651424870556614,-0.189813591561885,-0.151728772577961,-0.17909192073509922,-0.023650585466869243,-0.10460834309447697,-0.2020492142361535,0.09591053694994157,-0.18643929243108176,-0.18058417391385873,-0.17526741175247817,0.07776744955451718,-0.17408000884203953,-0.19553293193944118,-0.18907121573307048,-0.20435648774320517,-0.2104658914973309,-0.18766156365093425,-0.1883740021435676,-0.18044387422626046,-0.18516564952711562,0.16915483058450512,-0.17918434956294385,-0.17428910820184826,-0.17675693287371286,-0.1750909426004145,-0.18947288123029654,-0.18049375606586032,0.16850731011310943,-0.1924608644385966,-0.17814410165973976,-0.19869828969891148,-0.190267031323209,-0.10705029177183178,-0.160509367828244,-0.20552997369956982,-0.12894976001879307,-0.15912638694318426,-0.18909077924846135,-0.18166057650000647,-0.17678984923695937,0.15398778421919043,-0.16241843683060983,-0.15279654065824683,0.16978492284383606,0.1790150373120829,-0.18326560596436786,0.07661134939581501,-0.03014474370088275,0.1547492178507767,-0.11221069232521126,0.048630066619349405,-0.05004026710197488,-0.18099010597766854,0.033643152984867475
0.2511576557935095,0.36674042020302433,0.2548541835575265,0.48685877003655675,0.26391669009747126,0.25963046609901247,-0.0830226967624377,0.34630541950184507,0.25153799916549896,0.3282769395401058,0.3728377276533679,0.36133971429777884,0.6057582551694319,0.2815713069224376,0.2923979775168325,0.034777201737378,0.24475083111331547,0.3249025910470435,0.24102204216251144,0.20891099024833099,0.22391280011989775,0.44771266680745336,0.22746013486975603,0.2613114981816044,0.2336225693901801,0.2992646886329297,0.19937109976066103,0.34758109421336447,0.32769863552917006,0.3287806403104287,-0.04715516364593446,-0.13216643260072342,-0.26702792380201446,0.46877052967384053,0.24096655858449237,0.2412557952791029,-0.11660632769595546,0.2011870892194678,0.28270871356778465,0.48983556659443545,0.1342729623821299,0.3842525570509992,0.28856071869541516,0.2608728364075798,0.2510813318957574,0.2363503629209577,0.282390137162834,0.13397540376592476,0.2604870363262672,0.008463114149896162,0.5085716732809126,0.3929241450982822,0.13720458048505854,0.34691401197658206,0.2609549620661108,0.2613924762738956,0.24280568231233604,0.2840721513807036,0.3924960426677341,0.31031251133119003,0.3780313756476846,0.419972845668171,0.2606265312989493,0.2690866443778041,0.264293412590469,0.28392345685449527,-0.20852204642876832,0.2359944292388078,0.2765589580389671,0.28802987397959845,0.28023127927506064,0.2767577703958426,0.23976722771067396,-0.22713416676118686,0.31317186413399484,0.2585706416386072,0.4011004805492141,0.31021438886553043,0.3233323191590741,0.28620637172331614,0.37071467971723476,0.14511226133709287,0.2058737605868787,0.2904423918596549,0.24705522453786702,0.24604672284650228,-0.11756358888268066,0.29547973652894,0.2161972301925537,-0.25572350420930173,-0.26262759898471666,0.2299252500691864,-0.09726988938292454,0.11339985143369194,-0.13990267745496057,0.16863202883206255,-0.11729613066723983,-0.042184579148721785,0.2622980019322886,-0.07990773850766718
0.09804817049915301,0.06756481487645814,0.09644662166373648,-0.10739827193314394,0.09264811389400648,0.09302856600273514,-0.13330647841843782,0.04215777049796384,0.09074538174200023,0.07831848124618974,0.07242460961033298,0.07100814038720059,-0.012519477817233187,0.09252401244128641,0.08520869053951309,-0.1507356512291793,0.09994081612416972,0.045145352578819214,0.10041288983604905,0.10275374004624722,0.09701953949911994,-0.006839361966163061,0.10777573325639486,0.08022435068333493,0.1048900700081488,0.08700933224583281,0.11030288652688729,0.05859433862149888,0.07865657093865655,0.07990943999206511,-0.13872656558375251,-0.12084598504561611,-0.09224146308948725,-0.0538553356562215,0.10187170737958595,0.07222296979332002,-0.12467157756038715,0.1147469927278897,0.09646745267105283,0.026223853187329962,0.10925586558424202,-0.02144107298060722,0.06723533707497743,0.05307148469255633,0.0967601771444472,0.090173387989976,0.09526633753094471,0.11599291386320557,0.09362781928199373,0.023204790741349686,-0.10056719321990616,0.06300215057453776,-0.1619783310662333,0.0653382762838214,0.09443048749425491,0.08928592573114359,-0.18370357979121685,0.07921004023624777,0.05695255364098946,0.08404370695227456,0.07127995572022107,0.05974378972002433,0.10156180951556489,0.09870285444478297,0.09301135595945649,0.09000229455350538,-0.10499252831226812,0.10348017267125328,0.08377116115549155,0.08097960271245827,0.08158151251188174,0.09726091732407609,0.1030714138726788,-0.09741676798145749,0.08559060602457802,0.09376963713204273,0.05587888454293681,0.08489072121241255,-0.007118729429012873,0.06433113627116159,0.07452259081000341,0.08575911722415192,0.09421292960317305,0.09167575181895096,0.10108934896624513,0.09518038202672643,-0.12528286979082037,0.06109223914853943,0.08211901877819004,-0.08638588747472616,-0.09070750914753141,0.10679596054630842,-0.04962494103176817,-0.01094244347164453,-0.11575977505032332,0.05921751081615512,-0.004250769617661633,0.07286455203837362,0.09435053485725625,-0.003886288618225265
-0.2240241871507247,-0.3162210302314197,-0.22700418696693686,-0.39136787412646085,-0.2347120155145266,-0.2310089599827567,0.08568259808030541,-0.2934401994968397,-0.22375500820719213,-0.2872250980238862,-0.3240449838376108,-0.31449162383332335,-0.5109813216334587,-0.2487576914090322,-0.258137870562366,-0.0061141339429553795,-0.21928715618895545,-0.27665640962709526,-0.2155780447182921,-0.1897385396696559,-0.2012141555631273,-0.3756595141238977,-0.2063174262431857,-0.2366278230658075,-0.21134208019183098,-0.26455990382364847,-0.18318231213696765,-0.3009246607715412,-0.2870279788752639,-0.28730222226859786,0.056407548171840516,0.12600626703846668,0.23563138870241668,-0.38388216041867085,-0.21739866656937246,-0.2136196017628644,0.11292028336728217,-0.184831420947993,-0.2503662722907481,-0.4169219114005012,-0.1317726378580243,-0.3233880065349803,-0.25464974445071215,-0.229581180971325,-0.2255920239363614,-0.2128980835662445,-0.2528036122568731,-0.131824044603235,-0.23176572157864897,-0.01356921943367969,-0.4124981256240613,-0.3378251755677185,-0.0894531485497149,-0.29976570757482324,-0.23254358684613338,-0.23181528421771336,-0.17558565275561458,-0.24896311860304415,-0.33904354680177085,-0.27281984614923754,-0.32843754131621505,-0.3633474854546731,-0.23373117322580217,-0.2394108505055602,-0.23533490851195082,-0.2513592365868348,0.18706831590315093,-0.21218747199808918,-0.24232023397570993,-0.25206117191425653,-0.24680469038294556,-0.2468045066554622,-0.215621828494364,0.2013789336965627,-0.27599141830455726,-0.23233126212683333,-0.3456269278817846,-0.27253252378280746,-0.27546112656970156,-0.25514753264403267,-0.32270839771483456,-0.13610649434240768,-0.18822361591126016,-0.2568275333756736,-0.22206513463959143,-0.22249034283066926,0.11458140116278592,-0.2595102479042774,-0.1950043789164834,0.2231955505964304,0.23058291772698764,-0.2103018596470681,0.08116229786987508,-0.10146897775972051,0.12971734549659814,-0.15315700043695146,0.09280273347393647,0.019025857795071478,-0.23365475883976616,0.06259598202975308
-0.0437423550052428,0.01804672987106489,-0.042137664017641435,0.23946012450724277,-0.03472273404683591,-0.03671827950889116,0.12739524250515294,0.035158457583805224,-0.036795993544459143,-0.0023784411703581983,0.01666013994247697,0.015103633966959896,0.17338754306501433,-0.030884766615749775,-0.018882673095931,0.1711970981141865,-0.048568465415037704,0.027469519724761284,-0.050638147481244664,-0.06066012386015469,-0.051580685390977224,0.12076766040627872,-0.06055159554848137,-0.018016798938613403,-0.056173406434777876,-0.01879107427429035,-0.07075455733931871,0.023584757426602036,-0.002250288953850262,-0.004114730194658487,0.1424394618246046,0.10227979761692399,0.03478042549689168,0.17166548167481635,-0.05067419119702767,-0.018009708702292345,0.11035720172703879,-0.07461157543866319,-0.033804348610924524,0.10408331079017533,-0.08426306456518184,0.1227864706065608,-0.0008592242038518229,0.00850448325866127,-0.04189266340580333,-0.038705446901841495,-0.030857066096607766,-0.09212225569374245,-0.0372655071117877,-0.020869972579833626,0.2446248812092165,0.030639365474273143,0.20977945447130975,0.01612070596077682,-0.037342032620215744,-0.032517614668101734,0.2596256534254685,-0.016424602108079285,0.03803421806732209,-0.01355881978060194,0.019416369080356266,0.04447057732310384,-0.044317245269457683,-0.03969742138062323,-0.03489769010507106,-0.026440851330030175,0.06593031642910811,-0.05445809670181651,-0.025164166247289305,-0.01798723348976094,-0.019195260435262783,-0.03560473053958712,-0.052492319041129956,0.05350137949963912,-0.01348677543894537,-0.036615751020736026,0.04185285038776568,-0.014346558449140663,0.08950736571035137,0.0047004077993932185,0.014768309874913366,-0.056275906088555094,-0.050099940692690366,-0.026811213172585963,-0.047782724429117795,-0.03916343298691318,0.1102238186067406,0.009360596192480206,-0.033763454253258635,0.03425578470781721,0.034353809865620595,-0.05539397655346721,0.03849281644932647,0.04519224171854383,0.09503317553694048,-0.021986079608643554,-0.02132509720278497,-0.08527363114411932,-0.036919914392747465,-0.012431722112656996
0.1781392221794216,0.24080231206577854,0.18096471219016635,0.2670241585288098,0.18618442924488748,0.183733372806638,-0.0805127891758982,0.2212205779590744,0.178237985560684,0.22323322638481516,0.24866761647723967,0.2420099099217759,0.37441418942941845,0.1960462087021815,0.20277175851123908,-0.01919989060792666,0.1763400771067832,0.2096673353616852,0.1731991044654896,0.15516929431865542,0.1630093004436916,0.2756990162852526,0.16803865467805257,0.19212555112291313,0.17202597593940971,0.2081950419798709,0.1517599881090552,0.23098750384765723,0.22298568014289893,0.222699533480049,-0.0602462448118186,-0.1101003209690852,-0.18552852924468877,0.27437159769691666,0.176056885098449,0.16870117919499747,-0.10028253185188142,0.15272239327728973,0.19743720615953264,0.30739212198793975,0.11754037061650234,0.23874456782024497,0.20164161769557556,0.18074999741674178,0.18141416729654522,0.172479851512502,0.2020766580743791,0.11823333970506916,0.18437885874427642,0.01628656772270428,0.28294943115285237,0.255693669694233,0.03806648005716076,0.22845908579959126,0.18499119583976703,0.18375788746196794,0.09932946621460471,0.19454093604364836,0.25889809621692467,0.21356112771841917,0.2518889019952047,0.2763579795523029,0.18709143726120026,0.18972107217243017,0.18711138484393083,0.19816642000892917,-0.15158473584279877,0.17119075371739206,0.19054422076011768,0.19687478460098318,0.19382438718744163,0.1963329225639778,0.1736792726714075,-0.16086729346039874,0.21635329671631862,0.18731613756563253,0.2622846268621397,0.21287499070555937,0.2085710434614968,0.2037994015215044,0.24761040769412632,0.11510875831637463,0.15456392971900007,0.2023431769880266,0.17853137631219781,0.1793257857249322,-0.10242082931157381,0.20275805193349108,0.15703758137186827,-0.17448476032313118,-0.18004718454197252,0.1720414542026598,-0.062052597856720425,0.08190047545441048,-0.10909568691647642,0.12610086453335237,-0.061826496238426044,0.0022741221766233,0.18580142292511914,-0.04180918981262599
0.01934199335140698,-0.059476129324176376,0.01765088818013907,-0.3111561170214876,0.007776117372294992,0.010727559079813374,-0.13209587491244767,-0.0725903736901833,0.011970312580428891,-0.034975791468278956,-0.06128044873209953,-0.05836908144370098,-0.26091559868873104,0.0025994289160893446,-0.013256503660092404,-0.18695837677329025,0.025545982454003555,-0.06267718649683272,0.02895398260777479,0.042369118560207635,0.031521533533467164,-0.18125237623332954,0.03954119755016438,-0.016715218254235737,0.03412753032746047,-0.014707860620794282,0.05375294190827397,-0.06542992672335514,-0.035541219105564556,-0.032627423928302035,-0.15216244169279974,-0.09876850397680835,-0.009663607419829181,-0.23510193931316156,0.026915950210172738,-0.008698983674290367,-0.10967694208061857,0.05826283012460674,0.005189504423456401,-0.17240207182914968,0.07167602894902503,-0.18033101948240376,-0.034293664215620814,-0.04172586438434004,0.015554185312683174,0.013280072548445921,-0.001388069895334214,0.08094952451227644,0.011303962636627593,0.017661231788733647,-0.3232555465076617,-0.07662061100481847,-0.23963233862635128,-0.055792796961979696,0.010868595021335836,0.006182764950756742,-0.3053335788489739,-0.0131585691845117,-0.08695502623332625,-0.020636800980034658,-0.06486608061162916,-0.09828485973728396,0.01770494990013955,0.012936759938266667,0.007626722772992477,-0.00374173989858033,-0.051941898544695046,0.033075439126814675,-0.001429783846837805,-0.01136842435289359,-0.010666197089393991,0.006258752213792312,0.029971047059618835,-0.03669766331948214,-0.021934742834748108,0.008272514222608223,-0.09168850967907348,-0.019632032010114597,-0.1383147839094695,-0.044250980061633735,-0.05945137505280124,0.04196907799745953,0.02851867784243823,-0.003937973590328211,0.023195728747075036,0.011082157339195242,-0.10848382248465534,-0.04683365413150322,0.009621361941410717,-0.013269098703077518,-0.010798061357592927,0.030759388790726302,-0.040707155556746595,-0.07101290494816455,-0.09219274148263026,0.0014361202881438683,0.02851295436922414,0.08899278621188633,0.010192731691571642,0.016378349504680683
-0.12057666641586111,-0.15471000893757725,-0.12418236766944002,-0.1411823927322113,-0.12651656484999801,-0.12576857929288976,0.06588212239135773,-0.1421740143454643,-0.12248923377998858,-0.14843803273546893,-0.1612211293084784,-0.15813061964688427,-0.22723092226266423,-0.13257776044229183,-0.13614594375032515,0.03384084724604416,-0.12280124058900853,-0.1357381394474973,-0.12050927015515468,-0.10992361991338569,-0.11497236792387582,-0.17023268335918626,-0.11811620308039206,-0.13634384653954706,-0.12184454722525301,-0.14012507171047775,-0.10901652623318331,-0.15129601619992752,-0.14761576625182066,-0.1470110968953885,0.055013660795189795,0.08507730966064117,0.1257993674640646,-0.1629071501189435,-0.1234097417423486,-0.11402245661259248,0.07837133999638003,-0.10954800992370234,-0.13335129326412892,-0.1855904234508016,-0.09159033072613035,-0.14951198873971477,-0.13950380804740167,-0.12387578348624681,-0.12544368494186464,-0.12160079342635498,-0.13910692883154366,-0.09319438296647482,-0.12630111482707743,-0.015332043840481339,-0.1503302060372745,-0.16234073615082784,0.004808061782059639,-0.14638341718081455,-0.1263566245990454,-0.12528364326068345,-0.032727939159162,-0.13022897118969615,-0.16836595655501374,-0.14344058576755886,-0.1636568624612918,-0.177285536441848,-0.1285556105971954,-0.1284819047861994,-0.12786021649931872,-0.13366797579564393,0.10760094801047405,-0.11946233909294149,-0.1300091793270657,-0.1317955463433413,-0.13045568178434144,-0.13394872697670743,-0.120457549637597,0.11193997611449318,-0.145392432912287,-0.13117494634421806,-0.1680337453177199,-0.14198903566587928,-0.13639817035122082,-0.14113094661298523,-0.15997971702227293,-0.08421775359249206,-0.10960484149860635,-0.13635687860198095,-0.12329588400050182,-0.12332209715997595,0.08071974844170322,-0.1356130889410285,-0.10800339919155247,0.11800534880039783,0.12010770208127282,-0.12187200050237446,0.04232124948521289,-0.059257498124358404,0.07976757101430147,-0.0917577987389566,0.03147750773798407,-0.014998625390733912,-0.12673779654287096,0.022022104668278766
-0.018130085906710072,0.06629866168732891,-0.01541828672130528,0.3305164371138661,-0.004501536723492853,-0.0074740483339169874,0.14237304245394566,0.0798368705880096,-0.008812455931977043,0.04281859678626257,0.07065394933909722,0.06808710384241723,0.2883559944403029,0.0006297476737133424,0.018972298307211137,0.196656577127046,-0.02324605785388288,0.06958573292471296,-0.027652775197000327,-0.04153692391200991,-0.029666860673541583,0.2000375302501522,-0.03806370199929086,0.030589599304410332,-0.03128744947485264,0.021288046252990783,-0.053219851565092395,0.07605180716627877,0.043316743623736345,0.03920546441968538,0.1634733149505828,0.10422857270830246,0.008170349617293115,0.25535057740776385,-0.02353266072656505,0.013952925935188366,0.11697970066962349,-0.058799679617428754,-0.0021308235961969226,0.18937451914195358,-0.06822467282880809,0.20344322353047303,0.04647604271404989,0.05372559673038491,-0.011123400903073994,-0.007029943814153832,0.009005816273244743,-0.07837983738068155,-0.008102308213233596,-0.014532426124217825,0.34552908118013625,0.08473335798106389,0.2510285605951857,0.06222002066260526,-0.007577383797770266,-0.002734563279775403,0.3237954570795502,0.017546609056767803,0.10012885654908524,0.027277148633677254,0.07481588185037123,0.11196880479843538,-0.014364816708447388,-0.010748289674792542,-0.0036962572778452864,0.008311102798570131,0.054660787658352965,-0.031869673648214775,0.00503105623542486,0.015301207492577828,0.015654624174485893,-0.0016371048432463659,-0.02841846550400596,0.038567933994335786,0.029340032386544593,-0.0013547843908668295,0.10364234299915598,0.025480352052630623,0.1606651439057156,0.06043169324357977,0.068422237302894,-0.03945138013217467,-0.02430832066914038,0.008524855136411815,-0.020425435301982535,-0.005427409758416884,0.11449188903502208,0.058202665427287484,-0.0049170808112814655,0.014174380591180423,0.011412938494948408,-0.02590934266037829,0.049965111838368034,0.08976875452554556,0.10098024927860694,0.007137142871095668,-0.02224677412748213,-0.08726424099129888,-0.006835812665073299,-0.011911502728617768
0.05521727372565489,0.06444848361619607,0.060696618955678835,0.023762910786477694,0.06012304715501996,0.06139048742006851,-0.0424287573000645,0.06116778986608459,0.06049600639079671,0.06875451284388227,0.0686360540058989,0.06969964179232985,0.0830269524521462,0.06308717829877104,0.06334620344274566,-0.0369372880498,0.06256354756313741,0.059679889498298874,0.06121311296419399,0.05697063592079707,0.06037059163519174,0.06854749979161505,0.06000450807754568,0.074260502467768,0.06452889578110622,0.06547587322296469,0.057711204484981946,0.0680045086311862,0.06683827124721742,0.06609627100467627,-0.04043958288683146,-0.052344888728605134,-0.06118488956316226,0.05767952251647671,0.06329347680285786,0.05340296375437825,-0.04821056222408844,0.05844969980854344,0.06297729111826506,0.06212085999269561,0.055294659332450466,0.0634865227162939,0.07318467994810522,0.06347192570034837,0.06163792194119332,0.06382358428973314,0.06874478984597367,0.05803305246589072,0.06182159218564028,0.010390807651477874,0.026327340289139425,0.06493186394887768,-0.03665242405458961,0.059721968820691966,0.06102318930699515,0.060609690046367244,-0.019066797414662762,0.060587190100787426,0.07496755847928675,0.06796627681503209,0.07110537610506366,0.07484628025901316,0.06260795882777385,0.060273907873449266,0.062016383142088224,0.0627581291790205,-0.058272884889688896,0.060733062569139,0.06491585370739188,0.061339320172356,0.061306325885940434,0.06438899270402317,0.05976693303564079,-0.057938832182046776,0.0687388994192291,0.06824164009738982,0.07063124867336751,0.0652524068522054,0.06469881653828395,0.07181702310175087,0.06690818629117383,0.04538552339084155,0.05647616152167113,0.06373106118439331,0.06027573458018783,0.05860965208595158,-0.05056959046952693,0.06309792099915121,0.05124271101652422,-0.05783459570082587,-0.05544324945511288,0.06394446293297296,-0.022601698605030467,0.035744904360951554,-0.04340384874616709,0.05249659345134111,-0.004676817719902596,0.017548994304805412,0.060796829105950204,-0.0049330877460267595
0.03244483046275645,-0.04502643434420773,0.02395293469548158,-0.2778847530204159,0.014782257980194044,0.01544335645025427,-0.14287574519938123,-0.06439100542713558,0.015621707808109231,-0.03208837659696003,-0.051604555584512386,-0.05307275911641753,-0.2562823893355686,0.009808797369298648,-0.00794169323004646,-0.18241170009143076,0.028288433199980364,-0.05641157689447122,0.033478016081221126,0.04616025076627418,0.03226646223077464,-0.183908379857814,0.044259982308803965,-0.03921587285462238,0.032866905476586473,-0.01069163972213647,0.05673918442087531,-0.06465903892121165,-0.030400173980552607,-0.02501056305479275,-0.15975758755594308,-0.1015363045939671,-0.01710350974379175,-0.23214610913273295,0.02759782428261507,-0.005273877684730122,-0.1164380572506711,0.062274815152847926,0.01352608478882182,-0.15043453292862927,0.06124096231353251,-0.19797603031627972,-0.051148948813898865,-0.05671548038403299,0.018248834122290062,0.006982433426393776,-0.0038274943441447746,0.06943591807488637,0.01590532804194513,0.010932634584507482,-0.29146617416906295,-0.059561950695182386,-0.21756840138552203,-0.04018902478976624,0.016542614791429648,0.01116931142098338,-0.29301683574612497,-0.006536018298895236,-0.08773882104152853,-0.018090350438552373,-0.057950077577667916,-0.0931606344754779,0.02304656824280177,0.023066190451543574,0.011945144320314922,0.0025922371383122556,-0.05745438501474595,0.03781611435178129,0.00031999268502508566,-0.0038700567420207484,-0.005660492019600596,0.010833726771483563,0.03628852887486288,-0.044182359933998064,-0.020155810768103445,0.0017915552039797944,-0.08483060273420447,-0.013030805354609551,-0.16479613539163632,-0.06393592428168735,-0.04756088134522438,0.04014991920489152,0.027293570123851172,0.0030591109180240867,0.028939044797681546,0.01460156754986862,-0.11170969597890985,-0.05130394731255356,0.013207013765382436,-0.023121335453867697,-0.02528553155951443,0.02728741422804547,-0.0560507933110952,-0.10725084164877847,-0.1083657462062146,-0.01563441779415862,0.003144566358855224,0.07709011480923965,0.016380922474275653,0.000774784922193795
-0.019349272074798553,0.014983950594636832,-0.016434776612737775,0.12350252766600482,-0.0121639891541039,-0.01262245439770886,0.06814099690419737,0.022502058935661803,-0.012749879172424058,0.008443910744735574,0.01814533417210201,0.01842712654933285,0.11049214278516091,-0.010201215288695116,-0.0018997415009335448,0.08573517453356924,-0.018885938200653044,0.019089267574705082,-0.02118274440407912,-0.02655492166342797,-0.020779722282419012,0.07646469302798806,-0.025658415531883885,0.009852404339658264,-0.02130959354060721,-0.001107200197339755,-0.03125791158304994,0.022864657286756806,0.007912704563167009,0.005575193989574482,0.07664416158728452,0.05210365337410027,0.013900849499573717,0.0992077839789712,-0.018727615245618338,-0.002432210790723955,0.058143826345147726,-0.03352144218836302,-0.011350185787936085,0.06505292047504323,-0.03398644650310342,0.0838467878236751,0.014896703983903943,0.019278079042259172,-0.013835335735878689,-0.00931755622579038,-0.004727501106012685,-0.037822251726274875,-0.013101575711741208,-0.005632906729975505,0.131918334034187,0.021790232781176453,0.10185168284210043,0.013192524578270318,-0.012929616049588987,-0.010734368939145858,0.1351834547405476,-0.002699873047871829,0.033201638006632554,0.002092811992637874,0.020759159023541446,0.03666590481538387,-0.015793691478230044,-0.015689556908575368,-0.011156414175715225,-0.006711011406416345,0.03193019265237794,-0.022942051456951853,-0.007026316226677005,-0.004185681036841685,-0.0033464084204790747,-0.01082861849742493,-0.021950276230891998,0.02590508582355247,0.0029094074862701263,-0.007482214246048572,0.03214870270483901,0.00016238781658871755,0.0672738881716196,0.021528011336136552,0.016098728992636032,-0.022313777826388957,-0.017457066979015057,-0.007035449998712422,-0.01839099673918322,-0.011308357071386934,0.05631617531531158,0.01759734078490254,-0.01041482439786772,0.016383866532862907,0.016212316380125495,-0.018225650490165505,0.02753824264031873,0.045044050065418596,0.05343485194455235,0.0015115944390017122,-0.0008627719989764862,-0.03664238557452591,-0.013057236311187902,9.212243450566804e-05
