Precentral_L,Precentral_R,Frontal_Sup_L,Frontal_Sup_R,Frontal_Sup_Orb_L,Frontal_Sup_Orb_R,Frontal_Mid_L,Frontal_Mid_R,Frontal_Mid_Orb_L,Frontal_Mid_Orb_R,Frontal_Inf_Oper_L,Frontal_Inf_Oper_R,Frontal_Inf_Tri_L,Frontal_Inf_Tri_R,Frontal_Inf_Orb_L,Frontal_Inf_Orb_R,Rolandic_Oper_L,Rolandic_Oper_R,Supp_Motor_Area_L,Supp_Motor_Area_R,Olfactory_L,Olfactory_R,Frontal_Sup_Medial_L,Frontal_Sup_Medial_R,Frontal_Med_Orb_L,Frontal_Med_Orb_R,Rectus_L,Rectus_R,Insula_L,Insula_R,Cingulum_Ant_L,Cingulum_Ant_R,Cingulum_Mid_L,Cingulum_Mid_R,Cingulum_Post_L,Cingulum_Post_R,Hippocampus_L,Hippocampus_R,ParaHippocampal_L,ParaHippocampal_R,Amygdala_L,Amygdala_R,Calcarine_L,Calcarine_R,Cuneus_L,Cuneus_R,Lingual_L,Lingual_R,Occipital_Sup_L,Occipital_Sup_R,Occipital_Mid_L,Occipital_Mid_R,Occipital_Inf_L,Occipital_Inf_R,Fusiform_L,Fusiform_R,Postcentral_L,Postcentral_R,Parietal_Sup_L,Parietal_Sup_R,Parietal_Inf_L,Parietal_Inf_R,SupraMarginal_L,SupraMarginal_R,Angular_L,Angular_R,Precuneus_L,Precuneus_R,Paracentral_Lobule_L,Paracentral_Lobule_R,Caudate_L,Caudate_R,Putamen_L,Putamen_R,Pallidum_L,Pallidum_R,Thalamus_L,Thalamus_R,Heschl_L,Heschl_R,Temporal_Sup_L,Temporal_Sup_R,Temporal_Pole_Sup_L,Temporal_Pole_Sup_R,Temporal_Mid_L,Temporal_Mid_R,Temporal_Pole_Mid_L,Temporal_Pole_Mid_R,Temporal_Inf_L,Temporal_Inf_R,Cerebelum_Crus1_L,Cerebelum_Crus1_R,Cerebelum_Crus2_L,Cerebelum_Crus2_R,Cerebelum_3_L,Cerebelum_3_R,Cerebelum_4_5_L,Cerebelum_4_5_R,Cerebelum_6_L,Cerebelum_6_R,Cerebelum_7b_L,Cerebelum_7b_R,Cerebelum_8_L,Cerebelum_8_R,Cerebelum_9_L,Cerebelum_9_R,Cerebelum_10_L,Cerebelum_10_R,Vermis_1_2,Vermis_3,Vermis_4_5,Vermis_6,Vermis_7,Vermis_8,Vermis_9,Vermis_10
0.7137878268126058,0.3220957041703553,0.34449808316147806,0.2048257648474951,0.31565658768941035,0.20105728549939691,0.4174569966859496,-0.030580732914063616,0.24574362532460442,-0.0651413867415338,0.18251359760528418,-0.044390414962940765,0.38282021690968415,0.08317603751509431,0.2669426597730429,0.10095233051438789,0.5976771588270211,0.2931113224504251,0.40773670813676804,0.037663255024807954,0.8274436481951567,0.4236154420194923,0.06960220961150526,-0.0942979311508868,0.09044939562223209,0.07679565234872623,0.46048032186325955,0.37350850198213625,0.24449591714340926,0.06519949455513012,0.4210326253251277,0.3043810013387236,0.522710595605262,0.34796273749681544,0.28305697343293856,0.19828912921124697,1.0902349179545405,0.6890332446085765,0.986660491541386,1.0331581614758993,0.8015347481725584,0.12546938840124022,1.0870550046497038,0.9677361581013696,1.035239488953797,0.7467136453452103,1.0927207200049511,1.0096959116494855,1.0970803154848565,0.8657967631204727,1.2242927690575103,1.1283158099609254,1.2693354433673438,0.9984325051196171,1.1285941454776753,1.0035880864117739,0.3560688650571448,0.3987788641203501,0.8734745924167197,0.5912634856290628,0.47478764086935465,0.1946558296088479,0.1002208988901461,0.07497785787431814,0.2280831339992042,0.3588991040549502,0.5757606376013696,0.7579337367421662,0.17208787503992054,0.24969280336827795,0.22278760778557377,0.3131107906532749,0.3926511802355215,0.30395596741911324,0.5191619509469205,0.5007552053978525,0.4810815610361339,0.425344331383009,1.2714096119485314,1.2392877272978875,1.0216770595827591,0.7523596174261976,0.2819023745877139,0.7255774066264634,0.47767380153835615,0.5576150248577713,0.28829459521363454,0.14183562242515158,0.5502493540595712,0.5644453303842957,0.05973173372064322,0.060215500709466276,-0.20053601797593582,-0.1997985970187119,0.23081749248681394,0.7067773206247133,0.8575632913887119,0.7153730484870618,0.4292518169187934,0.33559177721836614,0.10975497721194337,0.24725630510662056,0.43236445754262753,0.17404386219627632,0.6106753385900187,0.2946644328569582,0.4894009731275594,0.4407342545382762,0.2334291578885786,0.6497307232033739,0.7952399725479495,0.4729619230037252,0.299437063383895,0.619969864165418,0.6616241186133547,1.0336538869791867
0.18360326816729092,-0.03137475011046533,0.1857107430308744,-0.05215075637477026,0.26562294342812287,0.13579472086586475,0.0658230586334146,-0.4444853481413108,0.25219185907386316,0.29078177979310765,-0.158889741607333,-0.16299540682774172,0.29787780271520514,-0.02717335237565281,0.5777241402187543,0.8154142412396785,0.26735044261378915,0.057874432000710886,-0.07734772080766868,-0.3336884984785355,0.6490033797535173,0.6211891352790645,0.15443471693969055,-0.07742335983951723,0.15545930043251435,0.13549162674724483,0.6081802786535352,0.39390424168825616,0.04455745255576105,-0.02332317307222639,0.2631567080027909,0.04197579096808697,0.18550402994333406,-0.06111738779971122,0.145292991506364,-0.45203853295886387,0.5606614884273123,0.6776985199574291,0.7666669120906646,1.1695102750206654,-0.04938594935572841,0.6863345532281558,0.5843773438244743,0.474188333741344,0.5462897118366313,0.3131666856489292,0.7685986695847215,0.6021321163679061,0.6286251561028096,0.489230233951847,0.7889963173347504,0.712715741834891,0.7710564667481373,0.5388663317372857,0.7989418947327652,0.6885400092010026,0.04948399310680086,0.18423164439338538,0.3596624524506159,0.19337993022255814,0.18655436371763887,0.20270447367538935,-0.2299760230338074,-0.19510011491242837,0.2426293726993092,0.10517303984333469,-0.06260223039191488,-0.13209840549654164,-0.23241188792415698,-0.25131296912095064,0.0553309364109449,0.19817475730140996,0.14604475214336768,0.25726383950494186,0.3329943380923835,0.17904448793126315,0.07435496375589949,0.5277248443184991,0.8329479554862153,0.8606280553416862,0.8840175481621917,0.6921600872838765,0.4079849272697525,1.2718443887804112,0.762328167693152,0.6639924190104505,0.5187443539422774,0.5122891430365732,0.7524356116668874,1.0005152194204554,-0.0733775203109222,-0.4020670133323442,-0.04999647803829313,-0.21662704329449983,0.2462659842864592,0.42746777804712266,0.550332088753358,0.3058127807271292,0.1093815095340837,-0.12599304849874304,0.18234566492528723,0.025226564111208147,0.5830312374774608,-0.19643243066583424,0.13069179740913447,-0.1976911822031911,-0.21251730120515486,-0.03386178326826074,0.13826459998551405,0.2751967931202987,0.18722043685631268,-0.15115965605874915,0.0936391525535708,0.08777960060547041,0.5720222934877907,0.9925095771775102
-0.24949644435885268,-0.30741863603819886,0.04335322588873605,-0.2583157530155926,0.19741795787516572,0.07855763757715996,-0.22329458509363054,-0.7517483600842323,0.23608658441644986,0.5664321163634377,-0.4072485233748095,-0.25872390974005266,0.2272554406729897,-0.1071341417409869,0.7949562944954722,1.3346667808525778,-0.018481633255041704,-0.13892843817903977,-0.4796499712562114,-0.6185919351829252,0.47990179958785767,0.7431652709045586,0.2022811380174673,-0.06753968889438465,0.19938628529306113,0.17194721274900324,0.6911392442527651,0.3973805929481273,-0.1404728235823416,-0.11525179356570148,0.12131579021032661,-0.17410432359597616,-0.11077820228214857,-0.3922334760210521,0.024214709546002258,-0.9439789254947664,0.08394361358361944,0.6250810134295005,0.5313528962232378,1.189964613228617,-0.7581911372905342,1.091392405822192,0.11707782117193917,0.0166830108305636,0.09436013711170019,-0.07810410728719194,0.44046087303552484,0.20207191759573376,0.18561986520924784,0.1365590464083129,0.3724430145607662,0.31132885590650766,0.2829501503200126,0.09267463041257361,0.4582141125681713,0.36123025318406804,-0.194855010447818,0.0036723039507931634,-0.08930442460346111,-0.1588227401237226,-0.03155488150078018,0.17681046338554812,-0.49157443962498276,-0.4008801314954092,0.24149055232838643,-0.10864825177983724,-0.5928493072921028,-0.8646465089072416,-0.5453295893768102,-0.6410335988080957,-0.09346957417162459,0.08813202163750647,-0.04743138108397244,0.21769487973628884,0.17983309380514897,-0.07427842649922357,-0.24671577008935167,0.5707799702565526,0.41104065949077684,0.5039912640245884,0.7015494921571764,0.6008722222068882,0.46032827897116024,1.6253162541956934,0.934251207985082,0.7014482236079076,0.650591259932713,0.7633900550801792,0.8511738784469638,1.26893363641222,-0.17996608043210024,-0.7703529242179302,0.07736994736262336,-0.215702271341947,0.24989864741234222,0.14789388277976853,0.27417565480832623,-0.032369496533931744,-0.16389988840527023,-0.4918455374463816,0.2331192559194071,-0.1561517306751584,0.6556043966785147,-0.4958145120396686,-0.27089203273433854,-0.6010426836271371,-0.7603743688796074,-0.4378195456027817,0.05267116124832075,-0.06139830779418523,-0.3233475609709351,-0.6595927370340986,-0.08032548033867873,-0.36537225245634203,0.4423136154518436,0.9006938834765731
-0.5125463111627983,-0.45009166830984354,-0.07193725615639127,-0.3816021499304076,0.0998330395798575,0.03262832362875744,-0.40521090044569624,-0.880447554884114,0.1822749173187291,0.6968092613332304,-0.4974890616149859,-0.3121226680857491,0.1827649748600997,-0.1346143513857787,0.8513013042345798,1.5181697933788747,-0.22336343048116394,-0.26494576163420464,-0.732459889048493,-0.7528448368774862,0.3311361632381033,0.7405090665566253,0.1840966725354082,-0.07384523774058742,0.2041270047545295,0.1666818229982465,0.6654002852698447,0.3715687505593737,-0.29329508261967924,-0.20740143224056504,0.006665994256013599,-0.3136492592724625,-0.33067969168947303,-0.5877820375931786,-0.06956343954307048,-1.1665600818653596,-0.2924133487539549,0.5020812405440509,0.2734559572936584,1.0171728920639032,-1.2124054483152973,1.2320126548029635,-0.27425654814373085,-0.3629011817335252,-0.279067062819244,-0.3828191316448569,0.11859845820071234,-0.16856875149421208,-0.19629962263452178,-0.16019106692461074,0.0028403366397058063,-0.04980126784725622,-0.168995587485603,-0.3140659538136831,0.11036144391180573,0.026851739411070573,-0.3291617456662777,-0.11554452019723528,-0.4153298562458779,-0.4222070741020214,-0.13020825297667987,0.09289863771435798,-0.6325857127559376,-0.49675798256997417,0.21253244571472246,-0.25467635316360593,-0.9310370805693389,-1.3167657863235984,-0.6961914666264104,-0.8359762117111134,-0.20691496149751826,-0.007083803228319293,-0.14553461245660843,0.19131339087765226,0.08445442598664368,-0.20871630506820538,-0.4192908020169276,0.5154906421743204,0.02773378322233306,0.19264029585413728,0.45391468032115767,0.4598238712219495,0.3867357300924814,1.6534969252371927,0.9130349171733809,0.6210321561200656,0.6143817682140291,0.8086086622002712,0.7778956133811669,1.2541935802334672,-0.23709582323825812,-0.9698204101411354,0.16303777828248187,-0.18948555263774627,0.23298100370570818,-0.12551801248192734,0.05207064688918709,-0.24468756122887114,-0.34828408338634487,-0.6893966920998319,0.24742028468243965,-0.2673550797078978,0.6019084975098049,-0.6642492968121199,-0.5330604135467916,-0.8491532075651234,-1.037435320897614,-0.7097093021858771,-0.021172429363191494,-0.327999749067622,-0.6617618679456757,-0.9591107119171849,-0.19855402061080718,-0.6758798981140584,0.24380927724136253,0.7209396314109291
-0.576956493378778,-0.4397762684023545,-0.15700431842270024,-0.41589266864463237,-0.027591110417108353,-0.006258450654545995,-0.464387208520657,-0.8124328231281213,0.08584589272431828,0.6478802815666427,-0.4122304542424428,-0.311184313711229,0.16567752866383226,-0.10300406960602558,0.7221908378105176,1.3187618579211082,-0.32729427126721705,-0.2998699123152574,-0.7989852946433831,-0.7090029519034433,0.20900673364342404,0.6038284719369142,0.0905554543571762,-0.10153732862403189,0.1606182682475848,0.11078966976781408,0.5193930092104104,0.3089110563475921,-0.3956412202025037,-0.285904737339755,-0.07559001113907735,-0.367675577133564,-0.4509077947329039,-0.6241145720872178,-0.13330909250974635,-1.0851292847127185,-0.5374130163693618,0.29750524228904557,-0.004865859894261138,0.6341663176785715,-1.3567748469862257,1.076503836454612,-0.5497635580459814,-0.6227163752276589,-0.5340830421487479,-0.5620243765931684,-0.1700835392308848,-0.47345316696009715,-0.4772088598954989,-0.36697796818798273,-0.28959263264646484,-0.3380031966800243,-0.5448317088104658,-0.6435788602980542,-0.22400789023263026,-0.2897686455590515,-0.33224694599460014,-0.15895703126645486,-0.5834451687334155,-0.566380631411569,-0.10282017178498437,-0.055693029284618514,-0.6293046909808823,-0.4667389256530502,0.1487489625191899,-0.3254265570973618,-1.0362595530823349,-1.4287099014013043,-0.6534046648421338,-0.8015667135724479,-0.27176561823590456,-0.07251919753135047,-0.12978217784307824,0.18102750862606518,0.05621781620981044,-0.2056645111267721,-0.42237107097477167,0.35540252890347085,-0.29368913826660364,-0.05367974987879072,0.15286062302020564,0.26926714850791644,0.17489644714431837,1.3231694619365446,0.6731767423453838,0.4073495915506665,0.39177790056822,0.6239860282942968,0.5178056241885312,0.9280950839196078,-0.22830920378599168,-0.9612883279179351,0.19729790253598542,-0.14327862337415204,0.18977413528102707,-0.37777985241555795,-0.10595106864291183,-0.3090196410230559,-0.4144131526566997,-0.6868010066249577,0.22091085239856126,-0.2960637268215328,0.4190934586316458,-0.6665594974521275,-0.626983135505575,-0.9120453310521126,-0.9948379657899944,-0.8075731741351,-0.08862790123162577,-0.5036807559289606,-0.7915931692322635,-1.0003357367027348,-0.25187838449318817,-0.8089168543613493,-0.026976306774495373,0.44076442072303507
-0.4621247875012647,-0.295746170345138,-0.21578429305187147,-0.38219656741228986,-0.17278984697629346,-0.04843100234817796,-0.41654713424371115,-0.587804409994753,-0.04582851872813754,0.42308356287261883,-0.18527007829134381,-0.2518819780118895,0.167609027575591,-0.0214778155305155,0.43217342215622906,0.7953825228314816,-0.3278012058261295,-0.23754339786248843,-0.6771970440148334,-0.5010709175565112,0.11586093001786511,0.36786237906053687,-0.06486305380192627,-0.15067182608905977,0.07116605348000261,0.00823900542893617,0.2784808527741433,0.20838677286598561,-0.42850448595028845,-0.3257539411105239,-0.12567915045967942,-0.3491969551853235,-0.4623799929308863,-0.5144177003323303,-0.17239820478537354,-0.7496981666300405,-0.6389025376224388,0.022993103979932723,-0.28769558019352787,0.09333192120516583,-1.2036897177679533,0.6793330768435955,-0.6746235789128724,-0.7259015148563888,-0.6368007247979289,-0.5874188627625585,-0.3832381324599458,-0.6648517648098405,-0.617504639524403,-0.45202748926937786,-0.4752235549910878,-0.5173822401422592,-0.7928892115684022,-0.8493523382193549,-0.5070816647440555,-0.5442088615609136,-0.21225688854283067,-0.1264516055642889,-0.5870301432970515,-0.5782887919794328,0.012878835695096902,-0.2550627180007857,-0.4902399203314103,-0.3271153794867954,0.05019590573760885,-0.33560135080342984,-0.917907973411239,-1.2150416388720884,-0.43005619216959173,-0.5585142051096401,-0.2783269728732416,-0.08921534521499905,-0.008764213580854484,0.18773624471872097,0.08822749151380503,-0.08118186443194272,-0.2801322546779714,0.12109778613419642,-0.5284307290048137,-0.2189858872467868,-0.15516488258629435,0.05069753027922869,-0.14381802192883175,0.7123464418370737,0.25279170082414076,0.0833660763556806,0.02171238831380548,0.2553883995666417,0.11650340842754442,0.3596985790453695,-0.1469695656157197,-0.7497148784853114,0.18002186779829182,-0.09566499830755815,0.11916810730733754,-0.5869639266251406,-0.20206061356284882,-0.23925544674524402,-0.3508594257985425,-0.49939009874373386,0.15994474020455754,-0.24963699106400716,0.15174605613009048,-0.4988164630718926,-0.5608482305922802,-0.8021298723503262,-0.6620946092586746,-0.7160076952049376,-0.161170028269193,-0.5810118010147923,-0.7190618140243261,-0.7876790816537508,-0.24699545088169653,-0.7639981898202511,-0.34447175905740385,0.08132343905535334
-0.224821179206451,-0.06698448191789083,-0.2565664453420424,-0.32093531933669495,-0.31302029208080473,-0.10507306696222052,-0.3014461511890615,-0.2912031758278543,-0.19400039724326335,0.061674529071052205,0.11120556940067612,-0.1367405000863387,0.1756649162254981,0.09020671862601015,0.047973440219025026,0.09615739100417638,-0.23648187024005637,-0.08559070840658119,-0.39679622177362545,-0.17814500023688926,0.05225869835444585,0.1024294787143359,-0.24943214604518496,-0.21638409317164933,-0.05091802786434993,-0.12522527621778287,-0.0011213417812847445,0.07628803855769285,-0.3739127832578869,-0.29539170282332206,-0.1470046955378,-0.2871009751707286,-0.3696690504362688,-0.3009452519424597,-0.19785690004694803,-0.2782450665294464,-0.6019399772281594,-0.28690192353281135,-0.5437378011928474,-0.4943792890386865,-0.8275084445113715,0.16545260950055407,-0.6264729264065481,-0.6490484699583983,-0.5668081916199634,-0.4482039755159962,-0.47281269476538557,-0.6950465864205084,-0.5876754461802403,-0.3939536163362129,-0.5307625772821979,-0.5575660605653846,-0.860304318192944,-0.8865195517984281,-0.6907635558119457,-0.6814757888054348,-0.0014973356773095971,-0.03042073158572686,-0.4473602969975896,-0.4647566605755583,0.14886568884289056,-0.4731153132893479,-0.2517456986424254,-0.11985976866236203,-0.07529391683052869,-0.317034096071768,-0.6307439782837732,-0.7577688062706096,-0.07813194775315839,-0.17414272166262026,-0.22029973636886346,-0.03839244935291716,0.18559903862683896,0.2124133318637033,0.16127684425140498,0.12111671069830263,-0.051292392463824825,-0.12633099586764196,-0.6517996479776795,-0.29181757886920673,-0.39860028167025247,-0.15768470837316187,-0.5039434519828064,-0.01105424257289458,-0.2551161006084195,-0.2956090286776084,-0.41021343837215163,-0.19532981548672412,-0.3312204921650049,-0.3040561520398924,0.0012030811141937499,-0.3832178136018242,0.11914913649230785,-0.0736788522736337,0.02603784431800417,-0.7301183208960069,-0.24577404091629773,-0.07893160779050123,-0.1671090610630986,-0.1840783715716621,0.07858215647935823,-0.15222448925373958,-0.12235246930283525,-0.18907986847338393,-0.3755924773911728,-0.5700973730497477,-0.1372210404618129,-0.4500485781992203,-0.251747853459553,-0.5662386217463438,-0.4866996096974847,-0.37777306069328365,-0.20276755462013163,-0.5730509110280899,-0.6589764927128479,-0.30107152229229783
0.0609521406642101,0.1845966318078058,-0.28828529296806077,-0.27819904595273315,-0.420144302282165,-0.18130619723020566,-0.16932999738351817,-0.0247116239772563,-0.33225922379810485,-0.37024777660079117,0.39092316849361153,0.027039460387434662,0.1794878219539865,0.2098972425278193,-0.3396131773362966,-0.5831578266308707,-0.07358479985861836,0.13627933390098262,-0.010449453857825596,0.19015922104078156,0.019204020196232144,-0.10784109865635035,-0.4204950316446659,-0.29037876389899087,-0.184422983984648,-0.2663828687603605,-0.24765410877126612,-0.07421982028978687,-0.2190446850092214,-0.1661239721757473,-0.1436637577273629,-0.21589769341405246,-0.18909715538504668,-0.04029593477488657,-0.22201544790129069,0.1797345705940178,-0.4449117101309185,-0.5802565736303779,-0.7296419736611425,-0.9878808010532513,-0.3446966400994167,-0.3056147291778203,-0.40431586470787917,-0.3920466619529576,-0.3261282582139156,-0.15773177812640782,-0.4013508950137257,-0.5332959051931774,-0.3808196437445655,-0.19162462557679774,-0.447259208858298,-0.4457069005862497,-0.7099890506735663,-0.7273877579520072,-0.7301169264350633,-0.652477064978663,0.25397242163303174,0.10786860573963647,-0.20815035976445315,-0.2525514605993647,0.23126746627787725,-0.667269116159453,0.03263800880540557,0.10036073169187391,-0.2130435515478283,-0.3084291675356008,-0.2597059844053399,-0.18400889458845587,0.3263692474587292,0.2578024969766558,-0.09545655489817614,0.09194557391936589,0.4071104467660059,0.2573523924382269,0.2506132560723187,0.34366359927558093,0.19113764330965527,-0.3116670601163513,-0.6441038825505367,-0.26772040166161737,-0.500794159963096,-0.3115368752026722,-0.8252906898726751,-0.637939328162724,-0.7269238574335036,-0.6570645229250885,-0.7957167832976774,-0.6009837521588498,-0.7074714164390931,-0.8815267608861744,0.1974532999370589,0.05762436750476874,0.02797729213601963,-0.10359391855684853,-0.07831828126362184,-0.7915167689903408,-0.24784672389283893,0.11240804846838029,0.10627698421740087,0.1763658582339483,-0.006428310820726125,-0.037345978689640014,-0.31789307698842917,0.20775735512918883,-0.13340174586005402,-0.29199908164185323,0.4400014585755792,-0.054699077581519415,-0.36859076939999535,-0.47779196427938336,-0.15964649735016825,0.13335171719516672,-0.1431774491557619,-0.29195653061864635,-0.9093723997083537,-0.6241292870255973
0.3260249013646597,0.40212873800195253,-0.3174175781942929,-0.29063847110253654,-0.46819901858957746,-0.27066017638147377,-0.06587154429626935,0.12375789610902309,-0.43231696841468253,-0.7936859056439508,0.5808304633980576,0.22837191180880131,0.17695835241249813,0.3206035464670157,-0.6398792135835294,-1.0536013950025631,0.13644844182403087,0.39824341344854564,0.4173355834957782,0.5314935589332743,0.018996161572613662,-0.18923442759871334,-0.5378851313333901,-0.3631207455535562,-0.30539305389540816,-0.39083039884024506,-0.3943195968253616,-0.22485885598932245,0.03738657703664436,0.07573223497493964,-0.11924624154859159,-0.16525693696141483,0.05320750354386312,0.21253272334827136,-0.2537899026035773,0.4880316329083907,-0.19574258926659732,-0.7985670169459641,-0.7994182585778852,-1.2549471699573345,0.11490116813575475,-0.5856452317342761,-0.035964761443633926,0.014186588141573482,0.05340280158463275,0.24271685433310464,-0.159896660971674,-0.18284757586000694,-0.023389008289237467,0.12793180946388102,-0.2378759533472812,-0.19751796264477894,-0.3391962398165573,-0.3772538815940451,-0.5998807945781425,-0.4335100480838469,0.5059692769093074,0.26199085233120006,0.07337159713217298,0.014471183920603042,0.20657857634656862,-0.7957479964725932,0.30552101487810346,0.2809840461469549,-0.34413439015281694,-0.3430007538123354,0.10114291854367977,0.36548796947025236,0.7025303129458782,0.6421936861244304,0.09219136409639234,0.2998079093387567,0.606589251685622,0.32510090161849664,0.3327609893172845,0.530064007903019,0.38230620840444146,-0.36783145951564206,-0.49882889576808614,-0.15352499043419424,-0.40539975414808466,-0.37425401183875817,-1.0357490786024421,-0.9801446429859912,-1.0420269217126732,-0.9312083686307132,-1.034151061425914,-0.8472649870058374,-0.9049978128455458,-1.210679605858658,0.4119630051025665,0.4781344752542751,-0.07756562144230669,-0.20000491743891072,-0.17732277344615174,-0.7701997268013181,-0.2162402081702352,0.2754055628196635,0.42099847404347673,0.49460176192518684,-0.08089584755038849,0.06173875235226084,-0.3705252402467721,0.6199913378761228,0.09756876083722207,-0.05082227195796705,0.9238058399933728,0.4006000922260506,-0.509756054471726,-0.34370119829326745,0.19037279591173623,0.6315523909418191,-0.08952579824346045,0.012069737518131141,-1.0403281796829666,-0.8000362395622304
0.5226643643456852,0.5470296122352756,-0.3464918404717809,-0.37376066196381413,-0.44131756747491,-0.3538744608477691,-0.02028049032400742,0.10670582892130165,-0.47067930896410576,-1.1325390243355247,0.6422847679903073,0.45143154312584605,0.17581580847695288,0.4143273914256563,-0.785842566550265,-1.1851753084016725,0.36682057320072714,0.6624382686596776,0.8206850248418638,0.7865680355689347,0.053950428916426214,-0.10251408962683056,-0.57572626332491,-0.4258933397711129,-0.39297743072788227,-0.47931783347651064,-0.3992952264786471,-0.35515966798959525,0.37804102832221514,0.4177490948700516,-0.07755180057829214,-0.1527316111830562,0.32281561276235016,0.4159989600041948,-0.2953111105818885,0.5630400818547449,0.11012114655000198,-0.8910585449494629,-0.718790574951996,-1.2114576810368336,0.43845545818280535,-0.5806676955374211,0.4195876815624678,0.5059218398005919,0.5082696565152506,0.685835316852593,0.21925789700720608,0.3086724739955663,0.421164226693325,0.5077828971867864,0.058089627217847925,0.13784021585628317,0.20718995237456006,0.11573740567507455,-0.3087295568258529,-0.04231600616710748,0.7134971890505278,0.40332755457901887,0.3370781517242437,0.2814991296142457,0.06071538775022626,-0.8294038921263458,0.517843765629589,0.3838045928823891,-0.4491723821391744,-0.43760397829929665,0.37007754409223553,0.7688076135702575,0.9823740782143873,0.9050198518173839,0.3291190177665926,0.5639892970650049,0.7422607430167961,0.4150102254111074,0.39008667771502475,0.6374051764229284,0.48263961865140453,-0.25794261934388013,-0.2318832728535309,0.02829763256051763,-0.09975767996373378,-0.3300972639579577,-1.0907983622310535,-0.9277381324728947,-1.1168461352596644,-1.069883873792222,-1.0606511362321276,-0.8669958024808392,-0.8591043455732242,-1.1983365678190243,0.608617735635648,0.7914810446893634,-0.1809436975802249,-0.35701408344851715,-0.2522050648267373,-0.6837391787209393,-0.15610136586177273,0.3648589917477825,0.7181164267427366,0.6998231590079189,-0.13699512492577498,0.12085501542101124,-0.2588144163514705,0.9722203310377882,0.2584273631311635,0.08328597290549189,1.1977845715503135,0.8324999220370214,-0.6605371067759535,-0.19803519038204853,0.4989035949107974,1.0096363510929542,-0.05451514971712125,0.2743366987505554,-1.0192306738786503,-0.763246034385875
0.631293965379261,0.6043091263481382,-0.374282192985499,-0.5169942369486628,-0.3397044888734031,-0.40348559933177114,-0.03963899799518681,-0.06981010969550437,-0.4347605094231216,-1.3281021007913134,0.5795750663319597,0.6740068169334659,0.1901618232819062,0.4909267356702369,-0.7511063645247825,-0.9424916567201583,0.5880398846374714,0.8860191173845863,1.1406835822513823,0.919293287725558,0.12340757501331485,0.14291722080916286,-0.5299208654774067,-0.47199621821223825,-0.43430353538692673,-0.522092886175541,-0.2593512919332649,-0.4460774324458077,0.7621601588365907,0.8158113732284495,-0.024564512200579605,-0.18130307973979687,0.5787901778505098,0.5469374970532113,-0.3411433879139151,0.39580811867049254,0.43002137173111876,-0.8295395195657695,-0.48068488535907733,-0.8499429191480062,0.5550704593073783,-0.27907545579042625,0.8778164651383662,0.9935589868604539,0.9501751842264002,1.0876284931683928,0.6612606322926454,0.8510778301186911,0.8598567105266418,0.8684881160822042,0.37821562871489384,0.4831593231271865,0.8353110523126037,0.6622084005599207,0.09433689065012256,0.45590238649429027,0.8479593310061632,0.5037410093700297,0.5305932152205286,0.49209885104260775,-0.17533998617210103,-0.7605362021809614,0.6371275234017812,0.3919443186990436,-0.51229924751486,-0.5864330289816495,0.4946471279926733,0.9486721850217306,1.1233277810634579,1.0077023976038888,0.5894946719078292,0.8434886324622922,0.787114064057014,0.5190364956469632,0.4122214935468337,0.643531348028766,0.4847638418863579,0.009526312301990017,0.11233773575449352,0.23826173978775012,0.3716455217727854,-0.19208698557938533,-0.9846723046321599,-0.48442364982836783,-0.9296894718749905,-1.058920366931922,-0.8645342125310269,-0.660091507192617,-0.5685960422156289,-0.8493326092063256,0.7519298761272742,0.9390089333584777,-0.26625510379826384,-0.5452161010849869,-0.28672030742032467,-0.566123759042496,-0.0732198728572953,0.3583327166567544,0.9384702421136718,0.7535302277872811,-0.1744305366401533,0.13033711376639423,-0.012494812901956882,1.1994323304884433,0.31154569371525126,0.07001875961027731,1.201453493121193,1.1582809179561229,-0.7950391439550819,-0.07599307682521969,0.7180520547638081,1.1907281366682467,-0.039923846834105346,0.4450779815661363,-0.8478573706254687,-0.49729072128340684
0.6570670563931698,0.5801781776113739,-0.3970024364873465,-0.6866532308848589,-0.18166106399232282,-0.3933374276193275,-0.11017729613177571,-0.34952517548211737,-0.32702367034062757,-1.3497110610646716,0.4338620789952116,0.8669577696788241,0.2329692973305151,0.5530794924353122,-0.5556487643899943,-0.39430614748155873,0.7675772246202966,1.0264663650133854,1.3316759736896784,0.9200650489009209,0.22047411745647688,0.4889349729580086,-0.4188673109137079,-0.49681512531969585,-0.4269277237924102,-0.5198988041635101,-0.012642355154820031,-0.4836205881504636,1.1266056552966222,1.1976556522467905,0.0299485290998187,-0.24133525661239225,0.7772364787616259,0.598927030615237,-0.3803327439012168,0.05081159155053668,0.7146829869034559,-0.6199581283386294,-0.1163266942450963,-0.24873204564967455,0.449875112483692,0.24299328492470176,1.2431938024792906,1.3776520582815484,1.2824675185641425,1.3636977015760137,1.0619598151661265,1.327800694675181,1.189329518842173,1.1247410039326495,0.6483214077913587,0.7498083208430678,1.416614271351129,1.14702502285683,0.5252967542912289,0.9568183882841198,0.8945120623755243,0.5391438762341046,0.6184672814188201,0.5997310393661582,-0.4350691279348557,-0.6058606257764486,0.6507611672927116,0.31093312395441375,-0.5244348741228013,-0.7610731313361597,0.4607764099867044,0.886221462128708,1.1134349635397067,0.9507842439773888,0.8351289397905387,1.0833524582652503,0.73256459358687,0.6193901956737059,0.39511021292040915,0.5492549568116059,0.40948164085546507,0.37787412252067404,0.46285513392832056,0.42439225206918907,0.9097475468847745,-0.0011217473210997802,-0.7508958044033953,0.2300127884976023,-0.529049154740613,-0.9202625141427399,-0.4932109356330995,-0.29314062895282245,-0.09951181082250184,-0.2663367372731619,0.8147714850370652,0.9038648573078848,-0.3191739111354979,-0.7166802409508698,-0.27229646583673944,-0.45941487074522747,0.02172260467198105,0.258553327886507,1.0349501857485928,0.6565780925360076,-0.1984908261980644,0.09572625917097721,0.2957997173019066,1.259823933616453,0.24735671495255632,-0.09042328258261309,0.9426861243999571,1.3123883894800998,-0.8820421748500255,-0.007352965820259788,0.8210277426769086,1.144861933387264,-0.03818446086033719,0.4983288079169503,-0.564985980415206,-0.050393850657277084
0.6196239184509844,0.4947789727118781,-0.4096494873298783,-0.8356427436331229,-0.0006638896306560458,-0.30992176073912603,-0.20410629602855357,-0.6441973637199891,-0.16609801638332242,-1.1999378025975298,0.26556184014125345,0.996733394560385,0.3074852962636331,0.6001557292522547,-0.2593187016219102,0.30547420081742277,0.8720516294581879,1.0496525940235355,1.3664132501730128,0.8032186113027306,0.330228319582893,0.8432788033908672,-0.2771152289717524,-0.4970991768183496,-0.378208972263685,-0.48151556230061493,0.27079000967947825,-0.46177555113864516,1.3951512087285038,1.4766538864569578,0.07285368579548918,-0.3151639292994804,0.8777222303428615,0.5769396437868276,-0.4004438216788177,-0.3571331490179663,0.9119422327793429,-0.3066891861293099,0.30335738475782464,0.44231133503819786,0.164706025292333,0.8408454995808923,1.4303671400324214,1.5711839038373923,1.4232110359309553,1.4492114383576427,1.3138297962918626,1.6236714804495167,1.322674795072353,1.2076761015751079,0.8003057551642893,0.8620694698023548,1.8162513440861612,1.4562294659679067,0.8823987884166893,1.339605295360167,0.85110356944301,0.49467108989234587,0.5883748462154696,0.5791744265546728,-0.6380863860219724,-0.40251172175436606,0.5650001732161957,0.1649973339901533,-0.4850127479686955,-0.9170294831911375,0.292783810768967,0.6206330933785539,0.9696852024169739,0.7678637609163319,1.019963062616149,1.2267467873090592,0.5888930985175908,0.6902085971300517,0.3394343509421716,0.37660601406733146,0.29383510956679465,0.753763295993008,0.7348195440800167,0.5335790588133411,1.3813871140831546,0.18472510270261222,-0.4528044293821441,1.0118087643425209,-0.02229592379305239,-0.7033615182007734,-0.040773895169883966,0.1213209264185973,0.4298986061344549,0.38001621730142954,0.7850455231710998,0.7141396024930805,-0.32834304550027776,-0.8176609537567168,-0.21167743596152994,-0.40108691079636893,0.11137151814060135,0.09048361041558477,0.9840879270302684,0.44635820735504445,-0.21568638643318974,0.03392558858738723,0.572763644048202,1.1439828508847296,0.08527467389193456,-0.35559876108679483,0.49425689692022234,1.2619166553100494,-0.8939048414188898,-0.008948211206969696,0.8029584260868793,0.895097620768308,-0.03696901880888427,0.43584105547615376,-0.2385547236672783,0.4682804069378294
0.5411222297022225,0.37370112563390445,-0.4070671004700694,-0.91701893475581,0.16202140390486144,-0.1612462595293789,-0.2893724658035893,-0.860860510915624,0.015545688362433696,-0.9137702902142804,0.13181311125482553,1.0318031688707074,0.401148832294846,0.6242978546445865,0.05481862330588213,0.9599699458148492,0.8731982664222533,0.9394843614693799,1.2404020076630529,0.6009039915143157,0.43055809923589067,1.1049682703043062,-0.1441046641709922,-0.4702300518610641,-0.3020472387142081,-0.41905932327695067,0.5085430578813801,-0.3841311854056474,1.4956673100307745,1.573515248502492,0.09064233443532096,-0.3823545395743559,0.8522133217261932,0.4918170086852537,-0.39205951928044774,-0.699738091971608,0.9753591546739012,0.03335026763505588,0.6788837128480806,1.0372801870553408,-0.21425322807181876,1.3401898754335904,1.3867184611652095,1.5224065850084751,1.3286000842789265,1.3170941894108508,1.337488932743374,1.6568091560749736,1.2159986072655076,1.0862406999609748,0.7914045702908143,0.7816951549657477,1.9285093701976046,1.5082345846174903,1.0715584155484923,1.498608591265939,0.7268853256921946,0.3706262595414243,0.45291379617209215,0.43460687418997146,-0.7171189028835558,-0.19816689542333923,0.40138629577200324,-0.009542063189409934,-0.4019626253403545,-1.0052154530072699,0.04500160078857919,0.2356709331513451,0.7312648905093979,0.5130148934959032,1.0992456248636102,1.2304842093233763,0.38325178920857905,0.7037597948028435,0.24992068223352581,0.16414206210137564,0.176406993368424,1.0311211052154403,0.851577249082101,0.5274051771619115,1.653724908173011,0.30819526421292964,-0.166984582942725,1.6311055608819311,0.4526576014469309,-0.46878385116669363,0.37553987933894617,0.4594703564980828,0.8792112604698872,0.9016686036686082,0.6692789487400777,0.43412139242856734,-0.2877453299773056,-0.8060101017394982,-0.11913945329026966,-0.41111275208015297,0.17432680472876344,-0.10535531470157825,0.7937618157816906,0.18517665424259866,-0.22901863341387746,-0.033793800987956674,0.7332210579147614,0.8780672398680558,-0.13095274683587285,-0.6491883087818379,-0.024040956583115048,1.017215085903597,-0.8159939215111783,-0.07824656911585799,0.679046574306996,0.5115740892814643,-0.0251491265640689,0.2852166422882462,0.05094286927483085,0.9140007383975073
0.4372635026245813,0.2411662169588432,-0.3849128810967321,-0.897680420839506,0.2672947634184165,0.020694314190120463,-0.33941554354839126,-0.9298636140334612,0.17711504951550058,-0.5520716625791708,0.06691040520521155,0.9519656581110456,0.48508708790224836,0.6110693161302303,0.30246114325345297,1.3830679559028252,0.756532865610103,0.7061016133744912,0.9745435840837435,0.3556076776716847,0.49577693367500625,1.1932839717372983,-0.05193142033001242,-0.4143264369323461,-0.21435849377613309,-0.34311123344912015,0.6298452881513521,-0.2637939413478987,1.3812563005292327,1.4402098030759192,0.07395812776529197,-0.42440199807363,0.6942593508598512,0.3570439772848199,-0.3521675008729353,-0.8739620556565659,0.8766409445719278,0.30710814708463385,0.9046851413229535,1.3624910164696404,-0.5788684797181822,1.585434093878833,1.1093666197292211,1.2312688929664957,1.008827406077145,0.9884047168702893,1.1085480753751102,1.4045303588080582,0.885359306633862,0.7801011969976522,0.618204622974758,0.5236038898818929,1.708455018047001,1.279313708626461,1.0326240211174595,1.3747744467292695,0.5408580938605093,0.1866982184868986,0.24608987732475973,0.20107288253813765,-0.6416662590493768,-0.03827218827420941,0.19228730379185122,-0.17196782409052175,-0.29013956708402655,-0.9855982246388717,-0.21279124013318776,-0.16309319786544602,0.4500093062881803,0.24589327495910013,1.0413668847996587,1.0791507976607655,0.15559899663404148,0.6395645993434599,0.13579504895458455,-0.040241716019412906,0.08507800627955685,1.1210424282423714,0.7696203404381053,0.3969215598679233,1.6330657881887998,0.33221265779373105,0.03597159136412339,1.8986073166677244,0.7649511407989839,-0.26962902880044387,0.6447022862051139,0.6239592619204529,1.1227322812142635,1.1485812709520795,0.4916036146596108,0.14539716751867138,-0.19979594294635122,-0.668018942877855,-0.016461739044029387,-0.4838603707756504,0.19169183940588616,-0.2818396346585516,0.5040654366294053,-0.05717441714241955,-0.23565180520796783,-0.08983252116139662,0.7256443445345311,0.5192249173189493,-0.3425612758424166,-0.8785707173578391,-0.4737108340683624,0.633827080825239,-0.6534988596815368,-0.19098680603255389,0.4806542649498735,0.09449854613520202,0.0017857367744921588,0.09234079561392175,0.23138585057924704,1.1478121326954953
0.31405979414943613,0.11613331252253527,-0.3409982819213711,-0.7686126242065805,0.28803751997410226,0.18578638198117434,-0.3404744291970547,-0.8255109986638541,0.27742914694997745,-0.19028457671843688,0.07219062246308292,0.757634246826486,0.5205249675929652,0.5450177693313186,0.41937324390540326,1.449950195096667,0.5294341246283574,0.3887370606022694,0.6141564927630022,0.11267365183727851,0.5022567612491582,1.0717504322889941,-0.01644974295983169,-0.3296380382004666,-0.12900341782168476,-0.25976691521669204,0.5967613483057865,-0.12142176512280714,1.0486045326949733,1.0784760375397366,0.021451452484204575,-0.42859725087516265,0.4248719440015374,0.18824822635788918,-0.2853843627415345,-0.8307297176840821,0.6177166495092877,0.4291391646945462,0.8974240383202096,1.3045845505890035,-0.8263278340904087,1.4838958200270627,0.6503503691154898,0.753506170259916,0.5298330125839895,0.5305068299542443,0.6698930480485523,0.9140779062301972,0.40683360504900723,0.3584729064057247,0.31974250316131286,0.1556322683513847,1.1888972724215028,0.8141565807258646,0.7581683496913552,0.9763937793324846,0.32044060514477885,-0.018696602335749112,0.014700618649806794,-0.06254616626756748,-0.4304728841727074,0.04575243702151475,-0.023654047695331408,-0.2847896247975311,-0.16862131672735334,-0.8395290429866155,-0.4128503150456678,-0.47488379703797523,0.1801062714168121,0.018350770493059693,0.8386671048439044,0.792582972241266,-0.047652057055020555,0.49321762405889324,0.011236884256455457,-0.1887451297248352,0.030830622200246655,0.9789038748334548,0.49689470767919375,0.1695992062526971,1.2956389463388043,0.2532869755174041,0.10856844520703854,1.72079775892003,0.8268206370224797,-0.13708083629631296,0.6894125254817789,0.5728563045111557,1.0830060480023123,1.0516079232595714,0.28778737665255305,-0.07721763432306965,-0.07789646253501475,-0.4285675854461519,0.07426898624123437,-0.5888031761345639,0.1548589122653182,-0.3952080114688939,0.17980933871303548,-0.2222456834299424,-0.22896473399155495,-0.12702474821084847,0.5456804876938389,0.14312385753661064,-0.48842514749698707,-0.9582878156584705,-0.7304570445750579,0.20338362878226718,-0.43304885309602403,-0.30530850073305277,0.2495623874887805,-0.2502902708083797,0.03867692859847823,-0.09047735779497568,0.25837116576011077,1.0813094132363839
0.17047904246720483,0.011062046428396715,-0.2771531382643931,-0.5490705409219581,0.2161386586652364,0.2789863956737925,-0.29486552837657065,-0.5735016533071532,0.28405311680803064,0.09600022097403625,0.11835349246398093,0.4753377727022228,0.47098733220687466,0.41820719019508834,0.37662449065649256,1.130578457873715,0.2246023365693378,0.05027002674482234,0.22269511060598146,-0.0867400958027356,0.43479148995992856,0.7598794796656486,-0.034695424548829346,-0.2209563532994693,-0.05551774725887872,-0.17084477316833044,0.41596856257855463,0.018444819661594745,0.5464024625641246,0.5459234519336255,-0.05921649110851058,-0.3912208890979813,0.09179133177761462,0.004060727910914196,-0.20280706129221093,-0.5856847509581085,0.23689558931424168,0.3463434609579999,0.6218880486506407,0.8445711127623239,-0.8847891552206646,1.0332769088052296,0.10692359481179962,0.18984260658561034,-0.0014195337870116689,0.04219862509203855,0.12377497467788595,0.29346379218019764,-0.10217536548150684,-0.07630456525581215,-0.03239593163815795,-0.21937115512028077,0.47589711738010104,0.21674416689202738,0.2983494146728714,0.3813973494251687,0.09889835190901401,-0.1958958371817091,-0.19355041599879594,-0.28826701582275543,-0.14820437055428343,0.04390940213594201,-0.20645790836415776,-0.32064581508120715,-0.05732582095124523,-0.5773876960377686,-0.5059960012007647,-0.6279547548780796,-0.03141982755180195,-0.1348704034198971,0.5132836175424664,0.42327783641230604,-0.18244368504689193,0.2813476222166662,-0.10584526485684216,-0.24441166658261482,0.008643821725089668,0.6201584679998566,0.09601462522534332,-0.09626302555869137,0.6994571733466509,0.10329774745200691,0.037215516027937295,1.126806233165788,0.6176042167997915,-0.0747559420752391,0.48490222365210184,0.3306894906016161,0.7516452006310438,0.6396064730916078,0.09563257510436825,-0.18770291453488339,0.053375812999007885,-0.14972422880511638,0.1382288343676631,-0.6808681717237555,0.07096944153716939,-0.4146418479435883,-0.10447025614467738,-0.278230184533535,-0.20462536787628954,-0.152060148299796,0.23358418828433752,-0.17409482614409108,-0.5191038105439142,-0.8338936668082589,-0.7146842964382129,-0.1660892750690672,-0.19820167038761768,-0.3727255401173362,0.030746263799791947,-0.4374477191820204,0.07131305732948627,-0.21784152289875128,0.1274423934753348,0.7094997849280715
0.004891470155791343,-0.06766531476654387,-0.2010083218676954,-0.2835462133700535,0.0649204469729429,0.25698099405702335,-0.2196692901489611,-0.2432968483528626,0.18200099333084974,0.24627968330544606,0.15875163983012813,0.15641370220911457,0.31673468633026314,0.2381812282120373,0.18640555839520861,0.497186344417506,-0.10384604781067373,-0.23668371718191966,-0.1298777948403647,-0.2120990034445945,0.2921813419201509,0.32903196207991026,-0.08905195506569666,-0.09995737255117733,0.0008901969941321449,-0.07707077269038493,0.1372762404664494,0.1321110077165195,-0.03072163679328033,-0.05375090716375915,-0.15407897394341263,-0.31988965108287976,-0.23915094228479736,-0.17362736652882035,-0.11909365028998765,-0.21023634983849993,-0.19504716833456756,0.05614192846456966,0.10621552004322635,0.06734435147463409,-0.7309739647258022,0.32438757917193084,-0.4013035615499615,-0.3375349323473062,-0.4646828203353186,-0.37065403776556194,-0.3950071946750585,-0.31560434166849544,-0.5154410826812715,-0.4161711894980095,-0.35415273228134164,-0.49398355673788935,-0.27682846675179074,-0.3763853062128331,-0.2501537343235712,-0.28062857770277216,-0.08922897251262249,-0.2973925209891769,-0.34185845640536794,-0.41755625689562015,0.113400964764024,-0.031122382395605438,-0.3207803835486524,-0.2678253949023487,0.026604647007459143,-0.23909143394182714,-0.47331664302269394,-0.5957253737121518,-0.15235154713311308,-0.2002928542899683,0.11545856414177587,0.04382443758198307,-0.21749955841812693,0.04030268439507831,-0.19758329786780296,-0.19104049333815876,0.00393439032811417,0.11942619373865652,-0.33072034880592543,-0.32927328869722516,-0.027642767418271933,-0.061502276323557745,-0.15569567209070473,0.2591562126624728,0.18892616016682734,-0.06295452023081065,0.06469908072602916,-0.021533163209942266,0.1920514257169662,0.026526302646316457,-0.05541296599144416,-0.18151266299743005,0.1618718297969841,0.08364704801912846,0.17256860632524315,-0.7171492847632561,-0.03671590667628973,-0.3296756502259612,-0.2834226161185288,-0.2274873122546541,-0.16758638425377864,-0.1842793098169632,-0.14228269413760136,-0.3748186719576735,-0.40951532719564976,-0.49966162971153427,-0.41249412321821655,-0.3764796207022777,0.0002098239291269217,-0.3533613107393023,-0.13549794575592738,-0.42329823357693713,0.0809988367832311,-0.2624423210645175,-0.12426505267798069,0.11934317154340113
-0.17790579604082019,-0.11856261050086088,-0.1264487049630899,-0.032012681129604675,-0.13354979629593308,0.10294519323791715,-0.14126677355089293,0.07215150819234539,-0.019983263208883634,0.22827816626575112,0.14836858479957346,-0.1319830827042787,0.06637950183855261,0.0316325088637324,-0.10227898100225484,-0.29570844921885037,-0.39152967653133597,-0.40870833418151536,-0.38177769506180576,-0.24870043714583664,0.0904904252086311,-0.11648700579241045,-0.15588161226708747,0.014109503338378784,0.03761616423795628,0.01737029016602424,-0.16081518871161993,0.2014556697144111,-0.5625351814761973,-0.5946626476578267,-0.2482406661088343,-0.23417403355584643,-0.49887964057827483,-0.32126462731462624,-0.04886275432574287,0.1925690392035083,-0.5892986169571902,-0.3880711221801791,-0.5589086066563496,-0.8568579371405591,-0.3952385990026252,-0.4817422049917302,-0.7620703937970519,-0.7147751058778613,-0.7587026601855558,-0.6219521161734297,-0.7566702306019265,-0.7744946020982622,-0.7338025775992835,-0.5772231357374267,-0.5723902540656985,-0.5887752221415544,-0.9069245518480439,-0.8320243457921757,-0.7678204929526945,-0.8615417153114333,-0.21448474700905373,-0.29306917819181233,-0.4121655629283316,-0.4177408887276638,0.26459995880540266,-0.14844436040725226,-0.34281729857493204,-0.13333437205993542,0.07213340071699181,0.11332621790327077,-0.3299896817191045,-0.40085640708437287,-0.17017258802521748,-0.18490021444372395,-0.2858576778140372,-0.27186850172586946,-0.1439938314839004,-0.18166420273068282,-0.251644920652424,-0.039230931642237836,0.0011807863928810375,-0.40745143846634935,-0.6703233563699436,-0.4685559583949016,-0.7205290871675846,-0.18009564873307818,-0.41855287302679967,-0.6676038497103485,-0.34990614953784327,-0.06997566103130023,-0.4874901309806237,-0.3733990492135962,-0.4760282015912879,-0.6255206692415728,-0.15192734310266928,-0.09423074711763334,0.2153240667691401,0.18814835918108602,0.18624916239544045,-0.6736908068797416,-0.13426789509582912,-0.15349210847263603,-0.3182509913649494,-0.10400152029599193,-0.13547195385956848,-0.24978303551234876,-0.5085540811688049,-0.4343284629673185,-0.16696021819205215,-0.004490303131361258,0.11844079805611461,-0.36574162059578147,0.11654736687623608,-0.23041768262950654,-0.2206346466172666,-0.21625554359997998,0.05201852886890034,-0.2207509367984879,-0.4273748215441582,-0.5305708859519414
-0.36220208923944963,-0.14354522728707603,-0.07155874528519736,0.14446871199127995,-0.3354337558727953,-0.16551438877459035,-0.08712138583711482,0.28336386697762395,-0.2875748306793711,0.04605390647997319,0.06146111865314204,-0.32180049644668796,-0.23912567768342377,-0.158634667414435,-0.4162778473249483,-1.0525391615092883,-0.5791046153705685,-0.42955875486710754,-0.4931297981734132,-0.20045244254599806,-0.13733339684890056,-0.4675955824324894,-0.21473161295402907,0.09675355123051482,0.0524882720266027,0.1013439937886334,-0.3941250848013532,0.21748376929699867,-0.9325694895723737,-0.9601269011261417,-0.3314959079105477,-0.1632699102792521,-0.6319309435468355,-0.4170443837601002,-0.0035018970959437164,0.518702370269507,-0.860237867216796,-0.8868130081055283,-1.237766737375488,-1.71433293978825,0.04684367795266392,-1.1959124953308629,-0.8983523861479895,-0.8638993732189434,-0.827710800364229,-0.66665862362869,-0.8727294445767686,-0.9827653453799531,-0.7125301332019033,-0.522543035122009,-0.643626083136923,-0.4756092629565804,-1.2837826759115805,-1.0538617069537697,-1.1413892284187415,-1.232621711312153,-0.25914552653367273,-0.181528404930336,-0.40635667806115444,-0.2906009810234947,0.24802404437623354,-0.26702071258610627,-0.2666955418494348,0.05773053584832879,0.07674502739961367,0.4097443328245337,-0.1199928197711916,-0.10631453561667242,-0.0935015440709816,-0.11142954732656676,-0.6177930942501016,-0.4675692366953693,0.018867616129702804,-0.3366298390594814,-0.2662099911686041,0.17407993835851682,-0.00906777960018393,-0.8335185543121826,-0.8322839604764025,-0.48375811917239,-1.219768648729933,-0.2072683380636767,-0.6839689273580568,-1.4265359407981872,-0.8613889544818121,-0.0652180800217354,-1.057183388649301,-0.6197728760744448,-1.1051938689980843,-1.1537135828048788,-0.19871526423824146,0.01369749669521031,0.19091772125216458,0.10891368567367504,0.1952246834904061,-0.5557403416482981,-0.18676088978523211,0.07923966712105929,-0.20708187055003596,0.03860836868520357,-0.1349545005330462,-0.37221326721915843,-0.807470370692559,-0.3660573537116278,0.16827435587684478,0.5567443244497521,0.7604372270970523,-0.12635959120310486,0.12275607011785213,-0.018243081847745805,-0.21249154827228126,0.12658845095264748,-0.02029772940149899,-0.11150960541952529,-0.6979612061630796,-1.0539296322173566
-0.5214011931148352,-0.14627957415518833,-0.05382531173885864,0.1994238220709986,-0.49454010000010656,-0.4978769054592165,-0.0769692567673242,0.33021824775119324,-0.564838445507416,-0.25909400058440085,-0.09816355302015313,-0.3611293743983383,-0.5327532041981154,-0.28352776680093844,-0.6758446306859685,-1.5873394776500658,-0.6269833502568368,-0.3010791836816389,-0.45459677253105046,-0.08901754583961662,-0.34609202505065567,-0.6397156903916732,-0.25438767224635583,0.12391596843062237,0.0426112084047995,0.1565622139115924,-0.49726865220229743,0.18185415280581965,-1.058037419945208,-1.0724061059114005,-0.4016009569140759,-0.14003573860896176,-0.6102826342564004,-0.44506637722940234,0.01095861875336479,0.6909010111881593,-0.9471443362989139,-1.31786409760146,-1.7797351582894876,-2.3016218232301786,0.4935970624643916,-1.650315213874998,-0.7866038510972618,-0.7605451098596685,-0.6740921709254468,-0.5105795384755991,-0.7197573369127888,-0.9015181047367051,-0.4716126218818549,-0.27120152500631706,-0.5625244023580288,-0.18419446145034357,-1.338611924017893,-1.0039030374230637,-1.2902000230774373,-1.3161362063683075,-0.22200019340810062,0.0072016465313511895,-0.3408054080173605,-0.07031512644678779,0.06050620611786734,-0.34485130978564027,-0.10798597780283684,0.2670873437891086,0.04732671169588023,0.5892335900512051,0.09697534278092682,0.20386817944066893,0.05026515164852398,-0.011319731574613011,-0.8197683009637493,-0.5181383620767442,0.22518781575983274,-0.3900626982596847,-0.251952517855845,0.39338260526209795,-0.027440193425677523,-1.054482525808852,-0.7746234868723355,-0.38350068456448383,-1.4121497692843845,-0.12754734827417455,-0.8852068608286704,-1.8379942762458192,-1.2153241583331569,-0.028938814634947754,-1.5247072137217845,-0.6915348174014215,-1.5544548419963142,-1.4371249539230708,-0.2148231096653241,0.0808181942743602,0.0839162075416738,-0.15923777141398893,0.21526326234327542,-0.3974535407989846,-0.1689290798890947,0.31988641218034664,0.014924253416289054,0.14487196586446457,-0.1911870874137693,-0.562746997499584,-1.008166733224766,-0.21621842539778655,0.5307252410983204,1.0649193531391106,1.3625842542846087,0.2896089253539668,0.017708529036824627,0.23977481968289496,-0.11619383617064398,0.5157517630036278,-0.12379493307690824,0.032297413845489835,-0.8587186678397031,-1.2908687267837726
-0.6228161214484188,-0.13054369277785655,-0.08372781888624968,0.11401205229617553,-0.5718920245876823,-0.821225216136976,-0.11588682643283656,0.19938099091569586,-0.7841168667929104,-0.6155866769563795,-0.2971098479418863,-0.22871931135007037,-0.7370913890383646,-0.3017893473014952,-0.8128535187517835,-1.7699894944907184,-0.5250165969151116,-0.06336751475336151,-0.28828447034304683,0.05110638294071635,-0.48672410418995504,-0.5948574601972002,-0.27374972217570565,0.07981277155370758,0.0052229851439110605,0.16167661992255364,-0.44206750415291746,0.1061784325023903,-0.9114493500634202,-0.9123211221949039,-0.4636498189995502,-0.1919718033980644,-0.44018716492616106,-0.39891386686999725,-0.005167349230235203,0.6763544750585564,-0.829910037853848,-1.567123889769854,-2.054488166844893,-2.47626688751428,0.84173208904577,-1.7421731644654406,-0.46092791076385775,-0.4377922276478779,-0.35435862272694574,-0.20665728806786865,-0.3441175265024771,-0.5595613414382007,-0.0869124013128151,0.10828544952064457,-0.3589904365584798,0.20884998452720172,-1.0769448580511023,-0.7070358142948384,-1.1833842545825957,-1.1021401002631692,-0.1193976948568199,0.21909146331553775,-0.23717415012098736,0.18796632892806167,-0.2413361840521189,-0.34731368033477966,0.09780310668474479,0.45171807600535924,-0.0008759379758377641,0.6159924859620507,0.2626444436341901,0.4483776145868119,0.22078280373599332,0.08296302241817942,-0.8568056376908427,-0.43375776578064407,0.41152207944260766,-0.33082501980079715,-0.22961868763913523,0.5579703647326316,-0.047640678197672204,-1.0166640670393718,-0.5146211950387922,-0.20963880155044876,-1.2575474639975506,0.04185893288406064,-0.971342224026514,-1.8130032350966228,-1.3204723303330457,0.044136568581822806,-1.790807255099553,-0.5728680511023113,-1.7203812146582407,-1.4227934298050229,-0.2250377996512648,0.06832300098384884,-0.08786549075688921,-0.5638854635464587,0.25559268535520135,-0.25109278958983444,-0.0732166531476592,0.5169421937907706,0.2855123388981958,0.1753720420221571,-0.31434033125164934,-0.8123654987668847,-1.1066305652113877,-0.049776608511271886,0.8444927310046941,1.4059349284862628,1.7762629102827188,0.7809140203339907,-0.16912987783203706,0.4835323670301322,0.048646028099831304,0.853631779792937,-0.22850913702272677,0.17503899579644233,-0.8579158933490356,-1.155656017707225
-0.6357716779055868,-0.09888948977335574,-0.15890340778460266,-0.09602845904542912,-0.5433174468158398,-1.0566309516662191,-0.19132165978267499,-0.0715492004404628,-0.880283237695456,-0.9352618735986997,-0.48170248792701764,0.05819024951516942,-0.7852536126662241,-0.1940087887945907,-0.7856588343138525,-1.5561261575537781,-0.2944824940292668,0.21588729472112295,-0.04076410418122513,0.18078308178306807,-0.5168049095997503,-0.35048488721798166,-0.2778381962092483,-0.03547455126521506,-0.05944563472211535,0.09987743551238387,-0.24440262827304535,0.009511219695870023,-0.5275901866172593,-0.5234167760657727,-0.5256376149393374,-0.33114804761235733,-0.16029081557495575,-0.28354809767300715,-0.045096589326059,0.4911071849682817,-0.5342914952751969,-1.5585100333454986,-1.9834249212482054,-2.190960401141432,1.0102470158015597,-1.4597963306640669,-0.0030089792646015015,0.023875012450673774,0.03892509702389799,0.16011908005772013,0.15249965807570973,-0.04262729557111077,0.33337799160700377,0.5168049390363628,-0.08675607076104629,0.6030529085023927,-0.5723312711210247,-0.2398070076110595,-0.8447265174472555,-0.6472830401135516,0.01819023912222003,0.3913972204581605,-0.11384516904152099,0.42434680948867487,-0.5546406338383599,-0.2536661259645665,0.3024638747621375,0.573833660482273,-0.04722071101965279,0.48945998567658366,0.3364106290760828,0.5700020774236467,0.373022325570339,0.1446967056670566,-0.7265050556181609,-0.25444156243166993,0.5121221459680281,-0.17509674662537317,-0.2235299910179611,0.6173082211650572,-0.06116852792457913,-0.7313321799188633,-0.12169227664544618,-0.020657976714139954,-0.7958476174442695,0.2590516754963891,-0.9174211370422959,-1.370225829949749,-1.1444142146648273,0.14718477599855753,-1.7966580694190017,-0.30075328147319835,-1.5587289114921712,-1.1304181129107738,-0.2500766915390661,-0.02525116153940654,-0.28572794123525785,-1.003717546848885,0.31599193889552474,-0.169384375404109,0.08742178052750679,0.6277665144660527,0.5319717620476343,0.11905446642245207,-0.48944238690804587,-1.089092373028179,-1.1170948813445989,0.06769872633648119,1.0412579581470602,1.4996065672714152,1.8904704692311591,1.2206048568020538,-0.38141533836754976,0.6547866409068201,0.2534058554875935,1.0595785711448167,-0.29165956995889025,0.28949394496735614,-0.6811245545103753,-0.6632604236083184
-0.5404802718937658,-0.05197196757111361,-0.26130527211185134,-0.3816189896154052,-0.403613260161227,-1.13694935742428,-0.2751598647915193,-0.40409108937030325,-0.8063434798144005,-1.1311009799152467,-0.5929847287761771,0.44528446570136915,-0.6408290563269557,0.02840291022460075,-0.5875780855269291,-0.9937679036025889,0.01781221991521682,0.4596067973771796,0.22953834428459016,0.26580231324513043,-0.41085100828590154,0.026866920875096442,-0.27120354035646566,-0.20151409958471156,-0.14448974397743758,-0.03248895478380025,0.04215263632558532,-0.0852472165041095,0.005983578822054447,0.00010699829535608301,-0.5918634131848124,-0.5460798369378782,0.16815668856240712,-0.11491436178093045,-0.0961195172146226,0.19191004291783006,-0.12546033984261035,-1.2744064591031776,-1.5594318212090363,-1.5024991625170616,0.9585761860339822,-0.8841184113025335,0.4787482091821945,0.5169632471521943,0.4029097595220501,0.49439140931656195,0.6414354913193839,0.5296794547892941,0.6786454736244454,0.8495834152122663,0.1916934265973269,0.9009315170805332,0.054908722645866936,0.2914232535805249,-0.34529075877900167,-0.0576162717177442,0.15339166839083732,0.4708467667781833,0.018361315974324836,0.5895674565761189,-0.7598212197894977,-0.061243753470747814,0.4566705591163471,0.6096867493768063,-0.07011290780182314,0.24562793669713134,0.3060471538754761,0.5488119085006287,0.46637479693528794,0.15769371176313987,-0.4581364092250741,-0.03711393862016592,0.47641241593885114,0.03707118345154725,-0.25295497639476455,0.5442042452582856,-0.062006128641236086,-0.2714741799863006,0.3042261229268577,0.12878032354804675,-0.1336159666071506,0.47264774509374174,-0.7273252158087663,-0.6243208922172978,-0.7175990065124331,0.26728832936885,-1.5344048528208178,0.051428646056128784,-1.0926708164608974,-0.6377573641779971,-0.29876400616522353,-0.16349320400271977,-0.45782200409712304,-1.352194065872526,0.388272713794287,-0.1866976482437535,0.28281745794377666,0.6279426118078162,0.6894983464131883,-0.003782799425505131,-0.6747524544352149,-1.3417109344814995,-1.0602668302624232,0.08699592226490074,1.0768729707838913,1.3203954501329478,1.658170108128304,1.4867322387116702,-0.5470672337103397,0.7155106816650503,0.4668525383981037,1.088785641251116,-0.26795222333322444,0.3636873637729822,-0.3527684858397398,0.07311795519261109
-0.3350654547254393,0.011097991722264049,-0.35907832505824244,-0.6698948318078385,-0.16679311458261087,-1.021767542362056,-0.3305762435690017,-0.7000025096279774,-0.5466260594492499,-1.1353485356991206,-0.5827691229962163,0.8520328749835683,-0.310832142455,0.32293369077809236,-0.2475496404292069,-0.20632799859688147,0.3512217199040547,0.6016961282727378,0.4667423853632852,0.2852705683649718,-0.1681344072450008,0.4407960849496334,-0.25194332710663203,-0.3784099141110046,-0.23379643162488242,-0.21964784388475142,0.34330993284591166,-0.1553691946424272,0.5717489079385983,0.5379445410961632,-0.6568317925514373,-0.7986919815299998,0.47611002356910803,0.08272461969397926,-0.14098068061516864,-0.14090933774896838,0.30798777772304525,-0.7608239810050635,-0.8500625372761437,-0.5543626073712633,0.6951917155900794,-0.1653561789723538,0.8751846598351892,0.9321596499581233,0.6504114255315981,0.7129848415420984,1.0007791814183375,1.032295014023418,0.8632786911657072,1.0204438530709108,0.41925686054419636,1.0307829641896922,0.6670350996141139,0.7761603416018321,0.2135280780850498,0.5387194284902354,0.2509538464717407,0.42894890002288866,0.15487899443653638,0.6551174239886322,-0.757660757230704,0.2130494472149318,0.5226103543719154,0.554766384628249,-0.052144589336215026,-0.05101768874031732,0.19001873990203674,0.40415537989928024,0.47275697210242273,0.11852790630923542,-0.10459683853880207,0.16059896006498925,0.28383925906013513,0.25174200909952293,-0.3242004230550364,0.3423890009833568,-0.04898248021867882,0.24802860440405425,0.6613333067272065,0.204765451315636,0.5845031377267664,0.6386382237254676,-0.4292512812530253,0.249084199163837,-0.12212834827312849,0.3919428460523456,-1.0467685473309616,0.399222285995052,-0.406777177367451,-0.05375752052528597,-0.3644027426171618,-0.28557193411283116,-0.5508917353110439,-1.4899960288336074,0.4610592986440987,-0.3049316416723306,0.4738404930290263,0.5160567018445562,0.7164193151024145,-0.14838747634127167,-0.8103851724115178,-1.5097723252586683,-0.9536859775385004,-0.013336019172528062,0.942109201993999,0.9045807880473679,1.1073767957380969,1.4923860954443617,-0.5948691250729854,0.6595575367740995,0.6606643086082381,0.9403555143369143,-0.12277687035884631,0.401543639896911,0.07246927233940549,0.8725856256488623
-0.03886755813761881,0.09116029136392337,-0.41349872939115423,-0.8802266609319224,0.13711601953528843,-0.7065164386764796,-0.322148418413591,-0.8674791166722682,-0.12404966631214581,-0.9142831538673747,-0.42666207910683424,1.1896317095751567,0.1523348039272023,0.6253075415897721,0.17666853836899601,0.6418738295966457,0.645160296691775,0.6038176463137729,0.6295398066765906,0.2363949154281504,0.18376828924112487,0.7911078905712099,-0.20922717545309333,-0.5139017669245021,-0.3025836332625613,-0.425474493974266,0.5858457208010647,-0.18226176196599744,1.0512644916270135,0.9736029636492286,-0.7024345600568295,-1.0286113657687996,0.7024595641325075,0.2810374863216326,-0.16051797811918103,-0.4246295800666174,0.6747627312591494,-0.1160395718456025,0.016517614820661858,0.4608641191961886,0.27444565697159495,0.5186939620717431,1.101009682494502,1.1821788701075224,0.7295191968976178,0.7631318060755661,1.145276151506942,1.3614284118666644,0.8448772941478938,0.9798960144996547,0.5543961990515334,0.9603663581650785,1.1388016226768451,1.1229118099501683,0.7221877762319054,1.0211554272212913,0.2859093326845776,0.2697292637922382,0.29187195290415774,0.6161362460836003,-0.5027855481089981,0.5343739056188439,0.48355198265410676,0.42383328358744665,0.015091457401922023,-0.3229636856978353,0.030986615758165272,0.18584917270898052,0.38202424806366914,0.03604284536665442,0.2700345078681413,0.29514186985798896,-0.04827570810748833,0.4148738554483083,-0.42621143949980084,0.0467561851234526,-0.025135529342745228,0.70117399113808,0.872911163864283,0.2024191363562559,1.2112193646092058,0.7333901518395706,-0.066114798996734,1.0610169892324612,0.5302908225639764,0.5133929768820606,-0.4166766340078373,0.672160389613888,0.3713220458241266,0.5114680014354421,-0.4260191890253403,-0.3285378449951545,-0.5228489914870943,-1.3375173266763836,0.5252573369252492,-0.48877599287691964,0.6229234788374785,0.3130282189336603,0.602799928652188,-0.2598323239783778,-0.8347205200200342,-1.5378870927417112,-0.8073915516196851,-0.22353182252769319,0.6646176153435511,0.3421477152673989,0.33465016256787444,1.2072627993266418,-0.4729015019027317,0.5135838509939356,0.8127036223221712,0.6533297396402714,0.15522333946686187,0.41764805116674236,0.5252253068108199,1.535950463505612
0.30869393134859074,0.18631672288731385,-0.38969271680758705,-0.9433043115177907,0.46756767081231393,-0.22440409373397807,-0.2268143237750823,-0.8454548128601101,0.4008072621173051,-0.4766033038048697,-0.13130482261516685,1.3816441201481173,0.6607206591195647,0.8661116157476596,0.610751107264482,1.3870885287900998,0.8513373278507868,0.46400860414310746,0.6976973765494578,0.13413779769062717,0.5907192072539366,0.9992488754108401,-0.1258905290191587,-0.5556923499723331,-0.32197503330849964,-0.5993910613914488,0.7172952269235154,-0.15498692765565295,1.351986058285165,1.2213786773898412,-0.7003175623657021,-1.1651796997423682,0.8065490512232085,0.4522490368810516,-0.1378076582993506,-0.5943883792116783,0.900405024185108,0.5335523927032892,0.879026411761766,1.3478950179810956,-0.2184602442921316,1.010956601817706,1.112295323238631,1.2189016772319516,0.6326770559051605,0.632608538304523,1.0449660697970702,1.4539587673594747,0.6299814974490802,0.7237868477675641,0.5761810462649024,0.6998312858253832,1.3814633314472347,1.275104948721504,1.085330733389075,1.301236840916714,0.24848565000153144,0.027670831063539326,0.4196722667001879,0.48775545263209774,-0.022994242464678002,0.8548641916168885,0.3470474761007294,0.24567767257120235,0.12760565386119102,-0.49866027567749927,-0.11749364945993322,-0.04222797641805098,0.2035585129548379,-0.07162931962788169,0.6036165881678126,0.34641395851107804,-0.46642776646024053,0.48605527739317655,-0.5315059700334235,-0.2836697968742846,0.004937529249125092,0.9838231632820128,0.905252601994648,0.14385324508206254,1.6294635443498788,0.7588724162454702,0.315135291642363,1.655942590287745,1.1245562060574594,0.629324867403384,0.2501359269278576,0.8304794083211686,1.097389793182934,0.9713926220729676,-0.4538092810312362,-0.2506297336588856,-0.3530338957902662,-0.8786279644317049,0.577319015896938,-0.6726506014602157,0.703497435062073,0.05648552213324362,0.3709268939987233,-0.29019411858439936,-0.703208727058864,-1.390820420252994,-0.6252353534163799,-0.5071525744206163,0.3014383997284151,-0.24450075510007369,-0.5169478914859094,0.6651142071471422,-0.16446561985911365,0.32697432727114895,0.907386528630774,0.29281399872858627,0.5458401357379651,0.4283566309885185,0.9386780005531183,1.8995148585945771
0.6533824486311741,0.2888642475299169,-0.2684486259181035,-0.8190533079301285,0.7798568177765028,0.35868921427679124,-0.04289123333706031,-0.619957852567321,0.9392149967679662,0.12629760076038377,0.2654964688168604,1.3821249680381598,1.1100447031522271,0.9898410580905097,0.9784660011621739,1.9030228168393202,0.9413685490204063,0.2150337721905258,0.6718538921254588,0.005734554055346471,0.9792594736821062,1.0263165804378023,0.014249393985748093,-0.466293678078867,-0.267022640981463,-0.6883365480734648,0.717896899465964,-0.07288200907015009,1.4248390905327346,1.2434290801636951,-0.6196415380820981,-1.145198755733885,0.7744803085057953,0.5728650981122837,-0.06342312916096397,-0.6183584498517163,0.9404215862404157,1.0631015956916792,1.5768813535005777,1.9512853926313056,-0.6915352736311596,1.2162852984767436,0.9130068797035545,1.0403300919720053,0.3939969521909007,0.3500254328531557,0.7285024494828054,1.2961455897590946,0.2676192958834323,0.2916591035045449,0.4844805277487819,0.2951218662054781,1.3565942427648772,1.2174189554421158,1.2394323634591873,1.336779264638747,0.1444644110296141,-0.2432839740706582,0.5186841446915631,0.2973245428614473,0.5821525182067883,1.1213152511021078,0.140703287570156,0.05406688272372043,0.26798479467467423,-0.5303181969391582,-0.20730719831033498,-0.22125995975515483,-0.03623195688018952,-0.18190214749880443,0.8463141235678813,0.3196526675661492,-0.8920905458690276,0.44840239498972084,-0.6027100519288647,-0.5784838741294075,0.037898675759385304,1.0396058569613325,0.7725969882787168,0.06743749428504485,1.7748655694354059,0.7387725666162935,0.6712716521834974,1.945241911483957,1.5656798503021514,0.7399152157696446,0.8454243790338728,0.8691218401761841,1.6394867041453087,1.2769755316187767,-0.41724077529549,-0.04789407160366334,-0.0479322923819503,-0.1692890319887936,0.6185840447975843,-0.7783959295073367,0.7053697206659689,-0.2082547747712161,0.06818516342139072,-0.21368094401325263,-0.40350915781963426,-1.0652798495844955,-0.4098053429010758,-0.8115857142051056,-0.07603150585826153,-0.7297787641777577,-1.2896430107729808,-0.044792498228253555,0.3025049312064067,0.15423657195563195,0.9333833953253484,-0.06929655342734171,0.9959571810717512,0.44253012599414493,1.261727525768251,1.877845717478615
0.9345320177369696,0.3831297359162781,-0.05566277049775594,-0.5091816569008566,1.031134578574641,0.9551403453699121,0.20540097734657936,-0.2287875652526408,1.390713082215719,0.8082893183410629,0.7017710123878512,1.1866265955699289,1.4035025693847254,0.9705784280955507,1.2155654687343909,2.1240402329606045,0.9085567595758183,-0.08660044684351889,0.5676639942307075,-0.11828442175287754,1.2686927485082422,0.8794613414395335,0.21660949656693632,-0.23652463031918916,-0.1260092428675682,-0.6518883643811075,0.6020452313643053,0.05332211948765168,1.2691616892740272,1.0533740785986727,-0.4383938362305757,-0.9321807982282281,0.6182063936610689,0.6257246892715052,0.05945692044003378,-0.504997889316566,0.7843324108651644,1.3762799551081082,1.9820922173875497,2.1839080024307087,-1.0729006087960848,1.12405254624168,0.5496230119578888,0.6865106751938062,0.07649298916820499,-0.02424298289657693,0.2713479834246934,0.9209829920433764,-0.16620216884110092,-0.24385386026516104,0.29646418729287605,-0.18511683830792994,1.0781191856094154,0.9725725001738563,1.1622381022305015,1.1337347035749885,-0.0087181858112076,-0.4860509166106703,0.5601883472348808,0.0756156188198879,1.1640556787841168,1.2843495266352931,-0.09778701184429221,-0.12238357444384435,0.40732599109750145,-0.4061631233655587,-0.21061060605783383,-0.31413973652508426,-0.29981719827113296,-0.27338496838680976,0.9662080686362057,0.24007054872241887,-1.2395865369014012,0.3119962572643869,-0.6032023952138584,-0.7717306603038137,0.07309108125066151,0.8716825423191213,0.5290065496199801,0.012430670686566895,1.6434959177234354,0.7070968167531811,0.9654588535387377,1.9194339692843443,1.7943925565150711,0.8425960000870915,1.2773104861489464,0.809464477498863,1.9033037771545376,1.4180032721032036,-0.29385914951140085,0.2410285679091297,0.3585983019595299,0.6714546529591168,0.6511007518243906,-0.7392957476973161,0.6344563988840123,-0.43843959407595945,-0.24546421825048084,-0.035640959854311545,0.037667459720846175,-0.5948253404602143,-0.16779204323311844,-1.0811204841608053,-0.4005488981837061,-1.0150380433715593,-1.8446193714711268,-0.7996915448274396,0.8554324902304266,0.03575781585882022,0.8798588597226504,-0.37350133067885943,1.426227172394171,0.45510004109645136,1.4642525585323145,1.4835829965529672
1.0952592444221123,0.4456824375029827,0.21393087221490248,-0.0610326076292256,1.1854098034234872,1.470431683493656,0.46969408110628524,0.24627533100736257,1.6631226112449191,1.4632564722440151,1.104286148724305,0.8332988531524785,1.4744114692328891,0.8195283100860394,1.2804580670333157,2.0505847916885735,0.7645872052556395,-0.3772622878162219,0.40709175949292636,-0.2137183482519526,1.3864952611259582,0.6060700254631397,0.467175504924477,0.10645718373683288,0.09215294064168324,-0.47617289722719974,0.41004566503649814,0.20254163357178576,0.925853689205064,0.7070364682958378,-0.15466779062293556,-0.5315425462153542,0.36865101976386716,0.60048116544519,0.21205031701477617,-0.3009948971469358,0.4512912877255224,1.4231560729743273,2.0223368458176227,2.036317515228523,-1.332046344580061,0.8062492611722065,0.09606628370095105,0.22635338845436176,-0.24669113323194,-0.4138782382765925,-0.22694492652916207,0.3961002473327601,-0.5882722115970636,-0.7935867823390705,0.040969634242026626,-0.6653866690009536,0.6036320771870227,0.5906890690161172,0.8726369390688339,0.7373358940106961,-0.18835962868120162,-0.6568118610111591,0.5125480689845271,-0.15032706718795236,1.5634175270564985,1.3071946187492158,-0.33258381570686785,-0.26822312158377537,0.5101988700215317,-0.15417636255591893,-0.12899388539747816,-0.3153515444918896,-0.5464105499525945,-0.33104218793960116,0.9501080439821058,0.14267133792275136,-1.4359574639967394,0.11020666018648856,-0.508860299511112,-0.8173717284709882,0.1120837049140906,0.5376630847720059,0.2504373622033119,0.004201205181109594,1.2847907513257866,0.6933351670803779,1.1656150796967069,1.6379854449589644,1.7924901428016289,0.9268200828878658,1.4842250592493085,0.6833899734181085,1.8487946672218825,1.4139496102013966,-0.07678737770878144,0.5432497601347683,0.8103571928905151,1.4861437270966917,0.6723185240948515,-0.5233723000338081,0.5072954550818928,-0.6030716905178866,-0.5120876647247756,0.20684275488638,0.5579854260704452,-0.0459850697948548,0.0870567442571659,-1.2689569193854215,-0.6258892614136604,-1.0522815217034673,-2.089831251294234,-1.4726316344972574,1.3877177544155628,-0.016760315384766897,0.7333287056446295,-0.5867262587480145,1.7449073552356087,0.4456957446016871,1.5339485755884834,0.819320202823713
1.0930854939269414,0.4489496306118359,0.48098161266523803,0.4389157361700398,1.2174534339674872,1.819549085881825,0.6860011547270939,0.6976191947828349,1.6919531917251784,1.9839463565273268,1.4048885315453827,0.3937877136334342,1.3024607498879963,0.5821232861418326,1.1603978530341241,1.7383232347694713,0.5333312771649763,-0.6031073405380115,0.21035697160448463,-0.2698289384263775,1.2846967206121656,0.2785420416334375,0.7287847336545503,0.4998217513141722,0.3555911311971619,-0.18201299633151793,0.1939190570027756,0.3469795745977189,0.46276509370684404,0.2843978186915356,0.20637097491781112,0.003583631004827315,0.06579687910599821,0.49338563710738165,0.36108817229891216,-0.08009532670278487,-0.019162297841661284,1.2060148524365861,1.6914644202642506,1.567828850960921,-1.4874224436218788,0.3925644026885129,-0.36630482017838517,-0.2605346123569218,-0.5116785620624266,-0.7450392829853292,-0.6694352644894414,-0.19392579563863804,-0.9270747351706086,-1.270366186954396,-0.24768080769943718,-1.0783372283106603,0.01823813813076645,0.13475827086768577,0.42213196492087984,0.21666159530837842,-0.372810892570953,-0.7363447247771946,0.3512307703851851,-0.36117470758569026,1.6538382557913178,1.1721287417794803,-0.5393413736311723,-0.3844789587041233,0.5420728975719843,0.1636159655979467,0.005750389454908443,-0.25166030617035284,-0.7399709917782784,-0.34958048082099763,0.8012253803428325,0.06097156238500397,-1.4375509215432876,-0.10959136859437822,-0.31714565158530167,-0.7005263211611497,0.15700127630041272,0.1300813374623816,0.01230069333831953,0.044956994799061255,0.7833868363217925,0.7095227153185096,1.2416766493716165,1.2024039608732906,1.5786737231376131,0.9713276624422782,1.4419589049971917,0.5165390677172416,1.4950290993655675,1.299110937774074,0.22086353660520647,0.7705154518607968,1.2379627942016755,2.113453422962187,0.6717702051366002,-0.14832795650710406,0.34273778243319086,-0.6890755823435832,-0.6888141981969289,0.4529131144537421,1.072240687930385,0.4940498179943666,0.3348174525572252,-1.3453204846176714,-0.7373639533070234,-0.8556175102605078,-1.9963302289293512,-1.9611042923589397,1.7790682465405663,-0.02545375646088188,0.4775590019936368,-0.7077650337918542,1.8662865369627166,0.3830550505319519,1.4678721303597744,0.04503592332421234
0.909394464867726,0.36813442802339363,0.67388090250144,0.8812949713339695,1.115808260703794,1.9422368012168763,0.7888306202289074,1.0159170724002213,1.4550522229289122,2.2814348514135463,1.5567556225769776,-0.04383862611283926,0.9199544220619803,0.3255232817714908,0.8730092168678045,1.2767371216603578,0.24438342436620514,-0.7321399015137827,-0.008547558953685272,-0.29165226886527196,0.9541227293021617,-0.025275190970464784,0.9450501000069148,0.8556656564315842,0.6141309560253537,0.17599133584843213,0.002425771386394482,0.4581995406420954,-0.042429657385160614,-0.13142618237351608,0.5932631761065891,0.5791672490595315,-0.2507673009066314,0.3074389413356937,0.4651372484746077,0.07528411481456004,-0.5765273643588357,0.7738310560502694,1.0472135826767766,0.8847566561353422,-1.5963131480302792,0.030592494486830712,-0.7678540204400767,-0.7019370592261319,-0.6786589929463555,-0.9627517949527553,-0.9849026144703565,-0.7660791500903762,-1.1365585274807095,-1.6054357183433972,-0.5351652080504283,-1.3760984013230828,-0.5846295777424303,-0.3338511136635068,-0.11888617457261247,-0.35225494212895575,-0.5454281573059119,-0.7328793983396874,0.06944790492701361,-0.5460160638203693,1.3785527848002421,0.8831616557556544,-0.70948287264141,-0.4862306075348639,0.47796397333463775,0.4649955533640848,0.13973049876756893,-0.17360959256105332,-0.85561104766906,-0.3342014010065439,0.536065540874056,0.018332461306874555,-1.2390830278886817,-0.2978152112240907,-0.050250086804850595,-0.44109779183907805,0.20882826820502529,-0.2510314891789058,-0.1316076520549208,0.11305740668718178,0.23592050493197533,0.7439787049972515,1.1655542615900378,0.7228563055375643,1.1980463632415927,0.9457670191679955,1.1637015458053577,0.31728499719843134,0.912957258755118,1.1077414761156164,0.565911649458872,0.8431353210124916,1.5704396574871067,2.4244807962672112,0.6318900938841171,0.317351396842276,0.15433827805166922,-0.703166905996966,-0.7562241496589828,0.6324880566667423,1.4910688610295153,0.9355404187640483,0.553687785087182,-1.3003779038389258,-0.7531266619181526,-0.4974849794415405,-1.6006858700768323,-2.207596830209393,1.9220482537424681,-0.04027985907673277,0.09824805357732609,-0.7631350043401092,1.72993692223798,0.2342916150126345,1.2640462950590083,-0.6681833763146516
0.5558804302349735,0.18985211540073846,0.7269015430945902,1.1567993698393346,0.8849585863904104,1.8143463398569195,0.7279280182582162,1.114556404410519,0.9792531625878342,2.301561402329751,1.5464837148675996,-0.39597635334112535,0.4066420351916269,0.12006705657040247,0.4635835210333588,0.7646392037242191,-0.07171413933296127,-0.7582908982864418,-0.2415190164054037,-0.29684759047324866,0.4329345503419972,-0.24037266446172137,1.0522893621798874,1.0800865102407815,0.8106782431548661,0.5203343768814305,-0.12999387642071678,0.514564651296831,-0.517361830370853,-0.472623121244028,0.9378922822837463,1.0794504907482085,-0.5481405977439634,0.05343238367268114,0.4854567650263898,0.09598455082702574,-1.1653850746809977,0.2086891387859081,0.19853500005607175,0.11339583476406866,-1.7294126735615918,-0.15674632333877883,-1.0640093801379191,-1.0465722083113906,-0.7385475511328742,-1.0414343471739491,-1.14143081143452,-1.2538567970998242,-1.2023904000147743,-1.7596124105051905,-0.7913462316594435,-1.5363438466412727,-1.1209752711251633,-0.7664681262687951,-0.6759952199948436,-0.9003931317633104,-0.6950819157665509,-0.6760280781091104,-0.3144653266847987,-0.7008315708261729,0.769764955607051,0.4644832635144829,-0.8483827293321591,-0.5953825088289351,0.31044768619198526,0.6662970202957196,0.21187737584039953,-0.14031915227343594,-0.8831933776124103,-0.2986062388605809,0.18231473342340082,0.024281353820096788,-0.873262722098778,-0.41348629887516913,0.24919253199698005,-0.08820685163480473,0.2665997274145683,-0.5250607828707022,-0.16365811572645367,0.17102716401562246,-0.27079289781026555,0.7641980126064848,0.9159780792369263,0.2892952285670303,0.7094974520807512,0.8171426500253569,0.6945044897297604,0.07548932156513254,0.20855590539242896,0.8640603834854144,0.909719653340189,0.7122590439597329,1.747203605430338,2.3522013515772833,0.5330241319194474,0.7683003805225004,-0.05331382594132823,-0.6690861273634865,-0.7204129913635046,0.6837617950188891,1.7407181813614439,1.2059594750311087,0.7258089518702667,-1.1423299599087071,-0.7161697973149894,-0.0904231642497082,-0.9942701165375003,-2.207374210168885,1.7490198160772439,-0.12347733122575472,-0.4076507291009174,-0.7950688758975687,1.3165122273715726,-0.023359551355739895,0.9182186848710413,-1.1837533195689334
0.07600955615757515,-0.08032004518301128,0.5995325247654524,1.1809155347159053,0.5463129680331028,1.4529716293505428,0.48343715485841005,0.9488176859091297,0.3373793160508314,2.0352308274502073,1.3982972415747432,-0.6031634979213942,-0.12592506129242467,0.019835916862038422,-0.001236611405020157,0.2893364145495454,-0.3859536987709756,-0.697433679225742,-0.4820526351325486,-0.3083882005215711,-0.19385288846271012,-0.32704683112312666,0.9970229066892671,1.0966759299285347,0.8966436785510292,0.7694075029247069,-0.18767120557248346,0.5081357656911573,-0.9054651790766417,-0.6986586816926342,1.1720711521765141,1.3943286362954852,-0.8022589703583198,-0.24859070744416198,0.39872255493303815,-0.053521489699552637,-1.7272544176672036,-0.39159742413305076,-0.7140405757983084,-0.625169920296036,-1.9388848999187283,-0.10436218731576602,-1.2401387159613622,-1.2704875888081548,-0.7106421000436756,-0.9875914206933265,-1.1478808988279117,-1.6158102438810737,-1.1405643733721065,-1.727616848298006,-0.9932678617448648,-1.5628680633606713,-1.5292685108119966,-1.132838036819204,-1.183195500890452,-1.3743555430391117,-0.8137941751683851,-0.6044190198484733,-0.7562682741279252,-0.8263836975258085,-0.0554849004593219,-0.04465513929177471,-0.9691245496637754,-0.7312374762686237,0.054893328598574896,0.7016840273694043,0.17154609090258027,-0.20196085205410563,-0.8276603930621534,-0.2609639562251185,-0.2219815422933121,0.07613365102975696,-0.4018157395908096,-0.4314207327539583,0.5287736720673427,0.293295289003087,0.3276604906096094,-0.6496293877241629,-0.10697624592373088,0.1793510737323621,-0.6752104653396356,0.7280840668605216,0.4875602644358531,-0.04495460660749978,0.17478490186966772,0.5598885064367305,0.10242364123175215,-0.228578994520156,-0.49914666276448366,0.5797752935543563,1.1968356748725304,0.37448587983788467,1.7284503685337638,1.9071099998223688,0.3607231088112233,1.0874904347373144,-0.28276962862318583,-0.6208470936202399,-0.6088889583926157,0.5692002238416424,1.7787449523712149,1.2667404499919646,0.8421789813007788,-0.892361240977667,-0.6797647434187541,0.24115140728698187,-0.30260392586014623,-2.0026495883253173,1.2525209067001337,-0.3289409009709963,-1.0206511817891841,-0.8456227376227796,0.6561577299126519,-0.39162244571645405,0.42815603763312177,-1.4313715489737804
-0.4600544929037382,-0.41447944395472286,0.29141436093994016,0.9147781146716382,0.13736915781340353,0.9142224353972218,0.07513454616727339,0.5256962128266595,-0.364029920448335,1.5207216109040869,1.168162026600627,-0.6438973399445821,-0.5574589725015094,0.04758629861935867,-0.44273548773360205,-0.08626243056510934,-0.6717495848464565,-0.5780603738425515,-0.719541412107457,-0.3458152453609748,-0.8058701657908649,-0.27518002180505574,0.7543238821994118,0.8687043596802168,0.8469964532141575,0.8596766461651586,-0.17149637397686915,0.4488135763916748,-1.1711679790334384,-0.800207366508956,1.2465874351151753,1.447942923662942,-0.9967329636597935,-0.5687517744915807,0.20758814427804065,-0.36186223879613766,-2.2003114788051286,-0.9308629621907781,-1.5416932062853577,-1.2336534057659354,-2.2319922227852786,0.18003856496034615,-1.308174917960764,-1.3760799996543822,-0.633161151009885,-0.8349620433273279,-1.04453849626085,-1.8369426934257618,-0.990169599621574,-1.5358006224468537,-1.1274766098878215,-1.4816321341575682,-1.7771764143832824,-1.4212664540300264,-1.5909457107323146,-1.739416231279724,-0.8933716290940286,-0.5517106542040161,-1.193175100019815,-0.9269569645080968,-0.9227080164621243,-0.5970192092157847,-1.0849316461507297,-0.9021687084593963,-0.24996349132008042,0.5386115844285191,-0.0062524898448591175,-0.3849514326566257,-0.7064074548617477,-0.2391174602379714,-0.6291446534890239,0.16427733149904153,0.09907723235901077,-0.3448112100339237,0.7400162809572217,0.6401653661223387,0.3885169687521356,-0.6267698166220428,-0.01893928546791954,0.11115994489239214,-0.9476681006197856,0.5996758224347832,-0.09924005135264054,-0.2645430889550183,-0.34843944103085495,0.16696104987210975,-0.5314730029339871,-0.6084338868449911,-1.0999422163584023,0.25897890633095966,1.3760172855708261,-0.12490878425338421,1.5023998221231178,1.175326887795246,0.11259448755729044,1.175562150301361,-0.5372831700844043,-0.5935449476975421,-0.4621208435999955,0.2858848339046368,1.6016312722021178,1.1229974728660626,0.9046865401406129,-0.5786865717072405,-0.6910707268174775,0.3920809265885549,0.34058914467415236,-1.6661001697951843,0.49302511018328415,-0.682394507273399,-1.690262090225967,-0.9419537000168027,-0.17308895951719,-0.8445012892766653,-0.1960545934170029,-1.417255976877487
-0.9673385372539799,-0.7653429578660778,-0.1519962325137383,0.37720720976240013,-0.29148108696322567,0.28412690781777505,-0.437398854066814,-0.09731017663974718,-1.0039051524983813,0.8377811590654327,0.9281378679567717,-0.5393540748006841,-0.7847938042947964,0.18797986359984648,-0.7815572185041766,-0.32735451546540756,-0.9055588666073836,-0.43076631565692597,-0.9352680458162068,-0.41808624121611443,-1.2694695123880857,-0.10054202629725642,0.3413684925627547,0.4140473964045224,0.6701549547467239,0.7652472021570665,-0.09225239636883273,0.36397852534549097,-1.3004603837632613,-0.7955733733674757,1.1470145846202358,1.2206468709943417,-1.120336263615909,-0.8690658563805209,-0.054983961111181,-0.769097957716558,-2.520533619065815,-1.329357717576042,-2.1514182129873864,-1.6486843651216088,-2.5608969512506436,0.6222326720618198,-1.2975713058787983,-1.3855470789041369,-0.55038193592359,-0.6342893025753873,-0.8872718046983575,-1.9242467879801481,-0.8031219992471231,-1.23483108272683,-1.1920044048261753,-1.3338778354730683,-1.8621694892472584,-1.6344699886950544,-1.869475450985738,-1.9784256257112423,-0.9232730569387015,-0.5359096151273489,-1.558232975648832,-1.0104613097506454,-1.6439086713154054,-1.1443950313466607,-1.2033153926225404,-1.1011419632788424,-0.5470986055656025,0.1861775042761307,-0.31241220280830745,-0.6840490967704873,-0.5445888116733096,-0.24639100003043418,-0.9843687973032744,0.2783674464892749,0.5549566841221198,-0.16386469212095972,0.8507077445685899,0.9064186291752123,0.4455529842421917,-0.4959801465068329,0.024996790643524794,-0.037297254918203224,-1.0883850759640898,0.3638437398388069,-0.7917400117053742,-0.3812599738012521,-0.8094582296036297,-0.34136243463835053,-1.122766085052262,-1.054530004645631,-1.5096828231703654,-0.09222703067527287,1.4113182290209774,-0.7006956966679802,1.088540363571327,0.29964647918744786,-0.19751956443807828,0.9761192760646108,-0.8128101021683157,-0.613934793648591,-0.3234689187768649,-0.13251291805599466,1.2426543122404936,0.823727610016204,0.924423539625857,-0.2316427388118134,-0.7779936612356486,0.30265484359472566,0.8194049513997298,-1.2793396303859086,-0.40906402956130883,-1.1680730513564908,-2.334491249916812,-1.087298235271619,-1.0573737233491864,-1.3284288033377405,-0.920554428315747,-1.2125679371150264
-1.3630541083406051,-1.0755815913889197,-0.6455848513188964,-0.3551367392166613,-0.6826265738189768,-0.33535787385472793,-0.9645446855212114,-0.8234930489746475,-1.4689004703937414,0.09481166627560833,0.744406851606172,-0.34781612157854,-0.7451638774547086,0.3907539779222806,-0.9501464756715112,-0.4233776630863502,-1.0683044170772078,-0.28032549432305137,-1.1024368698387892,-0.5202098800929734,-1.466857552352302,0.16439038632653982,-0.17871761618688345,-0.19182567885734003,0.40908870993827484,0.5089388940447328,0.037084728747623634,0.2930125575228005,-1.2981069009316266,-0.7216194230058415,0.9011510121483087,0.7579193149773763,-1.1651711961247497,-1.1081951942714847,-0.3302025643459058,-1.1784738710429552,-2.6273331758188885,-1.5345500421600442,-2.4481374886925793,-1.8430921766301485,-2.8334308899525453,1.1058825393815501,-1.2442983530195035,-1.3316601078308736,-0.5004912116318407,-0.44083994365616935,-0.7308042376506749,-1.8989857852368788,-0.6335683719391987,-0.8894389923988563,-1.1976917398418885,-1.1679351770903612,-1.8073109510517464,-1.7832643576040377,-2.0082859418988943,-2.0885864813878325,-0.8912734194876963,-0.5553466574970518,-1.7978813985939948,-1.0892042611464956,-2.066408064770927,-1.6427528805539617,-1.3236641214289022,-1.3063129462797383,-0.7715785180611262,-0.3052919227939739,-0.7045293617666626,-1.0634213537905488,-0.3695553315524803,-0.28898560443524546,-1.2314095180052105,0.41168414397016617,0.9071850306152603,0.08784493338571735,0.8520234686251965,1.0722818016164257,0.4950569777435418,-0.3175440332013064,-0.04669880825826478,-0.24400247264637528,-1.1192989978837506,0.03465987513493859,-1.5060306336739935,-0.41763881623752463,-1.1647446997041933,-0.9141560597389159,-1.5924469951045679,-1.523072235266841,-1.6801620693859178,-0.4556234708110347,1.2906565955111389,-1.2459158406106141,0.5365624424218752,-0.5519204595006588,-0.539098905067607,0.49039491522514556,-1.0923883356364157,-0.693244293633171,-0.23016795262874767,-0.6226755452706664,0.7611741798268222,0.45204322712700523,0.9167481582739266,0.11916625351466335,-0.9429940989219617,-0.026740795835027805,1.0568275311124755,-0.9127934051120058,-1.2962691279078524,-1.7260084901981763,-2.850599305931624,-1.2602159628960685,-1.8675318888892443,-1.7701816324458304,-1.6812252975671922,-0.9262764991498528
-1.584891796448552,-1.2912529092191158,-1.0818986839007028,-1.1600181842319273,-0.9789665746507139,-0.8425154311837696,-1.4045917142047664,-1.5352981304280549,-1.6742980222570827,-0.5885665298672939,0.6551288678162055,-0.149855914655256,-0.4318002515704922,0.5829211025508816,-0.9046485117399437,-0.38019252739757253,-1.1477741535162427,-0.14238915382014092,-1.1909040913893665,-0.6343469980242906,-1.3259068080446992,0.48122886701510964,-0.7053514358605835,-0.8269927035012711,0.13240853388808738,0.160751802351349,0.20675779337465852,0.2775235623900032,-1.1828610181821373,-0.6219654688863144,0.5750683134068826,0.16301168495257048,-1.1266948100866834,-1.2486761776215507,-0.5466929333352611,-1.4796580004321056,-2.4745407546644627,-1.5274417486143823,-2.3915717553948928,-1.8224361373071734,-2.9418570294089683,1.5070172265891622,-1.1813037608064103,-1.2487211295784724,-0.5072827929961686,-0.30274634589221483,-0.6159495151350153,-1.7886165853627554,-0.528777529291122,-0.5671596135403986,-1.1677977924279555,-1.0309298858984166,-1.6538682597564007,-1.8802810715992586,-2.0131731926883627,-2.077793104261484,-0.7870977149274394,-0.5919834471936695,-1.8871415514865633,-1.1797558965775006,-2.112923560421865,-2.054704267608481,-1.4381717266066611,-1.486077669993698,-0.8644590783343318,-0.8533165007263329,-1.1166991163806064,-1.466044135502625,-0.2056621630914359,-0.3653149723595722,-1.3214861387597747,0.5619015078052022,1.1223549743320753,0.3775942515969558,0.7585449926974318,1.1437849237470035,0.5324566494928598,-0.15199046295189664,-0.2793928330960148,-0.46730848921824414,-1.0733302055193927,-0.3458110426867567,-2.1369820960425865,-0.3925284149891208,-1.3781079273298638,-1.4741803985093769,-1.8748304143440735,-1.9359102746888892,-1.601157668575879,-0.7948382836504388,1.0295552909258572,-1.6551002907999857,-0.07916783570505645,-1.2226673043161538,-0.8682183985294685,-0.22210425251111607,-1.3459562960597997,-0.8242733121617215,-0.20715026586539206,-1.1057272219760597,0.22689746125805757,0.10713403230110263,0.8946925432252831,0.44580901093702807,-1.164985037452194,-0.5361446961651007,1.0267947222025775,-0.6122860077921624,-2.006847204097961,-2.261390270083833,-3.1364722045446904,-1.4219320114413747,-2.4837986656599065,-2.0913925419208894,-2.3869144251178662,-0.6721166718467149
-1.605522120339995,-1.3753048218493706,-1.3557884607205337,-1.8921982645203355,-1.1327670077507652,-1.1516402640062375,-1.6658395463614135,-2.1157175277245517,-1.5795676820572497,-1.1008840466838687,0.6554317032477476,-0.02743129352515775,0.10194063487810388,0.6869386630379944,-0.6344043361140469,-0.21257781266555184,-1.1411843065534928,-0.024630305994275584,-1.1753356310709322,-0.7345842862371905,-0.842675997617861,0.8142274321245189,-1.120686462526716,-1.347248735646771,-0.08279636304690918,-0.1772146888345366,0.4112947707945792,0.3494654508108037,-0.9819627310843831,-0.5353435617203722,0.2578648039299433,-0.42570648195031474,-1.0055698847199863,-1.2648785493093373,-0.6394975534528751,-1.5777680806833057,-2.0446486301672464,-1.3241969619211753,-2.0043009836384074,-1.6182016577621279,-2.799978525047989,1.7281457968890417,-1.1324925396915506,-1.1656818103310804,-0.5770592103242449,-0.2524206865709461,-0.5634168374096995,-1.6205613483106234,-0.5222223222437493,-0.3274901959475374,-1.1345674199876785,-0.9610781122433982,-1.4521053166235292,-1.9353007366651374,-1.9018941647087224,-1.9614234656897958,-0.6077051236445894,-0.6200218329513737,-1.8370090548856097,-1.3003084545190544,-1.8011681673769875,-2.349567866514834,-1.5346066493197281,-1.6065502566820218,-0.7872445823565775,-1.3592635193879063,-1.4755059647786262,-1.8283510612217322,-0.07047338438433608,-0.4670147000057433,-1.2237810641004099,0.728092043155951,1.1957014207515397,0.6672939356506425,0.6017585932168034,1.1436502332878153,0.5511701419542585,-0.04207674759847504,-0.6759003453874524,-0.6588996291340475,-0.9846026054204434,-0.718317703597019,-2.5761545349337425,-0.3142166806157348,-1.4228403039626867,-1.9302874526001748,-1.924743484663524,-2.1937408526357545,-1.296086894099524,-1.056777484405884,0.6686761837436533,-1.847194561804079,-0.6696621145424994,-1.6002872836997524,-1.1338906371516808,-1.0566348646910608,-1.5362694567293245,-0.9836523773468177,-0.264256734166796,-1.5048250701840555,-0.29617500973619165,-0.11840674576312746,0.8629867266472433,0.7220532492935033,-1.4077136191272328,-1.1214371318392988,0.7550460929343582,-0.39496030286141903,-2.4098534778511747,-2.6643595528494908,-3.117398611367542,-1.5290441830057024,-2.819262787198192,-2.2264300800733348,-2.933648124377863,-0.5389624121121078
-1.4385903388150778,-1.3168272385499624,-1.390278842173433,-2.4118695917117976,-1.1142863150660507,-1.2064207881733857,-1.6875836744149824,-2.4686286122738665,-1.1957731771152191,-1.3573397901319115,0.6955239918364478,-0.041708531011379765,0.751489644300387,0.6405014812193782,-0.16706737190984208,0.059673907335074654,-1.0565825694755258,0.0695274979295426,-1.04408931825726,-0.7937059055285831,-0.08926348109748763,1.1341730858483925,-1.317369051182426,-1.6186735718475531,-0.1719058049045528,-0.3963881529020709,0.6461529700753598,0.520316463119059,-0.7261168851589389,-0.48667494874131895,0.03854828429191897,-0.8675989852156085,-0.8103069863967682,-1.1494322130459473,-0.569524256198424,-1.420082940417464,-1.3617472950229854,-0.972904644571876,-1.3680819806726225,-1.2795895673067252,-2.3758249339713364,1.7222547318662051,-1.110550180892592,-1.1021647790619762,-0.7002959568552966,-0.30214100779180453,-0.5741363380073222,-1.4187377427301868,-0.6287872054458677,-0.21247925298138554,-1.1319856243779596,-0.980968542530937,-1.2512310748154412,-1.9528526544515739,-1.6991927221221013,-1.7596766798314452,-0.3619625707179259,-0.6160955234999703,-1.6908060198512374,-1.4649271855687322,-1.236795870003517,-2.5023301386851187,-1.5990737084781288,-1.639015178655904,-0.5333192979984113,-1.7281191807053131,-1.7176924634472261,-2.0956253993473477,0.027025558221954304,-0.5809759765373037,-0.9346870370757527,0.9054027409389985,1.1483912229849984,0.9167953262431969,0.4196589464174455,1.0972583202840616,0.5418468232390312,-0.002232549424759702,-1.190871339198661,-0.7792746728586549,-0.8819853178886685,-1.0234270886964343,-2.7340328034077315,-0.1828250397233018,-1.2864900833116337,-2.19592014081333,-1.723692975049793,-2.200398075271164,-0.8137814980170408,-1.1814208145141611,0.26533274019644976,-1.7832317139872298,-1.145325295232121,-1.6390080256314603,-1.2865234478975918,-1.8861958907385972,-1.6287643054519139,-1.1384553810160922,-0.3963219340631167,-1.7616967114784874,-0.7617542874557595,-0.16088548185404047,0.8149911628700827,0.9237386859588947,-1.6310683341504573,-1.6604588712610775,0.3090932091064443,-0.2538487507618848,-2.433906636991245,-2.8356403760235045,-2.769760747331627,-1.5472859943686754,-2.8366282215472536,-2.1390109989752424,-3.2268545236880897,-0.5709691891922122
-1.133795987105641,-1.1330789643426664,-1.1568799973071817,-2.612964206925461,-0.9185095971381111,-0.9894778346313843,-1.454787546820612,-2.5346740366010483,-0.5836105867702043,-1.3146736561756345,0.6941029206253166,-0.2152390848544348,1.3818054275089517,0.4133293566693209,0.432398716390016,0.4110454024455985,-0.9120225359437024,0.1370221930210439,-0.8056981587944368,-0.7901434806417317,0.797213398230423,1.417491892124619,-1.2269476914369863,-1.5510452361240414,-0.10147405379718644,-0.4113310319441392,0.9018441977343518,0.7746805532594025,-0.4459576535789564,-0.48275550345058194,-0.018900941711111945,-1.0546591850216596,-0.5592634159063293,-0.916235242473511,-0.3373782502372087,-1.0123827110598842,-0.49764432497119004,-0.5453941620042866,-0.6076223688930108,-0.8650301332454532,-1.708543346296034,1.5004599722409429,-1.117594656345962,-1.0670873163578793,-0.8564353856822526,-0.44384790794650425,-0.6340775419019143,-1.2024565739925672,-0.8418863031620656,-0.23966800092085844,-1.1853580156556047,-1.0923318259374677,-1.0894734448510408,-1.9318678360255452,-1.4317332995842975,-1.495111341975813,-0.0724838153480121,-0.5672046445507801,-1.5098801486995388,-1.6757425980990281,-0.5813513988225611,-2.4931309167612565,-1.6176410860166188,-1.565484400210208,-0.13294704674121977,-1.8878291103717664,-1.8046022587590669,-2.233643104922958,0.08611474706202905,-0.6917014706598109,-0.4826664078776512,1.0799124882334954,1.019512939694384,1.0873096399599684,0.24596070905470863,1.019228676922539,0.49281485366871974,-0.01766576644172303,-1.738184707690366,-0.8105025025564428,-0.7866007829393268,-1.2189478936578881,-2.5613801831126835,0.0004958995187950506,-0.9768780597294459,-2.2093719788304673,-1.284087123420728,-1.8917294881414917,-0.21894546413724553,-1.1177592240289616,-0.11902087905288519,-1.4749417865620449,-1.431973856983157,-1.3658709916948073,-1.2872329926693697,-2.5883306554433747,-1.6013901199408533,-1.254862211284754,-0.5851195184983202,-1.8478685238483512,-1.1464096942216422,-0.002040509355852351,0.7340725474138511,1.0303655944540036,-1.801204464803497,-2.0427103300579277,-0.21961751266447233,-0.16769954843470442,-2.0824925142435293,-2.7114026849911688,-2.1329331149401747,-1.461909326704535,-2.5541693716419607,-1.8327227123458538,-3.2052043453275707,-0.760147897747586
-0.7621996922220541,-0.8637877826270687,-0.684700597617477,-2.4450614523949974,-0.568295344559737,-0.5268602926978366,-1.002676893745159,-2.30033212836736,0.1574562741487769,-0.979755737433745,0.5640747480349778,-0.5236054048825444,1.8558955745155,0.016987222724198264,1.0698400465359665,0.8065670441811585,-0.7323186324084054,0.17298289171374026,-0.4905315497058488,-0.7136311076804271,1.6435290582915392,1.6426087005476449,-0.8409686994781828,-1.1232993823187103,0.12008385969254555,-0.1849165797520982,1.1586284389626391,1.0708092941102225,-0.17048875180222195,-0.5133756368703318,0.1048243289142652,-0.9392967452182738,-0.2807846801730555,-0.5991977869885137,0.013266772359202242,-0.4196597470521533,0.43321789680001804,-0.12453529864724062,0.13568893214772182,-0.43395656337066163,-0.9033736168165688,1.1223101995493496,-1.1471705553639384,-1.0590957241913541,-1.019836199693377,-0.6524587196259934,-0.7208494792201525,-0.9865492117202136,-1.1326548651211295,-0.3984206679423086,-1.30015612942693,-1.2731851071167966,-0.9857111016410322,-1.8667174013252053,-1.123660971509694,-1.1901092321956062,0.22658798167781466,-0.4738943905150791,-1.3528467178156978,-1.9157009204665445,-0.00459234600429793,-2.308501748428325,-1.5769248561165836,-1.3816120003377326,0.3503743125401009,-1.803756711024851,-1.7295371923074805,-2.2335074888285456,0.11230490425824885,-0.7834923901995924,0.07354841417687957,1.2262938046482355,0.854426157245565,1.1455275134345988,0.10199210640005534,0.9058439198999179,0.3922183100282214,-0.05230039465536696,-2.210035087003898,-0.7618012354808239,-0.712380800804746,-1.291655784239478,-2.0641149041444744,0.22285930231836032,-0.5264459093335364,-1.9501426097182766,-0.6501873199270437,-1.2601051360745041,0.41680610612891694,-0.8411070894979772,-0.43197071245836566,-0.9822447824282515,-1.485412796163812,-0.8700235575363112,-1.116332161331678,-3.068856786892275,-1.45050677884884,-1.3059710536933788,-0.8022879599274504,-1.7678265960888782,-1.4472002334908651,0.3246561213076164,0.5995343677732863,1.027943137400855,-1.8963062349370035,-2.1944811643281015,-0.7362863334148847,-0.11151026802580223,-1.4320068364493228,-2.280476449465728,-1.3040636470707496,-1.281542120743998,-2.039199432630172,-1.3519687924817385,-2.858450031911768,-1.0511185886819934
-0.3963084349924207,-0.5598026463049877,-0.05550551857066489,-1.923879613173689,-0.11264746335833552,0.1135444699025676,-0.409917301637831,-1.7990379553609062,0.9069736125971788,-0.4098501379522286,0.24304491920025473,-0.8995751621124116,2.0648925065685027,-0.49478502386352374,1.6368302719970995,1.198466742343048,-0.5441936295918628,0.17099215875340135,-0.14670021001830638,-0.5685514550335717,2.280520156344033,1.7866542451590495,-0.2180736415840952,-0.39346265951028553,0.4434288283459434,0.2585662361354936,1.384747413409913,1.348655249751075,0.07288169104616718,-0.5572997507118327,0.3761040645966902,-0.547399229030648,-0.010864460893023656,-0.24704563512554245,0.4046610998261033,0.2493480862700566,1.2914271532788169,0.21154315939544227,0.7343035891794234,-0.03923243717291171,-0.105740695693854,0.6730366505693793,-1.1864558014252875,-1.0680884435051237,-1.165249819531627,-0.8916212193604579,-0.8098772668617146,-0.7816259630230522,-1.4519036436241701,-0.6506948408754936,-1.453954586296428,-1.4786000328237872,-0.9346387785203231,-1.749012007303392,-0.7937312846292945,-0.8644477521980501,0.4955645626363971,-0.3482914404985764,-1.2551169685804908,-2.1451863398260396,0.3644690406271557,-1.9446471256449465,-1.4646581877298142,-1.0972137571542648,0.8322862431595099,-1.4847551883472359,-1.5163467492556124,-2.1089660764549705,0.11426955318952581,-0.8422807504191627,0.6538813849426335,1.3099653918015055,0.6919673302195024,1.068492941259058,-0.006961900093303976,0.7363259600274241,0.23170832027794966,-0.06233348207499151,-2.5029998063380914,-0.6658524670767129,-0.6678869832877616,-1.2591771895671355,-1.3071280610526748,0.4531409010038879,0.008176663200412776,-1.4462793340310074,0.10539204068485761,-0.3661643787807583,1.0223867760913656,-0.36614952988140104,-0.640401914372708,-0.3998558203748001,-1.3006653385078732,-0.2779983621449071,-0.7790069498984972,-3.276777245064202,-1.190827253011696,-1.2764762590733225,-1.0128756775927845,-1.5536807029203257,-1.6733037856706587,0.7401053755618349,0.3955377617680847,0.9122738695882256,-1.9067719969732413,-2.0926546644047974,-1.1606453352018413,-0.0639764604062991,-0.6131634228601854,-1.5888720857461738,-0.41621647182328203,-1.0346098387459006,-1.390489684297817,-0.7724986523412182,-2.2331145941867323,-1.3560297381885635
-0.09132764541080644,-0.26988480360553013,0.6144325425516052,-1.1279388231648857,0.38028889129776744,0.830346648566301,0.21816771854818198,-1.1044595678857407,1.5450131412377457,0.2962740579626641,-0.28114616664223746,-1.249482483653774,1.9526384851569525,-1.0357660805025306,2.0303538214397583,1.5268147640583556,-0.37123141231360873,0.12535135782143722,0.169033598797401,-0.3743216189178938,2.5838626155016295,1.8251647337146946,0.5260820827040724,0.5108074035252093,0.7909703709536745,0.8366909972530169,1.5398356251873284,1.5437390539179052,0.2579875273503798,-0.5910805810619038,0.7146847750084533,0.02716171548594061,0.21163999568589054,0.08468017465572092,0.7444701705332826,0.8694100086068474,1.9402186580538212,0.40564616044887164,1.1016720998584293,0.2791428269391303,0.537872992637377,0.23578053094957402,-1.2182932800590023,-1.0774583300926583,-1.2718482444708898,-1.1206749358890777,-0.8790217087945774,-0.5939773179364435,-1.7357316070991113,-0.9369067042457222,-1.5954396947787954,-1.6462798401940888,-0.9074471996965792,-1.569877217334131,-0.45481031176567793,-0.5336518108833785,0.6973037189289905,-0.20858214520280813,-1.215742610221276,-2.305213344730723,0.4729679044787004,-1.4119823547027182,-1.2713963158284185,-0.7350694961145161,1.2261913840270746,-0.9794560869021328,-1.2102144390097307,-1.8879410975775657,0.10055873528408703,-0.857138222599435,1.1713105558030088,1.2937805527461348,0.5536883655853809,0.8485817314361099,-0.09058629294217566,0.4827549690778752,0.010866358331874605,-0.011045350372264187,-2.5441584983554546,-0.566921065977649,-0.6576242945687949,-1.1614334387710548,-0.4047911235245579,0.6434996823879849,0.5531446187132216,-0.7700755908547848,0.8900802922180238,0.6670465334384013,1.5331079670056706,0.24879590136709398,-0.7352776830127233,0.16423037492768466,-0.913082946750204,0.27855787143123883,-0.3064166975992068,-3.207448795047851,-0.8500340976231971,-1.163422760683711,-1.1796216347389075,-1.2533848189265506,-1.8348503863122623,1.1371724526439038,0.12011604807121609,0.6913743520442847,-1.8308599004419808,-1.7640188473462333,-1.4381996702729118,-0.010241646188083266,0.2194070470587546,-0.7301364312865275,0.39380078223328907,-0.7598298627074962,-0.7141223945487531,-0.18383181478969857,-1.4235522574485244,-1.5764586713599424
0.12652024920408605,-0.0297200230457585,1.2012475635142144,-0.18223729730530974,0.834708559773466,1.5035655153501981,0.7724373876184865,-0.3172038157488589,1.973561936956883,1.0155055979203362,-0.9585124734071263,-1.4779159695177273,1.5286950947920859,-1.5052557648612064,2.173575654507888,1.726373430708411,-0.23001407838144095,0.03421737811287783,0.40321099428489876,-0.16249358824064536,2.5040415902970286,1.7357949472719822,1.2444831221223829,1.419736017091734,1.0777381454432278,1.4280857332082024,1.5831838909158882,1.6032097962620488,0.36087782822451364,-0.597713549952457,1.0135914158253767,0.6454457440568514,0.35162666844687346,0.3429985735406856,0.9505263740487614,1.3300179857247878,2.276631550795035,0.43446997168098744,1.2089582752264216,0.49814438181686854,0.9204963723523949,-0.1321256200377182,-1.2232694286940127,-1.0669813648776008,-1.325452797458896,-1.3015662414314901,-0.9114665466736503,-0.4253368861510615,-1.9152483523974118,-1.186640451524398,-1.6529719575315875,-1.7073731161034162,-0.8590642369406062,-1.3226969645123527,-0.11587012853355874,-0.2088978295228701,0.8050379484445704,-0.07261167770310668,-1.1964668844698862,-2.328056600524031,0.3553998005693388,-0.7393056647550174,-0.9938115284781981,-0.32854306691375085,1.463503035151367,-0.36402034141758594,-0.8638677058137828,-1.601691063999994,0.0768961363949938,-0.8215300340794781,1.5484121010273144,1.1476074991947258,0.43835865140347274,0.4974011357971963,-0.16857816899810046,0.1253402200811658,-0.25897719163043503,0.11931398176854649,-2.3100570819231603,-0.5047143140836421,-0.6818194838797791,-1.0447591912460357,0.5008536013177395,0.7394522234141642,1.0303046136825496,-0.022990340467959794,1.603973909185727,1.6771090331486997,1.8955095926116698,0.9083171386460697,-0.7302046097590992,0.6134105770493786,-0.3908226577515985,0.6943606824656936,0.24855166556185623,-2.8947183918863266,-0.4608143931460427,-0.9738654903778837,-1.2681600205431924,-0.9164064609328506,-1.933005434957136,1.4058142248419758,-0.209055053769939,0.3859005038264847,-1.6685556115182583,-1.271578052692267,-1.5435937674254545,0.05915457139851564,0.9217356602927028,0.1757303633596423,1.0181089498540257,-0.4941263152773659,-0.09926114849348006,0.33157779178834335,-0.5505127531009395,-1.627943488362306
0.26131505372498426,0.14386014367642264,1.602261549745129,0.7672135025211373,1.1810845163666344,2.014657180874339,1.163443601947657,0.452794599223555,2.1338448228140265,1.6231091449335955,-1.6833304555778419,-1.5140205988931053,0.8663420716061878,-1.81055771635486,2.03301379899447,1.7393738438150728,-0.12829175324565115,-0.09767950068600678,0.5176336572115642,0.029283745485071542,2.076995491381798,1.5050734540293726,1.7937386414780143,2.160509439330893,1.2343388422027246,1.902420701036057,1.484664499749198,1.4996829578307027,0.363231539251062,-0.5721301279002851,1.1676794297119923,1.157946422930798,0.3851023796843957,0.48685809850754974,0.9737195865693262,1.56184846502325,2.2575369584095175,0.31452134847589797,1.0870082491751687,0.6127432109903594,1.0043624569478105,-0.41165140552244,-1.1822538100102706,-1.0163356520373856,-1.3190557350921273,-1.404573288312858,-0.8971875953267319,-0.27311405042588244,-1.9297380041751073,-1.3327196355549116,-1.5523011436568352,-1.6015238633894484,-0.7412170641398331,-1.0062772785762026,0.21434573977323723,0.10122827351684946,0.8077180153805837,0.04679840312612772,-1.1339998066158505,-2.1537105451246887,0.11755308692249178,0.024350328887353844,-0.6389239750974212,0.08185625315773278,1.5100023962227582,0.2751221359617433,-0.5235925382219501,-1.2754299274715497,0.0447477787960146,-0.7342743727178369,1.7320791825947084,0.8580713362381882,0.32392346391375654,0.04724304421710608,-0.263272763128921,-0.33231669721797713,-0.5530262184235255,0.321487486269318,-1.833167032415979,-0.4994863582787205,-0.7347632027344708,-0.9443214695984788,1.2697611583380148,0.6956207264885291,1.3730424704281685,0.6861713708918644,2.154860853939291,2.496834652341568,2.071788831073701,1.4963797271742107,-0.6548753027599021,0.8842253185024642,0.17946623721034602,0.9131678484766441,0.8201038457782903,-2.3959899242252773,-0.05374746385128058,-0.7212719512132747,-1.2529133531860164,-0.581315315015987,-1.9550465076150734,1.4597236414455597,-0.5547404340508195,0.027152509085338047,-1.4170335175189996,-0.6934202635551516,-1.4775797512006341,0.15057789145344497,1.3908729843627348,1.008707494149935,1.4011959537427117,-0.26202535620273465,0.3995262120844973,0.7165658176370887,0.26663256626911247,-1.461778049302258
0.33882663978327465,0.25246373123132776,1.7591034702638801,1.5821413615916105,1.369649179824007,2.268686684935755,1.3400274903387412,1.1052379166031618,2.016223376973559,2.016736345517519,-2.3179053705568995,-1.3317879093520664,0.0858405034329688,-1.888637364669632,1.627557521729335,1.5312606270521076,-0.0653257252657563,-0.25776235835715183,0.4984486358118522,0.1655947974667463,1.4124851606801947,1.1357252638943451,2.0691068704206037,2.597892131903659,1.2252173185296675,2.1529766703511655,1.234946463791762,1.2389611945095256,0.25800492823266596,-0.5216202601861012,1.1030664429098453,1.4417301971959686,0.3057484457724158,0.4952015673489976,0.812143859553588,1.5514395272333117,1.9122005427479385,0.09830993512204088,0.8133542265298067,0.6334148906972206,0.8305656749046989,-0.620288006719092,-1.0795939650723603,-0.9090572668466227,-1.251991881338198,-1.4119893543193576,-0.8333702674834197,-0.13162679930419421,-1.7411105029711258,-1.3259788788483962,-1.2396417662030368,-1.2934240465241416,-0.5184746776405387,-0.6280311521391294,0.5235633243979169,0.38768884520954583,0.7115227993024954,0.14331447425774146,-0.9621712989269731,-1.7482664958813299,-0.10142170042279049,0.8118302317097297,-0.22764617759204178,0.4531437561381501,1.3735459307521187,0.8588304898464553,-0.21916205662557134,-0.9233450637613305,0.00161974917849296,-0.6000283634683754,1.7029689786957802,0.43558805306025683,0.17696432248513247,-0.4510466152546225,-0.39160952459949094,-0.8538125367371077,-0.8345912641327532,0.5641285363109955,-1.1940128644446673,-0.5436389834742367,-0.802868239638951,-0.8709942820649794,1.794224037551325,0.49188030169445507,1.5406148929789558,1.2639650541639322,2.472956872593305,2.9914305054080894,2.0440316196715216,1.899418100846018,-0.5456838234238135,0.9596027280090332,0.7102410954721738,0.9361697731955932,1.3407345891983413,-1.7759392208485254,0.3464007412463688,-0.4225478833042182,-1.12274063692492,-0.2689002172361727,-1.8766451722893218,1.2578998174780476,-0.8669102975260581,-0.3469285975512048,-1.0703751253284108,-0.10165119613210177,-1.2606367497862905,0.26820924372969196,1.5839670337181604,1.6731133844982924,1.5477095023274725,-0.06999120727943509,0.7686747831132831,0.9498009822664731,0.9357456997504209,-1.078627625169153
0.39187265765288376,0.31068609224295896,1.6690740884420223,2.1576139344842895,1.3802720297191506,2.2143745007136952,1.298570604872921,1.5664338365139043,1.6605578741292368,2.13664365796255,-2.7272119998830617,-0.9580685427113511,-0.6729812925266262,-1.7213654137284027,1.0262593038482357,1.104546655804237,-0.033945623675375014,-0.42631124109684004,0.36012410749853785,0.22222567053718648,0.6636447521816746,0.6516224446668614,2.0298389141792006,2.665549720303485,1.056887750006278,2.1228920388643497,0.8515219749041427,0.8593753205753457,0.05555428782971076,-0.4611401954720992,0.799094052506929,1.4305678242287303,0.128917657004225,0.37236506779488643,0.5119953390689788,1.340599914045801,1.3363324141864943,-0.13941387353298174,0.48814937108150336,0.580633096940246,0.5055697490474145,-0.7977911333890868,-0.9067094899439369,-0.736448478729479,-1.128276460450132,-1.319393448453991,-0.7240026481922258,0.005569361928632568,-1.346199392390186,-1.1473761188845648,-0.7036170498780532,-0.786715922618286,-0.1827911797299324,-0.20634624247930136,0.7938786420260484,0.638066758304445,0.5374296258399301,0.21542854641612022,-0.6371535068886454,-1.118965924756651,-0.17657488561188547,1.5446347114244183,0.20433959534555515,0.7458282577315206,1.1006644418397393,1.3286311784973095,0.03973398811962938,-0.549207012307854,-0.05685288228803321,-0.42906462048137856,1.4776824853701838,-0.08343599517826493,-0.032915636223381235,-0.9342689254403258,-0.5583343384539903,-1.3708373461320553,-1.0603509833861777,0.7989415662942159,-0.5012625573939838,-0.6030506772971552,-0.8641420641498921,-0.8073374955989011,2.0217549316121066,0.14407132056709498,1.526558338510296,1.6500441627603342,2.522376072157247,3.0885254438535146,1.8176513174005717,2.0310979354020926,-0.43617915531061824,0.8700775623504794,1.1297639798039132,0.8145451766763551,1.7519877400634678,-1.094228017809409,0.7203088688415861,-0.09675908462980974,-0.8848501328257106,0.017555046278826945,-1.6711158288384758,0.8156362705673428,-1.0947295523187424,-0.6968089171814722,-0.624411139439081,0.4518930514517254,-0.9262615384396263,0.4123169497927641,1.5220289559747757,2.1135869922775945,1.5132732289516675,0.09254401281720155,1.0294895906706119,1.0459315598541137,1.4082375525385176,-0.5300850948941283
0.4454526408011304,0.33823342276252244,1.3818747651800627,2.4389882839306973,1.2261993026097557,1.8572101513509325,1.0807284774352195,1.8009696644340512,1.1467048068581682,1.9773088138632164,-2.8144029639878068,-0.4654788241578778,-1.2819763441898695,-1.3400400084788178,0.3344838819475006,0.5055916357035863,-0.023528578664133885,-0.5791348176425634,0.1431740979409485,0.19348194595838014,-0.013565058246710624,0.09807506062538181,1.7076234144417126,2.3795763404396033,0.7739196915064231,1.8180774324645497,0.3781494474150713,0.42277509927976614,-0.2125719656898345,-0.4054417602942299,0.2963616954751583,1.1303058518452982,-0.10860735591007005,0.1493505153491655,0.15459916407805954,1.0113752701103302,0.6680756426143776,-0.322395056173924,0.20588358488528505,0.4778647300279981,0.16861398404660516,-0.985161532491608,-0.6653827573356184,-0.5007094301529739,-0.9547403604165458,-1.1347148463672174,-0.578789281077827,0.14269974143042746,-0.7830292784447088,-0.8142201730266293,0.01129534953969681,-0.13068717007902098,0.2383411084683559,0.2289353204688189,1.0025536729351916,0.835435689434114,0.31588620939643713,0.26314215706957267,-0.1575520299143001,-0.3208994365829305,-0.03920000954065877,2.1437410910334758,0.6098501012481317,0.9306632047672787,0.762812516051906,1.6530023881391631,0.26017327526388856,-0.15181444168554575,-0.13352751066802998,-0.2361939709763236,1.1035646593123172,-0.6401076205335969,-0.31841138456193124,-1.3366560953482947,-0.7522931191243307,-1.7957152721114598,-1.1886226663321782,0.9719330931944044,0.13448694317898807,-0.6281977340648044,-0.8905720581846546,-0.7143526661438817,1.9639303214754391,-0.2950344263581115,1.3583845794373002,1.8257282206769347,2.3068135884485677,2.793403091322367,1.4227036121080623,1.8531326327144952,-0.3496716981538427,0.68261384892774,1.3940533713564673,0.6289407788034749,2.0124144899708067,-0.4002625137717061,1.050910579570253,0.23453973808812575,-0.56546285483269,0.2856155708133547,-1.3228101926576745,0.20196365627783638,-1.200362485955604,-0.9864007582758804,-0.08528728569335563,0.9395424051748303,-0.515679964865968,0.5757078579527016,1.2782639124871522,2.319394706869057,1.3820289742141798,0.24596493977056305,1.2220634773861374,1.045779909043892,1.6815107217729381,0.09262381104484187
0.5070919921619998,0.35252272328586925,0.9829516716525092,2.4269511940961555,0.950486395842564,1.2615145370768612,0.7603451907485745,1.8154913397770476,0.576880859227371,1.5872201300579476,-2.5468927863976885,0.04802484001262105,-1.6519695305663127,-0.8176265409235116,-0.32884983588803224,-0.17934818078032588,-0.023070898716192077,-0.6917328477650091,-0.09419746292466613,0.09545709164463341,-0.49965073631714807,-0.4633787147627777,1.1957306874212692,1.8306676894732146,0.44427709727277986,1.303682074717863,-0.12269170961382639,-0.00044543850555119936,-0.4949640667298412,-0.36128957635303205,-0.3117675202933037,0.6156647214570182,-0.35410364263620797,-0.12028941458485766,-0.16682934278079903,0.6613068770051147,0.05226236390984204,-0.3948686009859019,0.03068916304196795,0.3451836667852045,-0.050010832948526256,-1.2044068601616955,-0.3698053735325034,-0.21650344974370486,-0.739657920612603,-0.8758024372808328,-0.41159540709199877,0.27897052029847796,-0.12805128812584815,-0.37839567791927925,0.8055963159411035,0.5836934729430658,0.6837464695337103,0.6387944539457053,1.1258822463092364,0.9601579407918018,0.08028467070970681,0.28504189967476967,0.4275772842990936,0.5478110695847523,0.29985796456703073,2.5425185091419684,0.937805585725163,0.9948225970405004,0.4361876500760961,1.8260263023980807,0.45755379168542537,0.267004941188267,-0.22618445802007586,-0.03891863265042055,0.6477639054471241,-1.1617848551360523,-0.6647114479979875,-1.6016811965838158,-0.9472065194448023,-2.0429559295442745,-1.188942784610132,1.0359999898439436,0.6257976672857161,-0.5717986184891014,-0.8540003204239813,-0.5471847646184359,1.6884912021363632,-0.7457293209085024,1.0884441514599457,1.811918272111443,1.8680760209174738,2.185827395967685,0.911578755664953,1.3869394478202877,-0.29549215861978356,0.48002390971113335,1.4915379649557619,0.46216464478433367,2.1015397584079456,0.2652040844542357,1.3197366812322673,0.5463980945543503,-0.20637892242297096,0.5434909326028764,-0.840088096482373,-0.47596932017229926,-1.170339884195135,-1.1873154175036407,0.5215471171524265,1.3517902991453845,-0.07410830525346869,0.7407748349579285,0.954637020426679,2.3174583817193484,1.2381456618926445,0.4096554049053769,1.3848574429609901,1.0000115480796063,1.787998224394296,0.6799399348417066
0.5654397408959008,0.3638804368215309,0.5685411923708158,2.1703818495165197,0.615725107070921,0.5394201986094004,0.4230442321897258,1.6534721437510536,0.05352779629089789,1.0563323948889471,-1.9657146524510332,0.4867989887841306,-1.7494866771990523,-0.2506395624894886,-0.8575366071307382,-0.8394295349705017,-0.023696263970018918,-0.744115844323843,-0.28902764490804855,-0.03645500930693576,-0.7388966894166469,-0.9647926755519823,0.6221237516428142,1.1574862375801827,0.1388830489638051,0.685712578587505,-0.5825103933981217,-0.3481386817105445,-0.7283322259810692,-0.32314600986899056,-0.9020972919773985,0.00958695255256021,-0.5494130921259712,-0.3703625029082548,-0.37385347270711483,0.37624258992724,-0.3966670215339995,-0.33810168348057434,-0.018215548317594747,0.19542719415361148,-0.06717761631439026,-1.4460250587498291,-0.04651110865811563,0.08966472748433796,-0.49247034082777685,-0.5674468562509244,-0.23872206584090983,0.40689210153045485,0.5164952435419592,0.08364476208657626,1.5418433671550837,1.2392704150133114,1.0712470317463736,0.9802599523151524,1.145082068321898,0.9944900851421854,-0.1390334303067762,0.2773812382851283,1.0261198885836054,1.3624304562917757,0.7527173779965731,2.698893166448792,1.1437175684855583,0.9455352062093195,0.1810852213027683,1.8602484738434588,0.6452141758924034,0.6948287511572545,-0.325206526310932,0.14484125011276147,0.1833792134206229,-1.574447248564071,-1.0283898286008464,-1.6934638719795114,-1.1072359870598265,-2.0536778484310894,-1.0506271066021542,0.962125924761269,0.9254747761124077,-0.4072926430658664,-0.7346493323047903,-0.2749260255721824,1.2970349496864957,-1.119982116051408,0.7786442358428125,1.6578029675070696,1.2776728615802178,1.3996650646280189,0.3522291449055725,0.7124914219602314,-0.2693663668351044,0.33661508573908494,1.4398291416407059,0.37319351755338304,2.019942394211875,0.8646510054758861,1.5051262319830718,0.8103857728334257,0.14224634691004376,0.7902024810691018,-0.2630390872405859,-1.0976272391170978,-1.0208151440130688,-1.2819507258501772,1.1460215308264503,1.6854531922436713,0.35239274519128927,0.8798251849872329,0.653118445238141,2.1576404111167737,1.1398527421662232,0.5913827741527206,1.5367916427051567,0.9515768488120734,1.7757676540443255,1.1295675772897764
0.5968608418211877,0.3741727622708099,0.2198413256286477,1.7497472935173366,0.28940503305061926,-0.1720648136755844,0.1439781512705414,1.381982443616181,-0.3424239746635789,0.49392670448623743,-1.17594570470853,0.7837411502154527,-1.5992881026395445,0.26431721027927735,-1.1812091685829345,-1.3629277939228006,-0.020193898466776616,-0.7252159298526315,-0.3884108232629028,-0.15600742093575515,-0.7475177724128,-1.3438690561056799,0.11451261808072857,0.5091219306520822,-0.0880480379280687,0.08350979299139762,-0.9411651962218364,-0.580238769245766,-0.8514320557698419,-0.2744817531534394,-1.3527031725813659,-0.5490858099611474,-0.644625626377263,-0.5365837078341447,-0.42489662399297695,0.20846751781648917,-0.62201395646593,-0.17609829835724855,0.03256598113833221,0.033869598565223785,0.12964611350647703,-1.6684696983264244,0.2683184776543346,0.3825308129672299,-0.22482717559021956,-0.23865081590669837,-0.07724189784409505,0.5124871466018341,1.0430957717487819,0.4871971187974227,2.075027997759295,1.7172162617613576,1.3185003674536406,1.2138098493883906,1.0523020963447334,0.9285130441865489,-0.31898768469378175,0.235648424845639,1.5242196229409706,1.9963376355413591,1.18165656054923,2.603753212953586,1.2002677129092452,0.8093405611827084,0.026946480202163416,1.7771615373438192,0.8257262221507541,1.1043270271544852,-0.4137478839529339,0.2989657242233057,-0.22404510919091425,-1.8162714920012129,-1.3459757905624306,-1.6049619890209654,-1.196133690459657,-1.8150692783688214,-0.7878943547302373,0.7469766161095224,1.0314370719328123,-0.1418148300720481,-0.5299549142613306,0.101996943118596,0.8950821055484786,-1.343517518195957,0.4836771507158059,1.4241285699749962,0.6232610670075702,0.5908462931565219,-0.18259274556176466,-0.04658332380898238,-0.2573112209136264,0.29684092949688173,1.2761631023267028,0.3801301889199934,1.7864811525926823,1.358899452785857,1.583781562502471,0.9965073180777001,0.43143358229525464,1.0098832230052512,0.33758195869976754,-1.5565110294474163,-0.7947742999457905,-1.2653155846851984,1.715207983535143,1.9319142414597998,0.7205761437512145,0.960139774102492,0.4492063107293101,1.8956143447637992,1.1035843609672824,0.7806849557930088,1.6677939081211877,0.9224276781014565,1.68818048181785,1.3695679999311359
0.5768823402901017,0.37848756079742735,-0.016173780043087106,1.2559399023631386,0.028517965149209124,-0.7412462353273229,-0.030213558228656356,1.073703776884426,-0.5677879722538689,0.002431669864551278,-0.3214299846947094,0.916702151809182,-1.2729273751262167,0.6527262607060423,-1.2792850792382222,-1.663373335882608,-0.011417559326734758,-0.6357784141317199,-0.36274459200161147,-0.21878220582210248,-0.6009557199038909,-1.5551383867403163,-0.23242090765864795,0.00748618689105468,-0.21183968314240312,-0.3989335753066218,-1.1588088442595421,-0.6856758057345297,-0.8217570815772205,-0.19471671711752772,-1.5735268187230487,-0.9407093329023947,-0.6116277781048233,-0.5727333152922115,-0.3259921066607623,0.16625949757259667,-0.6343995493330211,0.031671781597831974,0.12296955627684926,-0.1389086151555617,0.48033086209856163,-1.8099228276716852,0.5341475333759699,0.6234340644021616,0.04750472353049463,0.07955396804536169,0.05661816145815139,0.577724132392628,1.3627771059514615,0.7582337653992292,2.288886499549738,1.924980467052904,1.3663466070918864,1.3113097470423798,0.8546935107499904,0.7651203760537706,-0.4456574210684558,0.15784852594013346,1.8156089047276651,2.3481798046132987,1.4421850133706047,2.283273954107333,1.1047292468639558,0.6261984963097309,-0.03251459250728149,1.5990371988056276,0.986820067676365,1.4541106181517447,-0.4708485398225236,0.4108753186486698,-0.5267702731336111,-1.8495704799300152,-1.5499037731172263,-1.3605023777370406,-1.1873982295045695,-1.3679783514092736,-0.43964271189914955,0.4154270695087763,0.9791370332883084,0.18120096184044157,-0.2603631342466725,0.5431679505573774,0.5635973834648951,-1.3750304483142277,0.23789631161501684,1.165999952954714,-0.007093506887988023,-0.0979984123209513,-0.6281344654623068,-0.7491713380987531,-0.24158607756570596,0.3630248051137706,1.0447749041444967,0.45704892264158736,1.4340429748306855,1.7065414534017398,1.5358531533739816,1.0775877108547656,0.6230022854050894,1.172624421847869,0.8713342204743005,-1.7831829708192621,-0.5515633114287081,-1.1455474341620984,2.1435589858021227,2.071041434390811,0.9946498207115794,0.9530673454250604,0.3745755212149078,1.5787588754667292,1.1028500954920657,0.9488424617508393,1.74099515037769,0.9085159826426609,1.549819788494437,1.373064264053396
0.4918545328052708,0.36868820311771944,-0.13400235702503815,0.7702881534110867,-0.13259215442201636,-1.0718866359813095,-0.09033764042134322,0.788987115815581,-0.6238213203037976,-0.34584119835367944,0.4488620532945467,0.909871450572832,-0.8671831668619248,0.8768877741859348,-1.1820841846425796,-1.7008188550465746,0.00039783117546861156,-0.4888684594804637,-0.21395228344291625,-0.19570137259792958,-0.40464103011623964,-1.57748727305529,-0.378308999678731,-0.279898328868748,-0.23972823969180984,-0.6950234698303402,-1.222145341527837,-0.6805356341155188,-0.6300840099825671,-0.06947974152546085,-1.5279093123355563,-1.0931875649411316,-0.453500781568431,-0.46404782347435597,-0.12685015531978297,0.21752311031682045,-0.50118834340396,0.20860103798324037,0.18106587690722165,-0.32239352546671995,0.8715958342438184,-1.8086386567942392,0.7133149125247733,0.7772671144849087,0.30304439236284986,0.3560468283059453,0.1492456809620195,0.5849027576733905,1.4262407701574547,0.8503816355133228,2.128283728955735,1.8203810911415474,1.1976303939553925,1.2624451212667314,0.5751082951037606,0.5219907495364599,-0.5140755618474693,0.04790555483835044,1.8304609201939341,2.3646179444925464,1.4284276414278647,1.7942780270784173,0.8806626398211451,0.4394102094298654,-0.03289171504951013,1.3448453154544024,1.1034327469534837,1.6952542153280326,-0.47686763009175764,0.4725840597410791,-0.7000274428852218,-1.6684432039726473,-1.587070818547301,-1.0114061470501141,-1.07230564057473,-0.7992327439984055,-0.06308366288278652,0.0173856260141195,0.8252320761931268,0.4914270414121308,0.031102111723990383,0.9723562231270819,0.34041574293599497,-1.2169315080922993,0.04980534770813384,0.9200114854726131,-0.5394268875221283,-0.5673419332887513,-0.9394839756935323,-1.2682967585128384,-0.20680177448599532,0.495794148744059,0.7852297405222486,0.5454397838340579,1.004969700480967,1.8693859016728789,1.3523252014292972,1.0355703299671979,0.6970059512890564,1.2421009639458176,1.2472029624488645,-1.758206742610267,-0.3513238886673275,-0.9429821661963049,2.3502648581321526,2.0740193307630994,1.1514123838981634,0.8444047490218577,0.4131211413245478,1.2389468182023526,1.082034332992201,1.0559340341051207,1.7059612657385155,0.8843519895845368,1.3630895765043298,1.1611523379220814
0.3464155182280067,0.3373727068316492,-0.1635294869101712,0.3506543278245838,-0.18790101265417433,-1.1253158427079468,-0.06224489610376823,0.5629440673241133,-0.5516437571679217,-0.5227801313619732,1.01376710836658,0.8200752875722133,-0.4786243583839748,0.939475353663282,-0.9589873944051898,-1.4919043905663991,0.011101759059758406,-0.30768303110514883,0.023779720273019837,-0.08320813099220899,-0.2575494237120413,-1.4165970622130304,-0.34136037913333195,-0.3497898132374012,-0.2028121204105198,-0.7857243007442268,-1.1436702363283002,-0.5985329541051283,-0.3077609075829815,0.09974555598443352,-1.2393079771341244,-0.9962425836309603,-0.20631685453923826,-0.23341181703882363,0.09655451088200577,0.30581133181710213,-0.31971910506201967,0.2848758817384265,0.1473970450770413,-0.5117202432852636,1.1721312605877996,-1.62519355153735,0.7788959384397475,0.8197885214969021,0.5148639927914309,0.5619886494668541,0.191639565080355,0.5220194952618763,1.2365691994150227,0.7556885104152926,1.6180835277161643,1.4248906782076272,0.8452553786458079,1.077861041382358,0.24906404235491714,0.22954719052379968,-0.5266710105640335,-0.08251543290589913,1.555378044879268,2.05284283338973,1.1068003212328135,1.2135439524595908,0.5729687775743767,0.28403744880995957,-0.02373450900328852,1.0310954355012827,1.145448079512643,1.7824093454232302,-0.4196752476926283,0.48110836977320515,-0.7418318348210715,-1.300404327738645,-1.4344311112503672,-0.6252804548806074,-0.8632726498477055,-0.22034265453415477,0.27792835309631664,-0.3808138422970145,0.6286698190221234,0.7107260333707797,0.2870582122428465,1.2948080567453428,0.21670564028234046,-0.9144068234364454,-0.09437258782519371,0.6990391339451711,-0.9241918749397324,-0.7779795850315698,-1.0992867917278843,-1.5202551653282097,-0.1444744992137634,0.627295112536342,0.5252087798811249,0.5764186475186363,0.5467132740746605,1.8228316784818765,1.0422477167388497,0.868079950557661,0.655249883137101,1.1877984873611789,1.3963231960976272,-1.5123600001432151,-0.2385408709359678,-0.6875882175459058,2.2797678308437783,1.9146754848009473,1.1845600923791126,0.6422556112860722,0.5108474114021795,0.8932900678515884,0.9805039789634148,1.0631277621961674,1.5186663063204608,0.8152730207952549,1.1156618135995549,0.7938920607968086
0.16407669221673102,0.28096875825120216,-0.15355876609306027,0.02629827056632666,-0.15753415322240402,-0.9282700705186182,0.005669129061313792,0.40113293339140077,-0.4176243762133147,-0.5458121499885251,1.3039969196845411,0.7132686618534357,-0.18115695651558855,0.8757847440484364,-0.6971810682616385,-1.1054965026812102,0.01635334366371624,-0.1210822547037833,0.29139081292494734,0.09347507166208742,-0.2203184282732064,-1.1025893384673215,-0.18552021800983032,-0.2544269506075528,-0.1412029167378467,-0.6965409165425465,-0.9549797260248205,-0.47755454260984587,0.07676128231164928,0.2907714501229929,-0.7820622651575138,-0.6986329792859917,0.06823044909414484,0.062493460464905566,0.26731602105434277,0.3730710005384828,-0.18326883648434608,0.2196955747704766,-0.005077690343581127,-0.6952126989822206,1.2729288914685277,-1.259213411514546,0.7214085228115499,0.7436754647074545,0.653927726348537,0.674182621829827,0.18131341281901003,0.3876049070118554,0.8496644124766067,0.5063304838495211,0.8620606711263767,0.8216334565182124,0.38614666005628645,0.7880728781606067,-0.08127385677095036,-0.07460228521401982,-0.491306420502609,-0.2148727318257968,1.0388468632845496,1.4797131588704802,0.5278587034004263,0.6235861093750503,0.23748344932192617,0.17749803675728595,-0.04948101438612114,0.6762787875618695,1.0888060588480157,1.686943689626363,-0.29962035122037545,0.43846147008900077,-0.668742300736141,-0.8017258633728782,-1.107092898863812,-0.2714098408445815,-0.5915178389643121,0.261000285198065,0.5272584516057911,-0.7091895379503077,0.43544474892323437,0.7762488704376408,0.45053599059702915,1.4235722415462078,0.1486739621096121,-0.5429451255226879,-0.21965980113108768,0.495633784908532,-1.140657174303492,-0.7523219924012061,-1.119057839113366,-1.483333980270406,-0.055046463216204364,0.6834787728207709,0.2794633122165417,0.49640214852159503,0.10760040049706858,1.5676118556739358,0.6368316175334937,0.5929322796129446,0.5201148842012276,0.9978107051391154,1.2919940971958845,-1.1151435721687821,-0.22945635607954282,-0.41474463322497035,1.9198601976249554,1.5851080614612671,1.106486251774411,0.3789508763935084,0.596101353832846,0.5508165582374535,0.7587394198094245,0.9464770340489795,1.1615481713100064,0.6730541535583333,0.794867625230331,0.3525174902560255
-0.019171948001596533,0.20124993901693178,-0.15123359245178042,-0.1987307659932296,-0.0787976526995569,-0.5639963059685209,0.060693070980685986,0.2847392259194507,-0.292824581629593,-0.46679714264197175,1.3122208753081583,0.6400030117465744,-0.012072342028913248,0.7381185471237753,-0.47721005775001646,-0.6448985845934155,0.013007887453812546,0.04210958905306854,0.5189998061265286,0.28577883133074167,-0.2984007265416483,-0.6844446804755155,0.004241758552180553,-0.07836814003734612,-0.08825585886751813,-0.48404853064288583,-0.6971675178432766,-0.34740467152972937,0.43265599645584774,0.4634677943019116,-0.25991518077569487,-0.2904342087285015,0.2982071608429789,0.34704830923959434,0.33256311332296273,0.3811673888825132,-0.15076953654730485,0.014912957270093116,-0.2612239231161862,-0.8547937077011472,1.1208719889734138,-0.7548871816299128,0.5524827611694283,0.561655188697465,0.6955864805785942,0.679378089142463,0.12343332206729163,0.19344797706664932,0.3616790852026205,0.16663922149323696,0.020731962266935456,0.1376452135221231,-0.07790815106052912,0.43836413111263034,-0.37454004251403183,-0.3529610018317033,-0.419625918391014,-0.3273638868990295,0.380855221819845,0.7578499707810258,-0.18681881014589893,0.09832073027159088,-0.07187111426654941,0.11575592409731152,-0.13309000374974347,0.3059724105719872,0.9263528783128776,1.4085469178922374,-0.13152304713215085,0.35151164148442476,-0.5097731087883254,-0.24771380057459505,-0.6567361522311599,-0.005901244803696758,-0.2998176898971812,0.5677114233545056,0.6496859535721312,-0.9088003410739948,0.2711394174716185,0.6603586058868819,0.48216580142095244,1.3072842076129523,0.07976880537998239,-0.18789708653100654,-0.3480801219886506,0.2923084628433992,-1.195333823152046,-0.5607618553799916,-1.033551420943138,-1.2006833977077984,0.052659994671730645,0.6088788366172372,0.05420040093624807,0.28773365816825514,-0.26775148837052404,1.1381023796736864,0.18804436252276882,0.248463701174787,0.3290186328920943,0.687609643200618,0.9605768196571866,-0.6556783888233731,-0.30733961960085715,-0.15975387989027362,1.3117718195027226,1.1089937709611166,0.9462633596080978,0.10536690725613895,0.6038211784122063,0.2209461219797382,0.41723830689874103,0.7077240859100581,0.6567925738035271,0.44944225315131703,0.40269981899000995,-0.08157120612706839
-0.1658148199815704,0.10523771377590309,-0.1847106947752629,-0.3365023656223403,0.006483934759417473,-0.14881288419395625,0.06370975851249817,0.18314845493158444,-0.23230561090392168,-0.35245036465525365,1.0881085443957281,0.6188610046912782,0.030667201512969647,0.578064039822139,-0.35232084924917034,-0.22147333833181265,-0.00024457206754894027,0.15866623753907635,0.6434413869530734,0.435087701971596,-0.4456646191321674,-0.2230227892264487,0.1499165176310004,0.09072251356357103,-0.05979990817818354,-0.21740470450690774,-0.4119572008310988,-0.22327490386856924,0.6697455146026394,0.5703254295411143,0.22067092692688162,0.12341610534497606,0.42100956807438294,0.544284934462896,0.27969507859770854,0.32457181668416174,-0.22993799931291406,-0.2841306629316675,-0.5670214739416122,-0.9691248946483276,0.735577228370293,-0.19324151661339217,0.3041151310598865,0.30555049654186106,0.6277587699304552,0.5786353456137654,0.0305430419730035,-0.03584634261808525,-0.11382095672612044,-0.18266011757813372,-0.7269331685904274,-0.48556930920319824,-0.4472395832674443,0.08094577782971485,-0.5972061583037197,-0.5748475258608602,-0.3258784687924285,-0.40025956562238296,-0.2901214829393393,0.022242794376138523,-0.8781049964529096,-0.30809049689246404,-0.3144735943164829,0.0769428156223822,-0.26787996607748765,-0.04476808781575228,0.6745498335186896,0.9815771477091133,0.05724968399993032,0.2318596835296236,-0.3005394021178533,0.27987211088748026,-0.16096933979313763,0.13964087545281476,-0.03264821952662773,0.6702943501693074,0.6389915606743721,-0.9453151358694419,0.14201939954911094,0.38103743527452105,0.3739681173049923,0.9505372151537156,-0.03467875178069379,0.07793375562564303,-0.4866768022063638,0.07487304690867852,-1.1158673969993789,-0.2978431302513919,-0.8897473145730822,-0.7663552933572433,0.16385443990682158,0.3863404777392173,-0.14595223958494538,-0.02266518575542117,-0.5435754057332979,0.6028485940590059,-0.23895832073564585,-0.11134226385369322,0.1258702664551617,0.30127287358700017,0.47892932683944217,-0.22162298040871087,-0.4275652026145281,0.04798657234688088,0.5483521782888194,0.5460718560736945,0.7436038298420747,-0.12147454582598365,0.4966362522758566,-0.0805982607674273,0.0013127756461817368,0.37830567828207223,0.06807120972424209,0.16298865508618918,-0.03480947730449816,-0.4447037951846326
-0.24834416285540659,0.003984320751193769,-0.2549173222167144,-0.40463335662397065,0.06423716506499623,0.19956441510013254,0.001110945794940444,0.06950264419155242,-0.2600997153528661,-0.2625469928024255,0.7210816455992993,0.6336057235175087,-0.01950403809719915,0.43264190983539946,-0.3371519237562106,0.07323830139780918,-0.022972471698084727,0.215120013880037,0.6252008946097186,0.4905261040027227,-0.5865468408149863,0.21610835827701608,0.2027622740265544,0.18798875518262423,-0.05211739613268164,0.03907585471073321,-0.13630612034129053,-0.10704838815947836,0.723986374295059,0.5720487670018126,0.5745938312059635,0.4502473811456377,0.401627697483197,0.6004953827595223,0.13830776300773504,0.2296247779141924,-0.379059506315545,-0.6008853765268329,-0.8450171629839225,-1.018517419529546,0.20456623287016518,0.32653536507269953,0.023218487590939828,0.021078088366213645,0.4580263936859387,0.39023828785251424,-0.07931265723364304,-0.2665254552045548,-0.4733238192202733,-0.4639661196236304,-1.2279664676741961,-0.9256013897598963,-0.6509858475907101,-0.23372401774843324,-0.7286290105651718,-0.7205843243431558,-0.22581740398504468,-0.42117879788092044,-0.8463457124198587,-0.5970119787928496,-1.3925949350520639,-0.5670203974035208,-0.469463072919815,0.03178589249840401,-0.4203215623036923,-0.33415136534826106,0.373161535738373,0.4733024371154523,0.23241308719646125,0.09562731444822767,-0.07873060119766905,0.7057901926355192,0.29337605393071703,0.16313270870077254,0.17332394514686617,0.5896006715801214,0.5183042307228738,-0.818219722648214,0.04229648424929233,-0.0006181548954321429,0.15448281048641824,0.41953953201913746,-0.20893950791772412,0.21205739896599538,-0.6224993044653807,-0.15604370341327514,-0.9426562734117102,-0.05517413667941122,-0.7337418627861824,-0.2986475186660015,0.2610832631211077,0.04557314698271265,-0.3121112618585114,-0.3695617272881536,-0.6981257638543866,0.055088769735877674,-0.5781601554391129,-0.4263675375472159,-0.04841594472331628,-0.09589316139966483,-0.042096627604189675,0.11851862434659248,-0.5315676604034685,0.18981101432796507,-0.24052640969217107,-0.015775735235890563,0.5400545794619742,-0.2541779446522268,0.27694305257189394,-0.33114049429357156,-0.4101236927068567,0.014769430465264341,-0.5104057221264815,-0.1431110671598911,-0.4675887795874559,-0.7007345543346369
-0.2573670943703158,-0.08907826429671238,-0.3386893755268777,-0.4182497433328504,0.0763079103394623,0.3932217330100162,-0.11272324103954653,-0.06603728749700727,-0.36394819282110846,-0.2324516395528352,0.316081376324845,0.6443741285736605,-0.11292371605663276,0.3183579404137924,-0.40829868659208085,0.1896413684324827,-0.05337403521952548,0.20971405097495127,0.46065672787217404,0.4261265657796465,-0.6480947177766428,0.5696935960502497,0.15357782122404576,0.18662695898172102,-0.04889875271179034,0.23758544577057222,0.09875816860866299,0.004692625566832095,0.5781554062711342,0.45320084569517965,0.7535281827254235,0.6301064636407986,0.24405054937698514,0.5004058848986277,-0.032931379994931335,0.14062672218721897,-0.5264513369575838,-0.8494073339827664,-1.0175185841524206,-0.990313446613953,-0.3414583425253005,0.7109636361962812,-0.2374278368248765,-0.240533327414513,0.21655843647492914,0.14960611613433222,-0.1855935219457477,-0.4615711056606751,-0.6483211348199692,-0.6208923872413551,-1.393805268970037,-1.1078046376818544,-0.6652064061695739,-0.46451719547123055,-0.7632044736169619,-0.782377515271999,-0.13504845626854461,-0.38844265299088243,-1.188747640101861,-0.9997300670441203,-1.6228419735210198,-0.6752763264426798,-0.53550275278299,-0.04231906696265598,-0.542830771164569,-0.5219213695549237,0.07711355707241295,-0.026917964227605246,0.3607418966830076,-0.03722926494436077,0.11920517801036903,0.9725554624637625,0.6286650783088519,0.08969983573668901,0.29578190033206414,0.38578204712128633,0.33238831318333545,-0.5630254349557824,-0.03664292628766645,-0.39515222911772796,-0.11723925239317749,-0.1700619310118779,-0.420588543867298,0.21036949705563718,-0.7266868024045244,-0.37967315968188736,-0.7204256073499654,0.10166277289993528,-0.5995268414386439,0.09111486761399015,0.3276173743358132,-0.34220208100452765,-0.4293856063430638,-0.6685336282521697,-0.72761183734443,-0.4057336391950729,-0.776796703584997,-0.6424715123957451,-0.16406298573847067,-0.4314566084163851,-0.4841109817152606,0.3260169320507874,-0.5658028926441196,0.26025296179732527,-0.9127230514742575,-0.47970104164073196,0.3698304730213825,-0.26930086852580115,-0.013098733435727884,-0.5056978439824911,-0.7279203634055781,-0.31347687638441407,-0.9747217967043775,-0.4114521431088705,-0.830901210101762,-0.84085290682133
-0.20373115041926182,-0.15971631435875178,-0.4014016975384591,-0.3868759277848547,0.04231471182316708,0.396036513518589,-0.24259553084725594,-0.20982417170370168,-0.5011385173017812,-0.2649258711454699,-0.0314343199172303,0.6078326497547024,-0.20116217050075222,0.233856858446206,-0.5157700445352578,0.13083038506768724,-0.08833178490155882,0.15195090233015396,0.18629940955913304,0.2519812661975841,-0.5897851648022112,0.7837997047744207,0.02903922561279749,0.09919872135474968,-0.03386903728840386,0.35075525121850226,0.26641594993321077,0.10987090029545755,0.2710180613343425,0.23230124061941357,0.7499471069782104,0.6449185196830074,-0.00807922806270823,0.2727383505601096,-0.1699019817752965,0.09801202491877632,-0.6005209611500871,-0.9594318632669553,-1.0307663412649435,-0.883504398735008,-0.7654396393733492,0.894128276492938,-0.42952219995289537,-0.43204145394316995,-0.047166985436079015,-0.09465886067407615,-0.2684136820279606,-0.5870931652507585,-0.6209358490260798,-0.6300149767589015,-1.2217395188069458,-1.0212142670715427,-0.5167839225004714,-0.5846374124291669,-0.7095313234174428,-0.7623898221332188,-0.06649917091693136,-0.31128648628700945,-1.2670624221725306,-1.133284204596933,-1.533613579220377,-0.6503449863481812,-0.5245189827904764,-0.14846671482969592,-0.5922077799312452,-0.581119085580169,-0.1577190405121822,-0.425938403880344,0.41827303288784884,-0.14456824236918717,0.2610365762193911,1.048463515208737,0.792166759241669,-0.037031990641589276,0.32893207415341685,0.1379089195925204,0.13406029141715953,-0.24527881374348312,-0.09918578877983966,-0.707325478610337,-0.3672496956590189,-0.6806977795512087,-0.6180495649377034,0.10378996960933949,-0.7662559437626412,-0.5583924234786725,-0.4913111404177389,0.14649865804142684,-0.502951942200087,0.3249888235003062,0.3504899704204664,-0.6820104966985489,-0.48016252797017683,-0.8416725640169952,-0.6474443945280725,-0.6971803935261849,-0.8076868675571235,-0.7232570738258132,-0.20728949035898434,-0.6425505948591931,-0.7502235976703896,0.39413874033917146,-0.49987521780934335,0.26636511397647034,-1.3431910263086555,-0.7646075919876165,0.25298369721274455,-0.17551938350896124,-0.3033113027510222,-0.584618573602708,-0.8799646030356183,-0.5406692911382988,-1.2361921839857815,-0.5857904157451105,-1.060673993868442,-0.8752188990599393
-0.11439248020417613,-0.19428986216611713,-0.4138909575051237,-0.3163104826696362,-0.02494167452893043,0.23013842381605412,-0.34646603592828074,-0.3274148214987044,-0.6137481710478586,-0.3332923406078549,-0.2556585698881168,0.49793604230815175,-0.2518461951578177,0.16851521465409053,-0.6014690358685572,-0.05080015996456121,-0.1228809326349529,0.06006238613224772,-0.12697386846789313,0.015299480752309235,-0.4202722953478201,0.8208040513494897,-0.12314944535107539,-0.03355700838708133,-0.0035747073121959664,0.36888529973410406,0.3420856076535719,0.19249066313728638,-0.10911808977020263,-0.0379631019691526,0.5906012009196889,0.5154697200552573,-0.28252177095546993,-0.017099458090791705,-0.22872674697272188,0.11714664198259808,-0.5594233539067298,-0.8975737521774532,-0.8729085823860199,-0.7115769441073228,-0.9617743260506995,0.8513535789363155,-0.5180898203241598,-0.5184165075287848,-0.2737410707371777,-0.2882883427262531,-0.31079974491627993,-0.6175443828922134,-0.4256601712041524,-0.5030851651754201,-0.7930768875966852,-0.7173594048893172,-0.272076811536687,-0.5833685592013862,-0.58717428520623,-0.6694063507842382,-0.027387596207965232,-0.20686123577283255,-1.088114832478559,-0.999718264259954,-1.1682142386451593,-0.5233715976123493,-0.4523915865766006,-0.26370723279093766,-0.5474008266750445,-0.5093628643532314,-0.29077802306420897,-0.6485656075614534,0.3964858524144309,-0.20494886718814867,0.32221087387404734,0.9315961298108084,0.7656897661704083,-0.16749537298982273,0.2815377371211617,-0.07915976663162437,-0.031244517158846713,0.05287171587961483,-0.14304151907231852,-0.859896974389613,-0.5268061728880787,-0.9880445554826696,-0.738864600630283,-0.05438584002260242,-0.7190718107894962,-0.6490145370879794,-0.29010572235973403,0.09354822877291419,-0.4423069328339352,0.3727415963123968,0.3230707794894654,-0.8801486141756182,-0.45103953752265674,-0.8416827894158728,-0.48993888746685993,-0.7752497117602941,-0.6765864693237011,-0.6584371423300889,-0.18079398978054245,-0.6902918881218091,-0.7882951658556973,0.34289703366908897,-0.3378561961560005,0.22413165177410618,-1.4509238486218128,-0.827289520932766,0.19292470528072922,-0.012614608575290235,-0.5155984373045599,-0.5608845194992933,-0.8328421879473147,-0.6206452178529026,-1.2434736381128442,-0.6266217095798559,-1.1096605480784778,-0.8210357622597704
-0.023888118826024787,-0.18119812381327105,-0.3671749833895411,-0.21345910900480355,-0.10856804623147959,-0.03509485725053336,-0.39143609833623866,-0.37487439173136483,-0.6490331214889951,-0.39465816340619503,-0.331880781070842,0.31901172236062486,-0.25721884160209485,0.11231040727362962,-0.619226772079295,-0.2702927122632138,-0.14947233288215647,-0.04298353017827837,-0.3893013543990268,-0.20999168659831627,-0.1955255899213587,0.6657659769864174,-0.2542581755542626,-0.161289577851879,0.02522673516172957,0.293652897382284,0.3037445778791861,0.22093435678386592,-0.4462615869114516,-0.2818543396555558,0.3230407094241351,0.28884051139971323,-0.49874732727173304,-0.28570202171304426,-0.2042257654067571,0.17643967278999548,-0.40924303753517616,-0.6786100397479454,-0.5803045048387473,-0.5027705136519709,-0.8842117012168188,0.6016196254921485,-0.4865865507646603,-0.48193695117596524,-0.406917905818005,-0.38099477815813243,-0.29954148982247736,-0.5387705450533976,-0.13637643813150416,-0.2793234593416866,-0.24829296872024953,-0.2924410985176172,-0.014236358142068197,-0.4647975145256518,-0.4220395660187485,-0.5156850076372991,-0.01675911603891935,-0.09512944743121446,-0.7111752865074655,-0.6515450084576251,-0.6349545445036736,-0.33242986625087934,-0.33075908040861113,-0.3422447667715033,-0.4204267545489277,-0.3350957444988029,-0.3100330603388868,-0.6570893976075662,0.30476837565882436,-0.20153416277400724,0.28989248894467695,0.6495518273714526,0.5675714380573024,-0.2591615293749309,0.17240382456459558,-0.21411278072406484,-0.138173457419806,0.2508417531870177,-0.16136437819547017,-0.8120283229156574,-0.5502256582286345,-1.0133523514068468,-0.7322057674138246,-0.20534578007542859,-0.5860565928724131,-0.6184762456486335,-0.1415691738515676,-0.013083543257067174,-0.40465332337784515,0.2513640186695533,0.24712058655309685,-0.8694022464066706,-0.3403146383936966,-0.6670653411031745,-0.298685410983766,-0.6473197789258444,-0.422443056015572,-0.46646194799821494,-0.09994975809780679,-0.5680346769359492,-0.6017512315356506,0.2088841088513671,-0.11874474887721984,0.15325931438870985,-1.2168668476904414,-0.6746769221558908,0.1789377731375123,0.15894366725016273,-0.5869474905921609,-0.44426274057002485,-0.6006929960238212,-0.5376635179737614,-0.9958212972530929,-0.5224264563474187,-0.9597486559225868,-0.692544858553568
0.035556965922723,-0.1126314392076233,-0.2795520863746658,-0.09107216185907467,-0.19771571911144137,-0.3081355068589207,-0.36657877783638904,-0.31523380437145965,-0.5790997221630652,-0.4088185442906119,-0.27763208839693965,0.10621931908758225,-0.23482097336057328,0.062483911933508454,-0.5507491378043664,-0.4357921981893563,-0.15795464381579857,-0.13421125151441984,-0.5142625329893984,-0.34299962675342116,0.0001314487051637906,0.330920135653358,-0.3326836769624469,-0.24325659722694445,0.016974588364355836,0.13201813421172595,0.13564897039942017,0.15467186950790376,-0.6288661079275857,-0.42069655631075215,4.6746983802291933e-05,0.021257061848879915,-0.5920442296768376,-0.4566610071452066,-0.1343398620074954,0.22018436772264516,-0.20378589601252878,-0.36350242428060187,-0.23001366253585423,-0.2971160553700385,-0.5564085990116933,0.1995231124099382,-0.3374369107103463,-0.32347293183589554,-0.406684816630031,-0.33617816009703955,-0.22501176755979985,-0.34893948098567007,0.15777673236816347,-0.010511311255768702,0.2538278112165124,0.14183042046814626,0.18329458528097617,-0.24453657750473587,-0.24151689504691656,-0.3151003149321228,-0.02485842101817801,0.006577220745290717,-0.2321323593279983,-0.17769063692848214,-0.0788144725631763,-0.11771970818690917,-0.16350279049376912,-0.32854713010768694,-0.25653763283492326,-0.11546708034925238,-0.23762204928025665,-0.4629337543855565,0.1685132875507915,-0.12621156777807319,0.166659274803263,0.2550026615514049,0.24733992128666518,-0.28658491999072444,0.025423105028079342,-0.24993219904035857,-0.1877121595513497,0.28839582708722594,-0.14743646658442314,-0.5677517699528477,-0.42481355299330875,-0.7432800808272101,-0.5781096481156714,-0.29996969972960563,-0.3956618045022619,-0.45848757860502526,-0.05929861881469098,-0.11709663041415315,-0.3751711065328464,0.01207564051417525,0.13402009523581976,-0.6276107862920417,-0.1625917617017511,-0.36417269365489496,-0.12077940051305373,-0.371995798652521,-0.10997475604151206,-0.19044523182391887,0.013981184328771233,-0.3016438228218239,-0.2450923590481424,0.03353190156023985,0.09461650691919918,0.07219021045514132,-0.6883475383018979,-0.36245860233233473,0.19271374203395328,0.2750287902670647,-0.48911655770511814,-0.2610135959238476,-0.23905011533676174,-0.3092051242002388,-0.5440551725833982,-0.29354454852977857,-0.6276352251296221,-0.49714094623996535
0.042329922328550096,0.013449644361329916,-0.19360088583605464,0.03031881763927165,-0.2948323293304263,-0.5064553686152314,-0.28860368490892563,-0.13457278183011515,-0.41377889112324695,-0.3564517452629083,-0.1443150974690476,-0.08637653219162184,-0.22077962556854974,0.024682394083947533,-0.41296719248181313,-0.4758191945044411,-0.13718741139480808,-0.19530193305004578,-0.44299190395793736,-0.31965976639037197,0.08257379055068015,-0.1433516916138935,-0.35462822787331333,-0.26217738060798756,-0.07260522197551839,-0.10705040607184639,-0.16550648504475154,-0.04246208271537764,-0.5831186113025407,-0.39624055173391426,-0.3334221112431347,-0.23805466366120057,-0.5343268272631261,-0.48442698134887113,-0.08880539042904924,0.1759688917450119,-0.02613568466357821,-0.04445496895280981,0.07970635812148684,-0.1400183453773628,-0.06320289056768175,-0.27935094190843907,-0.08891766799367662,-0.060577454291279996,-0.258743834016577,-0.13868575794262206,-0.08111581617749593,-0.058202586006408596,0.38037427154328163,0.2560184317333606,0.5811498364951188,0.49004623973049066,0.27850885071711406,0.054059844428129,-0.07042270592238695,-0.08283180016875694,-0.035097697320209606,0.08769680565432389,0.23953759493137736,0.31715652227543034,0.3539601567251708,0.08127302268252734,0.050807063569025666,-0.17665810501669038,-0.123321501685305,0.07477967441321796,-0.12562964336522858,-0.12649976266771215,0.023351677139066808,0.01725325083480831,-0.02781185808806814,-0.182586411681602,-0.12519688797746464,-0.2461483623966647,-0.13423289160176652,-0.20403798093637626,-0.2053153492493675,0.1404962468169551,-0.09923240495241807,-0.17310364941933432,-0.1705119661036166,-0.23188660556202567,-0.29730294528403906,-0.3081414700932807,-0.19864017277386742,-0.19378197285036608,-0.04564619517149495,-0.16873467797303293,-0.34598047978177254,-0.27923175060482547,0.004487045770414135,-0.18488099285119008,0.051847008540477114,-0.015988266314944596,0.001383606670479206,-0.045145108563513066,0.18421436336290656,0.11184127078528101,0.1413730457950059,0.0576890435471623,0.19415305253661364,-0.14693526689321829,0.23516324972027278,-0.0050363913871210135,0.031065538068720432,0.018888930965261518,0.21652251352763088,0.2864774037962235,-0.23945142366024874,-0.049570927479437615,0.17303109208706366,0.01954355009422014,0.020758647577820394,0.012110229873259057,-0.16327232540379663,-0.23891243024160205
-0.009860155146125281,0.1916134845200342,-0.16421834722433468,0.12455285361858857,-0.4169181608258916,-0.5834128851467656,-0.1985922852420958,0.14814630149634803,-0.20208983281899306,-0.25001939821004315,-0.002038223875879436,-0.20501554908089287,-0.25791009515384655,0.009197321448684806,-0.2544923993558511,-0.35980172177380265,-0.07850578141915114,-0.21632708932684783,-0.16336179985705312,-0.11348246955666616,-0.004318296443717857,-0.6924974372128675,-0.3446403102282251,-0.22910303291521672,-0.281259878877356,-0.41238817731213573,-0.5846035227172836,-0.3872145188211082,-0.2969838592434549,-0.1898663497214113,-0.6476668682345302,-0.4575547875758352,-0.34495777982027326,-0.3693900373175407,-0.14599697854207527,-0.019191466924354354,0.04075183313792045,0.17910097771125447,0.25560692726481105,-0.07292398967299059,0.473527233001365,-0.7546507116997436,0.2294987662935185,0.2761521695653308,0.02170455914248442,0.20079367283678262,0.13334472490168214,0.31188904566437303,0.4905196552141823,0.4906701183199683,0.6639096004104243,0.6980358990580872,0.27095759021596183,0.40275999938669155,0.07156798314712579,0.16396654518001,-0.02840116569568294,0.14634738818625612,0.6056349484932931,0.7353745275173813,0.550159080512282,0.22803746806066538,0.3121458417369634,0.13093116053689471,-0.0920675944892333,0.16089437159253442,-0.042840004014285886,0.25559817149691005,-0.09301524608345796,0.2122160834198319,-0.25874816427216213,-0.5884209008533762,-0.4739601977982612,-0.15475176171107635,-0.28239138452301776,-0.11891054126173524,-0.2317951008991668,-0.17562195744488263,-0.021908346540011385,0.2962545921574236,0.16903645357645125,0.41456542233814836,0.05132688023166773,-0.22098431229334187,-0.054877309554559474,0.1194533917601751,-0.09246720365805641,-0.13862731342841828,-0.321305122690045,-0.5610031158210389,-0.11403978708476231,0.381961468210957,0.2631968799545918,0.2788057957979637,0.03708293174773444,0.22422918257878852,0.3890571765381596,0.3814912247128778,0.2699654679506025,0.4456574775114555,0.6212192079325451,-0.3074848932743006,0.2538838618176527,-0.06934993924226589,0.8037079178747965,0.3657165870584062,0.23996518933233327,0.17362416128596714,0.10062015277084237,0.1462116826269622,0.5554408200303939,0.3872857400159445,0.5876291636867713,0.32999329173196806,0.3579203356452209,0.07248394658507107
-0.1116429740014267,0.4081688162589246,-0.24178671881279926,0.1655462137887215,-0.5897184199364963,-0.5419065551771732,-0.1507631865434162,0.4814859523415261,-0.02080836640994919,-0.13286762540642158,0.07843926421694418,-0.21517700556866198,-0.381922871681406,0.025017148278037204,-0.14181971405908858,-0.10533419399651593,0.01976696854267927,-0.19775568904162286,0.28177403754071145,0.25329235051987725,-0.2708151709939107,-1.2371279812667115,-0.34674461018645675,-0.1787893857201572,-0.6252295081817131,-0.7681385358360834,-1.0852808462699852,-0.865855717252085,0.1730003570384827,0.16878931588012036,-0.9291657945964058,-0.6265509636926953,-0.0876012380229148,-0.15898711928301698,-0.36584028232081406,-0.3933260579647424,-0.0568212162574198,0.22721789909278173,0.23510772970529684,-0.12268856784777375,0.9264231335968715,-1.154926400244265,0.581214548477217,0.6469797852331698,0.3921384025678858,0.6453991989281762,0.4114333779691802,0.7287567342646988,0.4929607399800371,0.6867697735988463,0.5107201820196768,0.7636669590293853,0.19746232171201977,0.7696833000767511,0.17083283035199429,0.4055110987750944,0.011231320361266969,0.1888920857404383,0.8002714411298991,1.0066018839959778,0.4556791200897622,0.29239021543694005,0.611644792539117,0.5719091422247398,-0.2170847150648887,0.08736014866888188,-0.05619206489764534,0.5730928656824382,-0.1494014851981957,0.431057123720294,-0.4826843238473156,-0.8957346117993056,-0.7310742862675226,-0.04336787044630519,-0.39732045535811256,-0.046833704555641315,-0.31004265359509825,-0.6031801599157671,0.07227162896608973,0.7527707367340167,0.5394243449813257,1.064140657421236,0.38467465020449637,-0.04769144046674981,-0.01684274207263316,0.40526375674418397,-0.1828483492567335,-0.02312267772421431,-0.3172250531643185,-0.7887685685090503,-0.19270479619799372,0.9657358797559802,0.4319520815904364,0.43056551090104245,-0.028167562929264936,0.34152120498709526,0.45589199310364903,0.5720416373211583,0.39684207553538253,0.7985862672538255,0.9595416885133853,-0.43535797351496236,0.13768880335818462,-0.11510169306553082,1.4864583492153727,0.5839316728133899,0.26269867125313695,-0.0476291338829079,0.4395722779045333,0.2843794505566449,0.8462865516250426,0.7304618649418878,1.049502763298726,0.5933163179691718,0.8472569954242137,0.41230588973798593
-0.24175233431836668,0.6416197164762129,-0.4558866763710824,0.13450634808588405,-0.8364655805536488,-0.4306145800912728,-0.19666303733562104,0.7924825267863268,0.047268581552733675,-0.0660713409486618,0.04249741468636559,-0.11357199663442367,-0.6093301499776145,0.0746533760916902,-0.13895217957782752,0.2298033560158361,0.1483510378503447,-0.15027766280567303,0.8004720131133289,0.7117924487335027,-0.6783701516165158,-1.696460962781902,-0.4096363454341004,-0.15789653124996855,-1.0896073636189068,-1.150965936595178,-1.6121912316659552,-1.431404886122137,0.7146227076210322,0.6067041552940904,-1.1762503251776277,-0.7515534846993641,0.14653657396828854,0.06576154660118073,-0.767636375510909,-0.923803635190486,-0.32474951025416526,0.06183276615602431,0.004301493813723692,-0.29222761888997373,1.1926000843062903,-1.4265446033394766,0.9250653988715682,1.0065240373583084,0.7897841661193991,1.135979397012571,0.7339967403633744,1.1494654164851343,0.4323629018701394,0.8564732668886075,0.20079521715838322,0.7310095499855525,0.11555876234757255,1.119310752188388,0.21944509317982056,0.619663412944505,0.09155232196110936,0.22753971909939252,0.8023770332146081,1.100993761474344,0.08806663017399287,0.2554290708101884,0.9273839791879493,1.084708231840751,-0.5189789926548436,-0.16664089383007213,-0.21227338648155047,0.728678664331911,-0.12813248899880353,0.6399504622566013,-0.6572833759761249,-1.0588381492747048,-0.849295823784165,0.052397320556397134,-0.46134275437192834,-0.03366867805024739,-0.47168645639198636,-1.0579333326562097,0.16576403826679617,1.1150622057603554,0.8873517923201985,1.5888106740693047,0.6164654213095522,0.19006958956174927,-0.11502814161479137,0.5867211098149032,-0.2940916415603486,0.15895288576065575,-0.35613778638229815,-0.9391469920278075,-0.20852254146565175,1.451666955992359,0.5290898509179661,0.38079012799795653,-0.19090895288716977,0.25008216854252674,0.37052525156492105,0.6595793254029753,0.5260690078297421,1.0651736918709243,1.1680430804151556,-0.5271492692951102,-0.08314198321365661,-0.1377742682557508,1.9590046670150525,0.6073594082081525,0.2921232273268362,-0.3297572417901372,0.6786814454928507,0.3314491645013379,1.012581654387553,0.9954030292010423,1.3246975185078864,0.747010983315984,1.2172626640785167,0.7360287321369359
-0.3737942600316441,0.8642389106218937,-0.8044185125572366,0.025934090477877467,-1.1651124819722074,-0.32502668628488746,-0.36952585588530407,1.0044800707190493,-0.06085367157528219,-0.10719458068239585,-0.1362404940279998,0.07005247318853701,-0.9300946947427049,0.15138653271460095,-0.28629968498084984,0.5671976030345719,0.285344461487378,-0.09250694425737703,1.270825015543107,1.161359186485745,-1.150938087286719,-2.003018604682389,-0.570804572472539,-0.21019057137285485,-1.6270014744177423,-1.5288630107296717,-2.098360613831674,-2.0102790599504927,1.1884975711349444,1.024220357037952,-1.3922669321640841,-0.8486653938991402,0.26426867142200655,0.21387259789819507,-1.319537992654577,-1.5371912926710918,-0.7184935283290366,-0.3008560955997405,-0.39659611576166004,-0.5554315856343246,1.2150070870503213,-1.5376048663409536,1.2170814697432475,1.3071791465239253,1.1420043452512658,1.5989289548211103,1.0670538842994666,1.5229296652880076,0.374272362095912,1.019848051564852,-0.14398458741806697,0.6708880627437616,0.08089551138500654,1.4126868260717924,0.21429084352082106,0.7835560846900013,0.20877286988775764,0.2765424691753661,0.637089703689036,1.0326818955855406,-0.46724593458213076,0.1147151961964287,1.2254518639103318,1.5809424709532918,-0.9763075686934822,-0.5798148639464437,-0.5240048419167581,0.6616725852713543,-0.028902721882465832,0.8055467629058773,-0.7519432578579867,-1.0629223350260608,-0.8101887358171823,0.10213767068849441,-0.46309657791864167,-0.10618939467005016,-0.7273513758343332,-1.4467002453855662,0.23813124556332005,1.3219510114677462,1.1681886840250648,1.8895098178171903,0.6792201594160158,0.4635727620049405,-0.34956254162772776,0.6063542395115614,-0.4019408300778373,0.3749198539430446,-0.4578111437166124,-1.0063855366485719,-0.15179370983717466,1.7410738637858851,0.5430374697685486,0.11631897407247381,-0.4305865814465063,-0.054840895032224876,0.1572651105367071,0.6468196775216787,0.6630619501117494,1.2136371880947734,1.2453232972096002,-0.5840890144868208,-0.3408586144363528,-0.13252501779355988,2.145465236762664,0.40887845109181153,0.3371409165030768,-0.6058878342707774,0.7374105909981298,0.2677944052828313,1.0509881607868568,1.1460781793852566,1.3711144672896218,0.7579536410126871,1.3962050450265762,0.9834722573878726
-0.48419603224062724,1.044444044957132,-1.2509793285242794,-0.14988612318371797,-1.5589403471110488,-0.3007325234191647,-0.6732844850264572,1.05587520162799,-0.3663584845684938,-0.2883982444811065,-0.45042959800209526,0.2805368255105102,-1.3067494822091117,0.2389456854054023,-0.5851622862545842,0.831146638602356,0.3981449272423684,-0.04706180348894542,1.5685977142304093,1.492860282431692,-1.5955443691933962,-2.1149805979867473,-0.8442369133630285,-0.36336414437623027,-2.1646721800738695,-1.8626892524104643,-2.4759576240682013,-2.516252530848768,1.4633180923689015,1.3184156175369728,-1.5792071712446547,-0.9355160942736096,0.19716177303956683,0.21047539256355569,-1.9424316402853832,-2.1251101864008484,-1.1554614522244147,-0.7911052457612979,-0.8817395046082352,-0.8588000793177678,0.9918335396046122,-1.477929206694226,1.413142012925442,1.5033431993513675,1.378421827298578,1.957217939850603,1.3631324699998957,1.7948046896755625,0.3798469758068,1.191949933802078,-0.3975347372513494,0.6549387637831062,0.1264963503327797,1.6094422485331308,0.15634568284353423,0.8763426011335975,0.3471261133995205,0.34768243269588694,0.3661945045713205,0.852772335232522,-1.0764604357566252,-0.11294778431920048,1.4659240132843183,1.9654585870067833,-1.5273554593137584,-1.0913670993312614,-0.9658890905035431,0.3625609979912662,0.1312385502583553,0.9018816495443942,-0.7558344068784136,-0.9277534581868693,-0.6264127577625932,0.08853072104369933,-0.40001670318445814,-0.26577059916710166,-1.062622186037409,-1.6878204148071716,0.2684255653438076,1.3399896754518739,1.3488164644649494,1.9119034096937195,0.5410124964186911,0.7408722851698327,-0.6898631044733309,0.4419520811317323,-0.48545728152709045,0.5875740495124139,-0.6300289624391118,-0.9954818225343086,-0.031237734681782838,1.7708996547819,0.4808077759242289,-0.327330744448266,-0.7123329367999358,-0.524558226256337,-0.12634969934845652,0.5602601233388115,0.8080167060948634,1.2333034633061748,1.2203415221589897,-0.6080114718113818,-0.5482232938606308,-0.09456602966838623,2.0253240954589398,0.004007528498875213,0.4007461090061693,-0.8064457816131966,0.5740227742010345,0.09184897182082333,0.980855235199545,1.16664340631995,1.1907652839842766,0.6195971305352376,1.3405131466414042,1.0924552292879235
-0.5590320385709489,1.1498536524667002,-1.7307162228169142,-0.3688499062526676,-1.974463914471843,-0.4084464905971525,-1.0790027982373462,0.9141069887213912,-0.8373436233709395,-0.6017569985096698,-0.8604103876552053,0.45081355376172644,-1.6800247373278463,0.31282621335600985,-0.9925641479934711,0.9673900446611471,0.4493235503800923,-0.035695856060456777,1.596419349995888,1.6141076259565144,-1.9250994675433604,-2.0230928632663794,-1.2147910645452387,-0.6210759267198732,-2.617942058846998,-2.1106063627187828,-2.687863196430301,-2.86756870923694,1.4477833153107968,1.4064437928345839,-1.733881837233824,-1.0253643904434466,-0.07833390868385343,0.01737951673303317,-2.52664215186978,-2.5713600716026006,-1.536863023390589,-1.2993438997755224,-1.3397727537436617,-1.130711987270452,0.5739864694722578,-1.2567064785494253,1.473927264119951,1.5570492732289185,1.4432284254643046,2.1431564815926403,1.5678036942427682,1.9152655990564116,0.4831173932558059,1.3729172557586184,-0.46660489951784484,0.7315828632406043,0.2506159914231674,1.6725296136545735,0.05037051501003535,0.8823667389948128,0.4815975057640495,0.44598498947512333,0.07045471854930234,0.6337104457509753,-1.5884394574754765,-0.3934512271827236,1.6115356018585347,2.1576479013424343,-2.081047015853016,-1.6129355739021152,-1.478563069546707,-0.12507521054969525,0.32155429366392607,0.9155792780237465,-0.6806347169632847,-0.703542702892944,-0.3374615822675006,0.011692215056732428,-0.2799223343155771,-0.48893243304085854,-1.4398784627203183,-1.7286264805841425,0.2380664218063662,1.1643725421689068,1.4076351631140382,1.6514765358420904,0.2127531181405928,0.9888695406199673,-1.0816963641442683,0.11278164499258055,-0.5314228418813777,0.7613929649311773,-0.86197551269208,-0.9164898317150417,0.12521002872013257,1.5254237972234177,0.36270210713853857,-0.8736312270107058,-0.9912386207674476,-1.0676981480272538,-0.40311360776442373,0.4413326351328171,0.9511180642780488,1.1314598655378207,1.1338581727025019,-0.5996460995330589,-0.623445566131391,-0.021335205728847312,1.6326393356548687,-0.5520411943728988,0.4746753414646324,-0.875589633068067,0.19581247088553766,-0.177230121392156,0.8335978376926552,1.0597650334721624,0.8248415206010791,0.35090622460961324,1.0431188939741673,1.018655787445156
-0.5975356461244901,1.1511680043678116,-2.1625680230771254,-0.5986556942375016,-2.3479990693328365,-0.658561200965725,-1.5291411794094922,0.5816381783938183,-1.3919557400644935,-0.9970775179380211,-1.301486122225765,0.51692010951124,-1.979527030448874,0.34269680411506465,-1.4281801922811865,0.9517880267922492,0.4056595441728169,-0.07416710597454075,1.3074444213568128,1.471019499531962,-2.0770561723267646,-1.7504954168602491,-1.6400632638582489,-0.9617616623278531,-2.9062920185667207,-2.2345915201136783,-2.6973757114694936,-3.0026402042129146,1.1112686715264062,1.2431271041326613,-1.8472095681889302,-1.124248193243494,-0.5327901357480253,-0.35729224883982674,-2.9564640830855824,-2.7821727298953016,-1.7718261589125022,-1.6998550303478719,-1.6603694920905818,-1.2969681738423573,0.05271643245684037,-0.8991952773566189,1.3722481668582582,1.4446921519228024,1.3059996781016043,2.110773336610722,1.630636794502501,1.8485684651298173,0.6781119863183296,1.5444141219573229,-0.316011415164847,0.9108189997139357,0.4166312320138626,1.5752722160329187,-0.0951918884916704,0.7939699174952154,0.5833943153836364,0.566814530921344,-0.1714310345504501,0.4490230616194141,-1.8699987335276902,-0.6825520140977117,1.6361541690136319,2.1081292188209173,-2.5339832271377154,-2.046799466009834,-1.9808567512153268,-0.7152151813745407,0.5039267026736635,0.8478390271513965,-0.5569125066183802,-0.45919790286518947,0.0004741067579435458,-0.11060969572983535,-0.12051579939160305,-0.7333353664984269,-1.8046355656831166,-1.5558767322655405,0.13517846297546116,0.8151690245639257,1.3343845346186105,1.1493217570377094,-0.2552603995798863,1.1743134996120184,-1.459114953940204,-0.3256083733391617,-0.5369920194849507,0.8643956063252746,-1.122657545095729,-0.7827110897753229,0.2749080040720599,1.0384625064104183,0.21254971593707914,-1.4212714049197206,-1.218075631460079,-1.5707638773389172,-0.5949590298067966,0.3340121481400296,1.0716399808961496,0.927591586029194,1.018091326467997,-0.5593860731896568,-0.5146735618892019,0.08457825659513635,1.0452489237768252,-1.1726670861976067,0.5385416066060711,-0.7837139426659254,-0.343252891431841,-0.4996047723816487,0.6423555750422327,0.8426688576221623,0.34180042576581005,-0.009096620777764648,0.536206913472212,0.7551329449097974
-0.611049481904001,1.0269644450877489,-2.464520111570328,-0.8059434233571556,-2.6091452124708443,-1.0188037428480141,-1.9480535725550607,0.09373458154643508,-1.9153209504951139,-1.393050853895835,-1.6954345648982065,0.43095235000081183,-2.1371627012564898,0.2960366043735282,-1.7916607312145956,0.7883777869796585,0.2483758987258694,-0.16761457091451346,0.7180292199337511,1.0598158676731044,-2.0238311136983236,-1.3456630946327468,-2.0584864087946273,-1.3435103893830431,-2.968306295701674,-2.207413071743531,-2.493983686908854,-2.8907214120184106,0.4893613089957464,0.8294471772425775,-1.9058650760539704,-1.230466738164104,-1.0894330009293547,-0.8618806673574362,-3.1358260274576453,-2.7106607219628964,-1.797582268375628,-1.8791596700750128,-1.7605563666239967,-1.2989369786936507,-0.4597462837934755,-0.44324990603954423,1.1012290859293585,1.1635398829975185,0.9691816927471227,1.8453936175109371,1.517898915705172,1.582256965941227,0.9195576691852376,1.6732070634383658,0.0239888529732822,1.1614506223972794,0.5644180844562254,1.3091294090811674,-0.26854009311778987,0.6134514225783201,0.6269962562354716,0.6954080241465789,-0.3018877232482577,0.3536869466892364,-1.8370473304032329,-0.9364824666313497,1.53064700246111,1.8071890386759575,-2.7896803270109127,-2.3058397813344005,-2.3859013076846844,-1.299297149747842,0.6403948362526376,0.7127029004647896,-0.42513869675786736,-0.2652556476964445,0.32833832694696063,-0.24660272731743438,0.05380660569669221,-0.9468779197507828,-2.0943739458610104,-1.1968909244718016,-0.039361513968249676,0.33175150427594213,1.1315578061399447,0.4815869733165469,-0.7856787719883355,1.2649935571456183,-1.7578099896662969,-0.7959513298527225,-0.5096709562669052,0.8673453370120725,-1.3651311176787,-0.6121839288372245,0.3699269946445869,0.38635975503742637,0.04765301989876912,-1.864734039278348,-1.3465537981529443,-1.9239402128984096,-0.6425723805097873,0.2722816331716471,1.1417222203269397,0.6475387101782271,0.8825375177456036,-0.48938256124357643,-0.21663071138669707,0.21326015365963172,0.3674716249330707,-1.7526372677296398,0.5642430495388311,-0.5338262494992744,-0.9559339888882287,-0.8190072599941159,0.43462501792595304,0.5428594306773487,-0.17779393490789147,-0.40916188296029593,-0.11237303999763959,0.3439368233780589
-0.6177260432433777,0.7690071822012844,-2.5684505682293093,-0.9624508340499904,-2.6970530856025063,-1.4238333255891547,-2.256033903257951,-0.48981312979117597,-2.285770484246642,-1.698023976337604,-1.9644330167071464,0.16996627215436125,-2.1008297767067696,0.14346061301181595,-1.9859252869919979,0.5005305727886274,-0.018249055931686534,-0.3074407406906505,-0.09331780833838207,0.4280522174618313,-1.7738675778362234,-0.8703473195131092,-2.4011199338716502,-1.7127128501475648,-2.7723852302163223,-2.0181408825539946,-2.0941746139491353,-2.535695229084933,-0.3253877869258554,0.2112462486714156,-1.8949522815552489,-1.3350142621180816,-1.6414393982968691,-1.4141570439443116,-3.008678461942413,-2.36843879177401,-1.591969710618608,-1.7627054259147754,-1.604441705060763,-1.1092689232399293,-0.8533864495716349,0.0643348791187927,0.6806831826078391,0.7360883329461734,0.47047610137595725,1.3682723339833078,1.2233208472692496,1.1335109016102949,1.1364390625443535,1.720306903093164,0.46880174794516233,1.420558598926843,0.6292887673313113,0.8899359472035103,-0.4553348320789026,0.35406977001905027,0.5970644130230753,0.8093425934905415,-0.29695721186472274,0.3702389568703177,-1.4742119886956875,-1.1225580412142315,1.304905954988517,1.2842444886613977,-2.776263572356765,-2.3305033049120314,-2.617404837069815,-1.7699455539900988,0.7005532813870795,0.5323663491061289,-0.32395436880214373,-0.1754450054091652,0.5983136172838692,-0.3571109126798447,0.2173754138782688,-1.0776081065570846,-2.2480733271267193,-0.7114563384876231,-0.26557356894936124,-0.2322396867710913,0.8173331107049134,-0.25417925514540857,-1.2912985053951973,1.232413520686763,-1.926629778027093,-1.2180976327472575,-0.46449359845095944,0.7436830280453179,-1.5356290246358406,-0.42917558909299114,0.36963526969400945,-0.32629920601285245,-0.12674260626921544,-2.114477182191228,-1.3416896230832565,-2.046159777899444,-0.5209416725875502,0.2709816371637756,1.1340023373969743,0.319523378155222,0.7114701052835454,-0.3952837139181048,0.22581914335968137,0.34733564391890004,-0.28968138842443625,-2.1843652490028527,0.5245631412675659,-0.1611240387904905,-1.5418249445254262,-1.071895235923124,0.22900935197534264,0.19466782433541113,-0.6558763911441318,-0.7940453947014726,-0.8087620661441617,-0.1259669606052312
-0.6348546946828109,0.3869907964683076,-2.4320439147013144,-1.0484533775552494,-2.5746341801888595,-1.7922416773468155,-2.3840924596262933,-1.0959199219558917,-2.4035080439281153,-1.8337438498910876,-2.0454396274148134,-0.2596890601012051,-1.8461325019166872,-0.13428480058969783,-1.9406973462955082,0.1207620674496865,-0.3628962455159204,-0.4708754648524573,-1.000412899297226,-0.33507362329520896,-1.364907473716237,-0.3856485977440093,-2.6043645121869288,-2.0137843087049494,-2.3215884696286824,-1.6746682018874048,-1.53751984746362,-1.973123190065519,-1.2039325830065142,-0.5304044676755011,-1.8006301418968316,-1.4220065836117506,-2.0761462175397396,-1.9200097263300342,-2.5697003247033656,-1.8213542677579118,-1.1770408823934475,-1.3336797183992155,-1.2117524755878104,-0.7404806738561059,-1.0437464340792284,0.572146814166333,0.15882401701974969,0.21032273509476782,-0.12115246554775884,0.734945721071194,0.7734473343770195,0.5504683678353087,1.2538001954403448,1.6525959878792553,0.9046780249211092,1.6117544834596713,0.5626272964559954,0.3604011573984634,-0.6400112956160786,0.04006596910269107,0.49330220743655134,0.8835431747446538,-0.1695760981255919,0.48418230889879327,-0.8384964325493779,-1.2261367404484589,0.9860457189003463,0.6000006328852882,-2.4598041143777145,-2.0991228824056143,-2.6228902692116227,-2.0427071370667913,0.6677205591312813,0.3313045358698432,-0.27910529004870993,-0.2116153089395442,0.78434595308951,-0.40384018865011695,0.349394645490495,-1.0828191268388532,-2.215386194788297,-0.17693282758723416,-0.5007281143164534,-0.8127410177593033,0.4281063021762336,-0.9533107766336054,-1.6924941279894516,1.0565345765973744,-1.9351906081683676,-1.526107895466014,-0.41924792683778667,0.47314971475990464,-1.5854392900412873,-0.2620154818787103,0.253554694442867,-0.9853181541717727,-0.3153104830261753,-2.1127045730623064,-1.1879190132527726,-1.9031883165893366,-0.2466371302066476,0.3227009413261272,1.0308915374636975,-0.027308119448133755,0.4741150847840239,-0.2863072326584713,0.7285987582380125,0.46440398369865565,-0.8272686012166448,-2.376220401100333,0.4033115382576575,0.27370186402163305,-2.0086306929199247,-1.200396087821453,0.03586528408505808,-0.16328750931938418,-1.0281391595507665,-1.1117633333522507,-1.4475335408582577,-0.5360933365886178
-0.6715936592573063,-0.08885088508006397,-2.046469333658085,-1.0532113925332305,-2.2369726862077948,-2.045370517899441,-2.2870673492061546,-1.6495931214500812,-2.214575883683188,-1.7550356196655128,-1.9028155761759145,-0.8222789711320153,-1.3841815244060118,-0.5387419048455835,-1.630821221223781,-0.3163434102303785,-0.7300559590343759,-0.6241864897430174,-1.854227677048356,-1.1165205466011916,-0.852844849348315,0.06010969876474875,-2.621377608401078,-2.1979277578511813,-1.652605451013862,-1.2027481695280573,-0.8794772819987331,-1.262419076788866,-2.007129901067952,-1.2944254855881543,-1.6123837619203514,-1.46922256106495,-2.300294094583398,-2.2929177137289405,-1.8639049280006754,-1.1710417342838924,-0.6143986730752946,-0.6394532140392145,-0.6534022876590975,-0.24380866429036674,-0.9909873230195707,1.0294971190005922,-0.39267104697811706,-0.3453607845221884,-0.7160847098810071,0.027129379292720766,0.2253926277004394,-0.09274876295119687,1.2158571772097233,1.453404547224099,1.2201504507926608,1.6667043856765718,0.34815611967795246,-0.21272826924774108,-0.8074099984361253,-0.2946055459925445,0.3317003450116173,0.896535965391082,0.03648263030706604,0.6496558873187314,-0.04643771585538335,-1.2516039748742183,0.6136604376528989,-0.1657100766924133,-1.8516731227345864,-1.6300158023090325,-2.3819919342822877,-2.0711493995516546,0.5430171574338065,0.13127237925502064,-0.2962327083012062,-0.35639768047372994,0.8860023832900081,-0.3579281917279065,0.438769982158014,-0.9364510426620881,-1.9650277364224698,0.32919079212394436,-0.6818731634506193,-1.3391749313493357,0.01778726325270348,-1.5176686317722097,-1.9311558239191928,0.7318677260846804,-1.7771164443126592,-1.679104419008062,-0.3893899165867888,0.04965920756417113,-1.4828771950162265,-0.13597134275412845,0.030855526833007373,-1.4865999326107207,-0.5233342566696975,-1.842318758900257,-0.8947929918602182,-1.5140170738898382,0.1254897283178012,0.4015385948700694,0.8325206381965506,-0.362651297625725,0.14354470500919977,-0.17331991709707634,1.1908517851362808,0.5416166043682106,-1.1736087903896162,-2.270442864997457,0.20356061966611233,0.6959943505931641,-2.289457735626206,-1.1660237539653637,-0.13936899240138995,-0.4904785435567579,-1.2507496171933146,-1.319320014612314,-1.9288596883835603,-0.7677334353155205
-0.7247420891359682,-0.6088169146090084,-1.4394523324363453,-0.9735493193484362,-1.7124586188959818,-2.1234152963808173,-1.9532180277458395,-2.0836987067804325,-1.724571066866971,-1.4603542120460233,-1.536778561448079,-1.4563349316162162,-0.7638353675750227,-1.0476838175865706,-1.0853443614580855,-0.7766100969066133,-1.0501854983681917,-0.7296975059118558,-2.5128938163507,-1.801255566270516,-0.3000747103265987,0.43843161114708923,-2.430752857745008,-2.230027495753087,-0.8301255922835901,-0.6422347939799622,-0.18310276951150942,-0.47692149917988347,-2.6124040129475787,-1.9773263779143437,-1.3253355897713612,-1.4498502038458179,-2.2607629380767174,-2.470189902183046,-0.97668463439026,-0.5281594194987783,0.006085548308059088,0.21597748254095087,-0.035473826244183854,0.3011752153066737,-0.7099967692032674,1.3924040071064026,-0.8904821196402388,-0.8525869807565589,-1.2200325324778674,-0.6607006701686754,-0.34316626627209745,-0.7072827726462064,1.0033441305266824,1.1290201884599673,1.3347940507299063,1.543949053677978,0.009154434966520776,-0.747366934621594,-0.9445769773902642,-0.6095271160341829,0.1414416154042491,0.8361106982457372,0.2597208448284252,0.8034831005813097,0.7518800774612054,-1.217318128569672,0.2333480851778391,-0.9272565545771597,-1.0092926038169576,-0.9760932697395156,-1.9092583030427792,-1.8528630417373977,0.3465470090387541,-0.05135828220246702,-0.359607877623851,-0.5563685583714195,0.9244523891071921,-0.20731939830195503,0.48584881287174153,-0.6343971625581774,-1.4920972889998707,0.7443651641503695,-0.7367031964888914,-1.7406458958106428,-0.3484605707709956,-1.8683016544998636,-1.979123086244204,0.27286640764552317,-1.4697712515499939,-1.6644324738234317,-0.3844595762972188,-0.5091714041991016,-1.2228447341628035,-0.06361816974156947,-0.25707886511401373,-1.7538538612137478,-0.7447305727331633,-1.3284868346052712,-0.498086020536643,-0.9440857511623644,0.5156839456069481,0.4722841124744185,0.5604853677097952,-0.654913988158301,-0.283264643913316,-0.06570882057670624,1.5221538640496541,0.5611497001757566,-1.294262480555429,-1.8573146045671391,-0.04914539673120857,1.0313258074491332,-2.352549933081479,-0.960182622270826,-0.29194849983403154,-0.7476922983985019,-1.302892223392242,-1.3870500962975079,-2.1758531581654417,-0.7355133384282683
-0.7790502876990091,-1.109360083067406,-0.6737159100179033,-0.8123501365016186,-1.0574680305539295,-1.9963229356372187,-1.4088587586056152,-2.346413253308697,-0.999321741569932,-0.9914181307814671,-0.9855336391412873,-2.0817276241129363,-0.0671842774147328,-1.6130182742664632,-0.38535092578078195,-1.2256948899344127,-1.2553952143082598,-0.7555001745900118,-2.8705307237954525,-2.2935472364261957,0.233533758636329,0.740777168332063,-2.0415947527030096,-2.0936375163221808,0.06158579463650689,-0.04198798340199357,0.4881562086332057,0.30552273926280116,-2.935621331837667,-2.490082526770147,-0.9431238862754527,-1.3366699721086988,-1.9565914324800444,-2.4234493208631993,-0.01783186160874211,0.014606683841636978,0.5820634383010482,1.0919058725522173,0.5242918947995243,0.8029265472223764,-0.2679472953954541,1.6290206337084934,-1.256432290019474,-1.2373058464157933,-1.5525824947783875,-1.2377037020249821,-0.8497630667396042,-1.2055232707393293,0.6400077790878632,0.709361021361878,1.2177644404792274,1.2401556847887663,-0.395494694486438,-1.1598005411371926,-1.0426294496490056,-0.8636449349339058,-0.042088464971081714,0.7026357030041536,0.4371906751031081,0.8834705790850179,1.4056307122375065,-1.1467101302261646,-0.11035562279387999,-1.605194905137964,-0.03031138013103981,-0.2144595199150745,-1.2518643372045657,-1.4263347866074918,0.11491474724519321,-0.20565572449590427,-0.4372289117827728,-0.7358231216022639,0.9318104098603776,0.03837526719259497,0.500336750596221,-0.19739225933155277,-0.8235670665984711,1.0296589910732794,-0.6020480709529116,-1.9559319622611302,-0.6064345777899486,-1.9568687328799697,-1.8407415420972504,-0.283988647716683,-1.0518149674268724,-1.4946929031457863,-0.40717306609029147,-1.1556042144122363,-0.8319531765180298,-0.03794303949321178,-0.5433411667368356,-1.7516692326045147,-0.9541218038376048,-0.6336846006138563,-0.05513017800338409,-0.2877655967155285,0.8392406269929036,0.5017221106374443,0.255521669987904,-0.8729865409878634,-0.772607818231956,0.0314546553862535,1.6660078992889504,0.5149142853173236,-1.195788540681842,-1.1818147170378976,-0.3102798278368788,1.21972188555465,-2.2022246854216783,-0.6079888777985119,-0.41457641552654095,-0.9017151732300709,-1.1864525718125856,-1.301970277496069,-2.149245459682743,-0.41559493498511413
-0.8119009621471761,-1.5228947867070615,0.1593279815283387,-0.5783648584489247,-0.3468229629393667,-1.6687628273965422,-0.7169200382033918,-2.4063495722803094,-0.15276072807246738,-0.42328751543131815,-0.31992891296369963,-2.6099012663602976,0.6020530036479815,-2.1644618657322168,0.349373865826225,-1.6284890528998202,-1.2968672259621208,-0.6854617419824534,-2.8785574416655955,-2.5334308779409502,0.6956599813508294,0.9721309038555668,-1.4943080908396136,-1.7942154641604455,0.9283576184628847,0.5451130617139944,1.0752716785172756,1.0099764195440442,-2.944377265838088,-2.7716582916001573,-0.4812709992528975,-1.1089730723021827,-1.439925307004916,-2.1622622197122685,0.8963910457317178,0.40208824664601817,1.016730608559987,1.8388107145072345,0.9218587102807407,1.1757320825104556,0.23163338502853292,1.7230426169661917,-1.4354016950959558,-1.4451220033643069,-1.6642973965042764,-1.632874814981257,-1.2249679663848574,-1.5188180033116314,0.1866174298622153,0.24265154620968163,0.8919696472706512,0.791234737027382,-0.7854646024021957,-1.3811036432047166,-1.0984320575525823,-1.0233796495683338,-0.18655558946043044,0.5089952532380251,0.5196277294002827,0.8458286688516568,1.795172950147122,-1.0590702666668348,-0.38068514236658463,-2.1353612076645607,0.9593659936302791,0.5659071024746908,-0.4830468264531939,-0.8606025614165942,-0.10532800976691757,-0.3245136093033378,-0.4908785203245447,-0.8181213934193263,0.9372790989933701,0.3466419385993635,0.49605502732141366,0.32904724908431704,-0.020370557396021487,1.1704144611917382,-0.2457677049853206,-1.9465532447524625,-0.7087792764005292,-1.7747966562724193,-1.5501017338107896,-0.8832891966946811,-0.579402947165279,-1.201775619922949,-0.45509846881592364,-1.8131179620711266,-0.3677310731790239,-0.03331215148996738,-0.7512863545884936,-1.491882830368265,-1.108607635166025,0.15221001095902628,0.3651663688776011,0.3544605686159374,1.0274286580784253,0.46820273161978854,-0.03104110569931813,-0.9906800047054884,-1.2544971559522633,0.11850650961502515,1.6122411271780888,0.4070043028149627,-0.9227623449041028,-0.339617023920067,-0.5260741219826718,1.2271859169389523,-1.8721895655746494,-0.16380570502073413,-0.49660122579043653,-0.9312165696980074,-0.9242473230991436,-1.0702707903380404,-1.8564772687609925,0.14025064420833364
-0.8006924692947653,-1.7900622771054153,0.9508258200509153,-0.28752331120347374,0.3375630959358043,-1.1793122486015475,0.031151891122831947,-2.2554827698565236,0.6751780930472411,0.15177224177510817,0.36880481710053553,-2.9566742201717386,1.13613310421592,-2.619371928758341,0.9827730270497742,-1.9508948240975246,-1.1592129632160888,-0.526436531356482,-2.5545630698444413,-2.5052690636084023,1.0431524139048796,1.1406857197311364,-0.856417574480319,-1.3602629661177381,1.6762245626263022,1.0663728911142545,1.526167564236939,1.5698787085791897,-2.6606626370841227,-2.797240399238878,0.030055706956463726,-0.760896994271435,-0.8056290607069657,-1.7308892140001368,1.6598554981720712,0.6239308018088587,1.2366658967031405,2.3282786015099584,1.0884426404505958,1.354945035271447,0.675460015847051,1.67419965744312,-1.4095394549617317,-1.453991334468907,-1.5481146079406565,-1.8076831380635858,-1.4277758681686794,-1.6128892124195187,-0.27536625625246475,-0.21451094116992064,0.4240644016385936,0.2635425045377876,-1.0795514380950941,-1.372798104415737,-1.1154913915293403,-1.0713176826047268,-0.27174575034419307,0.27720776884264886,0.4818741982114029,0.6770316015738173,1.8558832356981196,-0.9634393445299823,-0.5541976986808196,-2.4744559121475502,1.8228617893555774,1.275908507967703,0.30788037153197395,-0.24067066413934834,-0.26781873828735336,-0.402937179927682,-0.48824372988587333,-0.7489011069673792,0.9547055089319465,0.66514479516282,0.4844052718752651,0.8783493016104222,0.8259634229695271,1.1702662647335895,0.3147786012472973,-1.7095419562035739,-0.6399558663505248,-1.358081313821749,-1.1637404724336298,-1.4590142070576606,-0.1207946846066014,-0.8306486483225171,-0.5235087407882021,-2.3875246930090603,0.08892602442288934,-0.016029895814477505,-0.8160799344668616,-1.0318674932675118,-1.1606195284624823,0.9251410321022618,0.6954789551384126,0.8977245244948023,1.043439903315341,0.36654829652627324,-0.2502017822598406,-0.9930130813245122,-1.637608836041332,0.19991034536548138,1.3947553185183488,0.25306282094464977,-0.5482565719710991,0.5386758967736904,-0.6470441342981536,1.0522319918449274,-1.4142432967545995,0.3005701197920376,-0.5262375226899886,-0.8325838666912013,-0.5575506231960622,-0.7184991668821239,-1.3526103409032637,0.8100453438914602
-0.7305055555522266,-1.8717950936716914,1.5904036655671485,0.0354748923496359,0.918141116367478,-0.5941660462432726,0.7297601078731887,-1.9097880259362714,1.3460327160471077,0.6427626397790432,0.9857164645252754,-3.0562821753432825,1.444064524549792,-2.897359203941049,1.3901379886521117,-2.164273736379503,-0.8674507648146682,-0.3099385622630415,-1.9765919244334438,-2.2371985965728225,1.242238775672915,1.247856642039587,-0.21295114394147452,-0.8413197167853186,2.2218766876694045,1.473111077515729,1.7974718664995801,1.9317919173421672,-2.153020337411512,-2.5801568087718305,0.5457502629230567,-0.3084272932136212,-0.17149213224558568,-1.198989368156172,2.190016533843202,0.7091109377648284,1.2068103299668584,2.478739814980191,1.0038949656773615,1.307311973527918,0.9711742092032271,1.4960072037184728,-1.204355015585777,-1.2807381472606978,-1.2417370834254808,-1.7623802695965862,-1.454502331455608,-1.4968304412891567,-0.6653978184152131,-0.6092015646460233,-0.09562864437892697,-0.26212075497121473,-1.2170301261593302,-1.137856132597963,-1.103267007519395,-1.012656681321501,-0.295858315815105,0.03278284077850834,0.326541133339369,0.39708025453175116,1.5888321844088513,-0.8575198803042653,-0.6244713858095013,-2.6022601961347784,2.433426671867648,1.836411017180382,1.0280265792191112,0.3481433244748511,-0.3383397026042916,-0.43762939057623973,-0.41349579517845675,-0.5143235635019324,0.9758126537965026,0.9291795111071536,0.46891722986847023,1.370776251937263,1.6036831753948364,1.042293117073821,1.0049192177036355,-1.2849227299123902,-0.4249305559712761,-0.7851710620816186,-0.7496127376330383,-1.9460014653573847,0.25166216304573186,-0.433930356802592,-0.607345113626524,-2.7858967773631274,0.44793243163719254,0.038895707547329544,-0.7059214962314407,-0.4643983964627643,-1.0776302454373572,1.5819489843668426,0.8831636668991714,1.2881673602340773,0.8890370211772396,0.20727395188757214,-0.36910379447199193,-0.8821714761270519,-1.834503519768586,0.28114013317133457,1.0762553523072462,0.07669318135324019,-0.15907564958951564,1.3129885691247725,-0.6415789750395521,0.7260810788568248,-0.886087190792258,0.7118397008294001,-0.49525926345837307,-0.6238164710055183,-0.14272143530997858,-0.29249303367498497,-0.731551752182681,1.426791504437327
-0.5998066964903221,-1.7584239099494414,1.9853087722300968,0.3573152346351184,1.3323788017180374,0.004130003687019977,1.277917561285975,-1.4073120252647389,1.7501688315317594,0.9773119335533864,1.4492647310849727,-2.8744705916330546,1.4712343144527082,-2.936723202137782,1.485563697939514,-2.25070945649192,-0.48413274796724265,-0.08696950788486534,-1.2643126686109292,-1.792383273426596,1.2695692731303867,1.2828994707356067,0.34824212449539677,-0.30153540776767435,2.5034870063432546,1.7252531686453325,1.8575694365814592,2.0608562175498597,-1.5204699540476607,-2.167529248728115,1.0096820987952642,0.20808240139235226,0.34695573331842244,-0.6479529257540423,2.4376466998295236,0.7111485418942204,0.9395896643098882,2.27173961758109,0.6996508459921185,1.0357625518655837,1.0732284510411227,1.2118792120457866,-0.8841581538030348,-0.9790243651795686,-0.8197894739819419,-1.5345447833684354,-1.338707686683708,-1.2226504244736798,-0.9244019054942864,-0.9033792098144124,-0.576799211508655,-0.7094132666791192,-1.1739185729466497,-0.7237793152304935,-1.0743821851646829,-0.8765440181452268,-0.27707015312927247,-0.20157204178515198,0.08067466946772343,0.05347971532461352,1.056531903160873,-0.7313322337652648,-0.6033561029780519,-2.521152618970205,2.6968669919482084,2.186846484160961,1.5946944639139842,0.8341527458748549,-0.305677556282317,-0.42844426178869705,-0.2731360661467593,-0.1485838633704406,0.9715115892077305,1.0726985480584543,0.44284440871689057,1.7251088161624935,2.198039558246933,0.8017609541951093,1.7003912688265588,-0.7534192174878659,-0.12756327860802563,-0.166176564243059,-0.3735238719070187,-2.291267328188056,0.4730036964135849,-0.06647303957270234,-0.7006631054373174,-2.9378204051766823,0.6291732788171028,0.1322473938550479,-0.4358459295378752,0.0997390804746133,-0.8603210109535473,2.0357736291974713,0.8999609973200109,1.5092206364849714,0.6005656253025587,0.011122280863447213,-0.3816371512904284,-0.6805452771447137,-1.7889360949474167,0.36510620470105576,0.7260217866586589,-0.09609846229636879,0.16168572871175557,1.8635321636760742,-0.5056783841628357,0.3064529694614705,-0.3414998047207491,1.0108017404970033,-0.4045979920472165,-0.34464177679451613,0.2539371205595412,0.14691957591620172,-0.1080497652992645,1.8183679331024012
-0.42272564130098356,-1.473732678790102,2.0796648938935953,0.6396346312768554,1.5420004594811652,0.5316617025848676,1.5989509394131642,-0.8035425482146672,1.8285581375703384,1.1151561688344627,1.704814342905937,-2.4178128132568606,1.2130213483246137,-2.708838815749337,1.2432172390788123,-2.206349684564983,-0.09677692836962218,0.08322255926182925,-0.551944957861614,-1.2547672384899748,1.1154008239582558,1.2248000183602845,0.7543232307764649,0.1915935494053336,2.4913074781920552,1.7975510320502308,1.6923111208952604,1.9474034195122207,-0.8720822438809122,-1.6307512730566303,1.3633723645177787,0.7280147773574627,0.6615038984340507,-0.15536763335849393,2.3928110519382377,0.6897834562305107,0.4953025562169896,1.75543617848712,0.25118476116330873,0.5790247919584011,0.9955384881791377,0.8510260664370675,-0.5372139750697137,-0.6284446281907861,-0.3771653674737106,-1.1901784805934867,-1.1419670037753187,-0.874520873538622,-1.0285660491925213,-1.081560679182207,-0.9496700542055002,-1.0235040652141787,-0.9696329394150356,-0.216146300851441,-1.0400434100975129,-0.7107467579386529,-0.24964992483225976,-0.41124516156106855,-0.2130846220627371,-0.2922567123668268,0.36563123994978997,-0.5734760230144387,-0.5193568367302537,-2.253836020216972,2.571614321878634,2.292898722484954,1.9485631283775056,1.169444000002802,-0.18801981692748107,-0.38118808820759986,-0.09537641660313645,0.2720172450111098,0.9009467863602773,1.041181083045088,0.39060523713224504,1.8724460985376374,2.512813572033429,0.463670625334377,2.2509401201312813,-0.22262787252703847,0.16219965076266285,0.3762346528581595,-0.08505413175569299,-2.462073643176946,0.49994717881033707,0.22146450185703023,-0.7933797957469577,-2.8121192301548117,0.5831384709030354,0.2344132202230711,-0.06856728318490636,0.5534089045641004,-0.5503858902982844,2.2298394546801426,0.746045046322338,1.5787012416116386,0.23630050577226974,-0.19866991417508523,-0.3123837737155221,-0.42900666845628926,-1.496132442697193,0.44959117823706285,0.3987414250469695,-0.2429469772481968,0.3511865570609023,2.1173716131078177,-0.26582055181630954,-0.13379148884920733,0.17526818440818095,1.1634373996979757,-0.26873989284505867,-0.05181885614141394,0.5639197996724885,0.5318550527443251,0.406511504783107,1.8525876364015408
-0.22735142166909336,-1.072870207144291,1.869333146285491,0.8461700201200608,1.5398612743399147,0.9193311177634859,1.6566788891134607,-0.16442005804144028,1.5844672085155722,1.0555267561720891,1.7316745867281784,-1.7364339374684399,0.7184275724335509,-2.226725705044959,0.7069787249190765,-2.040983902966163,0.2016422919402683,0.1477250591842215,0.04015218656586548,-0.7128797355086142,0.7885594023826097,1.051277808155601,0.964708650896515,0.581789160844104,2.196223472725194,1.6869401226517267,1.312812760534703,1.6134308827841903,-0.306624611092202,-1.0526415200463386,1.5581349578788615,1.1812712897330975,0.7303626229436105,0.21936107949100506,2.0867957919051774,0.6948905629186773,-0.027931930910110918,1.03470004294847,-0.23811133840730672,0.006636007429576496,0.8060750815033054,0.4452322247340267,-0.2540010133822476,-0.3167848829762484,-0.007407823069558319,-0.8093595488607037,-0.9376792040764502,-0.5496403228791557,-0.9928227940018406,-1.153070835908889,-1.1772327915361487,-1.182182708802732,-0.6621055257439054,0.2767033470444392,-1.004947254905935,-0.570263180234475,-0.25532744820257375,-0.592670419677198,-0.5080277334572313,-0.5816752061880284,-0.35842403968088143,-0.3771238701307593,-0.4130139220115603,-1.840067473881226,2.081854400770217,2.1530444863435925,2.063894160440248,1.3349448813319582,-0.03213310716117571,-0.3103394542307742,0.07667046690596907,0.6471140446813884,0.7253196482908582,0.8039187766198488,0.29247391473232476,1.7693758798281596,2.491518260981818,0.045790277470070216,2.5149107511698676,0.19614933581097976,0.3494884868154813,0.7311489063860137,0.09409832258931877,-2.4491116754410873,0.32515611912639614,0.392915825453708,-0.8669499371008877,-2.4236204251432705,0.30793577858635907,0.2929900848249028,0.29925877552279,0.8144872486313053,-0.22300060105207364,2.147193484126851,0.4480716519144968,1.5388343022491346,-0.1403934002987222,-0.40348339254630705,-0.21222094746775003,-0.18016672340408474,-1.0092382290134743,0.5265445409633625,0.12125542586434007,-0.3501235483960899,0.37871603903707146,2.0643915602429757,0.026225903529520953,-0.5208369188806986,0.6308352669552101,1.164900073848095,-0.11692918821297292,0.19014269682907312,0.7268541790280716,0.798294419240063,0.7290915506570024,1.4754663092393174
-0.05023533078219602,-0.6339936323764062,1.407614071182851,0.9517385567049123,1.3529277082684408,1.1266557872553982,1.4638036308974895,0.4421313792142647,1.082418603437785,0.836830269647399,1.5430267386817078,-0.9182477631679415,0.08204790018526395,-1.5452282716705268,-0.01492833126988096,-1.7740888466390599,0.33454735037900035,0.07407418946806549,0.4284015274977302,-0.24497739272598942,0.32117111100792023,0.7517248141838048,0.9828176138300854,0.838135943514763,1.6734122938951592,1.4187178759401076,0.762497488729774,1.1160078225428045,0.1038902513694309,-0.5134633533997757,1.5676663152706098,1.5034475124279658,0.5667161353910528,0.44535897215386183,1.5891841934682938,0.7565381060007531,-0.5139562132229943,0.2500027273552807,-0.6581402909776294,-0.590217986251858,0.604295499343895,0.02684873114546959,-0.10413198738625994,-0.11946499336150061,0.2186254610820449,-0.4696341422105999,-0.7919125878261734,-0.3351139127990327,-0.8634927071686349,-1.1482004347052879,-1.2569712999279545,-1.1984842609661333,-0.3325242863901265,0.6449514541926268,-0.963491951639737,-0.5026526639103736,-0.33181818944458186,-0.7530560955883111,-0.7641373596255017,-0.7750052724904002,-0.9979528607647006,-0.143450459408737,-0.3295949779931412,-1.3327409507416288,1.3192475046495138,1.8023114113857825,1.953374501018208,1.340071219977427,0.09577739017329753,-0.23985321103546417,0.1959303968136458,0.8775318486101499,0.42208072165370086,0.3631310917282213,0.1309486494445235,1.4076388185761215,2.1328440914047713,-0.42484000255305626,2.3958597246227287,0.4146560847938918,0.35828376880496726,0.8235143201742933,0.17609744151243745,-2.2650728984570248,-0.013241486921531848,0.43325159903339255,-0.8918475418309316,-1.8281087112499408,-0.1428274962533355,0.2524422943420487,0.5620813398499807,0.8418417430756954,0.03456027540251196,1.814000669781868,0.052817307651319624,1.4425707528041196,-0.4766488175631384,-0.5933867067420483,-0.14617119541003726,0.011973391226492498,-0.42967744000767144,0.5832495994777829,-0.10942651920609259,-0.4152385818793446,0.25007092920264623,1.7577609840256008,0.3054745129262123,-0.7940049231152739,1.001294772927901,1.0361477040123381,0.010095696926747355,0.32134520105018716,0.7020906242196744,0.8982045364574625,0.824124857544081,0.7314017276719774
0.07209166358331473,-0.2444050732732787,0.7985262092497419,0.9499886363421962,1.0396919419061863,1.1495047942424732,1.0799204725569098,0.9549985717400902,0.43441690048379616,0.528103150921777,1.1801501016809643,-0.07467306123871086,-0.5742439575729514,-0.752235350668679,-0.7703713696015284,-1.429529172664496,0.2607174539608908,-0.13975712318610736,0.5787090825758445,0.0922780751606078,-0.22968623935485571,0.33891302463493034,0.8578338230086203,0.9639739810720126,1.018216056035338,1.0481099510043876,0.11915965270489286,0.5442045719276312,0.3242448918009491,-0.07799844342356498,1.397298455671217,1.6514622782632495,0.2347501811634055,0.5246085843134493,0.9991715989802904,0.8824028436034556,-0.8542927358581182,-0.4504562145689287,-0.9139423456102375,-1.1115582077287787,0.48811535551749236,-0.37250435316594477,-0.11811465692315914,-0.08117696399577118,0.26858684964114515,-0.23071936839674545,-0.746061881459415,-0.28662434317384816,-0.702596444409751,-1.109023023560437,-1.213076989120047,-1.1143955634626987,-0.06362687848324412,0.8001063238546724,-0.8988727276580978,-0.5341694549176442,-0.501093521272409,-0.9065988850277886,-0.9549849154445945,-0.8606387245520801,-1.464134860280028,0.11837766713851265,-0.3100326538752941,-0.7931326025237643,0.43050069124520923,1.3107231011268679,1.6660206918993852,1.217580161989359,0.12633413129226492,-0.20049159968309874,0.22343792827246237,0.8909259184461088,-0.004747716671551493,-0.24215851890266452,-0.10297469401162006,0.818350981173562,1.4958182494699845,-0.9057413637478866,1.8708140355162004,0.39054046378563684,0.15109132137427317,0.6318424847399402,0.20470760662726875,-1.94026603848114,-0.4318242314065238,0.3563547536518547,-0.8296635943668267,-1.1077196506546627,-0.6653948561047398,0.07832608901522578,0.6345921695991201,0.6419316730483727,0.1506609078622626,1.2949976427920213,-0.3809711148994905,1.339792716458719,-0.739794574716097,-0.7668951526308603,-0.17620846558849612,0.1034704689726533,0.11588485951814687,0.6048629852573822,-0.3177136534148426,-0.4468882644639858,0.003562625199102736,1.2983206438214177,0.5093880209941105,-0.9167656185294232,1.270293044222373,0.8151618520281882,0.06795938647085654,0.2995302210807211,0.4790113509784279,0.8103223736633058,0.7110457068747783,-0.24189055521550396
0.11313622725560044,0.017072724122765344,0.17753624748509236,0.8569130641671024,0.6811114130938577,1.019388743718151,0.5992516965949533,1.327894930587699,-0.22366184466869157,0.21349646355226465,0.7034765397536505,0.6798393406448989,-1.1256842830027762,0.047400506588396125,-1.3949894046536135,-1.0317066337881862,-0.014193650939358501,-0.46193329134451927,0.5074737633778487,0.2707102073049914,-0.7858205812453498,-0.14570177328529946,0.6743812068683835,0.9966515252910326,0.35278729705082407,0.6543510948062786,-0.5116193543461229,0.00741149735224944,0.3586702887170332,0.2143554975995512,1.0867267711435724,1.6153341742695024,-0.16559885465301424,0.4896324994296865,0.43098354988604126,1.0613597264436807,-0.9734490819880616,-0.9396938731057275,-0.9436170657255338,-1.464154959055209,0.5208799445468236,-0.7235162910269477,-0.2789851144840178,-0.20440372692942077,0.15514579589838165,-0.1236585647894485,-0.805683350531521,-0.41441115757256736,-0.5685835813993736,-1.0769834586156521,-1.082785100162251,-0.9874152969056234,0.08275703684847234,0.694425970539466,-0.7857219218626204,-0.6607515984484367,-0.7601041714242418,-1.0676421549296082,-1.069041036855066,-0.8555807327856657,-1.7080476548768964,0.3940103682424791,-0.3816939706767884,-0.28482835321517536,-0.4086361684483317,0.7744419862174837,1.2780752140148293,1.0151355814655252,0.006913334490706085,-0.22309740846362236,0.13863303860285878,0.66116802317161,-0.5208313531376646,-0.9385358958008577,-0.4049575081933195,0.07028627498588175,0.692514853370939,-1.3372325973579626,1.001717697778016,0.13964214452325438,-0.26088488364530793,0.194532776604149,0.24406590982248882,-1.5172656364390804,-0.8146256898472598,0.20455301466768985,-0.6410656456179437,-0.35193671403814064,-1.12530337227862,-0.2238517493382761,0.47631876471057283,0.26462591309493094,0.09317224700346824,0.6815726365735019,-0.7902066191917454,1.2663859700344458,-0.9187257039785883,-0.9265853729147961,-0.3431564231120288,0.07030178008419123,0.5055955072363933,0.5778247141285485,-0.5346998857722107,-0.4610569921554459,-0.3008509620508902,0.80717969676499,0.5928315624161523,-0.8821830712555094,1.4283036699197391,0.5460712116232712,0.01987578369203706,0.11100695004274871,0.08307408663929289,0.5470125772886576,0.4575045487475887,-1.243914943908748
0.06587330375264328,0.09857456399944083,-0.31657013295372294,0.7085290502808352,0.3657872191446179,0.7942958155951095,0.13101477799102187,1.5356873760364,-0.7602074300288786,-0.026936990837643185,0.1829429309423551,1.250058727348501,-1.469229807745896,0.7517518878810455,-1.748006963170412,-0.6048248784291114,-0.43632908936583203,-0.8305958557115497,0.27260397649643453,0.2931379823004303,-1.2580445605853345,-0.6361280771533054,0.5317246358243494,0.9971189744588418,-0.19529422920152092,0.32671419999529594,-1.0127780490110794,-0.3842949076378942,0.24650458036155973,0.35489662607057115,0.7047875822053287,1.4227576153094854,-0.5211216821032376,0.39535423221214067,-0.005181996687682148,1.2706711761760152,-0.8466637748106194,-1.1362043813426852,-0.7287395260197446,-1.577790016946403,0.7091834696619765,-1.001802111226153,-0.526254526968745,-0.447906971266003,-0.06826500595053196,-0.1464698944005077,-0.9384044515382703,-0.6802182384285749,-0.4990726730904041,-1.0803483738181685,-0.9017713628898205,-0.8735187796375484,0.08292373975697584,0.3327343548244366,-0.5957975599340941,-0.8465846790637387,-1.076283197016632,-1.242152939136409,-1.1056887284732646,-0.7968298923346475,-1.7204718016124017,0.6678975395202947,-0.5509711736320326,0.13392960736669227,-1.0283824252201303,0.29964820576972057,0.8785577159206688,0.7856383500927047,-0.2797869091831089,-0.32869617544329965,-0.05416935760710125,0.21688361408690934,-1.0649830562413414,-1.6268080119205064,-0.7546293844522097,-0.7371824151415552,-0.13078880126578263,-1.6477298460770466,-0.07372592121454495,-0.2659873892136921,-0.8194525128816555,-0.3971935662505087,0.36041180284016194,-1.045875805504972,-1.0374533562775088,0.04065908963899361,-0.2983467333998801,0.3599227738683458,-1.3875278285409554,-0.60308373458028,0.10458635064461201,-0.20996837124132348,-0.11906527902417069,0.07499732213141928,-1.1135538228753477,1.2380472882175153,-1.0174001931776622,-1.0720823525612053,-0.6522428161698498,-0.0854358258367235,0.6516432537247772,0.4938591418324235,-0.7824228984857353,-0.47475557235774246,-0.5959365472948405,0.39456516619553667,0.5384932872312337,-0.7114137516347607,1.4735478994883564,0.2696508119087639,-0.1512625135158082,-0.22303940511145826,-0.4248064568760466,0.1552935472025369,0.15994491135450073,-2.0599777703024453
-0.05099466080201136,-0.009460381278614842,-0.5719479208012755,0.553178724459596,0.1719906298944715,0.5436114433003244,-0.22276506055158374,1.5782287481352872,-1.0741081603456888,-0.13550287647730447,-0.3107715329579238,1.5786356057547435,-1.5426244581527635,1.2810481941707832,-1.7435110747088411,-0.1748101897349697,-0.912826950212571,-1.1640517725518607,-0.04173315825008923,0.19191043433834695,-1.5612109775782173,-1.0550281050349308,0.5177191050192779,1.0319368711771557,-0.5183897921304352,0.1450244152571191,-1.2792152396113965,-0.5438588197975386,0.052295521362961346,0.36542192706277793,0.33709149610748906,1.134978362810213,-0.7294573508210089,0.30707752638182806,-0.2235322182376934,1.4839349021256796,-0.5045781325084377,-1.0188094476594711,-0.2955363339952816,-1.419286028482766,0.9991915740694,-1.1913857808133603,-0.7712943482344653,-0.73580558875157,-0.3212507300973555,-0.26683863893919196,-1.0816076499999894,-1.0059906915815129,-0.5004357682966714,-1.1248813306553698,-0.6932620364231458,-0.8109739759783475,-0.041440818556281754,-0.22601618132732482,-0.3053162362104827,-1.0308409581783748,-1.389390963052498,-1.4197849176860606,-1.0681554679360532,-0.7265705944317237,-1.5228459280438964,0.9266486523866312,-0.799573479569315,0.4190132989113985,-1.3011589280975535,-0.018156686939448267,0.5524897896019362,0.578394307807707,-0.7038714816493049,-0.5178779281202572,-0.32409897305057994,-0.36243894045652664,-1.5586098277827478,-2.1957763455120367,-1.1154092402142843,-1.4855654373788154,-0.8203358594304462,-1.7661516151368317,-1.1697621957140727,-0.7139547866727345,-1.4318587917585026,-1.0181299159068427,0.6013117197303163,-0.5785185900889133,-0.9984717790233983,-0.06668716993127718,0.20111661737263745,0.9702525451036266,-1.350094260972871,-0.9732479950923159,-0.40752988606856505,-0.6893756148991635,-0.4206972730310591,-0.43134244753808854,-1.2963980236409856,1.249435125779497,-1.0436501201889625,-1.1929353186612834,-1.0662538038055707,-0.3341018476478603,0.5215966880374551,0.3542367255855338,-1.0618060300370138,-0.49814791953902765,-0.8210259931512377,0.13415870455703915,0.3605877579765601,-0.44557414907304416,1.413750069635479,0.017649397585272508,-0.43329517720400906,-0.6466411620236058,-0.9564777899286755,-0.2886941074121293,-0.0827394308401728,-2.514671895545446
-0.192423489181147,-0.2664876587951803,-0.5283387002605903,0.4406172069214994,0.1505116437172898,0.33133428690341715,-0.3868016500044474,1.4808678449559838,-1.113257835404347,-0.08955541759202902,-0.7135935948981478,1.656434329138488,-1.3338825119826572,1.5918922948556062,-1.3693956909813638,0.22834198104747336,-1.3295261188448315,-1.3752803007701166,-0.34245443347051563,0.023773089701105202,-1.630952957386917,-1.3321566271396088,0.6847456027506913,1.1529798564248304,-0.5522461115908469,0.15967362618272313,-1.2426230372074052,-0.42890079508795115,-0.14753931862517014,0.2924919841306232,0.0692023491495566,0.8345873434449149,-0.7193717089074114,0.28710191849734823,-0.18009333304340108,1.6775066886636558,-0.02307591162135586,-0.6292736633555347,0.29270959667765695,-1.0009311505538172,1.2932350615089296,-1.2878045195652104,-0.9201607750238677,-0.9751684627197766,-0.5163006282862114,-0.4308570838498223,-1.1581377682126153,-1.292075981540489,-0.5469295327668119,-1.1904795497940852,-0.46383534737069915,-0.8092307488044301,-0.22809644977074223,-0.8780061133563477,0.09785558379489434,-1.141001509572293,-1.620199031512868,-1.5693064423913947,-0.956663152594596,-0.6760523671234123,-1.1541629270646316,1.1605069582111993,-1.0857105557976316,0.5488724126497616,-1.1701442742682076,-0.11469801408707998,0.36534070835884774,0.43265284062772486,-1.1872811352045936,-0.7629964280619207,-0.6169248844280901,-0.9613698434862076,-1.9188790433111869,-2.539447540346815,-1.4371093031427549,-2.0524268581849947,-1.2440748125998473,-1.6385767767286752,-2.091706944717365,-1.0771414325184554,-1.9900123293114849,-1.5350690643335618,0.9783859629166408,-0.16531224415082946,-0.6468098565854542,-0.06058456309333172,0.8253858666917666,1.4469002087113063,-0.9719984034808985,-1.2359660135573398,-0.9472892478691106,-1.086254295430476,-0.7179101127621871,-0.7668975047510445,-1.295913768724889,1.278145283527794,-0.9981984197638167,-1.2643189129229042,-1.508696519260566,-0.6220784285774098,0.14710350729189195,0.17342307476536592,-1.3473003487643547,-0.5272116549006748,-0.9320270586234032,0.050181811574695964,0.10159044451048785,-0.1332643579223465,1.267309305684041,-0.1883452756563411,-0.7811123084943884,-1.0762282311078546,-1.4114457866726808,-0.6911996340288374,-0.19464194033720064,-2.5154423148459593
-0.29358590124135125,-0.5852187861671615,-0.1898204619302077,0.4107885202169321,0.31254746709162723,0.20200856804542106,-0.32538379742718004,1.290883921743218,-0.8816909779281816,0.09444140649828112,-0.9741470193542981,1.5219173090182294,-0.879868647604358,1.6832874471255745,-0.6893414739450672,0.5703912507138625,-1.5734481525411597,-1.3881933119387238,-0.5436640209879825,-0.13878131337806413,-1.4380652675295922,-1.422326274681131,1.0344622101290344,1.380856399583421,-0.2915211127037148,0.37689948810762447,-0.8906949257915816,-0.054970280836273956,-0.27907504180849724,0.1971299646950984,-0.030959436917337848,0.6077161946177928,-0.463222525991887,0.3824837210290603,0.117070234904797,1.8340733780360245,0.49881404617243863,-0.06228174063034481,0.9496373752493747,-0.3805622405598833,1.4816593802407498,-1.2991344444080184,-0.8978056520724618,-1.077840486784615,-0.5797934037884476,-0.5755623424632854,-1.096160204881975,-1.4403611278720303,-0.5892266878417561,-1.2350500709458736,-0.20645177701714534,-0.8458250823849122,-0.3901355838345105,-1.4930622948932986,0.6087827521281748,-1.10953667362848,-1.685204939201078,-1.6399267951477836,-0.7649015652951446,-0.6534155505054888,-0.6590514722235403,1.3626189435854381,-1.3502864286305418,0.5305252397485909,-0.6628208984466804,0.027908865733720638,0.351816641706119,0.3741319043661663,-1.6155419776608957,-1.006782214444615,-0.8627284669131661,-1.4509455823780522,-2.0731014038256617,-2.575406145202373,-1.661563184649943,-2.3294941189239964,-1.3174735016017265,-1.2442624325343687,-2.6765676724679888,-1.2426233096555825,-2.3914386361438953,-1.833872145014886,1.4590512101406898,0.15180024740180603,-0.0006638913776075802,0.08863602779840139,1.5067387082484651,1.7800078537125381,-0.2871863174405289,-1.308161902060866,-1.387860312983395,-1.331590996730728,-0.9136052259526422,-0.8935410566646038,-1.087253167848667,1.2921745825267037,-0.868794752538953,-1.2480800208150395,-1.8771913178599289,-0.8799095828162942,-0.3817733170159437,-0.019451020502506,-1.5893714165162243,-0.5395169849479644,-0.906019122766831,0.12000961819791367,-0.17672545951534324,0.18242645409391572,1.0626072247735447,-0.33458465652415165,-1.1212755951223463,-1.4142733850447011,-1.6957874580574792,-0.9566567863696416,-0.14019301442781135,-2.0743194800741294
-0.2834239840083506,-0.8475254957865347,0.3772170248071631,0.48490323492586007,0.6258442997807175,0.1726368433825041,-0.046541863881453684,1.0695717975170442,-0.43471286579071977,0.36608250617865395,-1.0588822381389356,1.249898417503494,-0.25548921380128964,1.5933114098762022,0.1723163210046997,0.8163278648661421,-1.5555789418844754,-1.1529836132364144,-0.5796047109404475,-0.21935168314768702,-0.996891892877871,-1.3174032512379272,1.5155643464184003,1.696747290738873,0.20683586598326179,0.753840922396571,-0.2748017142444713,0.5039873665362891,-0.2839069487651515,0.1418391744627566,0.07217137057850051,0.5244016411408197,0.02004449508217706,0.615965941355711,0.6077114257362699,1.943079401331092,0.9661669093520288,0.5551044573898284,1.582600064865561,0.3476658854160817,1.4795174114341765,-1.243828993907009,-0.6672520236631517,-0.9811368325225379,-0.46912234105351414,-0.64236153027511,-0.8481189930450918,-1.3767440376915503,-0.5695247543595817,-1.2049729430695686,0.09112225654477843,-0.8722393315673158,-0.438954510406857,-1.9390427959040701,1.2029073448191498,-0.8900315256367187,-1.515149909388458,-1.569865156332146,-0.48156283218480544,-0.6394349439746773,-0.08081413918345616,1.5267498872758916,-1.5270996759279198,0.40081793704215224,0.11405381603862344,0.3754512765215725,0.5109356332116746,0.4141834807928345,-1.8608531877546144,-1.169712986996947,-0.987420269335084,-1.7140203031933416,-1.9721232440761618,-2.2615918993249142,-1.7312502509758054,-2.2422406092871907,-1.0209295984751419,-0.6058129935105476,-2.8254337311188857,-1.1371255823877966,-2.557459351134565,-1.8418747008781144,1.9703352145536162,0.34549363653870213,0.8510404594605646,0.37437864597508713,2.150648571276724,1.974725575511727,0.5999405986345623,-1.1454659624232026,-1.6168758196743913,-1.3819476029727027,-0.9319603145635602,-0.8090180849515739,-0.6707407586368339,1.2590605143102387,-0.632612713761926,-1.1002794955940849,-2.0648796606646274,-1.034144105730657,-0.9352742975329638,-0.1830208509917247,-1.7243320254518142,-0.4955727723361952,-0.7407948709840638,0.2897769043349013,-0.4058024646788282,0.47328707205128956,0.8347398187950175,-0.41167065910031114,-1.3653784883345597,-1.567444894624796,-1.7412572041741243,-1.0052756894655777,0.07074508370818473,-1.3023361202759882
-0.10296936379458325,-0.9309705826050806,1.059645676412949,0.6605323521704635,1.0203567865036245,0.23191684563455486,0.4021013621593686,0.8806924685942153,0.13571217735062216,0.6536100111337062,-0.9562837630318598,0.9327801619547943,0.4428483717648783,1.3876041222184323,1.0585595286849632,0.937150562981895,-1.2296925821272922,-0.658055399364247,-0.4137948729377074,-0.15167156503624346,-0.3656176888764766,-1.0489884414184822,2.034921390483578,2.04474452586165,0.8335600350975676,1.2051860563174557,0.4967185858608796,1.1288629098527263,-0.12890548421286838,0.1774436393147886,0.3728546944081758,0.6214234215744606,0.6706764032046508,0.9813417946037222,1.1899145832408828,1.9986035450116344,1.3120607431377194,1.0902191601761684,2.1084410985801565,1.0703873523465872,1.255710501815205,-1.1456487742520685,-0.23877495867801793,-0.662411671865306,-0.1820068865715554,-0.5885149711998995,-0.4039428597612925,-1.067783309034537,-0.4387222286972107,-1.0496520729055479,0.43589238016068554,-0.8274193403728783,-0.30850346401449896,-2.107533932241301,1.8367570260642818,-0.4691561178662636,-1.07382001437873,-1.3015142563741702,-0.09668707788253869,-0.5926844296299276,0.5394402256439924,1.6447576767178191,-1.5551704684079088,0.22146271854112945,0.9968702931408844,0.8470947527490323,0.8078016088555862,0.5505942952497455,-1.8119605527932188,-1.1661060328242037,-0.9271363568580975,-1.6690238536550173,-1.600944211325015,-1.608432085260021,-1.6002621471238432,-1.7681371612952428,-0.4054106794486198,0.21008539256776088,-2.52074381536202,-0.7436244331803566,-2.445723740062878,-1.5415066813936866,2.4142601700192974,0.4084485082529512,1.764747278725547,0.7536366624325109,2.6536323532150417,2.0431449421357586,1.5366937719276759,-0.754657309280514,-1.561296313400413,-1.2214434518695696,-0.736064083191273,-0.544901602449953,-0.07839626226694475,1.154693767633208,-0.2670322845845987,-0.7842933879444658,-1.9854725293677606,-1.0215217313849894,-1.3718187213026112,-0.2708891153166627,-1.6896396562276563,-0.3470360581124324,-0.45115359323705884,0.49626220410109306,-0.523898487076452,0.7288263798030911,0.6196738853499703,-0.41244211445143686,-1.4301234211214977,-1.4661559492618277,-1.5204743399214709,-0.789520332170269,0.39010341485778577,-0.3789960430041626
0.27560677327221245,-0.7405718442460124,1.72208460420122,0.9113948867578343,1.402357249309077,0.346154992598659,0.9436755337073894,0.7772480149650987,0.7210718987785103,0.8804868278361179,-0.6797721795378262,0.6591649856868013,1.1149470095847716,1.1428091566059162,1.8131542149149291,0.918001762259074,-0.6038813320826205,0.06363719923392624,-0.044322483789903,0.10610984198719717,0.36157999898005005,-0.6815301250273662,2.4787719014996696,2.343862787682018,1.4483188232805972,1.620079718739753,1.2785868646733587,1.679457003841323,0.188535034429268,0.3324028097556289,0.8225659177000413,0.8916296166643517,1.4002508177369148,1.443712542498691,1.7392880218126239,1.9959196482040131,1.5107286963439712,1.4321158427474496,2.465086045762385,1.6763657225474342,0.8445281620375599,-1.0273765832861155,0.33299502153692506,-0.14422931708124934,0.243882521000277,-0.3945961893291927,0.20477573182477263,-0.528069164269206,-0.17090295150648235,-0.7364463470806429,0.8209563842561108,-0.6556736007946723,0.025316380836245603,-1.9359313547722357,2.451719575982909,0.128040177172543,-0.37279829477891036,-0.8002242460161166,0.3893027511970462,-0.4627693591562885,1.15916102888723,1.7052577182770616,-1.3908617718773508,0.06787982528944433,1.799526916704701,1.3310334013545917,1.18107446439127,0.7688915470180503,-1.4039787774840273,-0.9260400855433144,-0.64383308694884,-1.2881819637180738,-0.9850530366172642,-0.6834053322773082,-1.2460657227264866,-0.9494181829580965,0.4149260837053611,1.1019915453697706,-1.825953741191899,-0.10603058332099896,-2.0560709404292363,-0.9731841677484457,2.690875715267023,0.3555047901552754,2.572355692415161,1.155644392304912,2.925594939487722,1.9981738316574595,2.3559742183620407,-0.19232775383946635,-1.2032894642299177,-0.8605056018998383,-0.3352676530734843,-0.16029731574924114,0.6231035067471709,0.9698741406563198,0.2343632001213002,-0.2863356438850467,-1.5962200488490577,-0.8034562205442621,-1.5692715286778438,-0.24274403460827554,-1.4415667265952088,-0.05095967180277618,-0.06423381559097094,0.6868016226228653,-0.48841951372301096,0.9521096107678617,0.44664465500856076,-0.33301572614247477,-1.2597690844750133,-1.081663873652564,-1.0547457672130065,-0.30648530360873616,0.7475737978767781,0.4939356429248899
0.8342836129818296,-0.23788011419931923,2.233953531499756,1.1916355457095358,1.6738638713628085,0.46968070740908835,1.4857209046539204,0.7895254650456076,1.2170450962533148,0.9819925197476953,-0.2684814396884921,0.4950022440209327,1.6716691683766083,0.9291401679484251,2.3113666606183316,0.7649394641243863,0.257267838856967,0.9354632647655498,0.494759086304109,0.5597448768311564,1.0687548125871686,-0.2984004518734474,2.73823660298428,2.5065304736958947,1.907529497621497,1.8853337034976763,1.9173064307673262,2.023659258381989,0.6401691604550919,0.6067957458787034,1.3364609343760752,1.282623659789483,2.107001331978672,1.9444110465419293,2.13278981112778,1.928277366058761,1.5762078868630938,1.5135248526585259,2.617211566198288,2.0772287693681895,0.3355006184371464,-0.9056672127604902,0.9627205082755679,0.5105963088715868,0.7404119409444598,-0.06698879618802442,0.9104398996792538,0.18274367019443963,0.228494883600431,-0.26208033805879083,1.221467247221752,-0.3244327047149449,0.5350683918732398,-1.4214873651573965,2.980379098992583,0.8405492900770878,0.5221099651975798,-0.07179253827325581,0.9571241799887218,-0.20785930748520287,1.7296852661556297,1.6944462157380633,-1.017496072296056,0.01366874997685997,2.35162859729818,1.706930591392382,1.554201267705377,1.0434564952547467,-0.6406269527572847,-0.417790649302342,-0.1393071385388003,-0.6070517304055617,-0.19110459225424434,0.39415678270174304,-0.6796195292856565,0.1043405158477557,1.2821703597753997,1.9506314072445885,-0.8695862820668788,0.6786123762747109,-1.430019809221356,-0.2275956541198621,2.7228314867996946,0.22105143058028984,3.117605635951088,1.4969763283415896,2.9106485245426654,1.850754572905862,2.912689549716383,0.4487460770776492,-0.5842054556137685,-0.3333845593805584,0.21792619429257104,0.2675659230774682,1.336020848753976,0.713107267255893,0.8462600098714642,0.3713225156569831,-0.9129893532041755,-0.37797876198775526,-1.4529084012178464,-0.07666154289657824,-0.9711791478729468,0.4132232124077378,0.38434276199400835,0.8305845008132807,-0.2850526091673394,1.1507081186572437,0.3305232905156614,-0.17719459832358805,-0.8450862140938348,-0.4367905243421356,-0.4125195788690961,0.396517525805489,1.0697187622137532,1.141131235533296
1.5037119396715906,0.5410602655020764,2.4930604095140927,1.4437565692362189,1.7530411183054992,0.55681637894551,1.9345346335078581,0.9175687807679368,1.5407145236588171,0.9183840239046179,0.21520000668752914,0.47125995881848737,2.0446094259119367,0.7960803819909521,2.481132563669315,0.5078064434841084,1.2405206404346913,1.8459022961564278,1.136346719090121,1.1728807953849745,1.6360651726708377,0.015019946941526226,2.7328369655041,2.459047003281143,2.092753438196153,1.909561915803668,2.2818301824429983,2.064826085983045,1.1711775050747644,0.9721430018383348,1.807094216214081,1.7057981773836213,2.6913666682417006,2.409814709668127,2.2721684572070995,1.7853554192466745,1.5477672803475242,1.3226723990857943,2.5560958652131496,2.2229731018317507,-0.15503977007751685,-0.7889212244806968,1.5545525554109336,1.2122586101456967,1.2248358541437614,0.36434674303975484,1.6231805478202066,0.9718886467222279,0.7224186293408487,0.3424773790070355,1.596497878508898,0.16281799827466162,1.1446379001544367,-0.6242676321041908,3.3548681461968024,1.5810119098403037,1.4958390590226742,0.8270098112427174,1.5639994580766725,0.18855676232639473,2.194430473078276,1.5991800687270437,-0.45067071213883325,0.11397523105206747,2.532007117887712,1.8703170207194113,1.8481900752314726,1.3385302048311531,0.39744733918423647,0.3356392657015348,0.5361343320967868,0.2768551962784369,0.6791747275393579,1.4688055025557314,0.0491174600485215,1.227569810077356,2.0230986654668968,2.638967768966045,0.18128566951365255,1.4787313172323389,-0.6446859822951401,0.5708986703490606,2.475022650435309,0.051744044879038435,3.289568654777201,1.6993415372520633,2.6007499472148528,1.6104256997435988,3.1133462557272105,1.0608150755449255,0.2035619630652925,0.3047194119486525,0.8392334435010712,0.6550473026235328,1.943421582356734,0.4090126449058268,1.5030630965630498,1.1244673384534773,-0.013011876671327551,0.21417254399447413,-1.013649083435283,0.22127299713101897,-0.3141591154268355,1.0290934763305208,0.852879155251477,0.918697447587719,0.06767309274062377,1.3265985214590508,0.26661038491108646,0.037453658419671146,-0.2328971116433528,0.39288342747486743,0.3016735123707253,1.2251013148340348,1.296657791634891,1.4518838909737775
2.1702467104599394,1.4852155538920018,2.4415939302909218,1.6089517961807218,1.5911622461480996,0.5724897926900084,2.2084516839590305,1.130421278471437,1.6417438777715125,0.6823718379219553,0.6923324271003559,0.58004826135718,2.1905016252945386,0.7640338463027604,2.3111406064677746,0.19761987798034572,2.2010902193840205,2.664611461793801,1.7880932223673014,1.8690825206619777,1.9585367423012476,0.1872636231001761,2.4269203915699284,2.1593713586118835,1.933886494109774,1.6428892645942585,2.2892302371842974,1.7612222735997298,1.7082163586094359,1.3769113169311125,2.1235836948025435,2.0543599695778307,3.0696245880119184,2.762811596243882,2.1023311228263264,1.5543533916222745,1.4681313249092767,0.9026185953232505,2.295434924057993,2.1091216555108425,-0.5209444903876799,-0.6787156956832995,2.0231859389944553,1.8618375327927557,1.617935120795316,0.8517258386409741,2.2489579259444223,1.7312556953182947,1.2492558828124056,1.014992842430505,1.8962110227544398,0.7620875195779121,1.7442092462493495,0.3419969770984744,3.516674303467815,2.2505747043493853,2.401096597112806,1.7895485218639342,2.1451344430780668,0.7066537821253408,2.49272740256605,1.4114808923630582,0.2616848788983637,0.3915665778458719,2.290771327418737,1.7538860096657334,1.9939824325124196,1.6099478925986164,1.5616038779800125,1.2515345113073961,1.2842610324953083,1.217311690164584,1.5021996949231495,2.3739588135785694,0.8529928291238486,2.2249080522087263,2.4817766262975423,3.0707422109194353,1.1520440798888305,2.154073549629971,0.19809584063533042,1.2868986395108208,1.9643601715582852,-0.10361252583811369,3.0452918057830987,1.706036592706333,2.038680847524149,1.2881766915713564,2.932147134731339,1.5438945501497303,1.03458221165613,0.9815121873210736,1.4288734039784572,0.9253120176486532,2.328663134596716,0.09293190310409123,2.102423704998262,1.872038254695298,0.9764176613389197,0.8921963006097587,-0.311848338073052,0.6136308976157201,0.44931413288414035,1.7363662323636677,1.295114799301464,0.9550366664331726,0.5192300840259301,1.4690310958806807,0.23034485787701095,0.27510728370822857,0.47793763693730645,1.2887957925973477,0.966020538624011,2.0503110857975915,1.3925315549663557,1.3988500351017812
2.695876945533046,2.427495153714743,2.0729680343797816,1.6383073146793043,1.1827327061017443,0.4992383596533441,2.249198121943975,1.3727824246658187,1.5068856232395833,0.3000828946266528,1.0786559872738766,0.7789627036268806,2.0920825130537315,0.8230100800102065,1.8461632814570086,-0.10169827874049885,2.98668187102796,3.2635913195821016,2.345225553875328,2.5426015974030296,1.963381764308051,0.17291312138986492,1.8362523278844962,1.6085095717185307,1.4228164168014938,1.0881733677817564,1.9200686630166033,1.1337102370658225,2.1701289892581515,1.7563523363321278,2.1933181773076,2.2267221666738237,3.1844523657896655,2.935307999023132,1.6213611427581505,1.223864355440487,1.3631723830177622,0.3389358579135747,1.8658098273135302,1.7746513089073659,-0.6990841134829809,-0.5737316109028622,2.310385446654454,2.369491261248657,1.8601795600997064,1.3377028817139036,2.707534091092975,2.356949922112297,1.7349603000980005,1.6721726611145173,2.07227331111575,1.3945455884394535,2.2141113135582446,1.329794690558308,3.4270578501555846,2.7560583121017554,3.0850906519733168,2.6740053949626863,2.621925749647129,1.2885042158186142,2.569819148421752,1.132995819711912,1.044530262189919,0.8289311921246613,1.6562730335198785,1.3415500294770968,1.9430343479708365,1.8087658125057418,2.6606528354408217,2.1970385914818835,1.9713029319201345,2.0435226182862745,2.151793904507023,2.962406814091377,1.6182823939132278,2.9089111661265696,2.55028568187442,3.184107406758923,1.890531641487817,2.5838642815289674,0.9865910416866347,1.7989091122650092,1.257554694205955,-0.20423681123954196,2.4170134504354834,1.4937239913955838,1.309962560064953,0.89998844422947,2.4112902515168395,1.8245045315050692,1.7742155529844814,1.613792714345384,1.8893366948636974,1.0217204568262823,2.399192255877202,-0.19651673116779253,2.5224714488544326,2.4928921638810504,1.9015099216508762,1.547761685847671,0.5348899650574517,1.0365129150138335,1.206310113560601,2.4354145395466045,1.662170521737887,0.9437663417254416,0.9936403236970688,1.5530778283799327,0.1833831564174956,0.4824519664854232,1.1547669203901305,2.109217112828076,1.4645358280118213,2.729313000276751,1.3485761568796246,1.0348507588257498
2.9478869689707845,3.1796625299137906,1.4302198142101321,1.5031218588549073,0.5670745421249304,0.3394051005114435,2.030896286754886,1.5776877340244446,1.158638124220325,-0.17410706016256838,1.2993256780955238,1.001826646566491,1.7577577158910378,0.937719338774782,1.1730705339851966,-0.32596623915633177,3.464730303810655,3.5399464468677575,2.707366196916789,3.0765153478319003,1.6238726252172961,-0.04032523235587186,1.0246384385261913,0.8533148820136589,0.6153922119498282,0.301756966067681,1.2209603300566894,0.26090421609001957,2.4801013770485083,2.0446012599974757,1.9623693038917032,2.1500948580346297,3.0120130520369277,2.8799708813794545,0.8808714385447576,0.7897067272226138,1.231161719817898,-0.2605184755751496,1.3102218901881408,1.2920057250028736,-0.6868895454043268,-0.4740535423075621,2.393445286547548,2.669241100474467,1.9225508873848463,1.7636893156985947,2.9463031588773303,2.766777162627881,2.1072581640220847,2.2248004261315475,2.088777235016708,1.9614238668544246,2.4520421546560462,2.1848282898118225,3.076607548363956,3.026140390709837,3.4206945161118463,3.3297750542901565,2.915729202009748,1.8467235348637794,2.3909966464097816,0.7778524758959054,1.8054535925556021,1.3684485166234581,0.7269774213736467,0.6728081435026083,1.6752325487717545,1.8876036612222864,3.4978746310162494,3.012479686933116,2.451801203520116,2.591796794845399,2.5216937032700137,3.1364228706998762,2.223623925256152,3.141505476800274,2.1913703358603653,2.9589339050437444,2.2917734967247,2.691686340686335,1.616477054638397,2.0222651044805526,0.4579773475285566,-0.225077292010534,1.503585403814111,1.0774947406178488,0.5260979698445777,0.46937957749566683,1.6474921222480168,1.866773774155886,2.303322360908302,2.116878773058339,2.1416896428810963,0.9191964380323455,2.1092260876632793,-0.42465418081035344,2.649822507735871,2.8712216946728573,2.612729485463741,2.065854679551661,1.3773782486434503,1.4120300066310492,1.83294542616928,3.003764870234181,1.9063738749383714,0.879984815355899,1.4013239401628372,1.5444226223811253,0.08549568865313154,0.59706985003793,1.6601370490792038,2.7156718532836543,1.7099454346760814,3.131097611375411,1.1800717278921737,0.47170938116155287
2.8318721213519824,3.5751178846521365,0.5979357525390405,1.2024872480212772,-0.17841939767498285,0.11257603683762644,1.566153158772656,1.682158627998274,0.6495815367474898,-0.6676151409203679,1.3046453292082285,1.17326632037025,1.221624455122079,1.0572549416188752,0.40236568324288763,-0.42520959343046494,3.548036745496259,3.4360624487945244,2.79694608799026,3.36496042709217,0.9677894995248549,-0.42973273954661495,0.09249720463111624,-0.019705424663271846,-0.37810666193641657,-0.6159429852639413,0.29485166419950726,-0.7361583312857264,2.5780125022808513,2.1867966987624348,1.4303641357482797,1.7988112066337163,2.565521492625384,2.5794838964686164,-0.02268001908345012,0.2610932817588962,1.0459094120192147,-0.7882654151486856,0.6817406425105745,0.7520489644916122,-0.5390041020200518,-0.3836580083617933,2.2847182954909844,2.7280498318174056,1.8102412259906144,2.0780755012470253,2.9474676481411963,2.9127399998354555,2.309032171782336,2.5944957335894903,1.9310947162643268,2.364877783559684,2.3972004327964513,2.774862145369437,2.4917667276912208,3.0236336310812284,3.3350564905432103,3.6300716858925446,2.9645442950675904,2.2820172298694,1.955864429152765,0.37282854130989623,2.4476580325898314,1.9210770235708787,-0.3487325041506487,-0.16309439620866883,1.2035483526741881,1.8095389828670738,3.911616262312252,3.5437989434594876,2.6000133380612334,2.7390291869726213,2.546996887092855,2.870500740078749,2.564397610622095,2.8687034096889703,1.4480256086578078,2.418100332549882,2.314234510155062,2.4618913552114527,2.0082475258890073,1.9256253087831083,-0.3147910494857655,-0.1606271458993795,0.44945009715768736,0.5086467628454849,-0.19671350617252392,0.027699233506805733,0.7696787658350989,1.6747587400914128,2.5390739398946116,2.4168074854704162,2.138168771497024,0.6308600355621261,1.4751435864105429,-0.5658337564088026,2.4113583641367264,2.9244999529740188,2.995578375247343,2.3495664741945044,2.06782172441007,1.6653962281102035,2.2213165766213283,3.321565797574994,1.987790356404377,0.7483834867759881,1.6548760023523055,1.4088641748772461,-0.09062063561526583,0.5630321938232783,1.8845383698038907,3.000636187370818,1.6616099812432235,3.162481221709555,0.9198375021470077,-0.15053499044644977
2.3199213736544335,3.5090748573145745,-0.3101402599236156,0.7663721689764544,-0.9514907292340418,-0.1504268397959708,0.9081446619091076,1.6420230429138294,0.0539752421414322,-1.1026625777305543,1.0832641583467606,1.22450997386469,0.5436668405302373,1.12704677014167,-0.3503021107554166,-0.37650852771962806,3.2138120032849082,2.953186248975742,2.575771454281765,3.335040334090913,0.07844368359021066,-0.9404325474746581,-0.8396061390842358,-0.8982977444822474,-1.4117732435698995,-1.5377468072444658,-0.718003755271931,-1.7158197739857384,2.4316581209758135,2.1492510341023836,0.6560695315204655,1.2030159073175986,1.895218812366143,2.0519424841918874,-0.963612658958829,-0.33483570973814997,0.7726074284197608,-1.156857850699951,0.04244539374516074,0.24743391257460437,-0.3448780477535948,-0.3098074178950316,2.023906071305455,2.5485398467792146,1.5591765898945946,2.2430287138873033,2.7279901592939217,2.7869638133727186,2.308563679665717,2.7285617661909436,1.6108159176863874,2.529880969995106,2.0454381004710696,3.014566283938796,1.7359334741143673,2.751883426998397,2.828696945765876,3.5028927524182745,2.7390259485392,2.5057223982402355,1.3079672249237508,-0.045381300209495226,2.8845965341755924,2.382410791689845,-1.3999426605715815,-1.0419815985609118,0.5748516439183972,1.5580692525774216,3.8103908346553097,3.6767001538658035,2.341903445676756,2.4309443257315424,2.219700248995782,2.2205228386512976,2.577527354242272,2.1385464218808328,0.4376164379704592,1.6239988516042703,1.9854313491903257,1.9439104919685013,2.121608479222835,1.5374915236415823,-0.9477328287891924,-0.024585355295815816,-0.5831818514998621,-0.13399848798973463,-0.7587072051656842,-0.3882180111479841,-0.08620314406614431,1.2872438568341065,2.4482504224418946,2.463349283610014,1.8696408490941996,0.20764593705987813,0.5785654230819418,-0.6056139616172569,1.8006368052351274,2.626491266341942,2.9941634384450393,2.342763797757895,2.4919607394514034,1.7422059764342157,2.304628186714803,3.3001007718838027,1.8830133405916143,0.5308186343950847,1.6863227080062175,1.1236496956621775,-0.34622716826291117,0.3499420635534417,1.7743639215658413,2.9104695562332106,1.3346468245958412,2.789140999556967,0.6110346819590009,-0.6947030484128428
1.4660772313495496,2.966192914528084,-1.1661941576756847,0.25292702552745855,-1.6417597417580618,-0.4147309766741647,0.14719300608941369,1.442433187405982,-0.54211612905285,-1.409866318500948,0.669202236539368,1.1080867374920462,-0.19178096402427072,1.1008757920722994,-0.9797417234844005,-0.19152923838239946,2.511941371520595,2.1553473990747865,2.056134339243883,2.963858642347514,-0.9133175367107975,-1.4924236753292124,-1.6493202203137463,-1.6634523731578852,-2.3285228197766994,-2.3314148602496454,-1.664024393967455,-2.5393287888079703,2.045318841600225,1.926185609027336,-0.24855691596547408,0.4454889102305452,1.0844539780770017,1.3514812357502526,-1.8066757011722814,-0.9518578483408199,0.3901123250689228,-1.3116796419188352,-0.5385547288178398,-0.142380485729378,-0.19559464672486046,-0.25946596517918774,1.6664239425005158,2.1660311416339115,1.2267679442683557,2.2393570184902982,2.333468527435613,2.4208021175226073,2.10506966075196,2.6098905060462676,1.165844212334029,2.4217702464569024,1.4516377278863377,2.8811786093444884,0.903410727256033,2.2544806840174876,1.9799976238988686,2.9522160626764853,2.253942775480332,2.4618724852929716,0.5356691226945843,-0.4351309619275821,3.054347910521005,2.653493228696785,-2.262406655269522,-1.825950031672935,-0.13375378869677562,1.1455133542157494,3.194566333164928,3.364309120479352,1.679390825847382,1.6983839917919186,1.5941390100507047,1.3159009583351382,2.2603664847352616,1.0959936605859077,-0.6685592079378149,0.6715138183007792,1.3959381351325357,1.2433136148141943,1.9638319632876733,0.9411306123942483,-1.354393619042468,0.15419161972359005,-1.4427352081654048,-0.7572884656179817,-1.0933211933665514,-0.7403855881491819,-0.7999340078917173,0.7679836964536456,2.051230226799985,2.2409972069463717,1.3673693158070335,-0.2698696941301439,-0.44494309411613836,-0.5404106814754538,0.8903962327980601,2.0187642350164,2.6221616073238607,2.044702946748867,2.592665465948288,1.6214134205793758,2.0737494677138133,2.906002976689569,1.5941967517182591,0.2195198154530162,1.4625622067035466,0.6873911818712689,-0.6499163759691753,-0.03079660713237712,1.3474272937336447,2.4582739397447697,0.7982456138844696,2.047056650953312,0.30107292859905765,-1.0507667421949982
0.40365438241375584,2.028761423000831,-1.845097867046255,-0.26032542318197804,-2.1478430361785468,-0.6473189455573449,-0.5994578206327782,1.101783793831763,-1.051302445594045,-1.539856411582695,0.14000141614067693,0.8093489123348727,-0.8819200243201887,0.951119066984419,-1.4028319211614202,0.08423990122197905,1.5599690871234593,1.1620964200106587,1.3035756383343535,2.286934842561181,-1.84658505508107,-1.9912416620500546,-2.2301019293803384,-2.209972732015457,-2.9859582974121928,-2.8818041249500927,-2.400727588729317,-3.0918050865324234,1.463825315916678,1.5420665516850238,-1.1358372073752854,-0.3530168591113291,0.24141245987213336,0.5636757226128014,-2.4276375654421405,-1.527893464973877,-0.08926869598504077,-1.235504241377122,-0.9903439512038857,-0.3620874257612507,-0.15147167106859827,-0.23417706249806008,1.2714427934149386,1.6413115685292372,0.8792247724686549,2.0689445422377726,1.8281062963405583,1.877935174119499,1.728733423930815,2.2599560386526254,0.6555335751163754,2.0549771612327135,0.7186165778573261,2.417688975430028,0.10606683061757931,1.6085513494473156,0.9331763093503651,2.0632310037576924,1.571643817097467,2.143025658202371,-0.2379240553494466,-0.7557671209895025,2.931471735974635,2.662534139245539,-2.804737274202873,-2.387439594769991,-0.8235727020911,0.6167872506825858,2.159666311617328,2.6413637379573545,0.6994925180688663,0.6570125277793519,0.7799777448274338,0.3352502124857982,1.6775343871771946,-0.04563922203730073,-1.6762615250458137,-0.32184486453896227,0.6823885773953041,0.5012561125942342,1.5899007325593626,0.2587900979775007,-1.488071051223182,0.338710721142163,-2.0119572823545053,-1.2687998180100373,-1.1765928383113915,-0.9946552047745785,-1.2836402145667325,0.19479846614670338,1.416767748631182,1.7751051944802245,0.6992281272258664,-0.7061839817256171,-1.4297455349466344,-0.3757932591885714,-0.1741514111108142,1.206880846006688,1.9589785932827433,1.5125079069673935,2.3797989065035017,1.3207493258634226,1.580639872837555,2.17440060029579,1.1550845987885618,-0.17012179995983084,0.9954026731768094,0.1258163827920245,-0.9405897976773776,-0.5191176256002724,0.691476701251195,1.7234071148189665,0.16340494741961095,1.0413236062458544,0.037007934303405925,-1.1503632640502028
-0.6769256570933595,0.8629978312624106,-2.241906006971249,-0.6903916238653199,-2.3921574406909105,-0.8200288212573815,-1.2048258481977911,0.6683366567519776,-1.3953677408317187,-1.4707430198797626,-0.3950040320013616,0.35283375497910585,-1.4175095646520706,0.6757355753920549,-1.5663152410980572,0.3816669945210062,0.5245653987389565,0.13042107161415337,0.4297292599841498,1.3957144113504343,-2.5559627367705176,-2.341526710313537,-2.506028116375779,-2.464814617186637,-3.2795325829670077,-3.109781751587343,-2.8178651641847137,-3.297699586883342,0.7701324515894687,1.0490597580061978,-1.8488348298351924,-1.0570747178429551,-0.513753443703768,-0.20431365024328882,-2.731949164078515,-1.992574187169687,-0.610755110432601,-0.9458099270695476,-1.2496331794310251,-0.38627089548606497,-0.22129629589689603,-0.2256394550456104,0.8922891655187121,1.0506945874869669,0.57811735911507,1.7543591778540701,1.28316272878635,1.242993831497869,1.2351909530283316,1.7343131368562739,0.15139841741558785,1.490577495825947,-0.024840562664367603,1.722940735078819,-0.5453968037686362,0.9126878459324813,-0.12846960291039597,0.9890318419034112,0.7953322496365144,1.5952856451241793,-0.8755228518455408,-0.9731714792971062,2.5338365117928445,2.3828783166796534,-2.9479133649853213,-2.632105490532512,-1.3878484758953074,0.04609828349559607,0.8801802180750011,1.6208861505850185,-0.43583356342417373,-0.5108184843229743,-0.07697108132006794,-0.5296929534183028,0.951717029622024,-1.050858862031775,-2.4038704486804647,-1.228605453090853,0.0018140318215542543,-0.1336873088199707,1.0936419014749266,-0.3716031695603575,-1.3461317063587754,0.49281511630444585,-2.2234312776719616,-1.5910238355813449,-1.0278700827167364,-1.1250641839964095,-1.4905806604189844,-0.3499623984226184,0.6491148069370337,1.1310936249467438,-0.03912570095255603,-1.0091685575778817,-2.21137479785961,-0.1247332800121074,-1.2015199999566488,0.341142454237142,1.1323845154361576,0.8503442982441735,1.9247221669307673,0.8932977409339914,0.9274404315606098,1.2066920659425606,0.6306002890557245,-0.5934880140670772,0.3431086528549518,-0.5083180565105266,-1.1401694599936523,-1.0133183770151228,-0.054435050007122295,0.8372061078626303,-0.4376731594835681,-0.06854443302924254,-0.1383511451909472,-0.9723239686844785
-1.5663878376540301,-0.31419795247547655,-2.2885752902370102,-0.9653139345746966,-2.331592773576351,-0.9096343464926151,-1.5545521555357125,0.21044909790499053,-1.5152302341346102,-1.2102085808344942,-0.8151935979143764,-0.19836136550114675,-1.7006375385111725,0.3007296979935327,-1.451352572930509,0.6259605302706898,-0.40818839186308525,-0.7718126438557367,-0.4246878120815568,0.4237269295142548,-2.9016625811945276,-2.462269639340675,-2.4422997216418794,-2.3997062563074207,-3.1595074444078817,-2.984880594638169,-2.8526959345429415,-3.1294389958411695,0.07494200120437733,0.5196102509305583,-2.252057285569135,-1.5437965573017183,-1.065864481362767,-0.8383491661940844,-2.669034766891318,-2.2780597646080225,-1.083411188435299,-0.48737704973302076,-1.2731630245470698,-0.21994186898096796,-0.3600533187208551,-0.21425768145332638,0.5703220462571725,0.4747124283972708,0.3686984565846157,1.3354138602707644,0.7658767198204259,0.6076452887737596,0.6952446960228837,1.1114878359186067,-0.2754757870005379,0.8230439791885316,-0.6516043729249131,0.9308933374233423,-0.9619061706197329,0.2711606905676523,-1.0189237316785804,-0.07935870211699478,0.051947185764269446,0.9104460410451952,-1.2533206153430827,-1.0638172739200513,1.9221367951970294,1.842611255151441,-2.6757301330908234,-2.516339594412874,-1.7290023124165055,-0.474257197737003,-0.423250505904746,0.47322893451431,-1.5187141008777219,-1.589447516111052,-0.8229779928626596,-1.1140935027235157,0.23839014417758514,-1.7150693363214018,-2.715999937027415,-1.9268554518340928,-0.4986907272663127,-0.5358917821527189,0.5906273395138142,-0.8226830497205431,-0.9658080451835707,0.590514659069363,-2.065550502130678,-1.672427647251913,-0.7024093479438525,-1.1168928608860929,-1.4162244175343028,-0.7868294432072305,-0.13011305464725867,0.4058576802461489,-0.737464363807305,-1.108218439944365,-2.658120784111869,0.19325766826805127,-1.9944545526652522,-0.41449090863599003,0.2917655757529055,0.18724577948259633,1.3412738700967812,0.4160718949621757,0.24354361452828613,0.15239561056577416,0.10782180392488765,-0.9813205593157027,-0.39819346202118544,-1.1415006567191617,-1.1730159465346477,-1.3912088343272988,-0.7313218356214434,-0.042552920035873576,-0.8768862559492204,-1.0952835690998175,-0.19080449719990605,-0.5418208748440556
-2.083198024145436,-1.281420974517183,-1.9674234899723986,-1.0397216821087922,-1.9631123529373313,-0.8966198011620046,-1.5705178318706103,-0.19743288946870008,-1.3795571318483144,-0.792273016039726,-1.014614149475979,-0.7513610920058775,-1.6651511289901968,-0.12284525469774586,-1.075064537076213,0.7580360524846551,-1.0687976144874427,-1.3967192126958206,-1.1148198387831112,-0.4769718210717899,-2.798558278277175,-2.3017341442441936,-2.050236443342806,-2.0355532938862133,-2.6391473297804473,-2.5296856980382314,-2.4979204087942986,-2.609252897697009,-0.5015362837410364,0.03475286616707042,-2.2602377499723882,-1.7282919246780049,-1.3239453345137966,-1.2353734994627958,-2.2402711432421167,-2.3311807387009003,-1.4010081952443378,0.07699174779803342,-1.0498189548424304,0.10513358027655934,-0.48601069922350526,-0.17219533351112487,0.3319343659949477,-0.013453448857466192,0.27190875270059367,0.8628158490509477,0.330217581980098,0.056222991518986805,0.1814319601932755,0.47747477812811717,-0.5684882152770475,0.15930114373986212,-1.0630295317176717,0.18357124655732684,-1.0936948224636913,-0.22348791495346057,-1.587973911560658,-0.9535439630469745,-0.5329948910635757,0.20646127808944187,-1.2899236995474885,-1.0168276594974444,1.190848017813986,1.1224333851066102,-2.0351107469644814,-2.055882426790412,-1.777066809156977,-0.851556374966149,-1.5270113394404168,-0.6084998507147747,-2.33789857415552,-2.372414451471902,-1.3281433770194986,-1.3149552944799803,-0.31073369258553996,-1.9115502799131758,-2.5493153906769623,-2.317950895011802,-0.7116668285707635,-0.629491917667252,0.19528949320302696,-1.0019890813949885,-0.4139062483211954,0.6233540887456757,-1.5794188815105503,-1.494062522683239,-0.2780886979232665,-0.9685721324705938,-1.0930938728369357,-1.0454775292397498,-0.8025629428361754,-0.2879664267923971,-1.2876802326636432,-0.9687016015328211,-2.6961208718044998,0.5518665591938364,-2.395199874585985,-0.9187226922297687,-0.42221003716399774,-0.3517747479302782,0.7577543331178371,-0.02683309967557235,-0.34411739072104663,-0.8214372339620432,-0.321259534478209,-1.254803788644783,-1.1125709054108546,-1.690988357941906,-0.9868538785351445,-1.540680429004974,-1.1966036282209342,-0.7634404771715159,-1.055811502846534,-1.8584767157941682,-0.10020383223280895,0.07473815527538526
-2.1178093603261603,-1.862085394258992,-1.3181690580123384,-0.9056709244552605,-1.3240029103908346,-0.7650423515606368,-1.2303239197983484,-0.4900940608532256,-0.9908558452177099,-0.2699743868999484,-0.928054175210018,-1.200158033134628,-1.294582222781664,-0.5275530691791395,-0.48866530855557005,0.7529985003577219,-1.339682044249015,-1.645996705564957,-1.5206194120055692,-1.1652686263823184,-2.23759370074224,-1.8493654344623038,-1.3859397720548252,-1.437759625582984,-1.7927919282139189,-1.8152579236398116,-1.801673173678086,-1.804842809048557,-0.8532047763245038,-0.3304445436276681,-1.8588398874175418,-1.581922029254598,-1.2396177417332057,-1.3225847649737401,-1.4993832245345404,-2.1245665836254894,-1.4714333708019107,0.6755376765939964,-0.6083027778445891,0.5368056151237255,-0.5115922104528474,-0.07105975757113615,0.18753936276945646,-0.3587541703969751,0.28116803182923406,0.3895955346090322,0.010234113976308322,-0.34709060686282495,-0.2461236598511299,-0.09096653046354491,-0.6984207635536833,-0.4048298143376582,-1.2089436475390263,-0.39660336419557674,-0.9410810748175986,-0.5069241473582877,-1.753618998426799,-1.4897628503761713,-0.8636442734839271,-0.39932765750313326,-0.9693230112542769,-0.8341728564547629,0.45126643751560785,0.3409513712081291,-1.1265084314603877,-1.323427398859793,-1.505703522446225,-1.0131703327032222,-2.249498205806242,-1.449233568219283,-2.7255091454737146,-2.7055726299187195,-1.5147790673818953,-1.1129670002254022,-0.5865185853361978,-1.6204425207775013,-1.9260835404059355,-2.344354922990401,-0.5924142072148619,-0.40637963673857636,-0.0036878271023790907,-0.8702173702264541,0.22614472960049786,0.6031886427174781,-0.848466501209809,-1.0714358641096184,0.16052744266724123,-0.6929618661761756,-0.5815850520724645,-1.0716937590622435,-1.2733927464560018,-0.8425612871643852,-1.6024132961892184,-0.5999990978100161,-2.3229032965403427,0.917216793654847,-2.3240906828496497,-1.086280843230005,-0.9053639840976853,-0.6749168414986211,0.2861870332813869,-0.36282576817619105,-0.7405359957971642,-1.5664255030885337,-0.581685523588812,-1.346746676320045,-1.6883747829804132,-2.079569555277285,-0.5694454918188533,-1.3911850319542824,-1.3564310363709118,-1.209836393245024,-0.9268880598319024,-2.2207826837781415,0.13369935912305933,0.7785481713118322
-1.6632281134267257,-1.9656355929830505,-0.4356682855491008,-0.5959079057561504,-0.4869571683225541,-0.5053323790664237,-0.5771935367081625,-0.6250684264870832,-0.38764344965616526,0.2940212849614871,-0.5507280590098173,-1.4476991900278506,-0.6319190111585536,-0.8429038417842891,0.22849652058875466,0.6294905621491077,-1.182020102060305,-1.4931332263720427,-1.5740308602793092,-1.540669156356898,-1.293506993902466,-1.1418278196399156,-0.5424812463753798,-0.703594013156935,-0.7439304611497002,-0.9484674491844947,-0.8597459556932573,-0.8196929113968433,-0.9121957628854442,-0.5219878285016182,-1.1111620720297097,-1.1393085396165388,-0.8206202813962971,-1.074376248681567,-0.5449253014369646,-1.664465897003842,-1.2454133603625703,1.235578551108188,-0.016847809010764984,1.0101836934988668,-0.3773940538011467,0.10742101086947543,0.1315198436120399,-0.5330151626886787,0.36422006819849,-0.038308483855645746,-0.1835700766000429,-0.567759985547756,-0.5515977962802529,-0.5405982690954738,-0.6719587816382803,-0.8049415070039674,-1.0965460291565732,-0.7295087034926412,-0.5556693450652824,-0.5556576843706384,-1.5209304605827565,-1.622186918419366,-0.898302411806745,-0.8175050902099348,-0.35102730563930873,-0.529652795943275,-0.19038344968712365,-0.3701450100397027,-0.08602455448523828,-0.43534041766987774,-0.9418561152324733,-0.9249804432349571,-2.4885648382150354,-1.9297189841719082,-2.5968751454392787,-2.521496480414906,-1.3757069032554963,-0.5762532838707962,-0.552553774473496,-0.9322700711451857,-0.9527381275537239,-2.004111754458299,-0.17009397973952886,0.06869520291150574,0.035522744392010835,-0.45028188192391566,0.8668330183214974,0.5584705277934243,0.016659460258768192,-0.4521834459425468,0.5373923863345639,-0.3182430360393752,0.04089818152643461,-0.8363675100328303,-1.4882584472042386,-1.1765085288053576,-1.6330556783735009,-0.05557479256200331,-1.6070298337938245,1.248015478406469,-1.8012427358290908,-0.9102016191431941,-1.1098190050214318,-0.7461360967735502,-0.004178687192825541,-0.547053198741874,-0.9046247626859547,-1.9860670171361967,-0.6361939050938609,-1.221762450045243,-2.042698686287322,-2.2507843849554474,0.04370036901144811,-0.93647057521984,-1.1862408208429969,-1.3271919584011114,-0.505811455475991,-2.1181190911731065,0.48698819127413595,1.451566158894772
-0.822804748550608,-1.6102756690159923,0.5430137704255078,-0.17845212282592274,0.44942228255107847,-0.12021149284790092,0.28346590076747574,-0.5916259102352137,0.358494957913865,0.836705442977998,0.05455506428782225,-1.4288665343977405,0.22291544519889672,-1.0109226183341538,0.9792450826152467,0.44587134718469,-0.6472382456804561,-0.9926654820980336,-1.2777168350065655,-1.566468233406572,-0.11530680616743873,-0.26095403061882233,0.36351594878085225,0.0554325989495773,0.35494343042785165,-0.05365901326741624,0.19892069635251186,0.2211125276389143,-0.6673039483478154,-0.519537030895287,-0.14949733941367715,-0.4924263838102628,-0.13545458592760723,-0.5231050391672262,0.494285462156494,-0.9934350079148173,-0.735195632691003,1.6907724078341388,0.6265189205036912,1.455702163774529,-0.07690642211313525,0.3610054064357855,0.14291396222960778,-0.5400952932766035,0.469626594851552,-0.3903387413187826,-0.2645182863500715,-0.605657216062891,-0.730089587178876,-0.8502640876387055,-0.532701016352357,-1.0199375457379916,-0.786561277110271,-0.790681656665514,-0.031335475821442096,-0.39286433935227477,-0.9824436126731673,-1.3787684318973359,-0.6629970122675742,-1.0071430390591747,0.4371144603384307,-0.1274785082885568,-0.6548420862824795,-0.8954061024529639,0.9377514413530516,0.46991798893340686,-0.16583331560945155,-0.6026718620782079,-2.2431433039837265,-2.0122892019420724,-1.9733078471516916,-1.857099310499177,-0.9775642781301036,0.15476559440340892,-0.2572194844872876,-0.02519042187816553,0.1971488205601692,-1.357737876622969,0.4566674718707938,0.6681651356528912,0.29565731108294974,0.17461222399785067,1.4269502050827583,0.5240959788767433,0.8951208693227382,0.2895809808395023,0.7967065978273882,0.11208613662430796,0.6905567388617698,-0.3459426138023989,-1.4442311909710146,-1.2527219439434427,-1.3835238375191685,0.5751709271567301,-0.6743980082501209,1.498359213343456,-0.9451795703129431,-0.4668230416733511,-1.0520004665795941,-0.5950730081256462,-0.10274248385557999,-0.5725369614487382,-0.8580507748745264,-2.057582832755208,-0.49791450705095075,-0.888336829264845,-2.1398133143607265,-2.1814241417023865,0.7730571184941479,-0.241029260192287,-0.7349326715121486,-1.1333358107768077,0.1282140569640886,-1.5763758089188622,0.9114266507550581,1.9742005628240606
0.20875517680950845,-0.9205004987706762,1.4610693660614409,0.2565239869655745,1.3736493856312866,0.36815912364442316,1.201505477422917,-0.4133717766232025,1.1514062251979849,1.3021991009695855,0.7664105197832889,-1.128616899608247,1.1288637582003553,-1.0004560351291834,1.6623823226597523,0.28315028786418567,0.13079679015386242,-0.2729777478802563,-0.7094553786107002,-1.2802376252277268,1.1000262188961207,0.6771703775614284,1.2089436688835071,0.7322000866544722,1.347379999325394,0.7478366909270749,1.2314907140767144,1.1883023146625955,-0.17116522511784493,-0.3432103247443973,0.8487063520088954,0.22708809552918094,0.6935874667437222,0.23994305470337857,1.4786703790343232,-0.18688090971195379,-0.016892471557634948,1.9882028867150472,1.211901056744276,1.8074142401848978,0.3377475918368529,0.6609013689615353,0.18749806398871444,-0.415895532672051,0.536986467651895,-0.6563440150121461,-0.2664636090425658,-0.49415893192452387,-0.8068059728836979,-1.0315701138896751,-0.35275856025056973,-1.072437165081501,-0.3777723761158539,-0.612936156670457,0.5135178905026061,-0.08511203999184724,-0.2989908571145843,-0.8747869624235273,-0.2489059793906362,-0.9838235872993504,1.22366128167023,0.3390200145352569,-0.9060715212350599,-1.1620165732916712,1.8081247624218801,1.2571400729324353,0.6995692766004952,-0.11225769584508506,-1.6136722315091507,-1.7481639173320582,-0.9814122297373317,-0.8495679929773354,-0.4473939257740153,0.8978806757942089,0.17693323519701465,0.8778779338590084,1.3135176640593775,-0.5238779176131259,1.139830007040184,1.2263927318344228,0.701030807407318,0.8741996113405747,1.83954239034685,0.5274346048176664,1.6722652204979478,1.0615074153640183,0.9095488137411208,0.541335713437996,1.2863748553757939,0.348714057041633,-1.192138924943873,-1.0882282507943557,-0.9156861820069554,1.1821049610936525,0.31563898438507454,1.6243962819910822,0.05199642239562684,0.09916276654634519,-0.8071075003236498,-0.3109834185498886,-0.058503312364120624,-0.4715921781238903,-0.6783031135204932,-1.8364245150299452,-0.2300945677104669,-0.39844997910832797,-1.998484854765136,-1.888266981572265,1.5098322049585018,0.572524045434828,-0.11212321746302743,-0.7136499906808393,0.8457227146576223,-0.7095774781847263,1.3402030050364688,2.2460801029406485
1.1881942943000514,-0.09871072444303687,2.1701225987133435,0.6147725518466627,2.176372138448758,0.9132102432233645,2.0104864179999664,-0.14380374374460617,1.883742668513874,1.6466381243512307,1.4295156962282034,-0.5900001457857742,1.9300003395771097,-0.8164895146748044,2.1878553550778626,0.21910772469399217,0.9624092279660046,0.48748640961100304,-0.009255710947456586,-0.7878447018674649,2.1456257094507367,1.540813438671485,1.8822040388483363,1.2398770153698127,2.098595486391922,1.3565825790699266,2.1024263805135264,1.9670238949314185,0.46683099153425234,-0.05212601599644325,1.6951462442765786,0.8737317848336866,1.5093750361098048,1.0755695328250912,2.2792382117830967,0.6565161775551103,0.7846464533972999,2.095305638591999,1.6397467796492795,2.0114881124404573,0.7719000118743808,0.9534600383107147,0.22226376148059696,-0.22223622768841503,0.5094419651635415,-0.8467286216955955,-0.23700261172166995,-0.29336524294994687,-0.8283848719621095,-1.1214511921167494,-0.21549626859566912,-1.0177118159714889,0.016461796564682347,-0.2762125797770422,0.9590787709409978,0.2705997661161504,0.33562076484415826,-0.28482774581524795,0.20757380244337953,-0.8126785043290959,1.8311653134086754,0.8286701392909667,-0.9572632574882887,-1.156171712977602,2.4215228070284343,1.8181975203134346,1.5097878799740854,0.44129670706529994,-0.7803768335813747,-1.264055057800147,0.17185421418310978,0.28962995387075274,0.05529654963904478,1.4680668467560853,0.584462826901676,1.5609765867017247,2.1891809995249956,0.33788526484558407,1.7138809608873395,1.5752814718678032,1.1323444420364648,1.4942390582631369,2.0579752900883284,0.5752268109076148,2.2534291945900162,1.7634593873189137,0.8750471983287589,0.9052202921291971,1.757558595784994,1.1498696165107778,-0.828636286739378,-0.7526145193171138,-0.3429766116403705,1.6541465754976903,1.1993421264002424,1.5944531262443604,0.9673335200023451,0.6075482358698341,-0.49087360982363876,-0.02110741518668434,0.034760744314186146,-0.30776899073408637,-0.47731649813687826,-1.4416226652282758,0.06843945098055497,0.16512680968301524,-1.6860696518324174,-1.426842221375922,2.138398020380725,1.3520936062748166,0.5381033556374488,-0.20065811483051657,1.4922363107089975,0.3014395172737934,1.6994454141821123,2.20644362686531
1.8804416531311048,0.6229379176511738,2.5583339554330125,0.817244544679207,2.765438409304411,1.4447808139327925,2.5610447827557774,0.14450766165381046,2.453326387117475,1.8407342627754044,1.8895131598651096,0.09103188087936054,2.4862975946926364,-0.5015992742083821,2.4903524131950268,0.3014782403829135,1.6423396856173826,1.0966863465741965,0.6493219149049081,-0.2410868309262215,2.8461377912727843,2.2057430556315594,2.2992782457051963,1.5226885392503133,2.5171577662865863,1.7092051915681044,2.7033979151145826,2.4738101202241887,1.1012227137186368,0.2660875470934018,2.228190491560276,1.3166833143489551,2.148237766340107,1.819337473270759,2.7972715048599452,1.4293575884574394,1.5241708752334753,2.005604484033368,1.8418547065837396,2.0343226789793367,1.1207023010641786,1.1706833855819971,0.2027588304737559,-0.03489247688966644,0.34645265162981115,-0.987335204479176,-0.22796355208109953,-0.07822012227056412,-0.8482662689427386,-1.1686274391355562,-0.19303042493055303,-0.9244978078535009,0.29433368759326173,0.11196654936454811,1.2079487952592687,0.5675780691414622,0.738588318244719,0.2002700684583211,0.5581905326559918,-0.5882961990792007,2.117671182707705,1.2944715678932688,-0.8645905708169784,-0.9249010825684313,2.721829981765763,2.0896838931757813,2.125381507166181,0.9354638884698431,0.03654261940242904,-0.7308611683203665,1.2431762493558487,1.317830866663386,0.375138218679942,1.716350114095641,0.800784352272967,1.8626247689473192,2.6603624731804647,1.0554976848987652,2.0325821138498394,1.583502033975984,1.4532628303272257,1.886018459911769,2.0606059868190956,0.6465222480483416,2.57408417816497,2.299906155345682,0.7168427168394705,1.1415061571659886,2.0495933320235977,1.9215454277179187,-0.47787754287057554,-0.3542801831348791,0.18914654010463341,1.9001815466467953,1.8371544739182981,1.4001234242394247,1.5975404511994933,0.8864449017782382,-0.23209718067714025,0.14192269066223664,0.06579757322522672,-0.15982788871720485,-0.37080631898876604,-1.0251117508574483,0.2888669866450652,0.7094202841302047,-1.300907207885782,-0.8815803052708214,2.5608484900817747,1.952817911452168,1.0705145786186063,0.2574446027313211,1.9208856874448454,1.2459019843506074,1.923089655586049,1.8493638076306718
2.114908653452843,1.0387222509556604,2.5721787749894642,0.8166565660460559,3.0788574320916897,1.8778867948676483,2.751528617302583,0.3751924627050504,2.7797116959678694,1.8709361539622353,2.0293117575817057,0.7837729333436937,2.701516345814334,-0.1284406123857076,2.5385224807847853,0.5290479861829064,1.994671016874077,1.3906641579451522,1.0976181315462714,0.1966623887350897,3.092774605244452,2.5783280704721796,2.415491584548899,1.5609328424548887,2.5689311953353546,1.7859955731003798,2.968808604710885,2.668779762858601,1.580506465241977,0.5133488792831559,2.3454554271981443,1.4653408675773363,2.472255522771054,2.3125795387049592,2.979083183923973,2.0328868917469647,2.069563543349338,1.7414562201512442,1.7957173609931358,1.86882575024616,1.3058522273924276,1.247478914254093,0.09257716875792898,0.07230446134408972,0.034337293454737274,-1.1102230353944924,-0.28473643602492815,0.0765603153314864,-0.910094240661442,-1.2177926856473082,-0.3245654631129622,-0.8534858613757395,0.38834660139724714,0.441068739994669,1.2046099973142654,0.7135356158774528,0.7807271785619958,0.42073518410826116,0.6812357661935885,-0.40721714930251895,2.011366568603312,1.6873022428269189,-0.7101084513592232,-0.5627791782660773,2.705579131254822,2.061394600273822,2.4395842117788478,1.25697861005484,0.6263534064417257,-0.3217183373136363,2.005992767740904,2.012306433439123,0.3978603228685407,1.5603515399831864,0.7065475237996328,1.7080464702064424,2.6396956938998644,1.4791654908572562,2.0018918399119943,1.189974236339468,1.5430633751397984,1.937052393462932,1.8539055562910787,0.6953320214382593,2.6059599637980844,2.5935695510844554,0.47633955730096955,1.202765071045582,2.1294181101304894,2.51108402328409,-0.2649880754225092,-0.016519120863796588,0.5338150255381675,1.8672267174950226,2.1366471396065534,1.0642899327348083,1.8051709519187848,0.8166225847070177,-0.14166944760258396,0.07575201632443887,-0.061220602231057006,-0.10138343235417388,-0.4461182395829408,-0.7325748590053499,0.3421072020303417,1.152846617716944,-0.9476086575354551,-0.34877304249754265,2.7174180433479975,2.2716243555390574,1.3712663192207417,0.5317667965442869,2.025323424134619,1.9274978320654559,1.9670955221940043,1.229109284440208
1.8266370226375108,1.0194793284117223,2.226830501427334,0.608026448140538,3.093553008361843,2.1289147856606925,2.5487698271873374,0.4848640666356741,2.817796990716229,1.7400791436786294,1.7971567749597916,1.3501520088773553,2.5416250436149057,0.2155755999158826,2.3380377846434865,0.8474459229281568,1.9121492950657442,1.2711124603091248,1.2110309135991026,0.3889868497935521,2.8639366096175567,2.6136074410253705,2.2314025250830714,1.3709557873865748,2.2808747804862284,1.6113797387274453,2.884480950454926,2.560481464126439,1.7799004361338238,0.6032063650405077,2.0243899017994975,1.2869086013592324,2.398607366564594,2.435754114500547,2.823399080950734,2.3941886638941194,2.3315529737428644,1.3521057334439688,1.5284626048063503,1.536976306671428,1.3031729637105844,1.1408820531791195,-0.12696460661982592,0.04402936544897269,-0.40794622701470223,-1.2428088366815575,-0.43652166880920895,0.11193338878202488,-1.0340347088991246,-1.2960816621506839,-0.6023044905203211,-0.8399396918154811,0.27945993304596384,0.6216981986033671,0.9462653429364467,0.652179688605905,0.4176344720128484,0.28746835372129875,0.5144600970010043,-0.34087302663211394,1.5289551948936173,1.9617587431793697,-0.578302881888394,-0.18705131763754917,2.417644108404316,1.7747495425551605,2.400435021900636,1.327890704812184,0.8357996297270559,-0.16944087320829407,2.3005362004661016,2.2182248915144025,0.07886316977153528,1.0004857711810218,0.26074512375219167,1.1199035911165804,2.134067050370579,1.5147846398874614,1.6012541751298424,0.42263421362362774,1.3276405184936606,1.596747065681115,1.4731752981337642,0.6636048622466079,2.3591257530694194,2.598719029073604,0.20446927129274353,1.0695597407787474,1.9897214043365272,2.7809607028625987,-0.2861203393509781,0.15172889152395036,0.5785016542272519,1.5521922939824435,2.0663008802500396,0.6421201741768351,1.5494908635465976,0.36486824033244536,-0.285005840424344,-0.26213475259129027,-0.39694079590965314,-0.18118126670175477,-0.7369888253778526,-0.6658610403663008,0.18425924670409807,1.4412392008035018,-0.7115083598508495,0.08415596761138626,2.597643930436697,2.2703651336316937,1.3823015683871067,0.5426638090989521,1.7650346246212252,2.2062073861318265,1.8189445236226158,0.45274663341218774
1.0717017052542048,0.5442085841921743,1.6025794830064344,0.23094083773142776,2.8281870319608977,2.135722728077579,1.9942396656370307,0.43789137295218167,2.5656673074379004,1.4677387384376428,1.2191795509829095,1.6751031319134277,2.039770209656788,0.4481424642777812,1.9282102770696687,1.1618587812825254,1.3808618391423955,0.7299702960764776,0.9392951144462666,0.25991282749569894,2.227036422309534,2.3241724503317625,1.7920594062535633,1.0011779795363385,1.734062414313552,1.2476748950015122,2.4880825735506282,2.202132508093997,1.6295518504475213,0.48209981193883983,1.32662485611505,0.8128090950910556,1.9191800647720185,2.136701557627291,2.380102530895392,2.479832245741766,2.2822758068394733,0.9063596726336363,1.1094305818651515,1.0872981738806082,1.151192726011817,0.8453476855121559,-0.449597885307169,-0.14312036878466172,-0.9296032556660064,-1.3983741386219424,-0.6894707691693132,-0.0027927797735393146,-1.2101189022536172,-1.405589706429571,-0.9699208155534977,-0.8854119115732344,-0.0005126757116547749,0.6040355441915553,0.4826956844658056,0.37674653316984,-0.29812668431589323,-0.19588898597166607,0.07313912391498283,-0.41650759519074887,0.7725479514846261,2.083516349293556,-0.5325758522845025,0.09234270244033518,1.9388620393628666,1.3121288527578494,2.0223094243486077,1.1245465943905943,0.6045840441460145,-0.33366361916014375,2.0693204831014134,1.8827032673102098,-0.5435606794460305,0.11917472822750201,-0.4860404339017079,0.2073793169518371,1.2430193831655942,1.1478215973692387,0.8883962632307355,-0.6032222546480354,0.8010670925690028,0.8911205307427421,0.9796741945941995,0.5015006720394158,1.8799591294577276,2.3115137443834497,-0.046579350707210976,0.7601778811537021,1.6515028313670728,2.643498782591695,-0.5818592476901475,0.08365831382786446,0.2770363293651518,1.0044917640090876,1.6585788675889692,0.21296747732764912,0.8948775516270192,-0.4028719521061552,-0.6644062001958951,-0.838945995219862,-0.9283551609305493,-0.40904735783601287,-1.2118888428112091,-0.856773603816331,-0.1696097467621791,1.554477833141045,-0.6385031527772617,0.35814888179047843,2.239776821308539,1.9819093660036409,1.1124545857821886,0.27751443801578707,1.1764917992638446,2.027987926629766,1.4998398547076657,-0.33977969917161366
0.013413714325937583,-0.2943404444201086,0.8278401002508144,-0.2372499587640874,2.3391334733925575,1.8760124803170515,1.1943777367234314,0.23573189682665277,2.064844392078168,1.0896147153061553,0.393619713641302,1.6927164928165526,1.2873284084112846,0.511774574642985,1.3732832346917907,1.3633965863959927,0.4847216716261301,-0.14509203766957637,0.32039271489530646,-0.18589034335350896,1.32172244857313,1.7775793936016597,1.1795736236479628,0.5248493602265236,1.0471347588501645,0.7831578817472971,1.861131863414559,1.679787334479605,1.131863675808147,0.1447465408943743,0.3854273713479447,0.13282272816847382,1.1054809404682402,1.4466613241099044,1.7403892457179673,2.302705545535256,1.958772638813405,0.4806224432817931,0.6333260415598831,0.5871066844125145,0.9379736359092634,0.39910611995310247,-0.8416891447293201,-0.47362520808330244,-1.4557652509017587,-1.570508361757246,-1.0240019637112547,-0.26275112882073104,-1.400478590510359,-1.5237132767553372,-1.3348662585472046,-0.9604171793551117,-0.37842385014582075,0.38674293658232645,-0.09468501342794336,-0.0679789673105545,-1.2268400833914772,-0.9334550582876706,-0.5519534431986449,-0.6110291368355437,-0.0943137378662032,2.0365059259225404,-0.5979277641426654,0.20026435822456484,1.368332944478268,0.7794335685924603,1.383869595133766,0.6846921912648554,-0.02012908647964367,-0.7856938741368696,1.3699511671010798,1.0672133648354245,-1.3537879564344957,-0.9359398987704481,-1.4013760787322431,-0.8613504194117005,0.13796882526753157,0.4509723912680721,-0.01312545250956299,-1.707441851864341,0.03183358731998937,-0.07757490743350487,0.4532193706968816,0.18887490910484603,1.2447792670047342,1.7743160727405787,-0.2307975209645159,0.33294014044067466,1.163379867378903,2.088457042637531,-1.121179066826411,-0.22628126223909328,-0.33163158004390775,0.3182758922388741,1.0025733693259713,-0.13590735761508063,-0.004957550193682441,-1.3328309117100865,-1.2158530844745135,-1.5497744627028889,-1.5769034137669111,-0.7512809001959231,-1.7791116449170308,-1.258999395852162,-0.6474038085150408,1.5036414330284942,-0.7249281297637058,0.4556847838366038,1.7191531600147036,1.4984221550694035,0.6332825578018638,-0.20753021408011463,0.3668721513585923,1.4355450686828155,1.0593244075244452,-1.0043776097924357
-1.1164014654799517,-1.3109624853600348,0.05226549286801581,-0.6964661135939071,1.709886704146763,1.3779740781144252,0.29755381766769445,-0.08172075361918485,1.3925983139389189,0.6547307800260392,-0.5311511279958584,1.4018459582336191,0.4138538206184716,0.3884639510362017,0.7504407545144862,1.3612781076008218,-0.611174391014261,-1.1862248433178912,-0.5254781845416712,-0.861369625918273,0.3287740887219378,1.0824596109369842,0.4996566785733209,0.029635788775178216,0.3530552589880863,0.3159404114709499,1.113767859530697,1.0946950601355878,0.363806664915705,-0.36046735712570355,-0.6209950462608492,-0.6220312287303511,0.09698090812662345,0.47908783852346265,1.0196983709585727,1.9197078276216384,1.4513677312158706,0.1443114684033542,0.1981012041130746,0.11072932882781886,0.770956742999742,-0.12093538214569181,-1.24589025602658,-0.8942885677990937,-1.9008194216496157,-1.732867314195412,-1.3966436535399067,-0.6273913346816404,-1.5494942431823826,-1.610607065789944,-1.591448577884535,-1.016363706319016,-0.7584282918880247,0.014848012258662079,-0.6719792522059784,-0.5955576833036895,-2.1712714178248884,-1.7594239287251343,-1.2161987783455566,-0.8588613710691936,-0.8852993670942149,1.8276600254934434,-0.7544048115720172,0.11461589869402058,0.8038745658285389,0.2850094260494256,0.6123993826815999,0.10059638356062628,-0.8939222273726727,-1.414802213992422,0.3622282123353205,-0.06465001579143251,-2.182301914507015,-1.9808168531693415,-2.300890061901022,-1.895322681700837,-0.9731635511341092,-0.42757796567644635,-0.9404276506362971,-2.683228019920319,-0.8486657951885387,-1.1475593756907922,-0.019865356099798167,-0.24954519668387493,0.549069316044565,1.0714294326015368,-0.3146527709419234,-0.12161533512063646,0.5961881454347462,1.1940317065409123,-1.8015116302408647,-0.7175716089178004,-1.1250531761859137,-0.3849543579923699,0.22783950567744232,-0.3300188436396783,-0.9430075704822115,-2.217286085506268,-1.821516691878835,-2.23931764100805,-2.2142151627947526,-1.1369859575135186,-2.307550066533872,-1.760061691281587,-1.1373502667193391,1.32169350606424,-0.9195559686973459,0.40384468414761254,1.1290671705120783,0.9456208675334828,0.060965698452240674,-0.8016406233055269,-0.5086289947982741,0.5577461402939045,0.5641054822304501,-1.42400954997836
-2.070853117538326,-2.2707131584320637,-0.5843570241706733,-1.0446409167989918,1.0355878117006787,0.71886798451531,-0.5370393825171922,-0.4437324889742498,0.6476264487284262,0.21945942788804434,-1.3888458573952431,0.8672655648876655,-0.4390639311304111,0.10542024388322112,0.136897291835174,1.1109717832967234,-1.6947119734850054,-2.1792739602554088,-1.4208494726944265,-1.614732805908274,-0.5683023931652726,0.36600236703766853,-0.13636622108410332,-0.3958576700552043,-0.22666014543231308,-0.06426092897512761,0.36476338927348656,0.543361938191961,-0.5369586149842954,-0.9382973679225993,-1.5049970650055304,-1.3049742071071875,-0.9254030904419283,-0.5900480260205769,0.3360679175476938,1.4197731049095026,0.8802058771688372,-0.05456954118604434,-0.11718840220734199,-0.2741703463454918,0.7397960448799057,-0.6150962616676182,-1.5905633914100032,-1.3236884287047312,-2.184453498700472,-1.8441926362066807,-1.7460009021858713,-1.027646395564472,-1.5985643782526444,-1.6210502900654666,-1.6482760662663862,-1.0023518320091878,-1.0448278144734766,-0.4323323807354354,-1.1359400301597933,-1.0971509022131123,-2.919462640302435,-2.4763865140448753,-1.7565620574202832,-1.0710166821297014,-1.4347127992281719,1.487287170153351,-0.9431044344383248,-0.12914820036259939,0.3242605227984462,-0.08147932455227158,-0.14250647175021997,-0.5006738974636998,-1.8080742443684392,-2.054532701980923,-0.7277926022128082,-1.2816577987315685,-2.84204542972192,-2.830044684255335,-2.9907319697195747,-2.7174438643786196,-1.888221783479474,-1.2939379097522927,-1.7258401902238236,-3.341946266562879,-1.6736632571018326,-2.128259403936298,-0.36233166959470564,-0.7418635745476642,-0.1070823958405171,0.3153956015844572,-0.28215598391277635,-0.49885108300529807,0.03242726222383777,0.11577535420142257,-2.466908190382693,-1.275470194929523,-1.9212898540735104,-0.9804798619332923,-0.5181330982914475,-0.3273039644535833,-1.7067741426315681,-2.8432728228466853,-2.33555794803138,-2.737316472009777,-2.6920599124252136,-1.4741638353647049,-2.6582741281315134,-2.2099475479011796,-1.516276423249897,1.0519915878110235,-1.1369740812302516,0.26601441225540823,0.559363528961719,0.45000117763653513,-0.4715240672538046,-1.3654047583586528,-1.280720421899091,-0.4199342898784048,0.08404645173901884,-1.5350149224412395
-2.643256404412955,-2.9430063444742283,-0.9808150237697074,-1.2002223369222906,0.4056015020823243,0.01052888031994121,-1.171820818216797,-0.764211105326269,-0.06811250288209045,-0.16154210229000557,-2.029883446606797,0.20582539484346715,-1.1442609962896801,-0.26981041201698513,-0.4016955932967231,0.6296440721431245,-2.5512962313781657,-2.9092005173911732,-2.1695925705663215,-2.2629740838867898,-1.2207370030363194,-0.2524278615067093,-0.631479212071769,-0.6776125393837705,-0.6053195905677412,-0.2935916588105963,-0.27966060951473665,0.09941717685468271,-1.3999905942880895,-1.4652600888452771,-2.1069024531722764,-1.782833126922431,-1.775645126332332,-1.5574353944207522,-0.21228163601640823,0.9041362015681443,0.36552616444131336,-0.10069741731905628,-0.26945888158004433,-0.5196391030541648,0.8837356920681602,-0.9840497442957086,-1.8032837370602377,-1.6680515624661574,-2.246966546138706,-1.8573628170183982,-2.0020408711872277,-1.3792032213452015,-1.5012570942089676,-1.517136646903093,-1.4525175050846868,-0.8814827754455532,-1.1635831263251617,-0.8600880831253573,-1.3963440799877198,-1.4655770995188098,-3.291263091018787,-2.9006708206374388,-2.031535725143353,-1.1599373646046789,-1.6349886838581886,1.0642252865809816,-1.0833926410975547,-0.44846817931993826,-0.02352192335652933,-0.26649658249911556,-0.7405256680397756,-0.9857070196975125,-2.5379075600340024,-2.5228476818809464,-1.6589595435072777,-2.3344294955858063,-3.1698443327650674,-3.3315806652825346,-3.312321196182644,-3.1949507222757445,-2.451010182766279,-1.9505006511276541,-2.232188478500913,-3.5540484608867,-2.278842060860304,-2.8392990045825224,-0.5225634927666687,-1.1826810816912512,-0.6355198412037584,-0.37445305513231353,-0.13837803068118898,-0.7053704251639085,-0.44822029883525727,-0.9457942173618342,-2.941596499711863,-1.7575520392670065,-2.520837830065487,-1.3665151207267185,-1.0957771052451375,-0.1313084412952237,-2.126693192418302,-3.0445912060013343,-2.617624770383784,-2.899427234245967,-2.879349066535371,-1.6719689543452,-2.7193576282578675,-2.4589850116300633,-1.6814540218591492,0.7382949690497123,-1.2791150860904466,0.12400892918440966,0.07811573980937112,0.10737058863171593,-0.8457600540813824,-1.7626702175336781,-1.8031954866283304,-1.2972013112792062,-0.3214916584899022,-1.3419628814188622
-2.711928158997104,-3.154899030334182,-1.0945606717105225,-1.1216299255150222,-0.11219872186198787,-0.6251977357335158,-1.5178635361363304,-0.9619948134425659,-0.6676375952385225,-0.4458194220929696,-2.350733604009946,-0.439431073459398,-1.6105708820897957,-0.643892175050243,-0.8196327755006029,-0.005650592271055909,-3.009522412643524,-3.2075205039728267,-2.6008257605313765,-2.6340584112626746,-1.5430794327941524,-0.6856005075998806,-0.9211911702526486,-0.7712249382678081,-0.7471389273410413,-0.3472096251037234,-0.744059828476714,-0.19878905168061395,-2.0585655989322573,-1.816805693406884,-2.3269160046311925,-1.963660034757099,-2.3012968631924497,-2.2359784862847865,-0.5655790759711309,0.4631789654264583,-0.0015444379557336472,-0.016752427744225376,-0.25976462244370524,-0.6073048638754229,1.1733109798438734,-1.1535509890485556,-1.825810200108609,-1.8405119005266064,-2.060813628089229,-1.7305772285828538,-2.097728430939741,-1.5995316527803267,-1.2351633262638082,-1.2785546850244636,-1.0046698201426727,-0.6421611545640283,-1.07784020997495,-1.1796942610432433,-1.4033397084083337,-1.6188637661703493,-3.1785609984566294,-2.904739263298561,-1.9556707016898267,-1.063671616520233,-1.4595441066564827,0.6164491596217706,-1.0971299912383594,-0.7367074556457792,-0.2296558282489278,-0.262925061141269,-1.0807493387599378,-1.2456926957608254,-2.8953951908159774,-2.6666297800545564,-2.229983214742831,-3.0091880500056227,-3.063851699079879,-3.3950116301256603,-3.1790188406798943,-3.259357424404872,-2.5810103166408767,-2.240952406817264,-2.3815935499049106,-3.2769316803099575,-2.5417764904537283,-3.149341752031782,-0.4882862262733244,-1.460529258706518,-0.975516637157328,-0.8967577864220099,0.08941605079585233,-0.6853770669345081,-0.7843415931413086,-1.7914676958409892,-3.0717317036180134,-2.0288145013913383,-2.756166152388814,-1.486559154986564,-1.3990021895009326,0.2059993644366573,-2.113900152707652,-2.744341899596583,-2.566492987303492,-2.6437767238624814,-2.6969007515937724,-1.6638700536316509,-2.4353717131353134,-2.3955733087225393,-1.577702927221262,0.4182082176459141,-1.259989673112988,0.05509315503958541,-0.2795357135592024,-0.03957952221751805,-0.9856402283217893,-1.8910663030173733,-1.9846486284606977,-1.9033147350105346,-0.6141681912798311,-0.9168115490088323
-2.2653243099792664,-2.831719509164712,-0.9486107060514074,-0.8189199309752734,-0.4818950640282209,-1.0846327225765549,-1.551069503547389,-0.9813147539125626,-1.093291952224558,-0.6120079491947369,-2.312069133215075,-0.9313679828728022,-1.7957739695401236,-0.9185464063280496,-1.094946600488535,-0.6760916084017697,-2.9783527413514177,-2.9913135571285436,-2.608264792834386,-2.608254200561496,-1.5267762092802872,-0.8949017223994655,-0.9858594244801234,-0.672573939472811,-0.6721775731393218,-0.2445349630024732,-0.9951002362416672,-0.35192644726191114,-2.3867588002031948,-1.8972593283630774,-2.144797947160771,-1.8165876516059956,-2.416059820958307,-2.496898916288614,-0.7128918946579785,0.1557113482156965,-0.18081984486711755,0.13930228611822282,-0.13077252895541766,-0.5527778664893003,1.5121643844020156,-1.0943969897672632,-1.627607886100118,-1.7800946374449222,-1.6365026932272553,-1.4385691805776235,-1.9818387810199956,-1.6255400388756756,-0.8083120048861278,-0.9084303463328665,-0.36047815084947477,-0.3019330447823063,-0.7947717171880416,-1.3277303015604875,-1.1566821106022913,-1.5183721595412494,-2.570598971226876,-2.44762974968357,-1.5206586882565705,-0.7635969229070124,-0.9662371218586531,0.19926386002926755,-0.9336990401737674,-0.8930830535978564,-0.31853237255465194,-0.11060062506497165,-1.1236549663268982,-1.2228039215521675,-2.7736340103502255,-2.3999824002575325,-2.325532982780059,-3.173764118230862,-2.508612825482392,-3.0082610402285783,-2.5965219376460458,-2.913818671097823,-2.28647220636453,-2.087719959084566,-2.1717329908521625,-2.5637385172951963,-2.4131324574610917,-3.005410088341649,-0.29303001628641445,-1.4914925043203033,-1.1045644680657611,-1.189896676759572,0.3542255502094939,-0.44006137644210475,-0.9452269834193385,-2.271256072724365,-2.7651914337180674,-1.9964423524478203,-2.5354399418148823,-1.3422679844773648,-1.376182859824371,0.5932728838321969,-1.6785824800068812,-1.9770317369762629,-2.146066075110968,-1.9742905606240162,-2.1407099104973235,-1.4258957947903208,-1.8238487155829677,-1.9747330132454581,-1.2125606391125547,0.12020654637090022,-1.0279500845335912,0.10992229747004348,-0.5134498012872,-0.009303673172493806,-0.8752064516814878,-1.704849875813318,-1.8074729313836753,-2.133706411731934,-0.7819880494914871,-0.3817826745926044
-1.4028811711387192,-2.0158148743557103,-0.6234125566475257,-0.354139046757196,-0.7023195846421774,-1.306035817753067,-1.3141706641883684,-0.8072061169522982,-1.3240142245007878,-0.6637766053591487,-1.942595475436173,-1.1697132747910142,-1.709153378791064,-1.0128655793405987,-1.228028433269593,-1.2496537937815906,-2.4675875045653775,-2.2845619928518506,-2.1757076993922206,-2.1488017524085503,-1.2358749491236527,-0.8949999052166889,-0.853506815675809,-0.42017714555513935,-0.44846553395973093,-0.044187618633820765,-1.043408220060759,-0.3937173284887886,-2.328131447128226,-1.6652963996217445,-1.6225701524343654,-1.3787937340443643,-2.1185955614933425,-2.3000438256276046,-0.6911720001640872,-0.003603855802538021,-0.19186095506114365,0.28576380852968036,0.04583426894942603,-0.40293594650450626,1.7597140603332295,-0.8320117925360229,-1.2152516589238989,-1.466781923575915,-1.022327591091484,-0.9818231404350588,-1.6313544427704416,-1.4284431274926688,-0.2597219538963825,-0.43418423485427116,0.37979174821261097,0.09618713723167517,-0.36330992034476667,-1.279488738396452,-0.7053398170986256,-1.1778330495685,-1.5588012854618014,-1.586877293430965,-0.7985338033659719,-0.29173897863291576,-0.28142414045545827,-0.14589173329915675,-0.5889818780285839,-0.8516455244944002,-0.33814607955888387,0.11380330329271854,-0.8996256406593318,-0.9256616692589301,-2.1725138669445108,-1.72717980179194,-1.942431088232032,-2.8051969763195403,-1.581749221259872,-2.239493532511711,-1.66257307085835,-2.227771970405105,-1.6582889971215045,-1.5124023466009016,-1.675714499608838,-1.5513059264771742,-1.930982788210223,-2.444729213771807,-0.011692921063500757,-1.2481031908102331,-1.0412503854131379,-1.2443905160461017,0.5963546394773934,-0.03271058842238854,-0.9365322303630326,-2.3205243287688098,-2.018957379685681,-1.6349706062138574,-1.8679499795743355,-0.992879769990579,-1.0420459639148112,0.9194244116820034,-0.9249041397906199,-0.8839411710214011,-1.3975020824543072,-0.9848371965551318,-1.2869347471315247,-0.984918904728296,-0.9738873883594708,-1.2308362461009457,-0.655304345421594,-0.13668872667197748,-0.5802965579917009,0.2973158251807064,-0.6517684997059425,0.12667253849705795,-0.5622684604394795,-1.2255843731782603,-1.3301034073963534,-1.970338991169244,-0.8384219055744778,0.12042451566667323
-0.3120029454594828,-0.858734042096813,-0.23526148500966565,0.17075029891470941,-0.8017361966539038,-1.2820430873029547,-0.9040950502694527,-0.47138003905944187,-1.3740619732523136,-0.6266803046655451,-1.3286438471038335,-1.1136634320947094,-1.4040061272142919,-0.8820877651117427,-1.235679398962596,-1.6116537552667793,-1.5866005860106405,-1.2159874392946342,-1.382133129740786,-1.3140829213217486,-0.7862400923003241,-0.745737959959115,-0.5914989502002768,-0.08698605469515126,-0.1727469832788538,0.17132727558150074,-0.9356860546841848,-0.376765771989967,-1.908434467417629,-1.1480096527842576,-0.8889401092846192,-0.7469511915985133,-1.4926434258997208,-1.7042381572816954,-0.5724982077060004,-0.04500072331990267,-0.10679133008132839,0.33632061168312205,0.18909053276767004,-0.22572084000816928,1.7700978403770558,-0.4423039113940334,-0.6357138339358913,-0.9296058574618663,-0.29851194647056006,-0.3919869700289612,-1.0612852171935045,-1.022759945722814,0.3451120395861149,0.09591080524709948,1.091430813161032,0.49295646456581443,0.13574758403358758,-1.0540008598134376,-0.13770270139885224,-0.6615269745418595,-0.3196808174300313,-0.46895553954491837,0.0731662069332706,0.27377905022348353,0.43100834645723096,-0.3990152355784602,-0.11249932873466494,-0.6012186146991356,-0.3443352769202569,0.31598677694000227,-0.5015307098480207,-0.42975795522309834,-1.199359788930413,-0.7447492959990892,-1.1893230686851162,-1.9923710250104387,-0.44006132435334266,-1.2234689984182527,-0.5462060574411859,-1.3204893627065128,-0.8463152653390981,-0.6333839862690984,-1.0249528937097088,-0.42993573977322413,-1.2133690087068425,-1.5851562077070172,0.25597598906315217,-0.7730315247076353,-0.8387890617155713,-1.101869963077504,0.7549535863556487,0.4241381394781221,-0.7970551667802545,-1.97405263624632,-0.9263369090989613,-0.9949548330801833,-0.8638462305900612,-0.5404044159575763,-0.47670596433189505,1.07989170196538,-0.0243111425164975,0.3179234505413436,-0.43429955185757807,0.15731603854297163,-0.27646813623967487,-0.41413754768303673,-0.026555537794849347,-0.2716855612125163,-0.019881846774297666,-0.34172318663306656,0.033246196179305576,0.5799834470189773,-0.7376168539499779,0.2655056848869683,-0.1468552761875272,-0.5387270272668907,-0.6725426566633084,-1.4813624348585408,-0.8156515511501028,0.46180548627595663
0.7734682046243629,0.4119518797551281,0.09370034338048973,0.6363599444359621,-0.8262270807272611,-1.0573730350415502,-0.4474303866523456,-0.04622412146888031,-1.2839622349726476,-0.5382396637019756,-0.592704925536468,-0.7908211124820078,-0.9624667587702881,-0.5288532518345309,-1.142504754579386,-1.6892549401574533,-0.5209128088420103,0.007243589927767649,-0.3846219165148557,-0.2475578754967123,-0.3138903867488632,-0.5337159201367286,-0.2884982807219373,0.23746197492409765,0.05554652732720968,0.3179880232274982,-0.7395130868590475,-0.35421371345878383,-1.2285795453693897,-0.43894769672900613,-0.10847698519322795,-0.054369685628608624,-0.6877715554364856,-0.8541728463034257,-0.4423884289654141,-0.03223103297798617,-0.028127849945233596,0.22316415427306946,0.2308653019870118,-0.09395881943844636,1.4379401434992152,-0.033823768345717285,0.027532707899983338,-0.2457693292635938,0.4331148252670366,0.26801748529285646,-0.3293122927917606,-0.4672835477225262,0.9225562820591217,0.6191525127320996,1.6495526161336356,0.8247026569171013,0.6046795218873572,-0.7099319441831359,0.4356600919202488,-0.07206911146649006,0.9210002043554689,0.7003367494282651,0.920476615285037,0.8240096909309882,1.0080355294976082,-0.5634186231757132,0.4002900720280821,-0.19033855492418197,-0.3837964200350883,0.4081798783561745,-0.06258227844819057,0.13788905228823323,-0.04447387565179728,0.3778268912151922,-0.2595843794396947,-0.9131858877844006,0.712565973710168,-0.13461077224125734,0.5486570369222411,-0.336883498037973,-0.023873202425949737,0.35967526510036246,-0.37835579879644105,0.5982917252837763,-0.4299774576619022,-0.5960949788125433,0.41127825078138114,-0.1716404031090635,-0.5704268952948974,-0.8405743415296768,0.7822654971084715,0.7974649886666698,-0.5871059062186232,-1.3541939783267387,0.33863141197653324,-0.1927470259282378,0.2916305437916344,-0.10371746718415167,0.1896027577043548,1.0033243531741431,0.8255981731759149,1.3859501769025615,0.5789097119184121,1.2452729788279129,0.7172535347296233,0.18374287813479484,0.8581806120452656,0.7444802528781368,0.5636690073959859,-0.4905658387807383,0.7190627148860123,0.8823657160395318,-0.8128153357870181,0.3024603139284247,0.24286020823868848,0.22299047882948625,0.010947526926027032,-0.8008644228312063,-0.7537333033688636,0.560484701331533
1.6240569541291117,1.5438384120047994,0.26640004660076455,0.9337961833356652,-0.825292537292886,-0.7131058879388236,-0.06965274983623534,0.37221591021982875,-1.1065843717588728,-0.4343239855282724,0.13357589611453308,-0.29040117475127225,-0.47654286869964313,-0.0047549041966619375,-0.9724953617800779,-1.464690378399266,0.5086185916037377,1.144600020481911,0.61707107681252,0.8528242011263167,0.0590697792383827,-0.34866979529721215,-0.031208120719611106,0.4702093551300956,0.16032259070675495,0.33388578561035676,-0.5252272117288161,-0.36273348092845586,-0.43952943725302235,0.32049741736279924,0.5572762816728484,0.5608752501598444,0.11504166374538313,0.05359208375363625,-0.37494290783406264,-0.042332916153536966,-0.05706390185476696,-0.08151150373574192,0.13470672640679543,-0.0667330665164238,0.738133487754082,0.27997910022740574,0.6656664211593106,0.4698460074433394,1.0627478064058946,0.9102009378820831,0.46726399521735673,0.14281227686660383,1.3819517010551743,1.0665601716291602,1.9521304599206155,1.0347213336576087,0.9460323001009903,-0.33327554527788994,0.9033347936819839,0.469652035886689,1.935383773032754,1.699589965804363,1.5696494246418022,1.2417855206104471,1.324155294026936,-0.6614633174773104,0.8295096953373218,0.284581921523781,-0.48036017070098774,0.33231052366268593,0.2756136139266782,0.6267846911973993,1.0622735059320465,1.4342048688896825,0.6160364511005979,0.2078424518445877,1.6686417963626894,0.8478998778765757,1.4268367542333678,0.5796397920673733,0.6509431986929548,1.2488260200550834,0.11518255800960689,1.3631146999140356,0.24006946983838287,0.342348682153,0.3851964359005845,0.41534667097272704,-0.3105099454150211,-0.5516950957402229,0.6571230681148501,0.9706682702184879,-0.3716008984520642,-0.6368337875156198,1.556340160660809,0.6158674152896927,1.3818894882755104,0.21189729563371226,0.8039936405370979,0.6714493088591766,1.4460644585172493,2.1083779801450095,1.4593100919632283,2.075825517675303,1.5285013463904484,0.7015212102887397,1.5392173587362323,1.643454029029071,0.9813309855487387,-0.5833978460606034,1.3582948244312973,1.108557429810501,-0.902987241218881,0.1600189221109998,0.4814069757504764,0.9059303889589182,0.5654575005713096,-0.09447802315611298,-0.6886547964591397,0.3999815295832131
2.0635060560378458,2.3167423579230833,0.23463496559669564,0.9912165064136883,-0.8386233936724876,-0.34287510558957046,0.13442820423362825,0.6881308885300652,-0.8924860839954926,-0.3366647109207161,0.7354747176570838,0.2575474301480608,-0.02988898948450757,0.5980077142663401,-0.7436385654762389,-0.975657370620811,1.2946993669143616,1.9755654862905343,1.4256099756166145,1.7786417307384201,0.2520528034167794,-0.2607672343342815,0.11769953424398658,0.5568545166117294,0.10789049178650996,0.19742960567960557,-0.349752170525529,-0.41201892955272185,0.29404268219017793,0.972361225847731,0.9870727663052149,0.9886654469559193,0.7446917096889738,0.8171523447200941,-0.41183903149824685,-0.14231485730814958,-0.2610779796575815,-0.5519161952314029,-0.09372586604012681,-0.17313680455065167,-0.2534704714852359,0.4114534677118682,1.1619912479534538,1.0838954948911532,1.488511566763363,1.434235433064556,1.203839613369526,0.6920690964342351,1.6388210834137185,1.3720219186260574,1.9375729397410395,1.082254051770654,1.0796351087874203,-0.019125795021651192,1.174352433527814,0.8483883884118324,2.541644859009442,2.3399914077908286,1.8834232965852375,1.4268060280976789,1.3176692456054488,-0.7254857744914318,1.0609865416679944,0.7046033883080093,-0.6283160662056442,0.0760932400473413,0.3972812609819431,0.8974927518011916,1.9031155006031129,2.225633933042417,1.2253608472997402,1.1508802039783759,2.2620146890607016,1.575453483068979,1.9426738578504958,1.3118192704491722,1.0678765180853405,1.8379857812582354,0.35172311921651644,1.7612905245135937,0.6528840462124811,1.0805718657364285,0.16091430129621648,0.8507971596634656,-0.11645692888255282,-0.31378985519666,0.3935263980598742,0.877423956545862,-0.20274663683437444,-0.004908495424253472,2.5082126080806715,1.2712880674911573,2.208706693049312,0.34163380130731213,1.2247879274675808,0.12601807200054232,1.7150537116856568,2.352404064676884,2.0433654079395334,2.49236441901419,2.0364953547064175,1.0540258044124078,1.9265130304572844,2.2727923696730095,1.1617255607288581,-0.6234831910416216,1.8314570140506508,1.165805583218105,-1.008266962822441,-0.1909888280875692,0.4761663211680636,1.3663698368029202,0.8679406471872125,0.48010865534281305,-0.6426921849142908,0.031047426431010022
2.005061008903339,2.5916967081797786,0.009569741503213562,0.7922531407530728,-0.8871328849754015,-0.02821945384708349,0.12173138119207494,0.8303525602441342,-0.6785970326381748,-0.2461522410181207,1.1347002929983456,0.7118356951797428,0.31576293014915735,1.1632821560533553,-0.4672764250688489,-0.3045819168853905,1.6889067151678685,2.348242858368338,1.8896539684913711,2.3576460666150214,0.240567264602775,-0.30420151650945754,0.13426338725173595,0.48583267116138384,-0.08592863849387121,-0.06527741749837258,-0.24611600962711527,-0.48377568740950444,0.8314107635264177,1.378320177590633,1.1261664839704366,1.171808431119588,1.0778480695363264,1.2763969978431409,-0.5512160709081838,-0.3691119560484561,-0.6506603749512085,-1.1080524397599236,-0.40763708874187204,-0.40306911519689714,-1.367578607920852,0.32398823801908044,1.413674235934686,1.4699640550686246,1.6334321910332108,1.7456100273856126,1.7496746037177373,1.066828349336754,1.6294341985691523,1.4821219602121631,1.5945409308449023,0.9482917395972625,0.9574708594812251,0.1492072976121174,1.19536077055323,0.9777731286927902,2.6421450338975503,2.5068048714007545,1.789427606813012,1.3179267155758334,1.0006276885500434,-0.7866454574847698,1.0168220970743687,0.9597401245842742,-0.7946647231221381,-0.32238604038263147,0.24077021926491907,0.8547882311743784,2.3200152828895684,2.6036706527328155,1.4255298827438196,1.7485768152779282,2.403635506429401,1.957732721473683,2.028759190424046,1.785795687251556,1.1836433213567101,1.9980466308052605,0.2955998884440294,1.7749119887019102,0.7345533680940042,1.5297196507931041,-0.2176433495279253,1.0394117655999149,-0.01660529482220208,-0.17291672623996274,0.040956112707816454,0.5218219353418835,-0.10734976785700502,0.3979105443532692,3.0240201646805,1.6461552351147306,2.6354117443979437,0.2772425013058064,1.3535618111011916,-0.539669399703351,1.5897197413355568,2.09160663276256,2.220681758682749,2.4177312171269913,2.1898219550852547,1.1989664591910907,1.999236837184057,2.5341038156377818,1.0900215009760281,-0.6167760215005824,2.043588367693825,0.9879321081086851,-1.1023770486416797,-0.7233123895175521,0.18966418455235415,1.4997226577302405,0.8520877805899139,0.8079826335987322,-0.6198556483953714,-0.44435129540049134
1.4677233160243153,2.339990577211684,-0.343513035835766,0.38143076577536666,-0.9696966009535422,0.18025770644980846,-0.09149672454578828,0.7705938199453333,-0.48291896172949883,-0.1444663168064237,1.2990444720263519,0.9517579490965747,0.5273161935017303,1.5729647961732511,-0.15203529232416624,0.4394807418203927,1.6324707231692095,2.2111708039134093,1.9354117690423298,2.4914801987629516,0.05540610195464246,-0.4704811413726534,0.03655796136896623,0.29069844417830665,-0.362152361221772,-0.38626349852638125,-0.22032457988953397,-0.5400759455947685,1.0850587332711723,1.4516358085419856,0.9950687710658689,1.1168664025156296,1.0642032534281756,1.3487582119431996,-0.7495520983221224,-0.717884501256607,-1.1726036731258493,-1.6300272080845883,-0.7311562322571689,-0.70793579994142,-2.3783006759810457,0.044304920125914006,1.354331644460174,1.535872140887421,1.4614932262207108,1.7763723370864746,1.9947896180254734,1.1795507407348282,1.32520190800298,1.3661070440644856,0.9635182032820948,0.638352773414752,0.5745952251624276,0.11978927636707087,0.9605023713772457,0.8186482021234914,2.242795029973365,2.184108458097145,1.2951209165881925,0.9079662390634525,0.45086385988585265,-0.8650110537824514,0.6777763162727685,0.9775053991920867,-0.9296067569208423,-0.7830333041909052,-0.18582310530609503,0.47179749790253384,2.2474764965483445,2.501780443844186,1.1762817088718354,1.9195480214957743,2.0995563049072277,1.9765547086270088,1.7066698051026135,1.9780460981175694,1.024156174923391,1.6960896007851924,-0.01501100257023544,1.4685692356675655,0.4965284308690795,1.673454317027397,-0.655032792310204,0.9533218154192687,-0.007016884486505183,-0.1340847966165561,-0.32467459913653623,-0.021623437310836845,-0.08232296339432375,0.5014877281307166,3.0192326308711492,1.6734818084993253,2.613811509642866,0.06806425397322557,1.1571589650352239,-1.2022788698344153,1.1097973262090954,1.4063700487466397,1.9571326889599046,1.8700056106399763,2.0124519109316057,1.14663355130777,1.805696298449635,2.4028204163109894,0.8059829341965109,-0.5728295608167459,1.9443927380957204,0.5533202180846833,-1.1404244758838835,-1.359430920369736,-0.3509039844930263,1.2624935161456856,0.5210717314898227,0.8393205596655211,-0.6076170162520638,-0.9021990375266613
0.5697682304506918,1.645659762584027,-0.7242318603453243,-0.14508564629552356,-1.0654308337292597,0.27172274557695386,-0.4367996331730486,0.5305621233309208,-0.30580263820704395,-0.0034628369980762666,1.2418013702444013,0.9035457953864717,0.6001390971507337,1.7304460588006216,0.18974262718830778,1.1417551426103356,1.1654415414049553,1.6208839238751944,1.5791997007533083,2.1753868049660663,-0.23145680428801665,-0.7123153350503346,-0.1238144336668071,0.0397067011355975,-0.636171934670186,-0.6733358526392299,-0.2551083531549525,-0.5380203369521885,1.0350336764156125,1.1768597334242408,0.6793534085821474,0.8885357828061793,0.7334158371531015,1.044941760287852,-0.9357654023983555,-1.1412736546404274,-1.7222744147719395,-1.9849913602209164,-0.9788658501037791,-1.0113286499107264,-3.060732504860433,-0.3424279729759875,0.9727027177955404,1.2471869040985006,0.9896272122345345,1.503885080618608,1.8768258557135937,0.990358741088786,0.7440934728167324,1.0245355841424657,0.13076586786338598,0.18257048732530604,-0.02582122116244642,-0.11387602515317771,0.5122836730826743,0.38904503719505507,1.4492912385248076,1.4567377699277462,0.4864801972277609,0.2477975342136424,-0.21066197302598677,-0.9637893050804949,0.0910897563793408,0.7407267359401397,-0.9821731847969214,-1.203110471382983,-0.8053424235571565,-0.20055487843748548,1.7237471734462155,1.949163573909732,0.5480320637719687,1.6807877117480068,1.4469818793193079,1.6831974050098943,1.0783255318800438,1.9117734630727605,0.6709924410389833,1.0019750274075716,-0.4814399928536786,0.9666758904098433,0.028127763752381504,1.5597630502148574,-1.0293661514408172,0.6375719441996364,-0.057539747202204686,-0.16594489736481913,-0.6176652354967107,-0.628052193868414,-0.09936146115394724,0.3231839388098512,2.514023816117111,1.3608005036099537,2.1896947259793818,-0.1931587838135989,0.6739727329094957,-1.7365840060324151,0.3833141027205746,0.4587160949045361,1.3025127755182948,0.9583112246267567,1.5912767756006108,0.9561363805487676,1.4461658435844693,1.931508735751053,0.38789748833613474,-0.5065383015762073,1.5389428373543395,-0.10649869738633509,-1.0732468697166655,-1.9893299156717408,-1.0584660048195442,0.6826299728689805,-0.05382166112216021,0.5950845154188084,-0.5840489469803736,-1.2302373184202164
-0.4981551133055441,0.6817527387664558,-1.0242792450539733,-0.6614527506344076,-1.1402564499736385,0.2728958089578579,-0.8127537157053508,0.17608723899148743,-0.13631964743069352,0.20111594481326742,1.0129891550930792,0.5560752708240693,0.5527530765157073,1.5811259023660098,0.5362190057746336,1.701199487759454,0.4129305573855687,0.7243213231988231,0.9191818022314415,1.4957171148161152,-0.5289632518105379,-0.9566081938307418,-0.2790569171930427,-0.1842349283305469,-0.821301490493564,-0.8348672779283837,-0.31851694337521624,-0.4458810333739578,0.726596889023644,0.6127641426192809,0.30406320022602973,0.5897492955850696,0.18309550971892521,0.46160124849576883,-1.0332423174446277,-1.5594907396972584,-2.1713419977798303,-2.060466113066301,-1.077235344495186,-1.2270810816134377,-3.252905422761938,-0.7141263275659423,0.3220247477166187,0.6407303509628878,0.2916949539149154,0.9621553798362394,1.4006271337197054,0.5203492203996087,-0.04467785009428648,0.4941378700213095,-0.7842610709001352,-0.366939990356536,-0.755228266443922,-0.5080995088838911,-0.06664317471905756,-0.23648411338012593,0.4415076996966984,0.4890771540998779,-0.48915912520942845,-0.5614506216304429,-0.8503657923476148,-1.0693110460844792,-0.6384420234961852,0.2903883921195871,-0.9164371589308921,-1.4827868125584458,-1.4883409590810777,-1.0413283275466947,0.8788339126030488,1.0640843212253952,-0.2966687701839759,1.1374845489292553,0.6096867023953515,1.1808895197999096,0.3010145028218829,1.6450871999897405,0.23702678352330117,0.07113493610880223,-0.9725383797577923,0.41760053146001896,-0.5306367262816353,1.2773516567141319,-1.2262208178545246,0.19466558409987875,-0.12468054467614575,-0.2165775001806972,-0.762645398820204,-1.156187883957721,-0.11693393800672058,-0.04140952756686208,1.6295469702010736,0.7876357468099933,1.4868680099126856,-0.3959197022809557,0.0030859817213854113,-2.0424246681025076,-0.4401860231244019,-0.5501919185561285,0.38117715082052533,-0.1398715514645423,1.0499728248409688,0.7193979046118193,1.0442952471935707,1.2364874401282369,-0.07182103022001078,-0.4393440919109355,0.8867529107222545,-0.9095794553190942,-0.8643961786480283,-2.4948557317540265,-1.8034684714144633,-0.144023394494826,-0.7481614298412286,0.1563445607596915,-0.5277358626754455,-1.3567765196297534
-1.513927125065782,-0.33279507242146233,-1.1553327268266518,-1.0417340958199361,-1.1559980209535743,0.23657587006716588,-1.1109644739711322,-0.20009127581740072,0.03903554442393193,0.4765534193083349,0.6856347090107826,-0.03713668683153594,0.41890856437769697,1.125815964508376,0.8538998705015912,2.0453093465094847,-0.447043755582154,-0.2783348183649305,0.10967191107495278,0.6068462329261715,-0.7506177238700446,-1.1232081530050588,-0.36594429726362654,-0.307388110417815,-0.8519180547957681,-0.8050953260527232,-0.37461378400891987,-0.2556826272185386,0.2538230309332137,-0.12164258848547387,-2.788280740921178e-05,0.3331923581877595,-0.448020995526984,-0.24606615276376195,-0.9833502906268138,-1.878729484361252,-2.402717126983012,-1.7955043909628643,-0.982460434160645,-1.2804009674910517,-2.903143117691895,-0.944566499786693,-0.484317938501429,-0.17693581817686688,-0.5089924972534624,0.24111023122165057,0.6439209880499879,-0.14782124586990766,-0.9261383973909788,-0.1538021663752449,-1.6467083841372157,-0.9418279393988668,-1.4914107277647233,-0.975839383155278,-0.669354416081391,-0.9389894392667745,-0.5674946306606728,-0.5138436159673946,-1.4526496004240443,-1.386874996880677,-1.3522098096454116,-1.1566115769471004,-1.3716921357708336,-0.286300389027829,-0.7236562350299557,-1.5504486147651613,-2.0820398839321497,-1.8834131736952278,-0.09706257324519998,0.028353677632526726,-1.1433026613214763,0.45382462720674693,-0.22083778882587385,0.5977489101718455,-0.44767679639048824,1.2548575412807688,-0.16191556239888633,-0.8920584731362727,-1.359048796383615,-0.045348295611155255,-1.0273194916855377,0.9252180126312511,-1.1716141973021423,-0.24625363246025886,-0.16700978581253592,-0.23495813481065433,-0.7130190780219965,-1.4860130889294294,-0.09559714608177193,-0.4480389959238344,0.5620688461188553,0.08732213398683947,0.6744736646582387,-0.4423436040877126,-0.7204707547750119,-2.064112029799623,-1.2019812448260558,-1.4277011934911321,-0.6324917033093685,-1.214636583356477,0.5170098432077144,0.5370748094576708,0.715327733749608,0.47103433429069375,-0.49159503266086885,-0.39809065912828445,0.08982850136268912,-1.7372624283047244,-0.505226005327477,-2.7748628300205773,-2.4398542701712054,-1.0709447189985009,-1.4101187991873279,-0.35882647927333006,-0.4270165895847262,-1.2668256464569245
-2.269973698910072,-1.1844477941430562,-1.0706545488703618,-1.1901195179641495,-1.0801329552418975,0.2245790829793581,-1.2423441419687453,-0.5023048520593598,0.2282956063739427,0.80534148312882,0.3404712887341531,-0.7695658005266942,0.23937098148024583,0.4238967315982611,1.1007063122122247,2.138570431791217,-1.22539717650023,-1.1803280509935936,-0.6747560768559863,-0.3058784475813054,-0.8340123530345994,-1.1449626848548353,-0.3439795910600173,-0.2859457641588259,-0.7003086174569408,-0.5631837150758515,-0.39351130465458894,0.01159626656465741,-0.26531460929462986,-0.8741124241727393,-0.1295510660884636,0.2116758614567249,-1.01426146873799,-0.9040425632666215,-0.7637735158858012,-2.01366419287941,-2.342505029215792,-1.2011910711341718,-0.6908981917713688,-1.1272658800734368,-2.0877675856118385,-0.9384903502319891,-1.292349299561595,-1.0479029368685537,-1.2597456901103785,-0.5280529028085511,-0.2545181662725481,-0.8839949887357176,-1.7565944763556023,-0.8230766343949268,-2.327456224883002,-1.4665755146837127,-2.098735349943168,-1.4047856333153494,-1.1854686526406304,-1.5775102792575024,-1.3779916470274334,-1.353190444919288,-2.2290153895499505,-2.0894458700519163,-1.640442178357044,-1.1987304408604174,-1.9666294214503552,-0.8785170682244254,-0.42694740805052983,-1.381360786101722,-2.4448840938077447,-2.5487006889004458,-0.9969337450162268,-0.9513803475370838,-1.7771449059478468,-0.1876510042292502,-0.8688723388991907,0.057349932053478374,-1.0072960504445514,0.8203695213688292,-0.4325466485937068,-1.681614866968001,-1.5446909308339,-0.33555045656471516,-1.3353366940327058,0.5849993989493681,-0.8545855036931187,-0.5658436491582439,-0.15839860085552065,-0.19108395342100173,-0.46312633496705546,-1.5495608731353874,-0.011849554921225232,-0.7456331711325093,-0.4594313424428143,-0.5824625587008414,-0.07394403676429026,-0.2744353375549579,-1.3574744651178694,-1.798997016134599,-1.7653416562520647,-2.0302632800938563,-1.5488871629516814,-2.06512152598803,0.096265465942603,0.4923862507727933,0.5393888123242002,-0.2087568681849438,-0.8190199799590813,-0.4102714617846453,-0.727164668385596,-2.4562816488527384,-0.023909010620952527,-2.7660510302689936,-2.8344311201630203,-1.928892596120035,-1.8921726086036095,-0.8246847704840515,-0.2855293642402418,-1.0020479608223587
-2.614901824890028,-1.711968609012675,-0.7755103405185257,-1.064555951166741,-0.8943512265022607,0.28949277799220036,-1.1577605953032843,-0.6565031999675659,0.42887836244738115,1.1453979235591873,0.05181052454177995,-1.5040186575266135,0.05493375188261732,-0.4150055171318927,1.233920127473284,1.9843686284009987,-1.7632531813268866,-1.8129801992622057,-1.276443828292955,-1.0675892824380468,-0.7525504845831721,-0.9844500619165724,-0.20604434684078118,-0.11796520750675883,-0.3833351258342397,-0.14096277068511526,-0.3584946742362083,0.3097679159199467,-0.7158838073292092,-1.4925125804668038,-0.03313253018504848,0.27460890654079373,-1.3960231975882003,-1.3612855531179315,-0.39665855691096474,-1.9089086027651634,-1.9800750508896936,-0.36440183825404754,-0.24057051988644895,-0.7676767982998993,-0.9931686892828845,-0.6590836300493439,-1.9393557216797634,-1.7954856368567371,-1.8085940009258605,-1.1992781941569979,-1.1230650011250458,-1.5373555474774983,-2.3902441501470206,-1.409388949717497,-2.724776445474087,-1.8702208972246885,-2.454129380995797,-1.6832767427708182,-1.5231386212102225,-2.01814813086684,-1.8449633478409062,-1.8796979844689439,-2.6824854753958762,-2.5515631175943922,-1.6905934645835317,-1.1767368496173136,-2.3100889454745093,-1.3786647120028235,-0.07726144569868591,-1.0049324210271418,-2.4789047936965467,-2.88709585085362,-1.6421069538195698,-1.687047862920494,-2.034105542141359,-0.6284079036782678,-1.212247302739876,-0.3460527026603246,-1.2667020253196075,0.41009428070918025,-0.5214684720338744,-2.136845485760364,-1.4860479699076425,-0.42927893407185436,-1.3822038268870351,0.3037123890909085,-0.3329351994774319,-0.6859053649311712,-0.09538585714289474,-0.08825219796817832,-0.05122807778680483,-1.3467433978071568,0.13356025532945817,-0.8192282276367926,-1.2226968547908428,-1.0737998377978852,-0.6194121581311814,0.10892501156409273,-1.794941567923779,-1.2950551917894053,-2.0401378782801176,-2.2880730423395423,-2.2011257055295514,-2.538021955397118,-0.1528097320770911,0.6292275149846515,0.5459301684269718,-0.6778073344630428,-1.0380885707310634,-0.49599992177604946,-1.4399744781741324,-2.9449121521935786,0.5146536560575964,-2.455899591254188,-2.8941440457898513,-2.5592437127342285,-2.082528613985625,-1.1365588014869883,-0.12239650232362204,-0.6458374686102558
-2.4825251808253834,-1.8382611756855396,-0.324754051188331,-0.6880876406186426,-0.6003163104906839,0.4593791952737345,-0.8589472952170496,-0.6291656112214722,0.6263530919981406,1.4383589909710888,-0.12349383708569714,-2.10063406373081,-0.09875981953680693,-1.2496782271567553,1.2208355303127556,1.621299933506914,-1.9635081344722685,-2.078352418606211,-1.5849574745993646,-1.5499277661241977,-0.5181160837759219,-0.643557202113342,0.020849555376525844,0.15654550987498642,0.0421438629458653,0.38272967089297144,-0.26888715842265803,0.5790198080644968,-1.009127040443254,-1.8568556875302786,0.27787899311067366,0.5159372342308078,-1.524115147588609,-1.5235282314980831,0.055468394113734,-1.554449349490469,-1.3712507849460354,0.5670871806013386,0.2958176734249636,-0.24947252454663954,0.13272381134311015,-0.13977340956485154,-2.2908076630313796,-2.2637614995007587,-2.0380321727489785,-1.6437561459979855,-1.795547405228852,-1.9703089466244097,-2.7098766921527093,-1.8209821190653832,-2.782775854600394,-2.0988599332049693,-2.4737094066736716,-1.7280324083029557,-1.627826998578651,-2.164028311716961,-1.905363195139029,-2.023499636419019,-2.7432128711099453,-2.70057559199661,-1.5278263498322073,-1.0872833607898382,-2.3423468538804793,-1.706528286899093,0.25815057030503824,-0.49872825124618636,-2.1526413058494653,-2.8106752694894555,-1.9190825515129977,-2.047812319264035,-1.8387287784228812,-0.7683703793160686,-1.2059465313299276,-0.5625579069554976,-1.1848335232686336,0.07349382558528747,-0.4216305174082988,-2.1779163210946852,-1.19732386004387,-0.36313708612313667,-1.1613800273536894,0.09050073230805618,0.2796457436429368,-0.5870328076313471,0.0030180745938977,0.03654390335126605,0.4473234129930688,-0.9426645736387157,0.31508313173122493,-0.6224351201687461,-1.5774575991004247,-1.279900605636067,-0.8852026164027041,0.649617680766176,-1.9679127656108943,-0.6395019349464147,-1.9971915480652287,-2.210037140550473,-2.478147422447365,-2.5556160947160045,-0.22160013784232957,0.9398400666341912,0.7119176387788555,-0.8678904109300668,-1.1646295613588773,-0.6590034737120418,-1.9462807125353132,-3.1177237103198796,1.019187078671071,-1.8858604399257584,-2.586133261218832,-2.845859514526085,-1.9296237455251761,-1.2329895343855883,0.03281096550659855,-0.2985948753421531
-1.9029052968387168,-1.5808330455239799,0.1907634987744877,-0.1451254280542708,-0.2215168058040365,0.7286134305196476,-0.3980027738949759,-0.43590624849428566,0.7968297098692011,1.6233909664170396,-0.15296189234060545,-2.4444936356253955,-0.1947395635664567,-1.9329024964920736,1.0488827308302695,1.115346306311901,-1.8066448304438132,-1.9636798679214544,-1.5550422974558058,-1.6940261062612472,-0.17562141123276567,-0.16374645963941745,0.28405243794501017,0.4668532674134418,0.49324518773908343,0.8996290699585641,-0.13849151351747774,0.7618501779004663,-1.097619402340509,-1.9030181443198386,0.7341723341832384,0.8759146423792241,-1.3907082845802097,-1.3715798485502106,0.5046219142309791,-0.9913335206711824,-0.6247155152507124,1.4151835305783502,0.8245483594621732,0.33881600761953123,1.0452735985996118,0.5232739296940272,-2.272638708431479,-2.3541133049669036,-1.893731706856874,-1.7793830659305554,-2.1498001358218493,-2.091039447468119,-2.6539830807962383,-1.9979093959640328,-2.5026374540733904,-2.126148198880959,-2.1337499775855906,-1.5065747692464442,-1.4936384517948051,-1.9791518779958859,-1.5860746206814405,-1.8041236889642875,-2.4199572661147926,-2.5229771100242258,-1.2147968539690241,-0.9452393566027422,-2.0690190537109165,-1.8250795844334395,0.5115679318703354,0.029250906436965433,-1.5095354029800678,-2.315037829088637,-1.8002903740240954,-1.9856723830997227,-1.220862157893251,-0.5851601321713835,-0.8869331153684307,-0.5898504320452611,-0.796417371350949,-0.16180732830989708,-0.16798568136016048,-1.8217796702709605,-0.7407623483426348,-0.21491674551858206,-0.7265430852757534,-0.0736483842025822,0.8417461551703723,-0.308410688790644,0.10243559422451724,0.12438670629417395,0.9351359510074457,-0.44797514509764175,0.48937542219726304,-0.19066288471261852,-1.4663425577601383,-1.1573088839657433,-0.8672571846506895,1.242973783932483,-1.8682602477427244,0.058532854026197935,-1.6704154754884633,-1.8706469387418743,-2.345829591416602,-2.12822219784912,-0.14526079770721775,1.3649125412478988,0.9725898141208351,-0.7795878467019225,-1.2329378268227504,-0.8803134725874563,-2.1817962513727553,-2.943541870262912,1.39123514826037,-1.1445971986021448,-1.9465276216887855,-2.7386180997717724,-1.454139463175666,-1.1070835442247458,0.14848807319598914,-0.050235678231845465
-0.9938656564231549,-1.040068742005299,0.6647921684740854,0.43655367705608367,0.1991472433633616,1.056690190131201,0.13373386137982027,-0.13771781952125525,0.9117734163540028,1.6523234298111575,-0.031082770845943603,-2.46706736118809,-0.21709205747730567,-2.3389577315313557,0.7319321849051956,0.5493200374465986,-1.3488099768299249,-1.536059852531748,-1.2102664608215288,-1.516573164782938,0.20818151220487735,0.3829076526165588,0.5197471153286286,0.7302818366843423,0.8803365387560942,1.2969241723430778,0.00935404003349392,0.8185062890514536,-0.9804137349255662,-1.6333099713517891,1.2265248275546499,1.2557008675965653,-1.0457180771059826,-0.9608028784754201,0.8588090049779529,-0.30607273121148737,0.12367622657217335,2.0105957290050607,1.2485797301328931,0.8852070109000628,1.56539972416917,1.195899898934291,-1.8897361604204874,-2.0489755875745526,-1.3998664065302864,-1.5895397465670507,-2.135909180015789,-1.8760906740313934,-2.232706987449693,-1.9246989206267728,-1.943537520843935,-1.9589564644752502,-1.480197170309576,-1.0481130904620126,-1.1642656158037936,-1.4996946595461653,-0.9919930398178403,-1.3194418215911154,-1.796003264154439,-2.0659465810998405,-0.8332352162484523,-0.780436316620075,-1.5579373365058324,-1.7446593233143781,0.630648201965729,0.4655264736978733,-0.6599784023952229,-1.482570634663202,-1.3449690599762725,-1.5427576557013563,-0.30781456347467767,-0.1347526065983245,-0.3603088862953439,-0.4657193350525905,-0.20204111140842604,-0.2885351043693521,0.1750523868164424,-1.1750121634802946,-0.20739663646858209,-0.07479839696000384,-0.17201015276119455,-0.2181785170052957,1.2201951365552715,0.06898105124923876,0.16448458944835756,0.11473864573482494,1.3126499770253544,0.01177430980822802,0.6074247909768999,0.3684297935156774,-0.9347652457836386,-0.7347287145392157,-0.6263408624260403,1.7619157528984826,-1.5400553946274023,0.6879623206823191,-1.1466958835620769,-1.3843580170189516,-1.8515083442665867,-1.34935819900473,0.014225650617356858,1.805877942067532,1.24054941171287,-0.4778467766307016,-1.2789289538812003,-1.1182436140271166,-2.1286036640796016,-2.4524931052832675,1.5489356146740219,-0.3524742802956915,-1.0757773514570474,-2.263371121109676,-0.7454596571906382,-0.8053466182550294,0.1998481641242361,0.04294362451480296
0.06462788152270932,-0.3696869307033802,0.9980051749938318,0.9139419020038778,0.6055617327351195,1.3752578657721772,0.6246788230407259,0.17415177033902024,0.943714043264844,1.5016682203012108,0.22196708858039096,-2.157267086959891,-0.16264338447048945,-2.387568062883999,0.3104089219722251,0.010626461842978536,-0.7041574564379535,-0.92035700895983,-0.6336265353460196,-1.0992538190055823,0.5587222241405418,0.9095541091361848,0.6687727200009886,0.8729054254424095,1.1265425795456059,1.4829770886739242,0.14822679167929728,0.7372462767726686,-0.6983587971540773,-1.112203906130519,1.6319403292177534,1.540832602699724,-0.5808425442265799,-0.40314078158834166,1.04412108835034,0.38523003173792697,0.7412525565783487,2.2310120115606695,1.4860249940726429,1.2781579034181734,1.6217154853519926,1.7408050282865715,-1.2251042931397202,-1.416185270862953,-0.6558388858994113,-1.1259920109659742,-1.7862128505130532,-1.3766468715031,-1.527608924166993,-1.6327904135755533,-1.2120692682709198,-1.6362389148576169,-0.6232558715805859,-0.439428745110169,-0.7229188516508613,-0.8288200650427728,-0.2780835690317832,-0.7173483762313223,-1.0092789676946448,-1.4257481399622878,-0.46418472317257686,-0.6293598668898782,-0.9221203999974142,-1.5152032161465467,0.5901761281347123,0.7170975905087719,0.24120918783097334,-0.4663919487654119,-0.6809993703276208,-0.8391937954436984,0.7053936985405117,0.4653492484090566,0.22877697408353664,-0.2532938245101348,0.45493937948628504,-0.31581017932999234,0.5302374928715256,-0.4057680545642307,0.3052783183444404,-0.016255709978946393,0.3937542599600389,-0.364279699319467,1.3240684145143076,0.44963817728920197,0.1586637292028563,-0.03221078938591252,1.4983401172377926,0.3291887807672175,0.6279476647732337,0.9044226007842647,-0.1181424761709511,-0.10713211580780417,-0.26583071667421637,2.0860639134599337,-1.064513434173087,1.154996696748587,-0.5455986759644105,-0.8750950490827186,-1.1110088472882709,-0.3753015906271246,0.18887884619613138,2.146210529686281,1.4273751738550742,-0.07274417272046002,-1.325582593265378,-1.31645275552512,-1.8149969728820443,-1.7303248118530306,1.449021971049883,0.360186470514825,-0.1208155991214396,-1.5159951424748777,0.05703419894675027,-0.41487768450724694,0.1751958123713507,-0.028606453385489693
1.0676395624971005,0.26256576715243013,1.1171905470722532,1.1606564562541482,0.9372253788999654,1.6019994505888102,0.9659329570167564,0.40090442400135623,0.8715417864230557,1.1782351269983962,0.5647000900695458,-1.5604034056876677,-0.04191517430168365,-2.0595247274254143,-0.15546297446930024,-0.42180173414888905,-0.016535317425096976,-0.26662987415437867,0.0514921062095746,-0.5653904929339867,0.8078370743109103,1.3332503774114888,0.6894382991643073,0.8464774692735588,1.1829080487191928,1.4074397641808254,0.2545685327156128,0.5364746856137307,-0.32172677624112517,-0.4490149273593502,1.84123793781786,1.6277937446918833,-0.10593924913404688,0.16287291796895575,1.0217439590227144,0.959788535988789,1.1258352599467871,2.0291104196021634,1.4859885910301962,1.4316479978227823,1.261584987908613,2.052512488043424,-0.41961416446906735,-0.5925590236710052,0.18575495969587968,-0.4951563761527827,-1.204273199091138,-0.7064520691888586,-0.6744526140019474,-1.1919055632163749,-0.44156890529331144,-1.2207852992476322,0.2828790959265895,0.1938484491700064,-0.2733379996065502,-0.1150176505330719,0.3875300543335624,-0.1576773549814469,-0.22116393486473898,-0.7255839251156614,-0.1712970770208751,-0.5242383051813981,-0.29305489968786747,-1.2090957755666092,0.39693225556051914,0.7320858600855374,1.0269631332617082,0.5418110650925367,0.02733066785689794,-0.044631124916511326,1.6002368963447164,1.0655020388766454,0.7302169733820593,-0.023415452197493643,1.0197835526384584,-0.2645095219424832,0.8239495671348115,0.29791186703147304,0.7125634137943117,-0.07538371063511619,0.8737741174878879,-0.5120050263868696,1.127399358945096,0.7523195000784926,0.07114382684119615,-0.3184495705238392,1.444651135825795,0.44166665708655406,0.5280484978541987,1.2651674057501117,0.789969495650977,0.5833627972033463,0.09754674585811411,2.128418173831475,-0.5395901133098226,1.3984454792211203,0.007018630658885591,-0.4483331710482308,-0.2812692720759087,0.6064764618951449,0.3230743155903054,2.276560174194043,1.4622785761634942,0.3092434413320038,-1.374986281461024,-1.4188788342161391,-1.307525925514747,-0.9010103388281676,1.100411550308981,0.8773914887604383,0.7530197399719206,-0.6416865893488852,0.7939389294515481,-0.0420697464806759,0.07772074255876209,-0.22747243239457046
1.826513429464137,0.7144114775994383,0.9880354257863395,1.0953822462861684,1.1392238645806192,1.6585464200349676,1.073829903355627,0.46082337497245285,0.6846439600158634,0.7171676094581748,0.9409716158990074,-0.7662389071548693,0.12129069274470801,-1.4009372516956762,-0.5978811147931088,-0.6902438575635291,0.5727547409636592,0.2849388589672432,0.7057825227048066,-0.04988495064625658,0.9062367160819238,1.591964708305737,0.5646074873050414,0.637632014266655,1.0363607260113228,1.0711640208894295,0.31176622294269796,0.2585306658141393,0.06644030320964316,0.2276893076923886,1.7819047578115546,1.447634929831388,0.2764641107069783,0.6062211422393747,0.7959415078195724,1.3133805267423755,1.2241807398760678,1.4438021814137771,1.238659264584526,1.3053411375037929,0.6297804341290368,2.0826786838203577,0.3622819481096366,0.24908621315134785,0.9547132170553966,0.1684111693529591,-0.5360165456941984,-0.01419226513708244,0.16715099968594752,-0.692539396729202,0.23477070508462836,-0.7853475293782194,1.0713016330349465,0.7163295016917163,0.08373577150854736,0.48170780407309755,0.8609574427110306,0.22639381131069325,0.4189991211486,-0.08803364840939316,0.009855762843975706,-0.48290225383853197,0.20936772767365713,-0.8995712889981781,0.08697538451614363,0.5103523369515574,1.552914971458542,1.3530149367715671,0.617874829281336,0.6600757810651626,2.183046698712977,1.5186558455853685,1.0229217433577378,0.16177572226702192,1.3597737110493997,-0.16292096567391884,0.9993030299784907,0.7731396564416386,0.9550323197235118,-0.24396006367931275,1.2010860260460772,-0.6374356412259863,0.6743482525086494,0.9314581134628197,-0.09188010982572173,-0.7019901633566216,1.1461273942170003,0.3449951056298213,0.3082714426850256,1.3379565906201973,1.5811323392544743,1.176073485045743,0.36182679994886313,1.8534298767126305,-0.05946140232754334,1.398317610433289,0.4061489463494638,-0.17121482281972752,0.47508721772211004,1.4138249642941503,0.38477834780366993,2.118098005461309,1.3043183246120877,0.5560053205264709,-1.408622767940807,-1.3872405523203337,-0.6970387171968697,-0.10129076952935379,0.564772615094657,1.119904403958799,1.3951618064789508,0.19611851255251803,1.3205754888936243,0.21253154991469111,-0.07714672625295084,-0.48139143215969316
2.2062357346203627,0.8998669602799836,0.6202226443098621,0.7007139246343507,1.1718826463866594,1.4887250892854442,0.9080561354728088,0.30974919002606915,0.38571868444084834,0.1736029654749542,1.2881647417315114,0.11020382149131364,0.29267183995079404,-0.5153469599687038,-0.9558736675833283,-0.7686963009423384,0.9542924652678251,0.6337603091380498,1.1997900353995063,0.33069670914635524,0.8328419069344196,1.6561427336335561,0.3026150543064411,0.2681494134447813,0.7098549413167808,0.5243299491387209,0.3120642403733384,-0.04236667221741788,0.38752706524481045,0.79749445204317,1.4320155543751334,0.9818150247021775,0.49295949236565195,0.8333198013439714,0.4117700197702572,1.3827299070002472,1.038784709133403,0.592238025451505,0.7775010168739296,0.9147472743303297,-0.07700738654482805,1.8490803109506253,0.9717119116385545,0.9409256794088622,1.503153946626813,0.7340482039374757,0.06879929784922567,0.552724512419207,0.8497568287595898,-0.22414388693921858,0.7113339079251974,-0.39618117547077975,1.5978369140221231,1.0152797122069241,0.27310712347116145,0.8279992299846208,1.0523849756138657,0.3586366402467009,0.8057214390790164,0.3914347013623476,0.07526465509091317,-0.5026745341308416,0.5032165176086181,-0.6407332834234962,-0.2832477829144748,0.10210324421701286,1.727623044406367,1.821847892312589,0.9667947918158123,1.122619406769105,2.3268648090594897,1.712775335967562,1.0405713287606302,0.2611107976990973,1.3930508506400967,-0.042664253184572544,1.0243543931543695,0.9198211029973153,1.00378621653797,-0.4767292834612516,1.3469807764343475,-0.7003384733390885,0.06565318853620018,0.9852229332432316,-0.3066623286961174,-1.1038681034169133,0.6382729451859308,0.09117034807506866,-0.008798135290020917,1.079797075136434,2.0768877139169706,1.524537416545356,0.46024450463033184,1.2830604199566589,0.3023189082360909,1.1762272423813316,0.5900178417458739,-0.06324549889240817,1.025110320669775,1.904634010538295,0.36802327275096375,1.6394364484778896,0.9473315073176686,0.5950643857527171,-1.3946990415893927,-1.2149743771830284,-0.08127057977629455,0.547339312700963,-0.05670707186959021,1.0615223399492506,1.7015674003378232,0.8505285404938329,1.53888726451524,0.2779868666645562,-0.2669286965008344,-0.7038285080177273
2.151701843700284,0.805080588902298,0.06519623141971298,0.028506049972137782,1.0187992722503627,1.0733412966036637,0.48200655255960395,-0.04748590161161666,-0.007603915419225412,-0.3889846719336165,1.5460682026576162,0.9501181092005399,0.4332104997013243,0.4547275494440941,-1.1877054437550063,-0.668565383839093,1.071332760850426,0.7371298238008036,1.4372890104620168,0.5017441880011988,0.5998243811161086,1.5327577828491072,-0.06648387784448531,-0.2121770215834025,0.25599189929817573,-0.14561266553130991,0.2568848266174945,-0.31383192769765356,0.5818747970047924,1.1710272856144242,0.8236425863578329,0.26760553172028634,0.513057846561861,0.8070392155016414,-0.05604741272563195,1.160227135650193,0.623331292056731,-0.3555001954340323,0.17282660553466933,0.32871584423271916,-0.6651451284265085,1.4265011883448317,1.309158123764815,1.3586446607242626,1.7391766526522032,1.1040407202349978,0.4941036315628462,0.8837686179386773,1.2706196976209911,0.14528984493308547,0.9317893119256032,-0.09797489361027081,1.7723712318036475,1.0282908071712111,0.26142284157282497,0.8502065245119315,0.9424239193435083,0.23525557588653778,0.8983740050627653,0.6636146305412272,0.049145741125673166,-0.5603446144827942,0.5611129026576706,-0.45475498806108844,-0.649107617490157,-0.4044607482186619,1.5315855688130062,1.8778416284074368,1.014565017536573,1.2518346229812263,1.9980603819699283,1.5944293494860728,0.7843027035522745,0.26088526705429654,1.1069406761394307,0.06564761137999911,0.8952328622082566,0.7221990196531074,0.8605670700250105,-0.7089634089324931,1.3192348656918245,-0.6590771212451656,-0.5692446260317453,0.9489513578061793,-0.5387046798716302,-1.4264037201221802,-0.011783155093509884,-0.22799868807531284,-0.38509265957891103,0.529188296692267,2.1656177669990835,1.5275617192811726,0.370801232177947,0.49077452685826223,0.5041779691015523,0.7880012453411882,0.5529929393495605,-0.09744728464977796,1.2928029673766912,2.0034695056875402,0.2879628439141863,0.864367031870965,0.4187825864568517,0.40769459954115134,-1.2993160359385347,-0.9319146019004496,0.4530021479949562,0.9630152449961902,-0.6468710780911325,0.7358433743297259,1.6381883792512875,1.2221248770614994,1.419406536339533,0.1304087655636714,-0.4671835809447893,-0.8171710916955329
1.6975475165885356,0.4865442470671171,-0.5921905353768808,-0.8091360710186408,0.6920664863401726,0.43841061847043955,-0.13689086789413182,-0.5570787327968899,-0.4623365670681848,-0.9100223644918856,1.6653329407377189,1.649904962144745,0.5074621914749461,1.3532770162051937,-1.2776734180185805,-0.4371317068139597,0.9284750135451336,0.6139632068787367,1.3729141957875435,0.4435691758941211,0.252143210296323,1.261661141217186,-0.4969919474476532,-0.7367872547883755,-0.2535734445861748,-0.8323097896456999,0.1563482277483372,-0.516466633637844,0.618428152777452,1.303762009508472,0.036423973217525725,-0.6072881745209726,0.3526492693474676,0.5511801877367822,-0.5198017864873445,0.6974601285792019,0.06922647729086609,-1.2134706685154193,-0.4822369975230978,-0.34534402188939833,-0.9925527656899027,0.9229146219757514,1.3443148057518857,1.4478538808090988,1.6453403849059542,1.2323882197370817,0.6838672978176343,0.9311359616011011,1.3924442186693737,0.3829364136130497,0.8996597149202079,0.09582547067335095,1.5784009472960847,0.7591656935028729,0.0634621281243795,0.5536050520469048,0.5821948688325629,-0.077377690645624,0.7267018645258785,0.7328894667229852,-0.02473634448979638,-0.6183357221180307,0.41344475767629635,-0.32963294900598666,-0.9501055063559913,-0.9029104232682182,1.0208088137554072,1.5395334344980243,0.7765159760338118,1.036140542269988,1.2625833510610254,1.179197270691509,0.3203737298810497,0.17502604203143368,0.5614964806080575,0.13722082328087803,0.6346944055278831,0.24957673693743668,0.5554141236616844,-0.8777332732377793,1.153206861478717,-0.48726181489862486,-1.1058102224814372,0.8774352786289404,-0.7512797790616135,-1.5775475225921567,-0.7196159383274158,-0.506502755057062,-0.7760636596567771,-0.20297878829516522,1.8240027074520968,1.1526744645001203,0.11528043774727337,-0.4137636334969334,0.5419928636972943,0.31069741296815534,0.3458929362118948,-0.21024256679204073,1.2722802572878527,1.7151605970772952,0.17171694709417437,-0.13031989428871482,-0.22558456804991256,0.02939901175615816,-1.097703055910671,-0.5968939967901955,0.8450187691989104,1.1187367733374403,-1.0998577645354366,0.23168624328608903,1.2502699237303627,1.2791957474848996,1.008221066527217,-0.19976929395955673,-0.6545245811900271,-0.7725724530508178
0.9591620080520903,0.05306269911548037,-1.2467407496375706,-1.6610777725214112,0.23350718366525305,-0.3450136025288176,-0.8376728358280403,-1.1272112411837183,-0.931348127330919,-1.3396551571235646,1.614223987793379,2.1343901470268847,0.4923776898397919,2.0384922708850666,-1.2356901315482638,-0.14779403141186112,0.5870987290931425,0.3342896250763239,1.0210712739770067,0.19178875269812465,-0.13941054293770858,0.9056242928359519,-0.9340675934855409,-1.234179012577095,-0.7405667387089732,-1.4304724077848503,0.028340197894535353,-0.6297092902520541,0.49833556027495474,1.1989060543299137,-0.8167105468220269,-1.519391533497476,0.06701710101325656,0.14041923097478093,-0.897032257365123,0.09609345290406487,-0.5133233399896492,-1.8207999735787113,-1.0906467514714762,-0.9851888864026663,-0.9985004677692133,0.44831709754852805,1.117507288631096,1.2321731040076558,1.2773772752585286,1.12919547157184,0.6505651928721574,0.7192181196079136,1.2472164010612588,0.49468582358890545,0.6747568779824019,0.20437833395711416,1.0758155003539032,0.27782954107450375,-0.262921711897863,0.02217687062695799,0.07797660923773844,-0.461654953132318,0.37978512358840494,0.6512331136057051,-0.09497276160513324,-0.6351628346117647,0.13796106249870124,-0.2276174373375778,-1.1397709274946335,-1.2908687129081504,0.3139585328875521,0.9080028928687712,0.3361143497849803,0.5439093016337684,0.2711094595294515,0.5472137309514241,-0.23618986751789867,0.03929463929454067,-0.1232647036040891,0.15776707125740588,0.28674267950184046,-0.3634370726866931,0.14324672070365752,-0.9400967860086614,0.899735256435293,-0.18637237940110155,-1.453866365915017,0.8227477872882389,-0.9130699609152543,-1.4945917521500054,-1.3986984576715948,-0.6520683049942583,-1.1391346925012629,-0.960325139917206,1.1192933194862085,0.4469933144148484,-0.24950550825800605,-1.3049945406108319,0.44864148218171385,-0.17279322541025108,0.06296802262898399,-0.3177398571183741,1.024168661419675,1.1225440044540238,0.04859815188752081,-1.2260400500201367,-0.9098806693275179,-0.46219443507066893,-0.7824871383709983,-0.2798177043186695,1.0693291951275108,1.0449366541389182,-1.3445395270350542,-0.32278988562457095,0.6541404970847533,1.0626878927200234,0.4170246926459664,-0.6327438833622759,-0.807267316925704,-0.5618912235143876
0.10634873637102792,-0.3635738080989459,-1.789289138787672,-2.3660863924075173,-0.2891500778175507,-1.1698276375451324,-1.4860553851713265,-1.6469607160932147,-1.357040822626306,-1.6419613481729092,1.3826510777527974,2.363088626440027,0.3837269145906612,2.4074256260007667,-1.090692991924237,0.11648857228882809,0.1490052403942026,-0.00204228865845413,0.4539457674295235,-0.17421296781755938,-0.49163863026330457,0.536486972343859,-1.3199450975034885,-1.6378527834887213,-1.132482678211556,-1.8533329613243437,-0.10319042821182914,-0.6518755176767737,0.2522964326130683,0.9002874417887149,-1.6091082690735492,-2.3307053886810336,-0.2645338923079042,-0.3208978096045448,-1.1265800642134014,-0.5127221102298384,-1.0160711069805797,-2.07762521779291,-1.571073496873731,-1.480897730736779,-0.7093361435064082,0.08527109259845399,0.7233201165149848,0.8017859034316756,0.7443105461906434,0.850893172980092,0.4643478872527196,0.3354587231263286,0.9226824414263629,0.518022050252336,0.3560634298955796,0.2717403288886571,0.38613291059196914,-0.2958878334426545,-0.6317802559422375,-0.6016860278447911,-0.4354734695661085,-0.7795509790065832,-0.01861911694608845,0.5008222209920267,-0.11522652193966512,-0.5769516543732058,-0.1611552200281414,-0.10121303048728979,-1.191838717613749,-1.4898458068722382,-0.43422536868463385,0.14146741179194514,-0.17700795282237905,-0.09414343623213459,-0.7733616061641028,-0.1750021141342619,-0.748280385987207,-0.0991868125941045,-0.7943546122706704,0.12677000264219973,-0.09194298787303307,-0.9517918256193285,-0.301238599283511,-0.8832821977311004,0.6133311754913389,0.20982598704106853,-1.5750182620404491,0.8150448883252673,-1.0031859079997927,-1.1609700946848196,-1.9728815635136987,-0.6093376904559024,-1.439431082811604,-1.5783057528880506,0.19282448324753662,-0.4676429298601535,-0.6446277230565596,-2.0623792112279054,0.28746755922309564,-0.5884961837919578,-0.18204244753189547,-0.3357990918346668,0.6566856710667782,0.3684564761144121,-0.05749357312016706,-2.2806359284691746,-1.5483376977526786,-0.9679446038685358,-0.36739855849863967,-0.03892590335518753,1.1373346925906012,0.8188972139230836,-1.3580944814638485,-0.7850438658861205,0.012146193995757615,0.6746641112560572,-0.20191628878709542,-1.0560723857254286,-0.9049494447201082,-0.21932971020078393
-0.6748585455029179,-0.641874859676597,-2.12472013176994,-2.7836892429337983,-0.7917135258455977,-1.909707226260524,-1.9511393874990284,-2.0088049329457744,-1.6782341674738317,-1.7945000276982703,0.9831435597205626,2.3302872636199607,0.19743923961744783,2.4129801854921626,-0.8810285797767554,0.2826638077367873,-0.2680087180766517,-0.29181606055590303,-0.21200801250017212,-0.5517522762307369,-0.7270065418777856,0.22029043209154106,-1.600295475644894,-1.8935842347101997,-1.3735561545946706,-2.0449243379993565,-0.2113728734713145,-0.5959072483897494,-0.06762584376832878,0.47823537448960396,-2.2224260812276038,-2.9130642475759396,-0.558676780563623,-0.7254183311430328,-1.1796054581783992,-0.9964893817083287,-1.3519801744795588,-1.967791085907225,-1.8735644620435654,-1.758969951874569,-0.22195687673563103,-0.1306943266839536,0.28192751740829186,0.2865197705839391,0.17652335803604208,0.48049167873098114,0.2271566400269739,-0.09455272113273838,0.5358929393886451,0.5068683403971022,0.05543434796647349,0.35205701879928136,-0.3360106209598889,-0.8205945301711005,-0.9500963356196228,-1.152700530901852,-0.8265380641520464,-0.9079134293245479,-0.34203563983843166,0.3701861065746755,-0.05529330302010609,-0.426617150955171,-0.37922871205170133,0.08850052641298636,-1.1025731564072732,-1.458741300136273,-1.0673183010620169,-0.582667679005188,-0.6189235951749538,-0.7163353278238108,-1.658433252101352,-0.842616443951284,-1.08801541770103,-0.1948783253233251,-1.301312307101404,0.05790980675212142,-0.4426556720753361,-1.360900252817335,-0.6920916973577531,-0.7250446585595692,0.3428144776851057,0.6405279837472492,-1.4846186849729766,0.8521150349293392,-1.0130660626894912,-0.6119413394623605,-2.384245833020569,-0.3726442770983452,-1.6520549399290223,-1.922396196523414,-0.7709384581740709,-1.4156300772906052,-0.9831211235735785,-2.5884719832056513,0.13970724952257774,-0.8831618987682128,-0.28520356605388997,-0.20067435919916154,0.2965467548187327,-0.3747097961992677,-0.1321413123968372,-3.1508418000208316,-2.0572747319210474,-1.390498798860145,0.11379488002093571,0.09884237468487946,1.0908141488513732,0.5438652425094855,-1.1669547322857805,-1.0277622985185895,-0.5041658157433173,0.25282026185259127,-0.6904935116552445,-1.3499745656643964,-0.9285480498916288,0.18731595646020632
-1.223606189039221,-0.6998701312413591,-2.189326069478788,-2.821082977471526,-1.1880459293582988,-2.441493698580129,-2.1335057287317727,-2.130156024070332,-1.840236714681659,-1.7865811394651492,0.4491404771335068,2.0608731149179964,-0.035258850750968095,2.070108927720546,-0.6456086405443862,0.30464593734710355,-0.5573102407913112,-0.45365190055908144,-0.8394092464179094,-0.8395226492750487,-0.7925813404931616,0.004257691019950401,-1.7314233671318136,-1.9645669778853336,-1.4331907243854534,-1.9861326632992522,-0.27139005158398327,-0.48341384361084094,-0.4000447224241092,0.012490641117782662,-2.567897713584474,-3.171623359883411,-0.748044604611154,-0.9883664845172203,-1.0638524861842786,-1.2509925097351673,-1.4700385775076952,-1.5623179489982109,-1.987226850665472,-1.7974255734487747,0.32785985297586256,-0.21581859272457918,-0.09331617177393695,-0.1785804558601989,-0.30845414504002544,0.10449750685194625,0.04018408314085989,-0.4406498294049931,0.20168668597761483,0.5133693386128054,-0.13079845289391726,0.49193351908711547,-0.9377556607879449,-1.166675374530938,-1.1395484010988357,-1.4841876643590928,-0.9961003903037938,-0.7697872069219469,-0.4924023186918549,0.33045458326274796,0.09168201466737892,-0.18828225963958684,-0.4356648944419846,0.35688439909231406,-0.8898215586759425,-1.1989484784863897,-1.4614815639908103,-1.1087844696610092,-0.865678571940247,-1.167722961879346,-2.206718114295256,-1.324518219601572,-1.1659545695633995,-0.21635758560559293,-1.5319645173408878,-0.024256140133309147,-0.7156846754167826,-1.4832302733029734,-0.945168827991027,-0.5055985651726848,0.1250613624474895,1.031255173492459,-1.2398807556030471,0.9002052983466825,-0.9458279970085595,0.07200085846045672,-2.596385681716507,0.014443571399480234,-1.7616414603834174,-1.9179645828330525,-1.5828320064648753,-2.2015573257958527,-1.18355814624011,-2.822006575341595,0.08698133701800856,-1.0316723939023262,-0.17949569880339777,0.11372164157318533,0.057156215964556716,-0.94172705166487,-0.17105141132162613,-3.7156474972391034,-2.3677818145424987,-1.6543992252335717,0.6124007382441178,0.14721616169602056,0.9892167050722345,0.3233357541586158,-0.8362239029744389,-0.9670700531965378,-0.7540763104717848,-0.06312332627952005,-0.9213405303363682,-1.415641025589539,-0.8626567489261178,0.5736070114132485
-1.4391329089898877,-0.5134615428009935,-1.964494538483975,-2.4511755521566765,-1.40755452921826,-2.669565791746026,-1.988580804212238,-1.970017640849883,-1.806790060223585,-1.6187737116667578,-0.16870944087094483,1.6039683090807462,-0.2777075700399802,1.4502859841950784,-0.41859505071991343,0.1730185393746208,-0.6474515958735703,-0.44626550532165526,-1.2988586385621008,-0.960932079093361,-0.6748711558385803,-0.09194626977415817,-1.6882306131668363,-1.835353792646554,-1.3107385983226192,-1.6947301791665836,-0.2668308286499481,-0.3394211272464022,-0.6875996327729517,-0.42379419770337845,-2.6031671964695717,-3.0632571345994193,-0.7966653059517264,-1.0661981575106048,-0.8206631835658309,-1.2244795917210178,-1.363281525286984,-1.0016208327772689,-1.9379376294905053,-1.628079898316889,0.8026814761460404,-0.2273861326092683,-0.323088397379003,-0.48577929158464056,-0.6326819326154309,-0.20676993364235816,-0.02549913860714056,-0.6011355388017704,0.004920559486938488,0.5722415584136998,-0.14465320609081858,0.7152495369815092,-1.3005220941772486,-1.2463029702595387,-1.153707961823833,-1.5044695040271623,-0.8982599276341892,-0.35426474493194704,-0.4226061562584736,0.4179955158878212,0.30729316058503015,0.11379634783206864,-0.29157983445016,0.6883855951311089,-0.5895735114881036,-0.7510607793812761,-1.5516027886391097,-1.3369923154271197,-0.8419955526490239,-1.3352268157071665,-2.3124311095923438,-1.5323119545160842,-0.9518239717606811,-0.15543289902186827,-1.4397380915002476,-0.09121177157619234,-0.87956616213402,-1.2817157949144338,-0.9947737858927839,-0.27484769864566794,-0.018499789571963337,1.3114106007023316,-0.9195371163083718,0.9050412971764528,-0.8141988960523214,0.7819569432377833,-2.5946171527737634,0.47198608599866065,-1.7608826325314133,-1.5653094660826856,-2.0868617435413825,-2.6507832909894713,-1.1825448065757038,-2.745009062995235,0.19164818073225057,-1.0391936638487094,0.14754710770164223,0.5861017999006454,0.011845499827094944,-1.2097064342682122,-0.17840813206888187,-3.8968581977623447,-2.4372133905080533,-1.718624319437661,1.0727918377459091,0.155972364209071,0.8941070917613798,0.23701174073128353,-0.45169841584782316,-0.5829473878719036,-0.6612019757665557,-0.16536984629156762,-0.8277668368459524,-1.1998230577203914,-0.6996342502996643,0.8594049866381827
-1.3008429834690052,-0.11993237119903744,-1.4834565220780054,-1.7185562879767027,-1.4120013880782158,-2.547512247488834,-1.539489430849654,-1.5379740611398172,-1.5712080537118465,-1.3048896513210353,-0.807663009068833,1.0257694736597127,-0.4993720846817657,0.665706065093996,-0.22822387747551273,-0.08539801801259371,-0.5178848126017416,-0.2760068589220279,-1.4971015198047184,-0.8808419377038678,-0.40587643852854766,-0.07900787035720845,-1.4715198937366505,-1.5149276629859778,-1.0356056116252337,-1.2203105628856117,-0.19589183501064955,-0.1891031257698502,-0.8886099942834225,-0.7757359025968481,-2.3410098975630103,-2.6060038820240665,-0.7073947651315529,-0.9643919092340918,-0.515449635208325,-0.9302654014237071,-1.0685681333799084,-0.45961721196784944,-1.7769085458536622,-1.3254317613042887,1.0968350650095788,-0.24136905813566462,-0.3774170335975537,-0.577175496407008,-0.7704105768599719,-0.41077873350054606,0.05304716827092557,-0.5267440369801463,-0.016538096833975325,0.6921025059635192,0.0220999423032132,1.014911794128258,-1.3624400393016403,-1.0328332969127816,-0.9867729546280715,-1.1984982925327428,-0.5482050969866303,0.27988581532284823,-0.14512920769372814,0.6276302967171954,0.5516006739706462,0.44082144904245796,0.042945071913742514,1.0385342087557423,-0.2506577930687937,-0.18494813144053673,-1.34323761841132,-1.2421216553944179,-0.5377997705889048,-1.1719844274745816,-1.9624607422662248,-1.4396000706865484,-0.4820094575254959,-0.030331346654987965,-1.055624478593071,-0.11948296969780617,-0.9264180931804449,-0.7948718861122727,-0.8104955954245502,-0.07937296638268847,-0.08331529306530557,1.4310060956926733,-0.6018787805787973,0.8091496545926863,-0.6380933556220749,1.4031812127656247,-2.3849582334495283,0.9046863641703767,-1.649783169705214,-0.9374091161366461,-2.190059500954809,-2.648029118704161,-0.9458397712788865,-2.3837166039237765,0.4793902174745366,-0.9377337629552192,0.6504352175205272,1.1488158524412773,0.17827637318713588,-1.1239766055828835,-0.16435839649103404,-3.6732079562318316,-2.2569522976276155,-1.5797187457545474,1.4419311695731438,0.1934672944431539,0.8547104050098938,0.324138291165825,-0.09991710384183226,0.07327903010318891,-0.23214656619757534,-0.004330501433470954,-0.419879369843319,-0.7095057213874443,-0.4444807449348304,0.9884166682746941
-0.8687917140299374,0.39366073885954905,-0.8284596282977273,-0.7323195568763187,-1.2071049778701464,-2.0919180712529317,-0.8754465543907776,-0.8939816571738749,-1.1632205408680265,-0.8755832121887985,-1.3991366639290592,0.40206298752122727,-0.6848274465607818,-0.15323296113057344,-0.09818581024770744,-0.4176376201641605,-0.20296551591422748,0.007479124666555146,-1.3974975133547936,-0.611926978170392,-0.05754134790837144,0.005832962363381996,-1.1120798007648767,-1.0381547705270042,-0.6620916893047054,-0.6353348962756434,-0.07515805189288241,-0.05629732043421398,-0.9842793940835703,-1.0123017730183357,-1.847193609894963,-1.8769414425640656,-0.5196798213743554,-0.733056983504336,-0.22344314219818517,-0.44406722437566937,-0.6579891890795146,-0.0980558993726004,-1.5636031889210489,-0.9851950949475112,1.1588242146903893,-0.32547523982809806,-0.276317193642291,-0.4525272004353733,-0.7447715135940485,-0.4948557357686242,0.24827917075688968,-0.22989588695139726,0.1252465892457043,0.8556349714810754,0.3302939206451364,1.353832090515767,-1.126151406630506,-0.5651901986826757,-0.6722478313686603,-0.6292896508894859,-0.01605914158602002,1.0176017292784212,0.2746610318809752,0.9173892603631967,0.7716315216344651,0.7475056847639494,0.5126706574110304,1.344208531234949,0.0720144028524399,0.41400119386560996,-0.907771467293521,-0.8739615351582282,-0.008867500083243267,-0.7054814470010503,-1.2373823621477158,-1.0867889726221887,0.1481706303689186,0.11838286896358116,-0.48146416689915017,-0.09891927399791499,-0.8718093076504365,-0.12337452118185892,-0.4092533776252186,0.04729567379578658,-0.08136081787427217,1.372097643903169,-0.34707119436763406,0.5703244348339572,-0.4423553975701237,1.8378037256651527,-1.9930059041128123,1.2247986189833922,-1.436567537137022,-0.16216587010708056,-1.8788043286917446,-2.1650425222305643,-0.4771788002245454,-1.8035014647135734,0.9289514508065753,-0.7774782083838313,1.2373834504807815,1.7005039491552947,0.5171316718505544,-0.7087784881901731,-0.14254370331979477,-3.0850860418963606,-1.8541518816119962,-1.2663594583324547,1.6789636670570027,0.32194726789181805,0.8978927460261968,0.5776611389143481,0.14893375868194247,0.8868656327022905,0.4445413969378175,0.399134111601112,0.21722032748891873,-0.012666798782847908,-0.11844579021558098,0.9412918239963444
-0.2647581663043959,0.9138216557554952,-0.11738097434908407,0.3531059956342526,-0.8447873307999212,-1.3837821151066416,-0.1347921463706857,-0.13873791891815448,-0.6482902426334893,-0.38081600969809387,-1.876000122681423,-0.1897471446222673,-0.8365951910679259,-0.8822810115218029,-0.04877260804828845,-0.7606950885884236,0.21670919678156708,0.32592414421954496,-1.0272231490775627,-0.209360273061577,0.2751365031909716,0.10861542097463313,-0.668835830562724,-0.46402739441565544,-0.25927802069789035,-0.023573995610054983,0.061234947602965106,0.0374553497348783,-0.9797473802861105,-1.1257378124624295,-1.226796775005788,-0.9980667951714323,-0.2981326793680783,-0.45179002506207383,-0.01341951147772062,0.11396581303221727,-0.22339290352707267,-0.02297136117834159,-1.348092033403962,-0.6983845663881029,0.9988343036713998,-0.5157978879535943,-0.07718260656953456,-0.1619901593405502,-0.6116510382752285,-0.4703917281049111,0.4949384351949892,0.2221659293954756,0.37844801912561826,1.0275621759618787,0.707803977907445,1.6746096172563683,-0.6515098554799265,0.06326884638598416,-0.2724857974274046,0.08051413159183513,0.5913172191235332,1.7145384481789616,0.738002890078551,1.222495711635683,0.9128532407042855,0.990376625440013,1.0302477637527603,1.5389751069288657,0.3253460807656377,0.9595656458109926,-0.36232592221951165,-0.33974615602518843,0.6382290814102255,-0.02808430453965266,-0.292118863473138,-0.5698763307142037,0.8060664553830076,0.23878577387543917,0.13435237020661564,-0.036979079815464604,-0.7487651257760864,0.5974684706190814,0.1424031139158523,0.08959793213046685,-0.038675567364848056,1.1523400816097176,-0.18720906795143785,0.17642054193104217,-0.254444145404846,2.0227243818605816,-1.4625451669131366,1.3708552064037218,-1.1397370294052238,0.6058084181560351,-1.2188578930232292,-1.2702404541708605,0.17714865274992575,-1.0983191633493472,1.472825302276057,-0.6143092820753921,1.7937630247972043,2.12833288079348,0.9447004124671489,-0.06018763154782944,-0.12776734885172106,-2.2283803626983567,-1.2864761165635912,-0.828286002627042,1.7632373030393738,0.5738268362015834,1.0244728520177941,0.9497247877725014,0.2522750603921463,1.7020878066947975,1.219228585892124,0.9586972865503594,0.9431386781381254,0.7755004390222984,0.2406457397800243,0.7391694927365141
0.36088793795792307,1.3294866552277453,0.5187744677272708,1.3658952846850776,-0.4138197989045535,-0.5553626183723424,0.5245678781346792,0.6041908246551243,-0.11772576710819871,0.11219710251411105,-2.1807191183709964,-0.6792758025922991,-0.9704608369357983,-1.4244179313714462,-0.09532743190515698,-1.0581154514148836,0.6338668084938918,0.5936215152951636,-0.4689684828808952,0.2445016856336099,0.4986390774625658,0.17268005167171144,-0.21951984126093746,0.13088632041884327,0.10252020329269763,0.5326894969035083,0.1681611706874984,0.07473986306976516,-0.8989389169621058,-1.1263461521906628,-0.6011761457252666,-0.11250530823833332,-0.11454880307520429,-0.2076103468021978,0.06739992284396605,0.6085494929688818,0.1429787790786869,-0.25554674065107946,-1.1579661998565802,-0.5281204076755832,0.6809856377135319,-0.8040438417803721,0.1462719985288163,0.21266690363941973,-0.43715429065375266,-0.36279492376516964,0.7131214899223294,0.7275174477939155,0.6703498622606967,1.1671738011646,1.0711602187921685,1.9148942015792951,-0.03655362885790112,0.7280633835701471,0.13788231883328014,0.7811437018855496,1.1559083435460848,2.2310139164255576,1.1392951885167668,1.473949383802882,0.9313214373737012,1.134790854665745,1.495002803482927,1.5694042075393124,0.46660571657705396,1.3779924413823472,0.16037810030083074,0.2258270573442722,1.2727515098117006,0.727004344639993,0.6795200335410921,-0.015614324244493166,1.3525368136112752,0.28305587647800273,0.6333324887018144,0.04328041612297705,-0.5970785557336065,1.2316202689057596,0.738683300280053,0.05052670689321,0.009903294409749379,0.8204493648625664,-0.12479884728360267,-0.346911699179474,-0.10134803698228613,1.9395174337291,-0.8526788652120247,1.31828368565053,-0.7894952024313694,1.2172052119536043,-0.33954303238548206,-0.11706033197148562,0.9305835994535511,-0.3757110977004362,2.0099830260562612,-0.49604804667687563,2.2109399464646797,2.3349299560045216,1.3557052277950765,0.6772379147652057,-0.1333571394738475,-1.2380036153389584,-0.6308588630937606,-0.3235060087559779,1.6990185943218559,0.9369120572676962,1.2119979428656618,1.3661633630561365,0.19966864247921592,2.3548380867310796,1.9170618197603109,1.543801712935931,1.595398715383562,1.5177978267712666,0.5826168571424102,0.43736216208366663
0.8675657453630976,1.5589843667087273,0.9633896352935103,2.148581958301766,-0.019746798381215368,0.23616601840223497,0.9611221072188724,1.2117437298356137,0.3294921417604616,0.5277663253677799,-2.273762697536654,-1.0120375512365953,-1.1048198470017303,-1.7235407325037218,-0.24324935574623796,-1.2716688058244292,0.9407400706595392,0.7398678460583099,0.16073952410197995,0.6611245536400246,0.5466742287927089,0.1538704864776023,0.15538987524113945,0.6642263825305827,0.3660668943642611,0.9651326651713357,0.20102089395043876,0.04555415286834252,-0.774937513743943,-1.035052256704586,-0.08064026962599516,0.6440426661791299,-0.027744499751852957,-0.07142847046725519,0.004076602980433117,0.9226183642696211,0.3677907735436962,-0.7261777694403168,-0.9934554660111794,-0.4954393893691715,0.3032414057463831,-1.1390184741454938,0.3269689855010554,0.5822183722059312,-0.27604644493317865,-0.20119780847663293,0.8341958822088832,1.1769156707224437,0.9287503496814327,1.2411522622590376,1.347817912360273,2.023907766362376,0.6072867355738802,1.3028776458659783,0.490279653265585,1.3329283042369833,1.5752460443248524,2.4645226539274887,1.3925163781392718,1.6163067424015294,0.8040807704056525,1.1600184577234725,1.8132995233085123,1.4085072549449447,0.4716690828963176,1.6184184906990653,0.5445959326395559,0.6949930700901279,1.7709094629811393,1.41776038866482,1.488370038908879,0.45086512924867805,1.6748695357767076,0.22322083683857866,0.8867305064623834,0.11146086259407181,-0.450713708010141,1.6736752458699957,1.256919312972138,-0.05061210637132309,0.029010655398041,0.445362784730081,-0.13814980195733473,-0.9371156966166322,-0.005149410998773754,1.6154416213554887,-0.232139616085234,1.0810045511209116,-0.4263805308771626,1.5572668046423381,0.5943999996383941,1.0872511998029388,1.6675437999525917,0.26077895010261665,2.4282680934009164,-0.4506889204205695,2.4127172040896707,2.2633423537376065,1.6503812703560794,1.344625953765941,-0.16792202930394304,-0.263918113731586,0.03086679148414448,0.19254801868874333,1.515400691072321,1.3536479070798577,1.4224859760509827,1.7455081172527989,0.011329380913446417,2.708385013002523,2.380010576944093,2.012030478180735,2.0282139629369977,2.085490668693658,0.8536383731303563,0.1114346720981623
1.157895184979503,1.5682938209986932,1.1405849135068025,2.587577514915734,0.24155441060066893,0.8429625606248591,1.0836600019064886,1.5859640675378694,0.609387231707717,0.7967407640151563,-2.141054692523886,-1.1572839031798385,-1.2480675021012322,-1.768583375167434,-0.48110843057742725,-1.384864766169906,1.0558034618065877,0.7271097831187244,0.7405677331114268,0.9667645034565462,0.3997528105867661,0.033243458511446056,0.3920100873741248,1.0632821656918672,0.4989772936129153,1.2296878701969343,0.12945895966254856,-0.048628303312825284,-0.6389211334823492,-0.8762898225658653,0.2603265362204329,1.1701431264811433,-0.06644825077474459,-0.0789648646048086,-0.18226366957771134,0.98602399720096,0.4117905258533559,-1.2939405159724138,-0.8318662700911104,-0.5775541725735708,-0.02967231330110084,-1.4415986666124625,0.42289609737797346,0.8726769340535283,-0.1572752155488453,-0.010981734414749889,0.8217514558137531,1.4808965022667058,1.0998925919944966,1.2328295384468217,1.492936228835404,1.9754574845786748,1.179062740294044,1.6874462389311176,0.7376230018448193,1.6383270273876984,1.783865636553412,2.372872421455047,1.4507941430767508,1.6200675517078318,0.5356425916086986,1.0623233317549572,1.916544933229152,1.0634520251717867,0.34135331090514154,1.6594848779607922,0.7184479618701688,0.976973521525088,2.043387226634356,1.9249557319849393,1.9913587550614338,0.7375484914661004,1.7136043910647587,0.0622454480874356,0.8286761189137222,0.14158108262071242,-0.32714880960941994,1.8699502400047938,1.586968394333821,-0.18195520443995383,-0.007035589457100678,0.1020183684433524,-0.190933278551966,-1.5040658575782373,0.022487602975083554,1.1165275361846607,0.32959895888306234,0.7056459916600185,-0.09581796515082783,1.5670930813561326,1.4172516668922626,2.1257293482958555,2.2636774793680097,0.7289795213750077,2.6310721692591907,-0.4797580138697739,2.372389034186428,1.9132942272182119,1.7589289842714566,1.8055427127830226,-0.23187060533639772,0.5557154203382125,0.6258219762725693,0.6734871859702676,1.2606770203099635,1.734854416387128,1.612506632627485,2.017195086670182,-0.26793311968635375,2.6841323750512887,2.5044071973379647,2.2444971135593743,2.1472259861480785,2.3863925579106073,1.0077885811926661,-0.16045650673677456
1.1976557408467352,1.3762701590525728,1.03356927249145,2.634304556717141,0.30972233266243315,1.1605295378925726,0.8744028824702312,1.6745179222503528,0.6743027037025197,0.8741796903431884,-1.7986520340814223,-1.1129141158936753,-1.3890477967456862,-1.5883392911334098,-0.7752276669826972,-1.3983890352279347,0.9445580488851953,0.5602472916344672,1.1727411739987352,1.1179816059881753,0.09259905992320998,-0.17615197901160703,0.46023629907366503,1.2804671049138536,0.4998910714820022,1.3127116809161299,-0.0507624526074773,-0.19174598574437593,-0.5110909757145549,-0.6730425741284866,0.3985840623814795,1.4173491024102036,-0.220041451847034,-0.22108714179396607,-0.43888145589448985,0.7919265498880403,0.27759722587731317,-1.7860849063802187,-0.6396240896438363,-0.7181331039145536,-0.2336859685539372,-1.6282442298487432,0.42635553747540084,1.0408861989528149,-0.07985848903455042,0.18945316241594665,0.6816597229015033,1.5897359774355388,1.1586617474353815,1.1454578215731284,1.4965965776470986,1.77394335773058,1.6057347871414631,1.8273994634238866,0.8630501496728418,1.6611233144084085,1.7646639140539577,1.9823953283523228,1.3146289147267682,1.4860315291816022,0.15900682034828226,0.8559665804239839,1.7737561509064101,0.5760671398282717,0.10384791763596272,1.511464694181384,0.6685209149037891,1.0364140088742286,2.0525943550446715,2.1756076219500464,2.121019828690613,0.8076521833829549,1.4761274174756636,-0.16358090394684083,0.473681232139303,0.12286943522017689,-0.22241814179263056,1.8247539822521854,1.6595891124632671,-0.30396162535351723,-0.10464325145608618,-0.14312170524281184,-0.24294241913520423,-1.9461655229777353,-0.014542614171923719,0.5347946081186656,0.7732057729113552,0.2611942724671192,0.1609011520673189,1.253849449717796,1.9956727817894633,2.8184317144743996,2.611998977088404,0.9818981243753007,2.5613877706598145,-0.5587891011536374,2.1161883202610894,1.3438987425899753,1.6572886161921183,1.9763659679258159,-0.3147972342778027,1.1188266582433302,1.100270785304174,1.0834660657549275,0.9917349092672538,1.9836565992797202,1.7426349207616756,2.1344037062943095,-0.5778030815387778,2.2799713726585598,2.264410985584596,2.175211245517648,1.9314703730851575,2.383594060713377,1.018611858715653,-0.31469648445264276
1.017912745785796,1.0460594417192097,0.6894990209200925,2.3130751278887574,0.17759946937484483,1.1526186744169455,0.3947719658215012,1.4819726344742437,0.5266128278333613,0.7540506974294412,-1.292755039762125,-0.9057178995574334,-1.4946969139259505,-1.239511272958325,-1.0694580560020162,-1.320685002826858,0.6290237620828345,0.28472369726903707,1.4032179514719274,1.108179955433038,-0.2932322605342598,-0.4306254543202301,0.3730745148238843,1.3042214524696252,0.3972198987033642,1.2314905051840799,-0.3117969791142684,-0.3529988107469317,-0.39632762016439904,-0.44473219286356647,0.3641628899293575,1.3962315150073146,-0.44011040095811693,-0.4462487402486873,-0.6935535737340779,0.39660886787175303,0.008370056840145725,-2.0462046485480103,-0.3879324274132351,-0.8456836319599206,-0.266599621196164,-1.635603900719534,0.3622129335149802,1.0798626964620213,-0.019107127115032083,0.38786949931853737,0.4587687371598033,1.501729903970793,1.109388478560504,0.9990363044720687,1.3804245977417253,1.4519366492590418,1.8500677714427962,1.7218115313999438,0.8799250747350892,1.4292175232432764,1.5480468418071036,1.379480512168387,1.0275142956756682,1.2413883119245923,-0.26926790590130795,0.571794009645797,1.3968207346412618,0.016094936944891905,-0.18845407285298468,1.2134229952960984,0.43883028585984835,0.8961920452505953,1.816191034897662,2.1532087586110906,1.896072379457192,0.6861969755503737,1.0330747820660464,-0.39252376554427265,-0.08655829757816189,0.06520736569667494,-0.11416200795319682,1.591487376895927,1.4651246987639888,-0.3757409621832352,-0.24542861920915818,-0.24419302610633628,-0.25959343277570074,-2.1702566690802723,-0.09426515552229302,-0.027998203450264058,1.0597727438477798,-0.17332736723523454,0.3168343025953185,0.6887528151131287,2.2537880707266877,3.060559642253208,2.6487310035728364,1.0148621620680223,2.2167933746366164,-0.6450664101530542,1.7127877232856652,0.6613755907670075,1.3705420175199876,1.8429072745128041,-0.3951895361806021,1.3761524223627717,1.4243391400291772,1.3949516553318055,0.7604936571501444,2.022085304148206,1.7838664188095792,2.079078608293639,-0.8531922572427161,1.5714065183252193,1.7156679221318019,1.8068775408907678,1.4370780736578619,2.1004694299619784,0.8873193253916646,-0.3152793415199124
0.7000183676843854,0.6655710424468665,0.208589065821722,1.7135437960207522,-0.10498805529302242,0.8599970865046861,-0.2285614361394985,1.0684159082731697,0.22025912752478138,0.4753424115535467,-0.6939169709808404,-0.58616841048792,-1.5165861064749975,-0.7918819498891914,-1.2924968563538968,-1.1585788424079964,0.18322281664761184,-0.026075943942055802,1.428836299330495,0.9644291775756392,-0.6499373388406077,-0.665562178920056,0.18431302596519106,1.1615130062594339,0.24055824034124665,1.028591418574269,-0.5963764043164816,-0.49104977076398876,-0.2857012571848148,-0.20745810926031305,0.22777116501359418,1.168361260950254,-0.6528944411377505,-0.6745636177768543,-0.871852057947162,-0.09690049696304498,-0.32245160154313174,-1.9773395221521823,-0.06701821095844282,-0.8942065325244741,-0.138064727180052,-1.4387899784738416,0.2763859440619991,1.0137096228410278,0.05969589321429664,0.5746646826589465,0.22172238865880692,1.2585443575260673,0.978275802581973,0.8221192810504013,1.1856249066031208,1.0602884790923728,1.9087888336923884,1.4175256477955185,0.8234823965160049,1.0218987981443453,1.1999316043241595,0.6879337740862843,0.661039890742003,0.9294872464211221,-0.679143060023497,0.25304658248303147,0.8379789944908907,-0.53142067936762,-0.4682417458780484,0.8254187371162905,0.11495486746006059,0.6247972626964583,1.3973466744127012,1.8935976222051647,1.4108372812409695,0.4491476723578428,0.49820509009284686,-0.55386632075967,-0.7066225075193983,-0.003296975862102582,0.027519324416919507,1.2522672078749342,1.0562472522498512,-0.363008291302294,-0.3878312889992411,-0.18397836315843313,-0.2185938510791397,-2.111498197557216,-0.17880585328442264,-0.4776906047479803,1.1774664189621484,-0.5215011492038556,0.3673924931291235,-0.0065523084330522926,2.18456612260706,2.8426309538243566,2.3712355304515866,0.8641224425526017,1.6512330842119383,-0.6907815438409177,1.2522933883000067,-0.005668206704216994,0.963528177430749,1.4594441826322055,-0.443624170512228,1.3369598751505076,1.5909790601155698,1.5852721985811822,0.6006100629865122,1.8122980047082078,1.7198596486679614,1.8594052653782442,-1.0352717413331451,0.6945808771846677,0.9788220526220907,1.209163049881032,0.7819308388212032,1.6113138477392914,0.6447940926759974,-0.1607359415445044
0.34877275793932977,0.32271547915418897,-0.28048184189839315,0.9691699263146417,-0.4433039938019465,0.3900398870940836,-0.8344198254030886,0.5351257093694649,-0.15116745637359408,0.11620265872145343,-0.08574285098869112,-0.21841492546222954,-1.4049514822661389,-0.31456089161036016,-1.3724322478926059,-0.9124726141457853,-0.2845722510687341,-0.29073205740561003,1.2905362286992887,0.7365339227322758,-0.8718996410612643,-0.8115793772140527,-0.02578004682757057,0.910458839493408,0.0868456396991464,0.7609978171893732,-0.8295385150349044,-0.5626357044613761,-0.16293138367069654,0.024696650990233594,0.07755085733190817,0.8266239476535039,-0.779555439149886,-0.8198420592420911,-0.9155356349731159,-0.5665582789143017,-0.6281783868110516,-1.5680411569774735,0.3056133520720842,-0.8203666255819423,0.09403304604250325,-1.0583001224550082,0.2183590453702806,0.8846189622936932,0.18482181216109078,0.7385165394357067,0.04077637965895386,0.9297820402509828,0.8006357708655225,0.6414224166977158,0.9567397394568751,0.6538420846979917,1.803355371899459,0.9927368804224056,0.7368361641837377,0.5461388225409703,0.8024171048499148,0.038326771534814355,0.2941873109468563,0.5967419664513601,-1.0002236260041637,-0.05148460771275678,0.18044964601973704,-0.9819579681925112,-0.6674336253964737,0.4166304393113039,-0.20189164538592078,0.31257344257338443,0.8855302999706717,1.4692038952326327,0.8067555679447,0.19820449576330176,-0.0028383065709186475,-0.588396113255953,-1.2249962070213625,-0.046195662103509776,0.22448718259915929,0.8925750673612938,0.5332644213426745,-0.24684536212352565,-0.4770442667008145,0.022936173416636563,-0.11315247500012983,-1.7491099693241867,-0.22213880704365216,-0.743841757075114,1.1423522418638585,-0.7215859215155886,0.3330169487844409,-0.6831542785062783,1.8451595901385558,2.247892728956472,1.8415321072955753,0.5969644260419621,0.9629566049569859,-0.6581583712449646,0.8208621149074039,-0.5372587343285602,0.5216186011631561,0.9308972965130841,-0.4296959924730228,1.0627825212025053,1.6102453027399435,1.6347664935210016,0.5181653005782231,1.3666593214196658,1.5454733897012094,1.5022945137645813,-1.0813306285031192,-0.1851234934107958,0.20785261616878492,0.5001780786997302,0.11538717312177033,1.0207211720451779,0.34608860983009165,0.11561617581560023
0.06196353328327272,0.08245968499648708,-0.6528002364951251,0.22666715252621164,-0.7229536695393822,-0.11075610023402271,-1.2669586645861617,0.0006011823993087947,-0.4771942080470947,-0.22361316757844504,0.4500814112242704,0.1324950389506219,-1.1260615703941736,0.13386785228306253,-1.2552654568254429,-0.578481429097296,-0.6585888282692444,-0.44160706287479845,1.0557722608236992,0.48217909254572444,-0.8843564979336492,-0.813363450725615,-0.1731865151332922,0.6246198652075453,-0.015162109435075285,0.48634346906896175,-0.937231674984929,-0.5339922736539895,-0.013159714201306181,0.23868514077889988,-0.008082525736611352,0.46945267675763724,-0.7587280828065681,-0.8135967499749673,-0.7975137823970299,-0.902652248727083,-0.8288899995269036,-0.8945981441200157,0.6856927630531825,-0.613130350983581,0.33994220463138825,-0.5543782732454562,0.22301326062989124,0.7363617754009455,0.36397705181497936,0.8631297215362548,-0.03457084608841764,0.5916061674140715,0.6073749076336358,0.4726836937611547,0.7265269861926054,0.277154860396259,1.5673933359467906,0.5349485965760209,0.655805486142232,0.10866484185507486,0.43258331097985964,-0.46244264216293235,-0.0071645102751040635,0.28067508296922367,-1.1749311886136329,-0.2960338045777438,-0.4757542576863732,-1.2671002415734904,-0.7331987870664428,0.051348081838350476,-0.42345335694976705,0.04400251684010621,0.3735967977526159,0.9671749009768359,0.2339858099257005,0.02861520018250192,-0.3660772949142614,-0.4668572963432633,-1.5057502543166457,-0.03272188985408205,0.4756295575419998,0.5783334928583672,0.015989456441474453,-0.031203925167737543,-0.46156748861748337,0.3320776241800992,0.04809047395213603,-1.114499296849935,-0.18237044479202935,-0.7923225950233159,0.9929486275498516,-0.7371698239596028,0.254900079941286,-1.194108627854291,1.3376906426073396,1.4280587689154403,1.1725699649114851,0.2954393039018739,0.2717281543284256,-0.5323251274305002,0.47813779049047134,-0.851103730396915,0.12717835648835088,0.3833065254812867,-0.3315567992325613,0.6509224714162907,1.5010964549546135,1.5285446768158446,0.48951328852637044,0.7449464021856123,1.2634726571388517,1.044476275504722,-0.971936261366253,-0.9111507668092195,-0.44798083944987394,-0.18353605594240974,-0.41898787235142987,0.4376154579620082,0.05824977272446717,0.4515801778002242
-0.09496212714258273,-0.027878339581713835,-0.8185554243885447,-0.3861498199563359,-0.8416244180256518,-0.49440224004609784,-1.4141709017373552,-0.42690940440089825,-0.6582497335294053,-0.44781140892952326,0.8493426948752535,0.4132208664731954,-0.6773661570640488,0.51021276474758,-0.9221218565488676,-0.1568147603959585,-0.8446050295053601,-0.44266306038332076,0.7961494483347215,0.2525389664414503,-0.6644169987517052,-0.6463573174219523,-0.19486267708699298,0.3731767887845654,-0.037997634373222414,0.24950624229930507,-0.8672782797027163,-0.3920249154700502,0.16929356436046417,0.422631537187435,0.01656988491504471,0.17622476718643976,-0.5649251353667035,-0.624417256887007,-0.5295391987463749,-1.0344137134943554,-0.8698007407464394,-0.09950905465173886,1.0115930993386557,-0.29437471238848745,0.5032303976559157,-0.011445533335572225,0.29720460572097357,0.5993790923610581,0.5768886448542938,0.9266488483342883,0.008665570994891288,0.3056367745014073,0.41518439651793676,0.3159268284374437,0.5069185641106,-0.04527823591047783,1.2353516848877846,0.11960175608223793,0.5974741478592585,-0.20896607224414326,0.14502815157300997,-0.753393125715187,-0.2048988529006391,0.002542729290720652,-1.1687420200057284,-0.44652208894963374,-1.0302146361947015,-1.3464818160856393,-0.6418030396028471,-0.22428822455365852,-0.4977418331464153,-0.12590952875873268,-0.06276126638662455,0.46790338288118477,-0.18639179145451043,-0.00036205774804284343,-0.5354621297155032,-0.20070683508424925,-1.4730371367073025,0.049157434001651255,0.7486312435356419,0.34162817712912064,-0.3894334271415455,0.25361022277189843,-0.3118425940044493,0.675887358032555,0.24372152669008873,-0.28973103257502536,-0.035596540379947535,-0.632094901201533,0.7800198571360216,-0.5649986220250333,0.1842780416799576,-1.4248673570814216,0.7806792662713481,0.5641067543526839,0.4997322134732495,0.03747946964162644,-0.30866014190125474,-0.32798229193698825,0.2439033213359263,-0.9215219691709766,-0.16165893514891538,-0.06920120821789516,-0.1454885042795704,0.21183937658775556,1.2837363086207036,1.2621083662912802,0.46781993982148506,0.040912242108911784,0.8819245231551823,0.525374388893726,-0.7141141266798444,-1.3704922297188016,-0.8784880636547149,-0.7201735530680745,-0.7180129085356048,-0.04903955789564356,-0.15561867750180475,0.76709493424175
-0.1024635915781433,-0.021328202782138993,-0.7449197194371522,-0.7861489465597835,-0.7384387599869157,-0.6491709853051919,-1.2348927843158712,-0.6731987227319797,-0.6310635136836729,-0.4891604038883303,1.077615495043125,0.5914219520791817,-0.09532112820568775,0.7871043496491642,-0.39954769940204377,0.337231146124429,-0.7939130309059935,-0.2985583207864287,0.5672440931805908,0.0819514647674601,-0.24847435761259246,-0.3265143886442772,-0.06804222263051188,0.20271019684046418,0.01748919267713412,0.07311463974180588,-0.6068038230185158,-0.1514355629068017,0.3768112140465859,0.5668789514622192,0.1524886980960203,-0.009432769888667316,-0.21749230448589696,-0.2675041100210732,-0.1604843450737737,-0.9452238165456764,-0.7336110681304946,0.6470798863124306,1.2200009655795914,0.08843690177110765,0.5084956203931628,0.48215070326744375,0.4152295389646268,0.4819282003334767,0.777043521677199,0.9045562994172167,0.14255961870074788,0.10401241270494127,0.22353864407588006,0.15694906459921004,0.2889923263858479,-0.3112158535684412,0.8359552102696152,-0.20494175390132166,0.5562076162245363,-0.3663967729458515,-0.03765807106933083,-0.8281279214113555,-0.29394487701777944,-0.2336309429205588,-0.9756304975352633,-0.48732691742167944,-1.398223222586366,-1.2137751731348583,-0.4062420930679843,-0.3914441974409578,-0.4208235444030752,-0.18452152330717347,-0.37838112701333454,0.02957992882068446,-0.3894838168114599,0.11670773264176798,-0.5144181305947012,0.15828023762084445,-1.1293083540239959,0.18562768701427726,0.9829286956771347,0.17840179549958665,-0.618598505887091,0.5538329032471808,-0.03479057684313503,0.9749179065769359,0.4439459255951838,0.6038416513139346,0.21294741275045362,-0.31420734270648015,0.5545137587068887,-0.2380006112896236,0.16794691850364443,-1.3188651767449113,0.2789197199938892,-0.17728778641919538,-0.0546056835105861,-0.12004051372696124,-0.6953305539145656,-0.08730607654788906,0.09770537057130206,-0.7827910324333258,-0.3240168046915714,-0.35200995657976925,0.10801796875825888,-0.15417728655042634,0.9755272740901016,0.84892172356242,0.39735413432612876,-0.6371671872052681,0.4142910997867305,-0.016584038524169387,-0.3398575125945469,-1.515783932615277,-1.0346122556283452,-1.030088974198734,-0.7419707421996378,-0.38671640857771583,-0.2518685866354198,0.9789816540839037
0.013728755635052273,0.05785820812569435,-0.4624020345861285,-0.9479141218780616,-0.4124167171135323,-0.5272279652993143,-0.7673824953564378,-0.7121239088248869,-0.384869409865394,-0.32793159530133487,1.1355848843539023,0.659274325720549,0.5470321004631282,0.9505816023420719,0.2410831850458123,0.8649907156470139,-0.5161335446843842,-0.052826372952044336,0.39624588348958534,-0.016504003048049467,0.2762239193628905,0.09026264455965875,0.18204028724890892,0.12620531395825782,0.12339513860167953,-0.04506623193178275,-0.19046230138324174,0.14543180632241828,0.5888571806808267,0.6649256962189574,0.3582529379621271,-0.0842911606964033,0.22237129311210266,0.1978917337404761,0.23467657496741248,-0.6730745554661145,-0.44398280080913977,1.191751239095428,1.2632419311869763,0.4744714650622075,0.32422952737912414,0.8531235035575936,0.5248208187765553,0.3697997199527106,0.9024470652418969,0.7757908902041954,0.3064656364084454,-0.015465167873327964,0.01918844708786523,-0.025223751824315802,0.051716807003586766,-0.5347965945575602,0.39182745803574365,-0.42264492652055163,0.5082085055323838,-0.3684934435471606,-0.12485600949201252,-0.7287628871511079,-0.29780902349918154,-0.4359757718551233,-0.6186385449279983,-0.42435284222824676,-1.5246823662223619,-0.8961636452165743,-0.07484073387709365,-0.4606494312420414,-0.23431534886448507,-0.16047883789675657,-0.5624186263534564,-0.3180570384300305,-0.37632622638635993,0.3309377275604192,-0.35978802754213124,0.5296759180356791,-0.5529015758578657,0.33876029798380053,1.104627769792384,0.057699445175035544,-0.6632359130683383,0.8022941310248725,0.3214712105765751,1.1524173203848627,0.6159379586357135,1.425173184555189,0.524806779013236,0.07803246724376758,0.3569201287803582,0.17836780330338095,0.23406155862910416,-0.8920506801600279,-0.09984871102435618,-0.6801913087541339,-0.41234402676321374,-0.15209764525471337,-0.8524281728078027,0.1310848311737225,-0.008740258713055511,-0.51608326953621,-0.3776820480032109,-0.4450288616382181,0.3849617107377019,-0.37588371686269023,0.5922869070316138,0.32636718173428264,0.2320413490983747,-1.186967863601452,-0.11738159022077714,-0.5444144181387022,0.09984049484478055,-1.369344194827252,-0.9335073148560926,-1.0907067923096696,-0.5206129568250469,-0.5644484564159904,-0.21714714095948237,1.0176126056301766
0.19521918547461165,0.15119028553908875,-0.054005017436414976,-0.90113736800867,0.0754874099131602,-0.15481591514261184,-0.11774009833204103,-0.56669831908419,0.03582743139964172,0.0026221812446806194,1.0549971801332094,0.6303035052215042,1.1525314781594083,0.9967522693185074,0.8959248973253205,1.3637555884628456,-0.07774816685787941,0.2239898314856331,0.28004227603148435,-0.04971039003807843,0.7935790081521997,0.5197263349604647,0.4888820303647355,0.12296256741707919,0.23431251480696774,-0.12657600234205474,0.30405714957621316,0.43727086484920513,0.7758814199798996,0.7131161021066597,0.5654134641907611,-0.07788289038482754,0.6654812203541497,0.6819167558363678,0.5727340631676014,-0.29697862432266325,-0.05955780854206461,1.435664610029623,1.12312710379936,0.8027835276243964,-0.025820909707129774,1.0562344892220263,0.5622492789231031,0.2344095261912176,0.8926604449484801,0.5306325018744775,0.4251807076765106,-0.08327186489054077,-0.21383170512897337,-0.24733602595226425,-0.22400691893001742,-0.7350082422830776,-0.07599844581295626,-0.5450557647289925,0.4225643572983426,-0.25769371106898153,-0.14957974602409296,-0.5283173674229968,-0.25704901981636136,-0.6160308535965204,-0.1468832790876769,-0.2833121854455023,-1.3942869106143263,-0.4484546235007749,0.2797068878932414,-0.46530979930105293,-0.010015471775063036,-0.10974365286843153,-0.6330390308685089,-0.5707774555634731,-0.20490957395673193,0.5562187475773243,-0.1607149618429505,0.8240954739254909,0.1235167646533092,0.45682698624485135,1.0495651816124252,-0.06142906739057356,-0.5678848150526233,0.9340588514369341,0.6757527251710643,1.1504036641548336,0.7294631513425178,2.0382151864800524,0.8341029964742595,0.44697881162921393,0.21060148977572837,0.5971656233192527,0.38244601005712214,-0.23174857889116135,-0.3351773343065205,-0.8996352245086303,-0.5562429320614747,-0.06759216200014787,-0.7948923000701071,0.26939680500603846,-0.13064126708282944,-0.2242284206717398,-0.3689802663455919,-0.38178541750418576,0.6267261701965888,-0.4219439718750515,0.15442249688582863,-0.24375246554160296,-0.046939591572043124,-1.529666223606387,-0.6778213705886762,-1.0213684887522378,0.54420324511096,-1.0093988682947042,-0.6469119139281809,-0.9361430745471616,-0.14127543594155567,-0.606546759826229,-0.07149075462774872,0.8430576209338722
0.37003661921162234,0.20470358030405114,0.36944233732310555,-0.7140199009265606,0.6175309388753334,0.3771397291209401,0.5680211487481669,-0.297918379554629,0.5423876016527153,0.42552109609532474,0.8857151783752815,0.5307475095607534,1.619280141491827,0.9291387628232934,1.450085984442519,1.7559550800344632,0.4131675128805796,0.45271248882694265,0.1928618561323803,-0.03918144278861289,1.1880640483581881,0.8694027186484241,0.7642876760870507,0.14959567462198403,0.3025890185410515,-0.19986563721101672,0.7730709962153021,0.6593353220367494,0.9048902666012476,0.7087349693365351,0.7015525163108167,-0.03620433287767381,1.0154011086274657,1.0844723275195243,0.7826417285940397,0.08629004717944826,0.33976662152929404,1.3560238522693076,0.8173072345869866,1.0232524735496622,-0.466667337944284,1.079032426708498,0.47235288239816575,0.04643025290875157,0.7074884397621068,0.17798226887954846,0.43156278671995224,-0.1436325599327315,-0.4825775779754312,-0.5112031997846259,-0.541473927027898,-0.9229425678812577,-0.5419388844949945,-0.5994523388626964,0.27446022653323626,-0.09805576662929474,-0.15527017506609725,-0.3077754012689601,-0.2151745914244156,-0.7798006422875088,0.36957508957818974,-0.1033374287207317,-1.0364847226238356,0.05610039314181561,0.5785006140984743,-0.4478819232621333,0.1732397281591926,-0.09371593395959195,-0.6259309410027415,-0.7405495539191026,0.033345631991177654,0.6984906442527308,-0.00946576134693775,0.9654428031104049,0.74705656571545,0.48993087060157864,0.787094140305963,-0.21141293601237712,-0.41069353189466096,0.9037920771192436,0.9335890598203147,0.9442445118868503,0.7620385219751602,2.337365296889175,1.062944906574576,0.7034848164575651,0.12017497052727871,0.9270783781172034,0.5824557076493322,0.5212409243540476,-0.4489979043626569,-0.8616228616411418,-0.526303525593525,0.09729233568043501,-0.5799978927093721,0.289044958521992,-0.30775485840439715,-0.0022120252256229464,-0.35468156209839047,-0.23392716843537556,0.7754661380579811,-0.30256935285323455,-0.3052643057274146,-0.782498008265699,-0.4200167702996488,-1.622105486088795,-1.2155740092955585,-1.410184584891317,0.9330346913887191,-0.5441132176797646,-0.2775548883822977,-0.6431685004323553,0.2768892954471698,-0.5581256313984048,0.13731082870082711,0.45756524695025275
0.4719856507345467,0.18367312823439907,0.7003036822312282,-0.4685380365535796,1.0871820370786704,0.9384464015022849,1.1402173142084269,0.01449603765762871,1.0237550427049347,0.8410591102312213,0.6778843936578539,0.3886175337588839,1.862066355358052,0.7575814822697572,1.8026435118225248,1.966505657330798,0.8322385673833137,0.565374624432992,0.09986246325652426,-0.013892882340224535,1.3734011031761766,1.0619255709759634,0.9248716309906261,0.15830444059836443,0.2946129573469158,-0.28520666268540634,1.1122979836210438,0.7613912118324269,0.945155690074567,0.6474397907557138,0.7134521766096575,-0.0028808330450777837,1.1905332333509384,1.3172209061742275,0.8232215479315491,0.38834379791843954,0.6709405888305342,1.0064638674326918,0.39645594336757256,1.1033417564153067,-0.890989031255604,0.9388535352463455,0.22771764858600763,-0.20959292967844534,0.34206532737755285,-0.25059259260064165,0.2870092612401364,-0.2364420065666713,-0.7763314257104275,-0.7972840229587919,-0.8798771475311082,-1.0926941322551973,-0.9718199116577744,-0.6147036809822934,0.05575562960815107,0.04383468421693094,-0.18192318597004928,-0.13476941662402228,-0.20642607749355535,-0.921925664898797,0.8466998539432287,0.07253019675971324,-0.5235196112607625,0.5363545336663028,0.7568959168111178,-0.4428824260207446,0.2533641504361754,-0.1566955585094546,-0.5808080007076492,-0.8442385754790027,0.243566391792486,0.6876417136840043,0.026805071291403144,0.9097673152704108,1.1817707015722516,0.40600012810442154,0.336198209095295,-0.40224751370456,-0.2753017116189648,0.6996844089332944,1.0133850147752617,0.5520022429332513,0.7028059745648144,2.2686675658381756,1.1425992386012673,0.7891528849626471,0.07443652449999731,1.0921378366661676,0.7792896144217801,1.2038554956920555,-0.4885606284511767,-0.6450819552817931,-0.39810939705261933,0.2917124817261894,-0.289969079976376,0.18411593261472403,-0.5479567317195495,0.0877235671794667,-0.3818184038262477,-0.08654956073951539,0.7911925352726875,-0.06297069875491619,-0.7368971324971535,-1.2083376589931012,-0.8287336189447985,-1.4624281392758864,-1.665027602171649,-1.674497443508933,1.2158796677158459,-0.08214008799587921,0.06910052509454512,-0.3085015994762767,0.6150701622069109,-0.4677379975004162,0.34661972096542815,-0.08911445432196383
0.45552553005634056,0.07959391208139766,0.862262927171069,-0.23578410694127794,1.371946593193759,1.3932968399746672,1.4802746015221293,0.29324554936123404,1.3727956623372393,1.1529314857608821,0.46571515959088494,0.22452527046884727,1.8307053306062457,0.4986339348330719,1.8887095967246406,1.9431410678690066,1.0681215132147035,0.5214758299468611,-0.02817122443085028,-0.003118709593238327,1.312760354986473,1.055074474570778,0.9170524095442016,0.11574468062003128,0.2026936905372732,-0.38272295100846254,1.2435750531909515,0.7223802992613503,0.8734703815359204,0.5219328564812373,0.583153416288271,-0.004259935993748003,1.1422863625525452,1.3222759802025479,0.6933876925649607,0.5509642305274339,0.8660950942645573,0.4977245911245628,-0.0667060816384385,1.0306187738338446,-1.187856681722427,0.6746626873267618,-0.15871690144802567,-0.5244973627897618,-0.16611464472028087,-0.7020996092888884,-0.005904707652965892,-0.3814914573515116,-1.0638678091661693,-1.065246579429813,-1.1949512704484464,-1.219467635726289,-1.323563850356969,-0.6099162292291638,-0.22048023908333444,0.11578717289421048,-0.25513739926608353,-0.049373570528099466,-0.24837610964101106,-1.0250525272582338,1.1962377090264122,0.20734635238696392,0.039845020157269664,0.9140552074166491,0.7812012402284205,-0.462808696285482,0.202473813075963,-0.3098882980989763,-0.529870265569887,-0.8945778007283407,0.35456392951159327,0.5014533819420867,-0.07476736137017868,0.6560504702557802,1.3393622418367288,0.20222197534675496,-0.23233290079320829,-0.616603232036805,-0.22321257669746755,0.3491516672604535,0.8710728829546449,0.03504575855619836,0.5543888129456932,1.8420374693157726,1.0339502344511475,0.6914971108594661,0.05223750852409743,1.0492826988942887,0.9073143514309803,1.6678917822453558,-0.5041522854643616,-0.3530276394911606,-0.25230135902137824,0.4643176580357746,-0.010840073113138882,-0.014990217098241368,-0.8220580544067085,0.02947547766341877,-0.4717493334853622,-0.01206088872540674,0.6643243120127647,0.22887231223189292,-1.0764012736016058,-1.455364874362065,-1.1874559361594796,-1.088990369029818,-1.9552609311749523,-1.7830626616266632,1.3582338583315408,0.29167667253129315,0.3102430474619077,-0.023947221743558917,0.7845865229386686,-0.3727463099953995,0.495567768316673,-0.7044741468154877
0.3039116390249045,-0.09132240228476442,0.8275135673363185,-0.0591280114117019,1.401866227627729,1.6328413830942146,1.525355987884722,0.48038683770599444,1.510524119120272,1.2916929504695212,0.25928730628942687,0.047663617946246656,1.5212707289721517,0.17653969871789518,1.6929991207305013,1.672996190688535,1.0490624156001853,0.3168711624885211,-0.20352597377213794,-0.030402402517634503,1.0253771166586962,0.8528308354919547,0.7324594599883143,0.015442990147153621,0.04826152339214839,-0.46885169108888636,1.1352518145531074,0.5568420944373735,0.6789380223321779,0.32368007959099127,0.33230804520013985,-0.04309442374446155,0.8655297141903703,1.08398370885534,0.43192783894169745,0.5578488937508347,0.8869951334339965,-0.03486436526593803,-0.49338362347460335,0.8122507671040636,-1.2729983955669424,0.3370967713385091,-0.6316805943193754,-0.8613445240225386,-0.7406907656642467,-1.1093697755102545,-0.4019428413559164,-0.5699996065996913,-1.2981555546552186,-1.262046092992026,-1.428775906756848,-1.2659546559438966,-1.5531663823321789,-0.5894590066844024,-0.5224172180368779,0.09074747320933012,-0.38023184837903495,-0.059626907472228485,-0.34021813098248943,-1.0646616129932156,1.339321218511334,0.2779189287148545,0.5349540171957251,1.1244480183148178,0.6564441381913838,-0.4926900138428613,0.033221197338694365,-0.5268827433181607,-0.49091827924318504,-0.8961673010387075,0.3355277542574883,0.1735519345487035,-0.2876439913110459,0.2465585559185414,1.1963816704288393,-0.09156411072934875,-0.8095442065095695,-0.8152538085939905,-0.27523199711048435,-0.08633077360820932,0.5155882892775313,-0.5119558263895203,0.33240553464486744,1.1312996498311334,0.7404443333790567,0.44677701728039815,0.02942942243572187,0.7991119382041724,0.9071481660687339,1.813740330513054,-0.5298281483867603,-0.08250840259127953,-0.14740014127001794,0.5745365012314451,0.18701993045438614,-0.24966999573993212,-1.0714431615292026,-0.14792421988159155,-0.613299705295338,-0.05018233979716184,0.4187020495182757,0.49715035733502744,-1.257808775483805,-1.4897061139490482,-1.4053723392530282,-0.573103881536134,-2.0249144747732406,-1.7161671623522656,1.344258814524602,0.5296334605701263,0.40239292234344154,0.14443206541890669,0.7466859941127297,-0.29161718369500866,0.5407436995715146,-1.2690955716950252
0.030520115323391127,-0.2962720038778368,0.6187085099629043,0.05022644751633761,1.166148562611262,1.598639332700097,1.2775345040829311,0.5460563535508979,1.4025902770649454,1.229236509892845,0.04776769534430666,-0.14176181647076952,0.9780080135852409,-0.17657074653796032,1.25189213341309,1.189723997069627,0.7605011611522249,-0.016382320084780543,-0.4166844812225866,-0.10921275481174134,0.5784134868950745,0.5043294032206647,0.40888111377222325,-0.12089289262233568,-0.125066470468883,-0.5036817644978776,0.81041914059415,0.3107193187527281,0.36707633597503536,0.048178314770209,0.014094491258018881,-0.10223217371737846,0.3995784770729609,0.6319770179846155,0.10667960763967363,0.4337996008413212,0.7323435686736819,-0.46758762832524303,-0.8154639135079875,0.47297128798189086,-1.1117406683790994,-0.020460558034571405,-1.1034489193660866,-1.1613588905690666,-1.2802706553017627,-1.4033152297941194,-0.8231399040547935,-0.7660761082686773,-1.4274062439602182,-1.335577145868555,-1.5258328616997585,-1.1951620268913667,-1.6244133004921144,-0.5453562552773706,-0.8074312541028953,-0.030423575246411073,-0.5420251292134289,-0.14624050158122465,-0.4658269560143606,-1.0177555010737593,1.2233238733151945,0.2780824446382013,0.8538669523139405,1.1263032265025605,0.42281162861658683,-0.49614111088448654,-0.20726096829981272,-0.751803556410014,-0.4660827778144857,-0.8470493777073637,0.19851946625922814,-0.21730219674625992,-0.5456602638646665,-0.2429828031688341,0.7948427272349107,-0.41874753693948147,-1.274614721232105,-0.9507195126746115,-0.4071341492739214,-0.5265563617328411,0.010176492043615865,-0.9807578755875836,0.06290199307848007,0.26136308632593186,0.3089681971232955,0.1287437187335815,-0.014673424014872807,0.3867264027242229,0.7423330807782159,1.612253554978321,-0.5736203399815993,0.09815331812029097,-0.10589118329660055,0.5983887927758116,0.2624730554643174,-0.45099191759004964,-1.2260540193920368,-0.3840589331227682,-0.7668742855185217,-0.19931912115653228,0.10363262830238734,0.6731847254695056,-1.2328327572154303,-1.318781259497609,-1.413403655998182,-0.006762091658116673,-1.8394504014686157,-1.4724716465359355,1.176639938971099,0.6220290758453438,0.34631786128268677,0.16865168413725568,0.5178339291168612,-0.22466736486991817,0.46659963972502116,-1.6616962686590568
-0.3254293932252498,-0.4971140740038604,0.29636124333074043,0.10541699738908007,0.7140240253355906,1.2922380751836429,0.7967945778803144,0.48817421437347036,1.0648137908824893,0.9812996530526165,-0.1873023686437091,-0.3450361277729094,0.28573882093098735,-0.5224902725069842,0.6441338125348992,0.568451348689284,0.24949895014647164,-0.41856721856126494,-0.6388150708227969,-0.2405466579835638,0.06699915148182575,0.0910185307742007,0.0168011412524148,-0.2535705023557692,-0.26647287027188377,-0.44737642221645,0.3406551229995487,0.04760379673763612,-0.03764107024254692,-0.2976568039606808,-0.30415424280511466,-0.1561236241935672,-0.18001251117727704,0.03539379055918701,-0.204066941739191,0.23259384172021394,0.43635594640622755,-0.7184364424354089,-0.9890076497170487,0.052393859411599165,-0.7279802125898014,-0.34831680735815074,-1.4735780266283933,-1.3578087518762243,-1.679767513216632,-1.5276056179433675,-1.177527396955731,-0.9175988508068688,-1.4093806255503514,-1.2500469501982598,-1.4503290241785294,-0.9855446126389419,-1.5193533797678445,-0.46525941822365974,-1.03263731253959,-0.2234591681093011,-0.7096091693683781,-0.27345664654689267,-0.5996913100050173,-0.8724699833626052,0.8386692038664033,0.21707105007874625,0.9249106977871263,0.9103147241208747,0.14204421055870814,-0.4314353060985463,-0.4533510095137467,-0.9173570818197803,-0.4454944769426583,-0.7443059525071621,-0.012271904261330378,-0.5728661794901975,-0.7644000492965364,-0.7207752811761313,0.2275168505117728,-0.7097929598620963,-1.5265743775621463,-0.98438478291068,-0.5601073536267652,-0.893894024581364,-0.5412055133102897,-1.2749315112853106,-0.22157129958168092,-0.615252698991172,-0.18190453040553906,-0.17389890844721573,-0.0923065323317808,-0.10796522622755202,0.4114342573787769,1.109446882904736,-0.6196472800062973,0.1599546002663826,-0.11711733457740726,0.5287941055780204,0.20904821693700246,-0.5617434850490827,-1.227097589336997,-0.6083114230339296,-0.8779850141793285,-0.42076707719959505,-0.22208575717118426,0.7082968464575223,-0.9915336706094103,-0.9902204795268382,-1.188199565953101,0.5129264962795815,-1.405384947644485,-1.0738997386578053,0.8748351043463121,0.5882557928385556,0.18028931055418237,0.06071971694260182,0.1601747138963932,-0.16178066070403915,0.2878288492161834,-1.78826936180695
-0.707076984502326,-0.6608830375366755,-0.06303998975183886,0.12846137728016224,0.14037961511429312,0.7702316145447983,0.1815537806573933,0.32541120655909644,0.5574672423510725,0.5988465659213501,-0.45438344065415154,-0.5559790967461196,-0.44559433034801926,-0.8212704615176087,-0.02690508649246171,-0.09026757654015533,-0.38524428645915315,-0.8165844931623281,-0.8303825303897318,-0.4126163299097485,-0.41138627793852595,-0.29436454995584516,-0.36353754407198574,-0.3425538500623436,-0.33591085019877825,-0.27989282527033976,-0.1728637016221651,-0.17038186145141182,-0.4920674772909337,-0.6890020501698365,-0.5616563056295418,-0.18511286113469883,-0.7768186810475112,-0.6103579406858778,-0.4327845166334449,0.018036930712568868,0.059337709979672096,-0.7635087854367297,-1.0015790995477516,-0.3983939377495542,-0.1968282122218944,-0.6044701332869199,-1.6537408316011484,-1.3942563834901593,-1.8544005597464168,-1.4522384815665927,-1.3819568605978965,-0.9730370488221187,-1.2248327195540283,-0.9984827399635904,-1.1993398916333027,-0.6432802029401582,-1.2461492174836866,-0.3422451382958003,-1.1647788301196869,-0.4498673447374499,-0.8446033731884323,-0.4018334078920512,-0.713683750997961,-0.6352733706913303,0.2300336642975982,0.11406506674012194,0.7324265937683173,0.50397240950662,-0.12166817107368139,-0.2719554332437437,-0.6415451639981293,-0.9669254398906303,-0.41399980285527554,-0.5907687351578044,-0.2394128634880913,-0.8071070646973207,-0.8676819696993658,-1.0995592395347025,-0.3871597054179285,-0.9003824735081062,-1.512227908221051,-0.9012352876569169,-0.6621195969415755,-1.1339901008228714,-1.018799565507911,-1.3344708316207108,-0.4864189984552267,-1.3478872364650558,-0.6426702885836791,-0.38457046430331576,-0.20430622845911994,-0.5883732032688059,-0.04774266323189085,0.4132869038670957,-0.639884753200363,0.11131788807821698,-0.15317958595584186,0.3724559149740499,0.05219803115542378,-0.5551015018777374,-1.0474121700454235,-0.7613979491778324,-0.895724952970558,-0.6532848851349977,-0.5079940425077257,0.5829766564202297,-0.5756593443079345,-0.5804756512618511,-0.7650839030881741,0.900359959774578,-0.7762150097860104,-0.5663158878012486,0.47280002707183794,0.4634944578581689,-0.035238171733526495,-0.13508567430504867,-0.23900769744185624,-0.09321066708775125,0.04340355097683478,-1.6078563621378374
-1.0503995678906897,-0.7665311318200027,-0.39025830616915763,0.134485427655046,-0.439213497120547,0.127890116565129,-0.4565944368655672,0.08760969514694161,-0.029356080303440016,0.1523131310511948,-0.737888146669761,-0.7550077569926974,-1.1011515207695908,-1.0375589569055423,-0.6547260399244359,-0.6829511909880552,-1.0155979382533857,-1.140131311810226,-0.9529091056016368,-0.602620017362656,-0.7805457136398042,-0.5711407806327569,-0.6664002977535365,-0.36542265951335456,-0.3186410625903653,-0.016072593947111996,-0.6254079396848665,-0.30097910718073667,-0.9384765854114148,-1.0810032374555396,-0.7213013403912232,-0.18633895253626148,-1.2927321406430035,-1.201669160372725,-0.5404227239401965,-0.15551793753286713,-0.3267819440576853,-0.6362245084662057,-0.8722781609706151,-0.8216280151173874,0.3764312989234142,-0.7572458501390572,-1.591341513402502,-1.242124095684263,-1.7606806224744287,-1.182525111163641,-1.3834194752681934,-0.8989174950290334,-0.8861689650865208,-0.6084978610204036,-0.8075547365369199,-0.2071887965005071,-0.8415793411902435,-0.18220071575496585,-1.1870442586019083,-0.6673251222387098,-0.9109155811598167,-0.49898108679705094,-0.7831144700436333,-0.33314088954072946,-0.5039073539188766,-0.008881120764728734,0.3242355739581905,-0.029321284023406825,-0.31997694099229085,-0.0230634238636318,-0.7291557753057454,-0.8736251818163521,-0.35844074460452663,-0.3996937421302334,-0.43189915799085127,-0.8729564644023905,-0.8112200380575421,-1.3154116622517946,-0.9334045361777071,-0.9486771339950385,-1.2418126066546986,-0.7170862831922981,-0.6532053450059978,-1.2289873046729325,-1.3166191120249675,-1.152547312731227,-0.6994539079293669,-1.8171858922394781,-0.9961173794529343,-0.4618194608742392,-0.3395528799804458,-0.9634112399270428,-0.5635063737184189,-0.33351450383426356,-0.6098541883509564,-0.012874108229708279,-0.18892779256442882,0.14613904915334672,-0.15994249507762598,-0.44308687176587136,-0.7030755846145819,-0.8106847821235449,-0.7902565985526409,-0.832720737146007,-0.72484805536671,0.3111124449389553,-0.07714294284498721,-0.17626914110543554,-0.23421972209413464,1.0965345498843186,-0.04688546061852259,-0.01472805069443603,0.016531532883895392,0.28667737024310913,-0.23633762135701847,-0.3565546285005054,-0.5921085093020537,-0.01858381657224759,-0.21547957395538,-1.1471239628584653
-1.2955095465387914,-0.8066432450684,-0.6399968834014137,0.1228531986161253,-0.9168005830745892,-0.5231053719505798,-1.016436494766273,-0.19201415366105412,-0.595172720632919,-0.2857209172380847,-0.9946606413792826,-0.9097806346700745,-1.582232975523716,-1.1474316559894095,-1.1498111455728897,-1.1256802601130578,-1.5132645132547131,-1.3358566483622571,-0.9801578275170604,-0.780382933753376,-1.000409776255245,-0.6899372213753497,-0.8576076779898967,-0.3280038417244731,-0.23078146213998774,0.2910711573042694,-0.9343796734561226,-0.3333497188128503,-1.3126142011730535,-1.4134830956627347,-0.7775227974774204,-0.1762003997362049,-1.6469265461817137,-1.6461417577763264,-0.525290074718592,-0.25711325540390395,-0.6538200357253237,-0.41078990220502043,-0.6452105466070974,-1.1596383218574684,0.8841963160264656,-0.7878962879718296,-1.285660293041152,-0.9124544342040596,-1.4092368355267597,-0.7610185064260041,-1.173632867508758,-0.6924730975422417,-0.43871146008507506,-0.13936041539965527,-0.3418813155720731,0.2560300144263812,-0.3669292222553891,-0.005676976931739632,-1.1017089260602388,-0.8382932727211295,-0.8839466529069702,-0.5456970733952939,-0.7912487909587471,-0.00971107893799141,-1.225636123124158,-0.1329428055570115,-0.19700043145861731,-0.598423476745422,-0.43186794407725143,0.2720447826631547,-0.7053633494652071,-0.6501946555840359,-0.27319281996835654,-0.1951534772234903,-0.5587078795002588,-0.7750139397106921,-0.5963692171150986,-1.3403120955345786,-1.3222280047434274,-0.8465821957292665,-0.7872997181314925,-0.47555832529758546,-0.5066164928378746,-1.198598912714409,-1.3690221238459155,-0.7790077716146248,-0.835145764174597,-1.9584964983549815,-1.1957717205561524,-0.4105926270097878,-0.47700793883751025,-1.1681639894412055,-1.0446552649162542,-0.9872356694310029,-0.5213983590170324,-0.16604692467143306,-0.21613373776299794,-0.12559319135650654,-0.3696217464750512,-0.27143893661984553,-0.2524712352411325,-0.7552924894277495,-0.5638441680410426,-0.9104659914648051,-0.8678908246292604,-0.06153023592954294,0.381402908596897,0.14598466304257315,0.2808913604951124,1.0800091092968005,0.6629836170403787,0.5065892437974076,-0.4390954469258522,0.09334484520505465,-0.37206679713223395,-0.5402863716580698,-0.8328546678818263,0.04995527294292822,-0.43942647316885397,-0.4982093988037028
-1.3974846491086403,-0.7848833933573239,-0.7960302908863118,0.07939838553416467,-1.2158509006816072,-1.0767137725992881,-1.423141265229875,-0.4801428581234047,-1.0486298996560681,-0.6542262604027147,-1.1640937224456962,-0.983438817568845,-1.8240502810496246,-1.1436672317655547,-1.454006195060612,-1.370247522634332,-1.7791878398763623,-1.376556529523322,-0.9054651805188795,-0.913402391428718,-1.069433912819166,-0.642813428701996,-0.9384764210722937,-0.2624847446809182,-0.11330395418359256,0.5622869459996785,-1.057388563690044,-0.2887197957197925,-1.5547917698629141,-1.622749216064019,-0.7525384217969527,-0.18261234620047526,-1.790693243569386,-1.8795324465061478,-0.42028669874297964,-0.28370066056932564,-0.8698725809237682,-0.17580578480054412,-0.3785830733893219,-1.3634655192657976,1.2422434104653675,-0.6939642949334297,-0.7919903497657144,-0.45814452377843906,-0.8660901668889003,-0.2615300460726894,-0.7931967639054783,-0.3855404743637369,0.04606498836406946,0.3291196526369961,0.11287015974386874,0.6655647828808331,0.10214539750191728,0.15665474996796747,-0.9287882119462441,-0.9352985875709242,-0.7574201622942139,-0.5369152761190552,-0.7320850634764795,0.28363380693938944,-1.787670773013993,-0.24551940606390313,-0.6978629549964824,-1.0997072246309514,-0.46476085029640646,0.54146911156115,-0.5914537797862136,-0.34644997616898243,-0.1625281278291014,-0.007607217796094389,-0.6123143792911396,-0.5642850960640123,-0.26997119420651877,-1.1859247464086533,-1.5058416355862148,-0.6217422917675534,-0.2634137818094337,-0.23542783263181424,-0.23919697205589116,-1.0885675055350619,-1.1676959772130917,-0.3088237513025629,-0.8785266603395099,-1.77443053851319,-1.234025936544724,-0.2776813543001164,-0.5902098102686812,-1.1777447506778542,-1.400861215703568,-1.4345028348331819,-0.3873582251082724,-0.3034612738854018,-0.24519467800287964,-0.41078565850969223,-0.5233757051872957,-0.10261014652968087,0.2170646055948939,-0.6207453537365492,-0.2521677163377399,-0.8656152185597958,-0.9499068567902211,-0.4647410652864702,0.6806770750693966,0.33724272587721743,0.6575122460872247,0.8715590700168402,1.2334443926183805,0.9269062255119356,-0.835155901319599,-0.0862513284799988,-0.41452058281887,-0.6367009561189395,-0.9290139681300138,0.09205405569304302,-0.5922691159226777,0.20104178985094404
-1.3353887349256135,-0.711331291972309,-0.8644870589929967,-0.011015804327379681,-1.3045496288900897,-1.449596701701871,-1.6342799805082922,-0.7420232453175343,-1.3230444656538514,-0.9106884271566167,-1.189479555256023,-0.9480808896387178,-1.8067994206095919,-1.0375368736659245,-1.546677674655374,-1.4098308526378225,-1.7661183614771974,-1.2641140199484289,-0.7433878191873295,-0.972583514620769,-1.0153695863252485,-0.46221569311419375,-0.9357974595546472,-0.2127278090787992,-0.016178392514827382,0.7168746415422137,-0.9981100749665824,-0.20974609440580777,-1.622077043103218,-1.6580592413821975,-0.6829106363323185,-0.2297031285515698,-1.7152151352646434,-1.8768097920456113,-0.27934624720744133,-0.2547571815524723,-0.9469018572138397,-0.006561002423934006,-0.1321975651955778,-1.4022042258824206,1.4053455960284553,-0.49309269941451156,-0.2121015102701602,0.034621983639537716,-0.2414710695527594,0.22387484476236558,-0.32396469164074304,-0.038435899177816854,0.4839203998180061,0.7131580773115989,0.4734470622738363,0.9457230746738103,0.48955012092407224,0.27329055856419904,-0.7016473314042256,-0.9429787230832013,-0.5464931590392373,-0.4786633507766681,-0.6114321886568005,0.4992834207245183,-2.068687558079605,-0.3391870154572112,-1.048137375861782,-1.4369519837160414,-0.4453968867435707,0.7071887933099681,-0.43067511462730745,-0.0349950605468219,-0.03959825947492993,0.1339879612343592,-0.6026545013589917,-0.3176560502796719,0.08925374227110161,-0.898530708979135,-1.4802074828549454,-0.32997418970524683,0.20319662755558093,-0.052327186708479634,0.09210845644319468,-0.9507359097544664,-0.7650239696707875,0.141894826875409,-0.8282449641282543,-1.3338940288610834,-1.13796865019497,-0.13249289495653924,-0.6534841564832311,-1.0108473986380297,-1.56406437552068,-1.6135246225252946,-0.2366251808676829,-0.3912142390443294,-0.2938148996964465,-0.6699540104707213,-0.5839434906452402,0.006858416151286851,0.6109947269362722,-0.4464843300717645,0.08419390963214972,-0.7082144583150445,-0.9876846383973313,-0.8164762122561402,0.7430384237806554,0.3849947659983255,0.8103368212756832,0.5311578753267797,1.5701024988621668,1.191557658643312,-1.115768163301242,-0.22626326408976113,-0.36113719615823464,-0.620280191953479,-0.8837912152730403,0.08929780611932696,-0.6565798615942968,0.7997636144498785
-1.1178636320039548,-0.5980653811244966,-0.8598608528115123,-0.14747941652183152,-1.1961888782023125,-1.5910375613789656,-1.6373403883821662,-0.9381434230608059,-1.385447151169868,-1.0313149335414653,-1.0429513740875567,-0.7982181475865542,-1.5578941152471768,-0.8560084762723361,-1.4424795134140755,-1.2736311904666449,-1.4888874089524144,-1.0265741612908061,-0.5256484787466604,-0.937751608203724,-0.879322261321559,-0.2101957674502503,-0.8826753891710994,-0.21224945772080228,0.02156646179778982,0.7021790244147885,-0.7994711387236705,-0.14246869633046352,-1.4988396205802166,-1.4980046652357437,-0.6021829937352761,-0.3214236797895713,-1.4509348271991507,-1.6550299826137356,-0.15766363141420292,-0.20002060328318402,-0.8831005043179312,0.05552444389560502,0.044231355302542776,-1.2710351676329925,1.3691620080612328,-0.22561011050213364,0.32736490274815766,0.46426718109425724,0.33208282475694834,0.6025590095915824,0.1290650100131863,0.2745523064310611,0.7949370842459812,0.9429899343899557,0.6775873052436637,1.0452861398073157,0.7333195949980097,0.3224503509753793,-0.4605879234408475,-0.8580597781506566,-0.28638594170275067,-0.3832205678165619,-0.4461830760527351,0.6043940804378762,-2.00653829486456,-0.4073862885973616,-1.1554774065059208,-1.541522151370176,-0.4045990363526176,0.7138537064655501,-0.2716448163050279,0.21034745096294663,0.07707401701502713,0.21074350165485284,-0.5459658109877575,-0.11031998172180633,0.3931033135835819,-0.5472297083344831,-1.2774197622729921,-0.04075321322869518,0.5074635317277545,0.03900821067617154,0.4062022007494311,-0.8223044142212984,-0.262974463816453,0.46600506715173284,-0.6977037800329251,-0.7573628274148618,-0.9551747791069809,-0.03956386920726562,-0.6484212249422929,-0.7223536806171243,-1.505125511884393,-1.5209516568253267,-0.10224578852868892,-0.40981877876041634,-0.3686383628316433,-0.857682524322627,-0.5378500107947404,0.02624594049844344,0.851235773146943,-0.27158384022237025,0.37524393032254993,-0.47386868032247353,-0.988230548894405,-1.0389097005312748,0.5614292830123979,0.3124448996129269,0.7187641160311575,0.14710160659258564,1.6249132720192012,1.2710520615895797,-1.2369661434477952,-0.30498401790789975,-0.23071127779314093,-0.49351514972442223,-0.7274081093628244,0.036860014664284735,-0.6325111851118945,1.1706874885428393
-0.7834826600335981,-0.45644441005067393,-0.7913286230470441,-0.300438608913531,-0.9384888103807476,-1.4862734213647242,-1.4430379265313418,-1.0231162324798917,-1.2385358209714459,-1.0072244324642627,-0.7436152857627861,-0.5579553782973441,-1.1449128270131088,-0.634622790861592,-1.182696935076044,-1.013563729577738,-1.0197309910051102,-0.7109180261938189,-0.2929284288482173,-0.8019307581024482,-0.7000044269852348,0.037998716982235926,-0.7990907409551663,-0.2644602653654725,-0.012077445011784201,0.5163425370008398,-0.5278054791998877,-0.11781028122446277,-1.2026410878113472,-1.1611290550065332,-0.5269976575551485,-0.4319803344876436,-1.0589970098446508,-1.2674442371169623,-0.09265695000515271,-0.14562311003184045,-0.7008748602102024,0.010632517051581485,0.12033936349352298,-0.995400333880762,1.160653606508982,0.0467709852846148,0.7040578147267957,0.7371946843864655,0.7283026823753125,0.8003712612264773,0.4625940451692959,0.48412825080706573,0.9206605429415363,0.9781156293290827,0.6983921990408156,0.9514757615492401,0.7976736217160384,0.299938155612381,-0.24512675859816588,-0.6885648738883314,-0.026417322188927603,-0.26467177880021003,-0.2614490953675427,0.5885897774938307,-1.6172211150620237,-0.4392533399082089,-0.9907086718213759,-1.3877361457112245,-0.3624771803337864,0.5529395341994265,-0.15141559174905586,0.33653440933609635,0.16814316096262202,0.21989181191981402,-0.45474470833891345,0.008337292670095987,0.5678795890916831,-0.20872074795137754,-0.9524159238288775,0.17988388989616944,0.592114626845803,0.03554737586464597,0.6209862619771417,-0.7124066070912513,0.21025782340808297,0.5934057851697958,-0.5130022015388882,-0.1906995831183663,-0.7351481861204252,-0.03263112326666867,-0.5687518646076121,-0.3873954710076866,-1.2409182861251133,-1.20471383440585,-0.008253280558097027,-0.35353481833900163,-0.44994427285542926,-0.9280162277758259,-0.39709069829799326,-0.03926130275911285,0.8950240074607984,-0.12381569572550012,0.5592953044377184,-0.2123189285076067,-0.9411576289957898,-1.0752537068409056,0.20655082237866745,0.16843206730938762,0.43508799503028545,-0.18144746092741684,1.4065866144896415,1.1648694123205972,-1.175542508287788,-0.30730382705130166,-0.05611124781499226,-0.2844731009065882,-0.5033018586840987,-0.0487393175397149,-0.5318448530342985,1.2403873309815165
-0.39451855300588445,-0.2962347910126879,-0.6566186533475611,-0.41158213513835734,-0.5968742466209004,-1.1553626126252123,-1.0792793943508667,-0.9505283684810178,-0.9165933289939535,-0.8405736975980226,-0.3598469035680479,-0.27737531852386565,-0.6606459165240759,-0.4078213975678534,-0.8234184466168364,-0.6883238984956098,-0.46952158758709733,-0.37350978733764695,-0.0849527815791102,-0.5734511987286772,-0.5042131453087113,0.21096631902716453,-0.6814398531913451,-0.3349881704610366,-0.09686428459310181,0.2140528138419711,-0.25401555403522186,-0.1400579052912659,-0.7830797830098482,-0.7061187258413351,-0.45268312946229156,-0.5090183795892046,-0.6168986338332236,-0.7902184491808023,-0.09252834834100965,-0.10409213174140156,-0.44155352795608704,-0.10574730030667827,0.0909727839290723,-0.6290172986093607,0.8238391368536799,0.24869472636250167,0.8301134067812049,0.7912890214118735,0.8566746031376268,0.7783285782590327,0.6010673348530247,0.5443634018325653,0.837693535925575,0.8164607456504386,0.5501228911095136,0.6944814152135771,0.6801717676385113,0.2213289937322804,-0.08559311962365515,-0.4528974810088819,0.1798988138980744,-0.13622922507066199,-0.0853565488648109,0.4666191522251056,-0.9923504210300932,-0.4167646377434165,-0.5960043886763217,-0.9991162592981584,-0.32052029545345334,0.2718819165404944,-0.08430221326837835,0.32672405697284146,0.21768006786785188,0.1759438364266133,-0.333914946434517,0.026715225741587505,0.5727333637070873,0.047978754322795025,-0.5692648889157683,0.28449666170973253,0.4591110951484073,-0.03438879124507151,0.6765659474224651,-0.6015002571134306,0.5309676621382994,0.5094114611546465,-0.3070180741383716,0.22778150150767068,-0.5134091539730197,-0.10005331001051804,-0.4219865676044011,-0.0814863534372741,-0.8295874531149932,-0.7470828417480541,0.03867468153756227,-0.2276869896554968,-0.4890467224563513,-0.8442669648057324,-0.19446876937796242,-0.15156343314465323,0.7442782612316823,-0.015100096905686923,0.5979910603029838,0.02617824741599825,-0.8210809721741266,-0.9040259441089235,-0.19316459688437176,0.011325945070008812,0.06985529699311294,-0.36566480696674974,0.9779944049065904,0.8997440484431459,-0.9352062415621976,-0.22938950584358775,0.12346027161527175,-0.03902447239511196,-0.2544118213942602,-0.13003523089882355,-0.3706674790706165,1.004998767925751
-0.024243844052910087,-0.12582904654658722,-0.4468420081980469,-0.4093728013920043,-0.23770484113542933,-0.6495469472153815,-0.5886650927856204,-0.6849065778749003,-0.4773631939450228,-0.5436635818067082,0.007654419276883855,-0.01780092069807962,-0.20328976950433622,-0.19966433787378768,-0.4238994055470738,-0.3500817440554712,0.04063744532798309,-0.0699707518993405,0.06854562803194052,-0.27525194647708895,-0.30627003858112933,0.2548439114705679,-0.5064198077614833,-0.3613983545629894,-0.18875212631445928,-0.10903278005939203,-0.037587489588960764,-0.18709366787543857,-0.31282491229696935,-0.2198810558124087,-0.36015789469227616,-0.49044740740231363,-0.20163369786100932,-0.30492756144984196,-0.13649134416141076,-0.0717471496497438,-0.15780729481685538,-0.23977167016461753,-0.02229444730980889,-0.2446565897069305,0.40828935264246624,0.3061356304054068,0.6760819129908924,0.6137188246306804,0.6861486171685169,0.5432236827505861,0.51756936416491,0.4456259686626051,0.5647436744381021,0.4955258123650647,0.28421211896286114,0.3410880677585628,0.4126489525784242,0.11757168420513245,0.004762754472368326,-0.17854027520747215,0.287102949583868,-0.009497214668056322,0.05791749499977884,0.27547136081238177,-0.27446428512290244,-0.3167058902587899,-0.07305953469040817,-0.44342542296333554,-0.264035981443139,-0.03719815064032268,-0.06025632042408424,0.20430263576116395,0.21632624100724346,0.10636001949378115,-0.18472981545203168,-0.03258522797359037,0.4074985008786112,0.1742565925913893,-0.19080711258435476,0.25407144913735125,0.1637589958128555,-0.12278879496689322,0.5518400792348969,-0.4540404555677631,0.6111153895764779,0.25830759146673704,-0.1105088766538759,0.400214687405831,-0.3038182230465066,-0.18754373673419306,-0.2271912059248271,0.13795501847075056,-0.35517904171206893,-0.24392322268154804,0.04908931685482563,-0.046039253468103926,-0.4225615923338541,-0.5915772256481318,0.026383333997274473,-0.254195462476663,0.44391575558734236,0.056550520650044026,0.48493162098738,0.20285877250346926,-0.5996352782977892,-0.5473045081757588,-0.4940525102502957,-0.1083033044786123,-0.2417189850782213,-0.34782799074797444,0.4412568616432848,0.5236361786793807,-0.547629227873094,-0.0829154183261991,0.26920953061313857,0.19041391209170253,-0.013927002597057913,-0.15839722316328086,-0.16392695896289672,0.5278884770579229
0.25992624970607686,0.04730521844795524,-0.15989014283942174,-0.23613105739937687,0.08395539676914188,-0.04564512008650233,-0.028902186363934608,-0.21805281130950302,0.008030616639101575,-0.1415089068701311,0.25753527565005874,0.16927955570707037,0.1440451681877338,-0.018133058167968747,-0.037539048405193905,-0.03694544706940555,0.4101557506141269,0.15420979344792035,0.1538794691793388,0.058687273852576084,-0.1148671826413669,0.14182224200885246,-0.24784782814387196,-0.2779248871464682,-0.23902501218802416,-0.34880058889000953,0.08308922369120668,-0.22222388655127062,0.12766806386855142,0.2040510162036313,-0.23076247817660997,-0.3295935387308954,0.12593509778886577,0.11888896266204271,-0.18613263735267002,-0.03376468322791469,0.09528222848234089,-0.34027056499178443,-0.17507469722271427,0.08129491842800081,-0.035890615975626726,0.1662477956884068,0.2819752268078118,0.24795305660431965,0.25661189526445777,0.14911359221748896,0.243694701066596,0.21853764821134475,0.16112113202988582,0.08521791981181337,-0.023349424900410906,-0.021124181118936845,0.05563198947336617,0.025456102305608228,0.034913389804902224,0.10043684650736893,0.2698031673371013,0.1051472652250657,0.15509647767363716,0.0665924393900841,0.38270318829578454,-0.11799991676344286,0.44556987717048074,0.18252577353347704,-0.17363369304317686,-0.2666393067237802,-0.05275414017959493,0.024507498996530614,0.16320559706103507,0.043206812282000656,-0.01358838129466174,-0.1287809376007054,0.1089572166141635,0.15043072003760743,0.12741657347379445,0.10090057181432444,-0.20535821637913143,-0.18058411910971808,0.2702423070325835,-0.23930416213262623,0.42218751136564375,-0.06908043682021871,0.057044228169930655,0.2940715587742526,-0.10114030088317119,-0.21775777101414873,-0.009748997630013889,0.2442086522642911,0.09383372527670096,0.21460262511655728,0.04278423448011733,0.17080182245807002,-0.1993494636212105,-0.18826799574901906,0.22360107682819247,-0.2929835934044904,0.07060958225358414,0.10098696473325738,0.2463928438344368,0.2980670331129797,-0.2625491431494321,-0.07011704760355028,-0.5879082860156225,-0.1612564321395566,-0.3817550102896256,-0.11669139492175348,-0.08576698062306662,0.09723791088986707,-0.0674117150725824,0.10423091715977588,0.3485843552737365,0.3572307248719658,0.19773317163570173,-0.0905253545197795,0.07640847808723253,-0.07888634510828212
0.4131239865383244,0.21630915363996062,0.18499702119777037,0.12371254197225995,0.33027340241817615,0.5624023740141337,0.5275965819727022,0.41642438228676587,0.4655545230732541,0.32444885002407176,0.32285534561563173,0.26120020527424526,0.33008292791428434,0.14471929973305214,0.293580563882842,0.228542593572865,0.5836072198871762,0.27129785957525726,0.1752319386022094,0.3891002766401959,0.057714178675452345,-0.12626598309141415,0.10153458593260732,-0.04550532374268412,-0.2160644118032718,-0.4301056643738681,0.09378598153769353,-0.21240269271239784,0.46815180784308735,0.4905648082641385,-0.061717670777418805,-0.018813463957193664,0.332081004966382,0.4367490930780603,-0.202882098032993,0.02598209269060575,0.2694857658041487,-0.3763323681530192,-0.3101009240853658,0.28710357828310906,-0.45815138528530575,-0.18348439345386489,-0.24878125417777772,-0.21307574159657955,-0.32643088133570985,-0.31189260226601073,-0.13550237405383114,-0.0724312922019878,-0.2839000939205109,-0.32635544119425003,-0.29021770667530616,-0.30507097160610874,-0.3131497885326789,-0.023834276371242306,0.03558130275205784,0.3476977050992197,0.1312063622137772,0.19824138202651068,0.20809160530737755,-0.10526201429562099,0.8561749560061686,0.18754780553158548,0.8335177399331869,0.7743178451660548,-0.04003633953962107,-0.3301789070972413,-0.032386891551598324,-0.14329018419152645,0.06669978426708811,0.013702153896392304,0.16001947438820316,-0.22320861816216936,-0.26172627426058787,-0.01080241573708073,0.34066042748728875,-0.13537108322167102,-0.5531146548304469,-0.1759822401834289,-0.10625129832461062,0.048601414908579825,0.0049283820773610544,-0.36059227944812444,0.1930832343062006,-0.04827512441339376,0.10840321672990924,-0.11982286610899895,0.20479927426083422,0.24535634076227616,0.4456570165106721,0.5586923611933923,0.03747595950437223,0.3963546293122182,0.19123148664881234,0.30923182219936013,0.3683781194364624,-0.23552581210291923,-0.28462762412052706,0.12929892159113368,-0.0651638950143847,0.3132807785883465,0.17530034012826287,0.4303749113559325,-0.4419981982176917,-0.14577204849901712,-0.28642185986526525,0.28712743825721665,-0.495776149358927,-0.31527083853931254,0.43787934324578215,0.2923556686368983,0.34090846761751664,0.4314665682149032,0.3707749901491486,0.09410446853099189,0.33981462757747777,-0.683122432694282
0.424483227466789,0.374568073999352,0.5402953815898489,0.6265565571122274,0.4812435279735832,1.0758938152673243,0.9993520205317719,1.1376046643532962,0.8282156716651653,0.7952863335475059,0.19589590921043165,0.2725559468570897,0.34468191982780216,0.3064590530791217,0.5409467016016862,0.43672137451962995,0.5622110146164843,0.2761667982991948,0.15202568081717108,0.6780268676347476,0.19012075196850436,-0.5180658134065113,0.5141052316702421,0.32570206942087154,-0.12022817805101264,-0.3343625818824323,0.0027829500675073037,-0.1448339796234316,0.6645235597557528,0.6034413103448006,0.12562285185951438,0.3987190923113327,0.41427324468673565,0.6346267649347116,-0.16426333710517624,0.1148955506196972,0.33194466122561184,-0.3455589267431223,-0.3721212935942128,0.3417542503597609,-0.8075661754025516,-0.7037433490905667,-0.7726825950896463,-0.6474798720727806,-0.9146849265807777,-0.7287779516196357,-0.5018464492696691,-0.34456878920782424,-0.669521694020855,-0.6514153381891836,-0.44730208957586026,-0.4455802888341477,-0.6144966423256886,-0.01428300417032693,0.051156008285348165,0.5306309450763042,-0.09486893173816503,0.26179302453317976,0.23327196409970663,-0.19433609571902793,1.0841229730961512,0.5849044578390643,1.0049399090322269,1.2417926118051883,0.12528181654635687,-0.193999731431729,0.019727910376754094,-0.23673451406131119,-0.05597802532918449,0.03273562110009736,0.3021932288425268,-0.29456531538336267,-0.6352849092217983,-0.26644128255005284,0.418613691983516,-0.3971049193338176,-0.8023803401644537,-0.10533996670713429,-0.4925905436994506,0.38066920829287976,-0.5386593969092583,-0.5138803656262525,0.3110522739190649,-0.5193596858412325,0.3338745523056926,0.1418344080181471,0.3954484323234543,0.17939315624794636,0.6597121284828876,0.7477728508211707,0.04015987942702364,0.5998854769363013,0.7031292594274164,0.8121386547436324,0.45110371244114283,-0.08288831794724283,-0.536113098288971,0.14958901327578633,-0.3825604910574507,0.26794439159871936,0.6636932535615889,0.8448598670515514,-0.11250696919340022,-0.08467002870406486,0.03469316298458756,0.7783713573282485,-0.7147629868907314,-0.6550540954003506,0.8996935400397572,0.43872664297138897,0.24282458375026206,0.40675260973040317,0.501565083967592,0.381503636566022,0.6138758496603912,-1.1626995829411542
0.31946659508290043,0.5150137928308315,0.836478898208208,1.1724186270522972,0.5323039266682748,1.4072835234182823,1.3087249774904883,1.825745196026198,1.044920433947272,1.1993092784681532,-0.06736194971911985,0.2487017382039898,0.21859548329944437,0.4837969730237311,0.6896470588795522,0.5863098242948152,0.39890307561433236,0.18737487600916286,0.11263192191884636,0.894671082731559,0.25436393404917523,-0.9756903678429918,0.925661791248935,0.7712743682451251,0.014786017410192366,-0.10636447533440141,-0.16317999660280533,-0.03471699875149702,0.7082320899084826,0.5544071833154626,0.289259317215472,0.8350739357203326,0.3976317891615389,0.7257438264166017,-0.0725649860516434,0.22562593341877882,0.2718633723521954,-0.27076278278512367,-0.3243627079198453,0.25369706212831344,-1.037118369750173,-1.3048254973770512,-1.1420218113376854,-0.9345043187538283,-1.3529654651520238,-0.9970609399149964,-0.7355294583739558,-0.5181048727769083,-0.9060931600821447,-0.8215337828543163,-0.45519517331808373,-0.41544807160336716,-0.7847579215689814,0.05036534962249098,0.12472912775990072,0.6268897244966806,-0.35009859824783546,0.2907270291446528,0.25513063345451636,-0.174724913740364,1.0753243761323605,1.0301461691166576,0.9360362542947123,1.525657538803654,0.2892224098760583,0.10968866742453874,0.10408585429631714,-0.21847897211388867,-0.18076537781714064,0.09944061263439423,0.3725070975101422,-0.3429062317354729,-0.9490029939445184,-0.5508540063607678,0.3507715745448422,-0.6212552638113085,-0.9095229450515141,0.0073531957621802415,-0.8012249446576725,0.6980372799593229,-1.0697629617404685,-0.4649570838173748,0.4323205080343117,-0.9744015716750899,0.5694516893328166,0.5494996539471895,0.5474360471342826,0.10176575954887712,0.7308764713357551,0.7735613160191647,0.04540083343463584,0.7498662876628784,1.2382001124847377,1.216672161857161,0.480281957714399,0.13025732849408578,-0.6218242415895647,0.16633406649969837,-0.6375682291563157,0.1926814304035174,1.1235239013381566,1.0772095783845956,0.2745959970547274,-0.014889897021329956,0.5025288686170684,1.2461129195453147,-0.7160170868850882,-0.8763818197024192,1.2591228572869504,0.5081023043713704,0.07208905425409803,0.3016331433403465,0.5887408820935157,0.7219848035561349,0.8810146435466143,-1.429813155371563
0.15201535141958983,0.629223111849119,1.0008599271786736,1.628513272226049,0.4912073333834445,1.4971239613583585,1.3999086553614837,2.3449342906686064,1.0875747575974581,1.4631929495644995,-0.3651707828584284,0.24634901132921563,0.01380199819351281,0.6816875735706335,0.7371379877605089,0.6797826861020039,0.17891966738820472,0.04377477332992902,0.08609175747034821,1.0193212694438993,0.22626922962749096,-1.4208155255998918,1.249968464126734,1.1876203522529019,0.13476509000609838,0.16211273351639044,-0.36400690986375545,0.07919531276597978,0.6264082034892845,0.39773213409315494,0.3808503553823266,1.1804806348430377,0.32503700122801726,0.740411212447781,0.046841877337876155,0.33622002286321284,0.10422067694863517,-0.18724317037648255,-0.16147935396094112,0.06896877695017316,-1.112718989169405,-1.8622515599306784,-1.2442362246521785,-0.9866926225415938,-1.5190287539631164,-1.044463999940487,-0.749501369529345,-0.5375886656404215,-0.9366097620034759,-0.8028275223813746,-0.31331852434556107,-0.23184446441017584,-0.7901046846235396,0.14837171224415566,0.2805017360050253,0.6297477228053053,-0.5650632145423893,0.28459085825195524,0.2962859691567314,-0.04714942435205272,0.8962561480310381,1.4526435725962619,0.6680246514211983,1.6051617077751188,0.4068996493312303,0.4913504547651258,0.20317748789678136,-0.08592496794913848,-0.2806041227595587,0.19834976746120123,0.3389383847176731,-0.3820036531676682,-1.156134274739531,-0.7884311960094854,0.15262664314820923,-0.7526999212556843,-0.8681752585991355,0.12152786848884273,-0.962623367325073,0.9308876634339984,-1.4474463947802307,-0.2063847557360245,0.5735313101040047,-1.2699293978728132,0.7912374174210262,1.0309717141181143,0.6510116871096221,0.06827849205605654,0.6834019610950607,0.6576477954886333,0.040928521808163115,0.8194139117939264,1.6713886688906348,1.4293724247845996,0.4750073063755025,0.3468621092660696,-0.51732077958287,0.18247062547908102,-0.7741732355034501,0.12098043009111131,1.4650040243679003,1.0690723921832748,0.5686958997494175,0.026961690601857508,0.9936221897493159,1.5798174918367878,-0.5227047856820556,-0.9527986399378956,1.4738023806232514,0.4818157855590574,-0.13272956742178982,0.15474392554499017,0.6314990098179999,1.0406367997023906,1.1166717383452474,-1.4444425905662484
-0.011170291126757088,0.7069997691926979,0.9823132452641349,1.86648798628069,0.37535914081401206,1.327901331105254,1.256225611514453,2.574806630804409,0.9554755873131939,1.5273565702856249,-0.5837605281712771,0.30894948867652866,-0.19321198112457483,0.8861891176684624,0.6913860084429405,0.7194895015741545,-0.007650883101808619,-0.10328801473812901,0.09402600925277038,1.044882403735751,0.09969436637100097,-1.764771158815709,1.4045062919529685,1.461938309351657,0.18665720622654952,0.36532468927965334,-0.552288139182192,0.14945383975750925,0.4725934040609597,0.21223951069905564,0.3650831523655027,1.3356771046739722,0.24382191960662797,0.7127058204527622,0.15601440469086028,0.4161375221662153,-0.13078107008956547,-0.1261716154722365,0.08589139772394325,-0.1414378429196611,-1.023532784030117,-2.243194386666117,-1.0336644946107667,-0.7751061228918679,-1.3560497869980188,-0.8498405545867291,-0.5165520860240194,-0.3876336347774933,-0.7511469958641193,-0.6034845549641944,-0.05917365872388382,0.04888223381660711,-0.6339941110722608,0.24745849454979368,0.5101810090792849,0.5505455417683388,-0.6766420419231509,0.24870904472116473,0.3676709071320932,0.160319149560114,0.6423721606667168,1.7660476274263255,0.2918103702016979,1.496234702656925,0.4381916179468648,0.8317499916771247,0.28933428720310855,0.1295384675953767,-0.33092725507275816,0.3043160195713341,0.19379590107546113,-0.4250837076675164,-1.229158548943907,-0.9094268641281517,-0.1305482385301801,-0.7558016428198476,-0.702755383140251,0.1967047848478146,-0.9409672575569644,1.0239551616848752,-1.5642867968528542,0.2096568395224765,0.7343036426095296,-1.3025395021331503,0.9618320706414537,1.4753952436965494,0.698754288991685,0.11742629222578102,0.5578893710370862,0.44416905048664873,0.017127096052092925,0.7925229675165802,1.8875905980443684,1.3930605002690133,0.4543065462053006,0.5061642223976504,-0.24264368731669272,0.20205772393034546,-0.7593037103744901,0.08135540517054753,1.6123033763856025,0.8169226606893298,0.6492689137896992,0.01832485596065526,1.3772249960106393,1.695475962552479,-0.1992538725046739,-0.8809611598231695,1.5206059220215553,0.36280254008116,-0.31860592539062693,0.014782672330671136,0.6300149645716449,1.2564988557521015,1.2897042167706227,-1.2161392033553768
-0.10945387876027457,0.7372915456349635,0.7722544303077616,1.8011826051145643,0.20972421491995705,0.9305616053145338,0.9098845002059034,2.4426091516222646,0.6759386264734034,1.3614266631710825,-0.6347077156076617,0.44679757238967027,-0.3311079736770997,1.0641619222796581,0.5687338446167552,0.7050987276121458,-0.09270006421281736,-0.20110001489527546,0.14483352428768584,0.9762941965133514,-0.10230062198061209,-1.9230004827111071,1.3379489696516191,1.5066109640948002,0.1403689742801335,0.42084959831045754,-0.6806760835867086,0.13929926157695566,0.3106329021389434,0.07664828810552193,0.23627336659517229,1.2430169742801132,0.19281713642172418,0.6685746374959919,0.21912506825320283,0.4358797074130079,-0.3736403924777004,-0.10079248168577674,0.3574827416205561,-0.3016586905870885,-0.7885539850876316,-2.3372293659424317,-0.5460911930311672,-0.3398079175481609,-0.8880910709952293,-0.4497030142025846,-0.08022911775238925,-0.09840662752652955,-0.38980153596555767,-0.2714067024740815,0.2424403344725382,0.3469047395238435,-0.3553021116567806,0.31547284247087476,0.7695914985010206,0.4170780380703608,-0.6445510413184699,0.19419242223459468,0.46295509897385567,0.398229360021112,0.40483292498277024,1.8864370971618376,-0.08001230397370242,1.2422586051836,0.3641360089455332,1.0189124026327938,0.33647564465287794,0.37286588820124833,-0.31571873009923423,0.38957968862702597,-0.03655875474936638,-0.47155258956179086,-1.1583983988022768,-0.8659429008223282,-0.4263036126344393,-0.6219233648297497,-0.45589435417365826,0.20816229777174247,-0.7415338489823592,0.9585310538198522,-1.3735058096114319,0.6840226569921879,0.8906137209944105,-1.0370166370521523,1.0406639143123058,1.7613730936737326,0.6835636090813733,0.25675469219931385,0.396571883971395,0.18878418393213067,-0.024745846901907627,0.6690416593865319,1.8168883053524996,1.1051045008802751,0.42773019895348824,0.5635722926609109,0.1397670044024978,0.23134302996829056,-0.5893533437234817,0.09146111957525678,1.526869147867827,0.3761742487586204,0.470578850209773,-0.040684941578725514,1.5522743543552604,1.554843968088309,0.16570380719306926,-0.6812080494512164,1.3953713354625337,0.17526267494029185,-0.4304242339645968,-0.07242513302875823,0.5868300944521436,1.3045681791933277,1.3653521084807383,-0.7964093181059126
-0.10475578148295758,0.7107709274168894,0.4133367775049492,1.4183496441511845,0.024685742202305835,0.38100846958932816,0.4392367014988299,1.946142443807937,0.3004204232046875,0.9752075845955473,-0.48318472989996886,0.6298127518561258,-0.3515009174204039,1.170567080069834,0.3916580370026924,0.6330496491146156,-0.04844948175331572,-0.20795600020617647,0.23159086116305197,0.8284815038867471,-0.32576986348886533,-1.8325997161149032,1.0494478372415135,1.2867173406798746,0.0022299101178398736,0.29806731730998687,-0.7105284845252474,0.03900335626599652,0.19624454258219712,0.04599342834603674,0.025481658132779438,0.9063068936789335,0.19318475221331283,0.6191302430593225,0.21568109565729848,0.37702881215898215,-0.5570672955569713,-0.10078057969624783,0.5795778552664166,-0.3527405792629579,-0.4556115576360844,-2.0838879249462066,0.1088989766673324,0.2183204584383158,-0.21386471740116597,0.07002789116247302,0.4547160700213211,0.2611055725381023,0.0671485905583012,0.11774075824731153,0.5174628668263846,0.5809628317628015,-0.017376015919872964,0.3307502004134627,0.9884019453945537,0.2677218835478662,-0.4623106410831022,0.1365131599935179,0.5595796828230987,0.6073138950389594,0.24400638707765018,1.7536875247464223,-0.3450857939411994,0.9011347317698587,0.19651007130045767,0.9824119704631508,0.33099978529584373,0.5817338821573044,-0.23247504432614996,0.43106056032265533,-0.2934458773630172,-0.5013727005156586,-0.9488338981166301,-0.64432320563388,-0.6465905513306904,-0.37126674619987626,-0.17467374534226696,0.15594866352534814,-0.4082572820570653,0.762131216513577,-0.900721439179562,1.095486425028381,0.9974414681938368,-0.5162578866062065,0.9964811334552622,1.7895625319878359,0.5990639186063839,0.457439997457877,0.23201067262542957,-0.053891264368630586,-0.06991466513365772,0.46639406636541375,1.4560205061922809,0.6216960886543222,0.3908607072304267,0.5053365254759377,0.5368052035129406,0.27708148554447287,-0.2913669562465149,0.1549236846027197,1.2218035595483279,-0.14977477677071993,0.08064730710513948,-0.12641479397979083,1.4732821007703978,1.173077599669958,0.48048616489509743,-0.3941783170540341,1.1115675968811443,-0.04088709602339954,-0.42671048919930366,-0.0765927872680155,0.5077951421714488,1.153927422148651,1.3108082107188679,-0.2654340118085411
0.008615727954581327,0.6234062870602539,-0.008326640194031624,0.7824922407616572,-0.1469416414513529,-0.2137292971278348,-0.04748106616242327,1.1602400251705418,-0.10386099490251544,0.421540482132551,-0.1583274704270974,0.7959078622275463,-0.2406178719207032,1.1614366285091395,0.1864375680612205,0.49856759390194605,0.10736893591887822,-0.10408406738753097,0.33399658941963184,0.6234693544483052,-0.49682584938332225,-1.4696025765646044,0.5929226911124466,0.8322125800906993,-0.18494016947430822,0.028505035183475882,-0.6206858604493846,-0.1272681832681443,0.16144139737484164,0.1361213447629142,-0.20511287382025867,0.3930676940915999,0.24509010821267233,0.5607958510388215,0.14773031345726392,0.23957255333579414,-0.6215895738653022,-0.09681061739532819,0.6865440060353574,-0.26966727580934,-0.09200414804767411,-1.4903269134906718,0.776279410481767,0.76299543978938,0.5194049524374458,0.5952077933570398,0.9503459456742659,0.6006015548980781,0.5193659791782409,0.4790822707148226,0.7026835004637519,0.6904738533536946,0.3087799545789331,0.2887553548354205,1.0909218656969921,0.1422335920274029,-0.15961363119066307,0.0925795847625823,0.6260925125981572,0.7329050372077782,0.1771416860943355,1.3506269327836138,-0.4382037534182711,0.5322537506444263,-0.023236204273127833,0.714551501393272,0.27766244892922753,0.7040135598366409,-0.09436647134858672,0.41602971612827505,-0.5001387138723699,-0.4801224331694066,-0.6177880915542516,-0.27057188112692887,-0.7077580320129496,-0.048532080849309836,0.10021554581797944,0.06441879416418973,-0.012319322941883187,0.5016547580823328,-0.23769757830182775,1.3313953392400788,1.001033880920468,0.1494263284361609,0.8181681108935236,1.5110912721889809,0.44293007565499254,0.6596261575073661,0.08239594178297444,-0.24154706034928772,-0.09455475683004604,0.21696926413106196,0.8694739676305522,0.046074201046030744,0.3273666901509763,0.35337892582446506,0.8447355485413538,0.34245620101551655,0.08150734195396617,0.26096979250566554,0.7621187091685525,-0.6335870526627205,-0.39218819386344367,-0.19890141466652853,1.1586737348213707,0.6134742405273873,0.6707852681755853,-0.07361101851036353,0.6992430173202626,-0.23937570021607213,-0.29409223164763587,0.00792870929897383,0.40164999144136526,0.8166434426120383,1.1029715690485347,0.28346070625016384
0.2029870432828766,0.47949845195269863,-0.385805411102244,0.022239773239514177,-0.2742068250417969,-0.7373588945771609,-0.4383939306387514,0.22378328067253547,-0.46578867376036376,-0.21065253323421027,0.25661256941975796,0.8719445034808586,-0.021987568852968684,1.0085257233234326,-0.019346459968955607,0.3000777296556941,0.31995645555526925,0.10166324009702053,0.4236360301299159,0.387094562080667,-0.5433257954935878,-0.8612538925428036,0.06472313628296111,0.23147179296158463,-0.3552462550696231,-0.30478977132536866,-0.41422295370640533,-0.30707252391704676,0.20624471205559378,0.3204754022367252,-0.3794329413830558,-0.18172162912622622,0.3303949695682634,0.4814263037531081,0.03900664316153892,0.04428785761579465,-0.5317854413410514,-0.05341729345695266,0.6413029175801681,-0.0684262015438365,0.23087061863911945,-0.6345849182390465,1.2969480496578059,1.1585373909086985,1.1543904311405295,1.0119488814117976,1.2740867448383075,0.8321403334717726,0.8712774604876088,0.7387281568805941,0.7618899496278472,0.651117031228349,0.5620635554534248,0.2027969511178222,1.0214456403376013,0.0712751790328279,0.20440244366716323,0.07651783447818547,0.6330062762217011,0.7384894682062766,0.18184374443724496,0.7143046316147843,-0.3465360494892172,0.1859034498884629,-0.23545714982863938,0.27253819229425164,0.19832731455339428,0.7114092962878252,0.07148557800056535,0.3447655461769047,-0.5849746791272411,-0.3731359218883881,-0.1947174970903936,0.1931779870443803,-0.5546640479448239,0.28669709993591225,0.34005396375829045,-0.027068037820027386,0.36517042502128627,0.26195916789792106,0.47992727244340566,1.3163720960487226,0.8575837120618457,0.810599615710159,0.5208455275127637,0.9442432929329914,0.22206961454628615,0.7882557635479593,-0.04621381809458126,-0.35142385980679164,-0.07563994062144458,-0.038519978151043965,0.1708897619688689,-0.496479743002395,0.21674233108940621,0.15882362120842286,0.9738551878132521,0.4223522865094104,0.45974238042156107,0.3865195682482421,0.24971968110156179,-0.9554110074962132,-0.7810194204098944,-0.21513033996670247,0.6808899993506612,-0.028502393976901356,0.6950873238892197,0.2234876628352878,0.2042383500667497,-0.3785160285032538,-0.05536711971033109,0.15925689954074665,0.27819243917538633,0.3451279997611946,0.7372529259555648,0.7594192540049438
0.4250710386386223,0.29258412832380076,-0.6220086093563888,-0.7025416414067346,-0.3333676156987928,-1.0897091288865441,-0.6470750713785695,-0.6903717969166072,-0.7236757173342696,-0.8124712217593812,0.6502715585003375,0.7998165828487466,0.2505606290978878,0.7109842452734495,-0.19952596474638767,0.044730941954914796,0.5161139934366733,0.3715659624582554,0.471124618222846,0.1456114943382407,-0.4205959768965822,-0.08853833841203941,-0.42156191022461487,-0.3914457231853684,-0.44193123584459143,-0.5947580157226826,-0.12066239765138909,-0.4362775950823332,0.30019133360872025,0.5396225745957927,-0.43115457328637435,-0.6858539232726024,0.4199324394487962,0.3695391172528472,-0.07312099123825444,-0.17063379224931105,-0.2883548658784539,0.05500684952196372,0.44840740356339914,0.1992491757055216,0.45447504717510456,0.347064123291966,1.5503985451408133,1.3064475050337003,1.5634093324414577,1.234631189438094,1.3364145445447795,0.8935127565755944,1.054732048644624,0.8501867508314007,0.6932343968812313,0.4792139340148945,0.7044171259132738,0.0986379146586078,0.765506921204828,0.06755610089078266,0.5550168819471777,0.0948999560182028,0.5631997835247939,0.6148035640487255,0.2116982880377932,-0.0649639428010027,-0.11012156250683265,-0.10358821815951601,-0.38025004670089557,-0.2383149394293778,0.12419434750020888,0.6057570087960533,0.22962196668536486,0.2296339710614057,-0.5059307018436887,-0.1632121371330602,0.2776838472115899,0.6610103383087712,-0.18170939784091766,0.5726912204759543,0.528271809354329,-0.07872019780136662,0.6519753319154277,0.11713630598806203,1.105130256336981,1.0319645740109105,0.5524829053978112,1.3170948117553116,0.14561091464094741,0.1746909619364194,-0.042674070241077014,0.7758480360273474,-0.1531110679365747,-0.3819344006893576,-0.002051099678711162,-0.26006796312783703,-0.5082056558697482,-0.8900746963615823,0.044823252572024415,-0.01368870506757055,0.8722064015322486,0.5005435768612727,0.7707767299832015,0.5003297031321102,-0.20334706009396086,-1.0336672126607582,-0.9369412750464646,-0.14441828775738483,0.1428813504303942,-0.6471233108621605,0.5521197326703927,0.44735994706097837,-0.3136660840389467,-0.43110762498966443,0.2325856446829322,0.33256742415382734,0.1458423316560872,-0.18072090356500384,0.23541577774291883,1.0885827711242801
0.610394255798448,0.0834800750543015,-0.6585352822303342,-1.2423567258729087,-0.31319017336539623,-1.2098005717414644,-0.635797627750522,-1.4151915317432406,-0.8373745192930763,-1.2772746778081827,0.9168025679407356,0.5586555018263768,0.5079753502248275,0.30027668122205303,-0.332130967456159,-0.24718246045358144,0.62727526244926,0.6462350380470837,0.45347760982939667,-0.07745615371222896,-0.13184849633780968,0.7240067898075353,-0.7653530599780929,-0.9088754212140502,-0.4006868404793451,-0.7453641033592017,0.20816888969964545,-0.4610761378228767,0.39345475313971506,0.7203564445343646,-0.3261591144122197,-1.0053893521148327,0.4830254112891891,0.22300216291444666,-0.14969970051149858,-0.35798460137793525,0.06855061295263531,0.23154556306268978,0.15544249642755636,0.4621758499492498,0.5468610061959652,1.2866838316671945,1.4865332539377583,1.1721369428935577,1.6786810656993278,1.225914413717175,1.1164894590401215,0.764874979426458,1.0435491023557775,0.8028523611520424,0.5260126770553376,0.22390976898379059,0.7262389351700231,0.005006404119594089,0.3595121761448566,0.1216103145853588,0.8193069926903912,0.14288287400084065,0.4183280205254985,0.3821059706579795,0.2172666148154872,-0.8582463465474068,0.19157476869461829,-0.3204889616275936,-0.415782956813478,-0.694768653241993,0.08456148999157624,0.4168445959590783,0.34455972218354464,0.09109442399098193,-0.26803814521877783,0.13543593187044564,0.743514109513307,1.042016338719643,0.35707054611845146,0.7586023660239503,0.6570637315986159,-0.06497513384332303,0.8004954267819993,0.10463403802937436,1.5141601544239358,0.5224508158121308,0.11348234030393516,1.5565635177485122,-0.24711285430483848,-0.6613637045535404,-0.31500944426003713,0.5859599588258284,-0.23559082695255448,-0.34875095234170006,0.1177730049082084,-0.417315557950268,-1.052038385135169,-1.0573581355846484,-0.1868105383018878,-0.10594727354601192,0.5420694379174629,0.5511681643175562,0.9536148620275504,0.5688814645089021,-0.505764076500996,-0.8469117825711856,-0.781715164403086,0.018901941072389877,-0.35088234706105226,-1.1483344292716313,0.27906759974345363,0.5645808887530529,-0.785508034011494,-0.3908704978938003,0.4919303051101615,0.4716036316231529,0.009888376655201392,-0.6723290910492712,-0.3502874660066711,1.2264000734494587
0.7009939418351938,-0.12389096468033131,-0.493149609630308,-1.4963851607383851,-0.2185014688649493,-1.090674948098583,-0.4254499908985857,-1.828485826385856,-0.7963825817414203,-1.5242107476876676,0.9869853388570542,0.17573885782724244,0.6854177399050903,-0.16338613038646235,-0.4018595863846922,-0.5413062075812086,0.6103837309129748,0.8585096172923085,0.36027684432825585,-0.26370020776968306,0.26530066019386167,1.430985187062804,-0.9051044694962932,-1.221674936189377,-0.22599118176858468,-0.7026789710231269,0.5087996322951532,-0.35772012549008925,0.43457449981200025,0.7986710908607083,-0.0760280448902245,-1.075024555857887,0.4968128985167866,0.05407720850002489,-0.16198833046575717,-0.47287168471077473,0.4672661811684604,0.4527815484937451,-0.15815322529273265,0.6523438436458401,0.5094859853932449,2.0199027383942982,1.13771236590923,0.7941590994778732,1.5055271857739083,1.0037203386893165,0.6683118609734079,0.47415391404186913,0.8567383622477531,0.6210268528207783,0.3087579985042455,-0.04968690973919344,0.6436649352251791,-0.0564451580191678,-0.11494537603817383,0.20433312799968215,0.942893878811229,0.2031969493212622,0.21944294246609947,0.08523056205068447,0.16521237478286696,-1.5240236910092604,0.46306582984854694,-0.465985801813611,-0.3309447051499436,-0.9899426413850921,0.09649188468585483,0.19318298947685958,0.38968942043159976,-0.04792900394881478,0.0732521295914179,0.4734050433293129,1.1376968009791506,1.2613824592791658,0.9545011050161134,0.8150230580805033,0.7233633907024167,0.015854467028386724,0.7970993886397011,0.21181127998044075,1.635031932972895,-0.11456124091737832,-0.3876081365532731,1.4832353800932097,-0.5891366308565775,-1.4072965257788563,-0.5468342842730022,0.22998218366780424,-0.2848527234258623,-0.2770706800412734,0.2550841398613919,-0.495861830292041,-1.3867180792886011,-0.9782903413121248,-0.4561450097298029,-0.08403036129259739,0.04394455148166815,0.5455275078243885,0.9718871816918866,0.5636776589895464,-0.6123125959501512,-0.44041843329096153,-0.338367578540759,0.2499620333154532,-0.7199311754488716,-1.4665145753548106,-0.05886785435517026,0.5639638808837986,-1.1419734142876325,-0.27376264264000527,0.6453156592962203,0.5245871585361623,-0.12741696996344787,-1.0516302088900842,-0.9394639534448909,1.1659329522997246
0.662227463771212,-0.30719078400636357,-0.17975420974697692,-1.4365210110415865,-0.07025351283232902,-0.7814711245927609,-0.08828518879546639,-1.8804656475368524,-0.6217488024700286,-1.5173591965836442,0.8479481414909389,-0.2774697339033261,0.7409716455898278,-0.6024153634433876,-0.40173448517458493,-0.7932662184045014,0.46107028694226787,0.9513709080262552,0.1976114001968864,-0.40088161518333276,0.670662702811333,1.8973794497307164,-0.8322532976798781,-1.282477658437542,0.04528529927638335,-0.472060090881616,0.721332339288988,-0.14277487550521842,0.3895688383758689,0.740005950714911,0.2627346808194228,-0.8943310097186666,0.4534000185828582,-0.11076308973943011,-0.09917825891573213,-0.48402751050221093,0.8228894192933353,0.6756484689855571,-0.4020273298618685,0.7270026129425124,0.37550308084766154,2.4220898527299077,0.6080602345746656,0.2733898691667625,1.1161742918978295,0.6340551963748449,0.1059364034515567,0.08994270602108825,0.5506496327457611,0.3548537485373075,0.09348319268331752,-0.2802650461660164,0.4900700120376466,-0.07791665352465303,-0.5507555310887675,0.27649907167297705,0.9023615879792759,0.2495847155002972,0.0021975260484421557,-0.2169713900575527,0.05005835753265499,-1.9397168512950687,0.6201569253568389,-0.5525302545625564,-0.14820849856421367,-1.061603802622888,0.15945557963428214,-0.010918959356330069,0.3543150777022653,-0.16743224170744028,0.42535617606385207,0.7755112127663294,1.3956890682831973,1.278778206374612,1.474244141531826,0.7400026033719431,0.7268612681370346,0.1403666351901984,0.6634382503924068,0.38060849957567483,1.463216578743086,-0.7504054455383243,-0.8469224229904244,1.1293992033866902,-0.8183441104255401,-1.9219419313307502,-0.6873174154801129,-0.228907466749052,-0.2871948435042747,-0.19271585490678017,0.3678598658261983,-0.4991791676359359,-1.4924573607688616,-0.6933644207518468,-0.7229732909654039,0.05175470965713776,-0.5145981692332195,0.4630180421498957,0.8226170726763667,0.4691668007119082,-0.5352924489848905,0.08509709323808382,0.2717509571439959,0.4976984138689514,-0.922869548279852,-1.572941764734324,-0.38524620365681905,0.45815525124478373,-1.3257970927294391,-0.11379818075061514,0.6397398925169492,0.46044126567427723,-0.2645168358966159,-1.265678281362626,-1.4341257815222035,0.9398604470430917
0.494438427989639,-0.4490640024563729,0.1896189630702574,-1.1105031466136455,0.09891169411036105,-0.3751155985896323,0.27509345684947506,-1.602195619418217,-0.36083302598769984,-1.2753380213303511,0.5461865235584648,-0.7030629312694646,0.6683961355379995,-0.9382640671626894,-0.33358201279833877,-0.9575355990595203,0.21576521858916242,0.8954993390140412,-0.010925406648398407,-0.4823786233241139,0.969815847559424,2.0311629496191737,-0.5891857713698472,-1.1040678071589403,0.3445239272824301,-0.11610886520185028,0.8054139954654428,0.13022328034774464,0.2563085512058433,0.5510341343976615,0.604575790323446,-0.5250692717468054,0.3634712927785603,-0.23602410655878275,0.03010481415962673,-0.3820317092794608,1.0612106661441525,0.8530192920994031,-0.49980028423795425,0.683216469164165,0.20015072999228162,2.436851547942021,0.04372086018951546,-0.2545867445132558,0.627275163118051,0.21249906498564722,-0.4275726407662829,-0.29595761767551787,0.2032786075563419,0.06667668941487889,-0.07814313672021496,-0.42623379545778467,0.305629206215715,-0.0663568469671658,-0.8431924104345233,0.30302043585356714,0.7107659743227576,0.2548733215085274,-0.1913269602203366,-0.4648428103681271,-0.10402514671931373,-2.030702321126848,0.6142937804810825,-0.5954104573253038,0.08417780577936447,-0.9065554089003582,0.25712689182338894,-0.14797623175725272,0.24680570136197644,-0.25385445944335694,0.685530683270522,0.9616045059377578,1.4680223904575842,1.0993484812149599,1.7872649588391778,0.5594116818332583,0.6712321816618174,0.2678828025207336,0.4499752896653759,0.5297823827636057,1.0610340349159553,-1.2551714987275704,-1.1524176870713116,0.5964173268593405,-0.8916794785682766,-2.11217055458675,-0.6956996367179137,-0.6875133970536957,-0.229922970013791,-0.11475804484967929,0.4136458855435897,-0.44572594151695494,-1.4004258443296842,-0.29046166853198874,-0.9382056349765492,0.2682296714876142,-1.0039583862098598,0.3026480404534073,0.5384652753227072,0.2896564615149122,-0.3378891974717034,0.6003459330823846,0.8658826598750679,0.6987794512339488,-0.9591405412549101,-1.475603202968248,-0.6317165332549913,0.2804648163653946,-1.305227269354558,0.04562079843381939,0.46535000387057157,0.2805711528711364,-0.396766972250987,-1.293891196595844,-1.7370085329511131,0.6143958031062543
0.23592168599965188,-0.5383553523885658,0.5151460828579536,-0.623861020339729,0.253144726745113,0.01612542891193394,0.5678181202715548,-1.0928215553261744,-0.07570267432816073,-0.868189189229906,0.1733517290212253,-1.0030771101358926,0.4999363013374412,-1.1089703038149805,-0.20731794456695243,-0.999206577321401,-0.057808802298021614,0.7012190352210542,-0.226794439861629,-0.5054293756651218,1.0707533738299573,1.808533792987199,-0.25257364160362816,-0.7514725060975693,0.5929309038721223,0.26563147182934027,0.7522424130689713,0.3871180363490709,0.06891563199006324,0.27957501420258196,0.8614296252765271,-0.07066323800885244,0.2555312521888994,-0.2857580113727733,0.20235601870155265,-0.18214151508282594,1.141002764458288,0.9522194914086077,-0.41071527690289045,0.5599161171193481,0.04570448666881283,2.0893108489037493,-0.4069613537306009,-0.6559177160008873,0.1683029271401634,-0.16007695818289022,-0.7983429760705223,-0.5915701292211564,-0.10452268739154223,-0.1830542156471763,-0.1823175177947008,-0.4730639362508662,0.12853820324287224,-0.038174496933824596,-0.9178975715334542,0.26748262445883386,0.4150324051133847,0.20170582233008472,-0.32156566168667305,-0.6105282817926704,-0.2509817472997244,-1.7889794133684618,0.44753667288422966,-0.604011040827625,0.3080478200208395,-0.5777352734459568,0.36563359614551966,-0.1864472274540974,0.09284100116595938,-0.30100589878614104,0.7734811762196343,0.972454988848616,1.33595442438175,0.7740426991970868,1.8107640023003568,0.321496660876498,0.5675510639051285,0.35474257722680097,0.22335967151554095,0.5874361925836123,0.5410572511215155,-1.5281541612404117,-1.2139859611137596,0.027213950404694074,-0.7944329235800657,-1.954083848739554,-0.5543720789460105,-1.0284515267736354,-0.10907840222629908,-0.05162979218180589,0.3640051497081003,-0.3623584733640231,-1.1774662029240361,0.12082165033892481,-1.0580911792198862,0.5115406528767591,-1.3060582373728862,0.09016800742375734,0.1822077098005443,0.052724953160332294,-0.11150771505066032,0.9829746556190392,1.2593201988413687,0.7974557740810712,-0.8593772011368379,-1.2123676710685365,-0.7552332772179303,0.07725073033689923,-1.0845850587016854,0.16273269165765608,0.16242392433888853,0.022053659213683564,-0.5131537232739359,-1.1478238008214525,-1.7745955566945986,0.2751037252308922
-0.04473393004302253,-0.569634229829957,0.721657077897754,-0.10690271179910553,0.36369025704178554,0.29110335215440364,0.7276153400198491,-0.4897573008359402,0.1722222099109637,-0.40140894057674475,-0.16093396406669286,-1.106972896794674,0.29769518238034254,-1.083771342243772,-0.03938592359528351,-0.9055190250415878,-0.2794297469752393,0.4200824223246707,-0.40310306049775263,-0.46933889271455637,0.9365347641020993,1.2838290792207068,0.09172148493974874,-0.32122711809748267,0.7268560507961502,0.5683325555797847,0.5883609891986004,0.5571694861460098,-0.11037517785228187,0.0023261915031802262,0.9712809286919113,0.35539563480395553,0.17036961698992653,-0.23325136308006683,0.3875175995549932,0.07908305537551732,1.067128064796161,0.9689636572710524,-0.14162218843363944,0.42612550326604104,-0.035321785120968036,1.479896999549519,-0.6320479199510809,-0.8335734923128953,-0.15044801973417507,-0.4012016578300667,-0.9164617493421942,-0.7274414710414725,-0.3063638321939441,-0.3471310867913534,-0.21308651176792548,-0.4309988698780845,-0.010197852545407485,-0.010053477133550906,-0.7509970208870959,0.1814410564042953,0.0855065752781945,0.09199443026850172,-0.35913622905875947,-0.627389846655913,-0.33738406393055287,-1.2761724223215969,0.17357209395050066,-0.5761960492046467,0.4738563853082541,-0.1659985663636473,0.4647184339562248,-0.11497136000447519,-0.07095697277927016,-0.3088120696394139,0.6587488015451175,0.7917630953587776,1.022565593113262,0.38832584856104946,1.5372364015159798,0.08634726101172202,0.43704905123460047,0.37010251021437107,0.050198569111509286,0.5217517370763358,0.037449260674870255,-1.522067592805955,-0.9916783315561827,-0.43298005326136246,-0.5439274181189202,-1.4979569582672443,-0.27795318374418093,-1.1538731328068048,0.06490981787840201,-0.0015391984134085442,0.2155368503134883,-0.27625790331998223,-0.9048775183173212,0.43993064867885434,-1.059217205227149,0.7257986110868128,-1.3477950204932048,-0.12367633715196664,-0.16634856763243286,-0.19348038994046055,0.05531801177146845,1.151674597010922,1.3274953810656804,0.7650396430925224,-0.669842148888486,-0.8407566917054969,-0.7485505895933363,-0.10287560014487401,-0.7077818899371715,0.20814119137830867,-0.18710690845901398,-0.24992548564737369,-0.5958809531269492,-0.8654861369942083,-1.5194458821962689,0.007095936262724106
-0.26631064622456135,-0.5424857889629439,0.7817781090709017,0.32253029440913117,0.41747808459692437,0.3876048026373691,0.7457295973979943,0.06897487859342669,0.3373128295146612,0.009632674402324681,-0.36140745314254574,-0.9923840402048074,0.13527236622781483,-0.871518324560358,0.14916594637888209,-0.693566953052283,-0.3796955980300625,0.13362488995417088,-0.4951220269010741,-0.3751670839625878,0.6016406229354314,0.5795786491445735,0.37334931951975514,0.08522905267364862,0.7181920017339075,0.7143669014769776,0.3689879272484422,0.5964315214551773,-0.2105500013083143,-0.19667755964689393,0.9187149206628902,0.6619512436911228,0.15097640899503964,-0.06962480939613243,0.5576519715295133,0.3524340264615692,0.8894600245788691,0.9304549970959032,0.25432597788979827,0.35831149955796854,-0.01450297277813061,0.7593755724894505,-0.5832803228332472,-0.7517708223771722,-0.2625443660334843,-0.4645777636789316,-0.758338117989807,-0.6735971057121889,-0.36302339783603055,-0.3987755913863399,-0.17698816772498074,-0.3258875909013987,-0.08874405728896684,0.009989657339063323,-0.3759355079625087,0.08383990999010468,-0.20056075411596025,-0.049457134036469216,-0.29032214768506176,-0.5148333002878589,-0.3195445892229965,-0.6097024737638859,-0.11668647741781722,-0.4990134987165395,0.5555348952505678,0.22697428667448363,0.5467056841619863,0.05770241514793181,-0.20645471370082782,-0.2811751914231602,0.3728473752577711,0.4558675285152792,0.5937518543743013,0.041137558230941854,1.042915603190567,-0.08806976816882686,0.3099839934704416,0.30748595259413486,-0.019560463945160558,0.35714049892802907,-0.3280554237445259,-1.2555159867009273,-0.513476752976959,-0.6773097440733765,-0.18697425658777195,-0.8563066728671714,0.08546690798923685,-1.0177181494236751,0.2667474712989602,0.043294821073243304,-0.006658746709741647,-0.20789008767859313,-0.6579588249858204,0.6022897718339578,-0.9491137221489001,0.8714051221444802,-1.1245815151589336,-0.27553308510907426,-0.42895953949132004,-0.3904147434157788,0.10592636512593619,1.0886422832787905,1.0490466513285022,0.6120206507599787,-0.4375280432590256,-0.4272999080714567,-0.6407033206004807,-0.22075486688006754,-0.25209154128633326,0.17266934068053225,-0.48251727303837266,-0.45948252183327815,-0.6244156649901073,-0.5029639465171217,-1.005194383116414,-0.1257639063907633
-0.3589746759160917,-0.46196185789643107,0.7213641896875621,0.5889445942380794,0.4204937654610441,0.2989675125012314,0.6666600530799179,0.47903953209044753,0.4004058106322605,0.26883751521521676,-0.37539161874201915,-0.6931673728750016,0.07448355331414379,-0.5209608653577772,0.3346661603072176,-0.41103298207926076,-0.3216352890399621,-0.06932994425940307,-0.47330668598704,-0.22788351052606085,0.16450342105868118,-0.14240976584767023,0.5536478847828572,0.3861165844001719,0.58279386113565,0.6760955909178872,0.16185563337307374,0.502104469061404,-0.17694566042689122,-0.25131990171533125,0.7397480946357461,0.8031911660121882,0.22927145939303872,0.19050309510868324,0.6928549309225851,0.5876576262705764,0.6872233400875319,0.8853623267579447,0.691790051398951,0.41347545900889465,0.10453148102774816,0.09132312973321298,-0.2858561678821244,-0.44382485107386765,-0.15797909198239438,-0.3487900662327732,-0.3716243062993527,-0.4470594304935932,-0.2691978870231477,-0.33487383796045933,-0.08665738379503629,-0.18818698383148455,-0.09516899183434072,0.026947648530009336,0.12444346401106049,0.028897849504263304,-0.37830036768707703,-0.18023453744899315,-0.1204320682981944,-0.29829634733915744,-0.1787614350789194,0.0645086610156309,-0.3222098541680915,-0.3568972098547992,0.5565237104882403,0.5160888513002305,0.6187659245635878,0.3053677684548655,-0.28405268883925944,-0.22443449640787455,0.000838971776847601,0.04652725370284555,0.14617383192864913,-0.18122168172891007,0.4704120124581285,-0.16065151215105705,0.2189981563557792,0.1876905041184848,0.034033591395420705,0.16758280132334907,-0.4773034165868551,-0.810439459607104,0.12408838415589583,-0.667798673199076,0.2083729406963474,-0.17833705187504614,0.4628691509022142,-0.6462146589670024,0.4618039736937999,0.0903307703538136,-0.25471422868975174,-0.16692703472335343,-0.4911527934267631,0.5947341120315497,-0.7678301958442016,0.9365705244159929,-0.7058029808976927,-0.30997607407425937,-0.549070342403442,-0.4854895942133379,0.0327553138312202,0.8432765331149604,0.5142988736750583,0.3876727415397366,-0.20080863149830117,-0.038112347495287906,-0.4868070402461658,-0.2563485219484989,0.18775993305904265,0.07036805066887206,-0.6355002777797999,-0.5430234064852001,-0.5836485144682328,-0.1254068042036978,-0.3281296499560813,-0.09717559772302335
-0.28819636136907356,-0.34045083369615425,0.6052811676019221,0.6732405567279424,0.39413349209518667,0.07408326307265299,0.568086824452464,0.6911459504291888,0.37182397719565674,0.32461371659374627,-0.20877662482968998,-0.2922574746156805,0.14404868196965637,-0.11250821713633727,0.49293644830179995,-0.1281007668824038,-0.11428204062488682,-0.12103297038098844,-0.3356031732541519,-0.040535072284312405,-0.24291115084177953,-0.7219786367947151,0.6289793397195446,0.5356738553872336,0.374128551776366,0.48207438212399495,0.026128576904924383,0.31271297487554567,0.006057742794676959,-0.1353400988476152,0.5087815423139914,0.7857291220238746,0.4126332782905246,0.5077989859309632,0.7829266384841532,0.744998461206331,0.5433892640497383,0.8837344423863955,1.075706149748781,0.6065682348826118,0.2870119510410238,-0.38768673124945296,0.17029210833755656,-0.0022651217207438727,0.11762845586572936,-0.0961814406424958,0.13752448888186247,-0.10851132675441356,-0.05423952484137072,-0.17614093526393643,0.04254635887810594,-0.04501659253079739,-0.029037165100718534,0.055963579077459115,0.6379459299317427,0.06520424492623215,-0.4127440780378354,-0.2541713602785882,0.12473685564788126,-0.024874438690493682,0.06923410599720385,0.6059026561050657,-0.3646565873851502,-0.1450780453368836,0.505051229390827,0.6528062407874099,0.6968032919307571,0.5879939594494359,-0.2906240104295617,-0.14725586016574257,-0.3456596041428689,-0.3318966649523284,-0.21628503175609073,-0.2294929299165234,-0.011430281578075588,-0.11915533492072641,0.18836270923380835,0.051796158245672,0.19452921903377093,0.04772450357178101,-0.3959406836326548,-0.31406340107231057,0.7750922473137604,-0.44584648487952105,0.5653980186365324,0.38343733720728246,0.7735810866417323,-0.13832718554286463,0.6157583684733842,0.14100046096209784,-0.47135652270677736,-0.1518984215099114,-0.4305899832089012,0.4552881571425112,-0.5782904785346313,0.9382258371351854,-0.21859662901030566,-0.2015740222965263,-0.5081557053631092,-0.4502020944038916,-0.12275780600401674,0.5157234089778738,-0.1042784121077622,0.16606519866874636,0.012826207235449048,0.26918685512442225,-0.3499217051011931,-0.21352711266888907,0.5218379273515452,-0.06439100122446423,-0.6001513714757983,-0.471018351053291,-0.4734591959187806,0.20194633607265328,0.3680763167729286,0.07434189534015226
-0.07067773700126427,-0.19965752179589624,0.5092211234787866,0.6083868836455147,0.365667713467622,-0.19922810715251482,0.5279945081219152,0.7145439690070973,0.2858549541881993,0.18417607583176143,0.0750774474051544,0.09902650826174736,0.3273689109892609,0.2574162388804153,0.6019476577238181,0.07911280671089703,0.18651706845186275,0.00017470770715447015,-0.11439357011578075,0.16177656274335736,-0.49857551883921836,-1.041999308506285,0.6222246823532365,0.5295927061104365,0.16473752852040532,0.20570254735566604,-0.006476358619009545,0.09431759166268784,0.30331965205026074,0.1258163378413468,0.312268406719948,0.6590988164631779,0.6746838638287218,0.8226055898853682,0.8254722681723056,0.8038546913175842,0.5173348413875158,0.9545152119571573,1.3252834732737768,0.9003014082372472,0.4770158648358508,-0.5990556277559466,0.6541213729583217,0.44543348537615185,0.47549014892117664,0.21702326203467057,0.6308797769417193,0.2510955293908667,0.22275583935060442,0.03533282448614779,0.19137059515824945,0.08228119412169352,0.09560670361462674,0.11289436293435955,1.0495678409867026,0.21300889033857037,-0.30959957679683736,-0.2394282136981901,0.3997840835283072,0.24467394908486295,0.3735244664473675,0.9112982589489037,-0.21680035538630907,0.117535061334626,0.4408389958380277,0.6330734252360821,0.7933241133928899,0.8558905727838845,-0.23310429831143245,-0.06163725892096114,-0.5648923397963949,-0.583642567115747,-0.4112515926497705,-0.10682211126776513,-0.25918470416565187,0.014325445491116934,0.22339686401600284,-0.05326905742710731,0.41222267945584684,0.0720371265242688,-0.13677348143763227,0.0918180454800484,1.2801158803243136,-0.11811855959824497,0.8137176857634534,0.7075317743767024,0.9509762229078004,0.3571467232691409,0.704594711169821,0.18842641100434168,-0.606617731722656,-0.15313811582338846,-0.4732379181266356,0.2579216146460726,-0.44713661906754304,0.9123712912846395,0.18710429860387787,0.030054405649127494,-0.33301105550265303,-0.29359083094551025,-0.28732896912473055,0.22532591575137467,-0.609296172031435,0.02230747623412446,0.18370304202773352,0.4528086114634408,-0.2807604824114421,-0.11826996394248267,0.6876163129638553,-0.1856630917663737,-0.3914021471503044,-0.2612139515876529,-0.31531704870196087,0.42303669632110796,0.9233980801997429,0.3294934895576592
0.22468773940490708,-0.07039696416519765,0.48890637947313853,0.46059141576887874,0.35676679949336365,-0.42184875636134406,0.5915856554623231,0.6036778205528627,0.18864164856084784,-0.08763104385752234,0.3737266918605043,0.36987873994311826,0.5645237820439275,0.49688734038066973,0.6454276744121178,0.1504042321187963,0.49146912664011044,0.2575355488044752,0.12641889077357477,0.34130686238712343,-0.5313242863163191,-1.0576041172932016,0.5679219244519105,0.40039055601990875,0.022466783704431923,-0.05876841654335688,0.058853843058031305,-0.08168797395360762,0.6338203250547462,0.45768313828184165,0.21884840554408494,0.4947198014965471,0.9550283733517099,1.0653651364334111,0.8227406185108925,0.7666327389059486,0.6247396937431302,1.0900936167481559,1.392938088229441,1.212236674810067,0.6139254206887733,-0.5362005675106832,1.0256189923596237,0.7690636722396174,0.8043783107909537,0.49721452640199015,0.971707416297336,0.5313568091293858,0.48329212809725325,0.24163768054995255,0.33293972972739294,0.1759772110528261,0.24769848622531962,0.2022455417976778,1.2677609344282064,0.44880615571898397,-0.11528043191326344,-0.13373489145531497,0.6442767538737353,0.4466958927037032,0.6573935341146301,0.9374569267345705,0.0835742803802182,0.38312426769728275,0.3988348536703301,0.49278631693458436,0.9050468290058429,1.0552242643248644,-0.13661218557900437,0.016268408021421953,-0.5977867335263822,-0.6505480452712255,-0.40259973602442645,0.1305197983319338,-0.20166018106956235,0.18732890269951807,0.30533730895287586,-0.09139267003431888,0.6171422267746796,0.25851494832414335,0.19550443478441323,0.287865896836217,1.5101246880656238,0.17892449899640617,0.9043462834301214,0.7319408104565353,0.9620845856100346,0.6839134864727837,0.7210630769301852,0.2202504457329548,-0.6324842508364819,-0.15773493671432262,-0.590788178974857,0.08746909349788567,-0.4217932852345122,0.8974061688018878,0.3829002814859147,0.3192754726264393,-0.09064289484924677,-0.06496513890957578,-0.3842839070771167,0.07390820311136787,-0.8431671973314471,0.00670230718345135,0.2951525085040297,0.4935007795841097,-0.3022370544861967,-0.010558797569897273,0.6662706487387995,-0.24902396719194198,-0.08428213724495245,0.022133281647670162,-0.1516109403095863,0.50072203252667,1.2019871502313029,0.5827977997100113
0.4939718342150894,0.01172926722406277,0.5591709947461816,0.3042032121668411,0.3752522011887659,-0.5128131156728285,0.7514382549126841,0.4341495308072644,0.12374789886563801,-0.3854647908100525,0.5767149158677624,0.4394855479706647,0.769617129403082,0.5400171099459915,0.6173509230767731,0.06261834136333776,0.702441654863864,0.5622471736056066,0.3061758681971755,0.4530051343219097,-0.34410048350209727,-0.8041902324765243,0.49823708518949356,0.20593040362287726,-0.009960521491107894,-0.2242713252588824,0.18422841904013024,-0.16064712591102917,0.8922094467453693,0.7544038997630478,0.25700940981995557,0.36173609291565245,1.170782254498424,1.1720534244333778,0.7798000901407277,0.657268667839799,0.8314009987536297,1.245150074917899,1.2739268437331448,1.4387024856088706,0.6504405875102831,-0.25939920692803836,1.169285856724685,0.8681991078608499,0.9956840096624954,0.6538502938278259,1.0580807973051998,0.64661088932449,0.6449065746987525,0.3786267687843278,0.430890814334558,0.2185795149004727,0.380471404445223,0.3082281481737333,1.244446632209082,0.7048910540063981,0.0951780397969464,0.030042725453441214,0.7924214491270611,0.52702316811493,0.8371976481306821,0.7092455302370281,0.440672479919368,0.5823811682503262,0.39678578021949046,0.29395819558423236,1.0069630888870984,1.1360760341672909,-0.037413411587631326,0.06706243130642146,-0.44548206407999064,-0.5289349510377584,-0.21249573035321848,0.3886766761150267,0.13400692594254923,0.3311294175560903,0.3952124351024775,-0.05022984723276484,0.7389127610269303,0.5526866194835154,0.47464096491918606,0.2112829585862712,1.405705137675726,0.3246122200102771,0.8220630177991483,0.47050050811820215,0.8185452056863293,0.7285540427290523,0.6753729364034535,0.2259555785414315,-0.550859165977362,-0.15479222460662945,-0.7367533189916863,0.012855822024244994,-0.5118286382107956,0.9162124456864653,0.3024135573273179,0.5700203731485489,0.1291289101323399,0.15701887781118853,-0.36402237775026774,0.11538492001787205,-0.7382190192778605,0.12566269233980915,0.33056363319138715,0.39954621925734574,-0.40428097623331183,0.06760385127412415,0.4876200381506319,-0.22591637339715126,0.20792218520814812,0.28436450043148864,-0.03558468207658016,0.4258886916945491,1.131855149090387,0.7442860110344623
0.6305157253819607,0.015021919719114924,0.691221309621205,0.19936111634497033,0.41390082464012873,-0.43137811892765127,0.9495593542532846,0.2767743193994815,0.12031521919799161,-0.5925330043465864,0.6008149878383783,0.27917065532263463,0.8594063554018805,0.36471619498354496,0.5262611011577606,-0.15744672712946634,0.7414455712788339,0.7984206960983857,0.351616841041761,0.4559417459535085,-0.011022223880021418,-0.382113188581794,0.43523912295331746,0.014843586265668885,0.07477562559220664,-0.23415988539650762,0.3158353390812655,-0.11875313821111802,0.9809173254727802,0.9071530287925241,0.40818483026222213,0.30794091007925856,1.2388277655694122,1.1016103844176484,0.7053538470254185,0.5151932898164329,1.0631908439751627,1.3515366546678176,1.0055469044948495,1.4890228772678196,0.5665364987038558,0.12486986465575702,1.0223102411336558,0.6977736040015795,0.9687095087290201,0.6206670065019019,0.848921909679464,0.5484357799012963,0.6402744164840408,0.3896457846484531,0.4436483339222776,0.19207732004982564,0.43951671509384,0.39400315943106634,0.9848630971865345,0.8866149025431106,0.23994339205234627,0.19154042430247908,0.7878546302733509,0.45316097722301735,0.8471325974899533,0.31185884351439697,0.7281387613873309,0.6443728871931266,0.43165972521795537,0.10662647046860356,1.0572375640798866,1.0631980463220376,0.02756812752056287,0.07164020556234402,-0.16584073295396787,-0.2688854071524213,0.08408856653312544,0.5644381907662541,0.6268216121445562,0.3823468514839282,0.4465478226727866,0.05407550896539352,0.7277392016391586,0.8401728105192099,0.5898039522211428,-0.12317362712397587,0.9988135903825883,0.2539384282069649,0.591959501602439,0.01234920937071494,0.574671839414813,0.46255483691419397,0.5903694909941494,0.2054174919517399,-0.3924956073426065,-0.13933006934709738,-0.856061523956993,0.06710777064855679,-0.6820645264467405,0.963414838409394,-0.035011786717229314,0.6843186695059037,0.23929155650292241,0.2870445908556894,-0.22620643798777892,0.3409711690000993,-0.336267758282022,0.33637029282540537,0.2745920420977543,0.20795279527270655,-0.5503642532532554,0.08429950597232196,0.22208459619192975,-0.11488404434715753,0.3712783218448966,0.42821499719225115,-0.013602994624830037,0.22328905158043552,0.7317860901878404,0.7431702330697804
0.5628885952034375,-0.07726113850894084,0.8284231487817671,0.17865292685512363,0.4565912838559813,-0.185864645942572,1.1010467832712982,0.17796907538265844,0.1872168393199182,-0.6140492992033698,0.41886551394018834,-0.07891092831249281,0.7842222480812836,0.0017027516849660916,0.39725173238816525,-0.4349652730142807,0.5752774490085636,0.8598094302404323,0.22325206391844704,0.3278847837029639,0.35030202739601657,0.07627754344593057,0.39076972460265397,-0.10834297264046532,0.25083336206933476,-0.07473535735199145,0.4066698512546747,0.034544172539593763,0.8425149956828918,0.8357531699587637,0.6169134999254953,0.35068250932660716,1.1031174082442112,0.8505704240615471,0.6141563677667762,0.38619700893598646,1.2293079086302063,1.3442506990538468,0.6571831542060597,1.3188482381951936,0.3751967290252276,0.4929659448113112,0.591796301020794,0.2809582264418132,0.6917751487314976,0.3737164225571487,0.3768330609666219,0.24091183526959592,0.43658994478312924,0.2415172724126366,0.3361638889297761,0.08200473307461884,0.37772266964628964,0.4112092577154174,0.5457787748140288,0.9032515357399737,0.25596937655524515,0.28222362669502815,0.6009570724219787,0.22380370621514306,0.6631043162720139,-0.13116430948612826,0.8291958940093355,0.522686665518173,0.48562553714186807,-0.0086646167526576,1.0124781575787953,0.8275692980104951,0.031896375605015785,0.01698226831845221,0.1487699590935051,0.04330447531594859,0.3815152386972515,0.5780037886478342,1.0972302995021734,0.3058987378002348,0.42270790066400676,0.18203328503110136,0.569846928894674,0.9849031053189827,0.4784375038940701,-0.623180791644198,0.4082562192782694,-0.022522377439076487,0.27711110614862033,-0.4977351428085275,0.31237660990227717,-0.040262852782296084,0.4934908676451404,0.17382604177864341,-0.20747890494188065,-0.11365761097009515,-0.89682058836338,0.2400244787678379,-0.8612625719688517,1.0032218315455252,-0.5260111636002157,0.5950217682276513,0.18233651505396137,0.26100830025088084,-0.025047336135084572,0.6841275861398305,0.22737526490184046,0.5580142347259536,0.1187940098454965,-0.020390808276508108,-0.69251163127801,0.026341677024197627,-0.03835679749047403,0.05479126292251357,0.33257156363922635,0.38524256582693517,-0.10567411274632521,-0.04937457321844735,0.11513528044648326,0.5478214993933272
0.28480691259329705,-0.2573318797260071,0.9127156334676293,0.24439743437091369,0.4880744338387533,0.17153770376061123,1.1296810024938093,0.15150593376295068,0.3136484773214261,-0.40619949855051257,0.07226430891223674,-0.5491560355087027,0.5495786108735573,-0.4690456527418431,0.26895726677324877,-0.66652018965974,0.228110502679034,0.6867285429727434,-0.06587919202860594,0.07772162103651509,0.6205797152666587,0.44610922374133566,0.37079544515213564,-0.11693676947373682,0.47119865889844675,0.22432323909026045,0.4353608038629274,0.2642055011927319,0.4815110791524331,0.5147812456980289,0.8129383215167321,0.47794804958836734,0.7580134689611233,0.4595698843312472,0.5279647131856314,0.3116552381438279,1.2518401706517708,1.1885679909064855,0.3137239729597055,0.9502101547164252,0.11865266608330033,0.7342475447541799,-0.043223089428032824,-0.2941577731695166,0.1944016627622334,-0.058225311004081404,-0.25633354084499765,-0.21623246863717718,0.049919363486489336,-0.06141979776903473,0.09604062224391627,-0.11430183308509835,0.17340911334140205,0.31774460427452944,0.022819838205483667,0.7024003527676156,0.12032003548484006,0.25015776544989216,0.24348642601348203,-0.1270392779829003,0.3169681755647058,-0.4895948912075333,0.6767762002983531,0.2178549055621958,0.5374998162548038,-0.014526518743491704,0.8476740993920677,0.45488747323520196,-0.03187860745188546,-0.09754593715729167,0.4034341906744933,0.3130145574892212,0.5758551656638371,0.3998894076531704,1.3635504184041778,0.1108856505960621,0.3121557275645933,0.28412945095396464,0.2923815968958637,0.87998151526499,0.14535970448713606,-1.1423418260694385,-0.19227254146129147,-0.42525513822603656,-0.03450297411113735,-0.8961412718691221,0.11693003590053051,-0.6207469206978733,0.4085811670893347,0.15885355713939392,-0.05039437871257292,-0.0859304527662083,-0.8233684699367374,0.48467941945600757,-0.9648176680850518,0.9804651800793349,-1.0117675881654817,0.2916440141655813,-0.05015157410950271,0.05979337647321317,0.14653103497997455,1.0430049817488187,0.7691500342004468,0.6973027238863619,-0.1301811245558444,-0.21279340715722692,-0.7884079593897833,-0.09761441893742995,-0.20553805986472046,0.2298530022174548,0.08903767073782458,0.1406674033684088,-0.2926824138487341,-0.31186426812513074,-0.5348973831983653,0.1770049313369795
-0.1359135616947181,-0.4892208469205501,0.9092158593871994,0.3740297494805101,0.5015700046395599,0.5603634707446757,1.000357915283186,0.1822073104885568,0.473913560358799,0.007356841209666571,-0.33887244873591066,-1.0142592344388575,0.21861419649537914,-0.9353775211830574,0.1840225667130488,-0.7534380593792407,-0.22221060183898386,0.29065876222452375,-0.4477100455946174,-0.24991799529806716,0.7191254759317851,0.6433891262762486,0.37903869753373665,0.006301379349183452,0.6832170191031278,0.599114471351182,0.41237556798697,0.5218240069413865,-0.03189229678154326,-0.013167732616938238,0.9358186047100687,0.6560884384397321,0.25849524300216875,0.007951357958790678,0.4718549540464029,0.31757033536827445,1.0926065500377151,0.8973430172171271,0.05543128677345531,0.4695148296436037,-0.14319927666838336,0.7768309823938474,-0.7469089742920354,-0.8943447624364004,-0.4335908270660745,-0.5947698965497213,-0.9019531840687876,-0.719115795381087,-0.4511905066247772,-0.4706191745498668,-0.25263698250708383,-0.3786580215295255,-0.1549958573852326,0.09800340290743852,-0.47050141905066706,0.2953503369857272,-0.1401846220358346,0.08138533106041404,-0.22565197612013982,-0.5333914392231772,-0.10636114382689477,-0.660915763750474,0.2802589209412521,-0.2136655505893959,0.5729644767556508,0.09510604120514089,0.5721583697084651,0.006636852810291985,-0.14919983012961985,-0.2559460354144221,0.5305676345549161,0.4659740983738205,0.5975160647098442,0.06279064001674604,1.302470622054531,-0.14823151855225433,0.1351224730127678,0.3179564862542857,-0.04362603855499073,0.4928738875435161,-0.3373050586220541,-1.5222408142835269,-0.6256719753920031,-0.8351984032352169,-0.25280909426869685,-1.0469433950380524,0.05064414336931122,-1.0839668616037115,0.35010258628634777,0.18933843193284572,0.03534492441683518,-0.06654086992459605,-0.6282374651161082,0.7340494368921846,-0.924660841108508,0.8430832914203964,-1.326639353736713,-0.17012202205370344,-0.4115607434786578,-0.2797988277139604,0.19114713903271377,1.3125880500210456,1.1167986156880338,0.6810110617274212,-0.44334841815051274,-0.3031078955400645,-0.8139629027010296,-0.25963643032040556,-0.22058094285977206,0.3496279074825917,-0.2864322617989991,-0.2572855436771313,-0.5176256386668098,-0.48136440745667647,-1.0157909980295918,-0.30095395736066183
-0.5755350726121791,-0.7142101980025527,0.8181542836030398,0.5293140689235025,0.4997608034325259,0.8920588931244186,0.734697970838472,0.23817550478679012,0.6333633895829124,0.5365784859264789,-0.6868549271060159,-1.3555705438304335,-0.10784405977139275,-1.280468406042703,0.17442920149957403,-0.6388683694705617,-0.6636351580180584,-0.24248923017178348,-0.8161868452131434,-0.5813029717660432,0.6280630761840961,0.6426550481460511,0.4161929669010891,0.2415211530603081,0.8413563067805742,0.9660631511304933,0.3704690397793672,0.7564675097451511,-0.5777151373700657,-0.6412104045422926,0.9526185574450734,0.8395649994009833,-0.28822481328397664,-0.4037345209113366,0.46521491521838426,0.40549227210246935,0.7688300658434204,0.5310304805559702,-0.06200664381794636,0.0023965731423579665,-0.34862264673376436,0.604917624026088,-1.3569591846044562,-1.3736017423577818,-1.0579257005849527,-1.1182044256646075,-1.4011653498325054,-1.1443288686817998,-0.9564670678532122,-0.8983673654974649,-0.645149950188157,-0.6670997904365824,-0.5447596142493316,-0.22220310998273796,-0.8278970370730091,-0.23681764851487594,-0.4549824304069514,-0.19029390473626043,-0.7078989602827108,-0.9086190301950599,-0.4911366909108607,-0.5988887339176729,-0.27071244406194966,-0.6691699847496341,0.5881165115696276,0.29312203654952396,0.23402067413684588,-0.42890061819525616,-0.2871686895818069,-0.4257427731579209,0.507804274200332,0.4686101454864868,0.4337218425547358,-0.3461809585566352,0.8942035866411943,-0.3880922698685941,-0.06167466625800599,0.2635317674454724,-0.35961894137034883,-0.11201700009604802,-0.8489763664083133,-1.6410552131948268,-0.7669443910840029,-1.133740290596166,-0.31297180893848975,-0.8856355410588994,0.1325672812480538,-1.2662249398901921,0.3209973832593256,0.2794846897485145,0.029703515757586937,-0.06358080168782329,-0.3390749066034173,0.9211824076719005,-0.7164174756130385,0.5692807199953138,-1.3527305712152196,-0.6794320627147292,-0.8104728600047271,-0.6717325795070526,0.049055173132781495,1.4158486135694792,1.1642027914407427,0.4849892720450424,-0.767085029158809,-0.2524368339681015,-0.7672744044934392,-0.41943903524977744,-0.07269675948656411,0.3676574790239594,-0.6687468684237821,-0.7076184772324615,-0.7028053639885973,-0.4978381673333427,-1.169423768031836,-0.7816508149442586
-0.8950745583038655,-0.865394466228665,0.6700766186575583,0.6659086463712727,0.48892564455282495,1.0893316602920835,0.40379514257352417,0.2859233816190592,0.7537258970078866,1.0446107669690963,-0.8596200002638191,-1.4837538833143613,-0.32742758243817016,-1.4135639966099456,0.24658901488020826,-0.3347622377059627,-0.9798518650138913,-0.7726721534115469,-1.0594065010612397,-0.8309298010171511,0.3926189402797085,0.47515201669497603,0.4750686674621554,0.5312681652276212,0.9137986879614618,1.2382236726019635,0.3439228675717,0.9211157719346555,-1.0171702507820553,-1.219037052414936,0.8632312059856323,0.9796452268130468,-0.7487135931482714,-0.6791151853357166,0.5105758350885157,0.548254594464459,0.35224515392668637,0.17979213221023327,-0.0226794617478662,-0.32658590740428056,-0.449878783423111,0.26417959090007903,-1.7236220736838168,-1.6101778941927833,-1.5286473447005242,-1.4990094686497664,-1.6264226955637426,-1.3806338300856942,-1.3382977685070876,-1.235580108523673,-0.9861210397645636,-0.9133121974537883,-0.8992383729356971,-0.5730282222434158,-0.9741755757496455,-0.760141528553733,-0.7301386310977238,-0.489559049661041,-1.085942332222664,-1.1630170525889223,-0.7266662972515258,-0.3277758061109966,-0.8276658414441321,-1.026237752205317,0.5852938805394207,0.5242965636958791,-0.0899416800028921,-0.7548883063663547,-0.4038519873414807,-0.5636044873926538,0.3593705417713829,0.3344441457285538,0.1334215611930613,-0.7108762236086458,0.23662586404614447,-0.5260518057030601,-0.22073259284492103,0.13167088709910427,-0.5798378947342848,-0.7827737647711844,-1.2525054172572798,-1.4530078982777295,-0.5843149662732182,-1.238488202790783,-0.19847821956389985,-0.44553034611771675,0.33080962493692545,-1.0954914874584645,0.31407603418097635,0.4160010469667522,-0.058340359150511945,-0.0788258911877889,-0.01645565856608959,0.9963357749388595,-0.3739990664066942,0.18879518968195033,-1.0625317952603939,-1.0991501431837394,-1.134450047185389,-1.0037344979733074,-0.26807248680289625,1.3240593598336894,0.9040176288805936,0.1488347411357883,-1.0287314804216572,-0.06563070637837627,-0.6639820563026118,-0.5337801607274782,0.19465613928292122,0.27062861381203906,-0.9249857430528514,-1.083753377813409,-0.7775005369491795,-0.3466815348115049,-0.938472931750149,-1.14807862113733
-0.988729790002049,-0.8874871465990007,0.5084873089784864,0.7418059253981513,0.47033713080171186,1.1010757754584393,0.10200862301681844,0.30274389639481997,0.7980774609417733,1.3818159686925424,-0.8006831664607328,-1.3611975349043797,-0.37462743228184664,-1.2946619135816055,0.3731321185568327,0.07341510403548188,-1.0820854546229017,-1.1441015121626408,-1.0957400258114045,-0.9247059693680337,0.09935306307282417,0.21059491222412277,0.5357886966847043,0.7900840260158727,0.8833609327666959,1.3411782774023528,0.34701425836738314,0.9757213074910631,-1.229547802322629,-1.5870457344061624,0.6936569757719054,1.0315474997417906,-0.99950831567817,-0.7517457078791473,0.5861910905139558,0.6934662193276033,-0.049044130155015415,-0.06576331898773854,0.1438840286950186,-0.4348952808859286,-0.42514025963817964,-0.14766738151864703,-1.7472724604261236,-1.5380005398325753,-1.7156803418014537,-1.626947778818224,-1.515963668868895,-1.3585937400745438,-1.4840296530135797,-1.378829808529182,-1.17264084595092,-1.041836898539296,-1.1117031717629575,-0.8536915283137321,-0.8821323765624591,-1.1234414745625692,-0.8766313907007631,-0.7206261456233605,-1.2531310306047327,-1.2239773435926042,-0.7443070165905519,0.06343110099793833,-1.2241654723746336,-1.177750851085184,0.5648974273482786,0.7173019281250996,-0.31573887275105544,-0.8890642966929734,-0.46029923660007255,-0.6255650578582775,0.14271640584128598,0.11581912236024952,-0.20730530211178685,-0.9209458173779235,-0.4781816234162795,-0.5117850355040333,-0.29391128471027983,-0.03771366436004703,-0.6497356544839882,-1.3199064368774565,-1.4300862625310289,-1.0046937940208398,-0.1510928830982329,-1.123541252562932,0.04934426571105618,0.14461405583248024,0.5705301278315021,-0.6214677303209704,0.31582901924786466,0.5554021467966537,-0.19324667651463162,-0.10567965414347583,0.2590947004765765,0.9368487285550736,0.014699178246340936,-0.21262715638441354,-0.533758585279319,-1.3038749586903133,-1.2805644525724569,-1.1695325944433512,-0.667521225040739,1.0606749196177616,0.42765119282437564,-0.23075866826669914,-1.1506859180752342,0.20374827115384025,-0.5275679957613966,-0.5664565162089256,0.49351912689510297,0.08662161392362587,-0.9625484796261956,-1.269244888407538,-0.7050268466787056,-0.0692274354467171,-0.393596286102432,-1.2986546125361078
-0.8209507780290504,-0.7550486009788873,0.36951882067319947,0.7247032719698709,0.434903202852537,0.9112326019350832,-0.08681471142367646,0.28250524985064973,0.7367905783672161,1.4259349704001727,-0.529994039828545,-1.009930154451851,-0.24544460025035014,-0.9449979149913365,0.4970819526697117,0.4491738849388489,-0.9333217580672928,-1.2303658085707003,-0.9005046674850797,-0.8215662735410592,-0.15746610234169195,-0.06934608550655127,0.5661417573411106,0.9246963457363933,0.7458596314979951,1.2273353995269884,0.363025768973479,0.8903990765823127,-1.144431999982791,-1.6165395802144777,0.48225209266348423,0.9612186132015524,-0.9622358903321468,-0.6030850059248745,0.6479154390870135,0.7759973254384454,-0.32145150539291784,-0.14423388417807756,0.36994199547678774,-0.3082386441694914,-0.2834681714654128,-0.5055747730897551,-1.4038929515623721,-1.1631770535343826,-1.5422987118015439,-1.4397499604056734,-1.0901335300476325,-1.0690069749679378,-1.327046843607326,-1.259232314603888,-1.124060308473256,-0.9885204388962655,-1.0960585739520021,-0.9594130515744784,-0.5778332215962333,-1.2020307176762939,-0.8372461339352607,-0.7965994325213892,-1.142936996731334,-1.0539479169939812,-0.5409951697397546,0.44680774217119157,-1.323943692785395,-1.0636873591170184,0.5192747640339818,0.8021959842236729,-0.3777652902644465,-0.7853283962611127,-0.43158594766235175,-0.5791804901743202,-0.07319123316099975,-0.11522650778150892,-0.4750873939520803,-0.9047374822230866,-1.0198185744962398,-0.3475197507811898,-0.25913817261471017,-0.18749157145243953,-0.5481201671500021,-1.5351122544316924,-1.31371728147349,-0.421450345101213,0.3772735032614428,-0.8202741512108199,0.34107624486354576,0.6948827233305856,0.7559226696885522,-0.0018307027568887485,0.3111623327254738,0.6346778281099235,-0.32319492187830556,-0.1302169731741146,0.40848457413888656,0.7487273167988023,0.3315107651265632,-0.5118484864526383,0.07139356580042835,-1.2155657764839933,-1.1839083581108785,-1.1000707776818015,-0.9982683354950209,0.6891730182751411,-0.10713180626214906,-0.5278789061724236,-1.0704763074451797,0.46492265886421746,-0.37964766411769335,-0.4971007706310676,0.7159233049131466,-0.12193822265104459,-0.7617781729429371,-1.1908848674443029,-0.49743708291754857,0.24553288999885303,0.28281788122224844,-1.172911472944164
-0.4371559072114027,-0.4820436681401259,0.26841065029094574,0.5985730037201591,0.3652332311746821,0.5412557394484941,-0.11733798944211193,0.23397672704131123,0.5550909696877088,1.1177825069735485,-0.1362459345859076,-0.5030974593460168,0.0024445258788229653,-0.43966587409206453,0.5495036754167336,0.649401829464217,-0.5578041406646181,-0.9727671503645612,-0.5131454783056631,-0.5263673051806788,-0.3077067212620212,-0.29609695598908214,0.529766307203843,0.8610920126086159,0.5091801037380769,0.8872991109975574,0.35023252076779077,0.651601665842261,-0.7605057051443398,-1.2466068236027665,0.2656933454344604,0.7527208734476826,-0.626775877427464,-0.2670349606831113,0.6422451667676466,0.7374999709183816,-0.38078959325034367,-0.042728270538880876,0.5693821480965152,-0.002325290937830299,-0.06138622505299755,-0.6929888117475421,-0.7510402796208682,-0.5606090807299257,-1.0075498993625343,-0.9415467050432773,-0.44395043449905075,-0.5644963799689033,-0.8672633336466308,-0.8644231432738224,-0.8088642330295162,-0.7222642014136261,-0.8148289122295137,-0.8150298761362323,-0.13251458753943707,-0.9361260220364993,-0.6033856383564263,-0.6675579204658909,-0.7494723269285508,-0.661610591565164,-0.179357087667692,0.6946535347172768,-1.061799443415811,-0.6891936855953048,0.43341413094902637,0.7298443641592866,-0.24979969261954704,-0.44759775529651985,-0.3137112535899467,-0.41399186914993236,-0.2298579605629854,-0.2902418361728324,-0.5752054175290445,-0.6498246759194636,-1.1919133542962188,-0.08759863083136213,-0.12724776258975795,-0.2621111346547137,-0.2910864086056951,-1.3109599421929858,-0.9027715591736538,0.13292054559600797,0.8145229309012848,-0.4018371804379753,0.5671115177651581,1.012576891759129,0.8001121233458793,0.5522191592880178,0.28768806849476775,0.5927396895071539,-0.3958553551238665,-0.13558883855092788,0.37788854456083915,0.4616485262198641,0.465198560872479,-0.5875165123213882,0.5583145003063111,-0.8261624575724374,-0.8361050659967778,-0.7839487292266702,-1.1015049814434874,0.2905775130222219,-0.5297863714398157,-0.6285269236539806,-0.7614706592227075,0.6172224721530332,-0.23426585738192662,-0.3269562754150605,0.7670621113607983,-0.2793025752158837,-0.3801197041168715,-0.8393233585020697,-0.2110771570316315,0.48806130544741744,0.8553177932419145,-0.7684056362077918
0.05569336575964167,-0.11864916925152816,0.19800991930345344,0.3688004684252191,0.24493003356119208,0.04654269511568844,0.004621720728652208,0.17369747767572977,0.26083593908489555,0.48260132803131095,0.2572470673662596,0.056871377472242746,0.2741144986626268,0.11507610810106761,0.47550414740235497,0.5762409765963161,-0.03339462545459695,-0.40048157754140085,-0.022723019860976884,-0.08995340627144513,-0.324410102503112,-0.43013767545876164,0.4003417307358437,0.570821340869813,0.19428031648717123,0.3561581968415441,0.26289190839677357,0.27083951646560944,-0.14647818296780427,-0.5078914567359529,0.06992007874788878,0.41541821103431953,-0.055771821029360104,0.18000767643130297,0.5269240635706127,0.547488488464389,-0.20052518287623594,0.20029063232271058,0.6650213805102825,0.3796551322635418,0.18817720060058954,-0.6392523646376471,0.08702479693162551,0.1477375301543833,-0.191390440664637,-0.2058488016432739,0.28149436980811887,0.055691212478350086,-0.174846524377799,-0.24662777908410133,-0.25963140435192483,-0.2607519507116012,-0.2952926196456534,-0.4047792199279278,0.3566874220848649,-0.35240965909331196,-0.21693444910050297,-0.33821475587715527,-0.13278919201813502,-0.10319670651536325,0.23587054711094643,0.7201370977112179,-0.4651549121460271,-0.12356751568047156,0.2930348634157921,0.48810698683705145,0.04518287995477166,0.0679638399973031,-0.12462457663533401,-0.14695991230994765,-0.29475257191853305,-0.36446848463607706,-0.4624660773227554,-0.20549230588165573,-0.8986547809322778,0.18302798027432454,0.06319162700270176,-0.22733963731726725,0.07205883143833805,-0.6431350798105856,-0.26488277820641676,0.5101695600891489,1.0064846220052266,0.041125889252879154,0.6352129402945429,0.9671190971978305,0.6540299632156961,0.851914199988963,0.23865911276564952,0.3952066063678783,-0.3752664636926569,-0.10863303130958543,0.15772511202247477,0.12042958565282175,0.3510009357931579,-0.3675212992338799,0.7670841744636866,-0.20096429852661288,-0.28894311364243463,-0.2712607536225218,-0.8718275797056043,-0.06093450876669567,-0.713410772634258,-0.47148698658219357,-0.2475357378730463,0.5855997454871011,-0.09756664396832797,-0.080036599211672,0.59740841850261,-0.3240516902594539,0.07289221381998236,-0.2718109952034233,0.07537656124144704,0.5662954295831786,1.1181326242005465,-0.14464474572004613
0.5292914150578263,0.2635958032167773,0.13792525822973203,0.06416874261853031,0.07049082304611413,-0.4923757712988633,0.22723612826598233,0.1172182680809492,-0.11080569327393237,-0.36923996610822946,0.5392198833672087,0.5661025615266247,0.47543238786695585,0.6117830621096544,0.25863091425027596,0.21773648840004398,0.5300204317917248,0.37322829670429586,0.4617239212171054,0.40319893575637483,-0.22567740785499002,-0.46473821859224135,0.1759034964588253,0.08724082167817976,-0.16336172731636142,-0.2879684609169268,0.07745329204049164,-0.2082261397875298,0.5750832115511888,0.47455869074807244,-0.0921234996696358,-0.01188576714065884,0.6300264213808471,0.6397307721608317,0.29097934960605315,0.21839124015396305,0.17574712065855108,0.5080242207838334,0.6142402320460365,0.72380390693063,0.41126065580869237,-0.34591434900922685,0.9497568030491087,0.8252439121354508,0.7591295963319659,0.637861719571944,0.9386405425921899,0.672000548826128,0.6237599851260955,0.4859070482906025,0.42907659982565877,0.3259529008882493,0.3716569812306052,0.21238740733250247,0.791286820432955,0.4375258089684611,0.24228014931288128,0.13042493767983424,0.5925360427078514,0.5267921500849068,0.5951222971070125,0.5061644633646339,0.34969660189905655,0.5184241339927652,0.09600763662558068,0.10947006297667118,0.4389286132739329,0.66290208421774,0.1004917172338302,0.17901218060823423,-0.2667052789038674,-0.3280142483086691,-0.1572747732485851,0.3320106777619417,-0.1837235877322167,0.3821653896682658,0.26006273717418554,-0.08405865979130601,0.4693018037933335,0.3480758390948666,0.4793634643235774,0.6268686268321655,0.8838401283920264,0.42525222151733016,0.5043762189550254,0.5394372667758578,0.32505154130663294,0.8001443824033447,0.16417633174106122,0.05311842478521921,-0.25438693422522723,-0.04621137948352184,-0.20933016665189247,-0.22419424707834748,-0.0008581879528518291,0.13348295836523927,0.6310415509472993,0.5372437287030584,0.3573246910839017,0.3392869113480463,-0.3055867537163626,-0.3165633183126578,-0.615043205049016,-0.07454773937604249,0.3941193432252557,0.351463143038901,0.028531034753808537,0.20103062928052962,0.22311425930206694,-0.23275622521495987,0.47795402864693587,0.4024402126467516,0.2908681999205565,0.44084558605245755,0.9717783992000202,0.5868737153654541
0.8771208908851617,0.592394026679067,0.06797833813784165,-0.2662476295087213,-0.1407054494504907,-0.9827141186276743,0.4711580831999083,0.07262294107952051,-0.4994040803970307,-1.263237236279418,0.6498975533563365,0.9441583880862847,0.5478116634343304,0.9687366292875138,-0.06697258342384665,-0.33874845392255315,1.0186140114264088,1.1773352802566903,0.8437801537295735,0.8553333424510925,-0.06214481787295696,-0.4191314242135401,-0.11385338254683136,-0.49563515805035924,-0.5149307438555285,-0.9350230784587665,-0.18894080608012268,-0.7100235467912331,1.2557270334641872,1.5025646609711052,-0.217511861823026,-0.46338468985941794,1.2803949737518536,1.0160627855903037,-0.03498093218911296,-0.19214940153795232,0.6421762891482871,0.7880334930677073,0.4232563470076463,0.9413590469704849,0.5674536041905197,0.10881679154252587,1.676641342514533,1.352988161486981,1.6594178818152334,1.4305255146924314,1.4103936216820494,1.1731468132933223,1.3732894375451774,1.1918451484911312,1.1197303832415102,0.9266153694033604,1.050067598600073,0.9090010498113591,1.0937203047308475,1.261355736500472,0.6782048738092581,0.6356703127483349,1.2821535629709166,1.1136437425869128,0.8193859824203457,0.1125215039989772,1.204992493782514,1.105829951745337,-0.13941480235586276,-0.3333343952233292,0.8337882263100805,1.2160564333477077,0.31791768929457587,0.5033261238289506,-0.1713355521160737,-0.20554312828096238,0.2582717006689463,0.8451993005978303,0.7724570657147347,0.46095676036261923,0.41439848750355274,0.12916816883202412,0.8204815825033942,1.4414909438715637,1.1835130125555202,0.49132984469774255,0.4858554541581459,0.6930750548423624,0.201874976617838,-0.16289382700937435,-0.12118268906863625,0.42760612956740673,0.07073113905455405,-0.3722856981486707,-0.05874762234050922,0.0415820623274563,-0.6344487660059575,-0.5237594269966346,-0.4989508006554477,0.8031993641117011,0.20447910372452696,1.2375893274971106,0.9771744061955603,0.9249532176108396,0.4838770260063032,-0.4608903275576236,-0.28690310471701047,0.4639526969587035,1.0445931052327027,-0.03419652292432197,0.1416098097406316,0.46372717313183026,-0.2732239552635672,-0.030218499974858943,0.7469488680259261,1.048750002647423,0.39694921751672485,0.1431668912352435,0.46327418183792773,1.2842093326719628
1.043119669282219,0.8131973243958167,-0.021378648526658,-0.562037561085282,-0.3511807210713106,-1.3348237848110842,0.6532778428688526,0.0386909781853833,-0.8297575785568886,-1.9989493889479208,0.5969589070641761,1.1486538015528316,0.4851249584787597,1.1453659205353155,-0.4229796203533827,-0.9272660764029496,1.3403903842002112,1.8241555187403968,1.063175598987625,1.1774226621753958,0.10287100522993783,-0.325996413034103,-0.4119425186721207,-1.043661391734315,-0.8045034022165315,-1.4632985278528763,-0.4773418952251441,-1.138362284763442,1.7532175759298536,2.3469535324957898,-0.3084221920989034,-0.8572483000818251,1.7497653601126477,1.2355781753573696,-0.38390824320087574,-0.5942721335091035,1.0572133347285597,0.9562428556794073,0.14418458603911158,0.9903090709086432,0.6387260117438526,0.5909500089398284,2.139295058753644,1.652566617935109,2.3256935929619966,2.0164555023607225,1.632880417781941,1.4785400019821915,1.923125707765269,1.72787428236665,1.6627536573150763,1.4129543767266683,1.5900345447066715,1.5172752856030907,1.2210543550452115,1.9262340060502539,1.0020703096227195,1.0592672373086927,1.7933528482918397,1.5453813750623815,0.8799700638184927,-0.3416017121747881,1.9043810521961357,1.5219537506830192,-0.37485692856189123,-0.7436650669493681,1.1257659790322443,1.6082138413945137,0.4854260047131397,0.7607143709807687,-0.04960415471273357,-0.04566773503727779,0.6631729456947205,1.223482060433471,1.6983742744162114,0.41869056989594344,0.49299063034317164,0.34624090777307154,1.0529969106131416,2.3681562396623734,1.707067718231914,0.19819259584469404,-0.053693884223150856,0.8215344606679679,-0.18385854159659923,-0.9325523905306546,-0.5772892140435744,-0.11805769887637359,-0.030604191484961046,-0.7820479358212543,0.1605562808530198,0.13318526768725197,-1.0022650825817125,-0.7386084014618503,-0.9913262077998685,1.4550686658288736,-0.3523932329294666,1.7551860090875775,1.4478909036699978,1.3675168056692713,1.292428431492771,-0.5087247067821417,0.1440369826386884,0.9900925456997711,1.5678446878993701,-0.46237284373375215,0.23591083063004073,0.656798987288525,-0.7632453386857728,0.21789459005893635,0.8461297673049162,1.5373506767911918,0.3976677310721837,-0.23164442460637952,-0.2271119241441362,1.803494118946583
1.026947297178719,0.8995255035250147,-0.1261132151371733,-0.7648738012358632,-0.513565445484049,-1.4781379708433298,0.7079692714668124,0.007736991331704425,-1.0291820905929598,-2.396538690314755,0.4429544218845531,1.1766280099463133,0.32734017647037217,1.1429142912116543,-0.710688551843677,-1.3528515502489276,1.4417968678691084,2.1539823404410394,1.1034754827328728,1.307096574041485,0.21289330509478502,-0.2188566664742216,-0.6497701020377137,-1.4176556496770056,-0.9802215393268384,-1.7653413875840764,-0.7049876980886588,-1.3978829507264379,1.9602613814589624,2.8009773452711357,-0.36823993886872436,-1.1138215510212144,1.928172405631962,1.2592746731492002,-0.6721278221948486,-0.8908561263947065,1.2814954260128593,0.9553062580929215,-0.14420465890244305,0.8769576055508447,0.6298369165473858,0.9507462008683528,2.262311239558578,1.6946435646523879,2.61344576593327,2.2753404789226046,1.5990813222285056,1.5495663970553128,2.1586882018022133,1.9801039510865441,1.931339561726352,1.6705783798903924,1.8631547793206065,1.872378418171389,1.1674417392555658,2.2645849474961612,1.1511100231062268,1.2972548508828678,2.0154558956349358,1.7355788996656736,0.7969347644141764,-0.7143713772940987,2.2796050942186192,1.6877884316979082,-0.5617196019492127,-1.0252989594730584,1.2287382607504749,1.7465736192547903,0.5710890135910475,0.895891920490423,0.05598871946453277,0.09575868719141657,0.9321950518681454,1.386216557538733,2.307391323247204,0.29656064989842307,0.48329301431528177,0.4933425028076915,1.1155361500634369,2.8795480132631215,1.9444045600068403,-0.10754485206535343,-0.5534504868284733,0.8195116481593693,-0.5326935238234793,-1.524455537121575,-0.9245984279161905,-0.626072833849417,-0.12692747975440355,-1.066520177085903,0.342542693317907,0.2020968495989502,-1.199635767536558,-0.8426764630827068,-1.3084431557776317,1.8805946222604533,-0.8270968644273569,1.9812622973538552,1.6754528321203164,1.5783414008228849,1.8854528413728924,-0.49366024312186574,0.5201133603928283,1.3386040044366891,1.8424673813300823,-0.7995017703867375,0.30290538478702433,0.7410342067586905,-1.1092866727934831,0.42731403761366743,0.7947851785607408,1.770163455900785,0.3315787962129937,-0.5559124008771142,-0.8486867836267201,2.028593088107311
0.8682423462439793,0.8532210375027236,-0.23305589022506187,-0.8330194572943944,-0.5864803709782384,-1.3752215242025438,0.6009366422047233,-0.02883483828086482,-1.046894737834769,-2.340486253793735,0.2718987672046315,1.0547732601288873,0.1362118740665357,0.9929842281291605,-0.8439232767541638,-1.4539488455647085,1.3124684288214383,2.072051143012059,0.9845736002058705,1.219046200657654,0.23204168644373524,-0.12344089195446482,-0.7688046335528538,-1.5127779667381365,-1.0074759286034445,-1.7733230691384123,-0.7954831544730259,-1.4199490611371224,1.8244404620225443,2.7315353959636104,-0.40002530117627155,-1.176346304158457,1.762550709069581,1.0845826442511624,-0.826823996953702,-1.0063643634973107,1.2163428540894081,0.7638785376768042,-0.36469830069683545,0.6406259530235224,0.5611272469549934,1.0684737848574097,2.030483018188225,1.4941687232985819,2.4476153465271326,2.1465525308687003,1.346050281832802,1.3892939870770642,2.0240891816531086,1.8884260089546474,1.8514470211719305,1.628226095861783,1.7932189790441948,1.858342644065404,0.9568383961050105,2.1741116110973673,1.0987351454065546,1.285429498914083,1.8925251736836932,1.6410924159803684,0.6200415337174765,-0.8856442826192458,2.229401594082113,1.5740278033216748,-0.657179731581349,-1.1080298993776099,1.0942309093458242,1.5840836291119047,0.5591047656073946,0.8763621785073157,0.11330763288902501,0.17291292438979283,0.9719403844073292,1.2964193062855396,2.381482317959354,0.15472874591958422,0.3910128655330014,0.5119970698358849,0.9871332027154273,2.812207012452029,1.8446226115096276,-0.28398251752541837,-0.84744382388638,0.7166895315154163,-0.734170160010958,-1.733106599527334,-1.0684010496845435,-0.8990991805780926,-0.20670902228317733,-1.1387871969430712,0.43558392289276726,0.2258672724892234,-1.146196406051905,-0.826459251025125,-1.315383653086144,1.9140990649281553,-1.0283326683289842,1.8633893258494567,1.6127068927168968,1.5148153371452142,2.0722416721857253,-0.4532513294214398,0.7053860798253965,1.3825569134123883,1.7923938947341176,-0.9312336364446486,0.3348257922711068,0.6971452742543436,-1.2052055321570405,0.5240989508557724,0.644116263677621,1.698855640954383,0.25096047501460517,-0.7133355499972616,-1.1694926716769294,1.8958761920600637
0.6207021813148769,0.6971033126579,-0.3281282443396004,-0.7526965239655554,-0.5498286786316524,-1.0310406427240693,0.33417751890508485,-0.07508429613641102,-0.8694487787773847,-1.809626466505977,0.1509186151076471,0.8243074643842414,-0.03450395323807271,0.7406306776334818,-0.7790887039239592,-1.156709223958686,0.9798319095589904,1.5696677353517006,0.7465050182829156,0.9271429439892317,0.15091325916925957,-0.05429815635280908,-0.7403150832131261,-1.2899971134293966,-0.8796265400407234,-1.4769964318292357,-0.7089414603841363,-1.1845608000603358,1.3566693464705437,2.114691151313218,-0.40696971223912465,-1.027768421688663,1.2652200770599638,0.7397634781945933,-0.8110729712343538,-0.910043563696241,0.8320502861325162,0.3969297697836432,-0.4683268374719969,0.33098770000447675,0.4575295934276175,0.8908383022443513,1.484198997572075,1.0973780781393012,1.838268816680907,1.6410922818516347,0.9338638681018477,1.0338972191762497,1.532128951724568,1.458827243069947,1.4197787269253472,1.2771459605837576,1.3746426218534022,1.4427851180171525,0.6305134197861113,1.6425927778081602,0.8557452354693003,1.0143155709378284,1.434092800714298,1.270992914299405,0.40271149909160237,-0.7947640503050917,1.742055578754248,1.2014839137752162,-0.6399004668347094,-0.9672166356819186,0.7225943387641282,1.1297879585209059,0.45193041736550327,0.700366478610038,0.10783985022536308,0.1628369977345476,0.7477982278645734,0.9643113841288657,1.837458751887184,0.04392423517751062,0.2335794499427403,0.3779141330903409,0.6800452151201786,2.131441016145549,1.419119384855885,-0.2438134360695853,-0.8419133888098551,0.5487291315106259,-0.7258892059413857,-1.4597565160668813,-0.9670366311385304,-0.8243638936826001,-0.2627802800226685,-0.9634996824421506,0.4138700398532486,0.19416488964561424,-0.8181169762800969,-0.6979446757203355,-0.9563943072708067,1.4883000585309032,-0.8530844064313261,1.4132727710558415,1.2669840562181054,1.186107278335681,1.7693264514688407,-0.41596139529651416,0.6293675402665099,1.0728907749990233,1.4080503891728093,-0.8010826967067735,0.32911097402646067,0.5292463055048824,-1.008583004393515,0.46995187170291197,0.4486827561548274,1.331953697801313,0.19807036293970937,-0.6398946761384758,-1.0590040845643343,1.408842568090222
0.32921435202410765,0.46497716530100425,-0.40358974667434383,-0.5427572736423585,-0.41346516318557963,-0.4946554237309336,-0.056882577258895846,-0.12757540259916408,-0.5270469443554376,-0.8856229260598357,0.10342415083843351,0.5272363499955918,-0.16091125895568986,0.429487617427308,-0.5315145157149942,-0.5026065539005906,0.49821597800511114,0.7258746646508013,0.43324824496838116,0.4795565015479461,-0.01462558370184701,-0.015462372744440199,-0.5759589962638778,-0.7897231836684713,-0.6222330810658,-0.9288774517654211,-0.45986119428233796,-0.7303976570409357,0.627916481915176,1.045796892082355,-0.39352123102261266,-0.6979118318456239,0.5096032154608536,0.27456022986184186,-0.6373319081573484,-0.6261029955585213,0.1781330676898169,-0.10039628494386553,-0.45007786550561096,-0.011077752362276988,0.3388808653929449,0.4470399265359184,0.7071984328867591,0.5670991999910223,0.8789602022197999,0.8393433666070482,0.4258928847766456,0.5408084736118817,0.760764260751299,0.7618280919510337,0.7057559961928369,0.6753672309454312,0.6746278759130805,0.6898298748465044,0.23478452546040532,0.7520722402414852,0.4646790760775807,0.5309084702985781,0.7126082451420448,0.6850679083573205,0.1809499168013867,-0.4598625770942339,0.8976527984695607,0.6328195346384036,-0.5191177106763861,-0.6316109827751405,0.1635114208649438,0.4480795550938079,0.2689248499911464,0.39808704796256666,0.04446853059914589,0.07073556225074311,0.29435453410557155,0.4423121436142262,0.7556012771251418,-0.01569530126520216,0.03331131223519758,0.10965812397202497,0.23653766272094745,0.9429740158106408,0.7370257883525122,0.014754905982249805,-0.5465423924318739,0.3448531123457156,-0.5152558781800634,-0.7469292417009453,-0.6456499742589377,-0.4139055100175814,-0.2942513178690449,-0.5711059539254678,0.2857494292886292,0.11291781286479108,-0.2577199511202575,-0.4812601317175727,-0.2767191355133282,0.6616383263846105,-0.3237218499507312,0.7024673212360113,0.6970168609248906,0.6489188447500737,1.0314644206064585,-0.3936908939976518,0.30868468411964894,0.455581404414437,0.7518851137601177,-0.43060078954039094,0.29129852381987725,0.26365036093121325,-0.5544124093523096,0.2753699351838544,0.24392566136624524,0.7312492459106978,0.18847657665385145,-0.3469801441018463,-0.5347361749694136,0.6392092446154013
0.019709808038373883,0.19376393900561498,-0.4607397656582673,-0.2509901225848601,-0.2157751821621723,0.1482832277571556,-0.5118033000028864,-0.17597888847550505,-0.08822330458071019,0.2628621196159801,0.10417145927069422,0.19893030864544306,-0.2541901214870784,0.09417584173515323,-0.17219699633171442,0.36032840635381047,-0.06250846026691817,-0.3094348780825959,0.08334108500741072,-0.05086133910607255,-0.229388092467823,-0.0028723455232005997,-0.32537342021929233,-0.12317454899693805,-0.2888483454326196,-0.23460255092071008,-0.1154056671029384,-0.14862385470713152,-0.2442889062026112,-0.2789829878007268,-0.36588675541089666,-0.2581548491685698,-0.38446960321431617,-0.24921412070433308,-0.36460925796800203,-0.2279188584276139,-0.6272600144420092,-0.6622161410066798,-0.348526503217952,-0.36151854203366357,0.21560603031525455,-0.1595038666241196,-0.18880841625171582,-0.028435487193942035,-0.2712257931700897,-0.12427046874347605,-0.12247557827457337,-0.021942926499147215,-0.1621371748128191,-0.08168196865826911,-0.16254496736497534,-0.06409105762095699,-0.1808015565992838,-0.2528851138504878,-0.18683435724836517,-0.3380214555841079,-0.00960050750642577,-0.0721191030747033,-0.15088826112909037,-0.017432891855220005,-0.0343001136555064,0.027413339750896562,-0.14920418784000497,-0.04041230174091026,-0.33337066535598564,-0.1770925696295138,-0.4938939484231891,-0.3530156524178049,0.042291129374819776,0.025774704036581435,-0.055553705715484854,-0.07298316180042334,-0.2932147283220977,-0.18587369450224414,-0.6381577126963527,-0.039624313660694466,-0.18702373893498955,-0.23554810269934093,-0.2790266577880127,-0.5297448761296433,-0.08888691296972935,0.408671540377825,-0.06995995686804317,0.12259834779941667,-0.17701271976954822,0.23144596147837812,-0.19016150477290314,0.19985609668056084,-0.306573908239281,-0.05207628488329439,0.0913212493398721,0.003075428727652665,0.4345850383282208,-0.21298846512753877,0.5861854877781217,-0.39273949471747666,0.4177850713399503,-0.15177062651904596,0.0010059802715472643,-0.00435527740677541,0.03972610430368856,-0.38143165317814465,-0.15933829282011516,-0.3387367196478644,-0.05355904431293472,0.08573855677132398,0.23474462981170405,-0.05628744123280947,0.05349299671729869,-0.0034885809173564796,0.038705889656329935,-0.0005952206272555741,0.2078012957363181,0.08148670295261627,0.24326593112581418,-0.28610099330178645
