Precentral_L,Precentral_R,Frontal_Sup_L,Frontal_Sup_R,Frontal_Sup_Orb_L,Frontal_Sup_Orb_R,Frontal_Mid_L,Frontal_Mid_R,Frontal_Mid_Orb_L,Frontal_Mid_Orb_R,Frontal_Inf_Oper_L,Frontal_Inf_Oper_R,Frontal_Inf_Tri_L,Frontal_Inf_Tri_R,Frontal_Inf_Orb_L,Frontal_Inf_Orb_R,Rolandic_Oper_L,Rolandic_Oper_R,Supp_Motor_Area_L,Supp_Motor_Area_R,Olfactory_L,Olfactory_R,Frontal_Sup_Medial_L,Frontal_Sup_Medial_R,Frontal_Med_Orb_L,Frontal_Med_Orb_R,Rectus_L,Rectus_R,Insula_L,Insula_R,Cingulum_Ant_L,Cingulum_Ant_R,Cingulum_Mid_L,Cingulum_Mid_R,Cingulum_Post_L,Cingulum_Post_R,Hippocampus_L,Hippocampus_R,ParaHippocampal_L,ParaHippocampal_R,Amygdala_L,Amygdala_R,Calcarine_L,Calcarine_R,Cuneus_L,Cuneus_R,Lingual_L,Lingual_R,Occipital_Sup_L,Occipital_Sup_R,Occipital_Mid_L,Occipital_Mid_R,Occipital_Inf_L,Occipital_Inf_R,Fusiform_L,Fusiform_R,Postcentral_L,Postcentral_R,Parietal_Sup_L,Parietal_Sup_R,Parietal_Inf_L,Parietal_Inf_R,SupraMarginal_L,SupraMarginal_R,Angular_L,Angular_R,Precuneus_L,Precuneus_R,Paracentral_Lobule_L,Paracentral_Lobule_R,Caudate_L,Caudate_R,Putamen_L,Putamen_R,Pallidum_L,Pallidum_R,Thalamus_L,Thalamus_R,Heschl_L,Heschl_R,Temporal_Sup_L,Temporal_Sup_R,Temporal_Pole_Sup_L,Temporal_Pole_Sup_R,Temporal_Mid_L,Temporal_Mid_R,Temporal_Pole_Mid_L,Temporal_Pole_Mid_R,Temporal_Inf_L,Temporal_Inf_R,Cerebelum_Crus1_L,Cerebelum_Crus1_R,Cerebelum_Crus2_L,Cerebelum_Crus2_R,Cerebelum_3_L,Cerebelum_3_R,Cerebelum_4_5_L,Cerebelum_4_5_R,Cerebelum_6_L,Cerebelum_6_R,Cerebelum_7b_L,Cerebelum_7b_R,Cerebelum_8_L,Cerebelum_8_R,Cerebelum_9_L,Cerebelum_9_R,Cerebelum_10_L,Cerebelum_10_R,Vermis_1_2,Vermis_3,Vermis_4_5,Vermis_6,Vermis_7,Vermis_8,Vermis_9,Vermis_10
0.8235371392506083,0.865320620253377,0.09850991499615429,0.09698456709742816,0.1445343414962893,0.3517684470240258,0.14476701957155136,0.24560895362104895,0.17851098518692735,0.08818433216741327,0.4313572088107132,0.7484926849527772,0.35406606259237494,0.4528721297719694,0.5132107143994233,0.731277468116791,0.9065136474243091,0.5265965274463741,0.947111022807773,1.0568075361784066,0.26879534755316603,0.3359907971952825,0.21978305218184685,0.2345222777264564,-0.13966743338579368,-0.02006329885263139,0.05699269974565916,0.3571859578782603,0.6308962185694733,0.7435933473163868,0.16821439440394742,0.13517559925744912,0.5078722254740821,0.4653555066806773,0.03614020975426003,0.08448415687230806,0.3773094670958358,0.5435606573900599,0.16841390251521346,0.5370127233385797,0.8463598918018445,0.7337510572416821,0.15164502746083808,0.20768713432069685,0.04586774013388257,0.2253203472718987,0.33122207369864193,0.43558007134051546,0.3123689167814206,0.3551510604025117,0.2159579559620122,0.3317722333074352,0.48241923752013616,0.6318207163760764,0.41885392541122946,0.5741456634371671,0.5808076428711472,0.6060175815178969,0.42325943002885136,0.23383023876919418,0.5142058536488765,0.28905370784244705,0.7691962783890771,0.8398179837413469,0.0372984563538953,-0.06244751586897576,0.14094690397439102,0.14915641226736118,0.5796468640078964,0.5318769457071024,0.35924630821018344,0.44833231787123584,0.5246357188258599,0.8190963309454732,0.3512541226612844,0.4212046410958808,0.34945243923917474,0.660811063921307,0.3389136766280588,0.20602896545512897,0.6127242399605028,0.3808050340860997,0.9398109293085666,0.8176186602765256,0.41083847031203535,0.3717898440528221,0.4112505931040702,0.5165338449821194,0.6330847623533783,0.7299407902759453,0.34815203146786655,0.3091626073169664,0.42540851724972045,0.19023161902543664,0.31805906516043825,0.535720532877141,0.19169823725559318,0.14191019442073535,0.4513532357305281,0.4528813155297588,0.6668895679397546,0.3244688203663247,0.19554136789135057,0.428083570915399,-0.2342485900694125,-0.3488425533491835,0.1261844650754805,0.0632726894856968,0.07999374362007629,0.09863374660594168,-0.12458483257603667,0.08588908061040988,0.2417297848546923,-0.0029431730397938144,-0.33454919243464887,-0.16313304934416034
0.7101754190804819,0.7992555059397457,0.10864442657036469,0.19069062169649045,0.46720318531352056,0.7433367308277071,0.25041210459654145,0.49718009781214617,0.4053204742422198,0.3430521169201775,0.47740896514765396,0.671359136243872,0.6684826776460955,0.7235004324530545,0.4755536419190457,0.9050024942686691,0.9765173023342906,0.8316121693819742,0.8328117851825173,1.2254805154512836,0.2086328000372377,0.45999332631367934,0.2988647360710413,0.3967656413164703,0.13393089047751963,0.3118338562911175,0.08144242073993747,0.5923355636954739,0.6135936874172485,1.0282293418143014,0.47561825243362216,0.4845135017194992,0.7370040516148593,0.7350885915770321,0.12128671027706742,0.06425291002543024,0.0828965995282844,0.32073814079404883,0.20561583764958244,0.02793123157557747,0.47932934409948785,0.8364730367940515,0.1520720281625674,0.2559043344336285,-0.20270426509050624,0.17621929749509221,0.3837621562739766,0.5366051127169046,0.22530279332549763,0.35822100569777254,0.3445254864925309,0.36926797593368316,0.6784407613336593,0.705296076549713,0.5693154099925865,0.5897499347315353,0.5071781736678316,0.588525808319066,0.9207440759386083,0.684613011206305,0.7289614608493641,0.3952118222921371,0.4596042024284759,0.5600122524423313,0.017128827461905603,-0.07316806614754226,0.21525165577523267,0.3248142127138659,0.4931188272626673,0.5986874909282092,0.4821586867430142,1.0242642534448116,0.7482023740609847,1.2686803355984382,0.6616013703684288,0.732639918541045,0.5165472005120165,1.0397827814324012,0.770882919190173,0.43813661560084116,0.7635304523958104,0.5319116070219971,0.5300034694087143,0.8023956176417414,0.13973246499953376,0.214032104892484,0.09421788506871713,0.3282406027368816,0.6256504575824657,0.4939066093399442,0.6505664289232606,0.42492269841743374,0.6806809240668757,0.43062976188009267,0.7246939982478616,1.0383836397019994,1.003376021732322,0.8491244918179651,0.7500917059794681,0.7489521331137986,0.6269764437033895,0.30630440041775253,0.6027375005892014,0.2068964316645264,0.3606764088383214,0.17136039733079636,0.3281584547295831,0.3738848348126409,0.4500836449378179,0.6631147408918092,0.45208820572148356,0.3275611835848965,0.41195249367730613,0.3230034481282068,-0.20072140697296392,0.007563924009454228
0.5582626031169274,0.6844469364813484,0.1164738327548098,0.257037657482436,0.7037425458368036,1.018140966568125,0.3136355483244276,0.6667355710128156,0.5554574707005842,0.5300070853240478,0.5025122582176219,0.577033722388782,0.9036130849023296,0.9184314172495412,0.42876505719493446,1.0226321755565322,0.9967968245884229,1.0465591532877367,0.6697176032541412,1.2832819848243775,0.15879490350189449,0.5620116698441607,0.36049723245584464,0.5293722396768202,0.3719661957653772,0.5914414674548905,0.13519426303518275,0.8010965443628524,0.5318900752136525,1.187847750895691,0.6934443658213435,0.7431422888917387,0.8854211974515556,0.914694381501566,0.19879698609880217,0.05561784671543849,-0.15643853472915667,0.11331338396235596,0.2419816194788663,-0.4016537865095409,0.1269038078127835,0.9037042084300777,0.12980363082818314,0.271667097017719,-0.42568474431771197,0.11578688190552554,0.40225294184585403,0.5845539227529799,0.10895308715401497,0.3331354325115937,0.41780101819543536,0.38970546328769573,0.7910485400218179,0.7299999278258067,0.6639371271108694,0.5725858661151285,0.41064524300884375,0.5376406270785902,1.2702350500777568,1.0117896928818357,0.8711367192231866,0.46535871213042146,0.16742443049593494,0.2853579579029541,0.016017152570123858,-0.06636869745950232,0.25958250625302276,0.4496329220474972,0.38234399560832644,0.6064456228136393,0.5681058914965045,1.46588934123299,0.889323735810963,1.5722407167331935,0.9102230739773993,0.9352919181038079,0.6190946521759427,1.2891387590625947,1.1050625584540243,0.6129360648376724,0.8461565770315805,0.6520905617751708,0.17694296387688904,0.7772786685318266,-0.06956796787791941,0.08624699535025847,-0.170172323101881,0.15551882962711433,0.6093660425116775,0.29866321910163196,0.886404898159995,0.5068712297688013,0.8685358984743398,0.6111343504104727,1.0279867350259555,1.403332554382538,1.623465824852514,1.3779428463775016,0.9661734404296571,0.9426193168657386,0.5824264688047605,0.2725139708949405,0.9657237567155968,0.008075973395379004,0.8486116355762457,0.5861481461735367,0.4888980329760766,0.6389463801742126,0.7249301435182285,1.0983097262264463,0.9203015372654622,0.5105907149068039,0.5260334319447761,0.5938160235303458,-0.06110560081685583,0.13876853149235063
0.350500868951929,0.48949493122154347,0.1170835913724916,0.27180193689077736,0.7905985951149535,1.0881920320980385,0.3029942912267968,0.6921599488595868,0.5747319129153491,0.5956447768927493,0.49565525374541264,0.4579135450233345,1.003471322294574,0.9812106261155288,0.37092454339699693,1.0409364538795807,0.9260608603602908,1.0989727554004083,0.4280137604611057,1.1521848666209924,0.11960481536421666,0.6199102390333221,0.3879024512526519,0.6031249497369449,0.538532623527377,0.7699395610885836,0.23028116502578588,0.9556979978137393,0.3487008287405168,1.1346439088607252,0.7535494712684724,0.8397974504522321,0.8922331203648446,0.9360094552260192,0.25676717273823435,0.06147099297812613,-0.3002264234799417,-0.06545624975545078,0.2694068841208049,-0.6886055301867604,-0.19048714249499615,0.9062645016863535,0.06813033634190196,0.23055541484392703,-0.5999647531839982,0.03622438144628799,0.3603498799107571,0.5394775586786218,-0.051520506704189915,0.2615354348421258,0.39751308335840296,0.37931944163772335,0.7603936208359633,0.670470968761051,0.6599183966904824,0.49896799302541817,0.2747162921438982,0.4295473953298492,1.3651790361826999,1.1229155766297705,0.8930712983699218,0.4712527292482048,-0.08392170503208479,0.02765655925490364,0.04348266371192129,-0.035263009584468034,0.2500799325910958,0.4828876798830062,0.23233567023365465,0.5144062098737341,0.5838145929055555,1.665470503826688,0.8885436224905771,1.6205284977308183,1.0447353092903968,0.9465146113790778,0.6059313337061815,1.311428463203229,1.2605858599124127,0.6806191900734592,0.8017889687090143,0.7080555931822319,-0.07513869937098278,0.7295214334514771,-0.17443469526742977,0.007738596604990893,-0.3416362805119433,0.01186164574718074,0.5791383779721454,0.17388444986349372,1.0001572774121503,0.5271955292297632,0.9359431927637936,0.6832848173766995,1.149122568232718,1.5243968171638183,1.9012353999506098,1.5907367478127992,1.0345750580933848,0.959855589934871,0.5305217400640884,0.21172069802316898,1.2378325027735988,-0.14473460663691057,1.1418199199695827,0.8135345923176146,0.5767751137959563,0.8146387832948911,0.8318990648406113,1.3034571694050567,1.1868114038973332,0.5882399836219714,0.5412291989342032,0.758768510821387,0.0774520487143589,0.20535386689455232
0.09327059299450693,0.2074039806591102,0.10295641458877546,0.21947067876247142,0.7017447236266183,0.9154061501642136,0.20525315261620342,0.546119266350379,0.44573256544925066,0.5181558196602709,0.4531889521606594,0.31335207758999944,0.9448392258485129,0.8838636596052729,0.30708466347159924,0.9376292179552635,0.7364629360562686,0.9491846693841567,0.10171175925438034,0.8004478086991585,0.08137066109640068,0.6129105361780774,0.3669056025096645,0.5937980157366746,0.6028243144311213,0.8106666027048162,0.35510220709086915,1.0305167763629928,0.06134897574687763,0.8372648003106736,0.6237429043464204,0.7377821645993411,0.7263145112171747,0.7652869242164133,0.27943090936025056,0.07239172497761452,-0.3354211599007286,-0.2085774363687317,0.27131102522353384,-0.8018547634278287,-0.44853260056234,0.8199434591045714,-0.03924382337352561,0.12196352413466752,-0.7094791254212924,-0.06688405044048067,0.2432692280067907,0.38138310120426333,-0.25204387760286134,0.136919847747818,0.26933817434701457,0.3274378211028572,0.5611858400008526,0.5098607963307226,0.5327093187480084,0.3560092045324971,0.09438559209717505,0.2540428303322445,1.161645786126225,0.9758480290961105,0.7797120605776062,0.39865722299470047,-0.27270470813293063,-0.20067189829987173,0.09652328820272373,0.014649959059127464,0.17348706337776826,0.40144196847783103,0.04177809106892109,0.3102991030008435,0.5054012288134043,1.560912239069653,0.7176121307909817,1.35983038083926,1.0257526603960598,0.7285022664152899,0.4517180251381447,1.062555057707667,1.1888084589451773,0.6094955584037823,0.5954441057631917,0.6673814080341476,-0.2077384507578957,0.6393317289308914,-0.16178540819837173,-0.020068640663404715,-0.40144068114488557,-0.09953197310238422,0.5294756611557531,0.12680798883331743,0.956485980578866,0.4688774524598708,0.8534140848281134,0.6202254257460805,1.0494409494688735,1.3472570404366326,1.7566408433332852,1.4185817021762988,0.9173583748998829,0.7681244299073096,0.46001157655155767,0.11776944992219696,1.3706942721706368,-0.23328192552234503,1.1898702702581048,0.8127142628720571,0.5736487727013472,0.8668540619582539,0.736490761462935,1.2266396362042087,1.1905330143691975,0.5354337684240466,0.43874974553770285,0.7817089738385844,0.19709455559757555,0.19694778364584745
-0.18367634635814134,-0.14023430563044656,0.06461096335792932,0.09675039229138957,0.4537996185369398,0.5210466725677232,0.02824677571325473,0.24254534446769707,0.19180256126961087,0.3125153834542274,0.37863010828930177,0.1503053340573609,0.7404976476445208,0.6329911318017767,0.247734756471754,0.7160042736657185,0.41973534150474917,0.5989348037663818,-0.28785349788019193,0.2519292614037637,0.027694127974371586,0.5258979391152899,0.28786951258446103,0.48645549644478736,0.5443449992366898,0.6955641015339925,0.47510290812964384,1.0051855484130712,-0.2953216918084502,0.32933678460606,0.31539875950845936,0.4431321454081784,0.39349710698691165,0.4112874358626182,0.24965425350826917,0.06868044748751885,-0.2793569469979298,-0.3155586287096051,0.22612876853380395,-0.7471094952452842,-0.6207472175970442,0.6300210321076004,-0.18462774157659262,-0.04709252137123297,-0.7458248023428143,-0.19186188678352345,0.05254142524429726,0.11601591625368139,-0.46824318898284895,-0.032865687939383284,0.046604946214896394,0.2280851143335113,0.20978832830336108,0.25386387902264224,0.28238992724311657,0.14491911961582532,-0.12156496946080485,0.017973106596623403,0.6867266015209202,0.5872100003027947,0.5500874497346089,0.2500689162659244,-0.3821848963989667,-0.3867537728465222,0.15859691304382936,0.06618907610225404,0.030062967141943616,0.20504798092542595,-0.17507495815618207,0.014581972298050102,0.32345120105419856,1.1476990293204918,0.38636717782720315,0.8042603757537897,0.8339818593148,0.29838641204114086,0.16321835133516108,0.5631431468820547,0.8832348810219133,0.39188897275587165,0.2254754813436736,0.5053460655984723,-0.23164359328551143,0.484395887090828,-0.05167714157396205,-0.013522196676691111,-0.35663091823041404,-0.18511059823472842,0.45476757779465693,0.1401731247284195,0.7463840656521116,0.32827029343157044,0.622070534239214,0.4220406716889812,0.7385719959637571,0.8818304925900238,1.1973758601099949,0.8770295141313765,0.6116335713593725,0.3836109478343435,0.35449502269304267,-0.007819998249258123,1.3208035297136895,-0.24781388367336588,0.9869606898488811,0.5919441843698834,0.47593539323011447,0.7774476026825703,0.450004882972876,0.8744446355169062,0.9148391221836222,0.35358368645171223,0.2283173555043382,0.6481357022183925,0.2704525889301296,0.11836896766169022
-0.43528219956245096,-0.5055482312032807,-0.007122626201114554,-0.0855722263452584,0.09964843087752352,-0.019303571499640577,-0.2013985958041747,-0.16675349587184474,-0.13071964770124553,0.02561800444876677,0.2805272180246855,-0.017410874085968205,0.4325122568644715,0.2685413719637127,0.20418392229063323,0.40414745618516285,-0.007607640896777384,0.09256017408397649,-0.6948335540610597,-0.4165959593122361,-0.05652176035194181,0.35512960456187903,0.14780954822753586,0.27989331683643404,0.3587265677088348,0.4301259561434141,0.5426421356381916,0.8685806126267881,-0.6565485616120735,-0.29842703162903217,-0.11860203448486646,0.0038185259833196502,-0.06337027019256997,-0.07522493753749278,0.15424391232279175,0.027951167620857458,-0.1731494890790783,-0.38993159631226104,0.11589017766279253,-0.5616312492726833,-0.6820828715231042,0.3374647609483179,-0.34549419946249094,-0.25183963631851747,-0.7067955052408043,-0.32828930540909884,-0.19137246948195072,-0.2241049235677981,-0.6603216322938333,-0.22611879471157495,-0.2326696558887224,0.08185519274623411,-0.23797495612612848,-0.07015954943104011,-0.06341526190149195,-0.11782486677521786,-0.35071561477424085,-0.25412406842923774,0.02866083524767158,0.02682607113171285,0.24849674093672217,0.04380817671418398,-0.40388431609303166,-0.5169354664720065,0.2030273046843296,0.0958761572598779,-0.16585985625925756,-0.08224346294324572,-0.39034355820148364,-0.32366793805954036,0.04716502121679717,0.4799203893900166,-0.058221403153084696,0.034002954192749124,0.4768669554652901,-0.27368114712509056,-0.22079059642248566,-0.1046199080710917,0.38254566947396995,0.04668671908848521,-0.2706401156391791,0.21549245356149382,-0.18178008516524752,0.2501634419753968,0.10865912236968854,0.0004244477491119369,-0.23793500650878222,-0.25553593630274746,0.3504402806602315,0.1780041449126277,0.3889494579119814,0.11504778275032565,0.2746782842874902,0.11553293398810884,0.2717751746634859,0.2013263192883386,0.318322302385761,0.06405050940486406,0.1518708742587416,-0.13297434782510864,0.20121690963213149,-0.1540598306069554,1.0611332048323536,-0.18952892118461176,0.5695482138303894,0.20471744040224377,0.292085198998635,0.5498620285349314,0.027049611022358335,0.30872256167518963,0.3941461390323697,0.06991907133568606,-0.05427404708900094,0.3701903821445677,0.2671120309310917,-0.01437210622602321
-0.6133017618802037,-0.8222486437296034,-0.11754875613213342,-0.30305807342919977,-0.2869130496560667,-0.5938355400894991,-0.44456808582742147,-0.6040440455285813,-0.4489689671722379,-0.2771464687408385,0.16964559185261882,-0.1705801599543376,0.07867035340157949,-0.14428838200585414,0.18296654129959233,0.04919364903670886,-0.5012874996540377,-0.4893334875260243,-1.05656544429867,-1.0891128763149802,-0.17603801163470761,0.11292616551915288,-0.04765642678153531,-0.010271982928799026,0.06197898794578568,0.04508721364537693,0.5124791765352906,0.6226436288545013,-0.9431416233390022,-0.9195609144466724,-0.5949558273637855,-0.4997996353182472,-0.5714191591554179,-0.6104260397568,-0.009637934577095766,-0.06456454449905395,-0.0674068484077708,-0.4345848375952608,-0.06342400797260526,-0.30096868345644645,-0.6132626439819241,-0.0348373101018276,-0.4874088766539425,-0.45377718241053044,-0.5940135395839071,-0.45589654163733806,-0.4500154669245817,-0.5841838211393612,-0.782598851470177,-0.41064006223975386,-0.5142181147997626,-0.10209129599081661,-0.697854359961668,-0.41837759738529157,-0.4515241327616862,-0.40184930565672256,-0.5590372859108858,-0.5221602131422167,-0.686845476931722,-0.5992706321641479,-0.07031973631379815,-0.1897908794339074,-0.33917155387904513,-0.5760136078716974,0.20013083693907455,0.08225704169304378,-0.38765031615599754,-0.41506059095024206,-0.5674419740949931,-0.6376482879509056,-0.2938827190244774,-0.3397450909194193,-0.5405461047708913,-0.819818166079328,-0.007341978437802881,-0.8781978250906624,-0.6357317174428798,-0.8139211517567031,-0.23434850593954154,-0.3817780606565578,-0.8163836984921833,-0.17978604425458083,-0.1044860079351929,-0.057702446122872265,0.2586723391359027,-0.00414497703078025,-0.09164459362830853,-0.3175748572222896,0.21482166160013247,0.19747200413342036,-0.07155971607580007,-0.15010358186606446,-0.13047847133905685,-0.2515290070339696,-0.26245348012126607,-0.5720006497569141,-0.7165237598567895,-0.8596650245393174,-0.394075923751358,-0.6903092253995842,0.0016883642919963474,-0.3003029531941674,0.5943134417286026,-0.07142655104643844,0.006253415298125294,-0.26465066118560526,0.03854073753764987,0.21197540091858436,-0.44616607709853606,-0.36801733597287883,-0.2878596469244909,-0.26809335613164426,-0.3558559725259928,-0.012427533816652922,0.16328370596645558,-0.18028592118183376
-0.6784193299609553,-1.0178273045406503,-0.2642500336314054,-0.5205862760123072,-0.6304378958271936,-1.0808821036059468,-0.6579930887868836,-0.9827793398561812,-0.6932408420156472,-0.5296979601984628,0.05648062430730056,-0.28665316471574714,-0.26312526955796534,-0.5283105876240005,0.18176319578452166,-0.29200921454133605,-0.9910365894617992,-1.0430893478870156,-1.3046146415206863,-1.6325130213892025,-0.31955226219327115,-0.17108218897736063,-0.28300693715619735,-0.35128474198385096,-0.3089661863860939,-0.4064029695887505,0.357438762919938,0.2846748474541625,-1.0804577156318496,-1.400821089517468,-1.017374450549735,-0.9711200699359381,-1.0406557437058575,-1.093142337672835,-0.2293577178389679,-0.2069769366854667,-0.004855859507437108,-0.44678946242571815,-0.2943222003151905,-0.02214595873195179,-0.40534073897078604,-0.4391186158080195,-0.5708989669535103,-0.6084143357658978,-0.41125232725005734,-0.5464374896739983,-0.6723746129498913,-0.8969225901930172,-0.7950519764112827,-0.5494811067818336,-0.7391878058447651,-0.30466250397401257,-1.0748561138160297,-0.7386237267955961,-0.8109704164188801,-0.6669706078074558,-0.7049470622130992,-0.7357155282568822,-1.3264117672959377,-1.1720786149558606,-0.3563275140121528,-0.41377457623178915,-0.1986358560308212,-0.5471060224595533,0.1262353927158985,0.014374216684587231,-0.6000938285290169,-0.7337787703636769,-0.6679904100915378,-0.8576878293446688,-0.6518173708392176,-1.178997149735399,-0.9706923690654224,-1.6006326917283473,-0.5507409867937647,-1.3889925243276842,-1.0025778204357454,-1.4204958617806496,-0.8612166878533274,-0.8287634373593289,-1.304888387411096,-0.6240693608817144,-0.041353141629903736,-0.4045576253040487,0.34205405478071993,-0.04053874139092953,0.03240083907715116,-0.3670886967492662,0.05101493040284198,0.16304638417586914,-0.5727494927896847,-0.43912804379718634,-0.5219751547555604,-0.6203587178367598,-0.7613619893444138,-1.2916270966960588,-1.7062671729204972,-1.7041845615742095,-0.9351676367256779,-1.1862939729380697,-0.22092075273213682,-0.4185995699502133,-0.03798650634610412,0.0830772387571035,-0.6162452638344664,-0.7220717515672466,-0.26347693866049343,-0.18586851401694127,-0.8700334300303351,-1.0347017115814525,-1.0100102876841577,-0.6016507335242172,-0.6183815711038729,-0.4371015978519638,-0.04827448168055448,-0.35873700286771976
-0.6097090657175347,-1.0289557783415864,-0.4342748129288965,-0.6975778119556759,-0.8711681828224586,-1.3767400828865006,-0.802482569566726,-1.2254967454526091,-0.8139491113930702,-0.6819210984721833,-0.05057386348524196,-0.34297630085258257,-0.5478369788531384,-0.8101847080555429,0.1886133924739825,-0.5639465861640516,-1.389879486392331,-1.4607906173003273,-1.3780318376908922,-1.9237768598282874,-0.46029244876080805,-0.45343604479200256,-0.5326951444270732,-0.6964021064736573,-0.7005083959161637,-0.856226127257182,0.07900981636924839,-0.11309487901501383,-1.0163922675708945,-1.632061961347323,-1.296417639725978,-1.3164863197689205,-1.3807051549101865,-1.4244930809171763,-0.4752030815099857,-0.37651109853231285,-0.005896035463365758,-0.4156976541822183,-0.5370135516404557,0.23102607751863882,-0.06486903580969362,-0.8068449824785499,-0.5612180588859818,-0.6753133405904562,-0.16480876670487776,-0.5692384416304548,-0.8048006668871046,-1.0961264837322326,-0.6741482299554166,-0.6084525213528559,-0.8566076815165745,-0.497470790416708,-1.2841363568724817,-0.9797417685761797,-1.0662630219380946,-0.8698016074286884,-0.7463271901382021,-0.8428237334832883,-1.7769204421218954,-1.5833431344907112,-0.5749443900373822,-0.5902383320963295,-0.000320343307234483,-0.4139642154300114,-0.02785136616824139,-0.10235785000080115,-0.7644741862832315,-0.9746116227519245,-0.659987544085216,-0.9269629459527596,-0.9671549113341229,-1.9000316808451827,-1.261916250221668,-2.1576354886277422,-1.0640647127455094,-1.690319458778311,-1.2428275923565175,-1.7944537827093718,-1.383884665455931,-1.2181509365584209,-1.6181188437278633,-1.0319967178724057,-0.01558025220420378,-0.7274119308379797,0.32264212783252927,-0.10271420796043966,0.09339109967532253,-0.38697834634952816,-0.13217998244932924,0.05837233202024998,-1.0437255632687874,-0.7204579990405795,-0.8308370280848375,-0.9329322802020359,-1.1292102182139505,-1.8171094044664,-2.4533729022273185,-2.2907219812490975,-1.3726941464184188,-1.5291330508890797,-0.4220340672991255,-0.4789475648358272,-0.7546595159829933,0.24374512132521825,-1.2074423460420398,-1.0855561692020295,-0.5889685879005052,-0.5784632244349324,-1.1524493140649275,-1.5761682932998688,-1.634925008450638,-0.8708496560739195,-0.7918020949820141,-0.8286645644596409,-0.35134476168180084,-0.531520313678179
-0.41044031681949755,-0.8183814110807162,-0.6036525706793664,-0.794678069966443,-0.9758749855035548,-1.4180889146331332,-0.8494068273960896,-1.2784924629263952,-0.7914338192549972,-0.7102392736922667,-0.14655585945460758,-0.3217336806443774,-0.7505711770732786,-0.9357795214049692,0.18482270557438335,-0.7231223881139168,-1.6117518372024622,-1.6521640951657444,-1.2375671609243084,-1.8778127256207544,-0.5633092347690594,-0.6846498859477574,-0.7627075122357896,-0.991252030430282,-1.0509666287904522,-1.232179499305708,-0.2903954860235178,-0.5271834537568059,-0.7347919723002267,-1.5508184934025904,-1.3675067052696634,-1.463394762405497,-1.518625639536221,-1.5278984005307954,-0.7035106195894486,-0.5319920794389824,-0.062342547275108594,-0.32465754785970163,-0.737046932997871,0.4357740651032382,0.3802123887590375,-1.0618921628406954,-0.4388367119151373,-0.6283343535265794,0.13367506076441515,-0.4998174901485364,-0.8040007448541977,-1.1316081580469333,-0.42079225300891904,-0.5645078890915096,-0.8345203722673669,-0.6467792695099518,-1.270925887657195,-1.100520560165588,-1.1541404416050896,-0.9721204578487922,-0.6510206774351466,-0.8020659909856517,-1.9657621626940776,-1.755110923321515,-0.7112039821388456,-0.6854501989886044,0.2314555216908447,-0.1669851385301966,-0.2513124256239536,-0.24477816514656345,-0.8444356789360217,-1.081110761875167,-0.5264156633883956,-0.815184251428617,-1.1796485659222944,-2.384177398798207,-1.3480875903471623,-2.37703026238482,-1.452069494378743,-1.7027687196264965,-1.2949312458849447,-1.8500238981027581,-1.7028395365347182,-1.4749108331927254,-1.6552032038188411,-1.3062064852446553,-0.026107653482041224,-0.9476202306390109,0.19398563546080955,-0.1662992872993263,0.06935509054164615,-0.3520654015109854,-0.32096954550157825,-0.10792120286797256,-1.415529025075326,-0.9622275318250506,-1.0051356583781088,-1.1428343934888385,-1.2963577148080982,-2.043773571225036,-2.804103589674767,-2.490350171474277,-1.6190664436294375,-1.655259704111283,-0.5453049357282883,-0.45669054257209524,-1.4463930414657162,0.3786282607639978,-1.6847115700345405,-1.301927773831644,-0.9081865340858456,-0.897868702808725,-1.2282102717997672,-1.9048035186657142,-2.036368044763837,-1.0244625989271625,-0.8440602563949632,-1.1139586953430858,-0.7049434188891075,-0.6813574705780014
-0.10997463366750798,-0.3900581957390278,-0.7400227069575702,-0.780791406847236,-0.9402895330020193,-1.1940365415129524,-0.7846372049221019,-1.1206824364736927,-0.6369709633705771,-0.6195415044314229,-0.23086960023343184,-0.2162455412603583,-0.8673083656565446,-0.8819778246231568,0.15057125386753112,-0.7464345225304332,-1.5944960422463295,-1.56556916016277,-0.8785288809685742,-1.4704725055833285,-0.597050598428904,-0.8194854053450649,-0.9341857119836144,-1.1823537359440643,-1.301662761024558,-1.4702086704710835,-0.6939606930979711,-0.9093319950464525,-0.26187669169917116,-1.1568398763586816,-1.203645301516491,-1.3742102909559828,-1.4145215662175674,-1.3656680754649264,-0.8643535772949075,-0.6227745949050849,-0.14170185337937427,-0.1586754146963426,-0.8397911093770678,0.5894082776367634,0.875633647638145,-1.1408697039615745,-0.20775776148123354,-0.46362366014138007,0.463051049163535,-0.32944491299564566,-0.650181208401582,-0.9821028555777389,-0.06375963583669753,-0.41347957982779104,-0.6678998360894695,-0.7209405120697486,-1.0250408774884159,-1.0769426761965137,-1.0401038077107936,-0.9495169849477656,-0.40927183115857346,-0.5958968593957604,-1.8707089817670723,-1.6524067388791577,-0.7678984887291559,-0.6742571386763088,0.4659256429051819,0.1878315062982251,-0.5124666234254804,-0.37570967472496736,-0.8120686656554822,-1.0151934344764966,-0.27269604539540065,-0.5276283917046314,-1.2413219257311163,-2.5525523126162604,-1.1978973918365863,-2.2071571339863127,-1.633414926687869,-1.4023512851390048,-1.1291360655387463,-1.56640509211827,-1.7543518729011531,-1.5393444405882006,-1.3638006512068483,-1.3628379291674653,-0.05160707991142294,-0.9932432689477263,-0.019797689617195528,-0.19716405575227527,-0.037984014593326246,-0.23971622740743748,-0.4988306702315117,-0.3042280238705259,-1.6308060230062251,-1.1346313488170432,-1.0197651007298985,-1.2227914521364933,-1.2323783411996276,-1.925383805010462,-2.680820249869833,-2.2524892171122084,-1.6165398619790041,-1.5407991154582976,-0.539574666723173,-0.340190589851021,-1.9970632462107925,0.45962174434309033,-1.9817164176968227,-1.3541806809534698,-1.1854341982550374,-1.087208258041086,-1.072876051966142,-1.9751104830961115,-2.1268092509822742,-1.027987367954514,-0.7661110900754542,-1.237484991139113,-1.0487347372222557,-0.7888365702423699
0.2387413177872443,0.20240969156469257,-0.808353511654737,-0.6392814194769955,-0.7842001650391391,-0.7458897525958708,-0.6099733938872681,-0.7658921177484151,-0.3862288333832938,-0.43705366730632633,-0.30751822960120445,-0.03690229697954485,-0.9102424586797745,-0.6623452387668101,0.07134542686956448,-0.6357226419169607,-1.3213828375015666,-1.2028347036184988,-0.33866176308940193,-0.7507015531247593,-0.5449809833134645,-0.8271292525555909,-1.009194663980829,-1.2263688892460425,-1.4079364098056073,-1.525584939862244,-1.0635449588350854,-1.2143349418050147,0.3355538131929667,-0.5137693435770055,-0.8207497222717095,-1.0530998641017097,-1.0716597264420844,-0.9487605480596345,-0.912240863281833,-0.60190157708832,-0.20026689097802694,0.08541952631249532,-0.807263435511588,0.7012685700871468,1.3406307905780517,-1.014371872290054,0.10128963602376483,-0.20298087724528832,0.7897163726761378,-0.07234345273991027,-0.35634389790429294,-0.6627710980062882,0.3426147522767399,-0.1748382910630271,-0.38158452170135043,-0.6996324147999308,-0.5860129886944127,-0.9067893734901408,-0.7300277838720823,-0.7981990940562849,-0.04395338122913486,-0.24111529393293196,-1.5195469783701634,-1.2880276514886961,-0.7600604119920072,-0.5439915009774899,0.6655978250069484,0.620310538441409,-0.7632580525752619,-0.4520283661787571,-0.6535852811181164,-0.7657808375715569,0.06951123468533349,-0.10722713320491803,-1.1284778681167815,-2.3791672806315094,-0.8230268297608205,-1.6718010271917736,-1.5603388695852318,-0.8281214665975175,-0.7571234106651693,-0.9942118011971925,-1.5249360221131607,-1.380324742351378,-0.7643910229705466,-1.1579424281820412,-0.06209878616286451,-0.823896760302095,-0.271282088260431,-0.16422421440308,-0.20388667569696706,-0.04204548166328389,-0.6495059668087437,-0.4849596905713706,-1.6517255450594088,-1.2119146813777126,-0.8792793771629244,-1.1675362296709306,-0.950714191646124,-1.484563530476989,-2.0990421633427965,-1.616589538682752,-1.3515720800617137,-1.204812587152255,-0.3776761172903199,-0.1363139006987807,-2.30977167548758,0.467408251923926,-2.054291124615276,-1.2584905202739236,-1.380008410918817,-1.1125139440714373,-0.7080405718291509,-1.788851274485566,-1.8782745031458434,-0.8692212431843874,-0.5715474132461604,-1.174156435368258,-1.3144011041248822,-0.8311299922506366
0.5668981874861676,0.8590208662414652,-0.7787852525952691,-0.372258724277093,-0.542380247357394,-0.1559200039332438,-0.3425599551673931,-0.2593460273905354,-0.08836714224926324,-0.20139226404512653,-0.384019948831703,0.18591898191580553,-0.9000792114455944,-0.3251543482957155,-0.056802095159474146,-0.4176319360502768,-0.8327131877624887,-0.6229587717313493,0.30286408973957013,0.16313162929305072,-0.4128394679075672,-0.6987869247188073,-0.9581329301970006,-1.0985728846346896,-1.3475870861287833,-1.3808796674835861,-1.3353636552818224,-1.407188260444626,0.9601646831678478,0.2625179622370082,-0.2750240404859386,-0.5453422530003535,-0.53846298011127,-0.3373279487956374,-0.8173002321073252,-0.4400322637852086,-0.19984410469747477,0.3905716647534951,-0.6314873312609891,0.7820032012090438,1.6768513434631394,-0.7007637369710858,0.4348167859443,0.10902855028856533,1.0688793360237097,0.23288954845386634,0.03012684873046617,-0.22464099505448046,0.7271108269138293,0.10907579571253415,-0.02680909881549305,-0.5816016838395014,-0.03649378750465632,-0.6108691728605218,-0.27265149781155135,-0.5377231785703193,0.3868248235198194,0.20830703395409236,-0.9813127936157889,-0.719512085616251,-0.708491970064284,-0.2979498153845377,0.7885650850628358,1.072763545689216,-0.9484620029308485,-0.4351694455651841,-0.3737221870209869,-0.35329183775391404,0.4447635921854989,0.3717211183372176,-0.8491156110287326,-1.8943716066886458,-0.2782960266882662,-0.8677821977432313,-1.2326346940599044,-0.07588758406224597,-0.23316327114250185,-0.24495333632266897,-1.0550346928713488,-1.0042163529958847,0.04309354407531347,-0.7054881549385168,-0.032697304558039125,-0.44874398991646963,-0.5021198787754713,-0.05147822427987079,-0.3860472251057261,0.22570040600473812,-0.7595439070945006,-0.6034962425125552,-1.4656461734744088,-1.1747878596681984,-0.6139096377274675,-0.9919473182910303,-0.5041474199643097,-0.8081811940016426,-1.1651028904264655,-0.704069561093696,-0.8606549685283217,-0.7042239350648933,-0.07010367402829046,0.12839677288730172,-2.3297974485248973,0.3949817044726982,-1.885009083263994,-1.053343194843584,-1.4510413757496632,-0.9695780375855653,-0.19672513351642937,-1.3906992195247212,-1.33065364040754,-0.5608968283210216,-0.2918953780998844,-0.9354597823150972,-1.4404810623223039,-0.7852116537833829
0.8028919435335785,1.450653511330424,-0.6347876399538468,-0.0021184929639447873,-0.25499778178829996,0.47125541986537334,-0.012784814361915156,0.33008290646156996,0.2055728298832059,0.04883900775676782,-0.46858051230070197,0.40434210317197483,-0.8578707069394857,0.05622052155327715,-0.22459190715932675,-0.13870094771935468,-0.22131816315022887,0.06794564623892475,0.9375541197539594,1.104289803335362,-0.228658183165866,-0.450843102080604,-0.7674745095832528,-0.7990875782214465,-1.124917509290658,-1.0492393350408011,-1.4638023080454192,-1.4676171195454204,1.5010913539390816,1.0268240269693851,0.3468507209602452,0.07052297663896889,0.09879788715900924,0.36869153366202334,-0.574071742949698,-0.13634863908562175,-0.12162189123595309,0.7172844410906554,-0.33948786656162366,0.8352800275005596,1.7880053983854507,-0.2657724894450748,0.7278135512294075,0.41433688572016486,1.2518336223522881,0.5296583244603484,0.43562189536415385,0.25483893619767856,1.015960600639871,0.38081581297595163,0.3289773713388114,-0.3874249461479239,0.5155528223376507,-0.2304220647148833,0.2490220936171359,-0.20816816691426496,0.7984689599668257,0.6691386609615948,-0.3516381924044475,-0.03895247855957383,-0.6342216571232544,0.04210556462269851,0.7956307751561638,1.465877197807051,-1.0176844008279715,-0.3014908149029006,0.0022340853779132144,0.17132744359994795,0.7836762539051687,0.8178812039698339,-0.44313479404856426,-1.1783286406818225,0.3468884747196591,0.05378545633895631,-0.7014356114544158,0.7212033905356731,0.35473256321785557,0.5346328200420111,-0.43040771211418866,-0.4566596219697434,0.8964152163701579,-0.07972055366589745,0.046612722543316935,0.06996624859837039,-0.6565632093740026,0.13528118431086603,-0.5333439469141269,0.5247633947727458,-0.819441968825352,-0.6249552728247196,-1.0881472377035724,-1.0137303889542377,-0.27074829379248005,-0.7255840382662193,0.02761976344064861,-0.02839557888553942,-0.054471519427079264,0.3078404878999372,-0.22512519945580087,-0.12186092681465654,0.33216730463885874,0.4117450295731208,-2.0574261721924505,0.2492002691171333,-1.4868917197231821,-0.7855483619390067,-1.366310170652674,-0.6844136622957662,0.37008125828401006,-0.8564165226570115,-0.5846633112105201,-0.13999388610975433,0.030528067218778793,-0.5669393880139937,-1.3871031310298145,-0.6358783477114086
0.8889564419298684,1.8477504489904162,-0.37938824934920035,0.4301496988010125,0.039836417224342946,1.02999967868818,0.3391469282820982,0.9202401094972141,0.4522138705317458,0.2832069400173782,-0.565801403709002,0.5616952211732819,-0.7984645445906696,0.39881984929493086,-0.41000029620151696,0.14362749953373238,0.3885449307843239,0.7390405195664784,1.449460256304566,1.892596629674388,-0.03531921800180364,-0.12271022736379758,-0.4458478908719601,-0.35556470267308105,-0.7696247552125924,-0.5723777309199073,-1.4297119287918312,-1.390952544906904,1.855144781690856,1.6341866705819132,0.9429121065073091,0.6962060395293661,0.7317501334634066,1.0476123587351,-0.2054453318668922,0.27674008975822384,0.027842925105884844,1.009715249515456,0.012055206616381231,0.8553652593821418,1.6068832265245228,0.19369198095570525,0.9198241981370728,0.6550680940506929,1.298369072984016,0.7568561147994227,0.7770526809680892,0.6884207402006632,1.1501704509625583,0.5816430193638732,0.6173992068918541,-0.15541017600445245,0.9619071215627585,0.17920455771952587,0.7360044543433311,0.13810376276962472,1.0993889220116324,1.046856760000981,0.2651636376760847,0.6430393728863179,-0.554525631585774,0.4356588113465816,0.6619362574763247,1.7145490613988523,-0.9373128757278475,-0.04985900161832055,0.42987709035061694,0.7335303986974492,1.018492254041675,1.142460863407078,0.025184629234130396,-0.3460724753295635,0.9447458637014527,0.9190484245446936,-0.060891699911343335,1.4208733082454703,0.9023173791002986,1.1968992934875597,0.2368392644840855,0.18397835319182218,1.609789460979566,0.6001884076233023,0.16897778244761646,0.63030370899765,-0.6927001077663756,0.3693642781259243,-0.5962467595560769,0.801503220102681,-0.8231792636841065,-0.5349836230549679,-0.5628650283524226,-0.7328233938686897,0.09698002649756297,-0.40549449543910854,0.5551580352921079,0.7062064605072566,1.0246502099426664,1.2242651194932541,0.4446248743448551,0.44974344733978394,0.7477355925266908,0.6642893990685905,-1.5469893236107513,0.04999755742021696,-0.9053147765522135,-0.49820065915115086,-1.1130200651200397,-0.30789382276394506,0.8925223776953825,-0.27692078289098776,0.2192674693872286,0.3365514926021042,0.35025842921680744,-0.13745631242293221,-1.1469329359147582,-0.3858329239967149
0.7973597176033056,1.9528345231968758,-0.037471679657140274,0.8698825064276822,0.3103985991291035,1.4331929802672967,0.6680023377618692,1.427356028078433,0.6220188120300635,0.4825510214645371,-0.6720743447186809,0.6060023295744792,-0.7268278634062407,0.628320893785151,-0.5816466355439195,0.3725620157315108,0.8727849329587902,1.2639042809664378,1.741618240446615,2.37487934589788,0.121779383378452,0.23034440958400237,-0.026347062437778696,0.1786229128206686,-0.33103163300183525,-0.013759192096914423,-1.2415133231529814,-1.1857932247931762,1.9481661434647752,1.9697346915860081,1.413925610971571,1.2305364053686931,1.251090763646545,1.579308836554125,0.23960466479671147,0.7368353180841709,0.22005919235734164,1.2086964337441632,0.3507657431943456,0.8309183519141594,1.1214385484766412,0.576749109646038,0.9712302631958017,0.7878562311057522,1.1905180486782163,0.8657629461870588,0.9826936599389271,0.9987130414418367,1.101313822522544,0.6676837921445389,0.7858555555377255,0.06845566009116652,1.2197243193436176,0.5577057767653915,1.0965493864114257,0.4480149975943992,1.2155899638260241,1.2588240428499657,0.7745640020206597,1.2169847777784013,-0.48026040266319414,0.8268139183820039,0.3895618410435982,1.7501334557523447,-0.6994274781763105,0.2955491146042943,0.8511342579923048,1.2473453350611174,1.0999478956086366,1.2791071010800315,0.48046921179320273,0.4727666366239183,1.4101431531924895,1.5686058686139583,0.5708485428671756,1.9017672744943102,1.311057861160335,1.6266914476878302,0.8325133751296526,0.8203927384672862,2.0233513646135717,1.1990642499976496,0.3163380534400397,1.1171479123366448,-0.5895798841834239,0.6109271349891658,-0.5373112484521785,1.0023307252613496,-0.7667976090290275,-0.34238818722939934,0.0425362205353206,-0.352881648844853,0.4397397322079806,-0.06934479119404938,0.9971140323410221,1.2621971886410213,1.874265650626355,1.8737784923642233,1.031971165369538,0.9254622193947145,1.085104396181378,0.8398918578053042,-0.8930705183651818,-0.1728902550412868,-0.2161094837061692,-0.22402142731068472,-0.7070292380458618,0.09344688061603704,1.2820857186138221,0.2580389891459685,0.9311047763642589,0.7996526365423855,0.6254050069872805,0.27674536816089595,-0.7495821642507705,-0.06304599357428824
0.5410483349632598,1.726883170701,0.3469222914947276,1.256369209980544,0.5330146926667968,1.6265093915344373,0.9296176152310743,1.7779578252872756,0.7020469439283213,0.6373916934620037,-0.7723897479576307,0.5048710018510785,-0.6376975439783997,0.6958862323067838,-0.7043748034141815,0.503826566522293,1.139110594917104,1.5483934838818119,1.7595176313129193,2.460121213125653,0.20755612235400892,0.5479100848328348,0.43636026129229794,0.7309564750744968,0.13076242289303802,0.5515840788646911,-0.9299343658323168,-0.8702385514691308,1.7519080460847252,1.972166710584089,1.6811495370800082,1.5868609171614172,1.5686003681817702,1.8689880266258088,0.6942997063569646,1.162525394736522,0.4151872876766221,1.2673563939115253,0.6064623963943782,0.752419848295099,0.389710374215535,0.8075436116039828,0.8743891946230875,0.7943064549370268,0.9422273807350193,0.8347416814225752,1.010711869996215,1.135478032855419,0.8807184352986751,0.6230435944140812,0.8107717557803228,0.24303368390639632,1.2504338377246866,0.8501018662748819,1.2677301457600774,0.6792353160824376,1.1118218122341803,1.2554066988396722,1.108018943777007,1.594566435433115,-0.41408693365848104,1.1521520635616866,0.01561128789937764,1.5423189774891695,-0.3254058799726438,0.6880792064355831,1.2033676722792217,1.6307861874687386,1.0098138151983527,1.1985509048368415,0.8515957412390999,1.1556831887804646,1.6622074748930757,1.891384993825894,1.0769902621482141,2.087855710552663,1.5087308657430727,1.7644305606559847,1.2632776565131152,1.3541928881007115,2.047285443158641,1.599380771257215,0.4690777758583111,1.4330387966664475,-0.3500890165672864,0.818313464516114,-0.3402317235618492,1.089635969662136,-0.6472762308948489,-0.07562762206795923,0.644632020427463,0.08776183073903217,0.7186327676427346,0.24952344450888694,1.2946249402537744,1.547800876837037,2.346344320626375,2.142784507340273,1.4382361330185591,1.2422838591196805,1.2670753109669617,0.9055598291940088,-0.20873518579300815,-0.3853839354597799,0.4820948981856524,0.015166284690819218,-0.19664944025355796,0.44812925670378734,1.4783793415768012,0.6734961714711697,1.4228737718109312,1.1786542981791819,0.8227145870904926,0.6085422629654152,-0.25836785319395456,0.2792395012637336
0.17449094621891664,1.2010635039564894,0.7180618837498352,1.5321875695338139,0.692190223168926,1.5953896117031645,1.0878182649796042,1.9199415906012538,0.6958537592200864,0.7436035241370291,-0.8402873919140936,0.2574002195835392,-0.5183613873678669,0.5895875552186458,-0.746081765283109,0.515149621995882,1.1483390939517706,1.5496160188030885,1.504526444258622,2.139699994268167,0.2061042985246381,0.7762875715473756,0.8742931115140264,1.2205170774121985,0.5547150060510266,1.0486125408118476,-0.5391583195175177,-0.46890215109547084,1.2923586250414907,1.6455811023278908,1.700722130800606,1.7080206270304776,1.6349962986690072,1.8662798385804054,1.0866819308478115,1.4699571292955191,0.5750853007778949,1.1640488927942245,0.7273351271174444,0.619263500924537,-0.46420943845721063,0.8560424649727975,0.6556590759297325,0.6841950351548362,0.6003038197789003,0.676383806316797,0.8594879776679308,1.085754669581399,0.5383813123669342,0.46498820257532475,0.703122556357318,0.34251991318390484,1.066582563475721,1.0160701452578051,1.2291824542748842,0.8081039625414566,0.8015887383145988,1.03230819557468,1.2341639622407032,1.7251639879039553,-0.34963002331075715,1.3524875358736066,-0.3891673727017847,1.1130792916455907,0.13671788860542702,1.0665926415230988,1.4306725440159327,1.8214971473090809,0.7647418501945186,0.9138724017656544,1.0850590722194182,1.606691889141279,1.661811811328336,1.8470309421609008,1.3677167128301984,1.961477155672627,1.4633587295273869,1.6131063097027298,1.4725129697333146,1.7036698683042617,1.6856743401426375,1.729435326076281,0.6144789177378568,1.52325514085405,-0.00038394961354877696,0.9588133403530823,-0.01585950109650241,1.052986415833833,-0.4629136373150362,0.22491565897797935,1.156314577634606,0.5361717904881556,0.9086921316242039,0.5244115926098707,1.4196282799074806,1.528264713747314,2.3706970627382775,1.9956634700744735,1.6022579267518366,1.3689999776885782,1.2517519691016126,0.8481265474555244,0.3976962137052109,-0.5557872156053131,1.08193313251862,0.20465540303945381,0.3417438068124819,0.6902781881319406,1.4591212428293845,0.9183877543383103,1.6142707274858235,1.4132066902814924,0.9207764557543664,0.8124449743755057,0.2399881898343653,0.5720574178168213
-0.21687702581958718,0.4700241604732331,1.0192424644637461,1.6529188322946038,0.7802627504860279,1.3641757741984262,1.121105539069691,1.831439408685199,0.6211227757653603,0.7979173141059629,-0.842064655526768,-0.10098286949621882,-0.35389927049346415,0.3373780098060482,-0.6846976727787641,0.4109126845653219,0.9193462306935077,1.2815259834046422,1.033276672360645,1.4874685862463515,0.12281049790528141,0.8787978755640056,1.2185082139434373,1.571441336721124,0.8878130029193676,1.4133009760273725,-0.117720958896272,-0.01205238026315218,0.647052284337245,1.057163405654752,1.471997037025688,1.576353849451916,1.4495333930447976,1.5754133926509746,1.3538932771291186,1.5914269418696796,0.6739252392051351,0.9085781160673471,0.6900290867970182,0.44316490618342524,-1.2749647804638593,0.7437983658135799,0.3674594860176986,0.49055099711830225,0.23497251136660197,0.434274138026103,0.5666609797551926,0.8742771675804148,0.1510585843693392,0.2389787114299313,0.5043026214666962,0.36137681947482103,0.7252066985986468,1.0364631583918205,1.0054177398458433,0.831989652875753,0.34259729393793437,0.6305795074439668,1.162813511440159,1.6052390415510949,-0.2722836382042374,1.3862248683517615,-0.7332354253064534,0.5370999546116785,0.6206140565127923,1.3670300540526115,1.4951116349906053,1.7893176279685015,0.41027336914458074,0.47530336957495906,1.1534182584749815,1.7704849782408016,1.4207647813854996,1.4716910813688762,1.3999134140037093,1.5627505344828867,1.187469161784521,1.229038404904227,1.4462169958342836,1.8178227227693642,1.0322407978591284,1.5781871684643327,0.7498758753562258,1.3874504567273793,0.4133532074080518,1.015464779088707,0.39642526828200014,0.9117101389324238,-0.21573710036176286,0.5160512241443276,1.5011534787240213,0.9318426494779999,0.9988658760764436,0.7353381717700379,1.3761779241111551,1.2275838595421398,1.9654354773601075,1.4772485466704874,1.5109301763256746,1.3093994731896237,1.0440165876164431,0.6764068954179367,0.841698709633535,-0.6612964965805255,1.4863145871828072,0.3321256825044634,0.8167920093753703,0.7692602441703282,1.241863812664857,0.9698994644169988,1.486597293079678,1.4643835251627906,0.9114586495305349,0.8702481375912939,0.6509291180798252,0.7482594589208982
-0.5368034753916662,-0.33116940689298463,1.2043788770104316,1.5957262147174822,0.7971163596367707,0.988291120062015,1.0276140931396738,1.525863930568476,0.5054146854354866,0.7954579569210627,-0.7452399642027431,-0.5033093724735178,-0.13384349855224714,0.00047751090458855716,-0.514126253396025,0.2204884400162104,0.5179474742634479,0.8070628400875454,0.4433682831658042,0.6402841667385576,-0.020284990977096008,0.8423290353664488,1.4130649987748558,1.7269343442894454,1.0921016533767454,1.6017296148142037,0.2883968278473641,0.46345805692595377,-0.06878572329811418,0.32157058793070803,1.0381328935846927,1.2170266203535505,1.0592141955523289,1.054202597879781,1.4550415858899215,1.4918043107873542,0.7031909575074664,0.5403179869952781,0.5019580225756854,0.24654385162297432,-1.8761174783061936,0.5333172241826953,0.07309399418290227,0.258706295129586,-0.07768108000202666,0.17027243831108843,0.19773252890494483,0.5547405611574132,-0.19739558284676315,0.005053459625920897,0.2736080801555873,0.3126196822742105,0.3105503927336926,0.9158793141324036,0.6568079075761519,0.766183056601162,-0.18019527640709826,0.12504135161896687,0.9407051657654116,1.2781299220196531,-0.1626828019212559,1.240751880832196,-0.9265135177899602,-0.07297070381665892,1.0539734254172237,1.5352599159174976,1.3853484137814016,1.5429444624551967,0.007550109330496399,-0.04314939280592927,1.0577269099901903,1.6396651324198999,1.000055976933032,0.8663441668599494,1.1861869139700405,0.9768717031716935,0.7327275078545019,0.7014905310972305,1.2096127202256757,1.6844663386717813,0.24026489946575322,1.1936964076392054,0.8793080594807026,1.0752201685815719,0.8306503707206625,0.9884647525703607,0.8332412585247737,0.708176588520098,0.08461053264289252,0.7596727628718786,1.6275425021896721,1.2170126530864733,0.9898640878639925,0.8680865961651812,1.1955541963593348,0.7179236513522663,1.2288235543898853,0.698793250151481,1.1989549987702834,1.0987922106433956,0.6944091638768002,0.4187490417793156,1.0742998372762238,-0.6926147239958749,1.6288023799453597,0.3853428259324295,1.1416562678132156,0.6581849541864476,0.8779073706886489,0.8338486850173764,1.0827718130663686,1.3228390526422966,0.7998244142679682,0.7895361842207222,0.8904953807485426,0.7629544606087917
-0.7031870345791686,-1.059519737564916,1.2477822529420222,1.3652277116066633,0.7499143886487334,0.5415234035166887,0.8268061947013212,1.051634271718227,0.38036392332703783,0.7304946341718296,-0.529833059611665,-0.8654803336197695,0.1411133722268068,-0.3415835774569668,-0.24798621487466035,-0.009606385970221237,0.035364619410689815,0.22061744458468266,-0.15033101275065583,-0.2351605122197334,-0.19331350230313826,0.6789674933315993,1.4274661121550651,1.6612596819166263,1.1494109423929149,1.5964066024539074,0.6396661500500911,0.9133041921176349,-0.7249760581913485,-0.42418127968599867,0.47857910889919386,0.6940881465989241,0.547891133618719,0.40204450120161955,1.3798402274829553,1.1788860395248282,0.6704071074017306,0.119412931943478,0.19691856932085283,0.056766474418662616,-2.144699627563047,0.30522790898172997,-0.17046373011401453,0.0334429147821404,-0.2759969371111693,-0.05345681771054939,-0.17163239750072545,0.19513195091908464,-0.4377189234689067,-0.17987690602334902,0.07126764147867747,0.22094083071233242,-0.08816258422899037,0.6810656724033441,0.26267047997599274,0.6371925208074546,-0.6774609341862448,-0.3946089817267579,0.6395217868944699,0.8238601759694069,-0.003363700957839288,0.9381626166346014,-0.906312654416558,-0.5934503740238251,1.3722197241284313,1.53866915993834,1.1204944331923123,1.1290383827573982,-0.38227944504408695,-0.5606788786336079,0.8246223947821701,1.2545574954695156,0.4967772448548346,0.17107125844329812,0.7908748174813252,0.31367964503507456,0.1775825092218458,0.1289647532681444,0.8176873235354452,1.331799781269694,-0.5222154450374166,0.667288488993255,1.0056506366020894,0.6684166386595392,1.1851467516470997,0.8918345152374789,1.2178822742079602,0.494304107098315,0.4170366557479057,0.927831019149504,1.5196886407477275,1.3482865554145282,0.8914035849451262,0.913701129136092,0.9270488839558095,0.10100135908840792,0.3155456484048275,-0.18779022665575779,0.7388435369153112,0.7948884444890315,0.2859545883720472,0.1169479508384656,1.086085897203093,-0.6553437307413765,1.4903997573005676,0.3542205495892474,1.255275764720893,0.3607825723027183,0.4403784720987971,0.5422607187596638,0.494771693014504,1.0121422372307387,0.6029109190369232,0.5971749602793232,0.9038198708605558,0.6098958144179973
-0.6713243050567645,-1.5967098862579272,1.1497511648366547,0.9952091135018978,0.6524082640705132,0.10122905929058627,0.556873090549064,0.4857689473019883,0.27492587324132156,0.6002339703797971,-0.19958279991026456,-1.1072854642018648,0.45401721293149533,-0.6107363358636791,0.07979264010354098,-0.22787840575944526,-0.435644600432712,-0.3733980945370902,-0.6421994825739845,-0.9801955110842587,-0.3676626443167647,0.42276938271472714,1.264460373684311,1.3870394182094663,1.0636726274150357,1.4092269621618259,0.9045367643504778,1.2871284040129118,-1.2036064924451477,-1.049567602535702,-0.10544660374905654,0.09975626027468089,0.01781630491935763,-0.2604623097048864,1.1509982961954557,0.7048722693141817,0.593222704882984,-0.2861075881570611,-0.17327500421768982,-0.1013594547276804,-2.0367920551085827,0.13124739558925724,-0.3262323355487256,-0.15133615421924945,-0.3293108552525066,-0.19178113597036336,-0.47397546464670864,-0.1383098125467137,-0.5325546446669205,-0.2780212186017155,-0.05784560217481117,0.11377134749693875,-0.397513299006404,0.37572214990845704,-0.09831098977211565,0.47505454006835224,-1.0764381119142679,-0.8440857709142492,0.3385086794454728,0.34098223977460734,0.2122443246180275,0.5328506656523866,-0.6592661544596595,-0.9217181832304984,1.5307807012025598,1.3740778539195697,0.7478939219250575,0.623690678678607,-0.7106886840257665,-1.0052213959208232,0.49982130666139274,0.6959934566908215,0.022001732520309413,-0.46812712078554536,0.31387254845244517,-0.3149105933329937,-0.38814202848546314,-0.40049479829623974,0.34344759747291015,0.8237860071616633,-1.1166439678889362,0.10930150145728997,1.122283727405084,0.25687763948285636,1.4154598282169903,0.7473815077282163,1.4757856655289132,0.31592634754700516,0.7471973099607212,1.0046605368142045,1.2027687009477455,1.306893482444413,0.720153353282623,0.8694509692694087,0.6267701810420472,-0.5131107865205845,-0.5965441864228072,-1.0208826636292596,0.22429975028177981,0.4650307150269193,-0.08738552013389606,-0.18188020219357395,0.9046809824552533,-0.567677458594391,1.1077085609334665,0.23684657882262888,1.1395274063499508,-0.08464170151404674,0.009341699109381207,0.14892765850395281,-0.15742787745606784,0.5862196769373675,0.34780260279307906,0.33118685651434177,0.6803682327319339,0.32749283417099506
-0.44872163947652893,-1.8730969473416506,0.9365071411621165,0.5451223459933102,0.5232994154519658,-0.2655493768447231,0.2678129795042157,-0.07830168509240315,0.20879146058896084,0.41018228941345936,0.2107178331663708,-1.1744262852858938,0.7699082143764557,-0.7499299760546392,0.4180964396497695,-0.39115847837227674,-0.8197595798222304,-0.880253896150864,-0.9582834674529062,-1.4772283911735737,-0.5217759063127116,0.12265775070750753,0.9608674866493255,0.9555973652528226,0.8605394536556389,1.0804422019625097,1.0599450784990638,1.5338236247718133,-1.4249323627447281,-1.456741483079662,-0.6100441504425675,-0.4615594481330849,-0.43216822504991387,-0.8158806467234724,0.8195643187077154,0.15788811558885843,0.49178577438738424,-0.6139574175212599,-0.5482515109179552,-0.212042468278104,-1.6024952803220174,0.0519578580595588,-0.38342705858868625,-0.27742425184891534,-0.24560162984278935,-0.22786252240908025,-0.6639874347520185,-0.39417803240564725,-0.4843621576928584,-0.280019036726908,-0.09516533323779071,0.013624117561000952,-0.5741349547080523,0.052810043571425366,-0.36514223405982177,0.30695100600790126,-1.333663538321618,-1.1606930499272676,0.105581641191572,-0.07535045123164713,0.4711269803491652,0.10081605610076859,-0.2318795480775086,-1.0042636909647156,1.5133439190269076,1.070061497596128,0.33485070525046434,0.11780235901540866,-0.9479180547849607,-1.3238479166677464,0.13997288921759649,0.07203759938729287,-0.32557340297221243,-0.9318201430127965,-0.13382002865101253,-0.8145127212718544,-0.8779777715031186,-0.8207097749367798,-0.1335007318542173,0.25008854698421035,-1.4639719910654876,-0.3763696195044048,1.2086371015087172,-0.08458042162784551,1.477259846841117,0.5783892904047674,1.551668000606145,0.2000764526002286,1.0294031773249173,0.9858768731317225,0.7405159426097451,1.1048360573429363,0.49887265877391146,0.7412882682207227,0.34679749335040017,-1.0249109628951791,-1.3417800248422271,-1.6588577283800254,-0.24886344808825744,0.1724134921399103,-0.34494639894384355,-0.43362722194947373,0.587386655881123,-0.4549811354875004,0.5689217137345134,0.04675715872566163,0.8269675418052471,-0.6061976445489506,-0.34298612594281336,-0.2769509495905186,-0.7501356034100704,0.1209310209288473,0.06926785338429264,0.03409069708687126,0.2621130757116775,-0.00884224286337031
-0.09635608041836674,-1.8773989194941672,0.654333885102749,0.09111275483600609,0.38341455416946746,-0.5125229151605717,0.011389556209735068,-0.5469867082440335,0.18755007077579083,0.17871190267436884,0.6354421245307146,-1.0548607682718463,1.0388701565269705,-0.7372547988479549,0.7055669284469838,-0.47541613524435405,-1.0690784535726023,-1.228998549497095,-1.0692564204499444,-1.6705163797085485,-0.6419959339770205,-0.16706705824354626,0.5805647905599034,0.44914411390656817,0.5838362827734248,0.6730775270213537,1.0920682923649803,1.6105764987396993,-1.3658317384651941,-1.5983824916865765,-0.9487735005302051,-0.8920861579222596,-0.7269198068924633,-1.1730717814888572,0.45395217183531344,-0.35536960710432747,0.3824446546412206,-0.8189911037296729,-0.8677051172098295,-0.2717693386619146,-0.9741642388126059,0.06646892231136131,-0.3551822459231552,-0.34106196513316006,-0.06789183013854831,-0.17508131454034073,-0.7249218631876589,-0.5431869165000456,-0.33176347609650475,-0.20496128697056926,-0.05114086934885198,-0.0658874996409636,-0.6097544316635425,-0.23424235914219071,-0.5053149312131303,0.15348153550997543,-1.4368529845191211,-1.3118778465440026,-0.018320873466636443,-0.353649495927182,0.7361703153552634,-0.27690294037079677,0.27506731973836007,-0.8519789309198477,1.3343222548497973,0.682687082336947,-0.04429158843676822,-0.30069530709668474,-1.0819857450320078,-1.4866323314833323,-0.1956363902716851,-0.4998707633244823,-0.483733427181305,-1.1512057482629974,-0.4566806492170014,-1.1215482247852366,-1.220447817157865,-1.0902116338711851,-0.5372066677636784,-0.2883797039263265,-1.5530677715903867,-0.7126499423926315,1.232415203858759,-0.31153015825537106,1.3540761899321934,0.4049644201005299,1.4239612734955234,0.1490233580085527,1.2129161359760836,0.8770868032850654,0.22492394959618292,0.784828642549934,0.2561541970048073,0.5467069199339561,0.12661398586917738,-1.3591830356514452,-1.7970682242132103,-2.0034210043876364,-0.6002037593577658,-0.0358736057375132,-0.43998719866894076,-0.6040293642734217,0.21042072694774697,-0.34275773060306863,-0.002979603697824031,-0.18257556358508734,0.39607942293916676,-1.1063051599194673,-0.5643147205551765,-0.659432728481921,-1.1784090420913622,-0.29901318826641,-0.19313198981557286,-0.2508571406933091,-0.2589583409280295,-0.30676125830114004
0.28539857849866723,-1.6509438215846501,0.35923423770480606,-0.28750276434156025,0.2520208831536826,-0.6195962977397874,-0.16976064378874495,-0.8439470924189011,0.20124082946737107,-0.061664109349115974,0.9879913512834251,-0.7839081082430572,1.2044025070307627,-0.5907169615484378,0.8808083513997575,-0.48111810965267005,-1.1639074436371046,-1.379466975844229,-0.9914242613888532,-1.5709544328772875,-0.7192833998442174,-0.3969263395369786,0.20072480047907543,-0.03465826008005853,0.2886294570063039,0.262763364694181,0.9979457035755815,1.4937816080817024,-1.0657906455307815,-1.4835321585609613,-1.0697826831960395,-1.1191809651645324,-0.8292858713973067,-1.284230828070714,0.12493236294580168,-0.7325567175867357,0.27483084833872373,-0.8803007047191186,-1.078550224992235,-0.2885716486374709,-0.32984957863246556,0.13674974215953364,-0.2696663373817284,-0.3474256502397451,0.13943786906970715,-0.06945158244479832,-0.6669416356894835,-0.5789201910108417,-0.1356201870679366,-0.09152609524097037,0.040766196602500686,-0.11962655379366635,-0.5270204010051766,-0.4399665787649053,-0.5176925358267258,0.027859731395627224,-1.397450772231978,-1.2954040009560983,-0.027270614910718204,-0.45949861581758866,0.9494595188108093,-0.5323485662180042,0.7285858228639115,-0.5373740422497266,1.0349789857647669,0.28498268613232564,-0.323092038453937,-0.5640417333005882,-1.112725653305019,-1.4850584668615265,-0.4527458513566553,-0.9131990607024794,-0.44198699337124814,-1.1183232294599006,-0.5965038643238924,-1.2090379280895645,-1.3668821237841104,-1.1894815364652072,-0.8047329125823703,-0.6966041939618666,-1.4282672273618475,-0.8607433068340763,1.1585293466207425,-0.4145618542577437,1.0636653428481393,0.24192781268749147,1.1121237853919976,0.1425203880291138,1.2519464607853241,0.6920746330477031,-0.24058209858708338,0.41323609479561024,0.02539287491313367,0.3161550478012043,-0.011996826037508785,-1.472832779164443,-1.9018616969480957,-2.0133196347332856,-0.7773771105356446,-0.13648519467952006,-0.3712929851748212,-0.6728565855942945,-0.1440744010843443,-0.2499752281045417,-0.47683680390161126,-0.3997243107286178,-0.04570100088935819,-1.4772349252901087,-0.629958775023216,-0.9270084936997103,-1.3729044210007129,-0.5955293837796761,-0.39886358167684444,-0.4811929875227258,-0.75597287855586,-0.4836892460296183
0.5835476811527213,-1.269883197889617,0.1045820521653338,-0.5240565887295967,0.1431970571405028,-0.5929467789269278,-0.25113072756432586,-0.925117541777149,0.22733050614076428,-0.2679975666609314,1.179568233657864,-0.4357254796245458,1.2161799602051329,-0.3622504461044877,0.8945034950435886,-0.43173289216853583,-1.1072732098673455,-1.3228687531436485,-0.7766778510104381,-1.2455319152224744,-0.7446458571656495,-0.5314475335015085,-0.10569559407856755,-0.40313875888274203,0.03148731747527985,-0.07598659030459627,0.7876945136451283,1.188563501421873,-0.6179658455029835,-1.1706261471866124,-0.9660554085861068,-1.1098622726992158,-0.7453458778735388,-1.1523374758860572,-0.10997396516310114,-0.899124233217579,0.17278966574225135,-0.8030714946478394,-1.1408978804628198,-0.2780041124375215,0.15787196667661704,0.20426867270713478,-0.1583594645526541,-0.3040084029901473,0.3102733934832382,0.0446210645336776,-0.5191315803279294,-0.5132582575177661,0.04083234723552622,0.016626317889254047,0.13678998516015875,-0.14712187282503392,-0.36834747959005115,-0.5335733611632814,-0.4278581399668325,-0.06258906647832968,-1.2385553631838992,-1.132964061921118,0.0517684110313777,-0.3987277988911578,1.0448912433791562,-0.6254255575965064,0.9972334410351341,-0.1737906673945474,0.6740426110994493,-0.04804860015088327,-0.4566730865082799,-0.6375320447956955,-1.0447037689640328,-1.3276257801873363,-0.5889027095295917,-1.0919636422491963,-0.24315237593654643,-0.8807279712091177,-0.543820232336928,-1.085638420634089,-1.2959306840982896,-1.116805091585016,-0.894807432387067,-0.9027396110903568,-1.163729787849752,-0.8217573392815872,0.9617971497584568,-0.41380072841492777,0.6571276085349598,0.0989953154376344,0.6738498279562734,0.1470341943635644,1.1173153005041312,0.4516560210602046,-0.5615769938429888,0.06696252258415154,-0.1583977085935162,0.09115171841492196,-0.06629252447747536,-1.357762036264803,-1.6647329203619325,-1.7070296683003825,-0.7623657560116375,-0.1315707735726838,-0.18253247219105506,-0.6351557906128823,-0.4019576186095394,-0.18459665315582527,-0.7435658299806269,-0.5453168429023002,-0.38742383310119854,-1.6227809549239618,-0.5453577650432554,-1.0254804224621,-1.3089624772925716,-0.7120802341290142,-0.5115338572073796,-0.6166961206611858,-1.093746046060584,-0.4915968292990639
0.7051109902506584,-0.8217829516858026,-0.07024444052081923,-0.5793190496929792,0.06343746147638998,-0.4604768242036193,-0.23107335107836147,-0.7879248228843072,0.23789601251269207,-0.395680377744706,1.142901593893541,-0.10300972441828703,1.0445840408823415,-0.12257444203241584,0.7211993189186832,-0.36601350996157866,-0.9174054826354014,-1.0779306250388685,-0.49517893563603976,-0.7957568774213432,-0.7066937644806415,-0.555684160527465,-0.2869502402970996,-0.5896673111740541,-0.14047041327714066,-0.2847237857234993,0.4862075225883142,0.7332439543671613,-0.14651834891691795,-0.750034342479667,-0.676095635717078,-0.8779975155897297,-0.5197163504613238,-0.8276882693425929,-0.21892723267242759,-0.8265480124383381,0.07805571928368779,-0.6153704967945466,-1.0332844141063005,-0.2576084069985669,0.3720637641093223,0.2124972225867392,-0.045649733247180864,-0.21596090331189266,0.3965324073577387,0.13036854347441412,-0.3183241859102069,-0.36895311938525477,0.15176407344765294,0.08639852449066573,0.19837586991442135,-0.14757779933655446,-0.18141867555453786,-0.5029579356894504,-0.2778802071618783,-0.1138001959876565,-0.983980641106026,-0.8605761656507024,0.17080732955418756,-0.20993547366843318,0.968067809711963,-0.5514644448116514,0.9876618812322473,0.11765686592691592,0.3148539559043183,-0.2557679453721064,-0.4308949052516146,-0.5252345497586208,-0.8827931797581623,-1.0354947142819804,-0.5792060103611926,-1.0059335441978752,0.02992037332711718,-0.5230887519640642,-0.3361521223193456,-0.7897287991723416,-1.0155614588973545,-0.8859712887817812,-0.7949966504203777,-0.872291791028049,-0.8355536656865779,-0.6301014195957964,0.6385677581113327,-0.34684202419807103,0.20953070897908896,-0.017832901769436794,0.19194809393138204,0.1286078172792536,0.8068099659441531,0.18289857938031848,-0.6725949535689325,-0.18304634603738623,-0.26437182753996114,-0.08184724604219153,-0.0505652275779126,-1.0399946444814225,-1.1562745874637939,-1.1547713187535524,-0.570939086920191,-0.04445073558850799,0.0507313384423856,-0.5000881233043586,-0.5101649371969534,-0.14244773676264694,-0.7422872784615526,-0.5683370363174861,-0.5421303518166615,-1.4819235832248026,-0.3433261660353544,-0.9302171783448715,-1.0073922403509992,-0.6249411971139419,-0.5051375167637984,-0.6229823836254275,-1.1617052146417395,-0.3313885872152336
0.6062265718783238,-0.3837305459972366,-0.14754281955488407,-0.4515298283528857,0.011375020744873659,-0.2641610965637149,-0.12999017284131345,-0.47228496296818134,0.20921155609594227,-0.4104580177038601,0.8544595597815832,0.1292993637193615,0.693082791933801,0.05880067068437878,0.36788631357250345,-0.32656519922934524,-0.6218318045656231,-0.6848870409839114,-0.21612609750974893,-0.331404114411117,-0.5936281987165094,-0.47774248911853323,-0.3245537120506863,-0.570062765144356,-0.19934773375295767,-0.3339264972771468,0.13273844269964233,0.19595223759809627,0.2247180617397783,-0.3209491022167854,-0.27446885451420966,-0.48194182801255697,-0.22242340968626675,-0.3946131771578542,-0.20192876042213623,-0.5403880340709597,-0.005473233668862451,-0.3609994058640115,-0.7570630300619519,-0.24190289360876266,0.2845840984785154,0.12727736660842814,0.057093555276881404,-0.08515817492039916,0.3823004016755519,0.17115685032632919,-0.09829907404505002,-0.17211811823045534,0.18249706486187167,0.10676632435005057,0.20576362858737163,-0.1161989534257421,-0.005443843515986771,-0.3554947933877031,-0.11347570230811314,-0.12256013137314686,-0.6528650607172609,-0.5192421742845617,0.2788730758847606,0.05083300444022482,0.6978219994001069,-0.33992031747370244,0.6733815802515979,0.24362009865518724,0.01190754198830852,-0.3058160254293289,-0.2647699652011636,-0.2673163377273528,-0.6324598999113396,-0.6398354059733441,-0.42055477548437614,-0.6776208453022642,0.27925325457326733,-0.14155908205995157,-0.04418579689260952,-0.380548961248823,-0.5627027757956398,-0.5265487757991698,-0.5256468738499789,-0.6160861255233728,-0.5016071241346041,-0.3418702658435004,0.21247256844001625,-0.25498174732003587,-0.19673153449377517,-0.10498889738445503,-0.24607349708302942,0.06509731014548817,0.3510183409741634,-0.0821659442402739,-0.5521319351602242,-0.2878399330840565,-0.27320214152606626,-0.16119486459102922,0.008442402236871984,-0.5755177259746665,-0.4906132723705834,-0.4618130800583847,-0.24633954296943608,0.0894312624466673,0.2431183357833242,-0.28831424287599794,-0.4466662369747632,-0.10952290110227711,-0.4752133439982252,-0.4436760711098988,-0.46898859286765066,-1.0483598854892908,-0.07641553267619458,-0.6542583508291007,-0.5277444464862356,-0.34826946733877573,-0.37045035974308166,-0.47811357533195115,-0.904855263901769,-0.05169930785964056
0.3084852963860974,-0.007704377254803779,-0.13353438291266267,-0.17856661732931575,-0.020263767825601152,-0.051185798465377956,0.015776179591081362,-0.05266551515965302,0.1306762590337027,-0.30026334219467793,0.3479793803421948,0.2082640559711912,0.20422691155770706,0.13258752612173771,-0.12346136902535745,-0.34829480578425626,-0.2547784724259099,-0.1991536829147014,0.008154144872447769,0.05383370418877346,-0.39965011283640894,-0.32668978029529444,-0.23701511407941606,-0.36963660549215466,-0.14254723403951977,-0.2303117901533919,-0.2230596019010849,-0.337409902667076,0.4042216981331002,0.03126426321853993,0.14580507962931047,-0.012453251696187011,0.06913225986803472,0.04833478542674007,-0.08915096698197054,-0.11543848822072461,-0.06924852446355209,-0.09023672509582024,-0.3391495383550116,-0.23942772124296843,-0.038681209883303494,-0.051650881278425056,0.1516169483522507,0.08705980101097952,0.2881393274182557,0.17532825766426033,0.11753081194949692,0.053152169992580524,0.15303811562653719,0.0925250408783837,0.16529630329203227,-0.04374825974138223,0.138174794802456,-0.11575327533161003,0.02802119482921346,-0.08549308989378822,-0.26124684749890975,-0.1483313894664111,0.3403238553628252,0.3279494166659544,0.26162105074882736,-0.04524667116876113,0.10665813427796363,0.16560588402820614,-0.20006204786626514,-0.202081143040902,-0.005431114219149353,0.07023673557928149,-0.30426797769740976,-0.18073964274502566,-0.13356079187884556,-0.17851848749858168,0.4211296975604267,0.18158834124499568,0.24963019575837472,0.07196138999713027,0.00017668196084982197,-0.08486264362558169,-0.13863895513960256,-0.18985985125877639,-0.19469325487815578,-0.021924590546216642,-0.26845487236379556,-0.17232447876748755,-0.49200114459916405,-0.16109205623862616,-0.5700110525703936,-0.04603354285389038,-0.1879297673355974,-0.3094501789171982,-0.22876230385171642,-0.23194301917208704,-0.1836280465128944,-0.12103536469849933,0.07780353559159692,-0.04245377823602257,0.20012650386278355,0.25352535629950745,0.15092147779528525,0.23367528890084338,0.32458672148461615,-0.02872381234517525,-0.2250203014457322,-0.06686261102092585,-0.006985705065280068,-0.1840883440259981,-0.18367038109191883,-0.37948058591189476,0.19449939095827554,-0.24877013835820566,0.04415708036266951,0.06831798073707995,-0.11981360023825192,-0.18100908832951967,-0.3434726218110313,0.26780100561475567
-0.10358091374400091,0.28387043027042663,-0.054798551354614006,0.1691659651187659,-0.04123262140985482,0.13428952237486347,0.16367289821959186,0.37743385323511264,0.009777321237706466,-0.08282750245029165,-0.2861937657934452,0.1273966472832173,-0.34386143109722855,0.08216957434115496,-0.6811515015064211,-0.4501755932574047,0.14278497396205522,0.314411038808896,0.1511343956507353,0.2995706739535413,-0.1332791562519922,-0.14624916048709244,-0.07397040657501702,-0.05815006716166243,0.006703939709313548,-0.016087924828024434,-0.5290884755069241,-0.781920019079752,0.3565448088655221,0.251548715888683,0.4947341087921191,0.4268722039666234,0.2884897565005239,0.410006372006858,0.06809982581188789,0.34152803631666295,-0.10105564856051093,0.14944964575703662,0.16814233194230951,-0.2523866036442582,-0.46233720774913967,-0.2912395215127082,0.2476743087497217,0.2951016794854807,0.1641065590748309,0.17177969601634105,0.31803106384912116,0.2869424761677418,0.11018916665467364,0.07887442161412946,0.10776387126022434,0.07997189475873213,0.24840093641950695,0.17913676598780365,0.12576465039721238,-0.00010935766237133706,0.17130425822852924,0.21741462361606592,0.3470637929685052,0.5805104363213212,-0.262220718989238,0.2668360492897505,-0.5910701728205036,-0.08999555010906769,-0.3117001916698352,0.015553170477479675,0.28316625637689774,0.41084919788856084,0.08008918532956866,0.29386234296897323,0.2388377150302394,0.3855471499014381,0.41097274042966675,0.3961642004638155,0.4736472149200746,0.49742856155234766,0.5925575285299615,0.37755881952915393,0.2901141436543457,0.3150768468953306,0.07120385652813288,0.26722518446965876,-0.742773375634822,-0.12069239138068182,-0.637222272678046,-0.18789222477082324,-0.7438780852702305,-0.18662780552790256,-0.7257184503888978,-0.4680176564400891,0.22388935051323847,-0.03707373807297993,-0.01543887792305909,0.03995135054082179,0.1253341757013905,0.47080006229468585,0.7928424447227416,0.8827015804028421,0.554808998243708,0.3610401978721487,0.261390010640926,0.24515220373325552,0.10797820285104173,0.0034253689386235433,0.5516046249107012,0.15935642777264478,0.24626109995395756,0.4096400587514775,0.4132566220047303,0.20593234406030123,0.6120281050790773,0.5492319904059003,0.21169237660512796,0.2413693772376219,0.4257140639248504,0.5430100700945734
-0.5043852568487013,0.49285212755861746,0.05005123925049322,0.5041224775315846,-0.060148385078653104,0.2574083738192783,0.27568092531859945,0.7252940279353238,-0.1290437536801222,0.19424060350553313,-0.9176490473408095,-0.0734064489985923,-0.8511650123731068,-0.07401735215360691,-1.2165619990229244,-0.6323164563920449,0.5229315947393957,0.7868213281574153,0.21285310065575425,0.3859994468818613,0.17650793045277002,0.014282184052818284,0.09794387062628712,0.2669049030965101,0.20490157326434447,0.24045053688319457,-0.7414954900881098,-1.0744817827195998,0.11087393347109975,0.3218451143703097,0.7052854261047732,0.7423240065779886,0.39423057733154804,0.6251131674364097,0.21138849604293974,0.7174550701984764,-0.08960483429030115,0.32096889127284184,0.691388616380086,-0.27836970289565843,-0.8275368189632436,-0.5368611719846048,0.3550152416604455,0.5247548246355391,0.07338562501885225,0.19783159968950534,0.500814398106193,0.5127281467917962,0.1105310533814001,0.108373447967822,0.07779989706097004,0.25966252752261965,0.33999132917453384,0.4853851450113516,0.17759356442730712,0.1322597581019061,0.6142801519871236,0.5479028127275583,0.320161230620942,0.7884788530620299,-0.7588348608912397,0.5335443385446834,-1.2585602358208074,-0.4422574058730075,-0.33783932331983246,0.27997400889714186,0.5349984432868231,0.6837233614755606,0.48385623256638166,0.7311423098087589,0.6367137848382699,0.8971416382131303,0.2558535030010812,0.490802478307202,0.5844305606041957,0.8344789503613763,1.1277344324597829,0.790679980979595,0.6738569205597551,0.7888330597873079,0.2872041881733285,0.47310987851443254,-1.1510333685314869,-0.11074937856054945,-0.6339538744909169,-0.19173110631577983,-0.7724026158196093,-0.32360521597964215,-1.1720554140513186,-0.5371505201162627,0.702908676826996,0.24317213268311855,0.19294082867977622,0.29533502023799335,0.12597592437525076,0.8806593902479857,1.1963023854735557,1.3458807377990272,0.9047095648327086,0.45966568555020915,0.06638257548146446,0.4989893786974698,0.4815344927263979,0.11247807891190705,1.0712022462034378,0.510359557375253,0.7196707995229518,1.1676510610318254,0.5400652413740619,0.6175906545305226,1.085596394306075,1.007364559771904,0.5700937782984008,0.7317692764928372,1.2491948179082992,0.7127331817081718
-0.7627969493913939,0.6338681171428974,0.14122124343763195,0.7418211906731151,-0.08190201567133507,0.2963416140790358,0.32726957166433474,0.9185502748896631,-0.25150288401669296,0.462151986354622,-1.405149056670142,-0.3223201161735355,-1.2171195288032741,-0.29040162859363605,-1.6417781787593388,-0.8782109655877676,0.8333264271004884,1.150787838184173,0.21383218429145842,0.33108674911624897,0.480255619609364,0.10984423640675868,0.21369596251365652,0.5048535483479868,0.3988216335272478,0.46122027337002847,-0.8350920050848115,-1.1904889699710166,-0.24825096605539812,0.257506879329723,0.7468100271124636,0.8705991709215015,0.37672379176588494,0.6655070282168412,0.29043427223383883,0.920542757260036,-0.030985688842548063,0.4024894716476934,1.1450656382690785,-0.3129356979656214,-1.00400563184628,-0.730537881689734,0.4757408571896116,0.7515843386176938,0.07151220891939455,0.2837228751966381,0.6653328202056272,0.7150558788636411,0.19962599133415762,0.2144878773799715,0.11743823517896287,0.48759493143060356,0.4337325498405157,0.7586291404996044,0.19615823103679192,0.30276800636671886,1.0228227681458106,0.816404022230289,0.30018193476336524,0.9494889863069865,-1.1051613865370873,0.7061548902806488,-1.736050877121746,-0.7830684322901684,-0.30989284765091,0.5122390915180567,0.6964975933457146,0.8374868343004378,0.856315969105329,1.0791267410522862,0.9923441496276493,1.2527511559681366,0.010732285275407136,0.4876735803350175,0.5745991541691825,1.0384510496265882,1.5278269726808231,1.0880647058070416,0.9315922994024933,1.1246308869572874,0.43686020471263437,0.557720978689752,-1.4501233002044982,-0.14720698530628398,-0.5229108101670202,-0.18438116343334032,-0.6952072662368582,-0.4197025502254433,-1.4502123855652276,-0.5134519772712486,1.0991189081849977,0.5364522241370725,0.39214769958638934,0.5949632667314562,0.06636412385200091,1.1241233959244776,1.3653328162886926,1.6030940504464004,1.1537012438883982,0.5337203203739821,-0.20483966148583352,0.7015740415711783,0.8151155512156539,0.2604847492062213,1.4353503719644782,0.7905789770581622,1.1282745658724693,1.7393108190307198,0.5588176483565577,0.9031505190062452,1.3951054166870411,1.3603242603573895,0.8913984639569743,1.2081529847567936,1.9532350655370023,0.7573214759706665
-0.7808226687961641,0.7216471741874438,0.18826182119460375,0.820772356800791,-0.10681941990113689,0.24357692142507506,0.3123311176768877,0.9198983759699804,-0.32414570053425507,0.6468447034796763,-1.6311026850240724,-0.5394208696271581,-1.3644269785132213,-0.5094690097451328,-1.8877250903776848,-1.1602816323373055,1.0242298416410138,1.347973582412053,0.1851125082269919,0.17986692559612324,0.7160200899451002,0.10812771372935502,0.22773193337640685,0.5777725743889273,0.5385859313454638,0.5776528291665863,-0.809775240874444,-1.1504647774235663,-0.6053403136499541,0.09604054727931796,0.6289524363027146,0.7921437852824241,0.25650365906356454,0.5422428474132062,0.27570451588468164,0.9022352299287193,0.0659885464045181,0.3894582947731348,1.4447846120406136,-0.3517718671082714,-0.930634324436345,-0.8291806691233513,0.6001285598606165,0.9434295329430884,0.18775450823465464,0.4392921867351494,0.8060384155524773,0.8775654426560113,0.39420864028646957,0.40728792426610894,0.24920592226712246,0.7393545059343526,0.5451236122203686,0.9593930606378437,0.20072206875331355,0.49232716656778913,1.3413913010640852,0.9987859267357672,0.32980809665232147,1.0690606702104979,-1.2044490323963464,0.756142044631848,-1.9067421808524438,-1.0124212380123494,-0.26427174860505054,0.6399776676879386,0.7373209288324054,0.8482905066149474,1.1398546449029634,1.2946239782725304,1.2421031637347688,1.384779636582558,-0.24006842309911797,0.4282362481886424,0.4696788358438344,1.0865523396026346,1.738993471612524,1.2216914108848727,1.0046409381518497,1.2410039222916471,0.4921658648148868,0.5000337466033377,-1.6216119882775855,-0.23442231429846916,-0.37102331664940047,-0.18224575140319346,-0.5710259668896334,-0.4459607665810653,-1.5149299692295872,-0.41525252754348335,1.3215755524498136,0.769174651320377,0.5327289692168862,0.8755668194645104,-0.05342892752679572,1.1714125996080458,1.3040283615771786,1.6556431308676185,1.2730773232769823,0.5984621171519963,-0.47116690969847547,0.828202481605687,1.034465869932034,0.43471486733263154,1.5675333830882343,0.9448740806830952,1.383134364910336,2.0006305794418155,0.47823886613025124,1.007808027486276,1.501591525414228,1.5450396547720384,1.113797362678705,1.5774599922009434,2.387780675043128,0.702365591286255
-0.523759785511776,0.7619967915579766,0.17749257343070476,0.7168470247067614,-0.1316822418770003,0.10528910764572515,0.24301222100219386,0.7334839144361419,-0.3249241466171565,0.687954426819978,-1.5317045446622997,-0.6618044044068295,-1.2589340726831384,-0.6791461228877396,-1.9182772065348312,-1.446227419203879,1.0591926149719917,1.3376861307594197,0.15778397821533408,-0.010569666700299043,0.8240598610250988,-0.004720231284743953,0.12603574860626737,0.45062314613945376,0.5898384525851499,0.5479305594984938,-0.6902939923879957,-1.0137333876451593,-0.8463074526947005,-0.11728995362388817,0.39574032877240234,0.5340620958066035,0.0755294542758627,0.29877010584066094,0.16511582210627815,0.6676985008876655,0.17833735249357394,0.2939503768155156,1.5229261948666086,-0.3917091472681347,-0.6316045772731672,-0.8168708213089065,0.7076140715166074,1.0667139740056373,0.4144606873402155,0.6474654607554282,0.9088699214333492,0.9827833092888976,0.6732194873019075,0.6661114147362174,0.46450269246691755,0.974608047386535,0.6754635425640825,1.0574092144317255,0.2076328504236777,0.6714301876928799,1.5143867435341865,1.074385761406203,0.4351921147888244,1.1494674900193242,-1.0161041022924964,0.6763010556264338,-1.7266337165090313,-1.0700004211395087,-0.23060896099181002,0.6143010638252958,0.6549647532614169,0.7211896203046213,1.281479210515115,1.351261110062532,1.3388307360254807,1.2744920613890005,-0.40986189469653134,0.3554825058383199,0.31586562163500226,0.9799079570234387,1.7428462935569229,1.1746486454282743,0.8693566198445535,1.0997491425755388,0.421432521815602,0.29804236157740893,-1.6716753906722308,-0.3788593115606262,-0.25088295224935553,-0.20359230937021972,-0.4576480729554102,-0.3923821454423789,-1.363770169014555,-0.2818405434521822,1.3171580321576015,0.8837373850756611,0.5759528457533628,1.0751111615783358,-0.22134736529534274,1.0316952993207944,1.058255507099868,1.5382152779035896,1.2529971518160838,0.6714046529688401,-0.651475879082696,0.862907766326111,1.0857145388051614,0.6101136250224505,1.4470122276676636,0.9591669374326302,1.4336245614722796,1.8873414087103157,0.32692031308174513,0.9163763659285683,1.4013489772507983,1.5278737391707555,1.1902125360768359,1.7551613017082555,2.465355835997834,0.6066245859078007
-0.03278653166141337,0.7492853630939961,0.11438301535337032,0.4482128445143848,-0.15219967712719173,-0.10066427576322079,0.1447446767930829,0.4016663470123531,-0.2503038835258308,0.5553492442474354,-1.1141018844461537,-0.6617632829259602,-0.9199942188293053,-0.7670321906437558,-1.7371713675746598,-1.7043000579448229,0.9262628479635976,1.1056223648353838,0.15472165483987946,-0.18636700296183373,0.7639364539713877,-0.22200082459554885,-0.07100183971958855,0.13987994217870725,0.541653569736634,0.3673483414559794,-0.5192120734508099,-0.8606120866537051,-0.8895447966398824,-0.3422070582683613,0.11209378777176965,0.1619598730507587,-0.11570317518596668,-0.002281245333480558,-0.01679945891057565,0.2721308664613279,0.2726164427875119,0.14153866706287588,1.3437343026660364,-0.4306563665081061,-0.20372585531288845,-0.7077407534436816,0.7725291401602239,1.0947369732887684,0.7074421259339888,0.8665702304278099,0.9526765592536314,1.0141064626631444,0.9806241332809291,0.9415481115759988,0.7213429227879354,1.143332727278843,0.8082242670201932,1.0345320840472476,0.22265273558582255,0.8032888700693729,1.5003948694603824,1.028565929234361,0.6128444643879777,1.182531571121436,-0.571133978788798,0.47815374776020925,-1.234525296358022,-0.9529037968952502,-0.2236442820828181,0.4210199953569532,0.47253292149443593,0.4853634979603949,1.2454441952246942,1.2450529916154844,1.2617963348900638,0.9528780764293022,-0.4363140786217186,0.29864109145355644,0.16323674899935015,0.7424117000513586,1.5603329043998588,0.9667425358061761,0.5427803035065581,0.7153231073550392,0.20617843966207464,-0.029379577157515394,-1.6236022185603303,-0.5866959867626541,-0.21907675515158814,-0.2644115652362264,-0.39438108833038543,-0.2737248654608427,-1.038623550331419,-0.16651605260769367,1.080403469937395,0.8511359373240551,0.5016621546422507,1.1469622804023798,-0.4175061710845441,0.7496837476376875,0.7001237153725463,1.3045365766372368,1.10002809254321,0.7625365443149503,-0.6905293026376117,0.7992156852268398,0.9446860057806371,0.7525284096202477,1.1099498607852107,0.8640686799608092,1.2742959308276638,1.4091493388379213,0.1440781631763521,0.6539538749695243,1.1239909349796842,1.308540546778235,1.0979391403654986,1.6857015063402934,2.1836468128405007,0.5389442261349383
0.5835964312124644,0.6706007965657902,0.020330963381401782,0.06956521025535042,-0.16612653045537212,-0.3477609601486167,0.048019278973957816,-0.00669744539727679,-0.11697419104870369,0.25816732981660634,-0.45566899394019467,-0.5525202839485921,-0.41826344489926515,-0.7675796662604454,-1.38664558183366,-1.9068784133782064,0.6453878865607694,0.6702009722990869,0.18601085429366537,-0.3089167056590875,0.5283462870250436,-0.5181101622666563,-0.315562417791373,-0.29176430881811394,0.40792225487607625,0.0688186898507414,-0.3455686233267164,-0.7686666631653352,-0.7073445590684584,-0.5510250738066346,-0.15331519458412746,-0.23709279562373559,-0.2714891538722415,-0.2949563231736022,-0.22691581794194476,-0.19566726155910155,0.31295148724906047,-0.03411489277034423,0.9144130126234038,-0.4670701998518466,0.21961852285315928,-0.5394552505273361,0.7724207091726056,1.0153168618744413,0.9969783512316269,1.0405116930769949,0.9150654677138302,0.9594077832688349,1.2392620733058164,1.1661246205304974,0.9526111774324048,1.1959957698140422,0.9117575082063569,0.8861877558123585,0.23755346863845106,0.8499928345119122,1.2850104152792319,0.8561522886792688,0.8267365459311872,1.1494698297798107,0.03210269697813982,0.18736987857678633,-0.5399966044583059,-0.714170428980948,-0.24132243318075788,0.08338520423343106,0.2307593307359137,0.18507358210848066,1.0231490139050157,0.9955767739483514,1.0215536784216566,0.48980363658805487,-0.29972346903132113,0.26494404307820946,0.05004348112959402,0.4167024898787897,1.2461129708130882,0.650092562784606,0.07949028656180937,0.15297234126313816,-0.14065250006095548,-0.44194674496019287,-1.506662840179564,-0.8574858538889012,-0.300276795332244,-0.37418799885134996,-0.39244855463845524,-0.1285708170840343,-0.6167570942089735,-0.12456561953045316,0.6517293255699115,0.6760409436152668,0.31150065882454836,1.0701727297654193,-0.6197391464163658,0.39345357970409134,0.30878580057439714,1.0110273384884667,0.8329862664527377,0.8669463927885266,-0.5771464671677357,0.6397425450791376,0.6200472099454446,0.8243500717992941,0.6363690324232297,0.7228135252572259,0.9394000771405051,0.6464973757833736,-0.03110724881775967,0.2764297723800034,0.7247517170425584,0.9176150385402173,0.842942709032769,1.358033193329886,1.625120517555589,0.5525875554784405
1.1765963074842727,0.5143169381201973,-0.07511879049104098,-0.3426304662235162,-0.17595435771745302,-0.6046485882936496,-0.020765111188433782,-0.4132510905833416,0.0419468326247618,-0.1565616425739999,0.3142905799102934,-0.3804760595199611,0.13876318044122732,-0.700808981189232,-0.9386694606976328,-2.032789314741931,0.26833410907165983,0.08384274276004287,0.24825758663128042,-0.361255828868413,0.1487871757808782,-0.8534843449895501,-0.5470012956667898,-0.7530027895666982,0.22194735519627268,-0.28657259290991177,-0.21313424073315201,-0.79049575714485,-0.33248297710165653,-0.7298970777410503,-0.3443967567174735,-0.5760383303672104,-0.36130574939696736,-0.5245051449690039,-0.4164104745064789,-0.6374652042083613,0.2709655743022188,-0.19841897254792049,0.2890145006215028,-0.49967886850326126,0.5150672311953648,-0.3603932208215533,0.6960455400781947,0.8353939761527354,1.206083037774007,1.1136044718103857,0.780556362350863,0.8151268198859838,1.3717483552388616,1.2707006027688992,1.0828815109260674,1.0950449088746572,0.9475186239349501,0.6214975040931948,0.2319667411667425,0.7805071973111308,0.8876500472963885,0.5646266700494266,1.016701712757731,1.0277713202445415,0.6510008935807783,-0.16135888273974114,0.20644604927416832,-0.4432232477771988,-0.26941172827595716,-0.34420780514722354,-0.023224834365047468,-0.131020173463762,0.6373229476041571,0.6422694632485005,0.6580763342995626,-0.024995602413487073,-0.02786996048197974,0.24039250475403848,-0.007111295958059875,0.05779890196918441,0.8742616111643478,0.29520159037666804,-0.44001707381902233,-0.48458665306335214,-0.564343727607435,-0.8807739476712106,-1.3462038964452,-1.1770652303916795,-0.48193517505316474,-0.5330030180955616,-0.43567161117101055,-0.011379409879735822,-0.1936533245517321,-0.19910384230888278,0.10552987842389401,0.39358768935944494,0.027352955837906614,0.8535018531030784,-0.8087699757198156,0.036506435137127806,-0.04748860496552837,0.7032941492070167,0.47868054755417605,0.9625757033138456,-0.348880004344047,0.3953510377673411,0.15049602996497183,0.7919488216590123,0.12719580338176523,0.6078248718346407,0.48877509593040397,-0.26844500714832714,-0.16874544763182306,-0.14553953604406022,0.2728576745080915,0.4089213595018842,0.4579149154673415,0.8114663665813913,0.9337632080588861,0.6659097290887719
1.5948248468651167,0.2793200323354744,-0.14421228655570725,-0.709717758319513,-0.19005236205849324,-0.8395933314008148,-0.04686915170002128,-0.7480908054444996,0.18482449114613203,-0.6154865592897257,1.0451109471092621,-0.20748350257763432,0.6300357660303928,-0.603791719873469,-0.4809020637325816,-2.0692171541042006,-0.13045645531942868,-0.5725677422554158,0.32697615019298215,-0.3482203745044303,-0.30928260157479115,-1.1819018804660806,-0.7096585327304789,-1.148674581718923,0.026133501433863945,-0.6260732687922143,-0.15175304456899985,-0.939669138593557,0.15088296142161312,-0.8749041671059763,-0.4293176591699194,-0.7882420736530646,-0.37507973787103527,-0.6574446329947682,-0.5447835359150304,-0.9705282826343181,0.13453247610911412,-0.32364623987319696,-0.4370821903887415,-0.5278984326738853,0.6105797448890424,-0.2154110690660566,0.548510101734035,0.581227478270341,1.270944393932433,1.045829751023936,0.5482753764386749,0.5895741039039224,1.3225144023802424,1.2023030268275632,1.0493789066452432,0.8248954937619114,0.8815042172470198,0.2623197189133523,0.1798515871410015,0.5787612562311432,0.3598721132320556,0.17598644537979963,1.1154683914864802,0.8022148916456561,1.1341997471534253,-0.5291844922211241,0.8520349292534697,-0.23522148976471796,-0.2905322038491586,-0.7896977185057406,-0.24724724243228927,-0.41956060204483464,0.13918688305510293,0.23686994250479537,0.23229737021612953,-0.503546753943487,0.3131263687926172,0.1983886156120308,-0.014792368686648596,-0.27498787991453216,0.5189925534799926,-0.02861294393043884,-0.9269195669646435,-1.0792836934239602,-0.9727451047261299,-1.27615521694424,-1.1588653490086582,-1.513819127101767,-0.7208075893993083,-0.7309486462123427,-0.49027486807151655,0.020944595492654143,0.13795062594367352,-0.408659302382972,-0.4678276318275005,0.059285616190551366,-0.3139828573207709,0.5326024015231847,-0.9713183301584742,-0.2610278348775484,-0.32372773659303306,0.4091415847532838,0.06879764352120343,1.0142920734201757,-0.0816321455609662,0.08448532446941845,-0.402715140762433,0.6337447110425248,-0.32194241538898966,0.5741258021935535,-0.00908144832660066,-1.180821196495041,-0.25409338440185014,-0.5438879326795786,-0.16147108605858518,-0.15088012396297754,-0.005106411724969686,0.12960615748312962,0.2756721937493477,0.8556486821264093
1.7222313826273223,-0.019001740285723122,-0.16999406230672004,-0.9698946346986899,-0.22143432120550768,-1.0251548305624438,-0.03114111932634959,-0.9643654709317605,0.2713268031564279,-1.0373846210411939,1.5991576027287735,-0.08972962573845139,0.9475291491054252,-0.5181386226749566,-0.10009767681585229,-2.013682844459224,-0.4708033163221995,-1.2021332943470235,0.40072430307519424,-0.2914632473819166,-0.7608313138523043,-1.4587927234180627,-0.7686113898779656,-1.4045682325406685,-0.1398464431554461,-0.8839361072637344,-0.173501241808127,-1.1884579421692172,0.628781503451064,-0.9859062002494314,-0.40512658350500186,-0.8417532954911856,-0.32272834304816367,-0.6855064500055232,-0.5908632619382846,-1.1464454380416815,-0.08731017700563624,-0.39569752442809447,-1.1425169239032753,-0.552901936258935,0.5078172672463306,-0.13503717191984738,0.3520962922555417,0.294114120147235,1.158110782006054,0.82443359280733,0.23664349880968283,0.30431366113395714,1.0747632819113393,0.93890893032544,0.821322180810966,0.39804673801857676,0.6956971752601125,-0.15861724981867578,0.058544395563072026,0.24984745550177154,-0.2245355790569191,-0.2736386196405826,1.0689470388226863,0.47548274167581994,1.3595704007735954,-0.8774863613645669,1.2782153914758623,-0.15977512802583713,-0.2937900585147721,-1.1803048849810451,-0.41269861062403884,-0.6492446509961727,-0.4008840147861428,-0.1660405638152977,-0.18700348578900056,-0.8781331518494392,0.63830576825928,0.11260247039553259,0.0035007006987598736,-0.5270874446209832,0.23591858302976554,-0.2724234096228619,-1.3034726643710406,-1.5235770558627066,-1.2566974061858385,-1.5602669239483153,-0.9542661292904108,-1.8214402507021794,-0.9586030531016274,-0.9500462054858736,-0.519868201173956,-0.07527734275452615,0.3075942539508509,-0.740137869760691,-0.981047145172331,-0.26490902708690145,-0.6683024801140612,0.16153736042176348,-1.1001353929162867,-0.46663998091211706,-0.5027396768269282,0.13939317375975277,-0.3616651834243346,0.9834824442123036,0.13265371966075243,-0.2672324460399027,-0.9661679803529654,0.3472524824696708,-0.6430055619569647,0.6386313769773189,-0.4911990081558504,-1.944524052809684,-0.2891474519938844,-0.8669069135414975,-0.5187574101614016,-0.6929453743482162,-0.4854294170368456,-0.5765969129650773,-0.20523899956660438,1.0644447403830974
1.506281012200583,-0.34867951584122675,-0.15156603999648025,-1.091757993982736,-0.2840211475268781,-1.1424368921361168,0.010766820894891806,-1.0463007004828087,0.2717894892990166,-1.3531741741901717,1.881157405183093,-0.060399431188912105,1.0199626042126484,-0.4775433747457009,0.1341685969457441,-1.8757694142081287,-0.6874316568989535,-1.709405085311391,0.44569204322798606,-0.22162037975721186,-1.121309790462613,-1.648979800849133,-0.7188332417152784,-1.4853595148791554,-0.2487598429804783,-1.0169985712912304,-0.2733453678909496,-1.4771774018142452,0.985489065617307,-1.0614363119045611,-0.2948640032481575,-0.7441170248012159,-0.22887827286962173,-0.6234929020116436,-0.5575703123994422,-1.1591461906303941,-0.364796329854155,-0.41799687191331275,-1.7030972330144543,-0.5788101537883859,0.2786395116661319,-0.13118257910507747,0.14257045269384747,0.022659183135140558,0.8739484430022899,0.4688599431992491,-0.11664823083819853,-0.007192105931070545,0.6574568905012719,0.49740464848938987,0.4120075236109875,-0.1442743357293437,0.3961630663635306,-0.6005260760222364,-0.14241608892250146,-0.17752141253370626,-0.785024215746488,-0.7372258238818881,0.8534765350365046,0.07387994211269393,1.2644428979614004,-1.1718664225012339,1.4252689281458573,-0.2393619995893,-0.2809683425341219,-1.458491945171114,-0.5085519566751286,-0.8037404592776074,-0.9071211835517665,-0.5182879335230707,-0.5377087406470863,-1.1123408542970774,0.8673995261313893,-0.03072869398522171,0.018330330602295785,-0.6575759036653387,0.04937394123777162,-0.4204337227510391,-1.5193961371058415,-1.7438688532558748,-1.3214323153104153,-1.682448606306204,-0.7414258981154884,-2.0486706472761513,-1.1411951815903254,-1.1680740724151049,-0.5003223532103126,-0.3168927582448188,0.2806587955773142,-1.1494718425840251,-1.3655065228236918,-0.5246057489571344,-0.9920813963944115,-0.19902068115037694,-1.1911217013181143,-0.5808148422789071,-0.5916368220053748,-0.10500779648904486,-0.7749786304207336,0.8405148947471349,0.21334735994888865,-0.6276992346249733,-1.4658321650538748,-0.046748346665147586,-0.8083014018775634,0.7722140890347297,-0.9082694670342034,-2.4488594119390985,-0.29007891412692977,-1.0862154386769587,-0.7586468433906149,-1.1551449584418367,-0.9250100547125301,-1.192674703179015,-0.4240456149804833,1.2193556040729205
0.9695721432613051,-0.6674442513023571,-0.10397223966407987,-1.0791560818433588,-0.38721218974539584,-1.1840795805489754,0.05366114775388601,-1.0092312831006287,0.1741100004192882,-1.521878884988543,1.8557060635537086,-0.12136201679448047,0.828338029710685,-0.4989322892492761,0.18267418170960129,-1.67754596779948,-0.7483324036117212,-2.0192081830665085,0.4399245258172262,-0.17012715984922666,-1.3268424887906913,-1.7323680890429864,-0.5853224033525365,-1.4010442317158422,-0.2907683554030671,-1.013234472753913,-0.43265156672934557,-1.7316435643227022,1.1311959277390709,-1.0968266495076346,-0.13860053712216217,-0.5370619421049521,-0.12471734493814982,-0.5024445000009643,-0.46922624041944205,-1.040821113594773,-0.6532328642691693,-0.411073562873789,-2.0181719633186344,-0.6131785813339377,0.03763204491097047,-0.19965460528682547,-0.03813620469233651,-0.18668770374706778,0.4639085147893787,0.027729109050874633,-0.45989326649804996,-0.30397027967399237,0.14015052234257225,-0.06751642686612572,-0.12032442063229874,-0.7375314590724311,0.015168985415749887,-1.0185037179474532,-0.41543581294777926,-0.6535730870352598,-1.2511608951045523,-1.1630113013706418,0.4847942889318415,-0.3546020453326158,0.8603614585453513,-1.385821070914446,1.299563564412065,-0.44414583776853084,-0.2666121003628286,-1.5930468636472115,-0.5404313771474393,-0.8810235458954264,-1.3134354154851626,-0.7854418558695718,-0.7766299772475114,-1.2029160838766202,0.9455024116418241,-0.22540121569841365,0.005973410494387268,-0.646559399376967,-0.050564744268966635,-0.4921157985970995,-1.5610580555343208,-1.715653835585438,-1.118716692764219,-1.6228259131382483,-0.5358968998839738,-2.15328313192169,-1.2349769344744375,-1.3631814679939687,-0.4296197693124165,-0.6865505966146248,0.06330980672401755,-1.5702340817332372,-1.5806752712059597,-0.6836881186393917,-1.24981802152195,-0.49410603338579717,-1.2389579199783467,-0.6317678715614206,-0.6126233987166704,-0.32335308562264775,-1.1315065868809047,0.5762896241962884,0.11506789803186472,-0.9601854265422901,-1.8382408746222236,-0.5044426529532071,-0.8311727217835605,0.9072423698613993,-1.2264519306218105,-2.635447282221103,-0.2813208336779519,-1.196152647724854,-0.8637480349970273,-1.4882688479719175,-1.2778826418480171,-1.6254510448027215,-0.37425970927471774,1.2547990780415081
0.20293077630493472,-0.9333823871202593,-0.0528361911517979,-0.9667251565473778,-0.5304408286686652,-1.155204746734105,0.07101755980256705,-0.8922806109327478,-0.01319900709516025,-1.5383730638259625,1.5499623910611553,-0.24556802045840023,0.4099691953501605,-0.5792644594745505,0.044186314965762474,-1.4514843249198237,-0.6647379771105797,-2.0922778452206883,0.3669493556277921,-0.1625275414492603,-1.3490312261291326,-1.7065437449419125,-0.41455680568106784,-1.200796818862927,-0.2728313320195255,-0.8917367609269615,-0.6237066064607242,-1.8833300801564519,1.0231129421437992,-1.0857971485452211,0.01873480050754244,-0.2830921339799935,-0.03934689238188755,-0.36033047400424834,-0.36262560493400553,-0.8480661226716829,-0.9027824058228126,-0.4073640581222219,-2.033915417890129,-0.6660540873180159,-0.09938423173839034,-0.3270699864414364,-0.15120428802056565,-0.29886782616234475,0.0017750034713473607,-0.43142235217734765,-0.737041237787258,-0.5445202948901872,-0.3831256985610393,-0.6736070238135027,-0.6838252001004533,-1.304684448244964,-0.39376102954334846,-1.3686846583407162,-0.7338728273835552,-1.1152694415963023,-1.576500818495578,-1.5027628811719125,0.016111983203275688,-0.7498466341645939,0.22917494061682908,-1.503878447218057,0.9633999443252945,-0.7040601224512939,-0.27186280235127996,-1.5830061828181146,-0.5257663907233041,-0.8902061420132552,-1.5763183019883296,-0.9511576243486878,-0.8865628469809196,-1.1734720983377074,0.8554953810299127,-0.4451799646803226,-0.04301549525353997,-0.499520715388419,-0.10082607390534724,-0.5329626277867062,-1.4511898297997547,-1.466681858392055,-0.6679900154321575,-1.3995671975619013,-0.3631449462750051,-2.1152730866129734,-1.2353069531961414,-1.5180370673785328,-0.32962120385287247,-1.1342489752637648,-0.3014676975242387,-1.928329989133818,-1.6167276877473058,-0.7295800819094594,-1.4196307087316915,-0.684714302837919,-1.2335288213769044,-0.6612322090524114,-0.5916827065787844,-0.5074834574562368,-1.3920793349330916,0.20909236701605685,-0.15913305393412575,-1.2269385842152596,-2.0399362640577356,-0.9642641839572422,-0.7556645758010996,0.9583683782723396,-1.425038553219208,-2.503268295119246,-0.2876084793377077,-1.2071884687424108,-0.8388047521052054,-1.6596486215979758,-1.5160460714269044,-1.822628984023286,-0.12528527762189517,1.1325096419012244
-0.6570047637997924,-1.1162798334454005,-0.02559867833717143,-0.8080510835874614,-0.6997765192443813,-1.0718735532891956,0.043702401433855446,-0.7461040310493752,-0.2623580935672044,-1.4313570426746907,1.042593003553473,-0.38813160007180636,-0.14967769274766043,-0.6981151898632376,-0.24413584495247848,-1.235275727301418,-0.48873097608689353,-1.9334901526359247,0.218903823517683,-0.2140804858512028,-1.200435745111491,-1.5859448081959617,-0.2602179194575806,-0.9568773887443215,-0.2136510583855914,-0.6951439275956601,-0.8141067709444451,-1.8866465551149938,0.6757123253155745,-1.0239438199276756,0.13931074707024035,-0.0480150664506406,0.007206489792611121,-0.2326421637725644,-0.2750629565289117,-0.643227169726226,-1.0698431910891066,-0.44209687610679327,-1.7571723755801496,-0.7473908797717892,-0.05649835219794511,-0.49829773822366147,-0.17003631107621578,-0.2973489416364751,-0.42827601444928143,-0.8370589182604955,-0.8997237883838932,-0.695119242471124,-0.81660869464558,-1.2282077469587434,-1.174052374899636,-1.7703252666181855,-0.7669296398762638,-1.614250739790718,-1.0563858396669978,-1.4981470494073843,-1.745959986846361,-1.720487996859595,-0.47402042680699563,-1.0539487386792172,-0.4976667249696011,-1.5236746270215455,0.5123869188298916,-0.9331701893498361,-0.31451748903637206,-1.4542241397108449,-0.48697669226534296,-0.8472386188600323,-1.6825056660107613,-1.01803400696457,-0.876680705629116,-1.0631834943790657,0.6196846365988556,-0.6508578432131418,-0.1206388425234258,-0.24736536459293626,-0.1505240131126659,-0.5967611819922147,-1.2395729900452408,-1.0676034133532468,-0.05776881436757245,-1.066458750281949,-0.2554316945937532,-1.9440786907158998,-1.1649920343610276,-1.6225189452902042,-0.2394467403986624,-1.5879843984171798,-0.7449290236566108,-2.159187941235681,-1.4914819520199534,-0.6726167970383089,-1.4963584872890132,-0.7541062724283731,-1.159347328415859,-0.7061772137931168,-0.548986673524405,-0.6395954268250428,-1.5225901408653266,-0.21584113393399096,-0.5591636383555126,-1.3943686574131742,-2.0539403383758494,-1.3566522937721994,-0.6392212165952221,0.8501305167321783,-1.493177958389054,-2.1024929532735688,-0.3256526459070459,-1.1366270048536669,-0.7060514436567213,-1.6549286944005015,-1.6311810407948828,-1.7822685234969844,0.20049141573720786,0.8527162611357836
-1.4590308405463708,-1.205630103822844,-0.04230291629938529,-0.6602232614245463,-0.8682829859228031,-0.9571944890221343,-0.03344341578520991,-0.6191658696524642,-0.5317581253628797,-1.2528852104751282,0.4431647240895058,-0.501508411789356,-0.7353167091433915,-0.8244914005098666,-0.61406651840443,-1.0641100272477952,-0.29836660917855823,-1.590126276595824,-0.0008787960791870557,-0.32763252469744053,-0.9294508191156126,-1.3979991924716952,-0.1677021010440978,-0.7438617597248937,-0.1365114342489838,-0.47741202424408996,-0.9708150002412658,-1.7291635098214961,0.1581963725932548,-0.911802791196441,0.2011003179225479,0.11578335840877707,0.00783847817386378,-0.14491200505074564,-0.2333100579851546,-0.4768590497483407,-1.1272128355838813,-0.5423944578593828,-1.2554561899073338,-0.8633241053607856,0.17528222912499394,-0.7008771425293094,-0.0870027734570729,-0.18766388530674608,-0.7519822141010241,-1.129387468207615,-0.9186845092912579,-0.7374982453750318,-1.0859071808985594,-1.6480765966948847,-1.499151210139983,-2.074981778244795,-1.044888260126687,-1.7313676840825,-1.3355439998208427,-1.7496671982880714,-1.775030352765343,-1.7993578405743111,-0.9004535408399584,-1.2257204376701136,-1.1705716456829245,-1.4563130417856578,0.04817146505019235,-1.0575410061405706,-0.399429027183724,-1.250319572306694,-0.4448484246589128,-0.7706997503751081,-1.6495547035800537,-1.0050234721902283,-0.776745376537234,-0.9144471571637037,0.2913454534823371,-0.8017746880327423,-0.20414609299226624,0.058425823956580185,-0.243450315506164,-0.7250971743361384,-0.9877827232714211,-0.6129236930391035,0.574767686910918,-0.700385872294499,-0.2425652850893342,-1.6767780650762958,-1.06422324972864,-1.6744615917714423,-0.2029267833509354,-1.9709489059054506,-1.1876143000310981,-2.2231156027640595,-1.2437093904651968,-0.5406328556624636,-1.4916500981344891,-0.7092179247674242,-0.9990750139549806,-0.7829465885245266,-0.49381894344912686,-0.6967025423317045,-1.5003835105188001,-0.6345474303605627,-1.0029587987880504,-1.4387903518188025,-1.892108675742834,-1.6164524554962263,-0.5340081485588613,0.5427351045169853,-1.4282514864236289,-1.5197804960469117,-0.39737363983303675,-1.0004043352479204,-0.49830201241352434,-1.478735590273053,-1.6325539019569553,-1.5498864810163768,0.46390687342828546,0.45396877553212867
-2.06931319569879,-1.212394492675788,-0.10898234739518389,-0.569177151684302,-1.0007683654875803,-0.8358518460804781,-0.14922302611327978,-0.5460979509564331,-0.7743268878243829,-1.0629680764741922,-0.13228202344870146,-0.5494671812052254,-1.226176885462725,-0.9253446657914592,-0.9802782612149255,-0.9621449639127124,-0.17445043577895458,-1.1402218259672998,-0.2763351999551768,-0.4934039899437965,-0.6062680600008226,-1.1771907560071726,-0.16205201434837413,-0.6193373865685387,-0.06263946736992035,-0.29061079091019154,-1.0642751934497612,-1.4329698601980008,-0.4201734284989894,-0.7557057723628168,0.2014539115741054,0.18107259180251617,-0.03149129357974407,-0.10849515516219949,-0.2469459546546126,-0.3762730481849511,-1.070447026243556,-0.7175099703043581,-0.642140960900524,-1.0123676272517748,0.533876370968166,-0.9247157069510279,0.08395878656273063,0.003499058559670355,-0.9221457982632542,-1.2728612275061961,-0.7914790672772176,-0.673737305094189,-1.1551152809085015,-1.8768309198686517,-1.602287033198801,-2.1860884905545013,-1.1862983095103123,-1.7137061993628713,-1.5283627095646173,-1.8407448681303529,-1.7014593138622407,-1.7447923018508849,-1.1914963745919633,-1.2507265704738069,-1.6557462808929755,-1.3245274877035704,-0.34549866389688555,-1.0373015355490909,-0.5133629017840375,-1.0209790306989623,-0.41384700054363005,-0.6784796928521482,-1.5192808032476728,-0.9419445824961689,-0.6273549848309922,-0.762988367293516,-0.06050553522790565,-0.8677332943785223,-0.26334878716987314,0.35511741567837785,-0.40334001035242234,-0.930811768192794,-0.7527496160087426,-0.19761605881951214,1.0803470895756635,-0.38170495176813823,-0.3399533913890901,-1.3676594954657404,-0.9760805995565017,-1.6785499762943041,-0.25439579886918773,-2.2206199653057594,-1.5549088312012624,-2.1148734008153807,-0.9248880790667104,-0.37088970615484884,-1.4308472735912974,-0.577263559145462,-0.7405021865755197,-0.8795137282944319,-0.42497236038992114,-0.6600302113687756,-1.3208584630216145,-0.9784888501963291,-1.400017360996134,-1.3512076693477668,-1.5925309675570083,-1.6953224034754502,-0.47224578105692794,0.04791720977548858,-1.2368384582048102,-0.8589177014594443,-0.48661478300177113,-0.8089793415528793,-0.251572626070756,-1.1545329294120572,-1.5421806853954472,-1.2042075071208702,0.5482461994907034,0.002604239867135718
-2.3967008328260175,-1.163757264514001,-0.2157940444152114,-0.5595723913786873,-1.062088121206005,-0.7283035315517853,-0.2787427284638299,-0.5408313812001868,-0.946994448517212,-0.913701701818794,-0.5838762781485363,-0.5156659052208237,-1.5210008657726806,-0.9731866668341277,-1.2582282789951513,-0.9355541275813835,-0.1761369374577643,-0.6738700567032624,-0.5791154285463882,-0.6904558284041106,-0.30405091898277226,-0.958306821795376,-0.2426270047198121,-0.6111780320529525,-0.007052555832472257,-0.17406060324707892,-1.072903623395833,-1.0478347347460424,-0.9338543737727064,-0.5660616526378903,0.15516835582455485,0.14991633542672825,-0.09496374253337946,-0.12012484067472617,-0.3077533617575292,-0.34278452386348446,-0.9187163821060015,-0.9531283103361478,-0.04989523446869723,-1.1828010686533648,0.9058651535690675,-1.1578952806693814,0.3097346903030361,0.23361583767102678,-0.9280423730769034,-1.262326054137178,-0.5440523952361502,-0.5267102988503147,-1.0334004853132015,-1.8955138544542118,-1.4751282615784707,-2.102854552367715,-1.1774042340077393,-1.5742093631498693,-1.605866054405445,-1.7722736008613265,-1.5721122855106282,-1.582570981135531,-1.3049805307031417,-1.1438482564653718,-1.8634251537602644,-1.1586249062587628,-0.6176580348108058,-0.8762546584995772,-0.6267963910863461,-0.8108794374466265,-0.40028838242549863,-0.5857123609598176,-1.3458736968739842,-0.8621518397506758,-0.46941266432877854,-0.6324173706561955,-0.36840088943652216,-0.8373776590237219,-0.27018394529444756,0.580948090166807,-0.6262214192507466,-1.1909383868169852,-0.5739868256898595,0.10429155980446543,1.3388204068863327,-0.17313256773904304,-0.5390076233665227,-1.072801471546184,-0.93277273483631,-1.6439238799741487,-0.40739251378994135,-2.3043429217846327,-1.7900635165858123,-1.8649451774169576,-0.5909118235634376,-0.20170618346883545,-1.3469497521318823,-0.39857322033440806,-0.38474728018255894,-0.9586017484734958,-0.3356182298855569,-0.5253778968344843,-1.0020303529097114,-1.1909267235442675,-1.675792779651883,-1.1397603961557872,-1.2118746018765967,-1.5714253534902995,-0.45923118739681934,-0.5701086046241787,-0.9373535533255986,-0.2209670014824146,-0.5608026116616172,-0.5684223510837415,0.0011764712183507276,-0.7233318687208246,-1.388680607806996,-0.8356847215251857,0.39090618044516806,-0.42436128922061495
-2.4066689710332123,-1.092605446543262,-0.3404221027696335,-0.6313140792894381,-1.026806853435491,-0.6460806449223888,-0.3904361092351809,-0.5957129609122737,-1.0191298064217853,-0.836958179065705,-0.8445771788172276,-0.4050077400376555,-1.558411894543347,-0.9509893587260262,-1.3820616813938669,-0.9694372582817099,-0.3230896904742662,-0.27243680626533484,-0.8718661816631712,-0.8898277752891596,-0.0806268298499745,-0.7701322914311242,-0.3855635045436211,-0.7140648816790921,0.022416672328129925,-0.1479268813257316,-0.9876308994869574,-0.6387149884970876,-1.2689070813860115,-0.35418194374392353,0.0881301209562101,0.04980958937874988,-0.16234042656848988,-0.1649216716590575,-0.3947615348012242,-0.3573169490901741,-0.7098762777159395,-1.21180468085265,0.40114364500048516,-1.3522864548863465,1.1634065144459114,-1.3814677501016046,0.5449895188024186,0.4530362379427452,-0.7948523101472658,-1.1215295892063943,-0.22535769472749156,-0.33551438328862454,-0.7696971039833886,-1.7237502440655064,-1.158795480577817,-1.853917740113843,-1.0345000376377578,-1.343244994041718,-1.5590692212284036,-1.5745946535009037,-1.4290117618994858,-1.3522515671264104,-1.2364615211907037,-0.943957596791652,-1.7643284920992635,-0.9907791132917755,-0.7538515723329045,-0.6170923707499514,-0.7025256241393228,-0.6518167829712157,-0.4033299874364176,-0.5039337405922149,-1.1818610475052127,-0.7948128025917066,-0.3358379069404963,-0.5334323785785461,-0.5811777684253091,-0.7206170962252197,-0.20774115892463565,0.6877488219707835,-0.8817172229927881,-1.4515565587563861,-0.4677298843192925,0.25373493342845305,1.2918430527088036,-0.10360958800564443,-0.8044062110430186,-0.8349997238108631,-0.9469731331553961,-1.5813094327882615,-0.6496154977348633,-2.226899400672547,-1.862528536854836,-1.5321008214963197,-0.2945401943259789,-0.06568094646845635,-1.2725755717027452,-0.21741581247985337,0.047353031029913444,-0.9704986992502398,-0.22021446949540785,-0.30981227337615264,-0.5849200942335113,-1.241036367149905,-1.7895442586512702,-0.8291353207585266,-0.8137453623574066,-1.2543208045184335,-0.47515294826413385,-1.2089264436852725,-0.5621676347112464,0.31242970816878024,-0.5780100170967564,-0.28550697168318967,0.23413899914460357,-0.24050877783178154,-1.2012195643778802,-0.5238167834838433,-0.0005916207897915347,-0.7577553732437543
-2.1224516546250576,-1.0254248836601116,-0.45550713673222787,-0.7627506032703829,-0.8873239900237393,-0.5894420750379028,-0.4554379023731391,-0.6861643335910951,-0.9780708614617382,-0.8382543986144841,-0.8886768601162196,-0.2386268541928659,-1.3285416483394705,-0.8537727354005927,-1.3183731966803502,-1.0300029520867529,-0.5897710980658498,0.008761124399611476,-1.1144984522519303,-1.0593112988837265,0.03445467361891919,-0.6306327626268021,-0.5526179855864787,-0.8949442256743269,0.0235749712331244,-0.21184273726676184,-0.8153561259065899,-0.271031183403465,-1.3488369414883068,-0.12953868254660997,0.02865011050997159,-0.07644861486324704,-0.21507606787986658,-0.22180900656490685,-0.48268196812222336,-0.39141155858181714,-0.49101058747883614,-1.4400103743455241,0.6321227689794128,-1.4901868616582314,1.2062212904214458,-1.5667708651502639,0.7420554699541934,0.615248976139923,-0.5738777046291241,-0.8948491137302124,0.10388903430920148,-0.14670323233518007,-0.4376141845354862,-1.4116720499126174,-0.7323092603605972,-1.4887102800045204,-0.798727412446281,-1.063105614043444,-1.3998225835225109,-1.299677646034781,-1.29857477681014,-1.0975999207281424,-1.0180255048737088,-0.7027916613678467,-1.3916916919784823,-0.8487758092243053,-0.7702340740677348,-0.3252381593315255,-0.7083274937369111,-0.5592766636260849,-0.4179011991581805,-0.44114342453749594,-1.0654849605981398,-0.7583902339453257,-0.24735115681419548,-0.46638784850386616,-0.6729858474628191,-0.5449176136731168,-0.07631639725715875,0.6510138871972773,-1.122266476235615,-1.6430286776229235,-0.428522978672952,0.2502986973275556,0.9569469887874148,-0.1621607571090515,-1.0802480660242846,-0.673936996984972,-1.010407708005051,-1.5004649945842063,-0.945325939343135,-2.0278145888943495,-1.7706112151993636,-1.1890858757038683,-0.07885910623094525,0.014515081059027797,-1.2314686847615488,-0.072883395826378,0.5133807796618818,-0.8710489435722092,-0.08055643102073848,-0.051273521862519725,-0.12860336356730329,-1.1318366528919217,-1.740859125961607,-0.4571309472881239,-0.45543157335308265,-0.7840380650893546,-0.48418510515932356,-1.7530443463972927,-0.15680297469382104,0.6900965415205105,-0.498400156261322,0.02615718153334498,0.43022452103538283,0.2299684781950012,-1.0046126423680455,-0.31935517740564423,-0.5517722584908906,-0.9512231725600412
-1.614964454426355,-0.9729625205684646,-0.5375546038703332,-0.9187292281567045,-0.6578385209921556,-0.5480882673382789,-0.4565479823365211,-0.7790573203395058,-0.8306632041149684,-0.8975734715659457,-0.7319242472299651,-0.04530942722963812,-0.873813245152981,-0.6873875391853705,-1.0725669472476613,-1.0719706394026676,-0.9132858294847869,0.14990751495629692,-1.272422338838099,-1.1693927120726944,0.04450787673713737,-0.5443019072053915,-0.7031475667915686,-1.1045943001352785,-0.002681280767676569,-0.34777954726622,-0.5797633005733753,0.002910833725045856,-1.1523221304189133,0.10096655910000402,-0.0009846876299623242,-0.18389122260248203,-0.24146474768160409,-0.26978926812542425,-0.5505532921840595,-0.41923895078415097,-0.3068965101698696,-1.5803022639577182,0.6233493997667054,-1.5623287486481074,0.9951868520584656,-1.6777190892354639,0.861362445307713,0.6864550358566517,-0.32694106138129203,-0.6348764523029786,0.38549768365929904,-0.0033849465769783195,-0.11534926576184229,-1.0254053996096586,-0.29204011690685905,-1.0652022794579625,-0.524703171806751,-0.7797748119949861,-1.1564632699432826,-1.0078070686567253,-1.1868559545677926,-0.8566510745222382,-0.7086874276174115,-0.4716712272620342,-0.8298589915443569,-0.7505649260141426,-0.7019794232736293,-0.0677208633900467,-0.6292885392846912,-0.5331734878586789,-0.43820123582229864,-0.40225671853889106,-1.0124637632228926,-0.7567628645191551,-0.21246743106020766,-0.42526896385490015,-0.6453705172325002,-0.34731722795225983,0.10502693871306615,0.47484818554658703,-1.296896176002734,-1.700680584748946,-0.43610112832394426,0.12586730612295163,0.41953618130110226,-0.30347861270421833,-1.303721037945985,-0.5842261412736991,-1.0991538205709308,-1.4084416297736237,-1.244091912995737,-1.7690743075763928,-1.5386603019339402,-0.9050222857808254,0.028101359426265266,0.027732294428576644,-1.2315261413885525,0.008222199799409845,0.9534828135270148,-0.6387067494089699,0.07135125140111881,0.19965410579383433,0.29972151415076914,-0.8996988225735193,-1.5639640458692394,-0.06924871526404415,-0.17622847021656218,-0.22453809956729007,-0.4474702934700623,-2.102307261397232,0.22527257281959817,0.8956404162584001,-0.2974419194188201,0.3423607639484214,0.5803260341336999,0.6239929390678598,-0.8161953287537559,-0.23573789861712643,-1.14179242806184,-0.9892261826282164
-0.9851378073712745,-0.927018838862836,-0.5743745006157838,-1.0606101201087654,-0.37270493257785026,-0.504805874727461,-0.3941114863788798,-0.8421935472596049,-0.6008067360641297,-0.9761942909806779,-0.42446672704154675,0.14728488480387494,-0.2790943725341397,-0.4655742117191981,-0.6863896825328984,-1.049461184386872,-1.2116951911448057,0.16632499852348082,-1.32465940761817,-1.1992467903829227,-0.018531219818682974,-0.5019529712741613,-0.8053362672788538,-1.291179750885695,-0.05438875697506051,-0.525625581202358,-0.31833976553134924,0.15365162858406003,-0.7183120343835454,0.3313306395861815,0.00949591934416804,-0.2377710731609609,-0.2395047895443108,-0.29341189862420725,-0.5876565747561271,-0.4263495248339344,-0.18930859837079653,-1.585471895074513,0.41640477445615803,-1.537299360941961,0.567107204923232,-1.6782203276296441,0.8798561550279036,0.652289918750221,-0.10981915536975352,-0.389480334801473,0.5772804367142716,0.06500645488769399,0.13348286115354838,-0.630622195016527,0.07199306939193793,-0.6376066072108787,-0.2662745324617338,-0.533721176724772,-0.8657642935065495,-0.7522642750439967,-1.0816090507942213,-0.6541044100827867,-0.37941962072123775,-0.2899431401411084,-0.19334802982644902,-0.7008431552879703,-0.5905061784906273,0.10580932361507149,-0.47536575628947975,-0.5613751147034198,-0.46039419213958094,-0.38942653897006624,-1.0138377386096713,-0.7789589687954506,-0.23034103326698427,-0.40132731062144555,-0.5231626878299295,-0.16508766207872477,0.3017373791921665,0.19039223810549036,-1.365161970773997,-1.584395228356165,-0.46395785264718215,-0.06863020326362639,-0.19322955460340485,-0.4630517353289373,-1.4219230563599234,-0.5409244764653892,-1.1829356214898772,-1.3087579077445368,-1.493041002850187,-1.516634744188308,-1.2099803401838423,-0.7288907375079321,0.017224818478419824,-0.026114065679419287,-1.2612797376462375,0.015132188618149347,1.3002955056788799,-0.2851045122895664,0.21459953861004516,0.3934541396704249,0.6376800725164858,-0.6055252394946475,-1.3127448608665537,0.2875749289326629,0.009578370530324381,0.3470981404110193,-0.33598284974133236,-2.1954125163362783,0.5319527371836871,0.9452403335597002,0.022845557931120114,0.6292264197603509,0.6810111910401068,0.8875209527659569,-0.6446527495692882,-0.2511905481264876,-1.6351631251338403,-0.886969336093629
-0.343036121972318,-0.8644791938468578,-0.5686926009421531,-1.155280948263262,-0.07938514302121223,-0.44103264281160787,-0.2870140180935389,-0.852260897385355,-0.3239792700179241,-1.0273726591817207,-0.03861942295795349,0.3190029804978839,0.3464211119677642,-0.20639876872075213,-0.22742099827124937,-0.9273523155408565,-1.4066075282393167,0.0992491716305557,-1.269339412636209,-1.1412090442774825,-0.10533916486619652,-0.48289612785584685,-0.843423391779434,-1.4118551713025753,-0.12920960528145833,-0.7098445088770731,-0.07557550146905707,0.17880322192222126,-0.13688044180337794,0.5533794074088019,0.056193766461976505,-0.22202012746432612,-0.21682499700261207,-0.2860879583999823,-0.5950045224524697,-0.41250525872014754,-0.14977001657604816,-1.4307949620180607,0.10007423628905891,-1.3930087065239005,0.02643291918960244,-1.5424463768995895,0.7952999646525449,0.5201002187156977,0.04049086942381955,-0.19194097169946195,0.6618558628021068,0.04942991243113992,0.2728601314853361,-0.27896527903941953,0.29650700039794115,-0.24745926809912186,-0.06360856606787679,-0.35194177449108816,-0.5637822862388497,-0.5663076992911159,-0.9599242282780251,-0.49800690576055323,-0.09695747486381336,-0.17808783517259175,0.39814074199348876,-0.690422696741238,-0.47298834116461946,0.1746227776519333,-0.28127246942800965,-0.6242579203067538,-0.4836020478249743,-0.4019253109884298,-1.040074155659425,-0.8027604802653131,-0.29437583057661526,-0.3854461158934174,-0.3461358730659909,-0.027804697498733752,0.471108852564201,-0.15192839064563154,-1.3073832152863967,-1.291254338493039,-0.4862908072103636,-0.27875469070762393,-0.7473133682637564,-0.5766520334044937,-1.4061190976150988,-0.5096096047004889,-1.2347516078597793,-1.2012771738966428,-1.6490460217177048,-1.3208674690111426,-0.8372912265141355,-0.6781142694355328,-0.10004277174252346,-0.13781008903839556,-1.2911613874689047,-0.046999863460197445,1.4927314039098385,0.14411106437646556,0.3243055765122079,0.4962048968464731,0.8405549569476465,-0.31995907860475176,-1.0419177767909464,0.5711413730836942,0.11314708624890321,0.8535813549165895,-0.13990455534936352,-2.022344746568639,0.7236886640778947,0.8800237417412847,0.4284708008752488,0.8490781853294905,0.7316350412889299,0.9865832546412616,-0.49067363688756116,-0.3198881107979287,-1.9158773054508773,-0.6834964005130514
0.21214174250752676,-0.7571113220868021,-0.5368733751081565,-1.1810503987311398,0.17225170180895213,-0.3427270345363144,-0.16836219159789528,-0.7993611921836518,-0.04023859865467471,-1.0081743017554314,0.3461035693609726,0.4599797184153362,0.8916614556390434,0.07107418604905266,0.22675674200458362,-0.6897942894035336,-1.443197650029897,0.0010607404023904076,-1.1246513680992594,-1.0023192741395952,-0.16408969200832513,-0.45917767525122033,-0.8192746472963169,-1.4398324160512246,-0.22395090010072854,-0.8659354384374028,0.10629574659208375,0.10135757304380914,0.47215670462248704,0.7541559150782677,0.12298180031113672,-0.14196916706858628,-0.18784063605496545,-0.2506060970923275,-0.5824031624113831,-0.3883367336397199,-0.17744834582613184,-1.1209983268167694,-0.21576474704114398,-1.122236658336052,-0.4832011026652008,-1.2642815829750644,0.6253319086711854,0.3161319652536739,0.11132509008580628,-0.05671060803315402,0.648081576005873,-0.03759954515501076,0.2981004194284878,-0.0009518639658754692,0.3567825636755169,0.07976273490015873,0.06455771436478717,-0.24332875269949908,-0.2784663776049601,-0.4562751807136785,-0.7987263579074022,-0.38137452288061024,0.08955843745343271,-0.1367929974781835,0.8431933243300043,-0.6985250306559514,-0.3758575391477318,0.14884771789381268,-0.09828840157025398,-0.6988716613812875,-0.5090280107746743,-0.4356321485923515,-1.05018549773739,-0.8015213375109419,-0.3947617324139917,-0.3692298618989565,-0.15882716032471728,0.04745372515035615,0.5719725137634903,-0.49421294157543555,-1.128871651333608,-0.8578113757485252,-0.4816601958422552,-0.4598373810892587,-1.1345416006394473,-0.5979598183349502,-1.2585385857659026,-0.45705341775452535,-1.2376042798071936,-1.0824892671706285,-1.6875895536835888,-1.201442471403822,-0.4726890856248165,-0.7349232649493624,-0.29304408203978366,-0.2912900037904223,-1.2798056536020501,-0.16057921186856403,1.4904927716567424,0.5783312448207898,0.3783974826631505,0.4996703619751754,0.8905805437870009,-0.10654046173936693,-0.7904465944060396,0.7494148012508955,0.1648409642326136,1.2298997978713238,0.12742286691222096,-1.6232904513204127,0.7831465795746906,0.7547210304821506,0.8565196756014707,0.9693883386296545,0.7319003850391642,0.914640075093696,-0.34903634967354313,-0.3882442144710832,-1.9152884320032848,-0.4307624020230708
0.6079681104983442,-0.5837251520199609,-0.5032302181180129,-1.1296069319707407,0.3415489178193884,-0.2048411318489548,-0.07688373119843284,-0.6874012331037774,0.21278200585183268,-0.8898390472622807,0.6580410200151375,0.5699014527131613,1.2657427182728267,0.3492373676773385,0.6057974374881011,-0.3435557943936048,-1.3025018555209609,-0.08048732090095814,-0.9246750447141132,-0.8023756101498343,-0.15512725529158902,-0.4013269560684515,-0.7485412576930411,-1.3661906838280375,-0.3336981023742748,-0.9658603137824795,0.19667743399931004,-0.037039842952913356,0.987521609189065,0.9155044861987499,0.18668933491322948,-0.021202133704834418,-0.16906733554214048,-0.19705186785955603,-0.5625892848771802,-0.3678478284560397,-0.24265597670482422,-0.690116795777206,-0.4309005185193527,-0.7361244284444075,-0.8190558425882877,-0.8624473690214791,0.4014982239030735,0.07818694261001234,0.11178723081615187,0.01849180419221718,0.5645792272335133,-0.16693782461106832,0.23022654744136187,0.19342546494103008,0.2674385615306659,0.33234439879521266,0.12138280419158785,-0.1986136647039678,-0.026134758440296585,-0.40285175492407876,-0.5848585579479391,-0.2879481267933428,0.15625838862458227,-0.15146612046748686,1.0761510151380551,-0.6975360161969173,-0.31241578528382097,0.06273793728325534,0.01981636147630744,-0.7620038345166864,-0.5377462451341936,-0.4825011256639835,-1.0035284267788067,-0.7526006013677526,-0.5191176745261297,-0.34543951941290213,-0.0007717156834447468,0.057335651738731355,0.5744896526731639,-0.7836923826682907,-0.8577720596795987,-0.35181189466887836,-0.4336614148523675,-0.5848143220334739,-1.294561486337237,-0.5092148921388203,-1.0094704334665714,-0.3591202966435902,-1.1865510613231585,-0.9460193094733953,-1.6062406121296222,-1.141031502342631,-0.15881934916543042,-0.8512266058957563,-0.5167361306702694,-0.4663193905934301,-1.184355717385834,-0.3011678265353952,1.2857307809665897,0.9382040540119826,0.36396363480902355,0.42309926870587644,0.8000106784055139,-0.007151350847696075,-0.5721048377609598,0.8047340341743803,0.20313295227780795,1.4330562018311004,0.4313089315470521,-1.075693014295449,0.719941378330218,0.6246722410433284,1.2270366259363947,0.9716915221115687,0.6806309049635006,0.6950807101987869,-0.21151994949431585,-0.41134170905091433,-1.6273731325942986,-0.1819173828009957
0.808518305373903,-0.3405655763051842,-0.4916914610926739,-1.0044894845426826,0.40665601973581456,-0.03313916106830925,-0.04625191678103211,-0.5308888124112144,0.4057240261347024,-0.6645791607491258,0.8458886343235342,0.6546587726549801,1.4151152122680342,0.6130950006947945,0.8611380771718322,0.08430484887412713,-1.0037925112952748,-0.11463961307539612,-0.7111075620078172,-0.5690829615568208,-0.061924426438044945,-0.2848169243874475,-0.6532588265968104,-1.1973753275847274,-0.4513842176735008,-0.9919094040818675,0.18364192415645297,-0.18589933591340377,1.3143736327950306,1.0166300176845415,0.22390418393457642,0.10606507172916459,-0.17398354362715812,-0.13903325521450752,-0.5447847741319364,-0.3601388255323276,-0.3051000616403901,-0.19445802449810526,-0.48171607788820064,-0.26487195865120455,-0.8795615353199541,-0.37930319720295597,0.15993029246957058,-0.1544689838739279,0.063837039933929,0.045713053571578344,0.44743777732761897,-0.3024778450961112,0.10380325021019395,0.3079997419271102,0.07308901092868585,0.5063630276135507,0.12552529074804092,-0.19484135494613075,0.1876219199786068,-0.3699723818089128,-0.3218032352363446,-0.20006768333473868,0.10561101488572064,-0.20009122743562746,1.0759412691379262,-0.6592451779788122,-0.28370001128114064,-0.037586951257734875,0.03270857615870049,-0.7921200589224044,-0.5681335017540248,-0.5305232971172885,-0.8713635983431688,-0.6451401071067014,-0.6517024059557786,-0.3085255694525463,0.10106497916002323,0.010412391318306308,0.46768605206294617,-0.9827767225119747,-0.5377973050602533,0.14385423694447944,-0.33024633603473386,-0.6454065976991664,-1.221906997558884,-0.3224136889959905,-0.7058246214654013,-0.2042173695023341,-1.0861075222183616,-0.7833686101825451,-1.4223438488033946,-1.089879334032563,0.07747952544896777,-0.9606149537848925,-0.7197231784886086,-0.6411113028573296,-0.9725530305458923,-0.4435705149236987,0.9086823075675922,1.154394016186496,0.28115318887552576,0.30573033693496127,0.6069065402606881,-0.033336703437239844,-0.37552703628207695,0.7363724777215783,0.2618549767939201,1.447414835654842,0.7223437894079381,-0.47427123229695,0.5683759451844306,0.5335051498927132,1.461413346322269,0.8573242903398225,0.576030201023034,0.3776890461208145,-0.06992591419419994,-0.3649124625017423,-1.1086270744233817,0.018509643199007504
0.817023244723249,-0.0463681224406811,-0.5173018479321824,-0.8173356393507436,0.3696819375285047,0.15711024400766507,-0.09513270458566887,-0.34957129373604834,0.5215074310962122,-0.34750785823215097,0.886447257762605,0.7216977646243767,1.332362348394359,0.8500172206230019,0.9745767068795074,0.5531114232673641,-0.5977473062940557,-0.09347882447252447,-0.5230949878632435,-0.3317582368405822,0.10417993146563144,-0.09618242073181615,-0.5535955145202756,-0.9502914569950711,-0.5681663209576273,-0.9386103797427569,0.07686830843400334,-0.29626394942507256,1.4046870908839815,1.0391214099998218,0.21746785818278447,0.2047154971275011,-0.20886048372426086,-0.08944907663292911,-0.5299888443219372,-0.36370779534987535,-0.3248545982403519,0.2992745161326782,-0.35708144096185984,0.24482883635265762,-0.6337365763379125,0.12660985048330523,-0.06854565767900819,-0.3512255575219778,-0.009035694687009259,0.038151635486126656,0.3263852334491931,-0.4125284142632845,-0.04687037486577234,0.3514561004198371,-0.167152606469877,0.5994905109781861,0.10079304055034406,-0.20294185100097709,0.3637919080613886,-0.3183257660180174,-0.031090599781064113,-0.10600252626706784,-0.03808989321349861,-0.2614334052709847,0.8656971744474017,-0.5612279040338943,-0.28136353187621094,-0.10778185757718105,-0.07335180822915051,-0.770562272375544,-0.5939836013491169,-0.5645655911571825,-0.6452830804508225,-0.4848232134299369,-0.7725808432118315,-0.255662886636597,0.13649056907904716,-0.07656794258104974,0.2628012511865038,-1.0741407019977038,-0.21820809831422072,0.5503085909799703,-0.1635494755212257,-0.6474641944968887,-0.9588615055484709,-0.07171517205825026,-0.3952172163545319,0.007448588358923632,-0.9445752582662778,-0.5849922748018841,-1.166174826039666,-0.9803038440186261,0.22830582775104666,-0.9943811086134766,-0.8542576968162032,-0.7946600170760091,-0.6336169125111685,-0.5668555610190248,0.42526682373892577,1.1837793139458823,0.14352160360221713,0.19230208586863162,0.3646838314760487,-0.16541960684681195,-0.17299465182561155,0.5610170956390864,0.35944138619082044,1.285022371254091,0.9461509775841266,0.089812574637735,0.37825187518752945,0.5038177649332994,1.5027441340728995,0.6479047325704826,0.41716302826916335,0.02937258238956515,0.08142618294161776,-0.24990457154565032,-0.46369139907157886,0.14089667028333303
0.6716379474389672,0.2598802747376443,-0.5800354078208259,-0.5834208391266023,0.2561045128969223,0.34516192575562726,-0.2206319696389727,-0.16268913134905313,0.5571720352666717,0.02663355767809963,0.7862873711975942,0.7754719635640134,1.0550609694504403,1.048494244583232,0.9592176893389301,1.0171554938650866,-0.15315013054655457,-0.030133188451623993,-0.3878180865307528,-0.11531772241219207,0.30655165914524396,0.16247659042702065,-0.46139106150583103,-0.646991373374055,-0.6743900090487925,-0.8123915116287042,-0.09403059467234154,-0.3292578019849684,1.2651712607040486,0.9728718266001533,0.16098513317062266,0.24795068890304392,-0.2705988380745123,-0.056956894701867114,-0.5095502603333467,-0.3654182899048601,-0.2732453068447628,0.727579935140713,-0.09917952600511928,0.7357722196041379,-0.13191923965894414,0.5923747505829421,-0.265744193195399,-0.4972969586786022,-0.09088425164072902,0.0037123861099161585,0.21454640379511078,-0.47909036795133664,-0.19803398239472533,0.3305690808754258,-0.3958192920909851,0.6080309599766134,0.06614214017461117,-0.19600109363638654,0.5049147237162778,-0.2188999985509838,0.2521407967570169,-0.004223981821821849,-0.23647218602394388,-0.32068327264646196,0.5043974089299822,-0.3919306794411324,-0.2913997572720706,-0.11638588425307672,-0.27898463029816944,-0.6824690323098759,-0.6040673126368337,-0.5681436750214688,-0.34029141123324197,-0.29387400498221966,-0.8582631251616699,-0.18806410548799934,0.11244286922841097,-0.1831202286065499,-0.008522071694613524,-1.060075066120801,0.05628361493192352,0.8099305510504377,0.06871941752549834,-0.6028648716898526,-0.5783602712909001,0.19963396885759885,-0.11103439988663659,0.267190220262783,-0.7677384098224235,-0.34179354710304216,-0.8719715632799147,-0.747324566402286,0.30432299458154555,-0.89752701777795,-0.8861166653779389,-0.9086407938366762,-0.18483999909476378,-0.657218384436111,-0.07369596590566797,1.0190056853344525,-0.025089259856340793,0.11648620479176862,0.1283520363854438,-0.3592223526156527,0.06546526010045034,0.31087176528315097,0.49317417973162847,0.9813746701127006,1.0543388465479098,0.5451544570715576,0.20107797797329616,0.5328329759177702,1.3325651392905575,0.3802008940077832,0.20603752928849467,-0.27903910838196944,0.24411862689232117,-0.08901267374658045,0.17907905868226387,0.17283518870423525
0.4354878155981423,0.5282192158487232,-0.6627481524415975,-0.31779513639747375,0.1085660798184595,0.5103893978324776,-0.39702054610011706,0.015580629686461926,0.523465502383367,0.4111939267586206,0.5772330352163731,0.8142503983283428,0.6552976913444865,1.1967677383482032,0.8530859375512281,1.4337052443237348,0.25919295474128123,0.049518567953499765,-0.31417004139133486,0.0640548400547846,0.49261871636551635,0.47189101199751715,-0.37727033318348924,-0.3103803066818906,-0.7605632454063539,-0.6289760185593135,-0.2851010279780952,-0.26118120688761404,0.9513434982133807,0.8208870467026833,0.06034150342984306,0.22379439624083475,-0.34699767927899383,-0.0439206572519932,-0.46735833773014696,-0.34428306909637885,-0.14070612614010938,1.042260604150435,0.21057628094495717,1.149228172881766,0.5049489413265295,0.9638181280620117,-0.428526666252724,-0.5956558657311002,-0.17658971169298923,-0.05646284971623337,0.1057763966811108,-0.5017825782272323,-0.3397030543188992,0.24882505881489378,-0.5688947625264947,0.5290805667775123,0.029987380168338944,-0.15568153823159406,0.611627413282725,-0.062081816968675076,0.4883901899551644,0.09691354178187092,-0.44543248685278564,-0.37076738947624027,0.07299586626297962,-0.1532850779176597,-0.2978418839606565,-0.05077619034120683,-0.5338316505056002,-0.5177511020138508,-0.5834203548799264,-0.5258361371228539,0.008421313725356627,-0.10579442129514145,-0.8846240215035696,-0.11179426467205926,0.04971076899387646,-0.2890342309569666,-0.3008730325454102,-0.957091081507749,0.25340137787758393,0.897726774176421,0.360525820360037,-0.5211465510020166,-0.16285780258912855,0.45315126053058463,0.13654870517392956,0.5617071397804949,-0.5544426035195217,-0.04700672370763915,-0.5695886197504579,-0.349704619026108,0.33107799833212515,-0.6409196050290084,-0.8019062225439654,-0.9687867389250027,0.328408004340114,-0.7083161211058214,-0.4900207991996741,0.6894378876383191,-0.19598903203579923,0.08815589072156688,-0.05859236058804958,-0.5582386883706859,0.3575112742329763,0.02937138932672627,0.6399135057651582,0.5880167245198282,1.0147903886873069,0.84854956673305,0.07566047352090838,0.5941670547266961,0.9789106781266476,0.09690238852905751,-0.05039766591170434,-0.48701529215578526,0.41507264371004393,0.08309534132169245,0.6960782021422397,0.11803961862348401
0.18294527591585602,0.7115772175831125,-0.7340177809482928,-0.03287264986812015,-0.023398040459183703,0.6378570368720069,-0.5803353787118062,0.178473095512873,0.44224830684314625,0.7579833919324624,0.30690834249941096,0.8291921367974081,0.22248139266080277,1.2824038236200381,0.7075010534989257,1.7687383355776174,0.5815653332270433,0.11865102544143244,-0.29104334065674564,0.2008093095091935,0.6079157182134111,0.7978328274087805,-0.29183593780328787,0.03847984472720884,-0.8178321944780045,-0.4089785097785489,-0.4460708296984156,-0.08469837341359851,0.5501384080318082,0.6012536231050268,-0.06792111060456978,0.13754023513265431,-0.4192549383566401,-0.04612663006444461,-0.38480236245145055,-0.27841750689830636,0.06066048047413298,1.218554979282795,0.47633097039367256,1.435744703173544,1.114664179551829,1.2066732910606663,-0.5655902024132329,-0.6630278428066638,-0.2684492837128068,-0.14398453463593366,-0.01928112813544352,-0.4950369462192802,-0.47142008394033275,0.11081710600798914,-0.6605720187446378,0.3671078535053332,-0.009218840544992894,-0.07501110473489375,0.6822106940597701,0.1404802694984813,0.645384504747144,0.18404608289184562,-0.6221522034331237,-0.40936062852368615,-0.34190414783369893,0.13972794353847465,-0.2859350115399581,0.08279941541900655,-0.7670773024138341,-0.2722416046731455,-0.5161422478648893,-0.4258366479716569,0.3543778687340456,0.044119195214810274,-0.8317411812475136,-0.03718999565590931,-0.02313340289056753,-0.3771887135206508,-0.564862668579556,-0.7881157724076367,0.35762214488145294,0.8247610234064212,0.6946756316012752,-0.4039139798167632,0.21502413960423294,0.6652633859844125,0.36076025860773764,0.8759509313818372,-0.29588332572185694,0.30171342902639436,-0.27898536322722844,0.21466300795054957,0.34268465204383974,-0.22698394721891438,-0.6117332202552851,-0.965726237859951,0.8400653013863472,-0.7194750506973047,-0.7389318092779238,0.25398661392649957,-0.34169203197984305,0.0892895307323772,-0.17289751555305685,-0.707808157749352,0.6981583217327518,-0.23511716980395514,0.7629266686622095,0.16380583771106647,0.8195467198628814,0.9855184841393573,0.017528293736043307,0.6456272932090779,0.5126725183392568,-0.16379586193787404,-0.33885952475054215,-0.5562979625488088,0.58692008726471,0.23240390441695744,0.9945289978150794,-0.006929701463589531
-0.015386150159149597,0.780207219092105,-0.7553659259023591,0.2622019275709662,-0.09511784939381582,0.7222619569958334,-0.7180029868389342,0.3264715031090255,0.34200698991788653,1.027809316212052,0.026697975568064875,0.8060658669721934,-0.15649309205088685,1.2935941050568105,0.5734446044188363,1.9998620940950687,0.7802785200522996,0.16084058826528905,-0.2906864492766766,0.29941930545593987,0.6114783094215109,1.0972569534655208,-0.19017233676564835,0.38163706191041363,-0.8378609389116844,-0.1727338363552955,-0.529042434214597,0.19316708980032626,0.15631175622318239,0.34538046759487856,-0.20073391045026567,0.009853099225103482,-0.4660225086174874,-0.054100716384710826,-0.2468437368719571,-0.1524980989129614,0.30067548537430167,1.2580629283999256,0.6162681287959311,1.5657257395010737,1.534162352936326,1.3131192622281378,-0.6899715739266808,-0.7212028004147039,-0.3681628655164823,-0.2558115572211717,-0.1807185135753206,-0.4796686506655154,-0.5932370623067339,-0.0701922439876257,-0.6612950635337741,0.14180355482749593,-0.05698200175595293,0.042854532990319695,0.7149677245330679,0.36136985202199023,0.7086658730994485,0.24651205015703193,-0.7300764442942047,-0.433420254487077,-0.6637858581328387,0.46238149274791635,-0.24457491047338975,0.26405508987576853,-0.9038331103587491,0.05108296020284716,-0.38910082465937923,-0.26212505935016905,0.6521721954806339,0.13002961908979774,-0.6892415395113484,0.023569852884503088,-0.07724990505718625,-0.4348763406500909,-0.7574992859906593,-0.5751351257341527,0.3707130685994218,0.6336779689553368,1.04156740099099,-0.24403977925105652,0.505690237473861,0.8309338168159203,0.5898457792443751,1.194401094145532,0.020842524270365974,0.7003536786616201,-0.008608238667748264,0.9036912709239985,0.3740233040825173,0.3118505208760694,-0.3462603694447246,-0.8953307170968403,1.2770578621079793,-0.6927510808427327,-0.7683208335453964,-0.21174592886653984,-0.4409667737809355,0.08037434902657171,-0.2136528756445702,-0.7675594806966136,1.056963669401264,-0.4367695005552556,0.8228299530022033,-0.23343566012724237,0.48871173856035843,0.9652161176946205,0.015683662724274593,0.6415512216665628,0.03235099093283468,-0.37646731829074365,-0.6392179454989975,-0.47788372717607097,0.749198019894264,0.3369721948733737,1.030713353239275,-0.1768511361634771
-0.10635916733363147,0.7322332451164189,-0.6912096490014483,0.5605996223558356,-0.07710738336609008,0.7690576639132692,-0.7613484895913079,0.46501030262574067,0.25208114238201207,1.1986107423258319,-0.21998343534389234,0.7292947141213033,-0.41524555402347935,1.2222623728939748,0.489373596712583,2.1168765672339016,0.8502981774044267,0.17721862520410794,-0.27647951735039455,0.37168867277484835,0.4886717520296975,1.327425222440675,-0.05798234616024068,0.7046846104353582,-0.8124786573804959,0.0642748916156012,-0.4962925075880326,0.5547317244066924,-0.15089543163844382,0.09269916675455406,-0.31396268405255007,-0.1287471245655716,-0.46807985917901573,-0.055536707476556695,-0.04732336241086503,0.036926155494941056,0.5398586382126472,1.1864731855789405,0.5868792318435408,1.5372082608572024,1.64060201476766,1.3022338434522505,-0.8101458548816557,-0.7865362927466758,-0.4683659231111192,-0.3772094169205162,-0.385404906919496,-0.47203599023043913,-0.6966031901565255,-0.2659274269615005,-0.5718961300957965,-0.10709976735514486,-0.11452549675193383,0.188847505731263,0.711900375531164,0.5678050114491822,0.6878294448749172,0.28397833428565056,-0.7422475215112363,-0.4340944670469441,-0.8388145628868329,0.7854775329260708,-0.16802906870307485,0.46603970658143357,-0.8833165088949545,0.44110730105212526,-0.19571711633668937,-0.03587085970320658,0.8699656858065715,0.1453156129090056,-0.46029129943174235,0.06039623751558304,-0.09090574777403831,-0.45382239145814846,-0.8504807059886049,-0.3346655919098006,0.30927663445515585,0.38812142513600667,1.3608962668551194,-0.0300089955767477,0.6874300606391696,0.9604401970354614,0.8531780793678412,1.5011019096925593,0.40589477382200007,1.1372476599477508,0.24257763512668692,1.638177493807331,0.4529511584786183,0.9209004638138562,-0.048618712376055064,-0.7586551425559772,1.5763929714201463,-0.6300248464168872,-0.5716754602937392,-0.6305138097128496,-0.48184448235966143,0.015450815221080058,-0.1976692378232697,-0.7191531615012026,1.3838018077311114,-0.5396770319984184,0.7897304345147004,-0.553639875061947,0.06927365188036101,0.8131519832637699,0.03799309955160236,0.5469578466114557,-0.35942967411885646,-0.5319972441678237,-0.924979569030236,-0.27250647647250953,0.8902943549288234,0.39374996507668314,0.8169286948212074,-0.36201662025397285
-0.064273152375943,0.5967349716780781,-0.5191147019940439,0.8558661529347443,0.0385153094523934,0.7923438004027703,-0.6780535034773741,0.6009316367611797,0.1965389582630745,1.2692553537296658,-0.4063930074288815,0.5872951654944925,-0.520227319349579,1.0681803718640415,0.47324338146115397,2.1209037299409177,0.8128965561373159,0.18706795510796198,-0.21342266739825,0.43272218957694675,0.2578403727443574,1.4560383856638495,0.11264181255433242,0.9969842904537729,-0.7337269379153754,0.2940991509812841,-0.3261404862236248,0.9753793859161219,-0.3250306815979465,-0.1170269973534687,-0.3878367721812353,-0.2455007638725442,-0.412649044500197,-0.038205195364012665,0.20798830756777703,0.2799742878501909,0.7407138781835809,1.0470069848534074,0.39632119203402505,1.378334407112232,1.3825408067411775,1.2143609283348238,-0.9230901221311749,-0.8611921187489234,-0.5480831021870437,-0.4788305357292322,-0.6171986537970473,-0.47490991014284073,-0.7598016690465746,-0.4321144109580338,-0.3976298752771763,-0.3216090758466545,-0.1723992388722067,0.35317311899426057,0.6815938460835937,0.732989885159896,0.6160950063290744,0.3108133683833481,-0.6438439245094805,-0.3947189177206063,-0.8435488385799117,1.0812221455800974,-0.05707080833003813,0.6623412531914036,-0.6742863377579066,0.878205481143264,0.06102855520155119,0.2441114950276131,0.9985388612019545,0.10766408133193613,-0.16268207627723794,0.06961248078632991,-0.055144952152943086,-0.42940988528951907,-0.834486380041078,-0.07715222016817574,0.20062515448688134,0.15893475097718318,1.6068563058572853,0.24608994689918806,0.7631985647603398,1.0713258624838993,1.1666259406381316,1.779319741703548,0.8588115031071819,1.5929044103143624,0.4806353598415852,2.3193335286838366,0.5940625443157174,1.5347913700271636,0.23692224427293354,-0.5615648588380318,1.7015605687886515,-0.5311351787742975,-0.19118302769055673,-0.9371476117581635,-0.46232605905955937,-0.1391970934799224,-0.15019215580027448,-0.5678910176538435,1.6218700718390697,-0.5236340460583461,0.6534908381138285,-0.7590017335892472,-0.3713714512715601,0.5647594469880757,0.04377895906228197,0.3500440756863449,-0.5817626821360853,-0.6354952150921883,-1.1648680347868545,0.015297115494510835,1.0000139029795894,0.419011247304602,0.4164323043288105,-0.5319342626770218
0.10464160230744027,0.42791737702379845,-0.2377445869459625,1.1397992632245124,0.23682297108207975,0.8100506052082456,-0.4615269011671439,0.7388041682904658,0.18886474893215074,1.258228606183319,-0.5262146923159233,0.37764078450498206,-0.4749853340073412,0.8426410089781107,0.5201963802338747,2.0229090282345084,0.7073435406653157,0.2216270239389113,-0.07880031157747584,0.4964959697318098,-0.03160750643903734,1.4697658601278643,0.319469660609691,1.2519382386450515,-0.5949297925962804,0.5162977546227533,-0.016504677078575912,1.4260871296614066,-0.3599881478990957,-0.25200546734675444,-0.4111547459292377,-0.3132298346791138,-0.2965253445999158,0.007238881435278288,0.5012539720912543,0.5560027487808934,0.8778754771668782,0.8909523955815766,0.10311250930043775,1.1428825611471447,0.793174147339061,1.1007611330097515,-1.0119905291099058,-0.9292139368757362,-0.5748325597554057,-0.5200984217460656,-0.835570510313764,-0.47358848825688316,-0.7506391486547265,-0.5148663530638508,-0.1451832724609996,-0.435083967117321,-0.20916520113184006,0.5292822183393594,0.6396073408657358,0.8444410613569288,0.5427755677225031,0.354961241557483,-0.43446855045031124,-0.2933627828811146,-0.6869227132978976,1.3282343811279824,0.08042769245328388,0.8319990307366983,-0.2839569214167042,1.3348332063705914,0.3670720284365638,0.5618166369937736,1.054078456742262,0.05739443825677786,0.1735919644074047,0.05714306966433204,0.023528380131288034,-0.35971752668539564,-0.7188439168534946,0.19017474928478595,0.07820318170437918,0.010252353140695843,1.7362846447716915,0.5798054519509696,0.7517215696306977,1.1789413003559466,1.5219667463211608,2.011635089337473,1.3623775536453047,2.0412163270304458,0.7114028360562501,2.8519518619018567,0.7952140677149611,2.089877706766855,0.4765953134388706,-0.314181741571919,1.6538372449085985,-0.3936489846197775,0.2901196338710323,-1.088285987189871,-0.38919699990935613,-0.3891281125303683,-0.09435609616992251,-0.338574869004955,1.724411763948549,-0.3870879220610514,0.42953190231157073,-0.8263716682985958,-0.7563102674424481,0.26129618630773077,-0.0003026794901877318,0.06958375958961993,-0.596784848955875,-0.6997332373564565,-1.3256939061811026,0.3279375737203972,1.0723723654059012,0.44262953462827614,-0.07176096064664642,-0.6584163726290438
0.36424180201495665,0.29166605226211784,0.12961121145162932,1.4008987404224562,0.4839749014014947,0.8377904922361527,-0.13479880271959852,0.8781189140655077,0.22865610105311024,1.197776585284667,-0.5916669273581104,0.11061497809326824,-0.31591006286620277,0.5700964544470681,0.6058885947072967,1.8419980594006995,0.579095276660386,0.3130573762922214,0.1298303821244756,0.5720115782683369,-0.3100442430366747,1.3785969320083549,0.5492289814945598,1.4670423464961406,-0.3931150099196473,0.735088829856676,0.41373138819000693,1.8743634172921046,-0.2870535254939478,-0.29536878567593017,-0.383522072517554,-0.31660062039191167,-0.12749336026387495,0.08495796258005531,0.8050419637656612,0.838838476787437,0.9436810374470406,0.7668463140793973,-0.1996254953073711,0.8988502556992775,-0.017670993863509975,1.010909320302025,-1.049700140914287,-0.959090674351181,-0.5133599942342453,-0.4586611464533657,-0.9839261413371176,-0.4389994419631962,-0.636085764271575,-0.4634268937911242,0.17618120564396772,-0.38790933292247637,-0.19625112445923304,0.7150601496007505,0.6057143124903981,0.9066364345893139,0.5203862637065868,0.4509015904229534,-0.129942841008192,-0.10953771789444011,-0.40650269499627945,1.5145306313791418,0.22965767625210506,0.9612488302533992,0.24164244666746684,1.7772134002731135,0.6976173636902051,0.8952028445903076,1.073530295832231,0.0486881245552742,0.5116808376603332,0.039131163687151485,0.1242100467766874,-0.24486531263095557,-0.5273016402185581,0.4586750723352438,-0.02282933156325779,-0.01198452745548923,1.7180726286004797,0.9480794118631384,0.6766396050051414,1.2890001806804856,1.8836342770213546,2.1808364140465994,1.8805611190890488,2.451913219395861,0.9358980018580833,3.1666561547809366,1.0374218723623665,2.5347499496040937,0.6558171448805621,-0.03034731901878635,1.4749175590032335,-0.21440085949897292,0.7655655070563823,-1.066908208539964,-0.2757240890666215,-0.7042876836198255,-0.04295214785246065,-0.06752285579994809,1.6702940414670993,-0.1467094480163282,0.1585611893132492,-0.7481736330451099,-1.0125935426562096,-0.05235436793734957,-0.10634522397631119,-0.2453087622910684,-0.4204997114283269,-0.7369225303847474,-1.376743814250531,0.6076593268097674,1.1078587173382681,0.4981456279983275,-0.5344983230470386,-0.7181150580901816
0.656885365889402,0.24819785175220158,0.5370249641303794,1.6238885448997542,0.7348725201110974,0.883198609881509,0.25221847398598635,1.0120258022844641,0.3013029336185691,1.125161052683227,-0.6266555454165242,-0.18983991577808804,-0.1008844946987076,0.2866095421508853,0.6941730819706622,1.603413645132048,0.4677241717964972,0.4820710989328533,0.3917227167164518,0.6608576236602219,-0.5052848976104409,1.2142771499626641,0.7794236905566616,1.6431169942813686,-0.13254504952479523,0.9543683630219308,0.9253178146679494,2.284145657454959,-0.16332090877129415,-0.24911419552607736,-0.31539693508525307,-0.25558660757768953,0.07614452367010484,0.1923690714674337,1.0864241082974269,1.1023916187092255,0.9472325523406938,0.7100123686137269,-0.41021144957089356,0.7121341510258197,-0.8905061293435177,0.9802595064648396,-1.007139226585958,-0.9125222047937933,-0.33828970499330135,-0.263376723111272,-1.0055214672523534,-0.337179355405691,-0.3957064515653303,-0.24560134134571532,0.5503861326904013,-0.14495542420730664,-0.10757247132229508,0.9108202077964438,0.5985851583800366,0.9374265322948512,0.5898836502396759,0.6283723198697316,0.23738103993066884,0.16701797049254644,-0.05981983328514241,1.6379293104399215,0.370193669248806,1.0425269628619835,0.8257435742102189,2.16798933885734,1.0193965555780489,1.2177836745961232,1.1034604863863993,0.13540807009024258,0.8145935429145875,0.03913902117163184,0.21635609283218044,-0.08697719863254025,-0.291626763008473,0.714050744460513,-0.06992879526632167,0.11243718648916008,1.5414411262334187,1.3081486807567866,0.5574880304489033,1.3943954997932142,2.193740388164328,2.271457454629918,2.3615778190913908,2.7937371748336575,1.147380923406756,3.2349445341118668,1.2880479534685532,2.8368161772145752,0.7821967131735549,0.2727113745467612,1.2392031091793807,0.007511801019935559,1.1275499187254738,-0.8819895353873368,-0.1390123890616253,-1.023059760643564,0.004917757413569075,0.20655377990085483,1.4735094359765415,0.1660329330302499,-0.10009710003040113,-0.5326550641424257,-1.0849303843179587,-0.3297152479177484,-0.25810492461322304,-0.5238728901573034,-0.11975508431449011,-0.7521963783637927,-1.295663560840599,0.8085032477359805,1.1142066038389193,0.6116152229334829,-0.8679223645144882,-0.6947411528012596
0.9167899308474562,0.33569349376394053,0.9232644596655515,1.7904893733274154,0.9425697776928529,0.9424700332775483,0.63174384907996,1.1278053170487619,0.38109620462586935,1.0732755614110454,-0.656953164529005,-0.4881573408504774,0.1062767334938741,0.03484880727551531,0.7470917300893432,1.3359758393244878,0.39774249947879775,0.7281399017117706,0.6662631793974998,0.7566275655965379,-0.5626183771896272,1.022648220227168,0.9820899394002347,1.7822724206346297,0.17163889836618268,1.172035720697682,1.461298106101266,2.6159257729578407,-0.05516583784988095,-0.13404589990768584,-0.22611869659309966,-0.14557409105944608,0.28778458742364044,0.3194635122311058,1.3115666433362094,1.3244861058175947,0.9073748148939543,0.7343684990064087,-0.44761510198778215,0.6292131999158639,-1.6549362692680756,1.0212057822894194,-0.8641391005501766,-0.7571250117490399,-0.046353674801420566,0.07314623747297434,-0.8621562159171268,-0.14234168247775236,-0.0340696005555869,0.13909808616029082,0.9498222656665564,0.29055269093579994,0.06938464831877322,1.1149911835385826,0.629541379398423,0.9597913754323075,0.768242090635426,0.9001492346214296,0.6210034793596483,0.5284915671337115,0.2876474965570639,1.704022903202843,0.478731807255692,1.0719689797987617,1.37533453647122,2.4695676842192187,1.2945523985201495,1.5004833557579558,1.1853472969482501,0.3548994538433984,1.0513621031991247,0.08208703598779263,0.267233890727735,0.10909228163100892,-0.04508286068927301,0.9342871338412404,-0.03777450999817134,0.3749906755425023,1.2207197668361807,1.6027938550496486,0.4051929365020764,1.4768127185779625,2.383964305095865,2.271510119944926,2.745615436173222,3.037630041747426,1.3305940194125239,3.072963144790512,1.5066261295745393,2.9840587265998058,0.8816044969902619,0.5745172848802295,1.036697327152699,0.26703150154349686,1.2904995618700477,-0.5646455859061529,0.0024585079025646575,-1.2672118849430596,0.06147813804215876,0.4502194128629558,1.1831018244575358,0.510181579709741,-0.2804696893262886,-0.20388417685711088,-0.9470727287169469,-0.5263694338161835,-0.413523691124095,-0.6894656717299312,0.20424445623877055,-0.7413365057278244,-1.0751384919539182,0.9046628354988201,1.1049331635656043,0.7924258781203309,-0.9980884151087971,-0.5812772265047367
1.085554610410924,0.5593893590629571,1.2231060497722308,1.881360948785429,1.0674074982602837,1.0001791941514964,0.9316080139636215,1.2088408971465372,0.43741675244151623,1.0628776214068156,-0.7002393930849844,-0.741976487739723,0.25190473311818307,-0.14358833357147657,0.7348974086170089,1.0688952085032026,0.3745586098823311,1.0254486294250091,0.9020028264989773,0.8461687809478465,-0.4613793037121952,0.8516098602020817,1.128526038698395,1.8848432519137852,0.49131607534882815,1.3755936242972078,1.9522678046152735,2.8286471841301277,-0.02105680073917618,0.014355575662690316,-0.14029936323403427,-0.014183832425134936,0.47613832458356176,0.44919878608800834,1.4500323178355785,1.4878552788536374,0.8424272504442455,0.828481508979627,-0.2756290304458595,0.663688427380033,-2.1701101652610566,1.1194103142313931,-0.6192519362261351,-0.47939153460779965,0.33622809825537175,0.5266159697698772,-0.5496444707778053,0.1506142689380009,0.41261580111506224,0.6531470993736359,1.3332158003175696,0.8715005620137312,0.32503555318190885,1.319373194739306,0.6975333957972918,0.9920440474069411,1.042025784634943,1.2527970126216454,0.9660776782897933,0.9449733583609098,0.5755892885684144,1.7224732931415612,0.5330345024496231,1.04679670413698,1.798873505437769,2.647889013015586,1.4856478953353727,1.7137673967077616,1.3414688476747945,0.7140896492944796,1.2011152234166529,0.18627111979050073,0.25022253776857867,0.3342966667753165,0.18253791011127773,1.0907755684025975,0.086845623448019,0.7399165751517637,0.7951378889150731,1.7713711483690926,0.2228988128881514,1.5121493228716394,2.3912731564040413,2.174025691430497,2.975527530096181,3.1593777139096924,1.4633396851893565,2.733452542574773,1.6523343680888491,2.9823142221840597,0.9880624158817738,0.8516097052880316,0.9501585662533849,0.5499046227878392,1.2089526259301369,-0.16235426381351636,0.13093540743100454,-1.3635769350404874,0.14328630977548776,0.6398081071452416,0.8727213608026811,0.8411561043549854,-0.3247485310897022,0.19889415838466384,-0.6085793454719488,-0.6058778875268661,-0.5164912263371595,-0.6788692444871312,0.44182155431141834,-0.693418723821956,-0.7287631694341405,0.8935567860311676,1.0955819832061047,1.0286904255542004,-0.894767913140712,-0.38228217328103553
1.1261796252314202,0.8888847525521721,1.380364932714741,1.8789705947994295,1.0842595950185339,1.032572166504498,1.0903240659895828,1.237583363713138,0.44274081289199013,1.0981875130172478,-0.7589628665989337,-0.9091155612005917,0.3053560536378639,-0.21683370578773525,0.6440346968820415,0.8283008352729829,0.38630940827984284,1.3260961741873973,1.0491734143357883,0.9122234441988449,-0.22256192709773936,0.7380539192873118,1.1942107606136927,1.9463683711544417,0.786625093613035,1.5410196483955358,2.3248441185227238,2.8845610799862107,-0.09751535254375825,0.15329268144555785,-0.08305853640104714,0.10460472356357517,0.609812660153854,0.5592154524040485,1.478552709776264,1.578804463265525,0.7609589318462929,0.9574068038302673,0.0850201993205826,0.7910218236321039,-2.356565300447101,1.2366955527131096,-0.2951146572052428,-0.09381303828697288,0.7542726279000791,1.040783883259796,-0.10476917247946532,0.5184196994967615,0.8786925460188607,1.2241807379346379,1.6483462541819471,1.5122506300955616,0.6250655847158411,1.5061240520868526,0.7873192223288713,1.0399912506197175,1.3689492827201482,1.6437438994996225,1.2182848638175656,1.366089930726402,0.7604615481700198,1.7027692085102033,0.5163310601291867,0.963687785760039,2.0236700736360214,2.6764576587315116,1.5611791217431013,1.8302112524335423,1.565604941018902,1.1820245898477422,1.254435408380808,0.35577551536645197,0.15178511171365908,0.573523978320893,0.36754056305428284,1.1526654297798453,0.3006550927418183,1.1499792550416992,0.32346970774328754,1.7643386081094077,0.011001624440208312,1.4778197477507404,2.1738050765985273,1.9782855909170998,3.0081829412268744,3.141566849058802,1.5202533536853526,2.2889320792801717,1.6919504017761975,2.8495432335182773,1.130230176063144,1.0785239300337264,1.0321890929309465,0.8312923800869649,0.8868969285554916,0.2676431405151398,0.23117896249514788,-1.2660269139048397,0.2621577227151701,0.7622920432432392,0.6222410716689181,1.1161726956279172,-0.19755072135223867,0.6236469729830243,-0.1152368405894031,-0.5469758339982507,-0.5143595338513458,-0.4602374348682521,0.5034917661983798,-0.5970028509520019,-0.2938376288469211,0.7932923928156181,1.0985339055092922,1.288607021509321,-0.5757083816902042,-0.1158304132851824
1.0319092603070041,1.2640855580316641,1.3599230327247183,1.7710144098737601,0.9868552544640301,1.0136293455694503,1.0704193616900264,1.198909427975386,0.38046989227660477,1.1667402269580283,-0.8182501137845392,-0.9556046494853724,0.2657361841819354,-0.17022174429809506,0.481497613115433,0.6341886930187676,0.4106170896257601,1.569980280576487,1.0722964609823828,0.9367802259631532,0.09571019830529315,0.6977981120396026,1.1633555491033902,1.9561537662054858,1.0116130222505388,1.636183568610608,2.51328637260931,2.7571595833953957,-0.29089233923184993,0.2416809127655152,-0.07472319402440947,0.1779935273256448,0.6623617705743929,0.6250528636613056,1.3843593436219241,1.5852605656953707,0.6576711852052094,1.0706787331446757,0.5603543452375622,0.9537752005267067,-2.2116205286925075,1.320312552608376,0.06285414472829344,0.3550537783546031,1.1327582166356722,1.5357436288920903,0.3991293069063402,0.9096077686360877,1.2803970554975495,1.7575067277644418,1.8401194097531812,2.1043710145760524,0.9152062446453226,1.6480900234141223,0.8719138619660858,1.0937224937146084,1.6871023523873454,2.0064252104693434,1.3342122345217984,1.7285014053945709,0.8231282480799562,1.6506853364191536,0.42115153697892105,0.8187768034416857,2.0097077955915146,2.540444496573859,1.5008663420735906,1.827640112824834,1.8215121118015303,1.6915960601201883,1.2123657769316807,0.5759058389787142,-0.024715476067270918,0.8040501416631571,0.4928435821680984,1.0936374724405424,0.5814728886665561,1.5359000227327337,-0.125362048067421,1.5576580084206535,-0.22612803777838575,1.3597662786762499,1.7234743654572546,1.6908350178940423,2.8241124466083547,2.9751168843091524,1.4782684136697357,1.8117022732184607,1.6070265640162253,2.609235416714399,1.3185758314502223,1.2300055054393306,1.288551083105237,1.0773948648846756,0.3766782889207515,0.6653465412739498,0.2920291074552636,-0.9710340481689295,0.41719967406203967,0.8132755425911817,0.4965106930877081,1.2987773291658706,0.10396208379654305,1.0108216082032888,0.45752504309835046,-0.34986402091880053,-0.37575479449579025,-0.04471944270614821,0.3440663764267209,-0.44714484198287324,0.1710073939241829,0.6355505839725547,1.1180298472566512,1.5275543634365745,-0.10056842528189576,0.18598378483361783
0.8273175938810866,1.6080322087323846,1.1560933503164834,1.5538472343753669,0.7886809063917597,0.9225097317992089,0.8669972176788975,1.0833265822943026,0.25039210670300305,1.2433421485926386,-0.8496136580985632,-0.8632519609531555,0.16091984809187873,-0.01053090794543159,0.2746507336245498,0.4985876093872648,0.42390532552277543,1.6988982733899176,0.9592931366495038,0.9044309003414679,0.4142675310566426,0.721830428571003,1.0325700678723109,1.898642793717867,1.123810855039512,1.6286203189411603,2.472830475979715,2.4407078954239196,-0.5762069935929802,0.2489637020218564,-0.1258520338362256,0.18213067086863657,0.6172151814259685,0.6247156763220418,1.1680464350971567,1.4961884149509046,0.5164848278150062,1.1150727691960782,1.0418199785648237,1.0766086849212047,-1.8048579710938975,1.316741463311242,0.3946173981197844,0.7988128542877452,1.3925841901221303,1.9231617481807808,0.8673101652514018,1.253270551736469,1.5337600309780892,2.155067313511389,1.862359095664962,2.5390744393765483,1.132534868121894,1.7129076325956438,0.9189563044667012,1.1299382847051926,1.929250613968042,2.262998331908628,1.2907659354924201,1.9677710964175317,0.7709354699977351,1.5664947034283845,0.25171789495127656,0.609516443203225,1.7574320681930136,2.240417374687502,1.299891266099738,1.692698537612236,2.0498918655134983,2.1508795751933008,1.0840607434500045,0.8136145411851197,-0.25925505609520116,0.9954128259069682,0.5473760799907723,0.8995959809154094,0.8892469476907705,1.828281777789501,-0.4838248253112341,1.1629093390435223,-0.47466329812173386,1.1573041068836727,1.0726187966003928,1.3263408966458177,2.433429955812677,2.6607684430480028,1.322819307388801,1.3568156494947128,1.3989651294591752,2.2850911197826074,1.5374007516457402,1.2845257485975696,1.6727842024360162,1.2504619172125773,-0.2318465250503639,0.9753129528836723,0.3077129717061574,-0.5220001885466756,0.5907857954687585,0.7936125612991513,0.5273591594656318,1.3624992128360194,0.5468832983300188,1.3017230967830857,1.0173843963972946,-0.039222997262791985,-0.10308887688457577,0.5117725862806898,-0.023983768297465725,-0.25036374610611123,0.5942313632095679,0.45596437116969607,1.147268189976134,1.699005846725556,0.443833729165746,0.47922925339795114
0.5610825613342809,1.8433880201883348,0.7952790886079274,1.235191265833028,0.5204385391045627,0.7506155587486466,0.5095253188064803,0.8895856772110687,0.07009514167832173,1.2970036742251583,-0.8194417758937886,-0.6349293986510989,0.03913182394107572,0.2343341821827369,0.06639265934986409,0.4254643422226323,0.4102277065092605,1.6711711655211434,0.7244517178630575,0.8051867429950204,0.6559558883504346,0.7801867208860499,0.8129693090236404,1.7577756446212445,1.0954371150123519,1.4957136358263559,2.1917796793072295,1.958356149055126,-0.9028395533750511,0.16194305509392637,-0.23366496149692143,0.1084064811983648,0.4717264388429302,0.5439346126263823,0.8454894226659503,1.3035433072986369,0.31994013049637204,1.049040029958436,1.4147343589711672,1.087245601820792,-1.2554323009962516,1.1866906562898678,0.6385310928625181,1.1585069356208295,1.4688532238918883,2.124655879997823,1.2055361931614512,1.4744691591035564,1.5743240282737399,2.3360653310913073,1.6899578100493655,2.7305921197374605,1.2202715769367243,1.6699527606456803,0.899204088591568,1.118765795244129,2.038165482135942,2.341857386564634,1.0909991881047623,2.031814935932331,0.6339179269098868,1.445522467744793,0.024439518715050623,0.33815983435312374,1.3080400781545034,1.7948468231229797,0.9712052663771478,1.4242908129464964,2.182081472542911,2.4618454069608493,0.8841511209293383,1.0234110643546819,-0.5191797903639428,1.111792551803796,0.5255654094059777,0.5753156263959424,1.1712605798892801,1.9700393931813265,-0.697304643471663,0.6295701038437119,-0.7093863279138277,0.8846467348355143,0.2930377273734705,0.9080858933271022,1.8765858807855222,2.2106313683750156,1.0534268135522669,0.9526789993441729,1.0907710867171396,1.8983939961364473,1.7446336525453747,1.2285039075237745,2.0943327985548925,1.3163875323227021,-0.8293028329320016,1.153946129552054,0.27867383563684023,-0.0009138327677559838,0.7500666070278856,0.706269136957384,0.704000495784325,1.2937381128429266,1.0673702422453175,1.448736171393757,1.471637524862603,0.337618739007365,0.2641861659044415,1.1176427129160444,-0.5314286813940383,-0.025660174851078812,0.9047734521261255,0.2845656715673878,1.168889798334414,1.766081534030304,0.9630700940179339,0.713711855213812
0.29226302660260106,1.9087903248421572,0.3320360553851312,0.8353236796334881,0.2245039928173221,0.5064968501641532,0.05640428282850278,0.6263660730181821,-0.12824092440575224,1.299036084972542,-0.6998050233079526,-0.2959447426205295,-0.04482465722200348,0.5203947784753593,-0.09359373250407069,0.4123170608760053,0.36684639058310936,1.4728972840669095,0.4044711074964506,0.6364663507477335,0.7684501119279811,0.8322399766994725,0.5299702686255457,1.5232329995615568,0.9227285685778833,1.2340601685259425,1.6985713655755414,1.3651238346588603,-1.2055255509894778,-0.011669154824522892,-0.3809416191676592,-0.03330958156719289,0.2394707380304821,0.38098093942118344,0.44794661170018135,1.0065015258982457,0.06123929912466452,0.8547940348246895,1.588372139771968,0.9376158380051935,-0.697701067297856,0.9172546863885556,0.7456158170712486,1.361599164835308,1.3266410245719655,2.088564219018078,1.342602425550629,1.5122427936162386,1.3732510767466566,2.2540251071707305,1.3274520552467162,2.6343289330111874,1.1419114882828358,1.4982331215544569,0.7945296233230832,1.0326455215318329,1.9788000694844818,2.1955439205380305,0.764477214170142,1.8925929385209597,0.45624786641710274,1.2809511870194563,-0.23354074692936014,0.015985918912519936,0.7360456563546521,1.2402804778710181,0.5451914507222222,1.0360040298803117,2.156800369229704,2.542066015303201,0.6305428368784988,1.1575013170556003,-0.7658027133310102,1.1174313580560422,0.42773531697350514,0.1479968351489805,1.371002452357379,1.9268437241725487,-0.7335964852434239,0.03780242435199462,-0.8962394827508628,0.568895757319064,-0.5130168528123871,0.46757796931839674,1.2193364980549666,1.6493800738515736,0.6871800559127946,0.6010678744409367,0.7246447856673279,1.4682963788448922,1.8800941923561323,1.0601275384602002,2.4386960830578013,1.2529917826541315,-1.3081726628133163,1.1759083012604268,0.21160138387951438,0.49041828686915595,0.8538807466175856,0.5546432924859318,0.974507152689727,1.0937962301294089,1.5824745354644278,1.4248576255159697,1.7440413718900858,0.7175809222082712,0.6567791038556098,1.663674180110942,-1.0675219522168837,0.1987930969494122,1.0474223185900486,0.138755202842386,1.159014237639015,1.7102326446361478,1.37435889740377,0.8415126591948516
0.07383204756508244,1.7715562037325998,-0.160855941507442,0.38613317145164605,-0.05267929659153476,0.21715868000343547,-0.41642235558641466,0.31277600958495405,-0.304923697098814,1.2303051529192053,-0.47848987469108506,0.10930546491817165,-0.04521433371533023,0.7963017788300004,-0.1599200925646398,0.4527721497913143,0.3049595722956602,1.1228226319129349,0.048951721084294575,0.4042092905934075,0.7394150017744399,0.8400642307972456,0.22029001885795868,1.1965525622533386,0.6299886829770318,0.8646305457483056,1.060581014439618,0.742821924633889,-1.4180639611166712,-0.24361193509342255,-0.5380470942289901,-0.21550202856319334,-0.04999654230642888,0.14968537570616694,0.019502912134902215,0.6163923155404903,-0.24611001190341794,0.5444379346693919,1.5191505136638983,0.619165348186703,-0.24477098279207096,0.5276966418321625,0.6911269448039847,1.358283915376661,0.9698862506416291,1.800889932626966,1.2472256634611407,1.3353208637867473,0.9454065892271906,1.906155886623001,0.8109850936429421,2.255194902195171,0.8907680259639834,1.193043578369387,0.6029526639407118,0.8545625905340107,1.744349088352746,1.8142307536327227,0.361749172213303,1.5530865695707776,0.28512057568345556,1.0680602678008055,-0.48759913256702736,-0.33329542194667033,0.13531129610035927,0.6282865441534398,0.06640536163719617,0.5566071190459347,1.935585370020357,2.3441312592641843,0.34288175957866357,1.1775703439973177,-0.9618573060041399,0.9846103293048889,0.2614131521551935,-0.3338525393906956,1.4390091600254593,1.6933194151701279,-0.5886700610018366,-0.5171612936443349,-0.9987352386221322,0.24517944544149006,-1.2289190488121289,0.04265375871289234,0.5424174750610576,1.0142619738781706,0.2589242471215947,0.285199988243648,0.35530249892485705,1.0140522510222334,1.8804515378354039,0.7915772979180073,2.594752538902264,1.0565862028677848,-1.5834346147235183,1.0384925403925385,0.11843743422258214,0.8545038483976283,0.8632556898239802,0.3428490383358417,1.257956808632153,0.7796633757937952,2.0062205959616324,1.2297113671799202,1.7885134810556043,1.0326488891050312,0.9914561281137497,2.045934065808119,-1.5061616324451736,0.3922362751033972,0.9961221986704006,0.020552014539766857,1.0937272625049015,1.5344514988808333,1.6208562651041847,0.8268489362408807
-0.0619111493452288,1.43423385453661,-0.6062246171566197,-0.07209496298819398,-0.2688932010510789,-0.07497855122504483,-0.8301651621200865,-0.022525256724050802,-0.42188014124781414,1.0859699153145448,-0.16550183116174677,0.5249136557228316,0.06115364876538892,1.0136326551154478,-0.10265931827475012,0.539103986889657,0.2455915072296761,0.6695117446125637,-0.29161900149794046,0.12319992653272413,0.5990812188890373,0.7806233815690142,-0.0736830186897465,0.7949847836375264,0.26642047644781747,0.4315050569414956,0.3734169743044428,0.18623752387841064,-1.4866935464144282,-0.48929569307658033,-0.6680002795165075,-0.3979616019744653,-0.35433577020561396,-0.1204743938695494,-0.38840952067215895,0.1601418125453018,-0.5654461308322765,0.15820777978098657,1.2205844005000663,0.16792430054754529,0.03993351652795517,0.0669749043292133,0.4803612318637123,1.1330583345032301,0.44108852084686934,1.2880070752262365,0.9348511168352155,0.9513223120989706,0.34735575126161355,1.3331100073843376,0.2026838026708403,1.6444621435596105,0.4924444083820515,0.7696269244813492,0.3393230543381021,0.5835414734389268,1.3553287502109523,1.2309838764126715,-0.05582562081377305,1.0478315978344013,0.15975585549131144,0.8085537063199213,-0.7004346618092485,-0.6728376709020264,-0.39884820675830746,0.01901674243217534,-0.4122344720264416,0.02807430354072947,1.5131609919785243,1.8680646320121994,0.04155420201141246,1.0651496047018663,-1.0781703955056756,0.702596946534277,0.042669858299437376,-0.806743003535859,1.3432924275196136,1.2937500244203513,-0.28757410540116973,-0.9452849943871223,-0.9863999075651517,-0.049787991349646586,-1.7443072350776807,-0.3263070928432851,-0.0723257171031132,0.3530513524680924,-0.18234952574589067,-0.01777112166201378,0.03988312164044509,0.5575155843323141,1.6970998779247959,0.4488374761072272,2.482407747213123,0.7447603412635692,-1.6086424343057273,0.7629385091534648,0.014413442075962157,1.0213648691147297,0.7525747155545335,0.0776987130527902,1.4641509762325788,0.38301242168085636,2.2662184583791163,0.8901111095378872,1.5970868797077435,1.222492027648818,1.191515019800867,2.1882636044608645,-1.736714618866816,0.5292187475709996,0.7614168212494826,-0.08124864164926969,0.9560803962559017,1.2602935698967992,1.6782236497325018,0.6548379250237074
-0.11190803369681783,0.9339541410793929,-0.9371301279941049,-0.4957071684280267,-0.39351300801879835,-0.319261609875567,-1.1178715232017016,-0.3437050602950053,-0.4515100363814022,0.8767696322538503,0.20567614873626192,0.8935068719288842,0.26719589238447794,1.13632312575846,0.08393385687939474,0.6636507489471859,0.21215759037214796,0.1815108102710417,-0.5767313541774048,-0.18334907823836774,0.40952993580278263,0.6530756087143733,-0.31114452785246605,0.35162295838990887,-0.10387944733429888,-0.005971121598650865,-0.25768750409907987,-0.21702056891141033,-1.380399721391372,-0.6952327748989161,-0.7336666379971108,-0.5358537359437464,-0.6243814342927496,-0.38774688959048614,-0.7247635849001325,-0.31966349873092254,-0.8428753201816264,-0.24474086228099948,0.7577679541262916,-0.3422102374821875,0.1553453401382627,-0.39658393586855323,0.1473833125428635,0.7088690916862397,-0.1877920757778633,0.6110611176720689,0.46298840653914763,0.40709686177132726,-0.33394459175244073,0.6098199346091031,-0.4211184409051381,0.8868006173251789,-0.00019068158938255662,0.26292815798510705,0.031768835637209974,0.23641176765474342,0.8529838603830993,0.5172162295342208,-0.42833973755543386,0.43697693714580965,0.10301400300032908,0.5135153776742601,-0.8379873678477245,-0.9560713180058845,-0.7878389476853088,-0.5276997967597101,-0.8368114556293906,-0.4988230170505655,0.9205556433431689,1.1638446600161316,-0.25304261054574284,0.8279258582699148,-1.0983832166006928,0.28517511039446375,-0.20386147625226655,-1.202847425153403,1.076952779472132,0.7774331452795911,0.1198363751382257,-1.1813720000958163,-0.8429513863310476,-0.28431946741300557,-1.976417087613612,-0.601917015067532,-0.5565069826414162,-0.28047414087373457,-0.5805221132765805,-0.3242974573154888,-0.17370449416680891,0.124216302210931,1.3121754035250306,0.06891052648367794,2.073602139034687,0.3544149239952818,-1.384403337545247,0.39218284303471995,-0.08447485656113612,0.9649552188950604,0.5182272999559402,-0.22854663771304856,1.5160099689335635,-0.05298992383563603,2.3171947588712523,0.4548862139231454,1.2008663720071215,1.2463245879816516,1.2064724822981128,2.0592768554257903,-1.6917990413739157,0.5965578226514655,0.38968825418585334,-0.18471410923291595,0.7415491941926332,0.9201598967867594,1.5532857943045382,0.3366990698577015
-0.1024230617775233,0.33513720086389276,-1.1089635377243166,-0.8435839478452226,-0.4124645775295309,-0.4668794804343608,-1.2359955724229275,-0.61164601837162,-0.383075583071496,0.6268035081968129,0.5824611713294446,1.1662929589547617,0.5357090591331243,1.1470544835258867,0.3774618594236399,0.818611809230473,0.22215088782964473,-0.26703983525021235,-0.7825458307074591,-0.4850591990549874,0.24437594231720638,0.47918095032419217,-0.46013049187574073,-0.08851838512144349,-0.41614437576617,-0.38559595777283096,-0.7400900018067867,-0.4078869612341814,-1.096381138321906,-0.8085482916561468,-0.7055372278166028,-0.5891057693933754,-0.8120038149708845,-0.6046436456375248,-0.9474557383245465,-0.768979417570582,-1.0206955685332575,-0.6004069012028187,0.22873469640413516,-0.8163016624736504,0.15661482403129717,-0.7908581762716557,-0.25270451053926024,0.14307158678214582,-0.8304334470537345,-0.14594458986552472,-0.08309103080048705,-0.21976257009361827,-0.9985944462507239,-0.16974718162012664,-0.984575244965889,0.08166106794617495,-0.5179683108699779,-0.2765444755487743,-0.2846729192021389,-0.15414690939360814,0.2897984350333795,-0.23056927138302033,-0.7086399017167558,-0.204531620172923,0.11738878167624875,0.2038986969295177,-0.8756616622782866,-1.1343766861094657,-0.9842971475891538,-0.9618842027591081,-1.1599804642742635,-0.9707172222759043,0.2206807817708471,0.3235545055259523,-0.5211818993687154,0.500369740674826,-1.0211370378230993,-0.22579942657834376,-0.4473883759304098,-1.4627234875450776,0.6612148372664607,0.21000772792449393,0.5676366082751663,-1.1989798419544242,-0.5721504944584805,-0.4373473012673768,-1.8875071139611597,-0.7562690115353804,-0.8671363306136171,-0.8331770217497324,-0.8815246924283796,-0.6358103103925427,-0.2574094128163926,-0.2580103897917387,0.748184747390562,-0.3051176883185671,1.4014197900573762,-0.06452308860147478,-0.9574654916827599,-0.014843917385349206,-0.16391590027956326,0.7087767205229789,0.18217692833824847,-0.5559859056870597,1.369132488821479,-0.47901019167564146,2.1487868834238233,-0.014654882097131871,0.6640640868518198,1.0915102129484868,1.0256889929689579,1.6800248040477657,-1.3647908961734723,0.5973801206435044,-0.04598867071776065,-0.3061600571579111,0.4604538201128994,0.5478383218710358,1.276782835134984,-0.09034863562838431
-0.08055417913106691,-0.2825172221301809,-1.106393919048801,-1.082798900099,-0.32980639144172524,-0.4817099004457408,-1.17074149579608,-0.7891646689807676,-0.2251276808866713,0.36852076825322033,0.9023453213761693,1.3108059722715013,0.8074912049892421,1.0492712676444127,0.7296879555426934,0.9944848933740033,0.2805774837410826,-0.6118050143484434,-0.9029703560373659,-0.7467353919092422,0.16552839208569728,0.2969995708938482,-0.5030267459688689,-0.47563884291861247,-0.6194092539359123,-0.655809316735202,-1.0137703631178534,-0.37207350061165806,-0.6601381908852064,-0.7870633122672527,-0.5683614493974269,-0.5310228361809686,-0.8784948312607568,-0.7265284747766378,-1.0306671145193078,-1.1303690259506713,-1.0542224321140004,-0.8549902558293987,-0.26131683437270087,-1.1609580977710883,0.13270413777176898,-1.0566476206483293,-0.6557672497301795,-0.4836504023064013,-1.4030956087279516,-0.8911920868374483,-0.6100630262938688,-0.8360426247754091,-1.552938739478643,-0.9099238089074065,-1.4260931096825127,-0.6758333712608513,-0.9894067192711041,-0.7899549529505442,-0.5751650734091226,-0.5446073918171688,-0.2797854655762448,-0.9093613981491716,-0.8700584764169721,-0.7999791412956916,0.18606952579850783,-0.09180792380340295,-0.8036196167043925,-1.167496013334599,-0.9796992705184693,-1.2513114195647028,-1.347417763813701,-1.3386090093863812,-0.502233416004204,-0.5349761171354444,-0.7445581209393145,0.1383333096044416,-0.859607284562861,-0.762770535253867,-0.6558858809894018,-1.5471034291396675,0.1431556857465492,-0.3373538698795805,0.9853386717381639,-1.0152088354346307,-0.1999301124261996,-0.5021170991401337,-1.4940694939414334,-0.7769724940220833,-0.9930122041459154,-1.2601441206835706,-1.0428415112065017,-0.9360543402124967,-0.20990241049326752,-0.562799895126493,0.06815618362830733,-0.630277396255355,0.5550191941595869,-0.4580724349573444,-0.4103348921605258,-0.3917358614869958,-0.21304123000059336,0.3194130103576602,-0.2108039232518044,-0.8767471600892435,1.0236725758350187,-0.846370714766892,1.7863939055143139,-0.4562027731150883,0.07224549444628998,0.7769066037660713,0.6820671617046652,1.1204099539899826,-0.8123062077499943,0.5509667614452736,-0.46133764159966484,-0.45203443860825343,0.13677195012193039,0.17065691796182147,0.8933031581887526,-0.5689349719283003
-0.09948215284665335,-0.8379972523237448,-0.9439296029806326,-1.193065836129889,-0.16577505205286597,-0.3494077647343899,-0.9384515289392005,-0.8470718834576001,-0.0034847772906911683,0.13614192515182108,1.1050810364893449,1.314961285114046,1.0153997233283094,0.8646707787383198,1.0752603631502409,1.1781020956556747,0.37721130960399973,-0.8109759415641252,-0.9455981167821648,-0.9320093864697976,0.2043439617956177,0.15002819220965402,-0.439050289786943,-0.7638430688467299,-0.6872500997683815,-0.786564516487635,-1.063701561463931,-0.1457955510233475,-0.1207211461669595,-0.6081943957805582,-0.32517317089383996,-0.3543003096169535,-0.8018813897577128,-0.7205625362261521,-0.9693489832367332,-1.35338252490662,-0.9265420014401022,-0.9769312844645679,-0.6253731920406197,-1.3068622063294453,0.17504246303700322,-1.1610848851695172,-1.0018970735654285,-1.0827745632384238,-1.8392673520616594,-1.5398655041186484,-1.036443806007057,-1.3510348137489039,-1.9261826310498062,-1.5287992184538715,-1.7079625432788679,-1.309944183370015,-1.354316080026391,-1.2191083394853182,-0.8109609550629805,-0.887595179661557,-0.8061238309668368,-1.4289606986423784,-0.9090855647266136,-1.283198600261864,0.2786103771513432,-0.34225142105610284,-0.6297087044612102,-1.0338578731626538,-0.8034695721522718,-1.3858729725902044,-1.382175241103598,-1.5644563680234793,-1.1568603639733606,-1.2894402393247983,-0.9071572147013737,-0.1914670958002236,-0.6385571421616639,-1.2414220185952114,-0.8023450013773487,-1.4448592578443489,-0.411485455422273,-0.7990392980491078,1.3098608538472523,-0.6855170330314566,0.2278058385523695,-0.4873570100876941,-0.8650548596408919,-0.6710063734400216,-0.9539951409694121,-1.5314943941186385,-1.0413487042990965,-1.1945021086492837,-0.057567046774497935,-0.7703256730073105,-0.6344387120928409,-0.8700904800232692,-0.33842804661798326,-0.7776382945942982,0.1566211324926512,-0.6749442552654624,-0.22519033933403487,-0.11025042854249752,-0.6017889385648609,-1.1573079425825066,0.5255538187639135,-1.1141982223720266,1.2854050589402433,-0.8172379127807308,-0.48328068032582333,0.34988014950106094,0.2444461071012914,0.4847413993141197,-0.14086099209714753,0.488116083028356,-0.7790159592320024,-0.6140775852046558,-0.196273484481113,-0.19429057307351044,0.4513571905401483,-1.0320479333367363
-0.20153064492139786,-1.2620327500142963,-0.6605088534623169,-1.1693575933618876,0.04802020477418387,-0.08244274743671555,-0.5806650276169286,-0.7701990156388345,0.24462173648285485,-0.04107344494896467,1.1454817325607733,1.1872224148801986,1.1007452202225345,0.627152817217678,1.3453606170616008,1.3515332376658296,0.4885895685788822,-0.8524187228048461,-0.9245714267409828,-1.0082219777924282,0.35273513856004196,0.07506577950540978,-0.28330397433080345,-0.919435365763467,-0.62206342286985,-0.7748096495152136,-0.9211771838428138,0.19143772733454428,0.45761869466304333,-0.27491003730382396,0.002127753973263163,-0.07327156371559485,-0.581711281672337,-0.5731069479621396,-0.7798506316948449,-1.4049895724399124,-0.6562686050295957,-0.9630058503313282,-0.8128345776977313,-1.2255380118994292,0.3469714089039928,-1.1042144428489358,-1.2468818469064316,-1.5744102907469137,-2.0990572452515845,-2.026039560506605,-1.3079523240811555,-1.693567902528003,-2.0812664941764463,-1.9688749381886996,-1.8201146836917566,-1.7725624917829066,-1.5740136052652047,-1.5154714708819959,-0.9728612301676431,-1.1396180889536542,-1.2477540819791129,-1.7276160030926049,-0.8428792530434273,-1.6077671225770553,0.35973146494299435,-0.5190637434131327,-0.3788552853919475,-0.7376578954317169,-0.5141187166516861,-1.3774295689747906,-1.2664604372084176,-1.6263806400030396,-1.6597674950091192,-1.8348082681076585,-0.9962798812977656,-0.4250557839669286,-0.38932208352665004,-1.5751201281949123,-0.8702473708982094,-1.175222130753665,-0.9290866923273982,-1.1248622840817684,1.4956149847476687,-0.29027453259337055,0.6515546202392805,-0.4155233650792907,-0.10891147842293082,-0.46487590681391944,-0.7934986768194998,-1.6366810563121135,-0.8778403664205616,-1.374257232494734,0.15111394041525378,-0.8718724566787651,-1.2540574007088232,-1.0000260016892268,-1.1404914100500432,-0.9878288488884808,0.6466872392274264,-0.8146462202964744,-0.1978188648328527,-0.4837204075052375,-0.9301705618365037,-1.3633843932279488,-0.043272244322773934,-1.255495162468543,0.720384477587736,-1.0629942848978744,-0.9223176932656159,-0.12275916349748756,-0.19964547958889006,-0.1107828464472829,0.5187670812871867,0.4428485736253701,-0.945033960966235,-0.7696522247820348,-0.5027350369357716,-0.5391061834934245,-0.004374958773774229,-1.4158430765786676
-0.4037651958272412,-1.506937371128137,-0.3099398806631166,-1.022467656697584,0.2749447810848351,0.28034091706489095,-0.15545569614306753,-0.5621737511006771,0.47868951871525367,-0.14437249486874532,1.0042156018220847,0.9536276673231686,1.0278488778045707,0.3750278764840191,1.4832741659456627,1.4928865788511352,0.5842197047371079,-0.7538676337374861,-0.8532123575185393,-0.9520643466396316,0.5664297750595453,0.09219217098649639,-0.06296354514990195,-0.9270781537037878,-0.4521674595482884,-0.6435191979185841,-0.653879906997537,0.5354914012739352,1.0057696408309407,0.18264827769102224,0.3757077606263032,0.2779245533361848,-0.24031222077204697,-0.29392909008009066,-0.49667263302230563,-1.2776271621144255,-0.2956113840023009,-0.837333187583688,-0.8167334350145349,-0.9362485474563607,0.6630144408044133,-0.9171207983831984,-1.369513001955341,-1.9013031904826319,-2.172188679238017,-2.310056040071325,-1.4052892421280763,-1.824372558363959,-2.0185224719344155,-2.201640011400878,-1.7779698625548797,-2.044133423020022,-1.6362321246579672,-1.6475602665851963,-1.05203385611289,-1.2681570114858356,-1.5720542670538469,-1.7808867532590766,-0.7027650160691761,-1.7517268657276477,0.39908148403684146,-0.6024586556961502,-0.0885376782926073,-0.3103783157039695,-0.18492441616256158,-1.2554090675060594,-1.0208367994455823,-1.5217675923579481,-1.9484868103606316,-2.101281780075796,-1.003725055477746,-0.5150556037586016,-0.14350567044367205,-1.69215704750682,-0.8562587851379116,-0.7838108622384634,-1.3405365228012662,-1.287460990335831,1.5209262618244752,0.08335713862837756,1.007885178074808,-0.31809032084636746,0.6478534602922356,-0.20040215286412008,-0.5664059700968066,-1.5851293104825213,-0.577320089149985,-1.4418561372802121,0.35674637663172454,-0.8721350146311115,-1.6954919496006557,-1.0110908462423436,-1.730590096684238,-1.0712210401111835,0.98684552265033,-0.7845418517213992,-0.1320186265045289,-0.723620626308346,-1.146794738611233,-1.466372485654853,-0.5830069134336368,-1.2609045461071804,0.1715576118515159,-1.1803237250821748,-1.1907475593746581,-0.5681924620759825,-0.566397332022543,-0.5637824284125887,1.0425610948768949,0.4423304628170405,-0.939616035126262,-0.8875293772685527,-0.7510592896991287,-0.8603555231144638,-0.4377279388090711,-1.67178389830236
-0.6902568987778255,-1.5519751348756037,0.05022097289189398,-0.7775912504452241,0.47970260449982943,0.6797940448922297,0.27290587428277946,-0.24762174441454537,0.6632826157948111,-0.16882132153508464,0.6941898443251078,0.6528260733686414,0.7931587383083344,0.14353265647274133,1.4580470698435897,1.5793328379790545,0.6351474923804121,-0.5565873700821399,-0.7390620712571354,-0.7550609780193697,0.7787911566228845,0.19940734500835128,0.18816759701778335,-0.7926372303517886,-0.22306472641269667,-0.4350285098854076,-0.3476277724696034,0.782790920232117,1.4603458830906497,0.7105155796740888,0.7475994390263113,0.650774619993469,0.17981595994346775,0.08379997126960982,-0.16618684963347258,-0.9927914996991547,0.08087979629080684,-0.6441207531108433,-0.6696751546482385,-0.5015585330143795,1.0835937868808232,-0.6522918085811006,-1.3735063572347166,-2.037644310948132,-2.075249177766155,-2.381014101138289,-1.3435147069220037,-1.7415124058955496,-1.7723456316363237,-2.226519762989572,-1.6157815873925125,-2.1288039872371263,-1.5542705122009663,-1.6053874047321106,-1.0488785347873884,-1.256854911797241,-1.7547615261689142,-1.6026075703458864,-0.5257342688930997,-1.7177434854390852,0.3795418669706545,-0.5853136502533707,0.19893537557919022,0.19388603894693124,0.11215849734159242,-1.0594953997983882,-0.6811883095015239,-1.2678975726499722,-1.9906258325266104,-2.065155362332397,-0.9270544490109934,-0.44165865785072106,0.07332620522430337,-1.5520196499105579,-0.7692167726154039,-0.33354170440069864,-1.5929662588728888,-1.286102017992798,1.3899621387738417,0.3598547773388067,1.2409007579659035,-0.2284595095743159,1.285622282663928,0.07327695433498684,-0.3258111816815022,-1.403045408235132,-0.18501632517370442,-1.3762283577023173,0.5031648279676099,-0.7881823265632326,-1.8947813033522871,-0.9109090983822746,-2.030627990470338,-1.029546632493471,1.1414117300268967,-0.5885873263567961,-0.03216270676961329,-0.788693393172991,-1.2244379253216742,-1.4496785904686118,-0.997999378953576,-1.139464256478804,-0.28883351780217414,-1.1771405614478028,-1.2704012571277805,-0.9224808392353853,-0.797101888793795,-0.8084897444319749,1.3413620756914346,0.49767747327907635,-0.7801566470187937,-0.937579185936886,-0.9202640415107308,-1.153085195602184,-0.8226928697697878,-1.7753875283368024
-1.0134514357664635,-1.4041317571800889,0.36877112241781085,-0.4712004355701109,0.6334064606918853,1.0469678895028043,0.6439923360911004,0.12925855879711715,0.7744651295810848,-0.12380711367435387,0.26083316984999594,0.33017085127412327,0.4268043668532871,-0.04066220820888072,1.2725908997026785,1.5917842320062219,0.6222612608636056,-0.31454326003281496,-0.5829651601689695,-0.4276998182359717,0.9205611959279312,0.37306177953652964,0.4353027095131006,-0.5422710395393239,0.014306260405682142,-0.2008078863641702,-0.08487527431804733,0.8552268091404734,1.7727827910749032,1.238843037826224,1.0671928024265864,0.9903159455025926,0.622081663805308,0.5078433813816124,0.16128011988539107,-0.5989648192406866,0.39366157033432897,-0.4365169914562384,-0.4313683894007259,-0.01302572774000359,1.525987002313801,-0.3689537641143363,-1.284136086439522,-1.9912315396412517,-1.8450787050321198,-2.255011194156457,-1.1643951444170972,-1.4783596655548363,-1.4024616976849715,-2.0659720426004347,-1.3777488448171764,-2.0466861036709836,-1.361400820991441,-1.4013856066022579,-0.9710994168406684,-1.1079653353074232,-1.7800365855371338,-1.2388084628881368,-0.34627588204071447,-1.5297088961756817,0.3019386840302938,-0.47496656798373627,0.4455410686058001,0.7080612453037474,0.3206079577102769,-0.8313900496562098,-0.29400683496236985,-0.9001017720032817,-1.7879069930868379,-1.7509038762486704,-0.7707544654147342,-0.217980049923149,0.24627138827376274,-1.1567474705640464,-0.6260137069908035,0.10734894450133317,-1.658669512764975,-1.1459822433738398,1.1303302752794535,0.49004314152154377,1.313478145718796,-0.17383421416692238,1.7143431153534963,0.30969344656942616,-0.11210046716025729,-1.1273288226017495,0.2411320747785227,-1.1746656080100417,0.5509884154785591,-0.6452306643729685,-1.8333403192945847,-0.7220834368565976,-2.0195137185446477,-0.8816077081075143,1.1159486867771373,-0.26255769985470684,0.09402955226752244,-0.6810771981544994,-1.1631416972036095,-1.3131722123488954,-1.2171726307944728,-0.9163494343330285,-0.6079809991665507,-1.0780103238540197,-1.1813790129945025,-1.143418904914989,-0.8724486605799765,-0.8298184986514286,1.378780327271134,0.5984989989465164,-0.5159253970433813,-0.9013923094991038,-1.0039242111809474,-1.4063908415168012,-1.1426415933404526,-1.7298182080177549
-1.3047329298927581,-1.0950678646168153,0.6080160514599742,-0.1466160131904344,0.7165660169480462,1.3158018532399303,0.9094223384467949,0.5101291391583853,0.8028028386110002,-0.03075104815750529,-0.2242657839667002,0.031587273233890246,-0.013606749708015968,-0.16209364422288317,0.9638433955982654,1.519912709889889,0.5417154450890702,-0.08212708845577234,-0.38240144219462063,-0.0010314659831158278,0.9393896954180941,0.5736238781116509,0.6473363900204314,-0.21808283193070777,0.2149341409500977,0.00951691560191714,0.07436016400434413,0.7182147545957202,1.915404676129843,1.6930177771228565,1.2889673162832724,1.2440529720146831,1.0242901668331486,0.9147895067624936,0.4393885216636508,-0.1639189232496907,0.5766515104655648,-0.26467259385968855,-0.17232996777463222,0.4291194892318284,1.8876675314346005,-0.11740487564947942,-1.1409015721290219,-1.7990828917493795,-1.5306088077462923,-1.9703911977961077,-0.9246821937523219,-1.0953154427232425,-0.9821473205319663,-1.7590565620713008,-1.109356531484751,-1.826461130545079,-1.1026198553788011,-1.0680721083752966,-0.8321324562733649,-0.8419348224280364,-1.6421321206626909,-0.7569139108644486,-0.19059164090724234,-1.2273627095476145,0.18486817635425842,-0.2925407627437837,0.6256354932003058,1.164100728938779,0.40862455960437394,-0.6076712598679463,0.08933368286657258,-0.46775106102082764,-1.375044300856035,-1.2246862039988036,-0.5470754163834228,0.11173110628462429,0.37246620723941803,-0.5543129458167314,-0.4461969264902541,0.4773818312643771,-1.5396415226698172,-0.9127975628385402,0.7871317573926224,0.4592031359327019,1.215940784314441,-0.16806689997446767,1.8889915901271703,0.47447597294149174,0.05304276645365609,-0.7983451369804089,0.6402028470733043,-0.854710664117457,0.48707955961225274,-0.4706168409658513,-1.541756508365709,-0.47816959824270633,-1.7345096123910129,-0.6588297770014406,0.9508281672212937,0.1310008077459593,0.23502432815978774,-0.44273154557605465,-0.9894605698126158,-1.0744858513948945,-1.2082746821393686,-0.6282852096390208,-0.7600192519395915,-0.9172133630365243,-0.9760470744944637,-1.218171372620549,-0.8157494963875458,-0.6649506062134586,1.174803047447696,0.7133143897866576,-0.21612726713552205,-0.780393581641849,-1.0112275621097049,-1.6026736494960505,-1.3881565893256647,-1.5638977410623554
-1.4918048786907216,-0.6754536083836473,0.747053874659555,0.1512238840768088,0.7198380837229519,1.4352403877437188,1.0382796100288367,0.8314035850378444,0.7524278913022672,0.08133110808519776,-0.6755141669304433,-0.20234410054243476,-0.4553121781064322,-0.21639680614115597,0.5945587931630698,1.3658670871314476,0.4056673413188382,0.09637454085292545,-0.13782691033589525,0.4751044460539357,0.8133863436655938,0.7549711366032589,0.7998763544718477,0.12869189291015098,0.34774790045188064,0.15720561914438272,0.10443816501422547,0.3874521713027919,1.8834203443396342,2.005803719432142,1.3790453377158503,1.3702280152890216,1.328027355202477,1.2400234024539714,0.632246834310085,0.2371864709533875,0.5916411302026432,-0.16592762949946224,0.041636231186773016,0.7372318551751939,2.0749994342798055,0.07338915022248815,-0.9883511717992213,-1.5180352182520738,-1.1851056740780188,-1.5813752032228396,-0.6838542603429042,-0.6676957259405051,-0.5858777680991372,-1.3554581665946035,-0.8509080515355217,-1.5007944615001576,-0.8261587381130902,-0.6533695408095535,-0.6505842250352644,-0.49471299978067335,-1.3486768140501302,-0.23319350424407148,-0.0743770143772231,-0.8603886877852308,0.059597995442001936,-0.0700870278071061,0.7307402693821323,1.5043667266245104,0.37220139876397107,-0.4152656202911214,0.4186357439711833,-0.028582269609411504,-0.8142355762488817,-0.5811616330822229,-0.2763655402205243,0.4807730938638067,0.4584950880442933,0.16732838573863498,-0.24747824769531201,0.731377023127814,-1.2670911743637363,-0.6434922762099377,0.41444224054411066,0.28724934705917654,0.9698335450369328,-0.20768937118346434,1.814924880984383,0.5516936699430804,0.16671173015917348,-0.4535693360721656,0.9585493421692125,-0.45203412822940375,0.3273490229641055,-0.28813194012398186,-1.0924572570892364,-0.21811651097799528,-1.2596774107511497,-0.3996541194526789,0.7066942581826959,0.5142325066831122,0.37488520878541515,-0.142954964729532,-0.750340223321697,-0.7667978912750623,-0.9832755519173327,-0.3177939866008001,-0.7486204626117112,-0.7311553730896732,-0.7261095677684721,-1.1637544075524593,-0.6845309172046014,-0.39209008028767317,0.7951680910092477,0.7962912189097161,0.045642408613900544,-0.5987142032037844,-0.9649774896129956,-1.72131042954373,-1.5547191396543552,-1.3253288725554941
-1.5185317560667053,-0.2078138104888085,0.7813048643437376,0.381232629502454,0.6429419665767727,1.378210138429098,1.0194015763687165,1.0351167469335532,0.6368456838891755,0.18132173344853936,-1.0090905844885043,-0.3417169072359626,-0.8258666612914036,-0.2082579381276923,0.2384711222222426,1.145293135205588,0.2379715457114104,0.19316303642000063,0.1403141867287601,0.9375042833651303,0.5550086879708763,0.8745910961382783,0.876566622823394,0.44559215850763967,0.39859686282540435,0.21963848074909492,0.016343770997703955,-0.07685875515210483,1.6926283511126503,2.1281268876983064,1.3195063802346827,1.3440013914687283,1.4873281407728285,1.4280089057620386,0.7183024878693982,0.5354034602163248,0.4349552164537206,-0.159110566042496,0.16093680984253503,0.8535993277653056,2.02922055908355,0.20154645875268604,-0.8673103899369832,-1.2127583509536546,-0.8598581879103432,-1.151072575879962,-0.4942096079212083,-0.2725789873069357,-0.27839080949132816,-0.9108644177993268,-0.6341607175665411,-1.105396360925118,-0.5766050060294394,-0.21467963585222644,-0.45050411423616726,-0.11369635881365765,-0.9244838442869757,0.2588061326681615,-0.004100536873992904,-0.4827952521174725,-0.038653241628974724,0.15388811173644937,0.7696625182090273,1.6899419395133255,0.23206682937435277,-0.27015397376505007,0.6506506829270002,0.35806483634949554,-0.18652518985286914,0.07336587608556831,0.013266195196943177,0.8134979255106553,0.5145667538529665,0.8947593438393556,-0.04374419459972339,0.8456534584153339,-0.8962346126733548,-0.39524596391267586,0.06523465744409619,0.021305106310791758,0.6250939957753656,-0.27277279535135307,1.5427179912073954,0.545449339581586,0.23964927238932207,-0.12365875916345534,1.1587344855803747,-0.015231747848710796,0.11202374061833344,-0.11476181657856435,-0.5833653607281701,0.019641002855420118,-0.7048589864444579,-0.1439553960308753,0.4462207596493344,0.809545490385335,0.49305012654249497,0.13884210053274545,-0.503523664649461,-0.43371297808969267,-0.5945295993581639,-0.027565090082481796,-0.6045419239439281,-0.5520750792179576,-0.5060101117351684,-1.0203517058180194,-0.5534380686987671,-0.10967596767692424,0.33044674466837193,0.7986562631998372,0.20690580508693418,-0.39971579743510516,-0.8970182315165259,-1.7457629188891046,-1.641388459692172,-1.0707030000084938
-1.3619632679581464,0.24134712934099958,0.7192185423329928,0.5112975054406507,0.4924956523362535,1.145689846217366,0.8607004950758929,1.0796480518324147,0.47312614425472516,0.24130780580366915,-1.1592396988238234,-0.37154826006097735,-1.0682080551955622,-0.1484850025441863,-0.03760703324295849,0.8850277230143562,0.06618530895234635,0.19821670885546558,0.42672444293732276,1.318289248157825,0.20473764340920675,0.902051402427946,0.8690798526762674,0.6865194970389534,0.3682663674688166,0.19118104756562637,-0.14958423602639037,-0.5861798496199595,1.3736372727496993,2.036518560728813,1.1100120629262065,1.160612817800891,1.4752861146925118,1.441222127486878,0.6912460097517291,0.6803733584438147,0.13517733014283154,-0.24359033620165693,0.15837301131593526,0.7604790811790673,1.742784237000505,0.28976184241483594,-0.8081648303550303,-0.94373733128283,-0.5993031771700765,-0.74421713156773,-0.3946252099896805,0.023071188051920682,-0.10630658458693568,-0.4832603273506489,-0.48169425529622245,-0.6806278472070233,-0.39031589510575504,0.18749402115844213,-0.26142520867563745,0.24708049327775533,-0.41399126921564583,0.6570522982939329,0.01948045398980316,-0.1476411483448677,-0.08075854427294382,0.33981282573065635,0.7640073248316023,1.7046047303671832,0.025821594100259165,-0.178924236079227,0.7540524734819277,0.6385292877706022,0.41869287569903024,0.6381551189489723,0.28719916452852806,1.040347783775092,0.5476315104006027,1.509483189761379,0.1541096820437967,0.8183695631018473,-0.49738976405794655,-0.21528232342352882,-0.2189702592053072,-0.27742539345290845,0.2503315904708685,-0.33291777994312033,1.1542853959640915,0.4764636445079813,0.28800917542293325,0.16850014972458774,1.2253676912008196,0.4011754087215537,-0.1054974223489402,0.03915389901039696,-0.1168455828042739,0.20225365479395568,-0.18077921865346414,0.07162443633016993,0.21730170938935792,0.9554098546017376,0.5651015534369003,0.33033638647383573,-0.30677288900132565,-0.1225321441156682,-0.12325055613004578,0.20406756494699396,-0.3787537179157569,-0.40442435943066024,-0.37671590170689817,-0.8394627931376327,-0.49371417969342557,0.08808091753697547,-0.12880775198915162,0.6815197294001152,0.2284512726746943,-0.2370026342893632,-0.8420204392939653,-1.6717052211672923,-1.6509660658814704,-0.8541125542129994
-1.0417588398529432,0.6096874302745248,0.5775375553752635,0.5224913565284152,0.27961827269916406,0.7652845002392691,0.5860496672510856,0.9480061962168446,0.2765275851366032,0.24068960057965372,-1.0916942960764089,-0.29428249324384853,-1.1519955704907936,-0.0510708833879662,-0.19020755092281505,0.6178653047381666,-0.08739421035709176,0.11617324952076777,0.6809921944987753,1.5557697612660155,-0.18279937841326763,0.823844308646319,0.7763799575946354,0.8178744596625456,0.2672285726211146,0.08047111176651052,-0.33772036732086624,-1.0454946579702202,0.9643015049888806,1.7360623445220775,0.7669470456725102,0.8353008662223966,1.2877521588936482,1.2664385592445102,0.5582933450444912,0.648960836276327,-0.2564915087536621,-0.4023849993791622,0.030433095900851297,0.4814726114266359,1.261979229938551,0.37522431563455755,-0.8268472236812376,-0.7572405773422897,-0.43691559032624283,-0.4194993886164561,-0.4075614596938114,0.17164289137365532,-0.09265080216567322,-0.1287979752349504,-0.40765491062090453,-0.2731141173403045,-0.2926409821041277,0.4960725123958901,-0.1166391761635819,0.5325093417542537,0.11972035810122966,0.9164400447329628,-0.0025250926450183114,0.09821207462411961,-0.052421707388501854,0.4526089823711728,0.7405479490362231,1.554489015952143,-0.2025884389350427,-0.1419701034433825,0.7131938436017368,0.7720140503490434,0.9150081159343146,1.0327127281857955,0.5068045671854767,1.1109151644774915,0.5563072867832985,1.9101212542837136,0.3355482460408255,0.665842296659391,-0.14476715221564485,-0.1337062615146524,-0.41688933927379557,-0.5493249320586902,-0.08211502023281533,-0.35693066746466157,0.7436302225281836,0.37481868059004786,0.32478506193852924,0.4064028696950093,1.1665469891172777,0.7443490302003126,-0.27325565354261894,0.16685111449745843,0.22090337096829918,0.30588057954973286,0.22357484653244195,0.2170221326342564,0.04203920828951723,0.9182730468986634,0.5651551648396979,0.37970698552325277,-0.2078997186219106,0.12262557095447353,0.33696306880844124,0.34617345706045144,-0.1323980676344639,-0.30418833137902884,-0.3734254964863454,-0.6702257785718763,-0.5549180730271256,0.1328627976944302,-0.5140661984568939,0.42646839475420495,0.10087245416590951,-0.1623296253847121,-0.8308115524821496,-1.5130594432710311,-1.5911533847585675,-0.7161171955809894
-0.6190820519778576,0.8470082816576934,0.3765236657018,0.41183322660042293,0.017976847263249628,0.28494771498540933,0.23047840679733228,0.6517503692503268,0.05729155545084965,0.16855475175691878,-0.8112538829701028,-0.12981892563215502,-1.0788592987953107,0.06924893765325539,-0.20979649596073768,0.3757119536486898,-0.2125027778264027,-0.039271301371126645,0.853143137588744,1.6057338485893662,-0.5553745350924818,0.643959092834122,0.6038197101624492,0.8225426370650636,0.10970668734943502,-0.09418337139330195,-0.4936475921769413,-1.37506171066809,0.5024893077519497,1.2586747332414918,0.3207270675621027,0.40040755804818684,0.9437835779684663,0.9174904684675342,0.3368482982448378,0.4486344224624791,-0.6796531895379999,-0.6076943988957081,-0.2050114032299606,0.07487087813736364,0.675555158020468,0.49490393889280987,-0.9233073205294318,-0.6784941455341177,-0.3912875030755473,-0.2215110853589231,-0.5379101939462458,0.15094288300675646,-0.2342688620206732,0.10400721290153275,-0.41829412792242693,0.06541616634624221,-0.29596847742483207,0.6640599921086721,-0.04854466035453137,0.6930671153616873,0.600731100646012,1.011222631349424,-0.0695921333858351,0.2194372814101733,0.04060602155588402,0.46664218120520456,0.7228379911041664,1.264431400211717,-0.4135699635066209,-0.15678752596103168,0.5302658941691307,0.7368850196992298,1.23030276897297,1.2069973274219352,0.6335111820142085,1.0023363873795814,0.5299643350754625,2.0319282865503667,0.48783591291276307,0.4166363633037409,0.09550411770972039,-0.1605026378257454,-0.5324486457563709,-0.7507616469702116,-0.3128532803407346,-0.32328191915430055,0.39632741956768136,0.27097849979273064,0.3535549615455831,0.5776639365266926,1.0105012045373887,0.9704304415282892,-0.3548026887434131,0.2609626141008453,0.3754540430266541,0.3172439458820705,0.45623610330471626,0.27087829890923015,-0.08599567830293167,0.697774539884614,0.470183055797253,0.2634340483326848,-0.23698120422241103,0.2666881511176793,0.6983284121604042,0.37708682012463096,0.07472178941611879,-0.2602533976530774,-0.4993080270764364,-0.5474958741958631,-0.7531526071593165,-0.003955715145645083,-0.7925997968909394,0.041228906844529546,-0.1553112460927199,-0.21354622001545362,-0.8844517057463388,-1.3032059922481023,-1.4754130559249758,-0.6747204411015703
-0.1847166511483889,0.9223830621514287,0.13622066289812035,0.1930921538469892,-0.2774031327332796,-0.23651440876979007,-0.16550839297116357,0.22946363397324918,-0.1795774225817768,0.024278627037098183,-0.36160208148680595,0.08751417486454814,-0.8806392324321447,0.19878815245999398,-0.12258132168427396,0.18295327365008016,-0.3130666232905461,-0.25105588942862955,0.8943701621079492,1.4509585907960123,-0.8769778606221155,0.38083007282956327,0.36239532154407683,0.701427145837403,-0.09058947460430718,-0.3095055535264333,-0.5784292317478867,-1.5268130624670995,0.02105911896651967,0.6574382348667138,-0.18798231288011955,-0.09951692441811012,0.48291890067553206,0.4340054325217568,0.05080809058022378,0.11530489887464475,-1.077660381658423,-0.8269262951735707,-0.5133217875212783,-0.37894936271654744,0.09291626955048,0.6707878053170503,-1.0819015620668866,-0.7086027399021031,-0.46261828402818844,-0.1731310263509968,-0.772511066326288,-0.03308270050771563,-0.5022415729244244,0.18185415394906462,-0.5113672152740302,0.2837165225715279,-0.3979860211889797,0.6611506787032871,-0.08116949247327342,0.6925236897728012,0.9509610015012868,0.9353583948946002,-0.1819913088761233,0.19718399794212213,0.17212060478948032,0.3693247134237048,0.7246365008529742,0.8725197314842769,-0.5803965354389242,-0.22005215085865235,0.22549515204903625,0.5350477751257414,1.3170322526338405,1.1462321341005792,0.634440153696367,0.7217868403275545,0.4527335189821072,1.8596204321001402,0.5953921097843472,0.10545883031977049,0.17651435899400586,-0.28657443348841627,-0.5939831078111649,-0.8636542313806294,-0.4094417517358183,-0.22790815434966338,0.17190199913380516,0.18750259438127867,0.3663186093135251,0.6725055875683532,0.7981712496394765,1.0508179307978849,-0.3388032499118124,0.31052764676760275,0.3318903937175318,0.23364884454921553,0.5074829578328838,0.22184350864974156,-0.19604318618111458,0.32463830794941295,0.26590850362854873,-0.01153710748872191,-0.40152526854699777,0.2878579346733689,0.895608392749123,0.28573991043179464,0.19521290538517974,-0.2762873490964001,-0.7257849186985232,-0.4844943942720402,-1.0677381731270965,-0.3077566305449052,-0.9701990747352185,-0.4405729927602627,-0.4953669236540691,-0.40550236928654004,-1.0100817518628131,-1.0900245686306438,-1.3221750050618406,-0.7200326057855083
0.1610998566128559,0.8294173014389472,-0.1256951460731724,-0.10475089272518555,-0.5906597656216889,-0.7399839936312267,-0.56168223292581,-0.2601489745510375,-0.43192383695233416,-0.18336083167990075,0.18302707504729113,0.3151682543105316,-0.6112624193375272,0.3261063800225598,0.017100889450500357,0.05183523528871102,-0.40395098896139886,-0.5025105829228559,0.7704558727243642,1.1067407224748893,-1.1347926097317895,0.062197137499634944,0.06816138304074629,0.4725034915112328,-0.32184366239298395,-0.540877509206083,-0.5770575673305632,-1.4919786127476151,-0.4539073243834058,-0.0016455047412301405,-0.7125875556487056,-0.6137096799446954,-0.04032427459818652,-0.12391186410114048,-0.27242889170010703,-0.2935914615972239,-1.406630416665385,-1.027635808725841,-0.8491916395347894,-0.793219289037195,-0.3817402326614681,0.9000426966600665,-1.2733238747972104,-0.8253226491544631,-0.6308069065902074,-0.2701711814970861,-1.0802702789548653,-0.3472077844183636,-0.8456812844130998,0.09447891442635135,-0.6746001643394552,0.34063951174478296,-0.5804553365419194,0.4795650080835572,-0.22161071674509,0.5156806535687005,1.104180425582167,0.7016499646541778,-0.33903569321335925,0.03257108199107807,0.30002982352230395,0.16280021731235036,0.7471453832283412,0.4243944056093855,-0.6937867351144029,-0.3278576963471876,-0.16491422418045731,0.19324701997313792,1.1600900988115639,0.8703360820118029,0.48906322454417794,0.30338628168543547,0.3112399044940915,1.430835311129424,0.6420622884699703,-0.23159167552876356,0.07923781914086153,-0.4877374154863834,-0.6469324387362715,-0.8978213911704108,-0.37374594677493206,-0.08659421664957624,0.09267477065329532,0.1336159955538144,0.345886997019815,0.6840694388940353,0.573537442415687,0.9767865125978739,-0.2414959030430311,0.3009902615240541,0.11398628520110107,0.06208331241260132,0.4051297085660184,0.06944413237725508,-0.32782985593932906,-0.14723501176416273,-0.04695850054555847,-0.4102623400519257,-0.6849039201175373,0.18007076449857962,0.8985715810171123,0.0730383693238556,0.2028951280506856,-0.35174639328304225,-0.9986989961429623,-0.47151181365790856,-1.4459947772711457,-0.7268751109755319,-1.0829480561330231,-0.9648366680442884,-0.8602382349467999,-0.7258803303715297,-1.199256480411053,-0.9253929257431898,-1.1518055630071065,-0.8142476147364022
0.33252134495061286,0.5884791339074698,-0.3944547371029493,-0.4414763505875506,-0.905346529548906,-1.1754428352061819,-0.9231558938353672,-0.7492367440218969,-0.6968050290197091,-0.4381717087511083,0.7329414151900452,0.5111216226950566,-0.33425323711251126,0.4427265484991455,0.1418642735912724,-0.018900926332142007,-0.5034005599143743,-0.778147779067148,0.4741880752668803,0.6208098597697913,-1.3377172278240248,-0.2803646808551183,-0.258433087059678,0.1675824653560331,-0.57287854981352,-0.7646246201472181,-0.49942530495430276,-1.2989886734194982,-0.9017135329727097,-0.6488111426803961,-1.205147377374425,-1.091487593046016,-0.564030806874555,-0.6844954127673809,-0.6037749738794556,-0.7092415061573376,-1.6388888215235686,-1.1806057316064347,-1.163723526314197,-1.0905464876455602,-0.6721101044390796,1.1538195268592017,-1.458067996643439,-0.987485640641951,-0.856778823290304,-0.4805111381605075,-1.4139274697533082,-0.7356609018805489,-1.1992163440916128,-0.14001102018960723,-0.8844329743578753,0.2163162568012313,-0.8095706207647287,0.1378209314863937,-0.4533406048663765,0.1741828109038366,1.0204776211148834,0.34013870207653224,-0.5364746459789583,-0.25247427762611824,0.37499198408237694,-0.1365618951233549,0.7808604734445215,-0.031557581447999236,-0.7617396688411127,-0.47436939708651793,-0.5931645443665992,-0.23963677976178846,0.7805899131339392,0.42864826912427056,0.19570046255338827,-0.19903821715324926,0.10335123437222897,0.8294177890022311,0.6159753371830885,-0.5598268813660428,-0.18284442885447,-0.7301744842145526,-0.7411299191757789,-0.8855788654934149,-0.24033431074493308,0.06914728262001134,0.14142612460316584,0.10411730731939786,0.2719252574250456,0.6106125978378135,0.3741272226391265,0.7617820836224597,-0.10138164693522339,0.21773499206202443,-0.22390345779438814,-0.18205068738861607,0.2024494324436835,-0.1754070684409326,-0.5159280445709602,-0.6516631210424448,-0.4480429281899737,-0.8757051582615404,-1.048086804025237,-0.046181823691060955,0.7180553159194738,-0.24664561349959496,0.09786783747853771,-0.481405106157356,-1.2490651336287593,-0.4806629110535495,-1.8142569828398478,-1.1858490375191613,-1.1808549268946904,-1.4658020445970912,-1.1883266598820157,-1.1365804652886282,-1.42906127898401,-0.851677837917045,-0.9819827953843425,-0.8980487210025818
0.2799994881610091,0.24495228119017362,-0.6575120006020628,-0.7716675833663627,-1.2048651323956099,-1.5085777416610762,-1.2240851622418507,-1.1735551637724315,-0.9673511420094687,-0.7193058501711074,1.2017548669502716,0.6435652899034696,-0.10871519945092492,0.5434339597488986,0.1897807149256595,-0.04184633225866174,-0.6237507335474172,-1.0617602946652198,0.0329231635062116,0.06703870846593014,-1.5076072718459397,-0.6159186972033208,-0.5936014978669382,-0.17281544141735386,-0.8306295166982437,-0.9593919020305963,-0.37437167364553353,-1.003139933821601,-1.303700049961592,-1.2190352123442723,-1.6210676183947808,-1.488160935424088,-1.0275513974981292,-1.1753803130064182,-0.9133474462397316,-1.062970061134153,-1.7613412807344304,-1.2612456501231115,-1.4118737922380293,-1.2160989756049898,-0.7435205815940723,1.3856051433491814,-1.5915839480160918,-1.1425406861333396,-1.0881737778433118,-0.7492604765313756,-1.7148292338799576,-1.1287101743303722,-1.4937935265885096,-0.4750700982365811,-1.1065825061527172,-0.07879860226510023,-1.0390761030615234,-0.3190852037179987,-0.7344314437164863,-0.2918101559625448,0.6976779366816399,-0.10433538187871998,-0.7643949445028478,-0.6178173236926906,0.35142790026050447,-0.5007527324109355,0.8113213166345247,-0.4477332665894091,-0.8049323607653109,-0.6498638459698813,-1.0062682040275355,-0.699550840921938,0.23409920721840766,-0.10896976173582483,-0.22381727531963141,-0.7213926531199344,-0.15529247043853517,0.1697422360314164,0.5153656362111453,-0.8472449102431959,-0.5644109618476397,-0.9760080012918314,-0.9155368380254648,-0.8700823933830504,-0.06601060213956908,0.2016691810603231,0.2684187084840882,0.0830267821276729,0.12872402516794273,0.4585975254847811,0.22407107895071898,0.4407011167197652,0.03228423191327381,0.05219251345240111,-0.6096715232782343,-0.47632733637984664,-0.03734374143399216,-0.4905364149417761,-0.774832857284106,-1.121144994002883,-0.896170398791996,-1.3371337067708333,-1.4345240922075164,-0.3645343105329256,0.40437795521296427,-0.644438044364998,-0.09307493731581439,-0.6537662809870334,-1.4066838133267583,-0.47529502295756054,-2.092550430780063,-1.6019597367699288,-1.3081015314858413,-1.8761843898492696,-1.4267066618833093,-1.5800054017063454,-1.6658317260922972,-0.8889795651960283,-0.823150161768038,-0.9032907635875109
0.00490046545354217,-0.13685280531085137,-0.9032687538419051,-1.0519404714625586,-1.4733285032427783,-1.723715220172396,-1.4495076354146825,-1.4842052174222933,-1.2315234954850738,-1.004471024269656,1.5245986226785377,0.6991541834134852,0.02318453092079686,0.6261282384393486,0.12130196810806043,-0.03602226075375798,-0.76360342927655,-1.3332803986987927,-0.4915514807419335,-0.4663599323821912,-1.6665734097919405,-0.9171026507998029,-0.9118918589978982,-0.5058219316205829,-1.078091703659289,-1.1072946120762996,-0.23920525523635053,-0.6713494302056834,-1.6398484292131987,-1.6588345935376658,-1.9237131128129328,-1.7699871914204044,-1.3800144260712244,-1.5350778367435272,-1.1713143172360634,-1.2972728163867426,-1.7709612792964868,-1.250227175233194,-1.5592760072235121,-1.1462831916164353,-0.60519590131766,1.5465264609924847,-1.6310904832156186,-1.2362783610326478,-1.2691787857775148,-1.0097923428144744,-1.9213473195289756,-1.4543027933457202,-1.6693084930298634,-0.8424154225391316,-1.2994969502717564,-0.5006038976946523,-1.2166779802910568,-0.8242580418197312,-1.002614284965195,-0.8176119570131434,0.17647679306465106,-0.5758996680451574,-1.0066417390962488,-1.0110896554458682,0.19874116937505004,-0.8942832895001728,0.8266800750562399,-0.7800134828433742,-0.8490340265466163,-0.8394271073172788,-1.3537090633950333,-1.1177581603170175,-0.39728370198695234,-0.6633287716898689,-0.7231139163981553,-1.1991439286811776,-0.42965071517461206,-0.4249754758792051,0.3530069652783632,-1.065386760701294,-0.9948282976511855,-1.1882044334666801,-1.184351927572646,-0.8906354833119687,0.08693428381603516,0.2793706625525983,0.4061511410482156,0.050994815622147194,-0.08768181528833426,0.2450152644289476,0.1312893136502301,0.06561285936550758,0.11389538948330291,-0.1916719722667848,-0.9679872590478384,-0.7928971949185531,-0.25606873033187977,-0.8437683161272256,-1.0888087498127428,-1.4958650866617496,-1.3331244728303544,-1.7202667908456937,-1.7778504569805518,-0.7349462250649853,0.037891299630368594,-1.0774345402677346,-0.320943827253689,-0.8494061879352124,-1.4144930659999824,-0.42154002890590836,-2.2102428644022294,-1.9013439603075635,-1.4855140505275817,-2.136882591698893,-1.5396054299523028,-1.9886932576484015,-1.8708190145359505,-1.027028811357189,-0.6760264187719535,-0.7699350844125626
-0.43702800718993523,-0.48366934024050456,-1.1199250593591668,-1.2480916201603975,-1.6967638031654928,-1.8230950310440646,-1.5951278548470622,-1.6557553938245315,-1.4732926384276253,-1.2731699406777228,1.6714128227697354,0.6873010482974005,0.04465374601453947,0.691168223528265,-0.06995754447604921,-0.020916841736532736,-0.9042797308840272,-1.5665058218675632,-1.0118364504057717,-0.8922646140847574,-1.8246663325380454,-1.1617319078769548,-1.188498744208438,-0.7929277142396253,-1.2941259203991975,-1.1953295157751336,-0.12813991807805727,-0.36619626540826367,-1.887303818992723,-1.9309924443044033,-2.0885591370340317,-1.9176740210639762,-1.587380194034238,-1.7227894619684654,-1.3497323932474063,-1.3747951788747923,-1.670261521715283,-1.134507751610313,-1.5872042466858243,-0.8919275068791535,-0.30230719640744946,1.6022026080429146,-1.5434908770264653,-1.2233946558869846,-1.3526683548269738,-1.1984575940598203,-1.9801819461653267,-1.651010452606148,-1.6865343587951356,-1.1648571911107763,-1.4207397397443147,-0.9759218012771831,-1.293204834510348,-1.2984528653067795,-1.187081505534506,-1.3237557466186887,-0.4628116318222826,-1.013243832572323,-1.2420684703000915,-1.3760129075625838,-0.08950336107499185,-1.2790745305379019,0.8242900959860708,-0.9905735334771641,-0.9160252602568211,-1.0233597364079587,-1.5951978023810325,-1.43308228450082,-1.0182611291805077,-1.157912753678675,-1.2352246985442565,-1.5761995865770166,-0.6698502355549991,-0.8462609951248667,0.1570950943655536,-1.1909639603393438,-1.390084420158729,-1.3346609350601761,-1.5284961251126385,-0.969149576568787,0.16923884647073187,0.2875564501659786,0.488176859346879,-0.005850767464533879,-0.3652357364845007,-0.0027103656641958834,0.08913287895584111,-0.3021460190471039,0.11472645003631253,-0.49313704119610935,-1.233769585469367,-1.1005716448302931,-0.4119777424578035,-1.195745567252856,-1.4097553942522627,-1.7300214392951394,-1.692409671858002,-1.9583590854264064,-2.011800483968774,-1.1075529258459962,-0.28727210708773065,-1.4917411413435289,-0.5235019470958644,-1.0405192899240248,-1.2411931393430837,-0.29893717110957624,-2.120127028907062,-2.03178435987378,-1.7003010523896234,-2.2050927965991294,-1.5126835076177072,-2.296383697419894,-2.0067771700883785,-1.224577546657915,-0.5325451150150624,-0.46339445017187064
-0.9447586735261971,-0.7257946737537264,-1.2950694663421485,-1.3407797434270354,-1.8642739159113662,-1.8232041844244824,-1.665257711822841,-1.6889901239544327,-1.6757248405409775,-1.5093560946324336,1.6519979369406077,0.6387204249677477,-0.0329644849324842,0.7402300185431906,-0.35538298462918533,-0.01143217932530738,-1.0121115006883703,-1.7296294854321579,-1.4311515053511419,-1.140950164286721,-1.9719896160272994,-1.3336754970411644,-1.4020036465501078,-1.0059861964486583,-1.4556613070574806,-1.2170819873982675,-0.06307344255425783,-0.13320880709758198,-2.0221001998097154,-2.017411747896188,-2.1063193867566374,-1.928067835352726,-1.63688627169443,-1.7247177333223076,-1.4259931249192515,-1.2840968374094774,-1.4650843868838839,-0.9095160591907282,-1.4946419044008752,-0.49589144908138555,0.09805478279567618,1.544894702491033,-1.3132083194254862,-1.077234033682345,-1.3116029540995773,-1.269293984325705,-1.858350008179659,-1.679819866884401,-1.5354242199896464,-1.3724621153985224,-1.4351775201482586,-1.4148723264149363,-1.2328781935225195,-1.66345471758015,-1.224728740824164,-1.7299469160411713,-1.1121946033122212,-1.357084350587495,-1.447194162071415,-1.6613561421249055,-0.49039725120086486,-1.6190772862935854,0.8137543342103711,-1.0516074819831929,-1.016804274581102,-1.179671006492553,-1.7071343959139849,-1.603416111070671,-1.5368716878350492,-1.5300745266774662,-1.6818755570079273,-1.812013892901645,-0.8213986230139043,-1.0213207020216204,-0.03247233349696952,-1.2088918813529563,-1.6684222029741396,-1.3916863307136194,-1.8954746596821475,-1.1018292139529924,0.1596246131027221,0.23421976954232762,0.46706806746832363,-0.08870433709205663,-0.6758319613788369,-0.2501492638094774,0.08149835751412529,-0.6027268583835775,0.03133012508641799,-0.8149059650407835,-1.362545882503954,-1.3676104452541353,-0.48596936119789425,-1.504378208566639,-1.6646420027659172,-1.7957974721043526,-1.911642969587997,-2.003077731092776,-2.0812751117588246,-1.428247605741242,-0.4837269027098831,-1.828593777936646,-0.6374035679496585,-1.1926464656239526,-0.8896500907326125,-0.10727136935616766,-1.8086416294784577,-1.9704692394290366,-1.9061727564174789,-2.060161072061039,-1.3526616009537225,-2.4486819429905795,-2.0443032514781287,-1.4171177387809062,-0.3802918636434488,0.012465379383384238
-1.3921783549547015,-0.8100923100366277,-1.4163326352885968,-1.3285670210660179,-1.9686884414706063,-1.7493132660670423,-1.669501348927708,-1.6078452913880488,-1.8246925392164113,-1.7028290134089281,1.5115283736934688,0.5979195972489978,-0.1734556178492781,0.7748614320354675,-0.6787509568721388,-0.015322386477519457,-1.0463577550995318,-1.789503821319618,-1.6636626843398703,-1.174123302703086,-2.0779137980188285,-1.4235800499114575,-1.5371166217490926,-1.1314620502796076,-1.5418433913161496,-1.174288862175713,-0.04914282043377439,0.005900576400103089,-2.0241011881062194,-1.9204756963868574,-1.9844069494207348,-1.8138380423101637,-1.5381133903606243,-1.5556935570277088,-1.3875844838415328,-1.0414958680655475,-1.1655463582227434,-0.5824299017446644,-1.2970925667393853,-0.025749320147852885,0.5218684338140498,1.3962908368283702,-0.9482513640920518,-0.7969133624680745,-1.1463556580957734,-1.2047184899960155,-1.5527667216058028,-1.5321746151960363,-1.2374122809953834,-1.4178910250465229,-1.3229780062005074,-1.7285684808007225,-1.022319818139288,-1.8568011526205246,-1.076817681616517,-1.9703370631125072,-1.6548663928395866,-1.5587419539853382,-1.599362313102061,-1.828620542636211,-0.9518227758795056,-1.883748404767486,0.8150497346162042,-0.9500055567355375,-1.1469420909441537,-1.2881827626001592,-1.6864370772304949,-1.613863683685897,-1.8809573174926846,-1.7397978135045136,-1.986960419795182,-1.8864125793954862,-0.838667083258781,-0.9271758814071026,-0.17187087991803895,-1.1163812907287416,-1.7667834050641074,-1.3470000569329776,-2.2086937163105858,-1.258825316386211,0.07150963979579339,0.14838245656859075,0.3266717848650435,-0.18336860655671527,-0.9797668615496775,-0.46229684749947364,0.08952569728249782,-0.7895632331846142,-0.11312832900577999,-1.1084632261238359,-1.3364917170681898,-1.5651614877600286,-0.4823650487663273,-1.730458746572851,-1.7716398550727308,-1.685628776929503,-1.9458861468485877,-1.8335910612281163,-1.952941645759061,-1.6457767091636264,-0.4916614015070952,-2.0330688606843066,-0.6115025680881255,-1.2689235562471612,-0.3990532215090069,0.13221684494566902,-1.3003330949150764,-1.7261875472703898,-2.034103504397163,-1.706786775829106,-1.082953789932753,-2.4118177624169856,-1.9668782212902625,-1.5313800018790384,-0.20902190052755418,0.6108522494955726
-1.655200888611766,-0.7109671648378827,-1.4730061887342902,-1.2276325127928203,-2.006401203815766,-1.6294565369489888,-1.6190210068484103,-1.4515271286775375,-1.911692834889536,-1.8488921196175574,1.317668262879103,0.6111087076265829,-0.3241089331410715,0.7950728399692816,-0.9706066053426852,-0.03374520572398491,-0.9707434154822107,-1.7190598510692114,-1.654284633201741,-0.9937271635908894,-2.0979970443884115,-1.4296576004212191,-1.5868501396687915,-1.172060831806098,-1.5388675597552288,-1.0775141834141992,-0.07582601100370233,0.05325002454649961,-1.8837332354919316,-1.6630492429075059,-1.7461841448355382,-1.6011658829917348,-1.320448832519052,-1.2558501002803453,-1.2368776867267994,-0.6887366277917886,-0.7891596448538631,-0.17553100410248762,-1.022623733356343,0.43728068476773624,0.9000763304916223,1.1996867292968816,-0.48266706233310785,-0.41014780833911835,-0.8854584321248324,-1.0191551434831851,-1.0943639258450284,-1.2322349138079671,-0.8407250060538988,-1.286685228064348,-1.085143336132934,-1.8478680648163734,-0.6758013253575446,-1.844504908691562,-0.7414103247150786,-2.0066208395707346,-1.9873883708300117,-1.5882751671231494,-1.6794069711193629,-1.856891106057726,-1.3983510006335123,-2.049942029657045,0.8520678908220076,-0.6920084446713567,-1.2865434954914379,-1.3350350681273724,-1.5507521802850943,-1.47944020864255,-2.0109972651178962,-1.7745964878888683,-2.091634297250671,-1.8017276738430736,-0.698009285451279,-0.5950066664759999,-0.2232231446849982,-0.9267351066362074,-1.6544592549586832,-1.2019467582564463,-2.3848233538542787,-1.392281549567077,-0.05106551647814044,0.07093102309259758,0.08532286447138522,-0.2635618302811104,-1.2336224484547333,-0.6114236148496655,0.09773772277345938,-0.8395817130325824,-0.27480436830194793,-1.323623237685955,-1.1657302651497456,-1.670927001554931,-0.4249946181052651,-1.843482990693003,-1.6615139113736925,-1.4130656806384265,-1.7785552285151025,-1.4620221402026878,-1.6233022691247583,-1.719630001693628,-0.2950824323533143,-2.0638049832422527,-0.4187734818353569,-1.236344698930002,0.16023031927928072,0.3815715164248359,-0.655358298150841,-1.3363654499297266,-2.0110343091692284,-1.1753013697272612,-0.7369189678117549,-2.178385948974693,-1.773852200590305,-1.5030493333528625,-0.016802943521248444,1.2482645083804336
-1.6397933496371158,-0.43682772469287273,-1.4581078369162488,-1.0681064685053763,-1.976425773269116,-1.4889338960760383,-1.5232612142080444,-1.2639611678043443,-1.9346303527512123,-1.9462725661926525,1.1425804829979487,0.7124537916396342,-0.4272889214987743,0.7983674468992864,-1.1655855209773907,-0.06436292234341812,-0.7653633639058294,-1.5058517033185699,-1.3931176192539956,-0.6433125089153687,-1.9869151003308732,-1.3582847374648757,-1.5535357131562855,-1.1452563835928495,-1.4438498861488012,-0.9451965367492582,-0.12254717987441927,0.029210970347726826,-1.6080580583052893,-1.286795759225327,-1.4277572308356372,-1.3256503563133857,-1.0273373991360817,-0.882994270635107,-0.9940372382124492,-0.28666490017995644,-0.3638381084874341,0.2720437146873814,-0.7062858352230645,0.8116217674018462,1.1756875772587283,1.0042378437651762,0.026095036446304763,0.029440758973545318,-0.5789806360964024,-0.7544507540020715,-0.5447397569931602,-0.832455472336476,-0.40950800703896767,-0.9995506687248737,-0.7447286400468417,-1.7383457596616867,-0.23484795713021633,-1.6284608604252626,-0.2576650496696578,-1.8357500701872211,-2.0404552694714773,-1.4402009416892907,-1.6731423845685862,-1.7440519466379716,-1.7423665682511627,-2.102381924459676,0.9435770962472569,-0.30612483075854424,-1.4040619551346094,-1.316080316138112,-1.3346973334896217,-1.241412426933266,-1.9263830958933192,-1.6496252632743116,-1.967509401973631,-1.5818534972788152,-0.4066664010855667,-0.10357544675254994,-0.1639318952530738,-0.6709117134470314,-1.3404879502033162,-0.9721948083843229,-2.355344836274603,-1.45053588217704,-0.1476960539122559,0.04043656392227127,-0.21072343803890642,-0.2997751912050213,-1.3995149634876753,-0.6839877271557013,0.09792593260983559,-0.7590504505849345,-0.4005781727570734,-1.419764641768702,-0.8850732938303433,-1.6723044272843337,-0.34989527632429723,-1.826445338893345,-1.2989291135365575,-1.0118868137491575,-1.4268292717722835,-0.9335727330027319,-1.1221226117879013,-1.6274388016672814,0.07115786243575656,-1.9014296001313256,-0.06421540290738344,-1.0727397359817614,0.6988025302050805,0.5955471881476854,0.04006822299028756,-0.8599702621451251,-1.7815750324278063,-0.5188397317312681,-0.3508311819713466,-1.76929509280212,-1.4809446835747875,-1.2931264457658658,0.1867728233453775,1.820668325046498
-1.3044150365644909,-0.030163879117435812,-1.3701064306978628,-0.887634773839926,-1.879032104970509,-1.3461109367629533,-1.3878227824888045,-1.0832631598737015,-1.896230349686876,-1.993919060189996,1.0443926223609656,0.9122429000103128,-0.43272693645359256,0.7795379120239766,-1.2180425614623243,-0.1054457033319095,-0.4353568191372961,-1.1588686251202398,-0.9205987370041828,-0.20103225429243474,-1.713713843775404,-1.2238369721463982,-1.4482245241185487,-1.0787725266927182,-1.2662459118661358,-0.8006776848273127,-0.16636687531046931,-0.03620453595075153,-1.2235663994136103,-0.8481493199209413,-1.0725249881295944,-1.0268466084392516,-0.7082683485559123,-0.5020584630852243,-0.6962606594172938,0.09445894218749457,0.07174285588333083,0.7059547915904474,-0.38423794582759213,1.0290465191824774,1.3068356557764318,0.846915440418487,0.5054501175352292,0.45088470828603255,-0.28587456562996144,-0.4681593595185738,0.014814368295064115,-0.40301964013175895,-0.009221687597129049,-0.6059203961822675,-0.3429408423801599,-1.40751641397739,0.23844651530627672,-1.246269096829605,0.29993771880767806,-1.4901942453171433,-1.7935074853174988,-1.135073909822856,-1.571562352501284,-1.5045188914192709,-1.898911955454625,-2.033414520333194,1.0946253714087093,0.157456001496634,-1.4629232191018586,-1.2379072960945245,-1.0826070614366536,-0.957850165638146,-1.6636352499352536,-1.4028782307775398,-1.6244323159391796,-1.2679800536343473,-0.004568123539850218,0.43716436570521255,0.006998191836378907,-0.39508460254296246,-0.8725127266634135,-0.6860963772750821,-2.0867202454074674,-1.3941274992662247,-0.16213922433339464,0.07838886057588387,-0.5014524991440847,-0.2711141609521788,-1.4531794994091214,-0.6843134513625373,0.0900350447265434,-0.5829985926527067,-0.44171188122722144,-1.3755142191060736,-0.5468343882267271,-1.5681280764559213,-0.29618134382925276,-1.6784495016029757,-0.6977818782639962,-0.5326691976112518,-0.9397506862575459,-0.3203609236111606,-0.5096973217807277,-1.3701820707951207,0.5264431751308983,-1.5533934113518388,0.413343781999693,-0.7727086481210147,1.1255126988748407,0.7332218584785127,0.6889691179859178,-0.3676287891821843,-1.326824505487185,0.19261172759462733,0.041526733756998245,-1.231453135402053,-1.1180964051759639,-0.8986634444753628,0.38189548421209213,2.2260260683604316
-0.6714114568279609,0.43941447197399885,-1.2135266397802975,-0.7233588531080644,-1.71450085241904,-1.2099864130750924,-1.213815513278312,-0.933738494584319,-1.8006883892046068,-1.9878351000828427,1.0527493809221653,1.1901933550985153,-0.30803777538895666,0.731343053666692,-1.1120417906817377,-0.15904988417035723,-0.01346264288463148,-0.7108904610178184,-0.3213315387337149,0.23508238188133904,-1.2746396628089736,-1.04719645134696,-1.2883030931279644,-1.0037128565382776,-1.026019636417522,-0.667452400655741,-0.1888702346975567,-0.11204133796371318,-0.7739111078157275,-0.41139255561588606,-0.7241927288411112,-0.7420623389032238,-0.40985075143038807,-0.17346322696490382,-0.39241353413971325,0.3868906363861748,0.47202067869391223,1.0629602650169403,-0.08863498331971781,1.046880887371495,1.2679887452425158,0.7387628785676895,0.8807314039174846,0.7793944207556547,-0.05850501667611964,-0.2177232067436662,0.4999062671695482,-0.01709425802729665,0.3082094404340263,-0.1705892165537999,0.06929200449178481,-0.9024206364250374,0.6734496349771966,-0.7630566062506124,0.836688175537086,-1.0303943794233392,-1.2796546220952325,-0.7160915769518287,-1.3702241170199005,-1.1645395298283288,-1.8019127717988714,-1.8429436421531367,1.2914048510545422,0.6320102573448229,-1.4291996261407327,-1.115978852207839,-0.839070337719853,-0.6904019371473139,-1.2869059159573786,-1.0863226517581943,-1.1103395945764676,-0.9111904664398083,0.4420156072050808,0.9090138667002555,0.26732396171066863,-0.1534383872732296,-0.3268245527715755,-0.3803018419173288,-1.5933391667295584,-1.2085076940679926,-0.06280398562691913,0.17887092053724096,-0.730335402168311,-0.17608464218374126,-1.3886235332417394,-0.6336177423034289,0.08038616949659293,-0.36761095624211665,-0.36606679545108656,-1.1939966759302232,-0.21075710994742825,-1.3683287878768173,-0.29675358838616017,-1.4143894932035783,0.07424235791075137,-0.03615016249408426,-0.38910649803331965,0.290681135235648,0.13235414906503934,-0.9735043781011923,0.961430490598788,-1.053732885740426,0.946474685816341,-0.35084536328558064,1.3665251519830108,0.7687042044355226,1.201936744284989,0.06958610554590723,-0.6749787937315331,0.8810164259299825,0.4116135979321627,-0.6310982823135238,-0.724756137282238,-0.3550999456101151,0.5442259181979211,2.387594551940005
0.1756497463747924,0.8882168627518499,-0.997979682664461,-0.6038863767943532,-1.4824897605096594,-1.079742286117278,-0.9986085346067444,-0.8220961267395895,-1.6499078111095187,-1.919331739994513,1.1619393263769706,1.495935410339396,-0.04547936536641684,0.6458862173074111,-0.863492593871622,-0.23176240453592478,0.44481081771505737,-0.21478153779897619,0.2929064185289319,0.5671896158743851,-0.6991947487798775,-0.8527553061959865,-1.0935856973787599,-0.9466615404403541,-0.7488113065337249,-0.5635902126767174,-0.17996986239232787,-0.17287877240524077,-0.3123987994584051,-0.038975144103714415,-0.4193934507432807,-0.5002567754205635,-0.16752746370983188,0.05761438175908159,-0.13348729588184768,0.53792732072706,0.7925138866356071,1.281852456891074,0.15619061497360484,0.8567675834101676,1.0514361885419572,0.6606720008058009,1.090666897960724,0.9524959340218541,0.071382205221124,-0.044770339749490656,0.8414475209296595,0.2650272404924365,0.5158532754260788,0.24275752421073493,0.4423463652421122,-0.29834939543508227,1.0059167381007055,-0.2570201181899861,1.2586749331987954,-0.5309776020968976,-0.5795628313115739,-0.24117155983403035,-1.0686541565213288,-0.7566633840494144,-1.4189014614912008,-1.5391691711458202,1.501572085035123,1.0438086663034252,-1.2784979884460024,-0.9703289163783235,-0.6391677572034181,-0.4903068991538987,-0.8729115290402097,-0.7547278561780172,-0.5025329958098784,-0.562836636300767,0.8538607285314592,1.2102275940768263,0.5751834232101568,0.002963905178810856,0.20837564524425678,-0.09305283514233305,-0.9388930665250548,-0.9093358150851404,0.14356989242267806,0.30659855047102613,-0.8592618094118631,-0.038087190893055234,-1.2180476371751494,-0.5643607407126315,0.07839498207930459,-0.17686038058534032,-0.16575512898319175,-0.9021010363622962,0.0674425632067157,-1.0913424912712741,-0.3705223328828607,-1.0616120134714975,0.9041826861598155,0.4164384164417504,0.14489042808547561,0.8138914390949168,0.7154962797709905,-0.4840681567225392,1.2634081396996386,-0.45762252421160127,1.450798350024,0.15879021335208798,1.3819169842390047,0.6980411525975001,1.5148291944123122,0.39125504560842045,0.09967404285738878,1.4711934876572315,0.7364129422914852,-0.04328645769482637,-0.3430354790539251,0.2703361898837271,0.6530184022738831,2.2720104216310824
1.108387334517756,1.2350284144171162,-0.7357390917896496,-0.542923752623854,-1.1822935909207435,-0.946247940965499,-0.7375910087291468,-0.7383701038191179,-1.4409592361698556,-1.7758075150337551,1.3330565508898566,1.757019521556586,0.3361283700354289,0.5162770108716013,-0.5144632595567132,-0.33256421145403864,0.8725295083654975,0.2660879964585711,0.8077626755746199,0.719173318730395,-0.04698439546483273,-0.6643134235462956,-0.8816346853487083,-0.922520633866022,-0.4594085859218738,-0.49678218599950735,-0.1377480320875287,-0.20206394971001088,0.10910359310799671,0.21969154117293227,-0.18130067415460469,-0.3170674150337393,0.0005599696424394192,0.16917812619159653,0.03925391176827505,0.5208995421397816,0.9999370921401465,1.317290750513688,0.3361965467625642,0.4882279891258153,0.6697919827693843,0.5706126577873081,1.1017739798544892,0.935250164607656,0.10120679870304791,0.036140042253724775,1.0012505140026542,0.40934310039305327,0.6169616777563471,0.5864168966792552,0.7387309974672625,0.31811771856037413,1.1923877193102796,0.19782645329045379,1.494567813743567,-0.06394626451709218,0.1944479587614575,0.22782959940367228,-0.6705848637146159,-0.31496758439673717,-0.7612560742286125,-1.1400528511849466,1.680309698268428,1.324554994014945,-1.000656715971257,-0.8200777073198479,-0.5005440378843079,-0.3869067812329127,-0.49374195403427573,-0.4545332636735435,0.10807955621799402,-0.26442578127376465,1.1562319367134648,1.2766830235819833,0.8773675725365233,0.03879523803718153,0.6525640513702683,0.14350734826905506,-0.22488694854083466,-0.5386699385881211,0.4099448137173388,0.40469386438974264,-0.8767050020898227,0.09723764301980799,-0.967150870915727,-0.5113250281507186,0.09321229996927517,-0.06636285754969165,0.14148049848332278,-0.5440518868161924,0.24698835313451142,-0.7597977696240974,-0.5176074323024047,-0.6542035477669774,1.6543945562568656,0.7745738544608977,0.5897281089036778,1.1815656463645428,1.161161330482722,0.03893509800798554,1.3436316351282453,0.16807324659663236,1.8408959657243538,0.7070517809680412,1.1756333639943568,0.5404285960246059,1.6019240245393134,0.5571938509476277,0.8898597990761035,1.9024236688097433,0.9974732079571226,0.46110089129594317,-0.0096829163973376,0.8923823995863628,0.6986150155932926,1.897549056079439
1.980088819378886,1.4175472032899767,-0.4385846833727842,-0.5359629919329059,-0.8139916542783788,-0.795197378319289,-0.4264333886009246,-0.6608165812220725,-1.1660696741137928,-1.5443603729919522,1.5043078283311537,1.8930336112109052,0.7943963296678769,0.3381235017107557,-0.12178228979512692,-0.46857956796658995,1.206338323206137,0.6712023301532382,1.1330640713930313,0.6549143437700559,0.6042130394632532,-0.5007294703773885,-0.6634407126869496,-0.9298855691972543,-0.17547706345125977,-0.46149881743216786,-0.06505306362107688,-0.1919487056571163,0.4517890554229188,0.33864983963464496,-0.015580248434881384,-0.1920186558933493,0.09635277830827478,0.16607187214218092,0.10552682871623109,0.34230140801245645,1.0813717502699023,1.1531835043801306,0.4489145302912433,0.005777189748950246,0.15839368606492904,0.4201703061197981,0.9179165218155679,0.7306412402975851,0.05807391789324219,0.041112148220787174,0.9807500394338842,0.41593607163526164,0.6425811253673914,0.8378499326363316,0.9408804991491535,0.8672526486408378,1.2205163985153884,0.5474391861438527,1.512596123060751,0.31708005686515217,0.9205986516673643,0.6363401478274686,-0.18538105737195784,0.12800067953188318,0.11257467278018146,-0.6746046371578964,1.78059958565182,1.4243112033103589,-0.6015815129633239,-0.6783708971352742,-0.419177159943813,-0.38131715179431386,-0.20145317955192804,-0.2151301415454364,0.6362854712800312,-0.0392830679198914,1.296260755286168,1.0949969544291387,1.1205454385665554,-0.05486645037384831,0.9505505974908633,0.31011025495230693,0.4312781624508977,-0.15334451599788873,0.6599424530232557,0.41039749033372075,-0.7971130068029931,0.17304589622563307,-0.6673509607602287,-0.5018106477303131,0.1314255900559285,-0.06848217180183372,0.5170551826609242,-0.17122368497501905,0.3102905757804548,-0.39563109073673014,-0.7184528310621386,-0.22615802745580935,2.191002050354741,1.0085519836537784,0.8947148228247783,1.3572492818338926,1.4164908171145882,0.5355358208823519,1.1594063813311821,0.7561589283837153,2.047141370156848,1.2370970176003062,0.7959366573828207,0.333436169459674,1.481302629043373,0.55417049856117,1.5777777269501647,2.13869932451285,1.1803061403959243,0.8285583024621419,0.25159337904228063,1.425156632227914,0.6863866837985735,1.330671533143927
2.6561313312167756,1.404915671066267,-0.11500917838247007,-0.5607883702674414,-0.3802143708832432,-0.611241747543091,-0.06337681995811936,-0.5631258209199547,-0.8155668450500065,-1.2174338372420779,1.606554260119861,1.832964234889047,1.2704756904618317,0.11061172373728129,0.2566712978022522,-0.6402958640115199,1.4011611674317184,0.9565765945035456,1.2252158337678045,0.38874565281948575,1.1759532405188782,-0.37229628767035294,-0.4406839250623611,-0.9502640206500396,0.0965149271063867,-0.4392402679097045,0.03530620559928957,-0.142136515860427,0.6985940965315787,0.3221794678774056,0.09032559368394237,-0.10872711773120655,0.1406854110484309,0.07859660306419013,0.07349659024528891,0.04306464278448721,1.0493834197825112,0.811569137606038,0.5036330315151756,-0.5006692689828749,-0.4248039720656275,0.17482604250258893,0.5821503073615488,0.38197881993282806,-0.008900114939079365,0.011783233737816702,0.8205636972272994,0.3191671278180114,0.6422374583663563,1.0010040734446104,1.0538983808156246,1.2910980729249584,1.1126387879895916,0.7682780990414791,1.328355423652798,0.5877328626162309,1.491329258016276,0.9462738273306511,0.3697047898435799,0.5425771817080904,1.1023550272721219,-0.1825505791913356,1.7648550963445109,1.3221220617683853,-0.10228960157119281,-0.5491236869280595,-0.3699546095881971,-0.4466214406152176,-0.017837912563710853,-0.044351809646148696,1.020828200982821,0.1118444779799416,1.25597162115313,0.704880853711028,1.262917229856217,-0.2551608610784167,1.0839065011397246,0.40442192325579474,0.9231078992277542,0.19072475668307573,0.8087560884637964,0.2742811745909885,-0.6525347353646294,0.1379932724965321,-0.3473549864778517,-0.5475608627152821,0.19631930281061416,-0.18266766488097866,0.9107701272601514,0.16898760025420523,0.2666880856379226,-0.01604142315847234,-0.9370140556144996,0.19499207815177855,2.4136983026194927,1.1155662488103084,1.039896578866985,1.342235555019512,1.4652988868334493,0.9572409089655083,0.7249962433172707,1.2500667820666211,2.0296840973624906,1.6932738925126878,0.32580661836153874,0.12375993990452333,1.21082261912175,0.3985706547038159,2.0614781316599844,2.1752963258259492,1.2752960967541092,1.0335142845923315,0.43556386273147524,1.7991018189244334,0.6355902620226958,0.6721269760811672
3.0412848704171,1.2034321339237686,0.23114239257756253,-0.5817566559669224,0.11190074624091946,-0.38225501911585275,0.34879979495119995,-0.42189464385201997,-0.3830725748285467,-0.7987263477789194,1.5800287608136325,1.5320822503628042,1.698887867600451,-0.1627765292313809,0.5743875765198104,-0.8379838257887221,1.440756080093584,1.1049145437693635,1.0992906489643726,-0.01507681705897436,1.6073013833194123,-0.27859497782947973,-0.20551471022045803,-0.9515180548337571,0.36189078579777473,-0.40201467914346056,0.1645738911337578,-0.05688793221422384,0.8572587154915231,0.2054903632090115,0.164208648868165,-0.03839019395738515,0.16827506805029613,-0.043741689848507646,-0.019092787355285266,-0.3070430575870036,0.9410684349351108,0.35361565102984294,0.520284662723634,-0.9310002639333315,-1.0041636836029073,-0.16911394710394198,0.1697687798470567,-0.03405849918646019,-0.04221194418021689,0.0029192753060982377,0.5909797288787878,0.18004509904305296,0.6701490753701073,1.100116367026902,1.1026146660375822,1.5620701052122128,0.9214415439434571,0.8702988364389352,1.0014623825136464,0.7563127446873863,1.8334986051956061,1.141326135431604,0.9674730884641186,0.9024694716304485,2.079818793770333,0.28892219718698275,1.614641712319075,1.0318265650742717,0.4642296617250597,-0.4263140718910271,-0.3121265166189791,-0.5343668136698563,0.06853397918628827,0.07104016304639936,1.2371529795388054,0.20990004109639246,1.0575487371207855,0.1904049033118428,1.2834712264353179,-0.5095283482168541,1.073484640562802,0.44127679689818305,1.1797301369018969,0.4534394549429695,0.7878705780601175,-0.022693680908702437,-0.47994138895579386,-0.03629573119208332,-0.026621352654874378,-0.6405011610349737,0.28848709152765145,-0.3738003110522375,1.2717951541833636,0.4425144774443227,0.15065227606170203,0.3685260211726812,-1.12735822055744,0.5925374177851438,2.279663163382668,1.1196251764127492,1.038006495294893,1.1736151094228207,1.3315113379952914,1.2766120984022022,0.10852766608833554,1.612416552728778,1.7862855910081095,2.0297090919171916,-0.13458674455274852,-0.04359617381045239,0.8752593517039999,0.13424347461596892,2.2784046492741865,2.039768291865798,1.2802145196772954,1.0835110387761917,0.5569409661957492,1.9738096066283097,0.5736343551299227,0.03639162211920531
3.097661009657204,0.8541937170606207,0.5999362436597582,-0.5570373637207836,0.6490173734886148,-0.10284964149221053,0.801349977415092,-0.22251709036717326,0.12868644897259668,-0.30719120325212634,1.38816217931332,0.9845546651958756,2.0183186123166945,-0.47372956455515924,0.8045288700453055,-1.0406106617473678,1.341506157178765,1.1292161806219743,0.8270158574496669,-0.45466812435667303,1.8686106010607728,-0.20824295490582398,0.05679024750286948,-0.8948653137400487,0.6345801755901129,-0.31833376756536325,0.3294504911067223,0.057398363832740516,0.9567479405429286,0.04818592078412784,0.24278807073004413,0.053867111533517927,0.21981177169407695,-0.1422354865213965,-0.11125858176388088,-0.6214664525683946,0.810783409607888,-0.12874227571995564,0.5266329460532633,-1.1932321440167628,-1.4969231618333843,-0.5771004077889389,-0.2263958353387853,-0.42279798733886154,0.008290529460043227,0.06620627721269536,0.375640622380979,0.0723364988751623,0.7704782684470807,1.1684867947545146,1.123786966493588,1.6839996680619411,0.7184156825540722,0.8920682795002225,0.6219206551451458,0.8590840080543493,1.9210195968114683,1.2274525273892185,1.5701989317189022,1.185460090529647,2.909054876689666,0.691754572779654,1.3358060079352048,0.6014040011815477,1.0574507827707922,-0.2958319677898576,-0.19864829121409647,-0.5857386827087289,0.09759438365965323,0.16019230902043266,1.301442881050152,0.29131475615750624,0.7592265455701821,-0.33782203575131053,1.1864446079211346,-0.7454790793934643,0.972585942939429,0.4489576099904175,1.182209474040035,0.6201920005300975,0.5663061362999375,-0.45937944485099214,-0.3087647235146944,-0.3425198605999033,0.2874184757032937,-0.7533448576719068,0.4070695313520949,-0.5792661955488227,1.5586132839971485,0.6342955191174344,0.01458280067659095,0.7538028738913305,-1.242396386600424,0.961796452162345,1.8154786217569439,1.0648232911814892,0.9294359772188839,0.9145200213901815,1.0739449907153824,1.4915469854156223,-0.5840644494015631,1.8297632699486799,1.3520736010038852,2.2169134720903485,-0.48911956484603175,-0.13444041531298284,0.5674890347740701,-0.17449359992035732,2.2198943445016504,1.7865642885689423,1.2032541138130048,1.017256266433135,0.6469154873903754,1.94433918696588,0.5279541209098626,-0.47059292704451555
2.8493978658467527,0.4234090011493966,0.9924998100431659,-0.4474430017574908,1.21053978899684,0.22353750340462603,1.278787166180356,0.03766164633315801,0.7034246107776442,0.22264660365058403,1.0254828434264278,0.22871905648280083,2.1814682028413563,-0.8087326402680939,0.9426280823744283,-1.2177999939076953,1.1486549898535754,1.0686058294202614,0.5202136431720007,-0.8124869180371503,1.9671743756011701,-0.14065292857480155,0.36266372859500956,-0.7439458955467259,0.9308716519807421,-0.16043046415166684,0.5399593644172682,0.19402076357825815,1.0379847825012487,-0.07871011086942112,0.3632248227863424,0.20092946676587434,0.3326691493281381,-0.16087648587307132,-0.1318627884843892,-0.8133919493551875,0.7181581090517831,-0.529496593391004,0.5534976749732244,-1.2214288081833322,-1.82783087332471,-0.9814968011979625,-0.5154196358781619,-0.6921928421212874,0.1717262646319636,0.23463192508324968,0.25216624775272833,0.06538865766520863,0.9651994443945667,1.2358616747600086,1.1554453924148618,1.6861777273569662,0.5774688842977604,0.88950057396034,0.2895860219615347,0.9487447997229672,1.7775001701809205,1.2287044810866012,2.1315375825254548,1.3749798534283049,3.469977666381338,0.9859913944008234,0.9577058512357921,0.10551831324102838,1.634108771545366,-0.13931173869638638,0.012416325647869002,-0.5448937765151566,0.12659838529469325,0.2595664010460957,1.2648461784130864,0.3978438752452725,0.4424862555188028,-0.7657536406570216,0.9997141004224556,-0.886124396061882,0.8525648993552054,0.462315333410514,0.9675562003142494,0.7036753600748413,0.16229788961431266,-0.9749597947221815,-0.1526032621740591,-0.7340966095541029,0.5977041602338001,-0.8449522766221628,0.5507175852805521,-0.7231854044229346,1.7457616656723733,0.7494975274456233,-0.08246749514885375,1.1387651895757274,-1.243170479062889,1.3077008411481463,1.1136570272864172,1.0033936523943188,0.7717803146234499,0.639229848835454,0.7732851985697337,1.6230408151260847,-1.2335442904904173,1.9127964142455394,0.7912581448440051,2.2451458195977265,-0.6656339909148048,-0.13043755609750848,0.36820570942162806,-0.4537816242042312,1.9327852881450303,1.4859318612463637,1.0647609420186603,0.8954892249512479,0.7450677752931852,1.7402213009973562,0.5183701511595061,-0.7706485457775462
2.373443100256255,-0.012122808780142253,1.4067495916550747,-0.2251849410299036,1.7684314220774198,0.5843180920855447,1.7588718957976268,0.34920859823866884,1.3098220202183475,0.7447415371083105,0.5182316440124762,-0.6565993841232024,2.1621650092051117,-1.1491354068489463,1.0036270314406812,-1.334616051844402,0.9260571446441715,0.9774377028140466,0.3030323493811178,-0.9822826519088234,1.9433711568953727,-0.04966244748221427,0.7236362504053327,-0.4740350876915836,1.261668725608053,0.08883592162187616,0.8040356644388057,0.3467689491722847,1.1414506798132926,-0.10941527792705058,0.5541757934940628,0.4255919722783443,0.5320682540788579,-0.05790125318819115,-0.01685116966164747,-0.8135882147313377,0.7143640406514362,-0.7501961630183195,0.6283741855933702,-0.9893770823823562,-1.9442528038795137,-1.2981706129343613,-0.6281597771179721,-0.7739198987330229,0.4479197345442015,0.5115803014267938,0.27408639467326246,0.20742629667024673,1.2473926673487759,1.318088894802519,1.2260722737745466,1.6124287916157722,0.5573265462164414,0.9210351425645784,0.09172509650539779,1.078977454512943,1.4686029853696534,1.1796105111928266,2.6012207352767196,1.4624545943854699,3.6802387467371482,1.1489483193685506,0.5269149968428597,-0.36755318424351574,2.1525689742175746,0.06095437149506471,0.3467606492562313,-0.3716316222065523,0.21500381071720795,0.4027938795481298,1.199190904013109,0.5648445524393001,0.19344371198715585,-0.9995352995307892,0.7674103875205676,-0.8678201755262409,0.7844183004016203,0.5141942171837555,0.6198251317429014,0.7377391862054673,-0.35766269476203894,-1.4799412896201545,-0.007230348838087188,-1.132358858399188,0.9121403492985579,-0.869312274954448,0.7175938535318988,-0.7343803513914998,1.826246940914,0.8105002623807485,-0.08785460531416457,1.5213067642954519,-1.1071023475790265,1.6391942907170236,0.3141118604233068,0.9815367093803231,0.6265243021560826,0.416918676582166,0.5140490185898179,1.7070112150853374,-1.7338187172355353,1.8919807022760748,0.18292919946847677,2.1239572688210355,-0.6301585314715306,-0.02949611042522515,0.3290202626937892,-0.6333531704399277,1.5077987130095265,1.2091640666159158,0.8959615504146099,0.7865421221475456,0.8883211689999259,1.4178497229070528,0.5523135904184934,-0.8260627423563103
1.7792016568258815,-0.3808094156897211,1.8329682658185855,0.11914940563322468,2.2880874895705587,0.9591375867596161,2.213513009020309,0.6930143376883235,1.9037758515237158,1.2092508884698951,-0.08185253117180975,-1.5644434570966468,1.958434242373998,-1.4721154872652318,1.0143964302932562,-1.3583026018609379,0.7419290099638967,0.9107653458049921,0.27955940187867967,-0.8947004377203579,1.8585483493937744,0.09138493878051238,1.13985087961493,-0.07947257856090742,1.62534805416803,0.4308467314191604,1.1203056100459376,0.5095324405605952,1.294999108166662,0.00031644273585815507,0.8283638245285919,0.7342938740357876,0.8244972710313636,0.18527701621252185,0.2733225521857669,-0.5858199906514959,0.8301221350471857,-0.7215827919447102,0.7686720098624371,-0.5167714844160752,-1.8273892426128735,-1.4495573485343067,-0.5328303340590944,-0.639689271813486,0.8064033713099796,0.867519482711261,0.4582267587851418,0.5131137468429428,1.5814743419230772,1.4118053534012365,1.3463981615547218,1.5081742357760373,0.6868965894954181,1.03270645928863,0.08398738454341684,1.288880903104646,1.0860573963148914,1.1160364452225395,2.932011196661038,1.4496888844052798,3.510858512563577,1.1818079382901958,0.09721440174617607,-0.7320677157402417,2.5762860111907098,0.31704346794443855,0.8053945619451637,-0.050822566614255105,0.4087032619488231,0.6111404636623632,1.177629198899359,0.8108534644509392,0.08282459710853053,-0.9849076680137739,0.5386657157572938,-0.6555034044027606,0.820810054727481,0.6269988156759049,0.25085250757036925,0.7656640286546947,-0.8918144674764887,-1.8749300939883844,0.1451962590693316,-1.443028530335312,1.2362595441216435,-0.7863003151960887,0.9042167200949488,-0.5637830455878665,1.8096305559914294,0.850557748399727,0.03256511073815641,1.8939279355716048,-0.8337570583111515,1.9618366849898101,-0.42534438121873874,1.0267611467910485,0.545792158601104,0.2978051691471918,0.3656916616081746,1.7824225241553169,-2.0137429938310474,1.8094375347684697,-0.3953990836584603,1.8782074618301725,-0.39272887727607625,0.1572250222848684,0.46274880761533144,-0.6596702540119821,1.057964800332865,1.0132519279079666,0.7340114194454881,0.7500572591251826,1.0996738062515856,1.0481893460075913,0.6240372780508581,-0.6439740564637451
1.1824593624795516,-0.629680268320069,2.2507721579340845,0.5728798865878643,2.7304225904213917,1.322627457781582,2.610784813072689,1.0443465109196979,2.4340628214348414,1.572058015693923,-0.7086238958760643,-2.378486105898258,1.5910726487883788,-1.752856338192665,1.0037073008527335,-1.2656743880454493,0.6537822398669924,0.9103183839714202,0.5051366765278681,-0.5351777092832258,1.7780432873530636,0.30382281643319037,1.5954743672383283,0.4222897434957551,2.003383070496408,0.8489834341351454,1.4713872404329758,0.6748238628880608,1.5050613505330843,0.26148347119396625,1.178453799511527,1.1142832217270666,1.1948068923077237,0.5595954680128146,0.7405349987590594,-0.13630625738902333,1.0684524951115546,-0.42002864934195355,0.9764417464241827,0.13382969439705217,-1.4962189759539564,-1.3871161071174336,-0.2422988460274996,-0.30838023313509183,1.1927480952555691,1.2452801920538112,0.7806042461231673,0.9583847361510531,1.9103404029202304,1.495407979690469,1.5059931064366139,1.408697276098427,0.9573392512850556,1.2464176469516908,0.2790920680942434,1.5910698302737691,0.7270355947410562,1.0667522046704017,3.0876399090878643,1.350277995464329,2.9919521172479313,1.1112873155993563,-0.28152104768980224,-0.9207155495388567,2.876234819160592,0.6313595255201424,1.3609661730140858,0.4033048061065699,0.7270603716010954,0.8866516606893712,1.2550369587364372,1.1310824254622087,0.14935798692091012,-0.7185179360347466,0.3556142435987108,-0.2517604610058693,0.9828580937550878,0.8063053798242562,-0.024641682200283448,0.8267519759564712,-1.3244760823629271,-2.0725288582851533,0.3276052785909338,-1.5777561396059159,1.5663477256262166,-0.5720144149020594,1.103520646031517,-0.1972328348368306,1.7167217465254225,0.9054408302677571,0.28597292903170746,2.2409086865194845,-0.4469061235395159,2.270775465214346,-0.9625824524906091,1.1401748381326644,0.5618732985462731,0.3045319468637439,0.36739591014233386,1.8789743397996705,-2.0494312725364754,1.7087120540442944,-0.882318016375922,1.541741465020928,-0.00416581347981516,0.4093692704890895,0.742680490994733,-0.5067385170746134,0.6929164856344009,0.9284258225437831,0.6142463219372399,0.8229966575824682,1.3798565190297956,0.7025158880484255,0.7175214202978905,-0.2723716048515009
0.6801564545759349,-0.7325973514684321,2.6288386216067945,1.101746694836374,3.055310028372087,1.6480042285360228,2.918192692925011,1.3775250923351707,2.8501815598287554,1.803635446719194,-1.2946620309484225,-2.9943490070540544,1.0983286134717516,-1.9678419821211943,0.9920807644920342,-1.0496701176089969,0.6956925528354261,0.9948426203812629,0.9692153535357193,0.0505706385022845,1.7538610708164053,0.5980765388035035,2.0575491929484144,0.9910337751622518,2.3603806739762394,1.3098512331317629,1.820232839763263,0.8316468720216452,1.7534541815908466,0.6478290877860655,1.5773611058039951,1.5350707694687415,1.6077066251189196,1.0293420160283462,1.3438653237915792,0.4852950909192616,1.4038778817964257,0.12534047910806193,1.23642616599092,0.8689080098759544,-1.0030695835913148,-1.1063535306685688,0.18901727145103034,0.1581915995079064,1.5406274647591272,1.572796202522393,1.1820124535858492,1.4840027067468375,2.1678807980497803,1.5358177086845777,1.6755985726056426,1.3313163231125862,1.323098913846469,1.55389225391223,0.6454672040065236,1.9663041069058393,0.47349070529114173,1.047658849066817,3.0499726210666216,1.1891567295261092,2.2069913145842683,0.9852748011431474,-0.5729050775866321,-0.89697304740251,3.0325037775502577,0.9943527826752655,1.9600784017518715,0.9488830223420711,1.1556904280336215,1.2095631795038848,1.4532020629361715,1.4965658524382945,0.3906592631827955,-0.24886269272271958,0.2441167114698429,0.30275461110517043,1.2548616042362069,1.0381441383736263,-0.11401133600393686,0.9452556488221658,-1.5505141971468996,-2.017084988636808,0.5579028209409184,-1.4752226610481398,1.8852696122421844,-0.22650606893912867,1.3029396121707946,0.33917809254553544,1.5724580801917198,1.0045546684363986,0.6497468153515611,2.5380802272537006,0.007939542751606576,2.5465062181965648,-1.200824001196299,1.2959358016790847,0.6815763379831505,0.43016980506776065,0.5202783017251248,2.0077468017506472,-1.864964632225172,1.6247436652768157,-1.2416255642509093,1.1505506469671747,0.45497824741175885,0.70039430397596,1.1103641998360063,-0.18240026028282355,0.49562097510007797,0.9517806560920862,0.5619030153149341,1.0115701756744377,1.7045861284582144,0.4391324045947595,0.8117456750818675,0.21088143524340944
0.33197615775615397,-0.6919493323091872,2.928138275425928,1.6548345227174173,3.2263718758544675,1.9109285449816478,3.1070623361644816,1.670290825111887,3.1106139217406876,1.8949405178550658,-1.7834708918461737,-3.3388896087392177,0.5282014910580234,-2.0986962142484042,0.9840310026968182,-0.7236340800911567,0.8704657684426029,1.1571681049748412,1.5948206908090086,0.7651729847635145,1.8114280568900034,0.9694109575826585,2.479167520254188,1.5687636403047622,2.649130910015261,1.767874979715252,2.111455277668643,0.9635344420239008,2.0005481107879515,1.1006206987999039,1.983085105016844,1.9539733526862966,2.0134976646351745,1.5385059967315233,2.0045083930212226,1.1941827026240113,1.7881143670366575,0.8367892862458743,1.5184445306995125,1.5822431988697947,-0.42230552309997593,-0.6500411647710702,0.6781714006393457,0.6700908930707036,1.7867846162911931,1.7802817103044661,1.5821412835250839,2.0073192565594646,2.294111657874998,1.4990061064489466,1.8145963960571077,1.2730646862212562,1.711918142448634,1.9174652333682074,1.1155793695580156,2.3659386630405823,0.3758570858368288,1.0598467861297123,2.823587753244512,0.9998115713314337,1.2765911839791404,0.863010295070346,-0.7600802351557929,-0.6614643607301962,3.0353891094149446,1.3845495474747853,2.5316029495543027,1.5237769947202562,1.646797797771322,1.5407414881772317,1.754702519852813,1.8593589659834897,0.7638495270072793,0.33337663586912936,0.20988361620382273,0.9376763197416486,1.5882323941231102,1.2909280839085369,0.033482171203859296,1.1245092255552172,-1.4976905179691935,-1.6978097837490103,0.8400172317692689,-1.1166585617780078,2.1624260257420143,0.22290295916081732,1.4834873173703762,0.9823042216280884,1.3988444550649584,1.1631026242525009,1.0751027889764155,2.755622954372416,0.47068633893128786,2.7553630504657107,-1.107342499570462,1.4482498215298432,0.8864437685394454,0.6427175739086463,0.7888975101064766,2.1574001733656143,-1.5222778125125704,1.5765448039247825,-1.4641583931224875,0.7373052815392764,0.8907658810102628,0.9987541468183928,1.4896365431405787,0.27165882229602123,0.5069290127499569,1.0490588829789336,0.5861081928964598,1.2911081973634058,2.028720927453705,0.29366265911571887,0.8865875175577363,0.713489781245752
0.15258728248504602,-0.5342505332770958,3.1084799878825913,2.1731403838518144,3.2168079988999416,2.0930336589428613,3.157523604975938,1.9071122188670826,3.189709212263116,1.8588382354329307,-2.1383160198887627,-3.383246231839951,-0.06964758503113043,-2.1357033206085467,0.964878784502909,-0.3221927171315827,1.1482952006629064,1.3682491002936077,2.2553383853734315,1.480465040678132,1.9436639129725435,1.396058862236184,2.8068537464680383,2.0887237745313936,2.8199457710875757,2.1725300470248627,2.2784350972530474,1.0479088296855976,2.1939971861076506,1.5409742952412484,2.347019312275079,2.32446735136676,2.3569820388860214,2.0211658371730743,2.620288367378308,1.88667077694321,2.160706576646863,1.6026841052700243,1.7837969195220518,2.175472065149127,0.16445069002911622,-0.09899024600975029,1.1335080400222737,1.1309805359387868,1.8854888984721019,1.8176534976255763,1.8988777514995003,2.4397321402272962,2.249544306973206,1.3613259547241134,1.8816379784511414,1.2140966708530778,2.0415083090378077,2.2774115821198926,1.6014779512037687,2.7216692001867195,0.4443540162984905,1.09159441237058,2.4364007223967903,0.8192935982382157,0.33522128581403865,0.8019333629190468,-0.8472208775189118,-0.2513080946345218,2.8862881600988213,1.771043955529073,2.999604648752519,2.0570790732885054,2.1273256533471923,1.8289151924155431,2.1071226289494245,2.162709077789275,1.195677816705547,0.9136923245578689,0.24083472248985638,1.5678850935857085,1.9136664038583282,1.5220205475648727,0.4158439000888231,1.3472732026465268,-1.1427519287501848,-1.1525699944915218,1.1583074404768712,-0.5322989310862326,2.358125708225817,0.723813754120892,1.620667257857662,1.642938327857651,1.2097365414985748,1.3768359627692583,1.4966915269402312,2.863485858028202,0.8776509674009082,2.8554757407841174,-0.7169602153341786,1.5443097424778518,1.1385894533526832,0.89463215061503,1.1115462883393814,2.297027322640537,-1.1033643031622413,1.5645595097045137,-1.562677997641422,0.3285462188858122,1.2142742666609108,1.2681538740181317,1.803559471614094,0.7870216781206705,0.7207309977651096,1.1647405723214304,0.6783177099526835,1.6136884440183403,2.2967012316713777,0.27470580170140485,0.9277855843507649,1.1455420140229295
0.11543132684184201,-0.3015174445966543,3.1371823814007946,2.600126895308275,3.015507949479847,2.1845686414658636,3.063157826389041,2.0808797039002482,3.081835878809101,1.726734878178848,-2.34627932340645,-3.146888943942666,-0.6504741666936827,-2.080156052153687,0.9034853620311403,0.10189734714230612,1.4723029581344256,1.5864226109763744,2.804651257645785,2.065624993224149,2.113745268164439,1.8404766533347117,2.9909397518456604,2.486985045903511,2.8323496351947233,2.4769742129720633,2.2556445304056862,1.0579431385519085,2.2809375863594514,1.886621136407544,2.6237926296422134,2.60532489950658,2.5878059916671075,2.4136977508449835,3.086836172907715,2.46105780484047,2.4619816702165145,2.2996154674437266,1.9941030301047677,2.5763720771621754,0.682496858170544,0.4465134531388083,1.4763291514409496,1.4611652264815664,1.8192748205572538,1.667923180601792,2.068076834291189,2.705952555688824,2.0255580072221657,1.1186118548265882,1.8457158948288952,1.1257553838498202,2.2388407842225817,2.5642189115445513,2.0137235823430797,2.9604284769622753,0.6493674978647348,1.1234021438041972,1.935919049651475,0.6818505645409211,-0.4940691306974014,0.8442845794556292,-0.8566080859869579,0.26701312667547766,2.598485593186391,2.118136693043149,3.2982904679299847,2.482346290518662,2.513494696603785,2.0214502013776157,2.436478660716839,2.3538627512927004,1.5994449460032614,1.3770528591384497,0.31427342596154745,2.1112018682668667,2.1585900594338794,1.6877798499506897,0.9785502696448515,1.5814750574784346,-0.5186369100492145,-0.46181642834992737,1.476792376791424,0.20241786113146465,2.4315303487065094,1.2065513360919167,1.6876289036052559,2.222278123640449,1.0087989733844451,1.620711269482661,1.8462564534368375,2.838276494977112,1.1743630191350432,2.8073078352263647,-0.12009418377182503,1.5398793840325067,1.3906385997285389,1.1349819982066518,1.4165357476851619,2.3849534212867844,-0.6894320128325973,1.5734360518706252,-1.5621697163604216,-0.05521613059882051,1.358691577858437,1.4689228198779374,1.9906658021295134,1.2820836743434962,1.08948097804745,1.2382482068807725,0.8158766509571869,1.9211830816421913,2.4567464105795103,0.3655214326021635,0.9299637338443428,1.4347035179931986
0.1660218870946109,-0.0410543938362936,2.997912021342106,2.892030520173607,2.6322461116250855,2.185701936239829,2.834153529991924,2.192697449049489,2.8022046504545877,1.5413407162320618,-2.4172760383067247,-2.6920874999257673,-1.1782292960244627,-1.944930387916938,0.7609477315444073,0.48489397882494245,1.7700552071213516,1.7688823025069909,3.1130370689417313,2.4158183887931246,2.265832715484601,2.2539336585577536,2.9967867093572966,2.7144576460221295,2.6664288280234882,2.646575853792077,1.994328961666613,0.9676284370692275,2.2208296191467514,2.0691670652748235,2.780338060130929,2.768351151844029,2.6702013094053143,2.6662486455752856,3.3206316118831265,2.8384020538229935,2.645316519711436,2.817114303946692,2.1202527123068204,2.750930937845277,1.0743218964213315,0.8890316862274676,1.6590221537530723,1.616107737109418,1.6037056656211481,1.3533305416361474,2.059034231499228,2.7607726218171624,1.6484604694417164,0.7907539703257627,1.695042566814744,0.9812845985961219,2.257448918454547,2.7133117271378,2.2795855321334555,3.0211937120347354,0.930436626827281,1.1344856341902112,1.381902929928652,0.6125766490798255,-1.1213030390340957,1.0066753108661588,-0.8222963390493222,0.8094896399098683,2.1976272555873453,2.3913470343183256,3.3857398857421916,2.7498759023605457,2.7288524332357147,2.0765839582525416,2.666228996974828,2.3964548890311725,1.8943312283557125,1.631338351613598,0.40570726069271795,2.5043713117321444,2.2656237653668314,1.7548688660745564,1.625680583070086,1.789246996430875,0.2884202934258529,0.26591727872829696,1.7437795053827487,0.9798713037509704,2.3504992092279338,1.5965150474967413,1.660366327374037,2.6305341653516487,0.7911907793121254,1.8522748575765213,2.0674348669982328,2.6700134577989214,1.3272587458353307,2.5863253341500565,0.5608501262397834,1.4133190139705567,1.5972942081490755,1.3214263269349098,1.6402011593179129,2.3811457288424647,-0.3421223753091432,1.5793265834451802,-1.489182620783399,-0.3972920351638083,1.292145518682829,1.562451024435418,2.017312293570093,1.6795322686114682,1.537382825902694,1.2220558079901307,0.9696043765886462,2.1599885698724712,2.4750084504223357,0.5311584857281496,0.8973826390875396,1.5375364984225188
0.24053726852442095,0.20380799291899052,2.6973863288232187,3.025640679300965,2.100494003814351,2.1062299889308043,2.4978890120673602,2.2498516420721177,2.3845658475566474,1.3474200581510243,-2.3788236189460408,-2.1104499568237554,-1.6261986809478548,-1.7530458414358194,0.5036520604125739,0.7624234703058941,1.9688962104852854,1.8821378196349816,3.09969976281108,2.4745922537539684,2.341108549038224,2.5839506724810533,2.8142105897796554,2.7468593019266745,2.3310156445996784,2.6657869808756645,1.4785536769645704,0.7597027113625301,1.9960755185599537,2.0481758333671856,2.80216384774111,2.8030202716096744,2.590230882203844,2.7512147529090925,3.278409742462506,2.9783181955521303,2.686048973906194,3.079619720338833,2.1491359285526612,2.7068452696724097,1.3044918975177662,1.1539922558228541,1.6753359847491096,1.5959466401778695,1.2853128369714106,0.9328146147641614,1.8821000106366843,2.599649679534633,1.1763502497427516,0.4206679423237517,1.4418270810338445,0.7666125278314742,2.0887419651042025,2.679323984183825,2.3569878786938427,2.8700512047956424,1.2115983337209983,1.1089703644354383,0.8371923131697914,0.6227380795092587,-1.5028732380924668,1.2751595739596284,-0.7819265069378726,1.2887557109805987,1.721366114079731,2.563661029314741,3.2532760346440366,2.8355881267188754,2.722011541358805,1.9745170593702215,2.736773095314952,2.2794624017198117,2.0223414545170986,1.6261056301722403,0.49573595339294985,2.713599294598774,2.207521028821255,1.7099994595331394,2.239734361094518,1.9366287148373247,1.1518640399024336,0.9140707402293622,1.9014472419821027,1.6797336162137064,2.1011876098839486,1.8288968584102334,1.5240400253753312,2.8039956830566064,0.548526380392206,2.0197339982935616,2.1283891973448825,2.3670721277971825,1.3312313990819884,2.194321118043455,1.2000776014363628,1.1740881851930325,1.7257067086578564,1.4294164737035293,1.7420813786735538,2.2598787456420615,-0.09129674597124994,1.5593526649199771,-1.3638908438221853,-0.681941517448106,1.024107980849337,1.5192057455110863,1.88386632901815,1.923790513220398,1.9772770851287877,1.0965767069370331,1.112954036407382,2.2934578469497438,2.34570396080045,0.7291991336529402,0.8426312005434773,1.445746915928914
0.28448351982330183,0.40026702001066555,2.267842416742677,3.0017822134997756,1.4764531562079395,1.9637179982031714,2.096258938771106,2.262479988309935,1.8765352486601574,1.1827680305100332,-2.268092250383413,-1.504841918312941,-1.9751950374977736,-1.534321717381361,0.11745585533615366,0.8814869380666734,2.011968643737065,1.9089248019330984,2.753698365621857,2.2449778286085764,2.295053333420205,2.7833893119595943,2.4625798245653843,2.590330187444868,1.8663526657864014,2.5419500031979148,0.7377257590682712,0.4346745428309282,1.6181141410034172,1.8194953933837275,2.6955766279356568,2.71721599924959,2.359140375858253,2.667257206132724,2.968108967621827,2.8860229777265767,2.5852599240392378,3.0610042389494088,2.086431080407067,2.488148710844063,1.3597845772150663,1.2027853742850578,1.5606215043134468,1.4440520888094026,0.933296040378656,0.49142417234792013,1.5868556331853079,2.260828967254738,0.6894193331570944,0.06784674985841661,1.1220118840761777,0.488480366249477,1.7648062077139088,2.447087238235233,2.2417709261159797,2.5101319265155886,1.419525234897915,1.0403016828847838,0.3588213936211137,0.7081756236783453,-1.6438925849263626,1.6070699398259012,-0.7683559204639195,1.6282592046456417,1.2174558181847799,2.6206914044682215,2.9282045855255534,2.744847048609939,2.4800315587466626,1.724698234918665,2.6203322866346817,2.0205103607348973,1.9590644929811014,1.36293308149629,0.5726029518781246,2.7376821743718422,1.9948198059499236,1.565359224834058,2.7060484154265856,2.0014566840220382,1.9264888996953413,1.3799380412723667,1.8987862186656381,2.1910681485346104,1.6951025453619841,1.862744386866916,1.2788584198905903,2.7171725035767618,0.275615102009449,2.073505238500876,2.0293257250780457,1.9579748252861735,1.210865187088611,1.6657825693842234,1.69454477693223,0.8631405764291707,1.7621766439942643,1.4566787256824858,1.7136657605809924,2.0191764105033867,0.06776304509059049,1.5000943400935756,-1.197330445772826,-0.8923824763988617,0.6043045567233282,1.32868607990121,1.6237133435167812,1.9939140560972926,2.3273324307597902,0.8773193747635667,1.2297786644887723,2.309001514149418,2.0942598007550615,0.921289473257677,0.7837292102457912,1.1870079547284884
0.2665685350711473,0.529261267915167,1.7639489005274998,2.8437020868290737,0.8334194546601307,1.7803909621345058,1.6797378351223358,2.2398485714315446,1.3334842347564275,1.0713852735833116,-2.1231149028126564,-0.9706374088333795,-2.2107976471329636,-1.3205484731363577,-0.381259039845161,0.8118962530220305,1.871346207130039,1.8502981869998845,2.1380297002114355,1.7871429438502546,2.1113014395898033,2.819414479920113,1.9898220467879393,2.281092011512409,1.3398697164541669,2.3049655158719924,-0.14864294205204698,0.017907737314994142,1.1276569626837838,1.4166312626234978,2.4855961178135475,2.5342815921725803,2.012120372566834,2.4383860461417366,2.4484461568174973,2.608981402097636,2.3678557093218675,2.7885642781868585,1.954720537642885,2.162664178753737,1.2466404050851274,1.0368687061712574,1.3823219258158461,1.2354395815584165,0.62667015338492,0.1239049438099625,1.2514121977267323,1.8184864425307623,0.2755714625836772,-0.20230926009723227,0.7899301683990454,0.1775059346448558,1.352066555228871,2.037012745732324,1.9671123948912956,1.9839290997089103,1.5002818321828462,0.9329533884523631,-0.008867597430948868,0.8513636072540749,-1.5898339158075023,1.9393341277401415,-0.8025711903643631,1.774521655197457,0.7396152042771096,2.5634939816027735,2.469076394147756,2.510584642948148,2.0340301921409187,1.3671331590810676,2.327514650395731,1.6626827068678125,1.7163759650782198,0.8953799477377915,0.6302236985215198,2.6039471209965632,1.6741052262155411,1.3578061074481742,2.9365553585929343,1.9776316319967915,2.475723662242538,1.5943271073704477,1.7051946188389615,2.4328504193912024,1.1715139817921385,1.691068390493315,0.9436263122478508,2.387516387401158,-0.02328487273592336,1.97882151623255,1.8030033727158588,1.4892685766409657,1.0147554430299204,1.0665785504763625,1.981612579582101,0.5447069833223085,1.7136743252070135,1.4220080652820462,1.5788984785051248,1.6843485807864527,0.16731149617974175,1.4022215467486487,-0.9941695378599021,-1.01082479762936,0.1142357743744804,1.0077795195027823,1.295438593155061,1.908139233699842,2.524648499250869,0.611840410803479,1.3181750420398588,2.2185705012885153,1.7723947713199992,1.0822133271762597,0.7400973835607313,0.8204115504611144
0.18454243901298192,0.5857090617127912,1.2541058581381201,2.590743192910394,0.2515413545107109,1.5793114400355364,1.2990039212479556,2.1872798713575348,0.8118390817012617,1.020048183079197,-1.9749884046620032,-0.5798643802073126,-2.3213989962250605,-1.1398776417561258,-0.9417405231139272,0.554584816888888,1.5550436882114014,1.72303844051274,1.3758643462271045,1.203650107178125,1.8079781011011689,2.680312128920419,1.4649018433246233,1.8787289988015217,0.8351154511216927,2.002355933855264,-1.0573889893984563,-0.43865776880663404,0.5888582961198499,0.9052415650780467,2.210230927037814,2.287370603919538,1.6025652808532813,2.1085809222105385,1.8168850461979027,2.224061509486172,2.0756226534744364,2.335583332492541,1.787334346022423,1.8054609315944763,0.9881343026813489,0.6934047356405828,1.2231526523625942,1.0581330773580648,0.4391837510660755,-0.08429869237684193,0.9651967395746877,1.3681180369275192,0.013987696355772107,-0.33148565080717757,0.5086065818408027,-0.1153191136616808,0.9371103608313164,1.503451306962975,1.5953102283997231,1.366963141333117,1.4308243704837902,0.8011937972763982,-0.23833853302244354,1.0265230518878001,-1.410375611187626,2.2015027735796817,-0.8890111157701277,1.706048734360686,0.3409328331004249,2.408179304526051,1.9542875552678483,2.186170323703885,1.455112951957437,0.966620241537512,1.9042085214694253,1.2655478194779894,1.3373893744521363,0.31865758335582894,0.6636845627807554,2.359024598784688,1.3169837624186929,1.14134450135522,2.8875234844030193,1.8749507148016242,2.6995921681805313,1.5351768017492493,1.321293456583274,2.3690276716422516,0.5937945771375712,1.3442185470990546,0.5552951541344614,1.8716191160540474,-0.3310854802468282,1.7261964638601204,1.5078114114416235,1.0194678366262475,0.8040551532286522,0.4840540489907165,2.045156697506782,0.2911281531850603,1.6039885420037705,1.3585867539323553,1.3867078731099527,1.3044232197123644,0.2524457693695435,1.2796935017511875,-0.7591789599223953,-1.0209935080851296,-0.347455466766834,0.6033468959353209,0.9698004802920677,1.7181977939978599,2.534175363739994,0.36692414855261374,1.389119894650011,2.053119758660805,1.44621347320559,1.2037650693873183,0.7277883216643108,0.42677447917668465
0.062150958840408055,0.5766526815878181,0.8075900143772899,2.2888033970221446,-0.19571212249675998,1.3804881737760777,0.9957239179369753,2.104582161545061,0.36247084532224816,1.018521383599473,-1.8425253322654966,-0.3707482093178217,-2.29840570498208,-1.0114022728321035,-1.484658135680109,0.14446706914076027,1.1058651128699315,1.5536250468746242,0.6223154426665767,0.616105202344432,1.4342466107082443,2.378433288087277,0.9649462785117614,1.454127122626589,0.43554568242533054,1.6901698204273605,-1.840531436792693,-0.8625783652323811,0.07833213106947548,0.3718106941969811,1.9124731200856484,2.012508496557558,1.1926898076175472,1.7331208420738975,1.1885765191640258,1.8184317723264394,1.7569705527809083,1.8039729863911445,1.6193899184004448,1.482184943130244,0.6215931061755465,0.2347841788242642,1.1608520229838613,0.9918834603187655,0.42458225629447255,-0.07501289959285252,0.8088224039652221,1.0068960506652507,-0.0404583067136571,-0.2814203169759101,0.3371371819634176,-0.3287133230113014,0.6076064413270523,0.9258455498155012,1.203510072382897,0.7536041914409544,1.2225966105122494,0.6652904876288136,-0.3204159120266618,1.2060817562719457,-1.18012596341843,2.3306069451394813,-1.0141191008101866,1.4377160437188332,0.06541719091318984,2.182176384623422,1.4663478006958663,1.8344234102755843,0.840866875901271,0.6003538486549724,1.4199999446422857,0.8924715308145773,0.885705774138847,-0.24897767334934415,0.6653104437560114,2.0573479164967883,1.0021548371674311,0.974087037228788,2.5671234642208804,1.7148106332879538,2.5571190393112917,1.2321610520217054,0.783596851235543,2.0151874605269953,0.039499450144021724,0.8851119459423554,0.16371654669525623,1.2535270647203158,-0.6190378656406504,1.3366188432694968,1.214627255473266,0.6098224660798387,0.6377943786672964,0.009986538649910733,1.9105089153860066,0.16418277828356945,1.4657003089154044,1.3033469345447266,1.1976440103597923,0.9420569302291966,0.3630759576440018,1.1539107536916118,-0.5041495590285104,-0.9127919900474175,-0.6835229807638589,0.18607568977393663,0.7141156025828076,1.4942984983558762,2.3524010300602765,0.20933921889943857,1.460282764349328,1.853069118340705,1.180179148380532,1.2921701486055177,0.7545436170693789,0.09443788462924191
-0.0612233176498879,0.5181135429519341,0.48033782604748915,1.97986530300396,-0.45581869281630616,1.197565733838618,0.7945567130845009,1.9863701438855454,0.024757363453383384,1.0428784000231024,-1.730237507712089,-0.3439092439181517,-2.138974075232259,-0.9410964453419735,-1.9172095183026894,-0.35359602110308774,0.5919181541914937,1.3706353391870119,0.028545766444808288,0.13863230889421285,1.0575576511586704,1.9483856658274517,0.5596919485751766,1.0745273496790537,0.20644078561493864,1.4212633792837654,-2.354123966519415,-1.1748906175957516,-0.32909595942512654,-0.09171611263043507,1.631729022081123,1.741824561913616,0.8420528696246623,1.3682192478543023,0.6711089512387013,1.4689491477955814,1.455739142948588,1.3006830916124064,1.4782856146922407,1.2359092296172136,0.19643552661704022,-0.26484945117073033,1.2489697842607517,1.0889340376874335,0.6047611893640276,0.16920166473677653,0.8351897589998722,0.8127977627820449,0.1308385913529817,-0.04429353173442221,0.317286621675661,-0.40598983576583103,0.43231849042913933,0.3939142682318056,0.8662111012252074,0.23775684644716003,0.9164854787319736,0.5460108063452294,-0.2640649206738099,1.3662479129614717,-0.9613148824384056,2.2844908695558144,-1.1486797384202594,1.0195405290132795,-0.060724003958937144,1.9179144449675207,1.0751890164407079,1.5148943845200462,0.295004359930671,0.3410614772398036,0.9513795165136405,0.5971425519613548,0.43190095053598115,-0.6896367271871094,0.6239480905324016,1.7501505671173732,0.7948307940355092,0.9024843266990252,2.031073335340103,1.523131500657148,2.0771088239372792,0.7608308361036317,0.16081664263041598,1.435388456146491,-0.41435262878596,0.3968321909254495,-0.17786952537695516,0.6275680669669544,-0.8527267700076023,0.8594331291195613,0.9901782919247949,0.313423504303273,0.5583339626918347,-0.27984266658095247,1.6313826734245458,0.1974922186890679,1.3302464778894172,1.285064727981297,1.0679042451652074,0.6591548614576992,0.5178711532796708,1.0451021179086095,-0.25192942980719607,-0.6879418192258648,-0.817470843266256,-0.16445883065140654,0.5772700880953417,1.3046475407141627,2.005875715782045,0.1855631804827056,1.546985357533403,1.6574333144655062,1.0208485934045826,1.3599391868302033,0.8156930746222923,-0.0978826731838251
-0.14490107673825112,0.431030442967997,0.30284686215478906,1.6931355599201905,-0.508861891254644,1.0356695327144774,0.6983491142596867,1.8241071405440719,-0.1781234372261633,1.0609784825147315,-1.6298598461420086,-0.4653675941876927,-1.8504880023755796,-0.9202794720781604,-2.1542464013383813,-0.8557309128477877,0.09074772715524271,1.197475497787727,-0.29329951325218845,-0.1460773842268772,0.7449963053982014,1.440789740946006,0.29685272129575335,0.7891243586042973,0.17922153465498242,1.233461363444531,-2.4910807288293446,-1.3092199438803211,-0.5753101613484515,-0.4049874832209928,1.3964125928133526,1.49818485706218,0.5960400470646535,1.0607332039608077,0.34102668014876847,1.2251012951583808,1.201587197668525,0.9131190579220214,1.376200829479483,1.0801125581372488,-0.22924908317060008,-0.7331274338791477,1.5028836271127108,1.360916816559857,0.9630760441606354,0.6189429792462717,1.0558115804481933,0.8268067414587871,0.504183222891162,0.3518426978306864,0.46199791034122617,-0.31134562113712566,0.4445302028629422,-0.010496429199092203,0.6382315613650679,-0.107426646551336,0.5705497228518323,0.4585865624214052,-0.09514087226326441,1.4898220491716356,-0.7925971864433389,2.050581899814191,-1.254109261130777,0.528980624343499,-0.03580524133775949,1.645511483333845,0.8241947430030888,1.2719451879354073,-0.0953474086486587,0.23933324717602383,0.5641213047701333,0.4123900484825584,0.04016205645214797,-0.909678057313126,0.5283734723889625,1.476954215758177,0.7287133286174043,0.9466995895845249,1.3676843726734014,1.3226107992448524,1.3534025001452674,0.22692668971589258,-0.45831535365840476,0.7295546953736161,-0.70771929126683,-0.03488891381915987,-0.4246747849875616,0.07940266414955248,-1.0015048527853894,0.36273162769805567,0.8806990152773505,0.16474601184444385,0.5804322053323171,-0.3442282789876885,1.2733573753270748,0.3847990344418431,1.218787942867713,1.3144807519461452,1.0344598490579446,0.5015771716897008,0.7050152353084765,0.9642785703751092,-0.03552528432041817,-0.3648043300810452,-0.7101017548048346,-0.3800536180098466,0.5785911749979163,1.1955393075150507,1.5450234105191138,0.3063489419475367,1.65329559907799,1.4942501836432966,0.984362090539516,1.4151066918081852,0.8923221409673423,-0.09839936189457621
-0.16118494170395686,0.33632995418036776,0.273389539340974,1.4399429202781142,-0.373310096878698,0.8908251481915804,0.6878145128644222,1.609220056179182,-0.24211705531319558,1.039060331557421,-1.5249324235480126,-0.6756036216511018,-1.4550321768215209,-0.9274252077235755,-2.1399802557293115,-1.2751888672830243,-0.3291243640282172,1.0469899204172675,-0.2962049162788859,-0.20332700412895996,0.5441496309052638,0.9130550019193051,0.19200939241836076,0.6187864038245121,0.34238770184322864,1.1405375919859428,-2.2095660241662123,-1.2308485975307493,-0.6315998656943816,-0.5152025326288968,1.2191098956130508,1.2920614339930112,0.4765459280086051,0.8396785717920787,0.2277072505910283,1.0995753140320956,1.004094841628363,0.6892856984544413,1.3067837960610613,0.9988333294344756,-0.5947967954966964,-1.1108010274901443,1.8941629376950544,1.7746474853321792,1.4444621308191279,1.2009045199766113,1.4354949727180333,1.0421966941439338,1.0149740823165867,0.8443167559323558,0.7486533503844756,-0.04326866536306568,0.6326892345767722,-0.2312057865981077,0.541966283355457,-0.24607511984636632,0.24380188761454827,0.40748000298436393,0.14567101704371338,1.5655358734077007,-0.6861167372660448,1.6481302785534129,-1.2921572548523135,0.05673414651291511,0.11486487755021156,1.3864608819008524,0.7220879856395827,1.1261173061821617,-0.2793046490348119,0.3095714753795168,0.2991833797186114,0.3438041793064493,-0.2426858909904608,-0.8595232073560711,0.3735403266418569,1.2605841024866753,0.7954271166506701,1.0912698669936023,0.6764847321182246,1.126663643712062,0.5246379767853867,-0.2562235615186215,-0.9833489178212302,0.013790672745030388,-0.8116358991297609,-0.3403314804245259,-0.5515862593087458,-0.330501670936877,-1.0486257201126978,-0.08177668575094416,0.8999407731258082,0.17194612215721009,0.6867618566237951,-0.18801471211690585,0.8984069262407739,0.6778898768623558,1.1363287968532194,1.3794311376116375,1.1046835810295368,0.4867027678649244,0.882713464174275,0.9088021952895375,0.10778358379616952,0.019596788830853595,-0.3696897014883803,-0.4233867866696772,0.7031402074687763,1.1783762831866598,1.0341339696127894,0.5407488989215414,1.7663817623533096,1.3744106384261057,1.050932426552282,1.4519938834354258,0.953027937898121,0.10408603436834786
-0.10582656396376222,0.24937472195645238,0.35846193929190134,1.213562758051614,-0.10376766702279401,0.7511284998767151,0.7258744355167172,1.3363720377757031,-0.1829503109569523,0.9484746632431176,-1.3973121813374794,-0.9030902424903402,-0.9917269662690175,-0.9333940305918659,-1.864286046451955,-1.540449078547758,-0.6244905929832423,0.9189390169520625,-0.009487800211210297,-0.05255799848470602,0.46925818406772585,0.4193166645155759,0.22560641908836568,0.5525909610405124,0.6419944554667234,1.1285594909072576,-1.5486391042465244,-0.9497679842608308,-0.5064088158336231,-0.4089823912487282,1.095153579005115,1.1210046842652506,0.4768757136118243,0.7110514717615406,0.30836270052664816,1.0684590917894337,0.8518678664533575,0.627497163641002,1.2471504972409497,0.9533668890783877,-0.8459472814010893,-1.3595147569577886,2.354686401024982,2.2577706581531367,1.9629861341476347,1.8098585839239492,1.8970006731590467,1.403718354945405,1.5668644551544881,1.3443095802823513,1.119390137472651,0.3590035513891302,0.9407572544369986,-0.25106835619132517,0.5620332021711092,-0.1882360967408111,-0.019562810487247357,0.3833109531874194,0.4061311577264201,1.5847171492053997,-0.6325010783716031,1.123525793841325,-1.2364062996495941,-0.31238172539550824,0.3421231101225527,1.1500616557027972,0.7424933062392658,1.0706945516713475,-0.2538578521698828,0.5236409431128874,0.16536983735645816,0.3695269338842544,-0.39441010027404555,-0.5453932976705024,0.1667465532129793,1.1059387981189344,0.944655644267467,1.2843747572744602,0.04628756444292646,0.9369581243545851,-0.25695755347846766,-0.5924036455252837,-1.342177835719116,-0.6023653175085956,-0.7360590818900288,-0.4811395968559697,-0.5606252048089455,-0.5772864627026852,-0.9987926165821266,-0.4156928936426229,1.0248189955487452,0.31389670783084456,0.8313355367943683,0.13714258598681286,0.5537181520463237,0.9956105706898619,1.0706613127988422,1.4467011137864016,1.25293014056973,0.5971453121813719,0.9895766516405032,0.8631014967881606,0.14550709588644392,0.41186797713095213,0.1469268440993892,-0.3003009885154528,0.9046672246435895,1.2279932943646843,0.5390470118093141,0.8215959024842099,1.8564133135357712,1.2901532083838392,1.1680879571975302,1.447398789801744,0.9597223506386606,0.4740367361953368
-0.0019631144754450806,0.17477424702600006,0.5004867734658567,0.9938094126778128,0.2194604127398733,0.5995335467195507,0.7656508228931853,1.0059918521946596,-0.03422477892883614,0.7716155499083628,-1.233992867369657,-1.079874412046837,-0.5151463538026753,-0.9091491446368557,-1.3688944892950345,-1.611124278194415,-0.7871211584425288,0.800747985927379,0.46746086860227803,0.23782562258154985,0.4968505908134387,0.001706376569066282,0.34785483069567863,0.5521233252600076,0.9922193981690312,1.1588913752348367,-0.6256727706448802,-0.5229874545653153,-0.2461161037734145,-0.11741383284831368,1.0047424006265666,0.9716119101711728,0.562221867350733,0.6570151301191576,0.51511316244774,1.0804970571609296,0.7167877448999286,0.6782857231346129,1.1648015082461727,0.8934721391130509,-0.9451857770847797,-1.4653493534408486,2.7898369229684343,2.7131590760415354,2.416047852030994,2.3277382863389766,2.3352724830809337,1.8175101588189093,2.047614119743583,1.7515521469649464,1.4894649587975577,0.8186303615477777,1.2787581544912618,-0.09741082010919938,0.6488141322946678,0.01180474390240441,-0.20108069074262297,0.3631076516584006,0.6276452315743615,1.5372990230098253,-0.6112086270759902,0.53997466030133,-1.0828168850682243,-0.5198348017301162,0.5815345367960726,0.9334749863254758,0.8311871586327448,1.0742783927960213,-0.06427827599093792,0.8147235422912803,0.14012830801438794,0.4461433725171441,-0.42024903402042985,-0.030205427712537668,-0.06955089420382295,1.002152175625433,1.0955242084710186,1.4470979318276407,-0.46152856157311706,0.7453365693341004,-0.8597593508247164,-0.7235777453460012,-1.4976745291748474,-1.036848998952171,-0.5289140780631443,-0.4585903585648189,-0.4822662126253544,-0.6737367593171344,-0.8803771934743737,-0.6081233394760927,1.2002211148815751,0.54303200009986,0.9503987517859515,0.543406976151349,0.2662894997625447,1.2423213275508507,0.9964563050427994,1.4704003956091565,1.425091569188828,0.7825978046659826,0.9620724234294943,0.803986434548136,0.05930466303022039,0.7492801521290505,0.7433139794564881,-0.060459603646387576,1.1157368591432872,1.2928773883173936,0.11467470879362639,1.0612239058434483,1.882628475901904,1.2184229909817599,1.262399601369643,1.3644140669738,0.8765552384397803,0.9331940905087204
0.10369294408786872,0.10335692318239365,0.6308524870180005,0.7549577765037534,0.5068801638066066,0.4178139084644525,0.7602101123487347,0.625447764940977,0.1570495360787321,0.5061015602855709,-1.0324335986202129,-1.1560828584876102,-0.08907212688897227,-0.8340444212350854,-0.7414265593333361,-1.4875602174706126,-0.8439925626830467,0.6713703586805999,0.9875771624476727,0.5658116242628377,0.5721109794526785,-0.31541022799659213,0.4903171600132803,0.562386404527422,1.2938120949208873,1.1773768176323662,0.38514855104637413,-0.044355650547650984,0.07199718651589078,0.28759998664858466,0.9180384349440143,0.8234593837296023,0.6760360320057756,0.6398469988002562,0.7520655532602158,1.0724678254482867,0.5623022369587428,0.7580977338598168,1.027558456587194,0.7702162730781956,-0.8806088324076107,-1.4380782594710173,3.0980362692650356,3.039046777091016,2.7029253511735436,2.6461242481097886,2.6386146053896162,2.170099679625292,2.3490991072769143,1.9727118596272684,1.7627701283000414,1.2342542525521876,1.5416660901072048,0.16243457461598146,0.730269941250578,0.26750252395829405,-0.31087342072935975,0.31451300293746554,0.7528139051126784,1.4095910093230861,-0.6022913648436837,-0.035829089011189225,-0.8559104323780876,-0.5498203486879635,0.7656270991401828,0.7251220912503051,0.9192321066066942,1.0888190406918299,0.20715562583536135,1.091360875353435,0.1777400781309566,0.5192079926266558,-0.3513070049606213,0.5772182776548201,-0.30040498860734177,0.9273523331340735,1.1567208040485442,1.4913629683985299,-0.8206470949030242,0.5394508020221982,-1.200869035888387,-0.6421038749100343,-1.4563634750467596,-1.2494954853054019,-0.26606695229858685,-0.3126486511270573,-0.3698071228009599,-0.6636609131351374,-0.741056939241774,-0.6631079095868058,1.3521411323214085,0.7937595392184443,0.9783812872010794,0.9261943261960737,0.043133085812767716,1.3312482226938447,0.8834402203554288,1.4046703869207617,1.550429149584884,0.969842369332093,0.7540538723019973,0.7082895706972148,-0.14831000680801043,0.9705715598764643,1.3011734294398187,0.21431076363050755,1.2627809240355845,1.3137092852944798,-0.20514650997300002,1.173280357048758,1.8041397490517999,1.1281507663657973,1.2572500031124865,1.1634277910366468,0.6797298344942359,1.3749803653179762
0.15185006140626767,0.01329048673039678,0.6850108995582964,0.4747186094548116,0.6785198617886155,0.19102523494661128,0.6718431991052984,0.20872188108781176,0.3370942270606283,0.16633737543436883,-0.8028759046964394,-1.1100224817069184,0.22375136993539985,-0.7022365941927029,-0.09841505401515432,-1.2112103075359337,-0.8478546507292543,0.5075701786909497,1.3897502691585935,0.8184080330344641,0.6239550237718353,-0.5274449366197574,0.5813065148698241,0.5264005114155546,1.455946370316304,1.1274912607700895,1.2886942089704012,0.3761278443331021,0.35392360344366564,0.7059919607529663,0.8021065869618954,0.6541439482585383,0.7513777644117018,0.6101872120611296,0.917967676848803,0.9863259014889914,0.3535840422934671,0.7713337482159918,0.813666120041593,0.54746623950393,-0.6703100525876342,-1.306664274924046,3.192326522384102,3.150501483092709,2.744132024334216,2.6874326264741173,2.7123428273363532,2.3525577961061384,2.387809580422732,1.9398215162223942,1.8516203024607822,1.5007154341530635,1.6326217397424325,0.43519449459559534,0.7293351074772297,0.4797386667635322,-0.3814731811755311,0.20367097257571803,0.7349207756739903,1.1856097714386689,-0.5955402774369166,-0.5467168427537119,-0.6075770984561576,-0.4363046204283123,0.8368830864667014,0.510124222563602,0.9388475593035961,1.061251821893499,0.46156677299213356,1.2588598662524846,0.22236154219233156,0.5359088825780455,-0.2386424667287965,1.1431374686617646,-0.48649526496314277,0.8549132611420868,1.0503387887196391,1.342509453751889,-1.037474169848711,0.31016415796342595,-1.260889613097774,-0.39081149074755905,-1.2665913951475631,-1.2468007818592288,-0.03437767866092865,-0.11185980486955482,-0.28784869620057285,-0.6084355927003219,-0.6375809650194002,-0.6179641983450265,1.4060021187551346,0.9948361225185426,0.8650271708083994,1.1873303155868815,-0.1243142030001889,1.2065083375714525,0.7064329570700563,1.2171177536751774,1.5582517364155672,1.078855884533176,0.35266977765280555,0.5598944842236614,-0.4521052583315738,1.0283151145982794,1.7033047423355059,0.43077916192685156,1.282524745891958,1.2437827536420256,-0.4132125827169784,1.0946728486880433,1.592326993727256,0.9895419590538137,1.0924594717482454,0.8171947347086216,0.3654046766134653,1.686651292729474
0.08644026787017245,-0.12357091696695305,0.6159679935555902,0.141843080659889,0.6803316907920782,-0.08831466053360662,0.47896285911789505,-0.22509058855604294,0.4534051169684163,-0.2180752120048406,-0.5668839507105281,-0.9512159984221035,0.3738503451291276,-0.5249848422947224,0.4387768222421529,-0.8550315890467743,-0.8606387538234928,0.2914030746612175,1.5361399591616538,0.8972259402300299,0.5843267338658075,-0.647933119275212,0.5614310981959406,0.39969650679075863,1.4159924281882026,0.9641543124044097,1.9105204954696642,0.6383309241311508,0.5079499960501725,1.0294610554420762,0.6282401487213894,0.4444254911380884,0.7251292890350084,0.5181964293777922,0.9289167973890045,0.7836437570953511,0.06686255334872775,0.6351824365652022,0.5191357153799501,0.20962787132610144,-0.36044847616428755,-1.1121174900707007,3.0191139656046566,2.9974160751657015,2.497567311974748,2.4202126601602916,2.4995683939240276,2.2843930196974855,2.1217260640830102,1.6248188041377383,1.6964935984960325,1.5328476142784129,1.48517192452295,0.6225436103355798,0.5828061508343465,0.5596274499269234,-0.45436171000266884,0.005368799001618108,0.5478602877673099,0.852328185723782,-0.5941388254917187,-0.9545902495465215,-0.40718572414200044,-0.257032738685232,0.7584163866646971,0.2760073206803092,0.838351338820799,0.9460473719580329,0.6080478368777069,1.2429673305838986,0.22236143781207846,0.456944038310713,-0.14361412521452924,1.5362458581093226,-0.595378927415245,0.7599616896157709,0.7332643850100526,0.960693282671965,-1.1409850439081655,0.0581737470731211,-1.082058457170253,-0.05064732691637099,-1.0064593496710428,-1.0761970682109148,0.08815664179326109,0.06368231631326177,-0.29752755042538553,-0.5701753717918293,-0.6221510125471312,-0.5327165951674396,1.3054788130661317,1.0830841099149477,0.5893277776550956,1.2559549996041022,-0.253614739510843,0.8577286037915576,0.4544323278897353,0.8990654830061041,1.3956536068347865,1.0412617718383548,-0.21398478944789118,0.3538044085489907,-0.807920014093584,0.8999919346291617,1.856839892070919,0.5082562784540687,1.1358141040308594,1.0643946413571883,-0.5285469553486618,0.8016137826133366,1.2409654500412595,0.7829589154871088,0.7408381209004746,0.3251402758874177,-0.04666552181693145,1.774211833893842
-0.1286328761130877,-0.33091930316535284,0.40314269953373694,-0.23952816939725108,0.49448028937636207,-0.417108025146824,0.17944970883196837,-0.6538568571445915,0.463118468761892,-0.6069676235616145,-0.35239404810161457,-0.7153544011073625,0.33638994769957814,-0.32761669994939546,0.7696000024724471,-0.5057707480301538,-0.9342588379497839,0.017233189370031092,1.3446165867508797,0.7417825172499745,0.40630456689692324,-0.7039954609959513,0.39581787647904876,0.1611507979339156,1.1523361873263176,0.664769749242126,2.1341043168661535,0.6765038541858593,0.4648352991616497,1.16489628559881,0.37820853757827094,0.18251199803413537,0.5521131333268733,0.32541169092156635,0.7359832141632301,0.45403514434306047,-0.3044611308719321,0.30113244933262695,0.16019110045952475,-0.23564249028848763,-0.017141349136205096,-0.8992881530164527,2.5698005930344383,2.574935872014332,1.967926204122674,1.865251642872312,1.9942563546496557,1.9316183864237988,1.5599457584549006,1.0469609191912899,1.2810380319740664,1.2866528584215993,1.0792736415625894,0.6440829889264442,0.25732048864042684,0.4490076044575458,-0.5633498505391494,-0.28705290292289887,0.1941225629845548,0.4074531837267894,-0.6119846481018316,-1.2443607067445641,-0.32436255011035897,-0.11443150405749107,0.5200446655102642,0.01707712229243686,0.5929064942177105,0.7158240477459676,0.586245000557662,1.009716979849116,0.14238118300950975,0.2649554783863101,-0.12568207210177618,1.655775033627847,-0.6121606015971885,0.6249853412425304,0.21049924659741587,0.35516597419556006,-1.1688986298509163,-0.20241250779789952,-0.751252672886723,0.2811624776300579,-0.7645968789182801,-0.8116390587864628,0.050416860995795905,0.14238052615728236,-0.4419863576393113,-0.5957318020113563,-0.7289480029253885,-0.47332149685743985,1.0268643565715072,1.0154584607041715,0.1665698886927559,1.1021153009359432,-0.36470986446824666,0.3231749309583411,0.1361415399285864,0.4696922082533352,1.041955294235021,0.8166425811885474,-0.8796352776568443,0.09637739215077538,-1.1612382644403119,0.5949883297254694,1.7117058789599895,0.39910367251516404,0.8155527259166222,0.7902948593749474,-0.5900507069505941,0.3155041491578921,0.7708390671876052,0.5050889517040364,0.2173052789175935,-0.27809431566309867,-0.5147905311729983,1.5840947093773694
-0.49631427521400123,-0.6157236071056008,0.05496435747323681,-0.6496543449076473,0.1414727984963878,-0.7802880872170498,-0.20979856176760217,-1.0544710644436142,0.3404541620588599,-0.9563820403324316,-0.18657044076311693,-0.45238092379656397,0.11877446904225504,-0.141529461302204,0.8357819726486765,-0.24232676875738532,-1.0941284613620177,-0.3035861767899118,0.8086985120351914,0.3452294684300453,0.07631919521632897,-0.7301183031234053,0.08059447533611537,-0.1821984277684818,0.6873634558021897,0.23490523406366998,1.924784179870608,0.47580420275719887,0.19471498137770352,1.0560775112974967,0.048260147342669785,-0.13323543869867185,0.21591172263275038,0.014637771635780386,0.33421924510802914,0.016153134263685004,-0.7482088769692217,-0.2318792479977633,-0.22998086752875138,-0.7597072026096711,0.28581229105850026,-0.7092371450500101,1.8827253112569164,1.92403456971529,1.2072049221346743,1.0913325395307707,1.2434445553260955,1.3146908719897596,0.7627904123340569,0.2713851053692931,0.6385112324924281,0.7724604667557242,0.4472280190637276,0.45684032177065187,-0.24123547121075806,0.13371206208359807,-0.7201685027741536,-0.6550542722006576,-0.29179474775347436,-0.13304145493379205,-0.6660908842649963,-1.4217621447937585,-0.4086349313442844,-0.10760090185138586,0.13885995218824984,-0.26346026381158266,0.208958927956026,0.36770887445958583,0.3812438891457404,0.5760102571841779,-0.029565361841166364,-0.03224196346073115,-0.2296683174722921,1.454056224938623,-0.5459015045715377,0.4436363020372518,-0.46307542123768325,-0.4128413709409691,-1.1547095479023222,-0.44480172077083635,-0.3734154124762983,0.5169195864173779,-0.6187707479286573,-0.5343927977748255,-0.15990195405285743,0.07949612626445078,-0.73545710529117,-0.7053949661125225,-0.9643694996375524,-0.493248722294563,0.585193659967429,0.7768979794140063,-0.35345475566190426,0.7402870232744738,-0.47489864525023284,-0.31939458280729305,-0.21973201494671002,-0.026962690098127597,0.5160051023436004,0.40269084455982673,-1.5521437854115405,-0.1975359651383336,-1.4581920730533517,0.15545624385701187,1.2705439147630373,0.10050885677080534,0.34707398216526436,0.4638329977378868,-0.6456921869455146,-0.302516281864634,0.22723125883742498,0.17079183410270407,-0.42196960138643363,-0.9233734720066492,-0.9817821425651475,1.1162474434950156
-0.9807249995010017,-0.9586902352886701,-0.3947525309556236,-1.056886823252835,-0.3257381654785576,-1.151577042680751,-0.6565462917672664,-1.4045716346197101,0.08199669383825399,-1.2259726598879856,-0.08838873438598707,-0.2109803281449724,-0.2376679637578551,0.006710551866273281,0.6339621962162845,-0.1156503443277657,-1.3299916564293979,-0.6420139614149482,0.00023410310128776384,-0.2416121181861692,-0.38230508946948744,-0.7615710291357849,-0.35729387026108234,-0.5970470782108098,0.08040237701346468,-0.2925082026627493,1.3350647198313288,0.07648757851197807,-0.2834358179389124,0.6982462222144872,-0.3497755796822765,-0.49356118514773767,-0.2662749491868087,-0.4046270843553912,-0.2382083243338362,-0.48813340702311964,-1.236165018284973,-0.9154407613001319,-0.60943778478448,-1.3190143390737556,0.4804441235001635,-0.5734108205786353,1.0351905822766894,1.122378173730963,0.30607763258404974,0.20190275479802774,0.33805766745765964,0.5044176264377755,-0.16791848784517296,-0.6010242693030518,-0.15229892190544522,0.05641729318987314,-0.33190610203184145,0.06634673023315714,-0.8670513978990974,-0.35352833274387613,-0.9072141939170746,-1.0541988870697332,-0.8465169469852739,-0.7308160249272061,-0.7671703247877196,-1.5062591114925283,-0.6719579661024795,-0.30297124893484667,-0.34515115749511477,-0.5537588675069806,-0.2781941598131183,-0.07580196770347053,0.02697741931043336,0.007730263893749064,-0.28117517320200125,-0.4041275737973724,-0.4751099997731148,0.9480480549802244,-0.42946799495956717,0.22213010626379392,-1.1929797452366289,-1.2399294227679099,-1.119034509648045,-0.6344697215135321,-0.04304200216521671,0.6015959658508869,-0.6176781581956152,-0.3138516259827556,-0.513134828100691,-0.13059763782608302,-1.1583719457368684,-0.8888719332194138,-1.3036122174783986,-0.6185636201830776,0.030630810982109027,0.3824808759787251,-0.8967013785227803,0.22290291330733528,-0.5961433416823677,-0.9713911597185759,-0.5697341152002994,-0.5310662619598636,-0.12586921642904597,-0.16327099801819708,-2.1319877340785265,-0.5088149164258876,-1.6559194610666392,-0.34982751811181084,0.5884270138364308,-0.34502720518948915,-0.21870179832637512,0.1401858911402514,-0.7398072473653166,-0.9662294933961239,-0.32923999808735893,-0.18985481127137874,-1.0903692466893196,-1.517934522681043,-1.384493457025914,0.4253716654374154
-1.511125628008918,-1.311464080465431,-0.8951870606877101,-1.4241185663016054,-0.8336659998575926,-1.4964362389936057,-1.1190555374150255,-1.6838984277244837,-0.2912349324932958,-1.3853226542018167,-0.06292235992844493,-0.023852770023022885,-0.6627513996465729,0.1058907599875551,0.21686529437269195,-0.13544167008717078,-1.5966865537451602,-0.9554774007621708,-0.9458039733986546,-0.9195758028360077,-0.9148783729975657,-0.8286043475783523,-0.866363816787077,-1.031520828855844,-0.587061361576935,-0.8639663957547111,0.4905936487822679,-0.4353446545635935,-0.9025787830394868,0.14147646498591854,-0.7903556501332862,-0.8795756826029312,-0.8461312587460501,-0.8968534457078545,-0.9097626450369322,-1.0042434611735958,-1.729794301341412,-1.6607934522422014,-0.9384910091160126,-1.863129699016678,0.5166789842632796,-0.510130129634016,0.12774329865469702,0.2680100946144155,-0.6220386441137219,-0.6840848582022119,-0.6055396590615825,-0.393160815071678,-1.1066331339597069,-1.4505344662178032,-0.9812005928647846,-0.750609808909207,-1.1482016446732974,-0.4736908268105368,-1.5427331743544364,-0.9411562955519766,-1.0803038615508829,-1.4207506183537164,-1.3879117238855423,-1.3268806700120408,-0.9120379473815621,-1.5215955719048282,-1.0800347225811802,-0.7123034842124194,-0.8768954534366902,-0.8355006493147445,-0.8127207204785928,-0.5714353538036132,-0.4027050135726626,-0.5945796822540373,-0.5807627574444086,-0.804806382160305,-0.8503410630911179,0.2166540640242926,-0.31261354373930395,-0.02203567292161458,-1.864941572480281,-2.0009907859484515,-1.06688147931609,-0.7370678282329414,0.1788235182775161,0.5273169930130037,-0.7700620881508864,-0.19278504980183106,-0.9439042771189826,-0.45141046483341823,-1.659458844950821,-1.109209958882675,-1.6946359910637467,-0.8407521296528107,-0.5636573951296662,-0.12622113512582472,-1.3809420484597026,-0.3735773326163281,-0.7344038528146305,-1.5362475154792352,-0.8654009547691741,-0.9795512600253949,-0.8010567825743924,-0.8116793524592547,-2.532221076947823,-0.8178901561492353,-1.729587253104569,-0.8379802340161246,-0.2370562170963037,-0.8598911763612584,-0.8171540084387614,-0.1312122267268593,-0.9014979723763274,-1.5837560852296206,-0.8360909308454769,-0.538520838781508,-1.6889413355687084,-1.9643257194823651,-1.6644179735971112,-0.39000999601728575
-1.9950972993866776,-1.6028022592575029,-1.3893331957140567,-1.7163386642165646,-1.3031261000263572,-1.7768417219909791,-1.5528703390322387,-1.8755047122309134,-0.735613660338547,-1.4178460873289818,-0.09883811308698982,0.10207756441800139,-1.0686110989789521,0.16676421266827,-0.3172116914915295,-0.26726852165747056,-1.82485878092399,-1.196541783054508,-1.8608291708324587,-1.5622859446863682,-1.4481513985535586,-0.9521893719258473,-1.3812645563501376,-1.4265961585736022,-1.229882438532359,-1.4163520709102242,-0.4393869852237399,-0.9481344450849548,-1.5592052898683282,-0.5186109946484128,-1.238592295984444,-1.2657549932772854,-1.4537621552377071,-1.407397534776205,-1.5914211485479395,-1.477143302857863,-2.187076509779941,-2.356754046559236,-1.1904077820257297,-2.3428534075701175,0.3711967575185307,-0.5232614078052645,-0.7353414731911264,-0.5399593988908142,-1.4607942411422479,-1.4528630982654633,-1.4689238865521206,-1.2592353911977445,-1.9264038488207036,-2.1590688238661064,-1.7279404951970903,-1.5146471081099742,-1.883549646332415,-1.0733148444864775,-2.175000583318781,-1.535773785935352,-1.181170170166744,-1.684883434524368,-1.830676316577672,-1.8497515400331814,-1.0807004711231434,-1.4870296646740304,-1.5561118085775185,-1.2849725760076647,-1.395508374449139,-1.08723182051253,-1.3302979336153533,-1.0639432151424537,-0.8130509380835403,-1.1191525533259123,-0.8863462887443855,-1.183329774892622,-1.3130780016554378,-0.6159709629625835,-0.2501008709271557,-0.26393547484373925,-2.369509050689999,-2.575548170596068,-0.9906010703304744,-0.727273294006203,0.27663938906341073,0.33538093529039054,-1.0431587276790963,-0.17996623432801534,-1.3653565672851156,-0.8116488922488284,-2.164288220357935,-1.3133286358548264,-2.0687185229602014,-1.1193569556340275,-1.1186375006774423,-0.6894830077152383,-1.7334859065179573,-0.9660746285012848,-0.890041393738961,-1.9404072277303133,-1.065220574615931,-1.3190027784676113,-1.4182976908678486,-1.4551193333819166,-2.695304046738806,-1.1071818663960962,-1.6746682059872875,-1.2287289721290695,-1.0830082829601049,-1.3490828437150935,-1.3835945226982762,-0.322913531604651,-1.1368231837397818,-2.076574010990743,-1.2431716552442982,-0.8377240343233713,-2.127353580271749,-2.182911969119969,-1.7775989829767473,-1.2080323663526207
-2.3380508898766883,-1.7532446770832815,-1.824791161027007,-1.907574269419708,-1.6637610579754398,-1.9571743030833608,-1.917476094049383,-1.9670732465535878,-1.1907769484246438,-1.3217437195978474,-0.16980908922065122,0.18778481407444161,-1.3650761509737965,0.22212976457558636,-0.8444677037625758,-0.4410802905556808,-1.939138119290146,-1.3243977085453404,-2.5796669257741844,-2.044484912388068,-1.9071041849397539,-1.1416014775111514,-1.835491362470461,-1.7285913099233567,-1.7769015704872049,-1.8894565870354245,-1.2799695721207909,-1.351344750570766,-2.1337636838274427,-1.1610575523729076,-1.6562323709229503,-1.6241428730080387,-2.01218312786216,-1.874179504737953,-2.195005078584155,-1.8624158513593019,-2.5688519421651193,-2.8924705263378403,-1.3585792442207199,-2.716978350950648,0.05218668536907545,-0.602658491465652,-1.464751579581478,-1.2190556089787277,-2.110416386306059,-2.0139376259618396,-2.154510514624625,-1.9866618706971908,-2.521357341037327,-2.6306298478081134,-2.2862145861730117,-2.1061720245015567,-2.436168262954864,-1.6271448762771548,-2.674374832274334,-2.043815882872662,-1.1562725031601422,-1.7877164098780196,-2.104105579296655,-2.22863216089442,-1.2392988610168305,-1.411865852296355,-1.9972442917031645,-1.917419907622751,-1.843595044868622,-1.288134755141419,-1.7711361271206825,-1.4970508750108713,-1.1127342418208166,-1.4698243566081988,-1.1565299131329108,-1.4945807346279154,-1.797739712536339,-1.4073966247926708,-0.2879839027072557,-0.47704741058108335,-2.6258083137728274,-2.8737849592865157,-0.8768961000219343,-0.5964037142385681,0.27907497934304937,0.10518204046163916,-1.3702964445054366,-0.25119262588906927,-1.6882833887741542,-1.121463421631891,-2.588560725039599,-1.4462410059261752,-2.3551920327822766,-1.393657886967161,-1.5668787761743779,-1.2405798859336676,-1.9060617824114328,-1.4815629048496886,-1.0583351255844047,-2.147515178464306,-1.14583260783584,-1.5159822361441213,-1.8972444888428437,-2.006220530562732,-2.603286306215879,-1.3621804749666968,-1.504642927603544,-1.4618307915988513,-1.822312028236079,-1.7209369501968623,-1.86514452204948,-0.4381462916998379,-1.4265844327382038,-2.3938109130590433,-1.5237686297056716,-1.0596043686174772,-2.342655655786025,-2.1321829056226247,-1.7026020385504494,-1.9086744342238986
-2.464477519896158,-1.6950565311195223,-2.162434426515351,-1.9857904366170607,-1.8655878806836599,-2.0102784506499916,-2.181981084400878,-1.952421780107886,-1.5889815113584846,-1.1083672032400487,-0.23963504149760032,0.27597304559170743,-1.4764165318260032,0.319633472075655,-1.2411363141085616,-0.5691195079356237,-1.8793905399685318,-1.316349374335342,-2.9767222521065824,-2.2708695869357602,-2.231758847399326,-1.3937605124156358,-2.173610115997213,-1.9000381301036309,-2.1837546261956438,-2.2372956657846252,-1.8881405924109547,-1.5615174867046984,-2.515645921879218,-1.6660726099879546,-2.008063032124382,-1.928952536489356,-2.453356931626578,-2.241253548694593,-2.6501000332125155,-2.1337931405670365,-2.8437533099661088,-3.1803201601811364,-1.4578391544913802,-2.9568819577006678,-0.40057010363017853,-0.726055714503999,-1.9999509302210592,-1.715773291169537,-2.503067543902941,-2.31256776040187,-2.602798246880008,-2.5006442020408257,-2.824987786174409,-2.8080434793135485,-2.5851001718513893,-2.4275686315202454,-2.7415010985856516,-2.0391155243037544,-2.9743373717978536,-2.3925292006284904,-0.9762922327477128,-1.6978670542129048,-2.1677898590502123,-2.408569631588018,-1.3480713073085142,-1.294714249856092,-2.299102138246336,-2.4776095907050033,-2.175166753443507,-1.4216230776992016,-2.091252513741,-1.824177147111622,-1.237404729548688,-1.5896050987992176,-1.3606321493047118,-1.708306874088595,-2.2280202840011607,-2.0278032172083966,-0.4515174982304339,-0.6399305671926064,-2.599136290683098,-2.856185620979499,-0.715445164084909,-0.35690659977389366,0.24540734232582576,-0.06720064115332412,-1.6657152665267247,-0.35782460644964215,-1.841010137040417,-1.2939520205432848,-2.853685133629757,-1.4652550549342502,-2.4968984204513807,-1.5999732330895602,-1.8658929598037932,-1.7175546904678962,-1.8833200326735062,-1.8695637371602707,-1.2296974195236978,-2.163110788644038,-1.1093983615592293,-1.5627326616526465,-2.1849342049634703,-2.3949157517524853,-2.2794890886624337,-1.5718341200856536,-1.2455661442161277,-1.5110266287259404,-2.3448626774671664,-1.906247725156407,-2.2280654917121745,-0.5091643447983277,-1.7302215398161287,-2.5191949069166726,-1.679586228249029,-1.192001378589925,-2.311577333878934,-1.821337492990204,-1.4456269961947996,-2.397853156127481
-2.335799650839847,-1.3922693939190491,-2.3815380716359305,-1.9548340703471592,-1.8858285265133625,-1.92261724822484,-2.3291315777688792,-1.8330080160210143,-1.8665503010001705,-0.7989690524378876,-0.26999366711215556,0.41821153423600954,-1.356207170831918,0.5088031798768081,-1.409151508472798,-0.5687108141046243,-1.6196598105356903,-1.1759973934591073,-2.9931073784816835,-2.1983152926550993,-2.3901936510701014,-1.6939860120142904,-2.360662515334958,-1.9266847777441507,-2.438301790828428,-2.4358766140988175,-2.1815730888483498,-1.5415235501679034,-2.6270391167987537,-1.9414326267264785,-2.267429777329383,-2.1605654571845867,-2.731866462046573,-2.4707618721946654,-2.916241298368149,-2.285830878427818,-2.9914698671648425,-3.174291962418242,-1.5193695513185401,-3.048700558094644,-0.9207716816374721,-0.8623200774122586,-2.315608578413044,-2.010488350976605,-2.611415660560847,-2.3352052419576346,-2.8002544789266977,-2.7710020601358343,-2.8207993611712956,-2.6829665478198965,-2.603114434544609,-2.434242852137238,-2.784685895506921,-2.244981983951774,-3.0452445212125596,-2.545027631171699,-0.6501135559376032,-1.4228117840712944,-2.0211652318288085,-2.363751313545189,-1.3718606589730094,-1.127367146960383,-2.38256246519859,-2.837900099493935,-2.361431413340503,-1.4782632324492468,-2.2697853735289644,-2.0167421419620455,-1.1664917641236268,-1.475063429060431,-1.4858125802834479,-1.8143754643167365,-2.53193912901651,-2.387425629563994,-0.7376200911687014,-0.7421968815785475,-2.3085007278972314,-2.542158912420618,-0.5064120667851121,-0.04243695823891952,0.243804962204747,-0.09522605743914961,-1.8434450040640078,-0.44046222372411126,-1.7856813824593933,-1.2667502954270013,-2.9018599133983,-1.3506231460096503,-2.462663441749348,-1.6895164543033678,-2.004302889544727,-2.073424224777811,-1.683265381051532,-2.1083756878847364,-1.389808730514419,-2.029570638264109,-0.984779839596126,-1.4773169397649706,-2.2650787382656152,-2.581268057539629,-1.7816762993757262,-1.7288920441338878,-0.9295218002712912,-1.390663007670963,-2.575484116604261,-1.8721311459000376,-2.4591906683720217,-0.5857115116791741,-1.9949139949569514,-2.4699705970855255,-1.7382554939132642,-1.2402156715225476,-2.0538660288206803,-1.3113648971506355,-1.0419267262915832,-2.6250724718422154
-1.9603728311043187,-0.8551448062512752,-2.48075437104783,-1.8331495593472726,-1.7303124781776569,-1.6974816736198794,-2.357093537803128,-1.6190100314675813,-1.9753131136024344,-0.4209997921619915,-0.22910051312656607,0.6587261448644658,-0.9971731115553081,0.825709007111104,-1.2963812125096958,-0.38407735474379334,-1.1796140431456335,-0.9352993958771454,-2.648485454475182,-1.8458043378283862,-2.3847870209111495,-2.017739536452049,-2.386999876925879,-1.8192388262659218,-2.5580283018304346,-2.485964028935543,-2.152449382325921,-1.3083090214416517,-2.4399338856300905,-1.942282339375181,-2.4196930105536767,-2.3079534312741736,-2.8328593023716326,-2.550146413798838,-2.9881146389899405,-2.331631191501619,-3.004483453954577,-2.8799775137584382,-1.5806535931526793,-2.993230683895607,-1.4259198387854863,-0.9760830333821934,-2.42014835523346,-2.1148803976025707,-2.449463154280901,-2.1079197760324693,-2.7764615154121657,-2.8135330632686992,-2.54332347134341,-2.297062297583602,-2.371645778712435,-2.144343639572297,-2.6014954145265454,-2.226824889881887,-2.8993586817078145,-2.505742234963073,-0.2284326423109428,-1.0113228569090025,-1.7041661280629814,-2.1053385706670866,-1.289902770144775,-0.901760577064481,-2.214585486726106,-2.907361300976157,-2.3938420484215586,-1.4576152113319465,-2.311024106702296,-2.0684795040045936,-0.9289018410764067,-1.1777557555774694,-1.5396190651898587,-1.8231790016699285,-2.6560840161262593,-2.454130224111073,-1.1136578837174627,-0.7881510173020829,-1.8224186090661234,-2.0054987829450486,-0.2644353827666307,0.2969071748675769,0.32784286521245964,0.07391237934322782,-1.8363681958409674,-0.44449282650448246,-1.5272262898329583,-1.0183651994202647,-2.707921134484871,-1.1102020032646513,-2.253794624626254,-1.6416789624950803,-1.9999237741169946,-2.282960960514121,-1.3501008697711046,-2.2044941908894566,-1.520231282808408,-1.813107834349059,-0.8216457636768348,-1.298429894040511,-2.158129583184719,-2.5612660564686984,-1.1884834260455786,-1.8303545887076011,-0.5888345842102215,-1.1525837470947664,-2.485785151768967,-1.6283940999239492,-2.5619247348710212,-0.7171531463562573,-2.1677723226495087,-2.2888263894567262,-1.7440864459629586,-1.22405471356744,-1.6264212793105437,-0.7037299570778209,-0.5528024055905142,-2.590993067294894
-1.3930253692116938,-0.14458762788026053,-2.47515067755875,-1.6496810485453064,-1.4297539156716617,-1.355500602732561,-2.2786552638553825,-1.3295110459854198,-1.8916777665965447,-0.004901792468986521,-0.09929037508430001,1.01907023532904,-0.4336872639969569,1.2794975018649197,-0.9069527961958606,-0.0016503681565068129,-0.624933259826437,-0.6492522425507617,-2.034863578657016,-1.2894852676603141,-2.2502225740556803,-2.3330150700988908,-2.267757471768674,-1.6096557798987865,-2.5806849618517247,-2.4105671413677574,-1.8637157850203079,-0.9273608723744599,-1.982177558412955,-1.6795748954749852,-2.462956146428032,-2.368954227910503,-2.772431739589651,-2.492859882614952,-2.8930089191098474,-2.296696070037836,-2.88852443359752,-2.353886867150091,-1.6735114879073427,-2.8040070981727743,-1.831983483783178,-1.0336169514301738,-2.3478505165015573,-2.063550752807281,-2.0663681311173963,-1.6889299858112663,-2.591820780008991,-2.680784814882911,-2.0694213964737966,-1.7337243925061885,-1.9668900770042155,-1.6344980016824868,-2.2673440737133532,-2.01576890856894,-2.585658755858684,-2.3152377891634797,0.20488367576590868,-0.5454974193793225,-1.2884236261457487,-1.6814312702653453,-1.101929513797351,-0.6176069458870753,-1.8174825344448335,-2.654944112981604,-2.284051370389198,-1.368698099765162,-2.2409520297293812,-1.9950571556805903,-0.596047214004887,-0.7920866658245653,-1.5473495056613709,-1.761215503280426,-2.576077722027619,-2.2572407858796817,-1.5228772009760085,-0.7968944153311758,-1.243901325838232,-1.3576193966165186,-0.017720735500302263,0.6035115652616768,0.5179525944523061,0.44337340896332267,-1.611534105478349,-0.3341050403230849,-1.1128541204705187,-0.5752044774880756,-2.2856841099539813,-0.7774147616092538,-1.9031348595007278,-1.4691749748436733,-1.8910429115924876,-2.3448287122750076,-0.9418532520789968,-2.186126894490905,-1.600015161082301,-1.5861372510751652,-0.6785929506647465,-1.0762375183894275,-1.912649319551412,-2.364735913283033,-0.582349458954393,-1.877647642714059,-0.2522164103554629,-0.8733522427903417,-2.0982008145828472,-1.225655506102432,-2.5490003005567616,-0.9338850403378763,-2.208302391225697,-2.031288524146307,-1.7446464684666636,-1.1711291459066364,-1.110137135475071,-0.11906637936373923,-0.05785171452573665,-2.343830169129187
-0.7241208423072573,0.6353799553014657,-2.390298907034828,-1.437997847515838,-1.0321273311703842,-0.9322597571710463,-2.1179307940195926,-0.9914978590497454,-1.6213471557580497,0.41809266585717514,0.11827313308822299,1.4877077134108416,0.26392689817642234,1.8446304607210506,-0.29945582759659695,0.5448003066336389,-0.0558841594720681,-0.3841682688819551,-1.2939422287704379,-0.6442659299463691,-2.0437478742482096,-2.603259710732266,-2.037402822911304,-1.3430864087575785,-2.5509697723128033,-2.2480823803057826,-1.4293868983323756,-0.4955372417572729,-1.331264227010946,-1.2154531194187146,-2.406195963278609,-2.3485548702850543,-2.5907137308804464,-2.3327475066831815,-2.6814437933553728,-2.2108621976654694,-2.661931575757725,-1.6920970038933207,-1.8138042258061902,-2.504259908403702,-2.070029212811816,-1.0093886569826007,-2.1473157453372074,-1.9026716183075676,-1.5352889582392237,-1.1570531682042755,-2.3194924163829933,-2.4452695388679535,-1.5017887396643088,-1.1016461669859698,-1.4921544466954841,-1.0222800139091137,-1.8770746979116748,-1.6823094031753383,-2.176000215877748,-2.0364032318541145,0.5518319589033752,-0.12380526671453729,-0.860947654627317,-1.1686757118275346,-0.8288455182577911,-0.2881665820871791,-1.2640666603262034,-2.117764745497429,-2.0607852011300016,-1.2289668232855513,-2.0992976807458703,-1.8293278623414668,-0.26395999380275526,-0.4324241613509446,-1.5447901316377526,-1.6630329649712057,-2.301216633696689,-1.8771645430787265,-1.8953651229551058,-0.7985577048784512,-0.6880639683463211,-0.7225557114367944,0.1975645963488138,0.8234535173576123,0.7928850724116738,0.9630061236500828,-1.178498808562252,-0.101921560516991,-0.6221205757649143,-0.007644152641927115,-1.6873799070889828,-0.40363683445185433,-1.4671262874259066,-1.2140954304459088,-1.7238887998074441,-2.2788146375533116,-0.516337390786447,-2.0928507851972276,-1.6085275192116673,-1.409230404626441,-0.6082612940909335,-0.8614358236372025,-1.5909076200995016,-2.0463973922616026,-0.03304413614048949,-1.875971273026024,0.05685078631893018,-0.6346733537887647,-1.4816315974346468,-0.7457307060305611,-2.435206283199959,-1.2340163006402067,-2.0983079080927682,-1.7519626664712473,-1.7768806285225711,-1.1084890982259006,-0.5928867648227297,0.32898041441494436,0.35704591741143615,-1.966138889871719
-0.060783647921257324,1.3558587431617586,-2.2549777082751357,-1.230069773102233,-0.5930411762306177,-0.4735113477237175,-1.9052033056156865,-0.6376874401253566,-1.1986297425103167,0.8171543498309071,0.4029517400274517,2.0174074194003015,1.002276988743606,2.461200106230031,0.42635713499206795,1.1801556380827645,0.4135076191444211,-0.20258084314356692,-0.5837566650577936,-0.03694812338884949,-1.830142664356327,-2.79091294444418,-1.7409440102679472,-1.0676474352281722,-2.5068613107149353,-2.042959997027667,-0.9842731127302163,-0.116855516453642,-0.5976348473854667,-0.6473158637577476,-2.265711860034165,-2.2560683073952394,-2.339896621596649,-2.1140772357281357,-2.4134446882401113,-2.1006089915453443,-2.353958226716067,-1.0107398961440162,-1.9957293937695821,-2.123545413166154,-2.1011621792176,-0.8921723949068342,-1.8696128227132485,-1.678827866321527,-0.9399343290653911,-0.5982333107902297,-2.026619504220753,-2.179975247315249,-0.9482463066703603,-0.5134568725569933,-1.0547401312420859,-0.4394765901706541,-1.5208542214553822,-1.317095453861899,-1.7466893515152482,-1.7364099933637613,0.7246115119209767,0.16079149831236147,-0.5042977160367179,-0.657202375582963,-0.5078908989546133,0.05777808371485116,-0.6601296221808918,-1.3929613170988264,-1.7641158539050508,-1.0619173072829229,-1.9291253201958163,-1.6134719456897166,-0.02913047061509579,-0.2051071232473092,-1.5680441401022565,-1.5616929330555192,-1.8724495019240013,-1.4237929220149834,-2.16219312945968,-0.8273765032803505,-0.2575456416937508,-0.20993029267470414,0.3458100171635836,0.9172325724930649,1.0932866908767238,1.5386914964183336,-0.5888469185622152,0.2275918641974913,-0.14981944552058105,0.5838092754297839,-0.9959495217218142,-0.04742735310794612,-1.0130506800932912,-0.9365726840104994,-1.5400731996397001,-2.119015367125201,-0.1192674229589059,-1.9641091471200414,-1.5293703678246644,-1.3170589640738772,-0.6435358108848508,-0.6950707047723114,-1.253113067341451,-1.6726145366800025,0.41424513915562894,-1.832575561375052,0.31995245073408674,-0.5020879294171741,-0.7393736959554003,-0.2858841902139636,-2.233139551996103,-1.5798435356762774,-1.8470494192846287,-1.4931658301365518,-1.856576082004793,-1.0552039891132707,-0.15263127144264013,0.5582867682814728,0.614469507293522,-1.5555403292739953
0.49514408064528365,1.888127003615834,-2.0942617381097257,-1.0511247670017951,-0.16625240755299767,-0.028975448640928957,-1.6710323227189194,-0.3034555552676997,-0.6804759499226555,1.162471093524882,0.7183665044219452,2.531576888804332,1.6822304100548284,3.0436991826351334,1.151144978873234,1.8033050598597806,0.6807985588385032,-0.1488820395763749,-0.04297953921363985,0.4220255599203449,-1.6651981153778812,-2.861647524489778,-1.4240887441332035,-0.8246099836272819,-2.469105933249146,-1.8361640367233507,-0.6507803669711685,0.1225548466174775,0.09834875114518879,-0.08508569654379373,-2.0612205125570133,-2.102440988966175,-2.0706757517780825,-1.8802501414459323,-2.143930914433195,-1.9837302592124169,-2.001928730482697,-0.4227957877194928,-2.1920883595267875,-1.694656297980661,-1.92572762980385,-0.6892307410576096,-1.55898559733662,-1.4306712092872391,-0.36144411346682853,-0.09231885045681477,-1.7597725510565816,-1.9413748185930824,-0.5012515103385621,-0.06394153116274354,-0.742883743791204,-0.0025975426122792,-1.2626750387868317,-1.0076264184920114,-1.3607100212450678,-1.4697301029326348,0.6685679095871173,0.24214918085626944,-0.2782378306061805,-0.232388020395968,-0.1837112185071029,0.37862489374288,-0.11895837576108825,-0.6157098963296865,-1.4380707836170143,-0.8936539256380167,-1.766580553243283,-1.3899330212044012,0.03570718464857742,-0.1823467030277806,-1.6429980979842804,-1.4803618355425825,-1.3541618185697053,-1.0092393195080345,-2.269619209846189,-0.9132270940159396,-0.021400034845420978,0.10731244863936396,0.40068041576632263,0.8671761718698276,1.3362287153481875,2.0522676976231127,0.0731648931724608,0.6016001107369192,0.21444068834808527,1.088968696599544,-0.31121790399134824,0.23661238168573398,-0.604622733249396,-0.6995358179766729,-1.3674806599238463,-1.9047920423075158,0.22243714714012378,-1.8293006873381925,-1.3548643055793246,-1.3119027908883307,-0.7887814533688785,-0.601390383804436,-0.944806833161251,-1.3071783867705582,0.7435475181917117,-1.7542929629400386,0.5227231624094316,-0.5077609878639373,0.008682076600523777,0.060381390688729046,-1.9535885724176576,-1.9056564792389161,-1.4906116125289126,-1.2786697920815984,-1.974004624079115,-1.0181848407028231,0.15582451525553126,0.5351517241366882,0.6603954360052694,-1.2038203291105523
0.8671781496714406,2.130023023532482,-1.924569282230636,-0.9166111110105528,0.20381306393643506,0.35408765137225784,-1.4409600840095504,-0.023250146367724975,-0.13649562993422204,1.4259659471462172,1.0198331820568054,2.9386057874682248,2.2168590441911817,3.4966055397386833,1.760849889154324,2.3081530423601313,0.678971071883898,-0.23950518277775226,0.2384058838498216,0.6611905425904469,-1.5817957613513836,-2.789106850457626,-1.1246894271269574,-0.6412613125323309,-2.436379917639238,-1.657485488408311,-0.5106669901631636,0.17422558727057774,0.6504311948047166,0.3724228887374609,-1.8127794661328165,-1.8987080368784819,-1.8207373883289124,-1.6642529995367825,-1.9107979375294066,-1.8674799320767483,-1.647130615437171,-0.016433041415580534,-2.360151254479772,-1.251012677860631,-1.5836861629446686,-0.42713183271783384,-1.2478058652202446,-1.184808103076538,0.13237022588067857,0.2980227321191845,-1.538003966484471,-1.758969001346376,-0.2218570777734887,0.18744706420745874,-0.6080724049581139,0.21223632801212186,-1.1272094469873202,-0.8172466598075817,-1.0553557133338918,-1.266705237224258,0.37748883416777895,0.09635733603789623,-0.20748745456165005,0.042179799521504434,0.10224226341941321,0.6269868041178229,0.26561623276310015,0.0709910451410182,-1.122851592504274,-0.7489087241725719,-1.633334581708762,-1.1932191785274862,-0.1002554744309384,-0.38451745441162505,-1.7771914811922727,-1.4273617817927897,-0.8214650439646107,-0.7216671431198652,-2.190125763718847,-1.073721214928996,-0.002178620743860911,0.20496208771322635,0.35141755960996757,0.6795408197559937,1.4368601490334796,2.3872582567747878,0.707019697404702,0.9486866198958693,0.4054712200928376,1.410472191302682,0.26784244518552075,0.4070948329207435,-0.2892524908375968,-0.5535500843967437,-1.2167706309903792,-1.6718025621590515,0.5007456749028122,-1.7016857693022271,-1.0902039155582504,-1.3663826954789968,-1.0186431843345385,-0.5851710421868277,-0.6906328418651891,-0.9993773911941387,0.9648475063028067,-1.6451704483525293,0.6540131622195154,-0.6421391302396373,0.6465111630394391,0.2223879951050251,-1.6099366665821604,-2.134849478125919,-1.0857245153903903,-1.113604556580766,-2.096868531571321,-0.992485256185496,0.30808906067671343,0.27962297313963824,0.4762161678347591,-0.9786458156646444
1.0177847899897388,2.027875813292892,-1.7516886345030476,-0.8316107692557181,0.4863791311918681,0.6365076252518722,-1.232006145700601,0.17313630598138896,0.3629533686556614,1.582760991508344,1.2639015216657186,3.1513185548357274,2.5460291891786815,3.7334803077953054,2.169301445587478,2.6055791301588673,0.3931279440230294,-0.4600436004664497,0.23534476733058227,0.6599817397992997,-1.5819053346927556,-2.55952830059309,-0.8672456991918618,-0.52775650773284,-2.387091365696742,-1.5211027641561645,-0.5879479457071095,0.03735523401791475,0.9862852776082,0.6563710224725684,-1.5391494062155524,-1.655953797971452,-1.608076608610505,-1.4830783360811972,-1.7284537703357359,-1.7501327194455643,-1.3295316088683327,0.16047198401073595,-2.451426098427698,-0.8243760161544509,-1.1452993130597475,-0.14831666492146295,-0.9559873068988649,-0.955923279629179,0.4942191210292892,0.534837711408762,-1.3545167711011337,-1.6332377072579354,-0.13119307511134395,0.2260558384174989,-0.6565718762726496,0.18410008911839054,-1.0983053642211693,-0.7718438771878466,-0.8381726681197857,-1.1301238917406895,-0.10280196486510289,-0.25244593463706605,-0.2785539854895435,0.13646957092427517,0.32118981628324333,0.7595632072422573,0.4410780128176243,0.5476747331588692,-0.8481132771763176,-0.6471058107559562,-1.5335235334570787,-1.0443191264591316,-0.41818180385017856,-0.7751167805853509,-1.9563078289186546,-1.3960077104242126,-0.3456900958181392,-0.6065111609003616,-1.9277837504747555,-1.3088751092563733,-0.1738713604971913,0.1069501130912776,0.20508129545682327,0.3809041660615006,1.331706801701845,2.454481443683185,1.215954821983562,1.1931737913068587,0.39637747288819347,1.4836033514955032,0.6615836800101176,0.4419155890435191,-0.08967242977724724,-0.5251809362887032,-1.0837701131800768,-1.4452916691321602,0.7207123293902559,-1.5773579044913602,-0.7561363838085512,-1.4344247984801293,-1.284761632196395,-0.6338030396726488,-0.4954413926280035,-0.7767812478310622,1.1046128961450548,-1.5052300229698845,0.7060309556653,-0.8567470971521943,1.081355797266767,0.16717381437801385,-1.2239332341573212,-2.2013572339662835,-0.6993889632857301,-0.9896044660887889,-2.179743701316789,-0.9658403164553135,0.3105877012742671,-0.1416712369879938,0.08480158591957154,-0.9112618815446815
0.9528257870687771,1.5891120490713133,-1.5720480026555237,-0.792376983506401,0.6652320573925588,0.7913314325207523,-1.0516692150973472,0.26407072739906895,0.7581282791372257,1.6136424936623044,1.417810235483449,3.107186702720473,2.644554827320679,3.6952897017624453,2.333629459515616,2.641643202520788,-0.13400064846985946,-0.7697318938762961,-0.012207326189125912,0.44800159474955253,-1.6363711553979285,-2.175403839324269,-0.6613083804101076,-0.4781278392293821,-2.2870942753454653,-1.4249430692835807,-0.8461587881329838,-0.24288432604756727,1.0790991785175843,0.737983981002004,-1.257516835026927,-1.3863966536770425,-1.4304457218595037,-1.3370478919942685,-1.588056991189156,-1.6248767513170022,-1.081827902042915,0.10669730668082338,-2.4230225128236285,-0.4426571547674411,-0.6940461438961256,0.09658350102487459,-0.6938316988818704,-0.7499882635323563,0.7005199336774147,0.6079890737951796,-1.1855534208425775,-1.541502163696976,-0.21080066065267322,0.08160324894601342,-0.8516782799883318,-0.05143985008465405,-1.1290081625039963,-0.8571874876591814,-0.6915929375907336,-1.039810473578211,-0.6834587807358814,-0.7370832925347193,-0.4462280124697622,0.05783710301319734,0.462881325541129,0.7474778250084667,0.40787120887786094,0.7438621861573269,-0.6287065834245396,-0.5991451507115824,-1.455754446775277,-0.9487797851870279,-0.8540175948625318,-1.2694145295345076,-2.146309435373716,-1.3690928120563415,0.0187143460149085,-0.6593873443301674,-1.5168322664296847,-1.5997223989711258,-0.4707557399953184,-0.1266432423365371,-0.015558865166748126,0.010165391054644302,0.9976751621501826,2.211810498139499,1.5261751874241252,1.2711473893528398,0.20403315471881894,1.289421587753491,0.8251795974923725,0.3407230186435303,-0.0014784821974920045,-0.6111784637691304,-0.9562160094410583,-1.2371239911973768,0.8913547600111362,-1.4393106245274458,-0.38901237764708585,-1.4669214755072886,-1.5285394632697438,-0.7232687400165421,-0.35130442864430544,-0.6438604475174196,1.1934939350198168,-1.3311532249438165,0.6756942309499099,-1.0772719493980596,1.2583828106511246,-0.09324677320082583,-0.82930537806599,-2.069110972971591,-0.39634375293984325,-0.8927555972839971,-2.1775665394354387,-0.9258189443305519,0.19464321238310806,-0.6329667500706782,-0.4515057010579374,-0.9922860002708257
0.7166009746264657,0.8825552013166114,-1.3766996682571948,-0.7892330441353271,0.7368135762319944,0.806068157643267,-0.8994821986735797,0.2389360383044553,1.0084096719699671,1.508168484214025,1.4666283940864413,2.7844567374619724,2.522543041699973,3.363627933209773,2.25930252662381,2.4081742708330935,-0.8092641990001428,-1.1118334227954132,-0.414242593685408,0.092962528433243,-1.692659433060725,-1.6574032942846693,-0.5036293090574541,-0.47464827142654326,-2.1011747464978185,-1.3536214767380765,-1.199779060514719,-0.5878469601089283,0.9488339007754542,0.6283911187500087,-0.9840018834573773,-1.104744108961514,-1.2705557839755393,-1.2136596042817451,-1.4639385102289781,-1.484444422874997,-0.9238157674955277,-0.1358074218822753,-2.2482729938540564,-0.12782447549093706,-0.30604576839783,0.2596471107221962,-0.4665890779057831,-0.5688329309820278,0.7507198971784658,0.5335256233407034,-1.003371873140597,-1.4493012528677731,-0.41120751984937876,-0.181777473916446,-1.1256260904152458,-0.41429418097562415,-1.1596822723508038,-1.0267341507535757,-0.5841871726936019,-0.9631193594859396,-1.2519636463095054,-1.2618001782130122,-0.6477797123126975,-0.15368028842584103,0.5362770186800406,0.584345027892939,0.21821816298196492,0.6520212519788706,-0.4639328763338288,-0.605611044425176,-1.379386217112994,-0.8985994549252889,-1.313772554028597,-1.7544526859658938,-2.3007551882615496,-1.3264192754301278,0.24293199293997644,-0.8318760010248383,-1.01405728663347,-1.911207504877823,-0.8046953429008692,-0.4186440057455392,-0.277569143118892,-0.39128315512399964,0.46162284251738317,1.6737557422788318,1.6009453252128882,1.1447713522018355,-0.11516550613222012,0.8586078644791357,0.7575952125633801,0.12392912377212385,0.0032561340910547587,-0.779447477744927,-0.8221649641455797,-1.047004583447061,1.0167604794338685,-1.2654167675414616,-0.03740003056976595,-1.4271370151184628,-1.6964917511558042,-0.8262612569985901,-0.24732016888852398,-0.586116257646316,1.255097997888442,-1.1191004862795737,0.5667416033114511,-1.2233366916607495,1.167779536375736,-0.5040999681413679,-0.4704356910456552,-1.7439127794391365,-0.22666703141047118,-0.8113545157309253,-2.0596780753691326,-0.8671302893486167,0.005891041635062111,-1.0924353278186723,-1.0413238108257532,-1.176212908379707
0.3794630030550326,0.025981890310698724,-1.1568306381703755,-0.8099478448375708,0.70662274678553,0.6829539181100885,-0.7704714253130709,0.09984455170747814,1.096385659149521,1.2675090982622597,1.4164116442161034,2.2100654688969503,2.218613990080552,2.765600763966975,1.994090857217711,1.943489412455172,-1.507596598320641,-1.4271296139097855,-0.8560247834910805,-0.31876670469211527,-1.689051711184691,-1.0440669969728185,-0.3830648637686686,-0.49416128304358536,-1.8053211770401505,-1.284121863144921,-1.5365322159828,-0.9053613741622362,0.6533887651162061,0.36948665939585595,-0.7342181853349488,-0.8289110597539328,-1.1051994654712876,-1.0945260974522024,-1.3241432488656828,-1.3249952286478206,-0.858405099674039,-0.4938246073254782,-1.9245771467509647,0.10576503896145226,-0.031373924704466385,0.30772321758641247,-0.2789215317470862,-0.4143918334359999,0.6633581720999218,0.34767646724966406,-0.7894065607424138,-1.323818299739253,-0.6663800294349159,-0.48252426931646175,-1.397857726521909,-0.8015793797325046,-1.1385710152136939,-1.2169370354609752,-0.48473071135210605,-0.8679288914943464,-1.6971045125015374,-1.7227282771788794,-0.8208841429538095,-0.4370561315228862,0.5649013475672483,0.289666923689327,-0.037509085577037034,0.32700608239882784,-0.3406578645334239,-0.6569929393481048,-1.2831623196192552,-0.8772044059139912,-1.6958190560682938,-2.115457145090011,-2.371525774241956,-1.2528039147497956,0.3262925232554378,-1.047966879800008,-0.4870559549539098,-2.1985894557956605,-1.086620737441517,-0.6950911541240862,-0.5451720322926153,-0.7883067945699784,-0.20256258155336365,0.9088342218100378,1.4464270066139135,0.8116398092590411,-0.4785359909427887,0.2652554673220816,0.5015349843803643,-0.17133269017479985,-0.03253797435467549,-0.9764557974707211,-0.6772198594842305,-0.8672291496764212,1.0906763156385952,-1.0381806301211443,0.2448483112407308,-1.3012399998900983,-1.7540961842195033,-0.9202529340708299,-0.17851883316450054,-0.5781216806629338,1.2989979634649822,-0.8691050217544793,0.3916444805706174,-1.2297588854442334,0.8430839222570337,-0.979118155373344,-0.1953813788956043,-1.2744604199146028,-0.21574660587847716,-0.7410006133713123,-1.8206836625924443,-0.7965689545301297,-0.20849727968547277,-1.4351083544192516,-1.5812715261296437,-1.3935186592648396
0.021419149928510826,-0.8367423930932292,-0.9092465220962336,-0.8428180251760192,0.5852294018156592,0.43742054553627835,-0.6593542836821081,-0.13824282495228604,1.0270972189712655,0.9059371062523055,1.2926858120271862,1.4570576295278732,1.7884544365035964,1.9691695690368185,1.6129022062940055,1.323162629574532,-2.0976661794173324,-1.6671277134341236,-1.2270271260764904,-0.7037151222219934,-1.572236261060298,-0.3890666564823091,-0.2867094813108815,-0.5148025294871565,-1.3966396702254713,-1.1929345946076748,-1.7450928171430526,-1.112164886855635,0.2722087381841134,0.019275979891181155,-0.5233030451535765,-0.5794969006498503,-0.915542676233032,-0.9633363159858771,-1.1420765234449592,-1.1483184576846939,-0.8705484737184138,-0.8801102245761981,-1.4769089192650897,0.2521600300674669,0.11776837927412234,0.23276188738391898,-0.13781766336046072,-0.291386110305894,0.46985635267883824,0.09760113114103196,-0.543908359626695,-1.145720563120963,-0.9104505641278315,-0.7415756370672164,-1.5949840496043532,-1.1133678937209046,-1.038616465089921,-1.3653768135817383,-0.37467024748813055,-0.7343962868138926,-1.9336741185247253,-2.0297377787482205,-0.92036493669841,-0.7257310046088531,0.5782403668513976,-0.09374741773520665,-0.253609158598346,-0.12875597103378456,-0.2396649537065666,-0.7361466819802545,-1.1536693677258836,-0.866066811262305,-1.9148263373090986,-2.2624356680572175,-2.320381461743902,-1.1438753468527905,0.2922849692163616,-1.2262565617061618,-0.001386635571928812,-2.415769732300631,-1.2471989524839673,-0.9014677907127375,-0.7869278264472204,-1.1574070343496738,-0.8893186537820771,0.025415596611379793,1.1081189447647115,0.30689301956105136,-0.7965610826490698,-0.3881915715204449,0.13379587159312056,-0.4977128403937578,-0.062194936688239014,-1.1395264234736238,-0.5284222982024138,-0.6893920099805241,1.0964596891162288,-0.7536392615478239,0.4082221939171165,-1.1012743726536243,-1.6945130541369557,-0.9933812538638718,-0.15077570391207695,-0.5930307658481013,1.3194980661066111,-0.5897569927246048,0.17224915638534627,-1.0639423343254628,0.35155791974679385,-1.418183388366265,-0.044903773544505685,-0.7423279398542146,-0.358554845415302,-0.6857705026205263,-1.4849875824677878,-0.7337797428093932,-0.4118213509825732,-1.6102740042559924,-1.9758888344102314,-1.5675322779758867
-0.28445405281687963,-1.5642436417929806,-0.6402909019299559,-0.8789015019160363,0.3850634746975361,0.09524016407499625,-0.5641235446145088,-0.44919980922417124,0.8232989753219004,0.4502106219291984,1.1346761933762648,0.6317399205974553,1.2921372060138518,1.0702026423582585,1.1976032816195061,0.6430792492317793,-2.4687425271695314,-1.8038520620209926,-1.4464749043520606,-0.9997206382396322,-1.3141081419040612,0.2439340329929208,-0.2055662906115621,-0.5216545413799021,-0.8983202904281886,-1.063078184687729,-1.7417933547082185,-1.153413441921068,-0.11339157038078611,-0.363761851025716,-0.3651528078648559,-0.37788572863270864,-0.6956298315239835,-0.8126268108386716,-0.9060824554515645,-0.9621150434209945,-0.9298407916002438,-1.2119983282639202,-0.956066775639396,0.31344960691589074,0.16879883009857644,0.05720291846427947,-0.05312716044369427,-0.2078346792308276,0.20732727950289453,-0.1692319902193843,-0.2893627736883904,-0.9163988859953835,-1.0926815177892362,-0.9004678436214394,-1.6675451157219305,-1.276013031952279,-0.8656703582310066,-1.4267292004759482,-0.2552322208224004,-0.5622927683714604,-1.921184927969187,-2.124958732602394,-0.9292314882204585,-0.9628326583440426,0.6017447516244782,-0.5080457608098408,-0.33565698840948444,-0.5907461228104696,-0.1436376629646483,-0.8226377348429992,-0.9911720123282636,-0.8511343473205291,-1.9216819333001345,-2.1509076986434836,-2.128637388209793,-1.0077904134435394,0.1795100047915848,-1.3017734045651737,0.3902935374609276,-2.5236946009103316,-1.2521210061539045,-1.0115033887757408,-0.981032544310087,-1.4876886231421247,-1.4856736279520057,-0.8506697711713801,0.6589976963683598,-0.30257730513314,-0.9941787309224573,-0.9918229389439596,-0.25216067373180107,-0.8057491637539469,-0.0466972667621209,-1.211464200531181,-0.39386290210801383,-0.5109449169534771,1.0123476534665963,-0.42690648359666117,0.41802360552750556,-0.8605284881991502,-1.5399200835746212,-1.046565243196446,-0.18009815609031748,-0.6108718522244689,1.2997996377918157,-0.3014773396953894,-0.061570480303119936,-0.7352075874002492,-0.22073556713608025,-1.727164607351297,-0.04086480798486337,-0.24358518371126647,-0.6195793511054127,-0.6556087035906166,-1.1033000462188107,-0.707250869019764,-0.5860936216600076,-1.6096528840923527,-2.1558266958828987,-1.6320100939762305
-0.4854249397974778,-2.045802124175429,-0.367044659640808,-0.9130726115467916,0.11878639880326827,-0.3109745042424746,-0.4878646371704755,-0.7990354741759915,0.5185863714219228,-0.06324106207146406,0.9866360666975971,-0.14667797412995565,0.7835688356467879,0.17455838561500586,0.8170656289593449,-0.0011230725062024698,-2.5526135026795185,-1.8340553255417165,-1.4798705601432418,-1.1772465016872156,-0.9232386157543483,0.7885334090205371,-0.13825368225332527,-0.510190937830686,-0.3581792218223011,-0.8893652298663993,-1.490352343854233,-1.0146596774244447,-0.43822397268384394,-0.7330647578733683,-0.270921351608218,-0.24327406990045655,-0.45669592369900597,-0.647520748059651,-0.6244229206718801,-0.7786736725949209,-0.9966181056889836,-1.4273714487695406,-0.43157745274153925,0.29833308779646717,0.17964847862701336,-0.16816341119213757,-0.035614078771898046,-0.17342986407022026,-0.08818025680865837,-0.41470507948229357,-0.06657067191849549,-0.6588479301731569,-1.1871345589202407,-0.9332371610756504,-1.599637329173874,-1.257494476656181,-0.6559074729688087,-1.3826034036897392,-0.14711956249187227,-0.37198804285862985,-1.6723672748567513,-1.9941026737892318,-0.8610813865973546,-1.1124396184400456,0.6484952825794515,-0.8923427844984174,-0.22453346619693393,-0.9423776279100712,-0.044471005336681295,-0.8979543016899172,-0.8111055442302101,-0.8272870407459368,-1.714758433048961,-1.7921746570036245,-1.802713370886401,-0.8624550190870393,0.030263826469245216,-1.2418347812641712,0.6547504900570096,-2.4972694744340926,-1.1087942040867407,-1.0277095694880172,-1.1175215752505598,-1.777789986475155,-1.8981528372997438,-1.6015782559711051,0.18238208565185754,-0.9306744682509136,-1.0288245146854347,-1.4505879550008247,-0.5674406116181704,-1.0523230165561581,0.03637772813118956,-1.1543495420854513,-0.29834744811505054,-0.3394880923384678,0.8201862820844894,-0.09257520046635948,0.263180575207149,-0.6235080652719892,-1.3351476719294801,-1.0912307139746056,-0.2865154859812323,-0.6233712342383244,1.2196993434097338,-0.03677087548883509,-0.2753077868902865,-0.2938683854353453,-0.7853717100023692,-1.8354603145061672,-0.1777060849785518,0.13323839820089414,-0.9388278847239837,-0.6611453561272084,-0.7414654263024806,-0.74636943448162,-0.7341694353303381,-1.4650578085927608,-2.090150417890455,-1.545111941019435
-0.5570087485639543,-2.222875642531851,-0.11530815306937597,-0.9437867365640593,-0.200470603715195,-0.7452177231477977,-0.43819113791336384,-1.150238175571714,0.15060588720633217,-0.5927147589421113,0.888205858283803,-0.7693708432492331,0.30439509799822956,-0.6204269795557223,0.512461022543963,-0.5332599814034179,-2.3357731003050706,-1.7771184033679206,-1.3433817479091377,-1.2417171177511026,-0.4472839930417152,1.184320069620913,-0.09176919069887599,-0.48682084505916834,0.1592195116863962,-0.6805283257374111,-1.010313670892471,-0.7235396463398979,-0.6652218563848384,-1.0603661497018173,-0.24708167596790276,-0.18923070238650178,-0.22604486238005597,-0.48542571343173047,-0.32439478235361285,-0.6125427598950525,-1.03030298658733,-1.494772801905673,0.019872100960073944,0.22013067863518906,0.22076024696882288,-0.37465068786846595,-0.09311839338899186,-0.1963464753668428,-0.38669344590247373,-0.6164627557995699,0.07585823015046993,-0.4120480458972419,-1.1948843667601639,-0.8492551958632544,-1.4093430276206667,-1.071402206388905,-0.4634655956675291,-1.2432230677685658,-0.08299447968398162,-0.19881644811560908,-1.249571516028744,-1.6682716694899493,-0.7533301288258082,-1.1643783755431862,0.7151781808462624,-1.1954048369297092,0.08798319666519341,-1.1023115097002534,0.052462968024232545,-0.9501100844450114,-0.6407093454821737,-0.799549637511106,-1.3399207765882206,-1.250924155578198,-1.3742478367023159,-0.7293990091013236,-0.12012873704961795,-1.052296357901408,0.7794208211679405,-2.32978412900073,-0.8631533923850836,-0.974958538194839,-1.1970301238940733,-2.030288289481564,-2.075058863873592,-2.1400679542543104,-0.24628270092319873,-1.4886183047069872,-0.9006414316186914,-1.7031370824277523,-0.7475739330228184,-1.2078789176867102,0.188291491839121,-0.9592775944462588,-0.266493662859048,-0.1932580147713931,0.5146239718231125,0.20060857154526646,-0.03906329615491475,-0.43381330843023164,-1.135314172126345,-1.1432553884014955,-0.4845439586928092,-0.6341023987997818,1.0641922959043402,0.16350371973010522,-0.4346162993428971,0.17980640208201765,-1.2657186183896727,-1.7077346684268089,-0.41979597136717034,0.3273287842967036,-1.2431023251213842,-0.7077271599345406,-0.4641399142921873,-0.8716061804392149,-0.8748856690325092,-1.2367101272849021,-1.7901690248107298,-1.2964793048487588
-0.5043032244190973,-2.099111286255274,0.08532194188043721,-0.9716758835135006,-0.557353159272461,-1.1709958663648312,-0.42444448748687197,-1.4663735447175654,-0.24387754625399322,-1.0961571097416039,0.8658788372705795,-1.1588643708641693,-0.11697127213421717,-1.240929381381486,0.29129447216788135,-0.9099206020110575,-1.859650552124456,-1.6674529265401115,-1.0959278920904205,-1.2272398038345025,0.035365097332463784,1.3860224619839205,-0.07911915873854104,-0.4664122321797811,0.5853120470035297,-0.4574674636625221,-0.3724362816289651,-0.3408941354242784,-0.7889579938272139,-1.3353846779474392,-0.2935122666069365,-0.22053636084497957,-0.04075731528935976,-0.3517970389705233,-0.04589980023770247,-0.47782356570875495,-0.997911453660685,-1.415817324299759,0.3286531570049616,0.09498932411885165,0.35264261797709406,-0.49258619185035646,-0.225946466808845,-0.2794142829470378,-0.666654489243872,-0.7694574970269624,0.09605839072471342,-0.22035782034053605,-1.1385587596224898,-0.6864139175572062,-1.1402428880753792,-0.7690769601007948,-0.3421602189824144,-1.041224791686028,-0.095094345307057,-0.08230573113671559,-0.7499095070625632,-1.2159027204858641,-0.6533227319800963,-1.1318415543919227,0.7837199879603561,-1.3857111213130249,0.5560170078346351,-1.0424369720371371,0.12876660844093213,-0.9761168068844137,-0.5116574359015212,-0.7806836264488082,-0.8793214943711215,-0.6307834915290339,-0.894661144357892,-0.6265425187134941,-0.2505904687727947,-0.7732581813461548,0.7691256965205422,-2.034351615935484,-0.5874173605860802,-0.8897098434901018,-1.2268111938088433,-2.2456793087483033,-2.0180673811624263,-2.4241304323794894,-0.574353500010795,-1.9016943288916983,-0.6520180385932896,-1.7327848328301882,-0.7660307220195589,-1.260761580257869,0.389880883319972,-0.6494820500729565,-0.3152168726258461,-0.0973739602973101,0.10964678256512957,0.39995282721020126,-0.4442273266846701,-0.32309503208098733,-0.9907440529527525,-1.214951599076227,-0.7733487456458302,-0.6541903002857105,0.8304156225926869,0.2577322520867774,-0.5103621595789724,0.5943505691380081,-1.6061000132840795,-1.348163488588923,-0.7057500021088543,0.3189179823775485,-1.46046247810286,-0.7905558210942831,-0.31750840268143526,-1.0855877438905968,-1.0323841766549464,-0.9953974078298148,-1.3043242501946086,-0.9061467298665838
-0.3570517138230855,-1.7365370829315685,0.2081730490163143,-0.9973654114642166,-0.9319859031286022,-1.5535575988156949,-0.45358067555196185,-1.7161941885292595,-0.6313810041490815,-1.535544548412357,0.927376593347607,-1.2830842312466524,-0.4623183917452714,-1.645350114301718,0.13118424657378175,-1.1250323451580917,-1.2095637417550185,-1.543533779283431,-0.821570127323865,-1.183984125531441,0.4335213975401443,1.3716834761417414,-0.11452277001939458,-0.4673244239588083,0.862323234916333,-0.24786819997238954,0.31781413624633476,0.05634715482646293,-0.8306829170229316,-1.5601886711973556,-0.402169274702652,-0.33106178173924705,0.06206098027048706,-0.27316987826618977,0.1687497504715473,-0.3855678717937454,-0.8804534882313088,-1.2198169803389423,0.4465106017672276,-0.059041041921701294,0.605104660653721,-0.4702529213867143,-0.4229095372470267,-0.4167563599805505,-0.91430661312993,-0.8822458674918601,-0.026359708310241432,-0.12073861206464394,-1.0510622283586433,-0.4966637333750611,-0.846600216333305,-0.4224216852033799,-0.3268099911023056,-0.8199358454420409,-0.20177435662661417,-0.05321229052479461,-0.2825050203221443,-0.7265623677952419,-0.6015046532631066,-1.0430478480895944,0.8280743212968815,-1.4563686285920188,1.089803994471783,-0.7921844328232528,0.15847902377077935,-0.9813285650804426,-0.450725122028567,-0.7858504772959778,-0.43173401735425043,-0.05114490646334641,-0.4252808109990437,-0.5623263344643168,-0.35665582381987104,-0.4659998489187058,0.6403594597165823,-1.6421853708283611,-0.3615512792498876,-0.8079248539016751,-1.2156191171604969,-2.4179725441546167,-1.7801088093973516,-2.460543719578547,-0.7801608437075345,-2.122457668098424,-0.35627655451381446,-1.5678911523124954,-0.6380414943774926,-1.2174785237340298,0.6073020568737311,-0.2756802358487072,-0.44762088712680786,-0.07673418467188828,-0.35977858798641554,0.46170907491176305,-0.8876887214347222,-0.30337912352884583,-0.9332006757116229,-1.307674926691914,-1.1299573253493824,-0.6952033822717507,0.5310943354038109,0.21367489264566608,-0.4827174443286013,0.8693496851001733,-1.7750687604178275,-0.797427313290056,-0.9590566225589514,0.13256830284278884,-1.5348498666061063,-0.8925240596725049,-0.31579870976711333,-1.3677609635738708,-1.2228164622338205,-0.8028975765443374,-0.7057650511547786,-0.41643904841033863
-0.15991158667500138,-1.2388368040187545,0.2363348326816837,-1.0191743337630852,-1.2984625760191115,-1.8616845230933774,-0.5261784611291761,-1.8767716030964803,-0.982159781178144,-1.880059287456731,1.0601397021190566,-1.159611776795101,-0.7189956657319185,-1.8259149900140685,-0.008318007199796543,-1.2052154265846582,-0.4955232765145224,-1.4364740564471985,-0.6068331105789349,-1.1626723162493593,0.6666079029364941,1.1482990237521318,-0.20765717552548388,-0.5051303368205375,0.9565860739373268,-0.07854929392643235,0.9448201756615034,0.3960351665284106,-0.8271648112554691,-1.7409857624648744,-0.5569040759771943,-0.5033269318700484,0.05581783782565999,-0.26939958562804883,0.2860418552009791,-0.34159153429398953,-0.6755885377399805,-0.9523835939374374,0.3581066493855976,-0.22183807846746204,0.9644457523723374,-0.28910285002693387,-0.6594488737687337,-0.5919779774209724,-1.1206807954834792,-0.9691956275534754,-0.2797280096071238,-0.13128080693351682,-0.9620030046996249,-0.3281221385277128,-0.576519229316345,-0.10231136596260916,-0.4198171695367644,-0.6198299754377785,-0.39711384079261897,-0.12208569711272493,0.05694509001717362,-0.2901311814571164,-0.6168149603504596,-0.929743583959384,0.8238891851840945,-1.4238708400017457,1.5770825692721926,-0.4282826508532419,0.11718726625731264,-0.9756786056115786,-0.4711732296789986,-0.8259733864577907,-0.08925440733908785,0.37940469660099574,-0.025145869164632077,-0.5330427852679468,-0.4477380849837003,-0.194991163142876,0.41582043494426313,-1.197813849763885,-0.252616747708807,-0.7544999701826843,-1.1694278824011073,-2.5332957414273287,-1.4503047436970207,-2.2971036680147505,-0.8727490308735482,-2.137565342859881,-0.09822535540716763,-1.2715617598092748,-0.4139093852722804,-1.0986904957913652,0.8013364464657893,0.09561908121886352,-0.6498926816371984,-0.14759065824555445,-0.8416517033888158,0.3635216961136862,-1.2964845479607396,-0.3639669511976465,-0.9671493855076685,-1.4076293381907616,-1.508118056317035,-0.7617560207082102,0.19376422818843958,0.0187913781401605,-0.3434612239571178,0.9559208840025647,-1.7637490446877035,-0.12403306238115668,-1.1029270261544788,-0.17017958912294281,-1.4375723771459612,-0.9856276391740267,-0.4355605848187617,-1.674562249832353,-1.442833151706136,-0.6954050584258739,-0.0758495590328701,0.12003618299657814
0.03978680403553419,-0.7256720276167378,0.16779377482003263,-1.0315279821327354,-1.6253366312087218,-2.0694838638957664,-0.6340096394285434,-1.9354533404518792,-1.2701266384664152,-2.108026242292198,1.2343283301984977,-0.8495303616242341,-0.8763396659164037,-1.8041223223384704,-0.16971695968107697,-1.1979016197841845,0.1705842120158385,-1.3611133745586859,-0.518467025985471,-1.1999416088162975,0.6873479839000036,0.7534494078128382,-0.35874854393897315,-0.5866892620186523,0.8670394678821091,0.032248872629857026,1.40962951066379,0.6298080203694809,-0.8170037266587192,-1.8804692086589414,-0.7348093453784865,-0.7101220542000368,-0.06707965051861162,-0.3471967563692752,0.290531178738569,-0.3449162626376806,-0.3961287378124804,-0.6613129037570937,0.08716702150640238,-0.3704073462617559,1.3730975145891458,0.02986592199012109,-0.8989701395698542,-0.7787524742691679,-1.277519260521818,-1.0411340302062828,-0.6175042067268417,-0.2442624179224482,-0.8860508329594771,-0.20909844259487315,-0.35795534952329283,0.14131270680649627,-0.5871235494184192,-0.4670944328592076,-0.6468824973067013,-0.27286325121561555,0.2084159686116172,0.02391692033959708,-0.6888695296771015,-0.8161129328908454,0.7578373255338356,-1.3214173305643646,1.910700835451869,-0.05275890186522797,-0.00794110968757883,-0.9680299097376889,-0.5674006969958135,-0.9019125195183717,0.08394907839466224,0.5869199123165503,0.2608381441027186,-0.5240099706043109,-0.5403153855865365,-0.009843764956281907,0.12136294034077727,-0.7517645535847308,-0.2968056882579188,-0.7364150452813336,-1.0895549999460146,-2.571904459360864,-1.1301069671028392,-2.0061750505758873,-0.8837658261586924,-1.9670527277861227,0.048435181123587474,-0.9234401028758837,-0.16375533184902533,-0.9319934833743478,0.9379876317998163,0.39819067114535517,-0.8920411769913923,-0.310378444726384,-1.2755447695103708,0.11311391681288015,-1.6032271519372436,-0.47318134153945024,-1.068403128887336,-1.486555627678166,-1.8438485180193538,-0.846397571209586,-0.14376011863400137,-0.31201461969390215,-0.09635188599905455,0.850300046575504,-1.581416103847171,0.5878976626872398,-1.0763945104249237,-0.5066445575191612,-1.1729427222699438,-1.035810521448851,-0.6196911736833812,-1.945673404436272,-1.6640814865472457,-0.6740148709974711,0.5123489715890646,0.6523908481107834
0.20414156236215458,-0.30414723898326096,0.017418787030342178,-1.024823759963718,-1.8786851372905617,-2.1585317627837837,-0.7600735111355068,-1.8906187526286513,-1.473642037403649,-2.2080623491974083,1.4097903911372323,-0.4424917778948111,-0.9250109742235488,-1.6221762202816308,-0.3821875476997548,-1.1559176452378397,0.6966690097833378,-1.3119040275448208,-0.5867831173523747,-1.307859857210001,0.49717060149280073,0.2518783991542653,-0.5560760447200168,-0.7063229367084166,0.6265963707205481,0.08022530400453338,1.6525516416338792,0.7449578254934828,-0.8283106616006033,-1.973244849340153,-0.909109657608193,-0.9181596734524893,-0.29098294230337735,-0.4965986697101685,0.18976999014480492,-0.387032098574562,-0.06532315901158603,-0.38381338443898094,-0.3045914019303566,-0.4785348491515435,1.7428028521907084,0.43107100840999085,-1.09782129021293,-0.9441581228499584,-1.3738951237728825,-1.097635459935774,-0.9649391906076344,-0.42583164245952776,-0.8168906643618126,-0.1389359055844263,-0.19160268401419164,0.2921100157703948,-0.7649229265862127,-0.3673446364482775,-0.8924176327723444,-0.46372355821077804,0.16141336561096223,0.18229517346924062,-0.7794088406838063,-0.7113573077514652,0.6336319876474236,-1.1888910324855848,2.015909951590687,0.235077742342271,-0.2104757663507531,-0.9607440455859262,-0.7145067891286225,-1.0013981602148014,0.06580864203398397,0.5477526845310614,0.41075961731075844,-0.5139599864446971,-0.6489490208045899,0.06812042679685869,-0.21383476789396325,-0.3518688555082178,-0.4885611730390235,-0.7408752395195143,-0.97375134846742,-2.512985571552329,-0.9069036410450864,-1.66434652646363,-0.8542068399475343,-1.656747385024952,0.04092282009039618,-0.5986040376499481,0.042155179890135994,-0.7436045893568253,0.9977729423183852,0.5825748058476207,-1.1324001087135616,-0.5461229777892829,-1.6037061787433815,-0.24944357477205648,-1.7588900150734317,-0.5844896020998969,-1.19043183933008,-1.5075094530066964,-2.066824392543659,-0.928587166857778,-0.44023370016188235,-0.7337063535330444,0.2439029475719107,0.5968678588851082,-1.2506614833680523,1.2522200461248083,-0.8483118355633298,-0.7930726701366732,-0.7767250333773359,-1.0100677815960581,-0.7905615601265409,-2.115399042820971,-1.8362662508122107,-0.7047024884518517,1.006587262782532,1.1401033802017617
0.31402472582440877,-0.04419286538356492,-0.18484107134356761,-0.9870713305996396,-2.027366491348226,-2.12030910329688,-0.8811274568099448,-1.7512135647308973,-1.5778085532751187,-2.179929808053309,1.5455034500638447,-0.036435519124295136,-0.8595438896288079,-1.332901317199572,-0.6511973821613879,-1.1228124210257115,1.0268762873486046,-1.2646296921636546,-0.7982375984622345,-1.4698281738172618,0.14937933252445,-0.27320267725484204,-0.7767008842831196,-0.8453957379081443,0.29579822724877997,0.07626611459070425,1.6658961572972408,0.7657864824155184,-0.8708242119308868,-2.005599223226484,-1.053146219115826,-1.0932241388584654,-0.5780037467996425,-0.6911866553448469,0.013686297554380342,-0.4521552779783075,0.28922335683802475,-0.13873353604792943,-0.7263432147821225,-0.5181803634872642,1.978323494856487,0.8394819119362471,-1.2133575780055126,-1.0544120443824356,-1.3951390505321775,-1.1237870363677038,-1.234311601822904,-0.6226354290710581,-0.7287220425630481,-0.08856821645757235,-0.05259366886550279,0.3693678093190575,-0.8753760317160877,-0.3058226761113964,-1.0618390300878584,-0.6354220527234424,-0.04282582739600458,0.19492373574192934,-0.8325807936999479,-0.6079206396797164,0.47297832646408466,-1.0622404919311959,1.8707167196647754,0.3654798340811021,-0.4621144454424289,-0.9466778380166173,-0.8729779871661029,-1.0998480282498337,-0.1196546232143185,0.29260768493296235,0.4295934232769163,-0.48109692188761877,-0.7775745365976143,0.05130471421362704,-0.5548378585726925,-0.03491954076264506,-0.7797337371354446,-0.7386446186662755,-0.8196289538578724,-2.340924754782158,-0.8318607954504843,-1.333795770894745,-0.820103963834632,-1.2661370623502635,-0.1208266745674062,-0.3493754549510675,0.1522862055630926,-0.5514549356518538,0.981377610086685,0.6287099533099877,-1.32492715867238,-0.817757732848783,-1.781927935968394,-0.6570730191810605,-1.7414157700546264,-0.6459025154470883,-1.2764662773514226,-1.4343468482936352,-2.1150675062102735,-0.9782496415580544,-0.6582268678915357,-1.1749507614548604,0.6532683930344195,0.2794629446155648,-0.803726140058083,1.7937271893202669,-0.4260534264968054,-0.963764511854612,-0.30781917121690644,-0.8839637676572972,-0.8691004431674714,-2.126818145440574,-1.8986375982630965,-0.7279349256810027,1.3812321365620874,1.5565493563448451
0.3734970564122601,0.03629920407080496,-0.3991729424455745,-0.9069762063298521,-2.049180304027104,-1.9583176879633166,-0.9718923220344668,-1.5349955280684342,-1.5777422707905178,-2.0351437861670463,1.6092585057153457,0.28354247695235335,-0.6828204509002161,-0.9903013755716216,-0.9558581995991329,-1.1225712452712318,1.1499237313357482,-1.1834891518633088,-1.0987192388978537,-1.6436972584192473,-0.2616197712624082,-0.7331603487585655,-0.9902100388879076,-0.9756421798455901,-0.04986358685227405,0.04314205443025976,1.4935887038801776,0.7441171332280364,-0.934048182186135,-1.9594013643572847,-1.1445968758884375,-1.2058154692860354,-0.8739392134885798,-0.8919214478994667,-0.19135680176419484,-0.518573038517208,0.6409783201482223,0.07420380617378315,-1.0739780944288708,-0.4634488749992973,2.0051617709395955,1.1813965648562548,-1.213474634134683,-1.081883501102617,-1.3249560595530587,-1.0929234235462837,-1.3452204208812812,-0.7738131773903493,-0.5849137945221793,-0.010698679635608976,0.09972032672896557,0.4191301925877116,-0.8469924471087802,-0.25346266836381603,-1.0860856844735887,-0.7251704595456336,-0.3213732227826971,0.11138577824705143,-0.790915659622608,-0.4855265630245722,0.3113498445245923,-0.9648530747387031,1.5140434437446808,0.31709552350306114,-0.7163501006408567,-0.9099999116218609,-0.9972246629762924,-1.1649928984037703,-0.4090385762564531,-0.10159222751972749,0.34729095190156156,-0.4089626455954741,-0.9135710662757792,-0.01801407078325177,-0.8585850293793136,0.1793876723105244,-1.0893898762525835,-0.691682198009641,-0.6289057271483076,-2.0513919896012274,-0.9076484236351587,-1.0502192208103356,-0.8014219704175253,-0.854965442956266,-0.393431994002546,-0.19485711639077968,0.14703441575487644,-0.36174464737353607,0.9101817557839529,0.5513498827311827,-1.4276732421995078,-1.0762582823975224,-1.787600316184183,-1.0278970378081755,-1.5581219437827358,-0.6109598497689065,-1.273995940013456,-1.2423435858196645,-1.949378633652595,-0.9629991004309253,-0.7699979984126407,-1.5484853752741414,1.1000054045408219,0.0027567091146897516,-0.28035717409036015,2.158602011442754,0.14347673343507286,-0.984573630588549,0.1647107002044516,-0.6476477735497023,-0.7950406040133962,-1.9454882057288534,-1.7969439603157724,-0.6755737098188028,1.6353823903170617,1.887607014338866
0.4080533811437951,-0.026894027573786873,-0.5832309599466335,-0.7775187013931375,-1.9361101452152811,-1.6888703215541672,-1.0096006648584395,-1.2654961182334716,-1.4812951182090637,-1.796769069663957,1.5851366845920278,0.46253887126401455,-0.41018406029865995,-0.6421967375639986,-1.2543092673376506,-1.1557961849894778,1.0980252625915894,-1.0316837948873645,-1.4064490720080103,-1.7713556345930603,-0.6228059366565291,-1.0492019762797118,-1.1643222789047958,-1.0654063115779895,-0.3359227440578209,0.00873913275896935,1.2178258676198666,0.7418945400915742,-0.9912728261612969,-1.8186731935173215,-1.1688844741244644,-1.236014884352332,-1.117717414540981,-1.053677861262881,-0.3722537472332024,-0.5610264978470462,0.9678447807247285,0.26858080972817744,-1.250481931893858,-0.29689631664893684,1.7930316939998308,1.4044819464147886,-1.0852195627959709,-1.011709138710471,-1.1505132991413995,-0.9748935898671044,-1.2447345745775744,-0.8253073207256065,-0.3512060041178201,0.14349753906156712,0.30700908254134923,0.49733372786581415,-0.6340726115189635,-0.17658975188276216,-0.9159470782645653,-0.6824568805772234,-0.5696400550012222,0.007564393550087827,-0.6122202198756487,-0.31947538748814264,0.18993092842863749,-0.9027265712206679,1.0390722085580417,0.12298050046913966,-0.9176353446842591,-0.8307773525521888,-1.0456250154976663,-1.1640751551486754,-0.7149426075225199,-0.5297545008764409,0.2116107932189132,-0.2905342471047035,-1.0266115519298606,-0.07973596023370012,-1.0742980111948657,0.2907022758811736,-1.3221945082739603,-0.5632931104565359,-0.410656024258349,-1.6556441917944258,-1.0891740808036217,-0.8200281347099531,-0.7972455615078455,-0.47186101524143526,-0.700472136323805,-0.12054835776001671,0.043040051627717554,-0.16988637026236608,0.8214456548106323,0.39673320523254335,-1.4105413474874782,-1.2700845382999946,-1.6231869823585303,-1.2816871313650862,-1.241481622379319,-0.44916481971048833,-1.1478222506462938,-0.9269486475055304,-1.5639040745991624,-0.8569948047924202,-0.7609119490186346,-1.76644440053431,1.5462729302625493,-0.13204638209432473,0.27353853036813564,2.320731792679434,0.7814350075078399,-0.8577941386799269,0.5760784109170636,-0.30894275680110417,-0.5431527422804225,-1.5693492882175841,-1.5009168052925579,-0.4907582212140638,1.7846710252814595,2.127142967895084
0.456850250342602,-0.15619336468878556,-0.6997376786841031,-0.5987992770296675,-1.6969077210906753,-1.33961096720544,-0.9775744294440186,-0.9679943228177132,-1.309374694018366,-1.4975120684176284,1.4768294569784872,0.48562122104765426,-0.07088369690249137,-0.325579672126512,-1.495001034451334,-1.2024863307066345,0.9368509301473184,-0.7827191251497749,-1.631122786423796,-1.792594633670965,-0.8310853006317634,-1.1668540848431803,-1.2706771123508076,-1.0869985924733563,-0.5043220444359354,-0.0019642332306441398,0.9364523318310263,0.8112147249461732,-1.0078468396106173,-1.5766335598390697,-1.1208790172249625,-1.1763875979708995,-1.252344708210253,-1.1330875846934458,-0.4801829949926179,-0.5539385994608138,1.2531198509272765,0.46159686755368423,-1.1871316420485467,-0.01660047783386979,1.3675611548920639,1.4909857318458495,-0.8399740391632124,-0.8462336355813229,-0.8691487848601261,-0.7475504845593863,-0.9220168225271334,-0.7428569583864328,-0.00946407690641104,0.406267328097386,0.596651996364448,0.6500712760349754,-0.2299869768993248,-0.047208256892608755,-0.5358775712049901,-0.48256587180010485,-0.6868192280915906,-0.03436056399282712,-0.2825514878651818,-0.09055445841753715,0.14594358762911483,-0.8641861501744826,0.5726000998238334,-0.13782788431227966,-1.0135385285210623,-0.6918280053385956,-0.9894324614100236,-1.0716758969592912,-0.9461631240732796,-0.882151024477895,0.07745438829192315,-0.12968719067152196,-1.0732181142070156,-0.07302962619797645,-1.1485611066410542,0.31588897961981416,-1.3910096146412427,-0.328500683389687,-0.18213829142875568,-1.1817858205275618,-1.297023516746024,-0.6266003165065575,-0.7881443524920988,-0.1474078492881321,-0.9511281744931683,-0.08732628412161121,-0.11213067394117406,0.034642534261076,0.7593371718991526,0.23124211451337276,-1.2606936653640655,-1.3554837687812569,-1.3145947990983213,-1.3566791930539746,-0.8396186987727229,-0.15364574283555987,-0.8885342138991765,-0.5081483289746825,-0.9901357559715434,-0.648863814735988,-0.6302468253521796,-1.7577626585901922,1.9502679031825005,-0.0515857956917544,0.8076718614091213,2.2828667547593184,1.3920966375464023,-0.6178896120058768,0.878331517499439,0.10707228995051568,-0.1312208286583264,-1.0321630654704945,-1.0169293102121668,-0.14558415107172087,1.8499522242562394,2.2719501727283453
0.5606211019440025,-0.25452746128655573,-0.722543121853569,-0.3791277004738544,-1.3559831892935026,-0.9454357845360023,-0.8670396938191639,-0.6652202568442146,-1.0926132068512702,-1.1754861718780112,1.3059710765403998,0.3779470439033783,0.29451727842167597,-0.06469147222591821,-1.6301049918016302,-1.2298448396031103,0.7487794229539928,-0.42943442580505714,-1.694561174788439,-1.660053482139683,-0.820297535210033,-1.066471402253758,-1.2892086148345236,-1.0230252268011186,-0.5245388585400883,0.026367447370637197,0.7372409553408678,0.9778230507533358,-0.951176428329912,-1.240977033121796,-1.0044980714087626,-1.0322314188906299,-1.2352383239574272,-1.0962002352484648,-0.48038958921949604,-0.47518279498349714,1.4847454754502347,0.6644294357088028,-0.8608814606961692,0.35852086449020615,0.8059893505974379,1.4602610591026206,-0.5133991013332322,-0.6059585248451189,-0.494551870168809,-0.4079572426881767,-0.4134593062729708,-0.5204795857732554,0.4321573219456706,0.7792770109528152,0.9702402271785636,0.8967635458884868,0.32906728666617935,0.1489786099152558,0.02896163221556067,-0.1341682157554879,-0.6008490218442206,0.052311617214941486,0.1781524551270481,0.20631851995098888,0.20376014940148532,-0.8238574125688451,0.24481215466928893,-0.36115029403014753,-0.9665378954435377,-0.4854798674409703,-0.8184297666753712,-0.8761706565367768,-1.0280532866121375,-1.0680448576200647,-0.004818301789439347,0.05999685128893746,-1.006469593548289,0.045938381081305865,-1.0351800945968335,0.283156158760343,-1.2382141683147694,0.017659931960013794,0.03333271520457712,-0.6723428079557918,-1.4398597826428141,-0.4426703731102379,-0.7441974904056678,0.107438258939448,-1.0621038302210744,-0.04645343872694707,-0.25306783068551336,0.26124663733833103,0.76409435940815,0.12486000872699371,-0.9846296097958287,-1.3050502439062959,-0.905220816767233,-1.2227036810819856,-0.40429462492195667,0.2557308066188354,-0.5147592682759727,-0.029139286420943915,-0.29325575386702113,-0.3463498292775144,-0.39000004924388343,-1.4840504883578887,2.269685554399923,0.2706911123541999,1.2706139256906825,2.0726242291860872,1.8821869930770254,-0.3199692896453216,1.0483794265998314,0.5616759229146173,0.38249007316305655,-0.3992226338812997,-0.39173083382213814,0.34811481010441964,1.8469435993382386,2.318464042557595
0.7482599466936083,-0.232413655431668,-0.6399208043373438,-0.13393943083987941,-0.9486959539910202,-0.5424430631001937,-0.6771635677594334,-0.3738138137383953,-0.8645125129227546,-0.867856782046361,1.1060138571205413,0.19537886322821046,0.6406023642824897,0.12857277551246035,-1.6269824601188827,-1.2025360258532856,0.6132148229691505,0.011618652268629298,-1.548064362569321,-1.3517568608449662,-0.5792536781772916,-0.7672491156939845,-1.2101534266318403,-0.8699489990668784,-0.39799813059304373,0.09597388355656014,0.675921121775264,1.2328694605013217,-0.799807422504506,-0.8357292729226471,-0.8304910362031582,-0.819241876969364,-1.0461311347521505,-0.9246763913512711,-0.3586619143190252,-0.3100191290262034,1.6540878988402006,0.8761652355076859,-0.30336396483247874,0.7876910359192709,0.2176032255787069,1.3601532138331585,-0.1596570814271255,-0.32655406000992715,-0.06004833295832776,0.020360192808802927,0.20311320190013196,-0.18248900795271542,0.9357341909698975,1.2279576123781397,1.398985020570649,1.221043067403952,0.9705108131589348,0.40865863690966736,0.7144255772889833,0.3210044196730894,-0.28701965082896563,0.30063435353689466,0.7189122017742707,0.557080197067565,0.3688010234460664,-0.7497750701200497,0.1567059036473727,-0.4456396560764409,-0.762389441565162,-0.21794486409755998,-0.5423167680923976,-0.5833341721772926,-0.9186831434128804,-1.0343244882155327,0.00043419178476728404,0.2584161959537909,-0.7887794254260996,0.29022045110821476,-0.7078383545281808,0.22411588341570737,-0.8505819159531578,0.45577439717939683,0.2109247756526634,-0.17834898680036182,-1.4395961379977458,-0.24436059847867161,-0.635477588089526,0.2982326235120894,-0.9772544779536414,0.04411552313893723,-0.31354468908947625,0.5113585649767098,0.8620744563387824,0.13356563663702958,-0.6068149277089714,-1.1125812666996115,-0.44743517926121,-0.8875446134163646,0.020180821007831518,0.7346392508641353,-0.0692251882096568,0.4504407609623117,0.43842992001130227,0.02371845485366146,-0.06262663739153165,-0.9503947399889207,2.4669044277781667,0.8051345218474664,1.6148282410411832,1.7344986565833997,2.1799003987110193,-0.024684113285484137,1.0901346113904802,1.0083493795174296,0.9118770993931989,0.24410526373770977,0.2943196604523647,0.9378494523780957,1.7804078940528512,2.262515679517053
1.025643532187935,-0.0328763361977422,-0.4547991713673796,0.11713859136176186,-0.5143078287652355,-0.16140880963106857,-0.4139741845707484,-0.10251684370663192,-0.6527714591415017,-0.6035896709724078,0.9133351726731525,0.008049834809392852,0.9257472764700984,0.2525293548974376,-1.474738498470021,-1.0926683378387714,0.5885077254102661,0.5015792831528827,-1.1828158933264892,-0.8782669075035863,-0.15562528067849105,-0.3235841073217736,-1.0336834270747626,-0.6381346188062867,-0.15513763684093437,0.19666295170102768,0.763487159526002,1.5349866941787416,-0.5494971946110443,-0.39898957907203,-0.6132709390311918,-0.5594145377032309,-0.6912623195636801,-0.6195884295694369,-0.12340638166491483,-0.05478416498526343,1.7553349206466693,1.0831001976063228,0.40173975081698005,1.2130433326161694,-0.28526853137039504,1.2502657363923668,0.15904949768426171,-0.05247492421858401,0.382905210693155,0.48687697614778136,0.8238431778134571,0.22129170752233632,1.4380424868926693,1.6860463076069605,1.8271905880426003,1.5719513288441973,1.6000883627373992,0.7115557951166301,1.4277805101051175,0.8162602586363664,0.22429935194655376,0.7000370880054451,1.2678247249714936,0.9285162846482773,0.6254540059792021,-0.6119566111788503,0.35358266571534946,-0.3205574052173436,-0.41323040133999794,0.09009568834270527,-0.1880518453098294,-0.21643522843964275,-0.6175694163917502,-0.7754221677347797,0.10747850306823088,0.4431366240921619,-0.4045081581098749,0.6359615761964996,-0.17194952475229003,0.16597190342213824,-0.26418425058944855,0.9426936288774362,0.3298333521865694,0.2489296283806304,-1.2525282960532715,-0.022365385886714318,-0.4414471101641061,0.44089755886427867,-0.6802678304383121,0.2067173513061184,-0.2428997816696201,0.7741395140206551,1.0590984952502303,0.28505569595671576,-0.16550712460096925,-0.7934399400276988,0.006372190991771016,-0.39521735373843664,0.4040855713145826,1.2216240857375453,0.3899641964446144,0.8651072318839276,1.1086842860254842,0.4201756532611065,0.32153662812781864,-0.20841130637721436,2.515378042581414,1.4681532694419814,1.8029361482254154,1.3199006735957741,2.2489036154757445,0.21617755692977356,1.0308163170921703,1.3996042008188387,1.3626553667575414,0.8086299784116179,0.9430931215628088,1.5398746524693765,1.64470357745772,2.1019344991654156
1.3698972152526476,0.3522058897487242,-0.18251022370967263,0.3541791075011757,-0.08862567619870991,0.17735082108905736,-0.08909881645423019,0.1473875427216203,-0.4715749620987661,-0.3972509470778382,0.7579002576842334,-0.11891969342759434,1.1203339464407998,0.3125197294677897,-1.1848599219177305,-0.8873355581264861,0.69965995474005,0.9860396288997649,-0.6316033852958912,-0.28270828694235384,0.35569939905489256,0.1856479524131226,-0.7679857990392857,-0.3487984621345774,0.15365330593403836,0.3100988421821192,0.9655599836762361,1.8215491063364253,-0.2151274822131325,0.023051592333938255,-0.36787257082704367,-0.27643971276917684,-0.2031843706132568,-0.20229768390079533,0.196709103656866,0.28015763379677167,1.7859326419689994,1.2629832174387177,1.133609470514216,1.569839369256111,-0.6166140251458401,1.1825279243920155,0.3853122392255219,0.17145663947620005,0.7717545055452033,0.9212453466533016,1.3402474819470522,0.6259024349739422,1.8621619313557538,2.069366710670432,2.1829451868634635,1.875248005589655,2.12105378995916,1.0248233568730207,2.0646031080987552,1.2737342359527817,0.8528517764961052,1.197153503915348,1.7466175415574323,1.2734634418870356,0.9393451747892757,-0.3905533189361207,0.8119193649553567,0.03413471344151498,0.044808138968229966,0.4068049456697294,0.20570519818171576,0.18702519736884726,-0.1654308293328569,-0.33284761931951196,0.30722332627420096,0.5936317054066194,0.13120185673456744,1.0258724117362068,0.5284058582818227,0.12588113127827563,0.44179304542709863,1.4173485967326136,0.3781148608205219,0.5667804932158582,-0.8809948594240925,0.21277310929248533,-0.1567034358208399,0.5544827108210868,-0.19781032024986536,0.4374227973952075,-0.01773391493637961,1.026279752216919,1.3384965260842603,0.5713093110317612,0.2931211234065999,-0.3808842551328292,0.41132664335447366,0.18315329435983796,0.733826986755718,1.649007982481334,0.8006473503207614,1.1555444752242696,1.6299874609144558,0.7956512246664471,0.7268692191989479,0.6496290804452408,2.4056980861286967,2.135917316170785,1.8139664092339869,0.8775449149776127,2.0939448975103048,0.3697698439213773,0.9126704298823788,1.6936007043146113,1.653937482448558,1.2187077888556703,1.4595608612195434,2.056677607818997,1.4301002009980313,1.8405339852670517
1.730974503137739,0.87839941506037,0.1528502943588395,0.5607009696637095,0.3015887015406378,0.46618470979142784,0.2809838560749321,0.3795961238502322,-0.31768190922934764,-0.24588267861663068,0.655805826432005,-0.14270475521216014,1.2119364360579428,0.3173605321745974,-0.7869640110783436,-0.5924724523988414,0.9344691809245175,1.405331754157416,0.03779738249966598,0.36636212349794267,0.8368852198656701,0.672734995072855,-0.4269697453184391,-0.029132072271549264,0.4706512317083692,0.4161793061766692,1.2133005308989913,2.0253586219560122,0.17166565230666161,0.3844879681300234,-0.10787719947215829,0.008214325515775566,0.36384088514777957,0.28776031211826625,0.5587299065728257,0.6688904302461453,1.7477074135798818,1.3920069050856116,1.7588614647082566,1.799878473674432,-0.7373079699439125,1.1850553282539327,0.47871818680006023,0.3086483614472076,1.0444726319636126,1.2469677900371925,1.6617169389800255,0.9647652924905692,2.1335331448458135,2.2953579337790795,2.393517556557905,2.051898039142902,2.4533041145604333,1.3096396903336762,2.5284830641403846,1.620516957000123,1.4855277871152517,1.7073252110368373,2.08612132023499,1.5401756012197692,1.2633928973344108,-0.08185779625483611,1.4435174837091918,0.580802536095416,0.5583486551742919,0.6953443190292655,0.5955228150668961,0.5811815634210735,0.3646458822841152,0.21501316324645936,0.5700802772912902,0.6949348570244908,0.7703241490520415,1.381870528879263,1.3117162246086256,0.10878474856153635,1.1608540640008773,1.8109185702677382,0.3554629316476717,0.7483000997870247,-0.37302953122807647,0.43221935866120215,0.2077682162873091,0.6544304109737095,0.40689670951563073,0.7070153688942783,0.3535403289027247,1.2361000915978797,1.663967144671084,0.949723850192772,0.7213905085913324,0.0802941166051766,0.7350286697686296,0.7635468702700569,1.008159218811252,1.9551528354854293,1.108133851163293,1.2795890310831106,1.9383374762119967,1.1058552399347839,1.1151790269948583,1.5049755871284454,2.1493195042939006,2.667162173949778,1.6480883109759712,0.44627223632561525,1.7570790379671,0.42596057119779585,0.7822076601317082,1.859676343144019,1.7361107730273386,1.4267131956001626,1.7721926487245525,2.3981892208429936,1.1321037043371314,1.4914150184064294
2.0404698245603328,1.458211921550243,0.5223583169118834,0.7263433710912247,0.6410446412927031,0.7087096360417724,0.6750994896688264,0.5991541750493029,-0.17210008888182696,-0.1303141857195501,0.605479499875779,-0.0538430015813902,1.2058670761014145,0.2760996256149146,-0.3219923218616774,-0.23270628656048536,1.2485491692820034,1.7057046601829973,0.7355685737554069,0.9875392774074114,1.1776153915074365,1.058437764613575,-0.028533238975357634,0.29289847330191565,0.7438688492030472,0.49949159801568704,1.4225122188144537,2.0917563326617534,0.5683957681273745,0.6485307453449557,0.15540888670761868,0.2778232027326542,0.9422475730589772,0.7982076964541769,0.9137171678332386,1.070780440728392,1.647854778329768,1.4516757931989606,2.160306666974742,1.8645767320270743,-0.6610335625160816,1.253941565159125,0.42445932001774067,0.337606536906774,1.1531235370684554,1.3983216943521632,1.7340077173996005,1.1832554360016228,2.1965579210316224,2.303215786106869,2.4018735779132117,2.038798547351043,2.5482752560624387,1.5283397115494073,2.749218358127625,1.8034733625328732,2.001170379673653,2.133833769477248,2.2393742707772026,1.6837046738545236,1.5463198376315177,0.2990245462836475,2.1159686270348357,1.2319489251204396,1.0660418724069738,0.921137641862002,0.9401146110474127,0.9191974179247233,0.8824503237948301,0.770102514803463,0.8529179869747149,0.7404260802897532,1.4378898970803067,1.6239993074177008,2.0696782833550245,0.10894412927104312,1.781013263051916,2.05962500011337,0.27347428389898165,0.7866023746130231,0.18918509846595208,0.5961567600108001,0.6270592909474033,0.7474784275356706,1.0478373298179362,0.9685306589157334,0.8337092507093093,1.3707608069790507,1.9862338790427931,1.3523614034615783,1.0761320175015483,0.54120238980795,0.959559755786961,1.2651339768494074,1.2311107274992952,2.09566506901892,1.274851542823977,1.2202624492837963,2.003447302373241,1.3176788258623864,1.4486876106699424,2.2324916164514312,1.7783752590723994,2.9310795419614326,1.328549163703505,0.05178458373885309,1.3061565519968987,0.3948542848201713,0.6794860034315846,1.8823490872883837,1.6006037366786854,1.4213396433028547,1.8475315447006326,2.5014000242524173,0.7600562918721698,1.0778689088582283
2.2256808207734555,1.980824425446851,0.895784519614048,0.8479551355524869,0.9248967697513888,0.9152670112474574,1.0675188091466221,0.808913660508292,-0.007324806406991311,-0.02104862002836749,0.58841115464904,0.12148846077200177,1.12106929785409,0.19573592065019638,0.1646171760407857,0.15243112032195988,1.5775036348527443,1.8488556818716833,1.3662436129909106,1.5017084265803755,1.3036149198733102,1.2873353009538226,0.4063089331872157,0.592893675515854,0.9377251458272009,0.5539676387618679,1.515766537342394,1.9915011281142527,0.9297977960192939,0.794762399929634,0.4127963304442212,0.521448920986221,1.4621523739163933,1.2712299003178882,1.215882378422225,1.434573030898301,1.499026622634669,1.4332193957848125,2.2629812193545686,1.7540872855123166,-0.44488336188021743,1.3549727803230445,0.2362122994966622,0.25557860145954,1.0756567895156046,1.3361361059201442,1.549612143072953,1.2493013595120817,2.0276219747274045,2.0692665686511407,2.1804594947630913,1.8061271272840829,2.3966551805080285,1.6507495160268002,2.6956411036684504,1.799676300085716,2.2971369446633534,2.3898981897213245,2.1899451097742864,1.6764935614050887,1.74183609714857,0.7192932828721209,2.6838309706935393,1.870283845159219,1.5084730709311913,1.0584494925307109,1.2062706825652245,1.160984673400872,1.298885231301374,1.2348231423680966,1.1086189518587468,0.7336634128730353,2.0451041511185597,1.6908986823621117,2.6858568726433125,0.114412043944185,2.2077456989303457,2.117711783493544,0.1538874462951271,0.6954783268345803,0.7086168908473779,0.6645511956144038,1.0668955229994999,0.8290601843554178,1.6336536740298575,1.1689184269480721,1.3658248750907562,1.404475432395799,2.2518231570609384,1.700886063220225,1.323755958421159,0.955987116711717,1.08076480347084,1.6248948619523247,1.4046681726886288,2.0514865100128006,1.28661749600384,0.9896985117488418,1.8326400059517882,1.414410658231278,1.6932526561259769,2.722936447799395,1.34116562182092,2.835186642475615,0.9000547340905938,-0.2921654982646444,0.8191786238319836,0.29988163365855397,0.6298601670900876,1.763734975241453,1.2796796895389397,1.228081476254917,1.6953480673278212,2.343613363524423,0.3417627966542268,0.6312791367715319
2.2256989135337646,2.336808392284898,1.2444546186330727,0.9290385449205488,1.1550594391124687,1.096702718334537,1.4289628295013062,1.0072150839670808,0.20181733897688695,0.1125323044827739,0.5742541637123642,0.32845109025413083,0.9829272874461784,0.08049740225370686,0.628027355143601,0.5151476852871018,1.8530549400890064,1.8181558109871871,1.8455654464472937,1.8465216926310333,1.1956684412526073,1.337951515185254,0.8537360890636814,0.8528542300899224,1.039225935020071,0.5844508468248628,1.4419297917319087,1.7263934775015428,1.2163518963309308,0.8231922547638884,0.6566284284264411,0.7338265532838014,1.8631572468438182,1.6524934199858026,1.4309597414194737,1.706061352686809,1.3181987684371137,1.338550518860943,2.051080099358941,1.4899103954546393,-0.1688449428144526,1.4343120593141891,-0.047417378307912414,0.07828202768899714,0.8224018495159738,1.0582002952548335,1.1478895627615948,1.1588208597312297,1.6413723164611294,1.613546029723099,1.7390465182604031,1.3666282988910246,2.027800156367139,1.6588975728343076,2.380564681932144,1.6205420106645507,2.3113236121079908,2.4179456428148383,1.954249926419915,1.5154892658708061,1.816653830790667,1.133078508215701,3.0221542198243685,2.3754513254823513,1.837075288014144,1.0948821053095859,1.3732243309488747,1.2800476302843176,1.5433828778430643,1.5307337855092633,1.2962573225804221,0.689053038414993,2.506742834057522,1.556513790265137,3.058548051322546,0.11298841424814586,2.382970434511215,1.9678362919878372,0.025728962541264146,0.5069762404320396,1.0957350926636762,0.6086883764269387,1.4887321460477387,0.883921451450544,2.0848047901060585,1.2617562302566734,1.8855182343957,1.3254789957079145,2.4121597265897874,1.9235635296223983,1.444091223803476,1.287790242523431,1.1054482301138735,1.8079845267162113,1.5241846372590258,1.832468763393259,1.154746045053762,0.6284671950486276,1.468086446803308,1.397388773403605,1.8215812635425024,2.9030719251813806,0.8942057431208337,2.3476568704036653,0.4234304933830119,-0.5788590964495135,0.36876654611474846,0.1692056067795695,0.6399070144206761,1.5243884487577641,0.8372719275413035,0.9022205592196184,1.3635782973075403,1.946444541483511,-0.07757177940941196,0.18671566008431456
2.0059623057745535,2.4420399138286752,1.543462894623036,0.9778321079307347,1.3353375372005256,1.2585096358003294,1.7291012452933796,1.1874177482226904,0.4670350592893874,0.2920216506303573,0.5291153443946645,0.4981269629129136,0.8154924279536767,-0.06699629936709964,1.0268664137698398,0.8078070954919595,2.0193348438216456,1.6210406497180736,2.115175528782242,1.98749096715434,0.8941890742755921,1.225480630951489,1.2874291656695827,1.0623001181712406,1.0585706385846483,0.6047346073066745,1.1883517970063504,1.3269065720940056,1.4014772681581709,0.7542748409849965,0.8802325597435869,0.9144669825670196,2.104825225735522,1.9001007326957773,1.5422057447155428,1.838470131971867,1.1245353686072905,1.178210440773797,1.571715147049654,1.1202790270105,0.08878663135761958,1.4348386878006643,-0.3719348496416337,-0.16399001906936503,0.4351547629009999,0.6015320200534345,0.6053405490911861,0.9351511509458117,1.0888996626138936,0.9961099527707769,1.1248590752894938,0.7744494236646384,1.501706656068642,1.5497147364475645,1.8572053575422025,1.3091187991362336,2.0347911781662322,2.2017306819123506,1.577841638571234,1.2239833246868626,1.7558424963144883,1.488717934289841,3.053939131108089,2.6506855171007824,2.020752158237229,1.0330291635204834,1.4350957279268577,1.268331772459089,1.5771388099282502,1.6121966380364994,1.3897333886724268,0.6308507130796887,2.758699840925194,1.2386144788390527,3.122509351062654,0.09793425641673299,2.2958770876379355,1.6263335920547568,-0.07794212096002624,0.26682177435337845,1.2892149570095293,0.4209869708594301,1.8544738329117638,0.8902998473132517,2.3470167969563795,1.2180777377585588,2.333308356385329,1.140000219721968,2.43142021769488,1.97044072841319,1.4327856621998973,1.5130044209154878,1.0474017404950184,1.8120939514493568,1.5783455118551115,1.475802209827557,0.9138701187985419,0.20026680910061934,0.9783411695663066,1.2843230289508936,1.8161365229988418,2.7495187608324083,0.49263169266219575,1.5090516064868493,-0.032999732561757956,-0.8020834968302388,0.010287207606955943,0.028158524751810972,0.6980516468482715,1.2023092218626377,0.3540432157660978,0.5163634191873013,0.9251539450974683,1.3702349494957275,-0.44200228184497314,-0.22227318330913473
1.5680935470235362,2.2559251650575125,1.7732814662640475,1.0045257103738414,1.4670027797847338,1.397286821197925,1.9404917497560878,1.3392236228450263,0.7787449488367522,0.5217369696261129,0.42500894643163767,0.5662516296066209,0.635570165545799,-0.24293258028523854,1.3244876546152633,0.9917185578312765,2.045721346753799,1.2878580828148152,2.1529186198849772,1.923888094224269,0.48828745181859085,0.996542931160041,1.679329576810398,1.2177346207843134,1.0242108593723118,0.632552877628206,0.7829607328637447,0.8432832215153929,1.4758835639989554,0.6249357438794293,1.0775682904130688,1.066178666422685,2.1736539776373762,1.9919418995681584,1.5526428165260502,1.8034064329444828,0.9367905880798023,0.9676991515271822,0.9247060270141844,0.7095669214145425,0.27274715671036565,1.313532933050838,-0.6791456581968441,-0.43276083901665613,-0.021130053609833995,0.035899511872593375,0.018703994774335594,0.6230790887706428,0.4485094642577437,0.3044541774823181,0.4150092872419208,0.11402970415912148,0.8959927147387948,1.3356154943645973,1.2083037557071816,0.9312516314437254,1.5126899589871514,1.7690381494252796,1.1266614960172905,0.8477572023906401,1.564657284471238,1.737455735736689,2.765417991702713,2.643408934563406,2.0492510444127734,0.8891907587489672,1.4011449900094828,1.1381480519103098,1.3998432725600911,1.472821534587248,1.3829242486385145,0.58984627624933,2.7714324515813575,0.7967932812209221,2.864127007545168,0.07181352715717791,1.9833012951920028,1.1417450944960745,-0.12366405684205543,0.028448737497363,1.2709486344660172,0.12094623279922362,2.1305845473797866,0.8271531706166488,2.3987535313224853,1.0330646369155791,2.6640919899389974,0.872304917239116,2.2920046409474013,1.8234358104285604,1.3019809275010075,1.6234839491513882,0.9233460482251103,1.6653326929502394,1.553738863866718,1.0395166303890435,0.6159122670482153,-0.21760809509830012,0.44608339235224304,1.1050493359911293,1.6715173125494844,2.2934693361415373,0.18109086626626691,0.4299377162142844,-0.4042464159153792,-0.9510504670624416,-0.22442565442100676,-0.10538257205833323,0.7791942236584251,0.8495427067457905,-0.08924929002298998,0.14560666486692764,0.4608534408418118,0.7009603622210606,-0.6955388698574495,-0.568158163546214
0.9527164744788821,1.7906792851118123,1.9207388628694504,1.0182257896082612,1.5461539162034699,1.5007271381734166,2.0431666180497623,1.4511789682437968,1.1042538829481003,0.7848400453393669,0.24800279157522392,0.49145866631285845,0.4502032915836448,-0.4388531751125808,1.4898653987659989,1.0446298863524408,1.933391823556087,0.8677372876244532,1.9769243147613142,1.688579366790511,0.09239969492956533,0.7172591882105595,2.001055684962752,1.32072500416626,0.9735485748519733,0.6828450739473847,0.28615732745324723,0.3330954141111063,1.4481871897594631,0.481415584324734,1.242993885483981,1.193107808409434,2.0848600301845237,1.9298571540786729,1.482822612710769,1.599439882049934,0.7708117467309731,0.7238193359915215,0.24097906316059725,0.32447432445343444,0.3633145960511383,1.0551892846391164,-0.9194665592783752,-0.6886906060229926,-0.471986338419853,-0.5498419587172696,-0.5149784024578515,0.2791938040249242,-0.18863023968283926,-0.36440116284383933,-0.29705763677672414,-0.5178792914162955,0.2911946129060605,1.0430166231082354,0.530606725030313,0.5623840550849643,0.8340183159053052,1.1851559740591509,0.6749741525320233,0.44648412495142936,1.2667064857103234,1.8421350498814175,2.206581637661933,2.3557138243804228,1.932802639553247,0.6896362306231824,1.2936886915907577,0.9206014476453227,1.0489083571694513,1.1442360205804842,1.2901217340713065,0.5974575323529716,2.556039163811872,0.32028502089840183,2.3260304187171688,0.04725638429619363,1.5198597025359488,0.5865121516902728,-0.08206644018375747,-0.15401216681603713,1.072133267895316,-0.24449264702323373,2.291674538490478,0.6827441571293053,2.25183015705437,0.7273673160048122,2.852115916714085,0.5607490020773301,1.9969725833433112,1.4993332484717885,1.0789166155132235,1.6264462429281803,0.7498245205187307,1.4184310038899606,1.4422817850918623,0.5921725165846047,0.3211331715158301,-0.5470181861756964,-0.04561594527980251,0.8956387628731723,1.3961518044498955,1.6151980984772196,-0.012974036589499825,-0.7264769821181618,-0.6399552425550731,-1.0096490872620825,-0.32763334489291535,-0.22196131520213933,0.8518394750555273,0.525845651055491,-0.426319239612247,-0.14640696639980771,0.04284144770127783,0.033282210499447816,-0.794403236207533,-0.8323124227271025
0.23419784597376814,1.1101880573769485,1.9793519974271507,1.0243651104014808,1.563658730130633,1.551189485076081,2.0286547609259964,1.5134968089135363,1.3929243702260605,1.045203481888131,0.002766299675282185,0.26818323645724346,0.25781367985520526,-0.6390902419648413,1.499353019152713,0.9652403242175547,1.7140618427209875,0.421962077656262,1.6421867374297008,1.341749581208058,-0.18322132903864435,0.4575865133313449,2.2260109751731023,1.3751541718161933,0.9415530418878798,0.7612220694601668,-0.22490089447397776,-0.1511389905832066,1.3417628621272824,0.3702754740519476,1.3710723728214447,1.2985325960638128,1.8783296503856128,1.7395013605982357,1.3644775028994485,1.2555476510030772,0.6375423773145179,0.4622666182452627,-0.3452430607699105,0.02043049161061037,0.3772595496912328,0.6787223085218721,-1.061477455589683,-0.898281272883871,-0.8490083979043956,-1.065432413649747,-0.9168439227714553,-0.03917537068104702,-0.7348389490457552,-0.9226857860580241,-0.9182166395480931,-1.0324222106640548,-0.24235845070621742,0.7089859396976325,-0.08192109845193798,0.2725220561839959,0.11311144398171025,0.5393345838440977,0.29215493343559334,0.08234274537066895,0.8990314635698733,1.784413656858421,1.4779579829391822,1.843056663090443,1.6982482210553955,0.46534282798284166,1.143821229519398,0.6605022138784633,0.5915583081663348,0.6882024493273734,1.1416641680210486,0.6779218700075242,2.16152374494907,-0.09153293682777515,1.5997644067448744,0.04415047001072926,1.0005302150619009,0.04344963350803984,0.066395291357472,-0.23367248456133874,0.7682549125000252,-0.6072222382189026,2.3235325037835444,0.46193139453450643,1.9457034723341167,0.3429880471272314,2.891181733143757,0.25061198571231563,1.5693280283902344,1.045342608626007,0.8022588151523558,1.5419761105842318,0.5417503880326123,1.1331141203922659,1.2485873641668088,0.20069242982856147,0.08765188095141489,-0.7231426559674027,-0.4262444372806191,0.6918088936465516,1.0130827386633063,0.8294017047711362,-0.08236704345973919,-1.7742028797363987,-0.7138882660879461,-0.9613274450350834,-0.3118423557587441,-0.3182972590642062,0.886017853035089,0.28953156543899716,-0.6151834346825996,-0.3178290872648616,-0.2773548552678111,-0.5462063309551324,-0.717994447796623,-1.0061109328479647
-0.49213201236414117,0.3187434591980564,1.9491334341062856,1.0232395502217289,1.5078407826483986,1.5317409965881126,1.902308125018963,1.520440022788642,1.5873074724775573,1.2548809422036473,-0.28786968643430855,-0.06959359988077737,0.05215425294704556,-0.8206295254440508,1.3399879308201899,0.7735080732933461,1.4410954063941412,0.015294399680219548,1.2294664830845072,0.9593316778896325,-0.2603362015167455,0.2757939643192979,2.3321671944743487,1.3845053244465793,0.9502973657219209,0.859735213312327,-0.6750344159731648,-0.5710661573397171,1.1887021773129687,0.3291962916279875,1.4565347331871275,1.3829434887276475,1.6094869486739933,1.4656530787305564,1.23166661737831,0.827832775564617,0.5417479510050772,0.19694969744382404,-0.7240533839014752,-0.16860792861520754,0.3576624445770056,0.23420426589312127,-1.0967197329789031,-1.038821459077817,-1.10356416654192,-1.436979770147068,-1.1394717722873744,-0.28422068513415444,-1.121073266573605,-1.30738955549001,-1.3720245902768442,-1.366192998924582,-0.6536693582709141,0.3763713400709748,-0.5529000667762821,0.11230589458549801,-0.5328064551251637,-0.07234310565591937,0.030652958011462218,-0.19173934024159062,0.5052487602231867,1.5691629751373106,0.7074608155742507,1.2018739250960122,1.3826966733411228,0.2463831978438723,0.985533587828904,0.40842047755265987,0.11144313947821556,0.18415827067776566,0.9759428472282841,0.8404496110650707,1.6639927089887665,-0.351363714975676,0.8081242338448232,0.08369117401234678,0.5200983179140307,-0.4099890946172703,0.324939003551938,-0.1793660052736088,0.46253734201648666,-0.8907413325324749,2.225208792759596,0.18935644585503625,1.5372117207670417,-0.06519449136132675,2.7911782037530415,-0.014769666051230443,1.0485820686853982,0.528608754572475,0.5163498368425358,1.3984284509244769,0.3127037016093944,0.8691587750666564,0.9942231309982548,-0.0811911792204884,-0.03878164533117206,-0.7074392984127096,-0.6481110651903597,0.5226539045728715,0.5594390583110096,0.06428568741189082,-0.03913385073765748,-2.5410762937989984,-0.6292074713791037,-0.7983141247999975,-0.2035365484169645,-0.39315510794783215,0.8604629920008529,0.18671258832246004,-0.6420320406190103,-0.35365849211999084,-0.4745003506023266,-0.9721798906926659,-0.4758562117774748,-1.0905315660688666
-1.1279073403106925,-0.4582638293728577,1.8361443041490306,1.0101628468108144,1.3693892407704147,1.4327675739414572,1.6832742511641445,1.4717951076963889,1.6375521043721049,1.3655122801425328,-0.5882892793662756,-0.4553140470769069,-0.1724170095884045,-0.9562453530522901,1.0141501746496548,0.5064887173680206,1.1750970833155752,-0.2939846413576741,0.8280997700467544,0.618019372050758,-0.11170345937039193,0.2067904389741843,2.305431631639513,1.3501574956401887,1.002378686470793,0.956620238512284,-1.007576589539802,-0.9063181872298474,1.0224641852120944,0.37929984206977313,1.4946895379408331,1.443123016110296,1.3371631924640361,1.1637408171815333,1.111904695480904,0.38969943095607135,0.4816178537922215,-0.05924918502777009,-0.8312664323972512,-0.23483202077113524,0.3560159815321558,-0.2087456223431189,-1.0390511546468708,-1.1009846647165984,-1.215455331279195,-1.6210054442288016,-1.172636293060971,-0.4253687164814356,-1.3081550580998806,-1.4896193041555954,-1.611598726886858,-1.4922225786575303,-0.9151142551246518,0.08792787445279733,-0.8339233507619214,0.10306834693578172,-1.0052620696108794,-0.5639432192748601,-0.08272855446630413,-0.34185421054522735,0.12824287034569823,1.2250571120768017,0.02287019878088013,0.5489881172945444,1.026369919448534,0.05712291724836776,0.8492816046589371,0.21121715364375657,-0.3074892581748902,-0.28519588200929424,0.8299514178435143,1.073906678699223,1.1505309045421253,-0.40372684271327997,0.0812544034633133,0.18071509226777407,0.15438570717520916,-0.7160400706551378,0.6748627012507261,0.016474239708539704,0.2602018014367403,-1.0275154367295896,2.0095153356028654,-0.09334094748263846,1.0883938379678628,-0.4402600960449948,2.5728677687754717,-0.20252996618882593,0.4854387401671999,0.022426228346755634,0.2641156368636562,1.226531663081192,0.0763655975317593,0.6727757915161197,0.7167733819527916,-0.22141735929715048,-0.03286069988749188,-0.4964074016565186,-0.692510854661425,0.4057912179382662,0.0840069383239173,-0.5614302453182478,0.08985405277865671,-2.904182532674173,-0.4178676954075913,-0.5314890831293285,-0.03644651770542558,-0.44311372058747606,0.7678003560128952,0.2412085881930107,-0.5193681099361811,-0.26506987075549915,-0.5489647238784836,-1.2082759627596307,-0.10866371711848695,-1.0946686831453811
-1.5908441722016744,-1.0978714705366883,1.6520562119171533,0.9773287163439696,1.1472577089003464,1.2571016670079966,1.4020528705032387,1.3732705696712124,1.515430729161496,1.3408814320761546,-0.8588171136965491,-0.806062010752239,-0.41597526067954016,-1.020555740189858,0.5443991487334809,0.21067534957004524,0.9678009743694802,-0.4638681613977243,0.5163074303900196,0.3798699921755123,0.2333441679571073,0.2567643483967156,2.1432495506403697,1.2713965608771676,1.08019083181364,1.020642301944332,-1.194489735431092,-1.1527204640391209,0.8711259311805386,0.5206359374511554,1.4824994722259213,1.4727635617240515,1.1113679090287572,0.8892909242028594,1.0198493693735897,0.01744228244600445,0.44942187172815773,-0.29305835532604685,-0.6593663814236724,-0.1950566011264477,0.4123910783101021,-0.5780298433130369,-0.9191741777548803,-1.0889728246730306,-1.1946379162598917,-1.6117927338017124,-1.0410446876294686,-0.4533317284364211,-1.2921506488387713,-1.4764901951390628,-1.6265981367029838,-1.42230000860009,-1.0217208092315644,-0.11987885191056415,-0.9093339797834662,0.23306760473943974,-1.241110890210799,-0.873223043227039,-0.050652960056676286,-0.3589929991347281,-0.1960952262337708,0.8009519980273578,-0.4738712273157416,-0.00256052058786239,0.6663826544006902,-0.08688584474318523,0.7563145388591449,0.10287526388140864,-0.5965046346444699,-0.6475694201350745,0.7308841914826493,1.3462629530275443,0.7017457523182059,-0.23755991580926952,-0.46808176951647756,0.33657472222783413,-0.05265320450995337,-0.8463454625954536,1.0733580078131342,0.33253656801569786,0.2392378836071549,-0.9770653984259263,1.7014991158477504,-0.3362462687075264,0.655284097443563,-0.7339458324448422,2.262920617497944,-0.29635901104064294,-0.06441841257455483,-0.4074776313997266,0.07982098325263655,1.053397536628879,-0.15203592140035657,0.5685555864896318,0.4633714441300203,-0.21326700860771655,0.10592540254589371,-0.12365803692463836,-0.5709822581748508,0.3449204951560765,-0.35763421848164706,-0.9590414129026917,0.2692519938432733,-2.815824469588712,-0.13388887520593196,-0.19628268487644607,0.15418751106104886,-0.4600180379506871,0.616815463477902,0.4477837785257625,-0.27990008488215284,-0.08381701994985763,-0.5212193969657718,-1.2489271902377772,0.317447920054517,-1.0335734581244826
-1.8303979660937961,-1.5022934107529484,1.4137769652378065,0.9169596860983913,0.8537419722700429,1.0221160696231455,1.0960734077624974,1.2358768252972776,1.2242593949225835,1.1674588518873938,-1.0651697270965808,-1.043726483861354,-0.6697955823023852,-0.9973987907552466,-0.023464427828577997,-0.06712070031421555,0.848895977420391,-0.4761541009554252,0.34396197552457103,0.280153461677353,0.6975589523049269,0.4047535893242706,1.857686487019753,1.1472269958454262,1.151311278780098,1.019276969246921,-1.2380823597000379,-1.3162459650302298,0.7529278918907505,0.7321021566886412,1.4202202602820413,1.4646407469925107,0.9638752422190371,0.6875731520855359,0.9553308992969699,-0.22551203390034155,0.43337735377191094,-0.48961330923914465,-0.2562432697405774,-0.08377706041482354,0.5403858649985951,-0.8165916204397524,-0.7759040750202496,-1.0183641606838905,-1.0758020291187362,-1.4404573135289411,-0.7952200911712212,-0.38000721014884514,-1.102982268722167,-1.3057876947946772,-1.4430876234222056,-1.2006779504188376,-0.9870416682314567,-0.22255291483143944,-0.7954171704301903,0.4608157231095041,-1.221059124817765,-0.9694944733461881,0.09651272557917787,-0.2598775326168956,-0.4429596113213715,0.3584511789510945,-0.7249738365841789,-0.36568805211703653,0.3326991742872705,-0.179871132642953,0.7150097204586063,0.0976249166522223,-0.7137245133703782,-0.8517053217871533,0.6908667266243321,1.609677957816266,0.3770964118794215,0.11134860052633087,-0.7647885799784274,0.5351440969818658,-0.09368480647984412,-0.8051259787255369,1.4570366237782135,0.7183028240236243,0.42592538731236607,-0.7396296386985608,1.335048070261777,-0.49356636461111925,0.28013123760857955,-0.9147913006577154,1.8905153198613083,-0.29859518622203457,-0.5466317442964138,-0.713533361458472,-0.01691892220569647,0.8977513006716822,-0.35540210116328497,0.5563938981809037,0.28029121662762024,-0.07377085916488027,0.35346018227623355,0.34574600138800554,-0.321563829402513,0.3303680494553194,-0.7104480676752376,-1.083920846429366,0.4617069259562074,-2.313563743517935,0.15798225155076986,0.1489251672671085,0.3356019358341868,-0.43134904455036965,0.43128212166104163,0.770794162312158,0.03157835280602269,0.14651916954538552,-0.42377596868494877,-1.1162440595128627,0.7222806370897573,-0.9258632734466279
-1.836067315355732,-1.6160040746804634,1.1429152910686868,0.8248920687216553,0.5168037904823444,0.758153841403297,0.8040720706887972,1.074493103328627,0.8018703801067352,0.8602183199598067,-1.1859336394321247,-1.1152219318912033,-0.9158046612290193,-0.8861584114354356,-0.6212691208439625,-0.2878743113803179,0.8197641099387137,-0.33957835123828983,0.3226062083333945,0.32162894631507905,1.1758039415283317,0.6100537325459948,1.4769360624832764,0.9793946306484941,1.1784688605501128,0.9286965167415924,-1.1649513044255777,-1.4052737718673076,0.6750549674956656,0.9762288499998931,1.3131193414921367,1.4137602674208982,0.9037468907949541,0.5857481246632157,0.9061550597495466,-0.30193914643909675,0.4206453906371695,-0.6321255580669235,0.287426267063759,0.057237472674843706,0.7222206173528888,-0.8952036362243241,-0.6461939872420818,-0.9119456996767628,-0.9073512354882854,-1.16590736522397,-0.49795445029817154,-0.23432052376147208,-0.7965997187107374,-1.035019705834848,-1.116503758216054,-0.8912533866554848,-0.8374002851053103,-0.21175220466935124,-0.5349015988273108,0.7248528198346664,-0.9690514950358456,-0.8550695674015596,0.30764457709294335,-0.08256943989934055,-0.6001146398227212,-0.038104942585758,-0.7241421032214365,-0.49438581025433365,0.0466880352383652,-0.22468752098905362,0.7200845559808914,0.1871042255502789,-0.649604552827681,-0.8734223282173834,0.7058990836880589,1.8103013966077366,0.206102835308237,0.568717503450983,-0.7833589162066484,0.7440101165894434,0.00553269605460012,-0.6255256230857873,1.7521208087538425,1.1004330619863285,0.7833960542046635,-0.36050714494192887,0.9484027842537083,-0.5358133475817838,-0.011610899913602308,-0.9720102914967819,1.4857308754823815,-0.22786536703371116,-0.9140709994660282,-0.8718330488944659,-0.02449508858857424,0.7674799298792445,-0.5161083306229437,0.613792820925143,0.20154847533354714,0.1621732706240863,0.6655625077631896,0.8277677095108804,-0.0007409311941076326,0.3425238749162054,-0.9288928431322134,-0.9404891841984742,0.6329179949378068,-1.5114873358565981,0.3954722947609274,0.4328368946411748,0.47977282740660987,-0.34365019920573725,0.2454009386392923,1.1490437116792962,0.3661147695997978,0.38021257297047123,-0.29276462587490465,-0.8535163689235583,1.0263663670837582,-0.7915226122013079
-1.6365908405040448,-1.4339122317067483,0.8646991796919883,0.7035525475304365,0.1782770975526815,0.5036660390200104,0.5602573537454711,0.9059297434807343,0.31546870527566095,0.46218751173680045,-1.2162788982833443,-1.0062002085776776,-1.129025258772288,-0.7047140201218586,-1.1647889985065192,-0.42539579570105585,0.8559151069825122,-0.08731955303611728,0.4255699558830351,0.4766844819218172,1.5609681464992438,0.8232809076102492,1.0442636057433001,0.7755987807557357,1.131293707544763,0.7428225911279076,-1.014844065304042,-1.4240740454952494,0.6355184342010598,1.2080063749499304,1.1725956445207113,1.3205155251073886,0.9185636484079847,0.5892430097651611,0.8546737829835186,-0.2083074799257241,0.40090212109407675,-0.7028173703829702,0.8590187365488469,0.19010269011563027,0.9156470645888298,-0.8171064476821853,-0.5559782701390839,-0.7940002856129327,-0.7377762327052074,-0.8597285454767002,-0.2094893163154906,-0.054745981416507314,-0.44243711079534204,-0.7276040300596529,-0.7194015844717228,-0.5618168319581472,-0.6061113046220569,-0.096999597298718,-0.1880862452222526,0.957827381230282,-0.5436771149013468,-0.5611712820239534,0.5215550949953803,0.12218526553031461,-0.6671312965766758,-0.33234496052028895,-0.5124083498039763,-0.3888507266204255,-0.17807174332905265,-0.2299515286380893,0.7549556456401383,0.3425678416811069,-0.4255590700842275,-0.716591680807498,0.7588659741346886,1.9004171904722336,0.186718110996465,1.0387983765649877,-0.5495754793329375,0.9213993870046777,0.1962129959920222,-0.3603441446055991,1.8901418236844805,1.3960177348342329,1.2182991288927372,0.07763110776622885,0.5795366411192788,-0.45769692026607417,-0.20965139656945164,-0.9145518958808039,1.0789413871547,-0.1131074448201564,-1.1320627278547155,-0.882110143204266,0.041042457959330085,0.660133601093953,-0.618662661815166,0.7028877222440251,0.23977823776622237,0.4500072713382532,0.9860491007065142,1.2360587938091887,0.3274901704927552,0.3573947572608742,-0.9857260980398315,-0.5774752626100376,0.754605981970371,-0.5744836101871189,0.5308598685761852,0.5876561941416645,0.564710551224458,-0.18781363865724487,0.09658337277439605,1.5062284706467421,0.6769239505671126,0.577950757830456,-0.16071833097168858,-0.5169309548405635,1.1661201041549285,-0.6501218261690331
-1.2909910522396213,-0.9998584688165214,0.6060135266756324,0.5633694004080657,-0.11223622951594663,0.29822107706236284,0.389310171150405,0.7468342031680426,-0.15071434330283728,0.03772620208844119,-1.1675171679232899,-0.74472886326338,-1.2825401804424044,-0.4875598819203429,-1.5655598711814196,-0.4674424063797393,0.9169447694946865,0.23074778761872494,0.5979628133669758,0.6963830877804134,1.7693088749330472,0.9984722146353738,0.6138542500982072,0.5517645844232488,0.9966022860882037,0.47874930334677895,-0.8281457890320105,-1.3698737495240645,0.6270017665683527,1.385635921009194,1.016086229355719,1.1928390436805196,0.9806081687087029,0.682994214825469,0.78597977064119,0.025655388887808443,0.36944904462964123,-0.6852906353745265,1.3482792772215455,0.2898191893606771,1.0697300444853162,-0.6140516001557761,-0.5136990662077637,-0.6839345760697562,-0.6031590341840286,-0.5886133264884559,0.02528082562077353,0.1200329944915943,-0.10904079408331516,-0.4395394146406841,-0.32678361085938196,-0.26950676689233943,-0.32873067181576665,0.09574747095698868,0.17794207676100884,1.10168562777401,-0.02458125425355124,-0.1403760671745735,0.6792560039668922,0.30190792622708973,-0.6533074172075536,-0.4851531224342412,-0.16502567602471022,-0.09071369007371033,-0.33359989885145686,-0.20619537460930734,0.7967716741650809,0.5219814548985662,-0.08676428848714698,-0.4096217487302268,0.825389836007015,1.8499094698400433,0.29017049618206436,1.4256270427459872,-0.13238574550851961,1.0273233575980503,0.4201638523656513,-0.06942589954516999,1.8258151081345262,1.530640920380324,1.6049872412220654,0.47360724470266746,0.26206333581170405,-0.2790672994889942,-0.31412299916403935,-0.7661423375048594,0.6999352814981983,0.01416716878917353,-1.1826955005341622,-0.763240060074904,0.15042863512345409,0.5663487351550422,-0.6526069090203327,0.7806073136980725,0.3819267760151605,0.7438374091253289,1.2569163471660065,1.4991922517015857,0.603468360062282,0.35299199476558435,-0.8784689351952663,-0.0750996400760694,0.805653487586444,0.3182484399824542,0.5395895142130317,0.5675180942795472,0.5758526860293806,0.03591931643992437,0.017006033074071253,1.7651824719648304,0.9238357683078552,0.7128640312593949,-0.05131553271305768,-0.166735700718646,1.1064052874925105,-0.5193602676737195
-0.8745389625510209,-0.3968474084431831,0.3924468174333527,0.4219891008754861,-0.3066196734338551,0.1749773443185841,0.3030952527231427,0.6117266510819921,-0.5121454489745544,-0.3390140159661915,-1.0633151905141973,-0.39429824682755865,-1.353743600713648,-0.27903108947838984,-1.7464253176890279,-0.4134374617637088,0.9603426977507464,0.5590435370737025,0.7733469199439108,0.9234622589504748,1.7593533040815035,1.1036140246018098,0.24370318419297518,0.332365445854426,0.7843084314254856,0.17659058788151014,-0.6355658163871176,-1.234510987909449,0.6409765026973376,1.480302270054157,0.8653928850945113,1.0465243675317886,1.0559392840326864,0.836880694733545,0.6949895895217169,0.34522251913112056,0.32867081688798594,-0.5682266525802461,1.6697397484391772,0.34871132574232433,1.1432332233695295,-0.33612827973041576,-0.5079968610220678,-0.5906820054113782,-0.5192022745908034,-0.3987334273266594,0.18480855372164626,0.26022503080796744,0.148834197838457,-0.20965555645866124,-0.002229119898714795,-0.05093963734837743,-0.03973027460204084,0.32868304880765,0.5004248898829361,1.120415314012998,0.502425095909888,0.3420990070871016,0.7353570863749866,0.41315719829436615,-0.5752878155037323,-0.4807009596919824,0.226123581806592,0.3289346124293815,-0.41509503587370467,-0.16202735264809304,0.8228907953684865,0.6804634590423403,0.3085742531486677,0.0012112819403945975,0.8806514752408839,1.6541949780252059,0.4700920552480333,1.653005174148179,0.3716696332396216,1.03562211766754,0.6235421125937312,0.19345150423989294,1.5522180320653947,1.4571195435907431,1.8206981603014216,0.7332088787816756,0.021858135829925428,-0.038726792300943835,-0.33013326964676065,-0.5581284049649973,0.3756944745549725,0.12711664576919435,-1.0677854773562967,-0.5463057961369026,0.26902754804361534,0.4753279765589192,-0.6144474578822731,0.809671567122244,0.5909114961793462,1.003106878418112,1.428951780136775,1.5747172829629772,0.782425547142378,0.31504134041949916,-0.631621143606142,0.47233079825750796,0.7723075242642782,1.0113097202858528,0.4240571199005101,0.3634947853665782,0.508176705024161,0.31539233500106184,0.025867939768706702,1.8632522696635223,1.0764050573800357,0.7733982990627325,0.02375601553164017,0.1413499997701266,0.8481798170704774,-0.4136249767607549
-0.46348916507087184,0.2683997211406736,0.2445581121880418,0.30117538462151416,-0.36844412053937725,0.1542352091649486,0.29956196452238026,0.5113064094864324,-0.7011113250022535,-0.5979852272343968,-0.9339497175124859,-0.03826830408922908,-1.3301566118307753,-0.12303873393628365,-1.657534838393663,-0.2704863668673457,0.9544031589868517,0.8475357005234346,0.8920976904736195,1.105510567900362,1.5402803332040862,1.1273159341800825,-0.013623234206424029,0.14808135780212675,0.5270617268865421,-0.10690475452777437,-0.452549890213032,-1.0099685296892322,0.6704686556166262,1.4821822597131473,0.7434053587779188,0.9032539611410972,1.1135998935149396,1.013554984685379,0.5898508273223526,0.6842774392181276,0.28702264042714737,-0.34989445867549196,1.7784163961857427,0.37512745682031673,1.1187706704218285,-0.039273284182304864,-0.510383894056818,-0.5096296952591473,-0.47973593009805227,-0.30603748068321107,0.27247568513832415,0.35147228918249096,0.2989283788042069,-0.05537588705428203,0.21239424278536065,0.08120344798013004,0.22958454922373436,0.5590929503755566,0.7306734355858081,1.0072958486087646,0.9584850296195655,0.8166503172287382,0.6664471758811632,0.42984236575062024,-0.45496939820102855,-0.3281232714796717,0.5700706449193824,0.7847928523485583,-0.41949397552223916,-0.10140568354497248,0.8170430533475312,0.7814089018738258,0.7007584988715704,0.45995897132624913,0.905224633817111,1.3365694420206047,0.6731664902056884,1.678381398275089,0.8577410267503203,0.9428655463551172,0.7676290266358502,0.391246505986939,1.108140562360929,1.1696808129327894,1.781267813246369,0.7942205805222662,-0.12569050715976726,0.21655623995102036,-0.26401321715412346,-0.3223286041008002,0.12655385413810294,0.20838904762655508,-0.8098880288925183,-0.2675103492274569,0.36616278571463845,0.38071190992523224,-0.5078777880245864,0.7678706639974135,0.8128436756034797,1.1966319693888356,1.4708761974775506,1.4569416058524496,0.8417427788390005,0.2405991502662173,-0.29362191971104645,0.9741117672355623,0.6484048786691288,1.4033183052858846,0.2121248521843182,0.010282240178649557,0.36860177835422214,0.6275518238408445,0.1243323560708509,1.7655252736982006,1.116342942937986,0.7630402650061192,0.065835286694524,0.363888009627999,0.4297270969564611,-0.3423362706010713
-0.12188601620603644,0.8836862364520603,0.17394846922817614,0.22188645887705488,-0.2815265377413623,0.23934585681401288,0.36383243937830106,0.45105098533699634,-0.6802140792533662,-0.6866644733479089,-0.8099673841874919,0.2401891696759757,-1.2130675343059745,-0.05182740996552888,-1.28889254955282,-0.049784378813580075,0.8861560836191621,1.060317697268348,0.9163195093447644,1.2050260354945481,1.1682220245593211,1.08007885161198,-0.12088619453242357,0.030642485570597087,0.2732855708741799,-0.31003170425977117,-0.2793308723706826,-0.695576618225205,0.7105289849723904,1.4009494093371784,0.6696208814500065,0.7863983971077741,1.1323611380179581,1.17637984825814,0.49017537670764205,0.9801994066700662,0.2555620669988699,-0.04241320659987775,1.6756213959542288,0.38692464301276314,1.0079698284878185,0.2257724394730831,-0.48270261086870375,-0.4235050984418484,-0.461599112291015,-0.2948568894321048,0.31170831548296785,0.3969852840168938,0.3345301458449095,0.025743036915463924,0.3019340138027676,0.1354057578077516,0.4524569002188241,0.7471997061397301,0.8407630505332999,0.7849589337958098,1.2813867604418319,1.2165567947514508,0.47502069783511003,0.34758358240640036,-0.3176082546935641,-0.05873530423713659,0.7910374179031543,1.1922072282589289,-0.3458930745579232,-0.02296032395518502,0.7733950881585924,0.80524594044213,1.0385338993553124,0.9092418905975918,0.8884662125054493,0.944190842346286,0.8488731119745689,1.4979464506965596,1.2315183139907382,0.7708065199417938,0.8344939493986699,0.509428911131615,0.5739884911367091,0.7088819849285172,1.4664327110548636,0.6436902710882774,-0.1778082045262624,0.4439514806860157,-0.1227812735767309,-0.08574337532675243,-0.038511006739514464,0.2515042169894497,-0.4506790166419597,0.03732709048725732,0.42324450698603067,0.2848028443548051,-0.34236445734039794,0.6534208017417458,0.9880879360050325,1.3038658226337312,1.375137919979688,1.1767074884216642,0.7835173011992407,0.13862847414011453,0.07122528386295134,1.357321192471604,0.43613652991389396,1.4621858783053232,-0.04922177758670551,-0.41818270822522824,0.17730430831204858,0.9427057998213678,0.2945229621091283,1.4726422949158462,1.0394577244782282,0.6973322910221035,0.08815598871123986,0.4759335141742595,-0.07905403607941898,-0.30821274766872153
0.10754807644034944,1.349562674465652,0.1800745764309096,0.1986394270281244,-0.05459583288614974,0.4156742384701949,0.47111045594040707,0.4301499823077272,-0.44925678259004237,-0.5804258819866253,-0.7162949142737426,0.3777568653236086,-1.017772449012646,-0.07671220394646637,-0.6760263848869523,0.23501205312316717,0.7622879886620654,1.1795796774487906,0.8375474490972847,1.204449271658057,0.7316903915997239,0.9898174752304721,-0.06473531473237909,0.005586161634895949,0.0751537818393622,-0.3806092407591562,-0.10579763039104394,-0.3039637766852436,0.7565142382231957,1.2607283237954128,0.6553329361559053,0.7153385576384609,1.1034158208422244,1.295491351766664,0.4203804513020623,1.1858675799330434,0.24303021904515912,0.32574470256514326,1.4041243380690078,0.40196581910828194,0.8464069588087166,0.420707471475734,-0.3879224606303873,-0.30760666152691374,-0.4339102261560856,-0.32489669105671354,0.3361818410070729,0.4145952022922479,0.27188216491276773,0.04999002217768369,0.27727307043466637,0.13426278393226396,0.6079718549967685,0.8632465563830817,0.8259845331263256,0.49846929881030566,1.4315590152742819,1.484515312645543,0.18846659325905152,0.18360279362413257,-0.18955327085795018,0.28033703345769445,0.8379812010411088,1.479180375807259,-0.19791697068658679,0.07824869713050571,0.6973405968169967,0.753376943874424,1.2858384663379094,1.29743945719285,0.8289203441920394,0.5384764074157968,0.9568421961992386,1.1430358762939246,1.424143445216606,0.5610723324618543,0.8268504819249733,0.5555817555903452,0.055804174146750846,0.1549096472268179,0.9269630275672782,0.32224823834532057,-0.14551085410497613,0.6135512685916763,0.083176249179898,0.1319446512290784,-0.12583962272258875,0.2590016075186272,-0.04624195742919201,0.33601402240850636,0.438167191749457,0.1994835768961973,-0.1308861001288663,0.4851512016370422,1.0636499298410278,1.3140185112895006,1.1589684252714934,0.7933198852568821,0.6320492561779686,0.02739473017546608,0.3944337779712085,1.5752675744941207,0.147189027523396,1.2229424278165792,-0.3037596273701406,-0.8237080668770576,-0.03355134147387383,1.2304484143789924,0.5028166979678261,1.0209494845723848,0.8566720345117802,0.5989416328225152,0.11243945075273312,0.47470686810637525,-0.5886729462169663,-0.30601377114853473
0.2077823842532255,1.594908476098446,0.2489101387261412,0.23468816653021926,0.2792238348562403,0.6526852014100983,0.5908766851493784,0.4409859515913782,-0.04429724891674035,-0.28798879834563784,-0.667525035665585,0.3456757824761376,-0.7701365063064767,-0.18340093894104847,0.1032140713685662,0.5671207462726624,0.603686777056733,1.204667382437811,0.6757799945719971,1.1059698874246633,0.3298021852118877,0.8928115042944593,0.1392850171700306,0.08462882350908978,-0.0253273292119206,-0.28971564510302683,0.08098832382462146,0.13678737536676544,0.8013403698631223,1.0912833346480084,0.6997421001312195,0.6997321787749979,1.0289415612806398,1.3509749086616203,0.40030273340466693,1.27605497727464,0.2512275570368631,0.7106206910191188,1.0344870738257044,0.42899598773778425,0.6806280876107856,0.5226990287859826,-0.20170234832404366,-0.13828781860195233,-0.36867605681714016,-0.34440868845312955,0.37790379012116787,0.42958187128953773,0.1431699842955908,0.039276738320507765,0.16973933043100467,0.10578162140955874,0.6826625630438808,0.8924267195292825,0.7028373836352989,0.2035475764786034,1.3949207977929448,1.578800775513081,-0.14640606405350326,-0.027509634626847006,-0.09502198324827338,0.6345751081823354,0.6893532490333806,1.5945564617457406,0.012926956209010363,0.20696087327387136,0.6028990385509042,0.6462860772104216,1.4247623734540436,1.5841480032540578,0.7322393408699335,0.18217085298465022,0.9713799624698011,0.6703008953870374,1.4011672086208151,0.36338114649457165,0.7629388966135279,0.5532285685250485,-0.3391179988802068,-0.38961749377224425,0.27164915524173266,-0.08579997714088994,-0.05310454910751141,0.7121783244743956,0.3358017421187921,0.3182657828666205,-0.15829816628520854,0.238691776210247,0.3406642534093706,0.6013927665782511,0.42460083479726646,0.14327383357158285,0.11211900323922627,0.2975905935645876,1.0042775671146016,1.2242225026680702,0.8603320101804061,0.38076336242281983,0.42702028349527316,-0.07052418797743157,0.6162857004159846,1.6099204779372702,-0.19645829023355224,0.7706337243014809,-0.49731557719209796,-1.1057497075778775,-0.22435402223318085,1.4652442408410096,0.706529106854293,0.4747404154368148,0.5933454523534308,0.49186511880338685,0.1633796626849393,0.37959562249839385,-1.0064861616914165,-0.3225164061606011
0.18740161932885752,1.5876242244982457,0.3543435285391717,0.319559933563968,0.6680966578232683,0.9087204826995966,0.6917900770370198,0.46956197682035117,0.4704173795832124,0.14900316398934596,-0.6649329890525212,0.15624506868493782,-0.5003453015718927,-0.33345153027529467,0.940669771871324,0.9247116924681645,0.43652369836004706,1.1475643834042741,0.47091272157377967,0.9273701163220237,0.0485754473284133,0.8226198220062872,0.44713766890122886,0.2599710729001567,-0.008199347404417412,-0.04098739004892177,0.28934932972572713,0.5859784366046178,0.8334584733969826,0.9185517590140836,0.7883111432088254,0.7355008993536325,0.9178752964450579,1.3333120982428655,0.4364433167007499,1.2476926894275,0.2725543795759235,1.0580668075700643,0.6465098311420333,0.4623282521233658,0.5520730012080001,0.5244300246733714,0.07841471366104047,0.09769922294992618,-0.24968672490179575,-0.30578203259064785,0.4565065250193272,0.4654931058284664,-0.012870534310482238,0.013256536593058157,0.02223790400466768,0.07548274277704162,0.672434510948006,0.8368721509287534,0.503534059180272,-0.04665329069972957,1.1832768883997364,1.4789505274122288,-0.47207582766683115,-0.24118075055701718,-0.05186693469530191,0.9508017645500975,0.3537835644276085,1.5126201725482262,0.2646561322491895,0.36315336198082343,0.5077104884404874,0.5165572316363575,1.455000362790894,1.7435810171902848,0.6079289615616368,-0.07371045631445777,0.8834641607218953,0.1492750638104078,1.1652617949024324,0.2209153314620174,0.6684700648667987,0.531981157014649,-0.5284313654884935,-0.822860901922335,-0.36147300561439577,-0.47358702886890924,0.0648431333415088,0.7420928337971922,0.6060407550760348,0.46630916345706985,-0.17220000882421893,0.19993502031166674,0.650498717310478,0.8119968449420677,0.40648811909307847,0.13534857379223522,0.37183803410548855,0.13229359031554472,0.8001341317900377,1.038104621476334,0.5297133997640423,0.01177972062038812,0.21416067204335074,-0.13409241496652524,0.6973338665293008,1.4695929740080316,-0.5629782807815358,0.21463136744497324,-0.5879312841055045,-1.184495902061174,-0.3552843832175434,1.6301131999241085,0.8624046152167085,-0.08738401795028908,0.2862854719678615,0.396102133352606,0.26179749787882517,0.22775786829173272,-1.254543266707563,-0.33827699280555007
0.0767984122886771,1.338840865767284,0.46253911221095284,0.4300141008689429,1.0510264407643268,1.1377079816458031,0.7466765663531681,0.49728788280337277,1.01534695507497,0.6622265135552663,-0.6957511080274869,-0.14017243999904636,-0.23572812800044007,-0.4719364286244588,1.7164687436223218,1.2795490737074633,0.28376625126946514,1.0271430247690334,0.2696546721491542,0.695978266137052,-0.05909156885301214,0.8001688504140543,0.7928948339378955,0.5027113383434532,0.11807417604284927,0.32729005722133747,0.5179552861366764,0.9975143120021265,0.8370939711079717,0.7578769674568389,0.8943037793222856,0.8041070394426547,0.7810243231486743,1.242122423702562,0.5171516599261092,1.1154891870613415,0.2909475582229345,1.313257931812906,0.3107404692267234,0.48254248129200333,0.48348465095078397,0.4330731271951692,0.42897623268698853,0.39594649304955876,-0.07753487940753948,-0.17936929503672908,0.5727607998693425,0.5358310740790521,-0.16037244472344425,-0.016094463377662068,-0.12079816584570316,0.06095832553447355,0.5843665526247818,0.7145997099258906,0.26882557925291084,-0.2126136927066641,0.832607529046207,1.190201691526181,-0.7306034207611914,-0.4120140019564351,-0.06714463173880228,1.184745414260355,-0.13246267357460498,1.2349002174003982,0.5247806356203188,0.5383546848703811,0.427344162057296,0.39902921068963926,1.3906838591715045,1.7658745154969806,0.46647317577982733,-0.19980253374202553,0.7007817906591184,-0.3493069525197992,0.7537038109802517,0.15771407637317977,0.5682182562264784,0.5172171221838847,-0.4751776380702862,-1.0666081435641939,-0.8406106260634927,-0.7378405033019318,0.1694479956082299,0.7165862723975098,0.8540160671701605,0.57285590983,-0.20965179652971858,0.1515825893109427,0.8373198328764349,0.9529622403328863,0.4096187236853027,0.18844225135958023,0.6330955744419958,0.027607969046030467,0.4696951712163499,0.765760806004611,0.21982263238955993,-0.25623482516143187,0.03575947241581284,-0.14880464089076242,0.6259426215908708,1.1838606735405341,-0.9130214284694609,-0.33785683131895694,-0.5527284822186197,-1.0192109055416971,-0.3945854059204346,1.717816158597369,0.9352224450498047,-0.5883658524617832,-0.021572770382083332,0.32412936939483805,0.41793597230331253,0.06563563381029133,-1.2852443780580936,-0.331188003150727
-0.0786126243204276,0.8999656184066048,0.5385670226568887,0.5345777437310343,1.3690694277490008,1.296822213366984,0.7369174147505018,0.5042484527214549,1.5102481490202213,1.1677538015643005,-0.735184323876283,-0.46682703746091714,0.004987253537458953,-0.5398564081076074,2.320292454952759,1.5978382877230428,0.16029335928033311,0.864501660429111,0.11199708351358113,0.4427836171192012,0.014855193299998857,0.8278853480923244,1.1007657250967666,0.7665462464651789,0.3176239804746084,0.7482819221991986,0.7544226825322862,1.3292783148545724,0.7953060899168195,0.6122602354584051,0.9836483209332487,0.8758702159792958,0.6275171503980357,1.0844569802547495,0.6137475627481684,0.905433917788442,0.2862419374516239,1.4325621111226188,0.0745728860108535,0.4631919725383314,0.47226230950585046,0.26956046617372836,0.803295602724386,0.7316839754934191,0.13002872483561057,0.03785736321285008,0.708127075504531,0.6391598567761939,-0.2736591182651013,-0.046271068804069004,-0.22254013880580628,0.06951296665734565,0.43757806750072803,0.5558331958782022,0.04102216588173289,-0.27474984189892115,0.3990985910548567,0.7453986614488828,-0.873815998900401,-0.5031259796792668,-0.13407215303826234,1.3064378432846093,-0.7106870526083019,0.7897692668011898,0.7538194822735318,0.7143741174501769,0.3707429032804581,0.3210333946150906,1.2557192508513464,1.6564951437414732,0.3179700391124693,-0.19282001984541944,0.4462593395444871,-0.7624268020112184,0.23209631189683488,0.17248222782242403,0.4796400761692368,0.5225632865876827,-0.19649807044171033,-1.0826305135461762,-1.0719807746668104,-0.8029512615420751,0.22569234434745458,0.6550585756866663,1.0339974082851944,0.6372682653842445,-0.30774904985548623,0.10213168458765233,0.8774293261936057,1.0174723197130093,0.452999925450135,0.3029764411586182,0.8797970331316631,0.00932907933921431,0.05740596303596261,0.4252700751599215,-0.024194823658738224,-0.3903433130321375,-0.07675888178732841,-0.10948996774663465,0.42010091303115205,0.7975194129478352,-1.2040310246052,-0.8023904602981151,-0.3903389854116856,-0.6175363693418998,-0.3257018477773442,1.7298802677787604,0.9050878708182757,-0.9666777375578594,-0.28803640371922873,0.280080263911823,0.6267533241261741,-0.0619534504717274,-1.0914259657554177,-0.2812397969554501
-0.2274146593241162,0.3529839008378983,0.5537760321349627,0.6007331899965033,1.5756927696289034,1.353924647439152,0.65550477724501,0.4735315728369686,1.887323324176212,1.580148668176089,-0.7513563277091247,-0.7382763104286487,0.21397740066025628,-0.48861097407528753,2.6706875569902664,1.8439199539856628,0.07274092784924804,0.6807165316483593,0.021079357103537925,0.1980496379417877,0.23275658079411607,0.8894402038657213,1.300169603169324,0.9963680215826156,0.5352983569031277,1.1397194596201392,0.9774318352580086,1.5516364294316962,0.6950975216252884,0.4759886174855401,1.022267864524554,0.9168377636288444,0.46369341881187726,0.873495770298199,0.6875171339339183,0.6485658160884912,0.24070993099864813,1.3946152211638712,-0.04421544656777514,0.3811770629018041,0.4927128202414667,0.06814143445704662,1.140483114822926,1.0627215706136321,0.3418536594675528,0.32060783381147884,0.8303636012492953,0.7589910762546139,-0.34106463985681773,-0.08245653732752492,-0.26031510856072315,0.09860655839852804,0.2622110247092401,0.39738271601640984,-0.14161553865197743,-0.23415034738724083,-0.04751965299170597,0.2030217085051229,-0.8719022390433788,-0.49402852985693363,-0.23214831208047554,1.3029727644117655,-1.3073397911491274,0.22980932512541014,0.9119827479181162,0.8652865986860127,0.33811190826129767,0.29543079716744153,1.0786688205414283,1.4341120655348079,0.17248971284629264,-0.07375785727466141,0.15526286792556707,-1.040569291367577,-0.31453379706781526,0.24105216769753007,0.410025902468171,0.5473534140117278,0.24173292412434608,-0.8786403801101729,-1.019487282496101,-0.6370802641139565,0.2109728185195639,0.5794229124139492,1.1035500580904498,0.6613629649479161,-0.4875084146957823,0.06130204312785658,0.7740482185729985,1.008085831328543,0.54260947876319,0.4643543451287889,1.0945504285300844,0.08432132396524529,-0.37349594502706107,0.04480594352732179,-0.17179157534871786,-0.38469461349588485,-0.1067773678459398,-0.020476157804967105,0.12288139373207795,0.364605636223974,-1.3961162049320068,-1.1282363070690675,-0.11911625794435925,-0.03416839632540697,-0.15138608783622698,1.67434209277437,0.7723047707535305,-1.1853123294376076,-0.47862731733348457,0.26167950935816314,0.8668293463422916,-0.12240519472993376,-0.7085602417625331,-0.17547878338975573
-0.3224800682694121,-0.2044011763209396,0.4919960062318185,0.6029485649657762,1.6440832940183616,1.2934787598190562,0.5081063818491487,0.39561476704511034,2.1005282282121778,1.8271701119314487,-0.7127338412405674,-0.8801517831919196,0.3923323515599771,-0.29316976725813243,2.728282470862576,1.986161133992398,0.022845544760416305,0.4968887993740908,-0.001018510624788215,-0.011268445858736072,0.5211857769119066,0.9548789868469298,1.3403853487233652,1.1397936428036095,0.7096126658623755,1.4209927309953454,1.161192192991482,1.6523781941797033,0.5327475352620817,0.3418826944879529,0.9841471667744733,0.8974831261611314,0.29429418940566127,0.6277561046738158,0.700499028024128,0.37637896586698133,0.1457071893847295,1.2071747060268299,-0.05590750288888432,0.2269787968089757,0.506177697722407,-0.12515429078923612,1.378647799000873,1.3374250752096353,0.5198671902766111,0.6204827895301718,0.9033775075427354,0.8682159602437971,-0.36482818280963525,-0.1332681154827591,-0.2286088444245382,0.138288664766246,0.0958286019343783,0.2758625243091639,-0.2489076719302337,-0.10878961083868403,-0.4335059067153695,-0.35949429426303714,-0.7192554650749369,-0.38556294158532584,-0.3315274017000721,1.17858837024462,-1.8436571687150907,-0.37357751465011063,0.9672892794298078,0.9624786648064474,0.3216685683749786,0.31816430125858053,0.8879378890148961,1.1273748602147884,0.04137054569143393,0.11906381317365868,-0.12853905748185154,-1.1511688950063816,-0.7927557618213337,0.32660636822590033,0.35743659572565895,0.5793077345857467,0.7423769709922873,-0.503168663676046,-0.7083379215430834,-0.2571490496038023,0.12147623677290502,0.5122410746762793,1.0344297333113808,0.6498268107027004,-0.7459854098341212,0.041356170758278334,0.5564862639206343,0.936758595460828,0.6691385334137525,0.6443357506580296,1.2590374064405887,0.23837618448961573,-0.7517973012078436,-0.3364396434801165,-0.21008128774849624,-0.25710906241352816,-0.05272876040046201,0.1064029481744004,-0.20768766348755835,-0.05737183288024765,-1.458651149139491,-1.2992935104575152,0.2275463304222392,0.639904003761123,0.10623463968293347,1.5631562364772849,0.5589490096958469,-1.234508850017501,-0.5719825658620181,0.2639955752983062,1.1035936138099047,-0.10262766827392555,-0.2084373224973175,-0.01198850145168236
-0.3311088252769854,-0.6762206031862138,0.3528909332751352,0.5293922373084664,1.5700397060113014,1.1196766472149768,0.3117518097721676,0.27150091083081085,2.129804829521655,1.8624254481447824,-0.596754667582325,-0.8466190174383508,0.5445031716636812,0.039316055652587556,2.5002841984934006,2.0033754751976933,0.011490682787509058,0.33512321704878373,0.028977165925494975,-0.16288152864272348,0.7891426554686009,0.9893264337144386,1.2011733556597097,1.1586867085672572,0.7870711237857981,1.530198758425478,1.280667071875191,1.636758551514443,0.31723520029007873,0.20898789515582109,0.8580017151306529,0.8007609757157298,0.12480150646851247,0.37026698000229785,0.6267442135736394,0.11804121080867394,0.006252453838549445,0.9073076594213954,0.009198460533152732,0.010961681971099837,0.47546916407948486,-0.2570487036303673,1.4689574398329397,1.5057152269123615,0.6267071792060501,0.8765676447239615,0.8982981595810318,0.9365104508052468,-0.35756615023205546,-0.20566484165749685,-0.13827064607032466,0.17472865215789815,-0.02276131039531709,0.22064377473430685,-0.2616240088022603,0.07261948408266598,-0.6928679614971789,-0.8569412701246115,-0.436684829160767,-0.2007262765090296,-0.40128889548661323,0.9523692199827545,-2.2465915706905477,-0.9387660250685828,0.9026642091313144,0.9815652902468729,0.30876310287203823,0.37068287001721223,0.7077666978915697,0.7710740404996569,-0.06191171869107054,0.33968635751588333,-0.3586387900181932,-1.0807678896030735,-1.1136838025852849,0.3938961854563669,0.31444121876663944,0.6007545013685855,1.2011485322371849,-0.03175464532338055,-0.21361369776823258,0.2773225129471213,-0.025893386191461868,0.4757290166763437,0.8218118808594421,0.6104645794948295,-1.0543962270672054,0.05653811445358827,0.2735565362756526,0.8226037152067123,0.8099831208503917,0.8061376950895313,1.3553202041004884,0.4385726824254586,-1.010932447902272,-0.6704141299246812,-0.14299831843988708,-0.041580929645694216,0.07448444895567807,0.25486333053209087,-0.512127613871212,-0.413348596077093,-1.3765089659209893,-1.327352876632959,0.6070696963652518,1.2945341880758832,0.4094961209919901,1.409985096589442,0.3064175760059257,-1.128977788008095,-0.5623476338941368,0.28340318714266005,1.2963014037572345,-0.010893075447717823,0.31447875302017103,0.19821241348900018
-0.24310687315038362,-0.9851560727746931,0.15157446671572064,0.3855087066050504,1.3701945911342601,0.8558812896834853,0.09122571613677027,0.11348040492142654,1.9802518223009244,1.673539405202994,-0.3977285015061532,-0.631676398074243,0.671321506134507,0.4678459242197672,2.03573157300972,1.8897481589120502,0.04058713000693924,0.21857768381071652,0.08277218204351408,-0.2402411585729916,0.9500603979755091,0.9626157792358595,0.8967070205415173,1.0377318373981357,0.7343312859049064,1.4372757948628432,1.3161957230403394,1.5231394655572483,0.07018946306927913,0.08737817179825265,0.6506748505694574,0.6271383350071831,-0.03660636099825679,0.126940870509121,0.460660154224237,-0.10118209311408007,-0.15804254615326627,0.5543740902571347,0.11237183926878902,-0.23660107573271189,0.37866833561443836,-0.27564174779768025,1.387183880801599,1.530441758826105,0.6332746495603848,1.0290641098525277,0.8025844966292418,0.9385052272576474,-0.3364869520448085,-0.3005433078346896,-0.012278368958102916,0.1941609366008189,-0.06126597327553557,0.24764435239644292,-0.17357809945648248,0.27693426531976434,-0.7795840959282727,-1.2105087570257416,-0.06937798983976887,0.019205825004763925,-0.41959457640451014,0.654131564257133,-2.459686772775402,-1.3854459849364489,0.7197847674392222,0.9093647136542745,0.28626383696345353,0.4263160145895515,0.5553931424602659,0.4021937531684672,-0.12253201672242611,0.5440975333970621,-0.49227405866991775,-0.8364222774447905,-1.2073082680544347,0.42226084141242026,0.272861487276836,0.5956493768345287,1.5304338036486131,0.4511940004776425,0.36126005112605436,0.878936958634481,-0.19718128836702234,0.49027566950874707,0.4886732528562669,0.5537557526067794,-1.3634150759791637,0.11997980463994307,-0.017492685308418975,0.6873754912324128,0.9345743852015536,0.9118605842590025,1.3679543247129222,0.6394695281576311,-1.101184952770527,-0.906430065254776,0.012360934868425643,0.2207372527908534,0.2554468055066041,0.40712617744535645,-0.743053178763481,-0.6570487346673769,-1.154689844292035,-1.2413272580827523,0.9734052280234285,1.8202434126309397,0.7118739259048248,1.2287600382383408,0.06856943791262626,-0.9017307415948008,-0.45864437073506686,0.3201351364644852,1.4070120777175474,0.12729006424605066,0.7613459055713864,0.4321273494541989
-0.07473175782658902,-1.0858239472517246,-0.08533075859414053,0.1935386402359475,1.0764329860663975,0.5402426142447397,-0.12616952514522956,-0.05692588122273239,1.677281157022038,1.284191711831264,-0.1318853695954275,-0.27177014681316597,0.7643974796124287,0.9237523214167421,1.4131112692026506,1.6566837253282138,0.11129421965113187,0.16918894450748276,0.12993525404409975,-0.23397976645883756,0.942389248667921,0.8572733002620456,0.4719059642881723,0.7880499542014473,0.5455314292913929,1.1504775535272802,1.2567586168287037,1.3362919648004814,-0.17800774209887274,-0.0020867022806262455,0.3862589797789093,0.3951341169749977,-0.17869135011417417,-0.07632663298432572,0.22003655388155258,-0.26105068283831295,-0.3162459573008319,0.2174140386713585,0.218099360625192,-0.47187419676619596,0.21758092053438713,-0.1423297336105532,1.1402410077144558,1.3966465882232293,0.5253770510021329,1.0333444765530495,0.6247984174892932,0.8606517838552418,-0.3168529461441614,-0.4100127129385553,0.12105222082619116,0.18679460829594985,-0.0014042326629433925,0.3552255529046988,0.007160051978310698,0.4716700616929077,-0.6776217158295337,-1.3622821697870044,0.31959210895043927,0.22303504722208545,-0.3825819599483479,0.31929761524242084,-2.452157387289802,-1.647692537940104,0.4385241610683493,0.749037431417138,0.24490196206688655,0.458769774277654,0.439713663645205,0.05636698881744108,-0.1272021624281398,0.6974698771069473,-0.4976368227629939,-0.44607214977233384,-1.0366931793373666,0.41283104235273815,0.2276095413424141,0.5548596714264696,1.6766628639956267,0.8700535599194471,0.9092964135958621,1.4514991024514188,-0.35013087590530323,0.571535538107888,0.08347749093835434,0.49164788268968573,-1.614675462589959,0.23882803685226692,-0.2639955013550858,0.5498354261341327,1.0114935835540628,0.930335344976284,1.286667440952325,0.791788293235276,-0.9991743373233997,-1.0007503125822292,0.23066388039383642,0.48980009985055023,0.46622608400986243,0.5460123438741753,-0.8750744097783792,-0.7574555648163687,-0.8201165340750936,-1.0760129076177474,1.2821384944855747,2.1273704906937856,0.965932880964539,1.0330944389670296,-0.09910067371824818,-0.5968516382812354,-0.28061823159852506,0.3784538514636894,1.4092184362146705,0.2779382398255394,1.0483224677914762,0.6587097655692438
0.13311655569010677,-0.9719610985278998,-0.32602785832734443,-0.01180244147930644,0.7282145712629055,0.2183311705483108,-0.3163201697149178,-0.21337607457437205,1.259452214254224,0.7496364773910051,0.16216983113623085,0.16099411829473645,0.804378339406975,1.3238954595422145,0.7235805027204731,1.33105830853295,0.21917134579902173,0.2029028957889009,0.14650388893538696,-0.14364761676285212,0.7439656634114629,0.673066617953901,-0.007727493829479122,0.44529025473738193,0.24344770048788472,0.7150787515309238,1.1017652140021497,1.1010752165944917,-0.3950234347163681,-0.03320899050761791,0.10112157346818731,0.13727237039811357,-0.28878722777830135,-0.21764405593652447,-0.057044467142093935,-0.3474278661693504,-0.4329755931409197,-0.03981161965108076,0.30270633578060885,-0.6480990383876244,0.017957391759499536,0.15587875342739102,0.7665672218938115,1.1168973876837422,0.30875509906202886,0.8718465455924551,0.3940330060820013,0.7053452195443317,-0.30628206985355466,-0.5167756366711921,0.23600150490544747,0.150225759798761,0.15598822062906667,0.5233515981980386,0.25851911653852355,0.6285381341488108,-0.4059441986681336,-1.2868543040601452,0.659697173543384,0.3612122111803751,-0.3087556941902107,-0.016258953305760274,-2.2244703410023408,-1.6860910868207564,0.0923323343656066,0.521932552796056,0.18243063659727013,0.45049128097506036,0.3616452511371005,-0.23489308420946453,-0.06854087622256208,0.7780070503070675,-0.36087758351132715,0.04300764282737418,-0.6093861512818943,0.387586875405905,0.17828000603589575,0.478386762511771,1.6276040219198928,1.1712290501625244,1.3414648510203702,1.908882441661805,-0.44582334751558933,0.7262218077251921,-0.32872552450294956,0.435956728486056,-1.7555397773876065,0.40947979403661394,-0.4296984295994411,0.42095842770807096,1.0157258099170412,0.8435837519624219,1.1093855632736307,0.8519196645591407,-0.7127076934036551,-0.9271137821839024,0.483075367113203,0.7327278821992563,0.681652512369718,0.6560286509725172,-0.9081489880960987,-0.7043663624883599,-0.4196452244392144,-0.8630286063315876,1.49515627136743,2.161780891768911,1.1309040629908425,0.8363483408928905,-0.15251855847465406,-0.262830232326178,-0.05342568619221049,0.46446030104106395,1.2939433978454191,0.40916965244724796,1.1231744953296026,0.8450033028739511
0.3229246339024281,-0.6761782773429942,-0.5405371601207618,-0.1903232722416332,0.3648293523516371,-0.06552008294436493,-0.46309347216637586,-0.3302427895643782,0.7708448781614029,0.14674545931617392,0.42845001300954594,0.5738593701917432,0.7643184885848963,1.5883779737055121,0.05379233866562071,0.9505672049968502,0.3486289368327434,0.32368050611973637,0.12052481164162346,0.020993270833151507,0.37692964614177266,0.42739116438832153,-0.47005380823464654,0.06302885588288208,-0.12544528789354262,0.20484754249792356,0.8616028654410361,0.8387021748259064,-0.5543783985045002,0.01672456446512465,-0.16388909409872046,-0.10733536072802141,-0.35593638414494105,-0.28333488281371333,-0.3205384163752012,-0.3532517566052422,-0.47727328106443273,-0.1722914951682444,0.3579636607817722,-0.7271482962615241,-0.17866057647735187,0.5976690550675309,0.33049509697695195,0.7316685934496854,0.011572786056681076,0.5614036765698437,0.15433205350131007,0.4915995462030043,-0.30137323517369585,-0.5957274563301582,0.31663220165063766,0.09161904874513414,0.3898537489100932,0.7166119005459644,0.5467758348050398,0.7257915444442096,-0.016559084909469314,-0.9971788096549404,0.8857960572052769,0.39829455515978157,-0.23673490199615047,-0.320422088326001,-1.8092385531307356,-1.4960033212494743,-0.27881773574072866,0.26546413302020117,0.10482409279929988,0.3987066308989616,0.31604351046106394,-0.4461293944595944,0.05050768740690212,0.7775659682083553,-0.09172942074146619,0.568609879103993,0.01730615147173026,0.38092756394617094,0.12816849229964014,0.374652035857158,1.4091421516587292,1.3298263544168392,1.6004682122139393,2.189888463747089,-0.4598837692503937,0.9478910582818709,-0.6797430476104591,0.3969572504616672,-1.7530614658341035,0.6151266171416766,-0.5024936464826866,0.3019292846432936,0.9346620356622569,0.6506079658532776,0.845308332323028,0.7905401803100749,-0.2799298337198045,-0.6849586790542158,0.740825714358193,0.9270751890031046,0.8777832346378577,0.7238187861337452,-0.8633104042084447,-0.5115065280256721,-0.013939591761198411,-0.6254184462945039,1.5851036922219135,1.9148292215076488,1.1785022725224366,0.651899045423714,-0.07130880085814599,0.05299054566967045,0.19761799496918622,0.5824316377781613,1.0719444068272437,0.5002359020648058,0.9755677573387578,0.9629745009741111
0.4336619606339973,-0.2623372912936049,-0.7066006208508583,-0.30439191135487476,0.019324395958933704,-0.2761458517930045,-0.5610187141478367,-0.38776025609956666,0.2545501915442466,-0.4392353344054019,0.603685625835628,0.8737753647755188,0.617664319151558,1.6590518821288753,-0.5279841382433129,0.5576498665346193,0.4697672835946911,0.5185814819802486,0.053599991025081596,0.24006678845249171,-0.09778998118788718,0.15174417215324024,-0.8505941138564189,-0.29683169578311674,-0.5007752799564482,-0.2918975205928639,0.5571295455413066,0.5663661993516754,-0.6420227363547812,0.15779309429428232,-0.3721198231016221,-0.3017556113831072,-0.37441952975108805,-0.2711488024500346,-0.5198761000589581,-0.2790783809447333,-0.43130107929891975,-0.16253293761756565,0.38923604630765835,-0.6886092842918597,-0.32882136623238445,1.1258369136140176,-0.08830695756231434,0.30446069610028653,-0.31678437731405285,0.15400676627310084,-0.044556363266175784,0.2521833965573485,-0.2877696305187688,-0.6177792323675677,0.3611673706107437,0.027682047854366607,0.6622544250970921,0.8907762573291864,0.8311167089382765,0.7497998289910994,0.4146787279321072,-0.5429973816499789,0.9509197371756869,0.3232334164614904,-0.21615676449316795,-0.5674210999566971,-1.2670367724894522,-1.1095578422272039,-0.6357171748914908,0.027217704237235747,0.02519139797391199,0.31743891177377465,0.2945395191099547,-0.5593522461041116,0.2138827653466545,0.6999660360947291,0.2737231880150028,1.0612225232966612,0.7402248152399235,0.42691887579561943,0.08142775411203129,0.2579357861875718,1.073907817952034,1.3495547469493874,1.665203002120645,2.266868066313545,-0.3898397550844533,1.2146562261632736,-0.9128783509420041,0.3826361696123848,-1.6031688375335986,0.8271404289895652,-0.496150054131622,0.1859792701086207,0.77179883456594,0.3679008995570543,0.5173818884859656,0.5987572393785395,0.2371100352982519,-0.30262246807457,0.9772987599889137,1.0613938389368087,1.0338504018249397,0.7385581929659137,-0.7721049670468486,-0.2157887428879969,0.33224874772129714,-0.3763474240217576,1.5393599815533128,1.4256487265566569,1.0961283456878514,0.49302580685305103,0.13325352933258097,0.3090949399497249,0.45065860853835754,0.7310143339575984,0.7717773142541974,0.546220342188408,0.6384814664781092,0.9952482223984456
0.41621916731903236,0.18802365544781915,-0.8132614341576778,-0.32639684259489243,-0.2849366021573188,-0.3930498978379541,-0.6152278435255049,-0.3755320411285291,-0.25174407838156987,-0.9285231077900467,0.6309296697941322,0.9890165568728801,0.34865762799886924,1.5145562189455397,-0.9799755594183404,0.19352346608847265,0.5401078675837613,0.7563657097195043,-0.04120476301136498,0.4856562878995013,-0.59499206316853,-0.11476867487740576,-1.1040729440287742,-0.5747895107460633,-0.8209150943263565,-0.6890489973930628,0.2179364245210185,0.29929611955561813,-0.6597742176466644,0.38110246304491896,-0.49863632228790544,-0.41919539102077674,-0.34640983488470856,-0.19138992605719238,-0.6157995277632834,-0.13297614336567576,-0.2966044368033939,-0.02294607602220379,0.40929179978700275,-0.5341493703628591,-0.402179134047595,1.654316349663874,-0.4086452749367137,-0.087984833599359,-0.6115666824101343,-0.2701603442543901,-0.15813655672725063,0.027618498845556,-0.24403808475341182,-0.5557264261784123,0.38195067483701217,-0.018362211233408008,0.9252771305014285,1.0015492379817208,1.0697205834613293,0.6958912392253055,0.8028850955527741,-0.0018837000962946852,0.8361099812339499,0.1544685236990854,-0.2936925026709625,-0.7386749808192195,-0.6775681859315686,-0.590272933933041,-0.9455680713154792,-0.14374316120622394,-0.039448856012267816,0.2347086039867203,0.2882957057020317,-0.5654000433684386,0.3925348156033605,0.5580362178275216,0.6746820425729287,1.4542613347067983,1.424930443033151,0.5465793380434611,0.039745526208664395,0.14521970397514247,0.6858053732279648,1.2572329660320885,1.5471328001690134,2.1476087096302234,-0.2563207658009791,1.4904884141357368,-0.9951257912031102,0.3986766016264757,-1.3324593171159835,1.0104473432225844,-0.4456714041557792,0.06361337655524144,0.5473732529679263,0.026687817495777425,0.16299698677091626,0.29048686525626916,0.7631848484418027,0.16561951174247377,1.168933970544215,1.1335851808595467,1.1339960477160027,0.6927081080032712,-0.6632481669668249,0.12791818645438724,0.5618321577931383,-0.12144214850885825,1.362647839018171,0.7745481095871222,0.8873191980516557,0.371883781775073,0.41751751800622017,0.47400681339487,0.6885156861664503,0.9005334444671684,0.4344481406416031,0.5570930991043529,0.17991674657448312,0.9383042484061801
0.24745640439388225,0.5926338931318932,-0.8616391698860962,-0.2443755967784941,-0.5350363195415866,-0.4125603529945743,-0.6387807553112694,-0.2937842027580381,-0.7178033290509053,-1.2587568263618698,0.47396162834151395,0.8873952541878198,-0.03812622189458649,1.1779994134067107,-1.2884643563048879,-0.10671318140840995,0.5120790337939727,0.9911480587853736,-0.143872964711575,0.7257179182228001,-1.0252363670665385,-0.3335239883226063,-1.211166925299955,-0.7240014845191909,-1.0360191704198192,-0.9193546835809633,-0.12107699923971471,0.05313952100288822,-0.6245350865366109,0.6574730473359868,-0.5349539102435721,-0.44844418351451654,-0.28277346417133914,-0.06544975648549675,-0.5899707730129222,0.0701394051524328,-0.09614994994860895,0.2080403819934207,0.4300754301188849,-0.2866177191672531,-0.3925586837632612,2.0827707216864924,-0.5627833343140609,-0.3692439082959514,-0.8032738501941054,-0.617157020282782,-0.157587012859022,-0.14205698232991068,-0.1486863886644871,-0.3915176492656337,0.40053970369710235,-0.02282102226196693,1.1296724894538064,1.013505694043662,1.2260177903479927,0.5681260289661588,1.0713990096384136,0.5353207870601561,0.5548312627429719,-0.06221518433373697,-0.4978343230540818,-0.8223816592672901,-0.12730724231792595,-0.020989357228606214,-1.185077006726835,-0.2068328196893655,-0.07289257038611412,0.185300110800041,0.2897186457388347,-0.4655332052520481,0.5479664390378216,0.37020330997640793,1.032802994044977,1.6952035753258201,1.9297489526618894,0.7392325604091663,2.020841165945855e-05,0.0532320915294016,0.3048090341146263,1.0940752208997977,1.2816807318345238,1.8712852086969867,-0.09769963452714708,1.7306196924619768,-0.9240257064542332,0.4487490736890736,-0.9921460213130558,1.1314914289624156,-0.39756804161746306,-0.0707292387412588,0.2954853760701307,-0.33257473029409784,-0.16853471318355415,-0.09968226904805841,1.2228104243075295,0.6479932088915027,1.2956143208965212,1.1477710242864454,1.1688085395336816,0.5831449190827581,-0.5511157206446686,0.4559482846037478,0.6367920192477486,0.13641325553461087,1.0771572003007435,0.0677028262894184,0.5700279051825261,0.29740007698327453,0.7130727728442362,0.5300271629186717,0.8975788889303037,1.0722775213468898,0.10595918757598195,0.5516943482375617,-0.3135934740643668,0.8024426913231815
-0.0609528304820164,0.8854010402004113,-0.8631085374657804,-0.06496903405531482,-0.7272305043435243,-0.3466173888783034,-0.648170575629596,-0.152456869531012,-1.1208709418434182,-1.3933284950382463,0.1290849475963515,0.5866467379972345,-0.5124703187348507,0.7147561234531515,-1.4635978822040754,-0.3176497509771071,0.3450135864557298,1.1709784758874002,-0.23284852564462416,0.9290086427421407,-1.3155917877536247,-0.47447125631384235,-1.1797141040052852,-0.7187901419082747,-1.1188640904846228,-0.9479809687018823,-0.4250552179809844,-0.15546945235250764,-0.5632982052469395,0.9418491910727512,-0.49002974237477703,-0.3958008937386985,-0.20160442433201553,0.07802679823382216,-0.45026507894162304,0.30944159834993346,0.12874263840735412,0.4746083863946114,0.4552697289747753,0.015164317640910741,-0.32114882203237083,2.315592947957377,-0.5101730699049696,-0.47847924753675275,-0.8317205259717579,-0.7990812010961381,-0.037409304291470366,-0.22629625354554844,0.011467672212302188,-0.12357177218533873,0.439089337314739,0.030559808634668822,1.2331885689685107,0.907114448864765,1.2736925892989777,0.37770327914472734,1.167523438577163,0.9816059391278275,0.15066093220501411,-0.26335589532657916,-0.8268487488357567,-0.8127402284644479,0.3046637686735144,0.5124673698211564,-1.3411251689547867,-0.13926394048163462,-0.06485479952909261,0.20072298759216914,0.29267320259571245,-0.2730433911635626,0.6387608104922984,0.1571118259432697,1.2648720337301085,1.755152451220655,2.134994843736908,0.9804282391901956,-0.04594150223474185,-0.004102422897553018,-0.02442867405717318,0.9059790683504961,0.9182377387646145,1.499866422180423,0.04026372624181106,1.8900640590512938,-0.7277181551758625,0.5343961390779565,-0.6458936542866689,1.1663334220913497,-0.39761247197929567,-0.21336097317223723,0.05778351611820065,-0.667458834588293,-0.4227457608388326,-0.5229834028335008,1.5529702037592825,1.0671804666500906,1.341259681468762,1.1105607999910632,1.1363300362531839,0.41229655185786745,-0.4302164139970949,0.707226744409062,0.5465814523971186,0.39159646682128624,0.7194378294937505,-0.5845873507704346,0.17374133538276293,0.2724953066575158,0.9414429808212941,0.4758752323826641,1.0652832621278265,1.2201055197483455,-0.17078076009316812,0.5488791212450284,-0.7577893237642896,0.6086199515239649
-0.46173110211038276,1.0296096088169469,-0.835521852738926,0.18678541074050567,-0.8645437583743537,-0.21888653440710223,-0.6582046689433727,0.031240026984230524,-1.4444026052196524,-1.32522421011296,-0.36907677458567884,0.15378169933342392,-1.019785848777734,0.22003809150159903,-1.5312970066456297,-0.42591503314468254,0.018593962010355628,1.249428163602351,-0.28995866696110006,1.069870242782983,-1.425996442543659,-0.5225861788851112,-1.040735620355276,-0.5602061990948726,-1.0710736476041731,-0.7802908112849685,-0.6658544380750425,-0.31118540954589846,-0.5050930323446848,1.1824762102397108,-0.387409765000534,-0.28326577160531036,-0.12472141772004802,0.20849371143792714,-0.2304567213094476,0.5592365193802237,0.32626708885993627,0.7147587152949694,0.4762471397234248,0.3242080008081368,-0.23041740240849085,2.2811092175596905,-0.2473032205835722,-0.3844759616354814,-0.6607611598507951,-0.7552359460795339,0.18157431771151547,-0.21186116250270498,0.23412497233148688,0.2278716476200869,0.5106867842931365,0.14308019557963947,1.2070730843258621,0.6823252157283481,1.1995580441507143,0.14022475304767495,1.073099873954986,1.269810013218376,-0.31142431507782586,-0.3832283892655623,-1.2437967316682874,-0.7096888685494672,0.5604018652531296,0.9382295266691204,-1.4097909339346528,0.05729747734404473,-0.015024977564695077,0.298963678205326,0.2915109464748463,-0.01408821176935873,0.6288631107233775,-0.06143952384051368,1.2992322466947595,1.6342714071039508,1.970633346169308,1.226846542890826,-0.10945336583967191,-0.017935847837976453,-0.2781354753342698,0.7346154811628042,0.511573242330362,1.1064754477413539,0.1169161989590199,1.933131456997555,-0.4583462068555428,0.6539784367064363,-0.3548277996995424,1.10632478363878,-0.4791571420920932,-0.34981418214716575,-0.12542173274957177,-0.9412148694236366,-0.5507739685981726,-0.9260410222622539,1.713399063635184,1.3533580165517436,1.2950656284212057,1.0276726782582346,1.0420384692168096,0.18874920147514312,-0.27785813577292023,0.8345607571867293,0.31130267470279993,0.6315975575960793,0.33415734051848955,-1.0916139941819512,-0.2636782890553747,0.2915613112649783,1.0324138564477119,0.3272372199871599,1.1776274838269598,1.3142162799506294,-0.3633126575411471,0.558950486416732,-1.0903365013979816,0.3829041127582624
-0.8802231450571141,1.0242551797691415,-0.7983289595693299,0.4709536484020023,-0.9540441625596892,-0.05930925973599554,-0.6775551347072185,0.2359343756948852,-1.6764118711314904,-1.0762973264720475,-0.9502049063425115,-0.30757205761795864,-1.4894526255584382,-0.20150990731067672,-1.5235324575458897,-0.4313201861106392,-0.45625128365882645,1.197041429084589,-0.3038623379851828,1.1318209915087756,-1.3570303564624258,-0.48126804903000536,-0.8404013763890089,-0.27743631709391586,-0.922951811500392,-0.461823084461758,-0.8283070433036308,-0.40439864250016055,-0.47198161370415537,1.332516816562622,-0.25928478846646197,-0.14349631713243813,-0.07291998100192033,0.29919080082046606,0.015987182630405303,0.7903196967338406,0.4452710830064447,0.8719702596777652,0.47304790117833095,0.5940363096669055,-0.17045543819400039,1.9468645423801842,0.18877823197310264,-0.0950831107105784,-0.28992337879075786,-0.46945015541947255,0.45496653329241005,-0.10734028717591021,0.4981267369892285,0.6196155063722965,0.6120665195398769,0.29672154072502355,1.0400859034232632,0.3581697160517068,1.004315121526679,-0.127296248287284,0.8075511088116393,1.3642598030111028,-0.7582680566158312,-0.37142322066563827,-1.6808299233515158,-0.5196159918296815,0.6139090439071017,1.211897720123441,-1.3946147266934559,0.354555908521221,0.06529180527241871,0.4769519536456262,0.2798673738737457,0.27335894577356384,0.4958402167080258,-0.2690537576139949,1.0924757988172638,1.361279256987595,1.434971244478672,1.4265898807087112,-0.2012613101982199,0.01346991175625147,-0.4528827199046354,0.6105473791384477,0.11584278133536907,0.7622355753402893,0.10808565073270295,1.8414486957388359,-0.1803472637870251,0.8007857477528646,-0.1635456092949113,0.9596845027512201,-0.6547187341463685,-0.4580671087415393,-0.22486615418643835,-1.129251468764337,-0.5221314329461185,-1.2612652445424073,1.692604768810409,1.4559980839163862,1.1533299544450046,0.9018114095278658,0.8974454427832014,-0.07311006458743552,-0.06447235514517714,0.8135349621082315,-0.02150841814275909,0.8359151784398122,-0.034224218659202464,-1.402127303439597,-0.6991649247373923,0.33932431750835274,0.9413097009008923,0.11438433288215258,1.218326328193369,1.326443095629754,-0.45508435159847,0.5783487146994253,-1.2838329986857593,0.1498384771463306
-1.230212497063767,0.9018009477785862,-0.7675883118925592,0.7391490949330396,-1.004354663354672,0.10165412963456803,-0.706124891629874,0.43902738084944937,-1.8082961040525072,-0.6924946578963012,-1.519825972014257,-0.67988658094655,-1.8485890577079327,-0.45963949436533286,-1.469191476019238,-0.34655928369101463,-1.032760197180542,1.009311859449523,-0.2715461668320601,1.1093234535842076,-1.1470022499224033,-0.3717977345176307,-0.6296312409639699,0.07589433940139008,-0.7264042734564582,-0.06976435981797621,-0.9137394480492301,-0.4357899156067004,-0.47173615585824663,1.3610031443171042,-0.1389474076601498,-0.012654942501085287,-0.061168338433690427,0.33194341595011073,0.22706995940755426,0.9721326663299029,0.44720093017570306,0.9055367510743474,0.42045366651468774,0.7868686324578856,-0.1821392203246194,1.3278497795897508,0.7248518939259485,0.34084775134503953,0.24070796343798584,0.02157121109847333,0.7231812988690633,0.057264352313747324,0.7656057345738851,0.9902868797476634,0.7216996266581587,0.45523834227339127,0.7400879623477538,-0.03115558702825285,0.7018669149650129,-0.40849410426479327,0.42292856019807185,1.2657960315827201,-1.123230108157248,-0.20801320935061923,-2.052463612328028,-0.2568365994740154,0.47659767095076666,1.3232814523752692,-1.3047717623751631,0.700985491902247,0.15474838019054016,0.70814103082307,0.2503458216306144,0.5433715277904803,0.23718886561829064,-0.4546116315622055,0.6420304930472833,0.9866656927411883,0.5986191620346236,1.5318323734950132,-0.32728959296512405,0.08327673694698999,-0.5602801507465226,0.5490467313074096,-0.2192737699174899,0.5233371863502492,0.013411866606752108,1.6183957604751353,0.043823880458303356,0.9611584098083514,-0.09050784055952547,0.748763655767072,-0.9125081424967812,-0.5155410040174058,-0.23049020697483916,-1.2230280227616757,-0.33598833888609575,-1.4954758999653832,1.508445999782076,1.3524662028227932,0.9212893987653967,0.7324301381853766,0.7173676338532003,-0.35454539739189034,0.23159248003069466,0.6472327302497476,-0.3862326574825999,0.9788119189554665,-0.3500834492956907,-1.514793393630241,-1.088067019994425,0.39197381358158834,0.660638834851276,-0.12326646152567536,1.1706736870130074,1.2360282343296456,-0.44809126106145725,0.5894379304934361,-1.3484737331570862,-0.07352982628919683
-1.4336783508045645,0.7177535705277565,-0.751972318802865,0.9429579642585462,-1.0237255687384479,0.2379182588417864,-0.7350156634603107,0.6188876466678747,-1.8347893589668898,-0.23599428830181968,-1.977813897700357,-0.8596578955540312,-2.037873234922494,-0.4999569029887997,-1.3874362867486756,-0.1952228392948372,-1.63246917355364,0.7087061186960212,-0.1979042530496645,1.0075987983983798,-0.8591619434852912,-0.22877839791752833,-0.45342535493023023,0.4306474807356489,-0.5421747648839513,0.3029335202108888,-0.938851140462823,-0.4185527265861249,-0.4946512052119519,1.2600788339445452,-0.05355248330667181,0.07726164250098358,-0.09506455154849575,0.3000549030434514,0.346168229674199,1.0761083708207335,0.31600994406086375,0.798154909489838,0.2974112676793258,0.8802115241163152,-0.28272701370896663,0.48608526678658426,1.263850762167104,0.8405065764641299,0.8546817413349982,0.6322522886328068,0.9239687169428039,0.23637650523008327,0.9897705263789452,1.2713171431049664,0.8045858479171675,0.5715519420584267,0.3335279125431499,-0.4425204884407359,0.31792514561121327,-0.6879643874173924,-0.007588202542623046,1.0094198380541268,-1.358947484933686,0.08809026206560554,-2.274891530677869,0.05499092112929644,0.19575189047330865,1.2947039177715547,-1.1535238320912096,1.03068275666492,0.22659260047269147,0.946294009832745,0.1957749591322141,0.7489280147335731,-0.12694070922509518,-0.6132530259515916,-0.009191924588206267,0.5710538398026695,-0.4083707760913954,1.5102642894827245,-0.48518813167864244,0.17582463338490437,-0.6192957117527639,0.5487994473111286,-0.45181707822848377,0.4203301019459461,-0.1424431716833506,1.288741512296921,0.1674261867680686,1.1138407841557147,-0.12498705315159177,0.5041691007440814,-1.2183193347793937,-0.5073068549971681,-0.15563768047603305,-1.2304479775525188,-0.02694488712113134,-1.6146594074604723,1.2029813162573042,1.0519697602768918,0.6140693340956189,0.5174994491719718,0.5164678245616643,-0.6347668565251331,0.6097381010123202,0.365757340760506,-0.7129130127145932,1.0354675305119292,-0.5934801248169026,-1.4757369400436329,-1.3888580426225117,0.420832749081261,0.2229731620149054,-0.3447718700022426,1.0220644610620901,1.0346165221765835,-0.3621236830880694,0.5655443173504989,-1.3238151223201486,-0.2810089192531332
-1.4395205663586894,0.5346437370221474,-0.7508077206778783,1.042813918971167,-1.0188277581210252,0.3309201200540388,-0.7492937056173326,0.7561439658503516,-1.7552721459361047,0.22447508476917227,-2.2396979516765234,-0.7837936790268606,-2.0252596230304194,-0.3175272146061141,-1.284892936480966,-0.008226690460388044,-2.1583062964438127,0.33988005826995127,-0.09387536909573499,0.8407642191706419,-0.5627660657261013,-0.0923977406708173,-0.34213660276984853,0.7151485737445009,-0.42436052453459705,0.567656400483957,-0.9295975199524288,-0.37665517278281685,-0.5159421910686628,1.0464304322705735,-0.0189845293649332,0.10487645572608753,-0.16963428358321,0.20867596517736225,0.3354955823107439,1.0800941392167531,0.06355078140803955,0.559596882909102,0.09663208287160181,0.8708173378504537,-0.4587504941241647,-0.4782562223222131,1.7032053665314697,1.302502564665554,1.4524713935426075,1.244780347130354,1.006339964284595,0.3790901238572552,1.1264951115964796,1.4023624015637939,0.8226803853082484,0.6001839202779651,-0.13703764298874932,-0.8309073513616552,-0.11182427124108514,-0.949941201604646,-0.40494601916822415,0.6553055714628461,-1.4452606923975937,0.46049929653391003,-2.286473656635148,0.38263413025946214,-0.15436360801892376,1.1714215748482324,-0.9570723949556877,1.2761066385128528,0.2552109151772296,1.134851385404485,0.11187410262505383,0.8508245212536253,-0.5555183465463047,-0.7461902248806787,-0.7780136252143208,0.17161568843616443,-1.423682161591744,1.3522538975051268,-0.6628304132621274,0.2682598097294027,-0.6488760725079309,0.5933221123454191,-0.5516922380422338,0.4516855819622055,-0.31546523364605045,0.8933805185547714,0.16949003359458326,1.231533816347323,-0.23110303854965286,0.2577114571397566,-1.5220502692347324,-0.4324323835623163,-0.035589608892671695,-1.1726127147425498,0.3378513769710953,-1.6239428755931586,0.8324452539912378,0.5941678882845852,0.2559074436613227,0.2567963520775471,0.3060854286828176,-0.8934936423885816,1.0384388648262781,0.02038837711382339,-0.9424462535903262,0.989841250703829,-0.7633304656797086,-1.3629908790025813,-1.5690531297863632,0.39807673873392113,-0.3057099202303802,-0.5157226736783329,0.7698030349331203,0.7292989882100043,-0.23055789331936674,0.47970683562796723,-1.2624658774509603,-0.47650752724398754
-1.2363417995106025,0.4045748530661058,-0.754777567167452,1.0155140068157202,-0.9942894559638866,0.3706010394378966,-0.7329554352231794,0.8343366221526133,-1.5760982069233656,0.6236809980514215,-2.255445881391034,-0.4476035660925438,-1.8138603874172612,0.04097840070782981,-1.1571457488574024,0.18075211759848187,-2.5143962622045586,-0.040870239171106326,0.026121659579492303,0.628796716019086,-0.3136784187410235,0.0008218689549408136,-0.30653455178139183,0.8697148468428824,-0.40623642578511066,0.659896687200757,-0.9117278472807806,-0.33912897183978336,-0.5035289164028185,0.7564162192548286,-0.03799348282577216,0.06322445375400822,-0.27092104983641285,0.0726073295840494,0.1857395070183917,0.9730687827314313,-0.2710252177403687,0.22560131132968977,-0.1691951387119947,0.7750471143413468,-0.6686072502871564,-1.4424279861508686,1.955530536977493,1.6276633144508241,1.9312869769757819,1.7350077082158073,0.942498469659337,0.44139593779771485,1.1463515727168316,1.3474177710483357,0.7476597130612482,0.511409218964522,-0.6175512462235367,-1.155919400163735,-0.5443300277616084,-1.176444979549534,-0.699941887694396,0.2751803374245918,-1.3907006337065173,0.826798395831575,-2.06393756363481,0.6852249838066969,-0.4874472269836338,1.0068447658558817,-0.7337113236072275,1.3819416295681646,0.22275815073927727,1.2196529268932508,0.00027231716429182396,0.8265868186836642,-0.9928203184646879,-0.8591264283539998,-1.5553749908907006,-0.16988970457820501,-2.287587940059909,1.072002120743317,-0.8393483753250142,0.3342518683299356,-0.6629884026697985,0.6546843037359008,-0.5061938442236606,0.5832523800175089,-0.4538462703642768,0.48028024352886206,0.05877427102743679,1.2848403946559699,-0.3577476193023471,0.03616090904648693,-1.7673162123840862,-0.306108928473534,0.07990590966034031,-1.0776609173974305,0.6711150363691,-1.543291565399537,0.4544183718089445,0.04269960568126117,-0.12269743081091866,-0.04429388822125294,0.09245438359478503,-1.1130865478466656,1.4560060948145679,-0.32681402239764656,-1.0396620849626146,0.8417910441943756,-0.8757463856999832,-1.2613649691795006,-1.6114387128183845,0.3032779047250918,-0.8404294642632483,-0.614690005470183,0.4259656755137267,0.3429321467142888,-0.09332131222367256,0.31442873010170863,-1.2109629913718964,-0.6688905234735214
-0.8558192499354228,0.35499787835169555,-0.7491511626327916,0.8587373991063173,-0.9528530223098013,0.3543764418634543,-0.6746906777655033,0.8404560922735109,-1.3130080070486039,0.9088368908606408,-2.0207189749164898,0.09065959300014176,-1.4417438472443926,0.48729144769639104,-0.9939010866076285,0.339926716716492,-2.628147380874776,-0.37919824665657953,0.14670028585529463,0.39390145002894267,-0.14043223239775776,0.026578037566315802,-0.3376181742880691,0.8594224558536483,-0.4913217472829454,0.5538596325736365,-0.9012122899818241,-0.332070266397885,-0.429188453044822,0.43620955013191537,-0.10176500357541406,-0.03988036654784557,-0.37995721399117105,-0.08786590171202296,-0.08077103771142877,0.7588382842967532,-0.6279884058049569,-0.14833389857063328,-0.46719341612356213,0.625076558638216,-0.8540593565031824,-2.2805585275242297,1.9669752628115307,1.7406092359582694,2.2067688960197764,2.0012588636602433,0.734625918387385,0.3971763052522901,1.0432437390891014,1.106801900303581,0.5716127906642544,0.3026432511912348,-1.0493515568527823,-1.3868387339604762,-0.9331590573666783,-1.3465290006649862,-0.8463984433452937,-0.06306324318804962,-1.2276180130475913,1.0975623747404843,-1.6297748620860406,0.9188087644115357,-0.7232448425149258,0.8467112883366303,-0.502977818192003,1.3168194818055983,0.1239866843011774,1.1617956242385348,-0.1296504830231573,0.6767225957622517,-1.3779082768012547,-0.9593368238071263,-2.2267098587473164,-0.43428083461652445,-2.876523621684598,0.7027714171286767,-0.9885894587910348,0.349269642409315,-0.6690533748294887,0.6989767276051936,-0.32580209664100934,0.7543208804567106,-0.5125969706639255,0.09383597162971259,-0.12939518870151215,1.2478972491929765,-0.4517676064111796,-0.1427984593633657,-1.9021809815824435,-0.1567307619668053,0.13872890542481575,-0.9731833582153487,0.885173319476112,-1.4005968214528945,0.11519100000335565,-0.5252454208714554,-0.4894860799188823,-0.3717387293229044,-0.12296986750153088,-1.2797014741765387,1.781782875780023,-0.6160728947567186,-1.0009671348819402,0.61095227351058,-0.9575997271439514,-1.2343632412082979,-1.5188478967295491,0.12906594622472511,-1.2955641952889458,-0.6364135426334212,0.01915719492229348,-0.08847451984605657,0.011604880606495593,0.06941421614944206,-1.1938067120568319,-0.8638487415413737
-0.3656119554303776,0.3816293550240952,-0.7185621540367608,0.5915431723956799,-0.8958946761684732,0.28481192028183844,-0.5725635344958078,0.7659042704797576,-0.9923090199423905,1.046216129253754,-1.577424093947184,0.7205167468470295,-0.9735096011243226,0.9113532766729522,-0.7860993042031759,0.44327561411710953,-2.468999155612183,-0.6356040919076279,0.2534535216741424,0.1568785164585913,-0.03999346966611696,-0.021604816626694133,-0.41092118475952494,0.681899410690397,-0.6522891047589026,0.26818578100900786,-0.8981765720364053,-0.3710725968719446,-0.27974173454383267,0.1297318167654999,-0.19408223984153453,-0.18478813771097996,-0.4779118261504318,-0.2519747190084713,-0.4144474398095381,0.4572910348024143,-0.9386459165902831,-0.49765433790083896,-0.7507103315702622,0.4612352522795023,-0.9570513763855597,-2.883664138680311,1.7287640361772056,1.6068559480474318,2.23113210276082,1.9884004333335383,0.41458083507107735,0.24491444113719574,0.8366891631256164,0.7207009516418165,0.31178322733748587,0.0029195587071805212,-1.3780075333015622,-1.5058311917308744,-1.234149430951249,-1.43796480311679,-0.8294859881485799,-0.30925663327687714,-1.002591405423401,1.198142708039188,-1.0485165029207288,1.0431806716199652,-0.8047509474641917,0.7167271230962997,-0.28439965146099283,1.0800659482012522,-0.03206822133875817,0.9473362665324914,-0.26140111891696255,0.4259744548586296,-1.6554712851802063,-1.0519775663382573,-2.6935721253954625,-0.6254901981687828,-3.126727677172153,0.2879828763500332,-1.0842703562808544,0.29617165645897797,-0.6694342009554178,0.6928025222240594,-0.04776059937765854,0.8897382005321935,-0.46711530249993494,-0.23454020642992968,-0.34260250497269557,1.1043684359638184,-0.47099625173402915,-0.2718743950205727,-1.888957049206094,-0.018793603242702236,0.10018755515928872,-0.8791497911133229,0.9141098506933547,-1.2243445185039608,-0.15942816799548123,-1.0316252186820387,-0.8154459346201198,-0.7017989601423509,-0.3410885416553341,-1.3833008239174664,1.935393292604416,-0.8027866291166362,-0.8543762230301573,0.3355931121684344,-1.0368278422911097,-1.3014455250704011,-1.3155020162853641,-0.11580883258048498,-1.6025663669538888,-0.5910839693231545,-0.40800530739582114,-0.5209218344570532,0.05626618702722851,-0.23510449934160402,-1.2054994846089617,-1.0556500663014277
0.14648034930308823,0.45056704186848034,-0.6517949417714333,0.250747858571528,-0.8239931519965138,0.16711895777665756,-0.43588043325076137,0.6081548504420923,-0.6495553151108965,1.0246738013741836,-1.0032626506094362,1.3032250815610187,-0.4856633351398387,1.2062004812676392,-0.5326034735079691,0.4731340938442028,-2.058519918817644,-0.7939468021274962,0.33419347847191894,-0.06590665954550884,0.015725746668390182,-0.13134955886650085,-0.49388816989702666,0.36805162065102115,-0.8381065827421854,-0.1386722739348547,-0.8868605592693022,-0.4567308956381436,-0.06464976524595624,-0.1321934214251745,-0.2965510644445831,-0.34532272706430744,-0.5508100495459056,-0.40292773573172214,-0.7494764621046527,0.1023002256932783,-1.1395510405017957,-0.762155399139564,-0.9706892734208735,0.3218802077370225,-0.9368075097067613,-3.1769596462912224,1.2789780584086248,1.2410721350797271,2.0031322886094385,1.7005806677431077,0.036459032365646606,0.008216465421523083,0.5668182962766208,0.26215908239666685,0.007535966261845857,-0.3317759861414117,-1.56283692566315,-1.50925916731408,-1.4122554014544473,-1.431659640173606,-0.667802687676535,-0.4402943776258748,-0.7647453818202641,1.0875343039437357,-0.4124808402755127,1.0299102583864834,-0.7103818972592906,0.6172183955344759,-0.09552145953999577,0.7019158453904548,-0.22393689737946143,0.5914244575289526,-0.3748821651221373,0.1185554979538716,-1.785738228311189,-1.136686497194781,-2.891571685847335,-0.7645515771908534,-3.042203517564812,-0.12890993310187485,-1.1057123215155114,0.16958131069810045,-0.6646265299089544,0.6098944389045451,0.26544970634997034,0.9161104607467184,-0.32157471265333576,-0.4919411863260925,-0.5246324942032867,0.8523311116705409,-0.39384134736311727,-0.35296957356534403,-1.7112919760439171,0.07624860239300955,-0.05314845350090866,-0.8032070813586942,0.7320484513218641,-1.037808404495067,-0.36730548630004417,-1.4105230399819215,-1.078890763373341,-1.0027645484188727,-0.5614723649992167,-1.4168175130140803,1.8588778794107679,-0.8669947047165408,-0.6516040905399957,0.06597542993420942,-1.132191650072689,-1.4283407716092913,-1.0435599370855062,-0.4071328644582096,-1.7229403305308197,-0.5002479972098498,-0.8053986801119741,-0.9092339482911577,0.02847900181095141,-0.5605538603109365,-1.2128894901728624,-1.2222210257419237
0.5929734139762206,0.5090728278452908,-0.5450380541107962,-0.11593013747085822,-0.7372979065433682,0.007627524700267553,-0.28335234425566763,0.3729592724501949,-0.3250819487154676,0.855947897357067,-0.3930841090639705,1.7035177003071693,-0.0494689679984412,1.2920885497614605,-0.2441965767320228,0.4214553390178078,-1.4684838376776017,-0.8631063229172397,0.3796542738867945,-0.26437664304045083,0.06519316104477997,-0.2753752175730925,-0.5541657829464801,-0.024511018146102976,-0.9874219590177077,-0.5821292900971125,-0.8419048541053905,-0.5746993890434663,0.18269840655243336,-0.33838029842695366,-0.3932109837202231,-0.4949538146158591,-0.5923799100703785,-0.530627851870572,-1.0187840645999706,-0.2636122495470066,-1.1863860076610822,-0.8992279073709293,-1.0886278007052874,0.23316873082010148,-0.7824331905608518,-3.1316748333731783,0.6940976897149405,0.7043335848399975,1.5674070407019047,1.1992200492518716,-0.33604788516717,-0.2699469906655038,0.28358814536744725,-0.17935176047358523,-0.28952469423892996,-0.6316482377734276,-1.5850190225201768,-1.4071990858951384,-1.448257733004023,-1.3177302961150053,-0.4088866032914535,-0.46282013979200837,-0.5548407464876183,0.769437930780335,0.17951553431841533,0.8698548820907843,-0.4581087336654365,0.5261726242015855,0.050799842239093146,0.23735836136086225,-0.4224518080473002,0.13600238236201495,-0.45195709981394055,-0.19173089549626504,-1.751362112335453,-1.2057033590870156,-2.800850485403118,-0.8790575054943103,-2.685871118139739,-0.5126855092582995,-1.0428830314956696,-0.022153492818040462,-0.6563625159433004,0.4368540111131585,0.5346091866822572,0.7789029676104702,-0.10936840514797184,-0.6840183113150515,-0.6290640557144245,0.5068470300002234,-0.2231743063913361,-0.3942678054590551,-1.3773451998694548,0.10848370528487424,-0.3088464749207797,-0.7395509881857613,0.36211179361013174,-0.8558780253468729,-0.5262095516114027,-1.619225623718857,-1.2674933742962256,-1.2396040595790307,-0.7787831288171854,-1.3751102908942712,1.5353040808637353,-0.8167238041901421,-0.45398694980354476,-0.14667311686262352,-1.2455919176266075,-1.5348905844467056,-0.7548076141452261,-0.7096575581572275,-1.653985332110882,-0.39075968280420326,-1.1243085629136702,-1.2142241730593868,-0.06613278161402676,-0.8572934748663473,-1.1669638413876577,-1.3263436782191897
0.9063172009922541,0.5019261507018778,-0.4026519813397635,-0.45833596583400027,-0.6356206162187377,-0.18602519643744736,-0.1379334191865754,0.07647350697058224,-0.05683320778284392,0.5721511837663275,0.16279836153803465,1.8214626427373501,0.28435509031827555,1.1343170827614393,0.056495512480159354,0.2900260050531007,-0.8066934007892347,-0.8714290614858498,0.3839710264406277,-0.43499978797918015,0.1397599229557611,-0.4193293027303642,-0.5666115444147667,-0.42362333537163194,-1.044439015029049,-0.9705547968357129,-0.7388410332911681,-0.7000798587991993,0.4109090888968122,-0.4976741064493696,-0.47326421425327214,-0.6122010426306855,-0.6042494336866209,-0.6319931774838451,-1.1691053070490138,-0.596624098811075,-1.0645223500329684,-0.8936487742750533,-1.087227370885406,0.20150043604429102,-0.5179240198518191,-2.769431203995685,0.07249929119530726,0.0911054286177065,1.0036320776327508,0.5871159391032061,-0.6441152520545868,-0.5375297593688622,0.03364936765238262,-0.5194881239323921,-0.5289796275864842,-0.8311433841107296,-1.4519498715361723,-1.221255978634325,-1.343526422646178,-1.1010939311243635,-0.11899957425837361,-0.40874097749333177,-0.39748623676788447,0.2928379882786757,0.6449334447847173,0.5782088535810189,-0.10065015392712194,0.4093511570060355,0.14934902302475409,-0.24464569059258667,-0.5969553283745862,-0.3580825837110746,-0.48227111782372273,-0.45381824262025233,-1.559892232204021,-1.2443940951327435,-2.447414744552193,-0.9914770450900019,-2.157606076622779,-0.8405147854494889,-0.8995122208885588,-0.25784069331465076,-0.6491084593518495,0.17703526384325183,0.6788701786182761,0.45660357859947515,0.1148117826704147,-0.82967662823685,-0.6296921984450288,0.0995003431287749,0.01605333798353013,-0.4066757413905624,-0.9186743669004345,0.07494455633526949,-0.6250893046518136,-0.6715448870416819,-0.12678120827343164,-0.6846220678534287,-0.6641411239864408,-1.6452064891872131,-1.3779212201297881,-1.3807857808893687,-0.9806992431304472,-1.2544574556987746,0.9981610561869634,-0.6841432089634836,-0.3157621979444218,-0.26303781603333853,-1.359411070725149,-1.51957718128153,-0.4990207225621269,-0.9841800201016229,-1.4267816144972978,-0.28852823926302046,-1.326468158976089,-1.4087355494000382,-0.20618332963653813,-1.0751947028741586,-1.0204180199388297,-1.323889370211157
1.0525471016491597,0.38860851326229356,-0.23545041644972786,-0.732095458666,-0.5183942952063844,-0.4030657170322508,-0.019968032946692724,-0.2536914346442815,0.12789004784592337,0.22110470506968025,0.5974141760988875,1.6165353269904434,0.4952299425055549,0.7508122996677737,0.3391803003012212,0.08999831876428871,-0.19369629439999522,-0.8558221207813422,0.34522446565258363,-0.579324460960385,0.24952267865738822,-0.5312419383738718,-0.5174885543782999,-0.7572135762797277,-0.9729689861883521,-1.224908355747777,-0.5649883360743928,-0.8043942319314813,0.5624895182177232,-0.6331423209198603,-0.5314635377448637,-0.6840065823866769,-0.5936380965906797,-0.7090082341223493,-1.1723615925764774,-0.8590998418256465,-0.7937491215028166,-0.7611779224700141,-0.9755800913332733,0.21102161538897088,-0.1987382183310419,-2.1583544377566453,-0.4858696031353773,-0.4906701970173777,0.40864398623864406,-0.01652730875744946,-0.8462033410840644,-0.7452361334245399,-0.15092572666267975,-0.6994986173015556,-0.6741270752475477,-0.8864605023878491,-1.1960812151900402,-0.9808019927188839,-1.121159325570577,-0.804178781133916,0.13090417952442165,-0.324834526153889,-0.2977951205329631,-0.2577275916453719,0.9356978117517072,0.19534441228851057,0.28684856344216053,0.23395300029330923,0.20476254036577674,-0.6738963966559322,-0.7213043456626543,-0.822396930423926,-0.4671706126330575,-0.6305959517431826,-1.2414953906056159,-1.2343248956405064,-1.89588491789809,-1.1100229715977397,-1.5663431751426262,-1.1013664482270682,-0.6933119229301355,-0.5067597983242771,-0.6492685867722048,-0.14822581061507814,0.6345482524546026,-0.03158724613949911,0.2892155481359269,-0.9522005713496084,-0.525337479312512,-0.3252309709115249,0.2842605828874089,-0.4006843313539922,-0.38528622811341434,-0.009624260182073676,-0.9382308791094753,-0.5772423261890318,-0.6346312986745181,-0.5229273832378332,-0.8066831988280956,-1.5072625750181599,-1.4135671935679592,-1.405711561612649,-1.1482217222527473,-1.0531715337349363,0.32829415750192537,-0.515641604444307,-0.2691415199274045,-0.2670050853110521,-1.4399147493888393,-1.2941150153252527,-0.31195271290951876,-1.1953589797401696,-1.097593172225041,-0.21354503505372105,-1.390964760605884,-1.4812386501226222,-0.3599386648031681,-1.1748480608114258,-0.745640991038353,-1.1774452887760036
1.0357855579900568,0.156477732402254,-0.057414485449512845,-0.9050439152519031,-0.38482584635473754,-0.6271257551251663,0.05898572693057928,-0.5796115404889255,0.21932456517404308,-0.13991939259789685,0.8782764149992426,1.1178755526277446,0.5943105871371885,0.2080023936580098,0.5728752251846042,-0.159044163655341,0.26394266943682015,-0.8489113528676072,0.2662136018798167,-0.7010386619674527,0.3774564669881859,-0.5899145398992035,-0.4054129080604466,-0.9670440431730025,-0.7650755240956979,-1.2943068337558434,-0.32666837953998373,-0.8626544536081368,0.588708513424422,-0.7718421285541662,-0.5666046823227457,-0.7065613314300704,-0.5695265975789474,-0.7653749410700678,-1.0306951533804707,-1.0254475393814253,-0.4256690770509287,-0.5446919883211705,-0.7873646792010635,0.22746052739172593,0.09898609923763847,-1.4013405145087223,-0.8986229480073871,-0.9414057294057425,-0.12360193389472716,-0.5030075384984061,-0.925159571265745,-0.8566352483641763,-0.25851195442813446,-0.6994409218263719,-0.7096739769947538,-0.7869628553268481,-0.867848872933636,-0.7179757294295249,-0.8225723387920801,-0.4650527248732286,0.2804056204091567,-0.25913956971226787,-0.2426526026282217,-0.7794620814583834,1.0469806192824853,-0.21760781462727372,0.6235167842894628,-0.01855389013912408,0.23175971686681723,-0.9908778922523668,-0.7783025453334762,-1.1929833638800675,-0.41999114645823526,-0.7058150365289287,-0.8426691960695764,-1.1582049398785634,-1.2359585158007695,-1.2248353454105478,-1.0044811408459036,-1.291760931572335,-0.4528753254173466,-0.7334730930021849,-0.6624575084874154,-0.5014990031935941,0.3728815216096773,-0.6267326235343904,0.3617652598473874,-1.0696255133695074,-0.3382224684335276,-0.7162697682196092,0.5372969212161898,-0.3843759476322893,0.1620794742432969,-0.11680618883565913,-1.1757753931099932,-0.4363015560983668,-1.052805785478123,-0.36524890823537526,-0.9653448591005853,-1.25016271386712,-1.3814165080994583,-1.310676418296508,-1.2584175467188434,-0.7735039693614724,-0.36143510204701196,-0.35879970548196655,-0.3153499544077334,-0.17184541154017108,-1.4460544030075888,-0.8174328587094374,-0.20656621971497643,-1.3182290709276474,-0.7349478791761436,-0.17700105226505122,-1.3174063700956204,-1.4362380820330354,-0.49260273595980025,-1.1365060721974267,-0.34761702902205827,-0.8713176195489469
0.8932707224110936,-0.17353485943748714,0.11773738794787446,-0.9610189398889277,-0.23460377210533925,-0.8348154092794366,0.09939216915245525,-0.8572135672980272,0.2282971279681921,-0.45168974762397324,1.0086550038113902,0.4182165359437254,0.6179819030491396,-0.3937431671180568,0.7335418762501924,-0.43052053699479925,0.4972662920693006,-0.868093415783167,0.15540340588796347,-0.8022220499835947,0.4839261432620026,-0.589965205283327,-0.23969324352007734,-1.018773809376743,-0.4424335598766076,-1.1643951044396819,-0.04985186197266196,-0.8583240788735224,0.4634275012524478,-0.9333214267106786,-0.5792306747444068,-0.683923168409372,-0.5387684597331557,-0.8030983052111201,-0.7743686189511995,-1.0852817621864315,-0.03371867526283538,-0.30353504885937954,-0.5724712557399587,0.20791835176587484,0.2943406144311617,-0.6181543999281586,-1.1145179459395864,-1.1885113263009952,-0.5191784277302002,-0.7958419586859405,-0.8883031424873012,-0.8540986731482819,-0.2967547637213556,-0.5401707627365897,-0.6425233321033372,-0.5567710859219428,-0.5240560846253636,-0.46217209160662903,-0.49978841891547365,-0.1307039937336944,0.29318788742607715,-0.24752406479046626,-0.2058376490941306,-1.1719273081437054,1.014445888460877,-0.5884229527758333,0.8400324900220835,-0.3441726473856675,0.2524658966621747,-1.155762706103391,-0.7618814160265618,-1.420769162511598,-0.3621141660990119,-0.6849254570383988,-0.4175113510413455,-1.005414233960916,-0.5657871170471523,-1.310466818585237,-0.5312741197826087,-1.4102329831948897,-0.2116594019973186,-0.903097328968655,-0.6900560423069445,-0.8342583144360344,-0.08822344919143608,-1.2399442069166486,0.3047964981018555,-1.1872541407879598,-0.10678737416030681,-1.0238273811953365,0.7363061741153901,-0.36274633496507946,0.6610843619312001,-0.21211649061603235,-1.272036681553194,-0.2365814312067013,-1.2885714073988894,-0.20460428693125707,-1.1307554432731615,-0.9337702347873346,-1.2892067485871004,-1.1112987384968713,-1.2889045430123525,-0.42443392596461965,-0.950178250722212,-0.25003400478641685,-0.42433214054160945,-0.01872227600194017,-1.3415508600256696,-0.11773506371598912,-0.17056860911850363,-1.3419435808297433,-0.40519809183098077,-0.18053972234498455,-1.1247797628523182,-1.2916078435083025,-0.5737306350002479,-0.9644453744322996,0.1323456847244469,-0.42273069240101185
0.6832395863754871,-0.5500086005220806,0.2788166582371238,-0.9009301751938844,-0.0693215625614186,-0.9969888993156152,0.11274475449646405,-1.0435251255824682,0.1838287456232261,-0.6614445471804743,1.0198366649906165,-0.3469042711316762,0.6153064266416383,-0.9415670097578716,0.8100724202982694,-0.6930560740947661,0.4897128384920231,-0.9096467909560322,0.02766301755752545,-0.8798926883792049,0.5202842276868589,-0.5422894542534004,-0.03732983536450775,-0.9068082744606133,-0.05060564902569508,-0.8575371512177856,0.2263207036291338,-0.7851065163894498,0.19204440481540938,-1.1205050955343219,-0.5698237021268,-0.625391379896996,-0.5035884988906904,-0.8203783584706124,-0.4536603313112322,-1.0437161662041534,0.3024967055185722,-0.09864441003550453,-0.38424442119203933,0.11442618351489679,0.31988855265610877,0.07571952330287637,-1.1190084583381048,-1.1980311099078378,-0.7347642345817137,-0.8623949212491765,-0.760997171077048,-0.7396448760001776,-0.2852427181989721,-0.2738053233216577,-0.4961754311192833,-0.246130064489651,-0.21469408122744518,-0.23518174074249562,-0.2049654449514737,0.15306368518074648,0.16618824456045994,-0.3037580238681733,-0.15571732806230323,-1.3565926660759278,0.9010838794825907,-0.8474210094063716,0.8929084200882288,-0.7147801591635119,0.29079551628787553,-1.1534163670498818,-0.6771023783556389,-1.4787677087479039,-0.3157441600813519,-0.5901172246994345,-0.018483669742106655,-0.7766334740479663,0.024416333835832475,-1.333726531481905,-0.16844113074580253,-1.4531844439438997,-0.00043066050528580064,-0.9862896919143659,-0.726634184849171,-1.0944616998468544,-0.6822436164727286,-1.7690429635382987,0.12381518009706181,-1.2945126825805895,0.12481450759739873,-1.207496220605139,0.8550941427752834,-0.3380337465388044,1.0569567199832426,-0.2639827591222289,-1.18326760223246,0.02108918125736721,-1.2858562151912836,-0.035260544232125275,-1.273235302882881,-0.6191825186425093,-1.1438121457783625,-0.8401649285267015,-1.2229835888948404,-0.024373959057169565,-1.335873072241431,-0.20623550144276936,-0.5434694066847926,0.13309945131324782,-1.1071816070979559,0.705476745586471,-0.17149093072502675,-1.270258438412341,-0.1595019429791225,-0.21714812163874078,-0.8465756392744417,-1.0738458702456741,-0.5832687213611593,-0.6857316575529555,0.6235621432520407,0.1152801021688769
0.4694934453326279,-0.9020798184408902,0.4176161829041833,-0.7415651586342544,0.10564410220298008,-1.0835640460830631,0.11658746600194267,-1.1059539363459037,0.1252908795241182,-0.731675819192073,0.9576777456310683,-1.0294972051732103,0.632963863374071,-1.3336592291759255,0.8067961387644071,-0.9138268675626812,0.2794124509150069,-0.9496777831797943,-0.09598679240865253,-0.9242914772748078,0.44722081402926184,-0.4700150135614334,0.18005656330435554,-0.653754828343483,0.3517189236767048,-0.4259387813739003,0.461005741948942,-0.6459931230843704,-0.18713732621915935,-1.3160145608028944,-0.5383815088923815,-0.5427719890078366,-0.4614162391900827,-0.8117592479540651,-0.1272780706522343,-0.919281969390158,0.5151866182080418,0.02267136297278226,-0.2657478067756424,-0.07244660084568677,0.1389650408087312,0.5894777362218444,-0.9317813158359611,-0.9776791359284067,-0.760416398372993,-0.7141008962625998,-0.5764092754648251,-0.5315370879044412,-0.2452189165100559,0.03368125530615354,-0.30155732973719246,0.08422305499853942,0.027933831652426754,-0.048343032025419716,0.02026059354818595,0.3522187288338947,-0.06808199050247207,-0.41570531459248394,-0.06402015121534939,-1.2918323673446384,0.7776165159101849,-0.9426083407592538,0.773020851338116,-1.0833814048495116,0.3650593119857814,-0.994320082045027,-0.5385563556345537,-1.3654859964906672,-0.29583742984118255,-0.45173537321779655,0.3114811546744257,-0.4863081268824264,0.465701784210823,-1.2645153308676285,0.09284139098695533,-1.4141243602775937,0.15966564970836755,-0.9636533817541353,-0.7596309717042188,-1.2357049609247572,-1.3035730360625917,-2.118711318807468,-0.14234115505292114,-1.3672121653992695,0.317509205832813,-1.2432343203320833,0.8836850545539827,-0.31061585948940157,1.3103379292533799,-0.25176708213997384,-0.8991330884108503,0.3210076686840396,-1.0376553550925818,0.1451029544660411,-1.351073095073038,-0.35541197966032384,-0.9513612689942645,-0.53992192404772,-1.0543368983950032,0.39748358308530085,-1.4581591490252381,-0.22236947628543136,-0.6130750742799872,0.22243171266841583,-0.7498788581029094,1.5015220988346585,-0.16803780304867494,-1.1192552535014209,-0.024879185785236183,-0.2730599712920779,-0.5236759742081932,-0.8127582853088238,-0.51523769482246,-0.3440206398664789,1.0420123126151148,0.6613939925334807
0.3065286409480911,-1.1560287655692838,0.5277747675476985,-0.5127790639359211,0.279517526227877,-1.0713364991011813,0.1273123356042995,-1.0314176689844525,0.09094979549297401,-0.648095535170016,0.8678836122710488,-1.5018041288379964,0.7016865949212522,-1.499962366313971,0.7416228123444929,-1.0632458351333398,-0.05186479298943193,-0.9519358632995778,-0.19062282581244736,-0.9203103779020092,0.25170617703311765,-0.4012737703425033,0.3886072083984862,-0.30537625700729104,0.7053821696224365,0.05974827059888331,0.6239038258740164,-0.45118099937343564,-0.6098806978393325,-1.485381379666939,-0.4855193829494302,-0.4483649900548241,-0.40717446833916937,-0.7707003830111219,0.1496669439872184,-0.7402573321918875,0.5642265275700505,0.038049744809791675,-0.23880954689961426,-0.34431932841521795,-0.24177196252487063,0.8721459641811944,-0.5985006388140057,-0.5720444574652248,-0.6158060127636704,-0.39751982524936214,-0.3654749159560456,-0.25876059942074,-0.19066473477328896,0.3213842985411992,-0.08818616532593947,0.379943967109995,0.19425925416961756,0.09721579412381194,0.15267755831768964,0.4521106220753714,-0.34770492822691573,-0.5489854075112922,0.08588655741379046,-0.9812276239167672,0.7020891954616058,-0.8529817899227923,0.5066759937121886,-1.3947865095994971,0.48094123412841283,-0.711990794314758,-0.3678489593148967,-1.10466284160195,-0.30438338025369066,-0.29933490235541477,0.5441420113083757,-0.16219372853203914,0.718665762821774,-1.0866431717161236,0.2776937730487309,-1.2868649423845056,0.2610915960640186,-0.829559762874212,-0.7719955976736678,-1.2265644522094856,-1.827771079771791,-2.2201994835534604,-0.43059422967821726,-1.3749953455936166,0.44532738373172875,-1.128290674118054,0.8278000556324177,-0.28022729310449607,1.4025277710178858,-0.17107354173530295,-0.44798020456588505,0.6339811298530628,-0.5877097707148271,0.33375485010261613,-1.3244164687904147,-0.1701360477885053,-0.7190492922978968,-0.253713485881897,-0.7904641856450825,0.8023100095633914,-1.3119546671101951,-0.2752999012656786,-0.5844338963210568,0.2044793889576613,-0.3057017004159303,2.1060259962005916,-0.1242107070959494,-0.9134095794615232,-0.0011934913234081268,-0.3302641981059522,-0.1969032696130343,-0.5370472626822728,-0.3786281274873266,0.00956995938012798,1.311201649412864,1.1228128716547345
0.22813319506775764,-1.2539430449627125,0.6030026878997842,-0.2535830662953835,0.4357069335358674,-0.9526913591161069,0.15338464179519865,-0.8325233125864041,0.10615201124246747,-0.4249847839767673,0.7841091416306789,-1.6838407551468342,0.8276010861694021,-1.416005669300243,0.640173569927748,-1.120663150903722,-0.40087034780735925,-0.8807123394287322,-0.23236310884160943,-0.8527241026780413,-0.04355783024009759,-0.3609569089252128,0.5638766366008637,0.07750272193046602,0.9620914331694553,0.5233345044057949,0.7035741825162234,-0.2167190728158086,-0.9998866158604464,-1.5864874061959369,-0.4144276733397401,-0.35391264819471513,-0.3372247712897916,-0.6937924709831317,0.33545637139805967,-0.5401586992097777,0.4464901687950541,-0.04591679738714465,-0.2989138943131727,-0.6637396076570274,-0.7684138324803576,0.9186219687669293,-0.1800979976691932,-0.05240391402405718,-0.3427326556980588,0.019350372764340755,-0.1507952052494059,0.044260222746883064,-0.12448835853394401,0.5473495764380406,0.1210216187784281,0.6052195852183512,0.2948702488562675,0.20703566794359912,0.1903242956843061,0.4593617053001502,-0.5960850689455985,-0.6576897405544943,0.29284181815371463,-0.4742400076479478,0.7042597995164586,-0.59645876872144,0.14882891513578314,-1.5991468604530807,0.627278490618068,-0.357701421899899,-0.19065020869756757,-0.7417687003784197,-0.32975413776110957,-0.15550342046039864,0.6676992632475375,0.15812085777209453,0.7758055974336414,-0.8057030386801382,0.41170526401129315,-1.0715691409301809,0.3093833143990954,-0.5952431047534043,-0.7474680776326109,-1.0584738806574479,-2.1392360231642473,-2.0468606236860167,-0.6703695539595983,-1.2924199290053777,0.498474409296996,-0.8834782716835798,0.7048593547775652,-0.24746749379095448,1.3370784709297283,-0.03549241877262519,0.10559438471380658,0.9217471687142731,-0.021574709028561963,0.5217883522121917,-1.170745970841155,-0.0669663158439914,-0.4579726887075227,-0.01591370239633648,-0.4542691942373649,1.1457625607199022,-0.948633831521853,-0.3325199305470286,-0.4353411374239584,0.06585521457075864,0.16494129485897233,2.385451048707411,-0.021644125120375654,-0.6811711053993565,-0.06463253577893514,-0.36950196798084123,0.099072642827744,-0.27172373003100836,-0.19555091686340367,0.3258807831035388,1.3821031891529343,1.4172343799116516
0.24108245649648108,-1.17036731132071,0.6358830822732031,-0.00737726544945961,0.5533210370014205,-0.7421221946148823,0.19153093209432998,-0.5482856105910824,0.17484478320545682,-0.10589216789768993,0.7215331616901469,-1.5597698406452039,0.9904826029817494,-1.107330174508493,0.5275215053694209,-1.0799784529976426,-0.6709197174729837,-0.7153939258276977,-0.2056455324130733,-0.7143562565956096,-0.38204270124918577,-0.363814920488281,0.6822819877078913,0.42862889035529106,1.092075810660853,0.8949890087874612,0.7085898551154848,0.035171768381563676,-1.286180665376825,-1.5825231367663186,-0.3324991850077923,-0.2701670968548906,-0.2534533127420016,-0.5850468013010534,0.40766420584321506,-0.35296835109293373,0.1958067938042158,-0.19827382469827023,-0.41731878017459756,-0.9723427220592596,-1.34714561809018,0.7648947638646744,0.25741009085086547,0.49594432841595454,0.0032508544099939833,0.4609668571574563,0.05375719009506427,0.3412602878849926,-0.04127398977294855,0.6933030260127574,0.3100348369131238,0.7464169793594945,0.35123739306771634,0.28753459764909833,0.14950457644613085,0.39725466837283296,-0.7427769141692137,-0.6996394649997161,0.5354344276700819,0.14081988517884605,0.7788330516660028,-0.22964993196276376,-0.23028907574051902,-1.665138754457862,0.7764687001382866,0.006786623475962059,-0.03347972636636006,-0.33770472494651055,-0.3519915975581105,-0.0341925374086155,0.6852811436472481,0.4331781883258635,0.6581965277040623,-0.451740545600668,0.5087383697721992,-0.7812168136943206,0.318095965756245,-0.2904390169867586,-0.6770364712066524,-0.7503390729269919,-2.1605915508924043,-1.6224521294659706,-0.8041249115127731,-1.110848811391032,0.48092313989064817,-0.5523249940809746,0.5377619239285375,-0.2154978732788544,1.1372738998788294,0.12526949603131757,0.6709402770718249,1.1435618272461519,0.5506227115384371,0.6937102496241102,-0.8970296036023997,-0.029716430712884066,-0.18573806784474028,0.15400886570411598,-0.08329317977405773,1.3846214005199178,-0.4647161960008666,-0.36327397343634205,-0.1787109578096263,-0.1685833456292497,0.5894055349059588,2.2758366358050024,0.13391971995632448,-0.45085836833031945,-0.17671040538733662,-0.3736951767778865,0.3394294429150471,-0.03743238697486759,0.002919739233318309,0.5651925635663382,1.2466998113938907,1.4940625079264211
0.32459685006938216,-0.9226588194148373,0.6181909023305355,0.1835837086921571,0.6107569064193336,-0.4775596905442458,0.2273370819054023,-0.23816642081286205,0.2773459829190546,0.24182978375899267,0.6766562825607805,-1.1797239561801207,1.1491392837517989,-0.6437755678173842,0.4201231794600534,-0.9533844873440865,-0.7983557208797583,-0.4621597649007914,-0.11091450035145703,-0.5144619635102875,-0.6866872043562461,-0.41074349472246574,0.7230540009098128,0.6862440408435666,1.087119754184376,1.1206289617227128,0.661324543663759,0.27485422238932117,-1.4194941861851886,-1.454441211059019,-0.25146647225802027,-0.2064481682812148,-0.16573334832546746,-0.45836454410646255,0.3647012394193449,-0.2085251736550113,-0.12657954813420738,-0.3752954687059776,-0.5495601266118147,-1.2065304930193483,-1.8626832038786953,0.4739593899505553,0.6510703085867618,0.9865381473396246,0.36054849426156077,0.8554870276362304,0.23879162414400276,0.5961658820471265,0.06503183477501706,0.7602367287345059,0.4664000697073382,0.807344444113689,0.38341288055811473,0.3401686123824789,0.05729367744939283,0.29635409250266637,-0.7450726854800416,-0.6517547144541185,0.7744554805235228,0.7509282466369964,0.8889909454566025,0.16157596292068446,-0.5620863000137792,-1.58943365513129,0.8899857075496449,0.3179037499453375,0.07976466073317329,0.039878757647870064,-0.3522752788674155,0.05682907004541671,0.6111083449702698,0.6250485482401201,0.4077809752588371,-0.07560766622352233,0.5656384363990484,-0.4455508756034641,0.3010948134172596,0.03781758636985896,-0.5642170952539337,-0.34819747136833756,-1.8762295478433872,-1.0200522185945566,-0.8059791210978883,-0.8473751440180923,0.4040287696515946,-0.196578570479743,0.3481720812738317,-0.19142880395512618,0.8400083871998483,0.2704535349039435,1.1477362577995582,1.2636400119774425,1.0159392139501984,0.8282192576450945,-0.5441763951802241,-0.031821676642452085,0.0726600541335033,0.25294147251419347,0.2738966844838594,1.4845742514780105,0.019224714148264644,-0.34890711410389663,0.1383365481864808,-0.4397008306284298,0.8995568853610708,1.8041382062763878,0.3142136931013722,-0.24720982139774597,-0.2963288561885347,-0.33148155566461035,0.5102691337901737,0.1490251726855184,0.1824323173711804,0.7016790471294988,0.9414885098353847,1.3487503570548398
0.4356229730586979,-0.5713483974263039,0.5429816458126203,0.28426936137736686,0.5907255071571139,-0.2148254046383265,0.24007966559763774,0.02983312696032862,0.37546326396222895,0.5387985641177162,0.6323547393408394,-0.6469096296306626,1.2524200831682315,-0.12476540781617289,0.32077037235579736,-0.7713362720195204,-0.7694652602171932,-0.15833427426224528,0.03051191149226422,-0.28340184409841945,-0.880528165575662,-0.4890542214398698,0.6710996084198358,0.8023151018955234,0.9593760560828416,1.1683130812637912,0.5873739572454318,0.46536562221331856,-1.383200088545561,-1.2087932114135027,-0.1854864470089261,-0.16971116456920077,-0.09138933656158968,-0.33667021761844396,0.22354962024035768,-0.1284760751468006,-0.44816595788226077,-0.5348676135398542,-0.6475670806329447,-1.315711943913652,-2.203947408477953,0.11707986254207851,0.9472324556410376,1.3435726106471597,0.6686017444372746,1.142819985285641,0.39388573315194253,0.7749700543014669,0.19257002464227616,0.7587117968795912,0.5774545537921166,0.7998544251428108,0.3998455380669957,0.3581924441980986,-0.057530198036229996,0.184087436549916,-0.6032046931372353,-0.5202292901466984,0.960576759043455,1.238120663699843,0.9788196068085209,0.4794398618807654,-0.7956504240071993,-1.3995726008434202,0.9278636681667067,0.5197171948792738,0.13141041632564826,0.3269916992544838,-0.322596338948042,0.11171872947613551,0.4658010762859667,0.7067502886588177,0.0773258574235721,0.2606057279730645,0.5646224154696687,-0.11009676014489349,0.26541017957118074,0.3307076041271154,-0.42667127091790635,0.08116858573499643,-1.3422045154204476,-0.35068399946712137,-0.6921936278005918,-0.5469505144689577,0.27926452929621615,0.11233566120934373,0.15127225027098695,-0.18648841828405632,0.48768744179116186,0.355862483044095,1.445481030918191,1.2579808375394441,1.2804502425668198,0.9007652456635634,-0.18133234646942592,-0.047261694530855075,0.2868906513038696,0.2911472045582868,0.5644349578190345,1.427299472577121,0.3846599248726542,-0.28934486427582845,0.44497118623905607,-0.6682757665000556,1.0486513287201042,1.0852203382857053,0.477594984502135,-0.08867706474325848,-0.39143113641598704,-0.24011308917989568,0.6075883784303622,0.27414176313241356,0.3115547333636629,0.7249876250606363,0.5400306224757169,1.0256951026877443
0.5193832904082262,-0.20861202621683556,0.4078774392131644,0.27285360880595727,0.48544384084299547,-0.01568751279624025,0.21009571152796555,0.19436158121607297,0.4237849471660384,0.709962844718416,0.5661225972650841,-0.09297232488317465,1.2530708509168427,0.34157087298831285,0.21866439342010457,-0.5775630031535599,-0.6219669314145919,0.13347721531049275,0.17767705353124408,-0.07010168718278617,-0.9079798670275959,-0.5763640146223254,0.5205659636713046,0.75016291129387,0.7371535215831857,1.0316894050646381,0.5054401592443255,0.5663420235397371,-1.1957885750611483,-0.878157632309533,-0.147543628038309,-0.16314224535381988,-0.05127134596883331,-0.2472591732475173,0.014799421859570366,-0.12324555379317685,-0.7030554064670564,-0.6484378952291027,-0.6717696389716219,-1.2768657445969753,-2.290210597443403,-0.24341868524634125,1.1067877487461686,1.512144856972496,0.8751405829580389,1.2804594023321325,0.5046521026429661,0.8490553711572225,0.3267406060753451,0.6994797204332938,0.6291965898387497,0.735128494338761,0.3937436981068381,0.327958966668057,-0.17182147884049062,0.07740274837802819,-0.3627918533506909,-0.3411901516701723,1.0461399335946053,1.5021577186408008,0.9909102344851037,0.6359553180745969,-0.9083139750745276,-1.1486523578833532,0.8596709925979583,0.5731341244349176,0.11328103837496306,0.474228402398292,-0.2711025302554526,0.12356661232047855,0.27231681466606816,0.6681407277944832,-0.27956840245993403,0.4970861313769721,0.4818937326765998,0.17069331426133533,0.20794943597171678,0.5279533263128839,-0.2926870390793154,0.4624281711817923,-0.677129326821622,0.2574453877785009,-0.5187796663361681,-0.2752606420801404,0.11354550369425952,0.30562075253662385,-0.04630176232856242,-0.214110441604014,0.12049798880074404,0.34312194261628665,1.502062481524808,1.1192969994464428,1.286981759307367,0.8882052927702517,0.10949071245274894,-0.05895579053222597,0.426543983846067,0.2865780407586456,0.7405724954003092,1.2151165790995833,0.5404586529583988,-0.2035269301217715,0.6642554280273055,-0.7757730338642812,1.023311904710703,0.29439055822883925,0.5826505417309122,0.014436399826195113,-0.44673398135478926,-0.10675718138356348,0.6351074005728516,0.3281886794002672,0.3674136470598007,0.6398207227251727,0.13634038601280837,0.6080764469315577
0.5236199747475512,0.06392584434992794,0.2183593824740431,0.1454835462554582,0.30047559623275205,0.06774087070491178,0.12615489286209994,0.21532545309728976,0.3839799778524063,0.7021008348632322,0.45906129359098513,0.35286532318321584,1.1210758456496952,0.6613044936617608,0.09508763294662194,-0.41942206551221967,-0.42983549198887694,0.341197088198719,0.2788899155986305,0.06886018162526751,-0.7500318972302954,-0.6468332528950973,0.27825169130669,0.5295074688427069,0.45900854725977136,0.7305666651274596,0.4220507111159483,0.5427760151305281,-0.9043148811893523,-0.5137719503536756,-0.14538385863003947,-0.18484126665337083,-0.06333010839280805,-0.21433546619664565,-0.22374442808800812,-0.19050671007641695,-0.8464365641574764,-0.7065125599721195,-0.60011098048654,-1.100484562639309,-2.0903374171369324,-0.564596275243022,1.1098769882805055,1.4663157994774796,0.9438420381364606,1.2480701420003504,0.5545720245528049,0.8004951406930383,0.44189055640032177,0.588914038077604,0.6091689759235515,0.6198315503795531,0.34762059950539587,0.23491775146907518,-0.27145678843690624,-0.01889720269070568,-0.1020094964031716,-0.17050990555043027,0.9983473048146219,1.4819195847454505,0.8841772510767048,0.5739914274409991,-0.9076151936304612,-0.902327452893758,0.6739161356906048,0.46339987728572446,0.028838090064293092,0.45632845650531373,-0.22021044772160425,0.08484961938941418,0.053471143938990356,0.5188456509194707,-0.6162693145091317,0.5905425884365167,0.2995176181470255,0.34515417712586693,0.11790958321343582,0.5815325232225448,-0.1930447235595461,0.727581860395235,-0.03402083179391612,0.6858045666069883,-0.365267168470703,-0.10273152068354717,-0.09060057563731708,0.3316010321426935,-0.24453924049516476,-0.2857998837435599,-0.22873796476335612,0.20922024142601936,1.2973408733493832,0.8592246928364168,1.025587232191868,0.7751643290595553,0.25480019968241147,-0.06192882200438713,0.46858908672793304,0.2587270578372291,0.7702168674403052,0.8720945096107925,0.44203445075544073,-0.12330832833258906,0.7334736028568071,-0.7061125951312458,0.8467293473804625,-0.37753903132333644,0.6015721785838694,0.060772720005294587,-0.4651758322655704,0.05249567976891074,0.6019746801467858,0.3070971667363409,0.3398595832925127,0.46433375013222683,-0.17700767388224725,0.19679373581143042
0.41362680893844794,0.16312650004301604,-0.010274219910167127,-0.08146590112549762,0.05594937438388455,0.007973070372557508,-0.009596229319412217,0.08404571355306964,0.23791339590414853,0.4981051170401151,0.30338749199672527,0.5939141519181789,0.8532894175691749,0.7748836283834527,-0.0668914145902203,-0.33564392358360096,-0.27601911328821377,0.4050125383140708,0.28681937147399017,0.08620281076304241,-0.4290972784615194,-0.6780277621693231,-0.03434248887798511,0.1679480411086288,0.16722863287048076,0.30849356024739794,0.3330475659180274,0.3769746113762519,-0.5709517730070472,-0.17263093511508104,-0.1785211938148963,-0.22738236287864153,-0.13567297513561913,-0.25094356526442524,-0.4536844107198857,-0.3155068624278044,-0.862156856100615,-0.7165601377880955,-0.43231189206267706,-0.8262937343935074,-1.6298404629887642,-0.8243710006083176,0.959425574877203,1.2138643391914894,0.8612661573110915,1.0506762650821149,0.5309659103340678,0.6281658766988267,0.5091213149217474,0.4306008244879776,0.5121746720921324,0.45820342123948005,0.2440218082842879,0.0723296175068646,-0.35051413606947446,-0.10821606780203188,0.093350822611447,-0.06549409888868976,0.8101012156880014,1.170546311653463,0.647043601246668,0.2825554797774433,-0.8243193861982084,-0.7210905909975414,0.38321411651155574,0.20421578938233084,-0.10664375234174361,0.2781565083749589,-0.1977628606990358,-0.008561496865382285,-0.16887518292394135,0.2872857811906819,-0.8974020974358805,0.5255105154971459,0.01691514460211642,0.3781096077476722,-0.01572636919161182,0.46935615184123786,-0.15086553194117144,0.8316689202645042,0.44035436781076626,0.8528658175451039,-0.3086195063624509,-0.08349813428187089,-0.3300948186723687,0.1693827443390423,-0.4447985504257867,-0.40576097162456154,-0.5359862941441793,-0.045612347500459095,0.8586718642983389,0.5075451653547413,0.5351661758383885,0.5607781484825949,0.2110657160338763,-0.06092254457539865,0.40488601101625743,0.22383474457558186,0.6459735223077613,0.4413572441664186,0.10033923519156587,-0.08239226408028574,0.6220048319236836,-0.44256863946663916,0.5718766387574272,-0.77441969455661,0.5287818724434394,0.05745096437537405,-0.4628069238882987,0.21590129929202911,0.5210163787487896,0.21513680059285673,0.23349826567164536,0.22763199418188257,-0.33092725421126545,-0.11586397435950982
0.18416428421296974,0.05019839070285489,-0.25324750950498803,-0.37265497392318886,-0.21545063695628344,-0.18804410935901006,-0.180616000876651,-0.17374834516973703,-0.004358637530174095,0.12403038544953851,0.10679783042716415,0.5883446399522078,0.47701546177850457,0.6700928645726263,-0.2719424562593184,-0.34485462442388576,-0.2221855698662187,0.29822566023397495,0.17524161009674746,-0.03848666598442745,-0.0029709053424121657,-0.6566681833035216,-0.38143249428588727,-0.28182677651335497,-0.09844567578586809,-0.17276615428576425,0.23060351695501685,0.0796723918875223,-0.25679049528401404,0.09682408389078324,-0.23751398144497166,-0.2787930187379082,-0.2615114877580663,-0.3529940648806602,-0.6418234647764006,-0.47330974499287565,-0.7623351668842064,-0.6952793275622585,-0.18923595306155874,-0.510902431666615,-0.9843391334997561,-1.0154348650457699,0.6820317536067365,0.7963124560510444,0.6408734971733974,0.7191746085823199,0.43212044952532475,0.35221348609806014,0.5068919465487756,0.23106922827323614,0.345834915048457,0.2578848929444369,0.0777019476861786,-0.15076761921065993,-0.4077231513867129,-0.1951184503585212,0.158744840255077,-0.06457232191070197,0.5049302984223837,0.6199169962316476,0.3025373280232287,-0.19765915064578757,-0.6992290181974586,-0.6427561758962229,0.023744986217164487,-0.1629039001542812,-0.26832016621011107,-0.02477228189935951,-0.22471196312566016,-0.1518771118767782,-0.37365620606217603,0.015747092722296897,-1.0994670813383853,0.31959957512703224,-0.3415117711944054,0.26256980141052405,-0.19460069631368784,0.20452516542296678,-0.17310643871313838,0.763803097691797,0.6468823034667686,0.7349854289228627,-0.3954297297494661,-0.23577851786097567,-0.594072805734149,-0.1621753896875881,-0.6433208940259897,-0.5661818483691395,-0.7841300106088549,-0.3939082259780972,0.25706822764758985,0.10861816625241409,-0.10368174596855596,0.2637433663512871,-0.020252153758530688,-0.06433933999410416,0.24715616966202744,0.1923418097950938,0.38976233110460246,-0.020869842823403206,-0.42085000000036776,-0.10364963200865718,0.3420464733072305,-0.01527272914556741,0.26681151994143926,-0.816151461553103,0.3821990069645368,0.018337953395254587,-0.45913485435580526,0.3607777397956696,0.40763056476185,0.06705312267142907,0.06720541000505696,-0.03378688176238667,-0.29662480726055607,-0.2702282930064971
-0.1355560260107759,-0.2539254363197889,-0.4791818730075336,-0.6788245297465285,-0.47345557585830195,-0.47761524706141706,-0.3590345667295512,-0.5029000119581444,-0.3042003050356274,-0.35357929591606785,-0.10723276450554753,0.3582068018417946,0.046543229953432526,0.38456774165182855,-0.5051534097761753,-0.4386089873883608,-0.2859737247401736,0.039893839355991605,-0.04865847987486005,-0.2871528027446627,0.4492701896500502,-0.5818767306740852,-0.7164376958339507,-0.7492121543419802,-0.306098542641619,-0.6416085842321855,0.11206906878353605,-0.3046067611305533,-0.007661541878637112,0.26593254252336973,-0.30585521777269,-0.3248976389861889,-0.4179769635254343,-0.49762245368314884,-0.7642801528179415,-0.6326763581380171,-0.5803108427511203,-0.6590870918025898,0.09181039385494147,-0.2121114682995334,-0.2619976296354977,-1.1356642323144925,0.32482801038604586,0.28320174546383986,0.32199781989771026,0.30671107198762965,0.2719032691079685,0.014290008636287625,0.4298394193121097,0.0057134626338280125,0.13286631953086137,0.035520053486000965,-0.13608326939657017,-0.4058647101721107,-0.442426199234971,-0.278715436384639,0.07348489772629474,-0.17230308676526848,0.13403607853650704,-0.06771034370230343,-0.09584718454446729,-0.7802287171266722,-0.568584284788741,-0.6706428991132461,-0.35088770433191335,-0.5745892999150572,-0.4261840749905975,-0.3920116017902668,-0.30449184631714454,-0.32745328631050613,-0.5404854438102757,-0.24747189569329645,-1.2087490000492043,0.021053865652673254,-0.7251951292132721,0.025450233379093825,-0.40348272816618924,-0.16348804444084725,-0.2468573290451643,0.5500075460975952,0.5630936801883623,0.3745650232325711,-0.6220083203630185,-0.530597057035879,-0.8581493314511837,-0.6036651327042382,-0.8263539176795929,-0.7452360721797003,-0.9595612748569325,-0.7826803761034606,-0.4052514678321474,-0.2844655362128263,-0.7829751729109318,-0.0765506910497456,-0.3889851800350122,-0.07751957682690493,0.027320648716400688,0.16858000172278206,0.05093444099423271,-0.45334315985549745,-1.0183052905431833,-0.18907619988581034,-0.050865246207942576,0.50272364731354,-0.0032019744892852666,-0.5195463862490782,0.19736292861248234,-0.03866177914874206,-0.46658305314951914,0.46831761177474973,0.27893033088284325,-0.11179133188518094,-0.12893736279840506,-0.2807472666016799,-0.09267122532373555,-0.2537963394993586
-0.486129553192785,-0.6697526693248927,-0.65496869255507,-0.9449646404118284,-0.6770781619291486,-0.7904761658027857,-0.5117311048882403,-0.8305731031306307,-0.601930877741235,-0.8402027043837436,-0.3033282107348135,-0.017434795081361025,-0.3667797085490775,-0.003224294993647685,-0.7310709711160598,-0.581747539365064,-0.43369346455941293,-0.30585701020503536,-0.3416995978964603,-0.6028260071845746,0.8447554781994252,-0.4651492474391679,-0.9883854718782147,-1.1565541793134093,-0.43519583618223306,-1.0269417183337408,-0.013756716923705482,-0.701578628864348,0.15416675086729387,0.3306597185051558,-0.36387115733181524,-0.35236780814579705,-0.5696307578845826,-0.6468644929928772,-0.8084227370213037,-0.7610333045948497,-0.3597828335159732,-0.6167793985790114,0.36459141444114684,0.02485968746085126,0.4197991351288963,-1.1798256824874773,-0.05208294261407589,-0.23929696860688915,-0.03710470325174724,-0.11963747890494526,0.07930130814750469,-0.3278939381570596,0.29207339922808845,-0.21887324856757198,-0.09160674183361997,-0.1814480344331921,-0.36086311704961116,-0.6476605273562881,-0.45195226270919303,-0.34941283463209666,-0.13111893889840415,-0.3553628065981943,-0.23406295475580677,-0.7597726332030669,-0.4761184573275983,-1.3495851531865917,-0.4531234243187372,-0.7716691370253034,-0.6798614795887961,-0.9562849762267448,-0.5506634227578479,-0.7494189397244634,-0.4186663570875733,-0.5050586094735199,-0.6503940412098878,-0.45694159257057215,-1.2181954271553257,-0.30103907446206346,-1.0637042168165627,-0.27539459779763886,-0.6085185705677197,-0.55718225586412,-0.3418399400173059,0.24665077502725208,0.24981785101631585,-0.12802412517834025,-0.9299638386595491,-0.8937688291142313,-1.083631540620038,-1.0642694157260546,-0.9692973584172271,-0.9091690725268339,-1.049464343116414,-1.1415036815862476,-1.0133985758873156,-0.6173046292577401,-1.3861783501323357,-0.404324942791972,-0.8055900493003546,-0.09817651628422124,-0.2075671249175657,0.15208415996593477,-0.30241492176228674,-0.7985923771437717,-1.570229755127391,-0.31618400700475635,-0.46819797092838555,1.0099696683300308,-0.19105140119128128,0.007429425486388684,0.017086778804009436,-0.09483055613859043,-0.4831169295050016,0.5271220393720967,0.15256838547991303,-0.2881687816180033,-0.3189219155890223,-0.47688449352590145,0.21995464705638068,-0.10199227069571712
-0.791190686033838,-1.0781910325947481,-0.7515501767092361,-1.1201423450134125,-0.7918296239613601,-1.0447526591925649,-0.6076083699053181,-1.0819745077744873,-0.8303820416928338,-1.23325748290559,-0.441519674166539,-0.4239598052820161,-0.6888825740850918,-0.3929453572590947,-0.9003374199402097,-0.720842363827046,-0.5909930358268884,-0.6447552569350219,-0.6340132843948488,-0.9019361722766095,1.1130466750689123,-0.32707424288866027,-1.1502981034660593,-1.432180079412821,-0.47790369873976435,-1.2690372341131657,-0.1260877187396811,-1.0212700516374682,0.2306318475626566,0.30899581196336984,-0.39337929689328843,-0.35152354919895573,-0.676037727592171,-0.7560165990846616,-0.772603223215946,-0.8298060742229779,-0.14349701993467717,-0.5669056076946102,0.5828937990648064,0.17532462263766377,0.9575498218791598,-1.136251453771614,-0.3866476434542067,-0.6839250586085527,-0.37118503759277954,-0.4909516900205474,-0.10753046348451538,-0.6112729826590033,0.12352961566807069,-0.4080824596011996,-0.28728043444086626,-0.358395684772731,-0.546508621393794,-0.8229584512875759,-0.43129989779901595,-0.3902591827629487,-0.3812211803053793,-0.5513708171699994,-0.5285263675548494,-1.3208500783201746,-0.7641799154706576,-1.7848699044372607,-0.3542736560395538,-0.885671604693353,-0.9069754128351737,-1.235871054540672,-0.6180431608653763,-1.0237221510746506,-0.5309408071140405,-0.6472133743697069,-0.6876720200639921,-0.5778813268050128,-1.1250032443462956,-0.5716793463182278,-1.2797207827532788,-0.5632216576078612,-0.7628603500158355,-0.8875032034464336,-0.4183635562237836,-0.07389927413403095,-0.16754634355698075,-0.6380347217095428,-1.2199903752370465,-1.2220796495156405,-1.223270403958291,-1.4399510382639162,-1.0408066839116248,-1.01856977645276,-1.0414639149947942,-1.3959184396503002,-1.460780576545365,-0.8422757219604987,-1.808314164144345,-0.6571843998723861,-1.1615734674994722,-0.11570242611864201,-0.4049130869259111,0.1396469186588966,-0.5972449022004032,-1.011009344767555,-1.96030486964483,-0.442743296924057,-0.8076589735595899,1.3983084651627238,-0.27602349122520026,0.5967004304725434,-0.11956840768432091,-0.13384780549649128,-0.4910517014734826,0.5345363639906625,0.04490078061087243,-0.42654616464015727,-0.4674555311883882,-0.5939891576611432,0.5540185402888497,0.11490467878065326
-0.9765241061256242,-1.352813455909498,-0.7493210942023782,-1.1670650196854515,-0.7957243604278152,-1.1667271123559908,-0.6241583438336691,-1.1964546986251003,-0.9309548756164102,-1.4449470681219987,-0.4864225260071445,-0.7420381228505976,-0.8585974289479771,-0.6870695109975471,-0.9625423304330877,-0.7988903699839813,-0.6677567857776536,-0.8777266677510558,-0.8482071634813607,-1.0965249946072193,1.207862740952501,-0.191646166503044,-1.1679939692609669,-1.5233764985377083,-0.4380977167597835,-1.32907082936714,-0.19790946446507618,-1.1792164909219571,0.2416048552370333,0.2322994506725861,-0.38173942543770034,-0.31805915171618465,-0.7014893244867513,-0.7845923857489382,-0.6641748250910389,-0.8193072143712579,0.03566786534067771,-0.5002634709747249,0.7094569948878695,0.2358618630549856,1.279606367302069,-0.9897754131047286,-0.6271695559737304,-0.9792131310140175,-0.6223210188604547,-0.7500391197663784,-0.2509613119271242,-0.7810717370605269,-0.03932506927472081,-0.5274009308557737,-0.418273392593674,-0.46168869613674257,-0.6426823147977703,-0.8834449153555809,-0.3749189925309618,-0.3822072727674253,-0.5844610824755065,-0.6878971881261596,-0.691818165445045,-1.641166563676399,-0.9003681674902432,-1.98591975242318,-0.2581263852556621,-0.9436222662413885,-0.991504220782693,-1.3576273150475344,-0.6144476216152166,-1.1573157209963199,-0.5983358750693797,-0.7183342728887001,-0.6424429956313786,-0.5911988373420212,-0.9300340146777354,-0.72653327822523,-1.3060217979410533,-0.7611347302108955,-0.8185586784220381,-1.0745599236835135,-0.438289565239567,-0.34152075778150764,-0.5379575081016879,-1.0202046819150394,-1.3804887762535063,-1.409982940718204,-1.2325315047293806,-1.6370005974574657,-1.010889490291099,-1.037529489361562,-0.9260490506228395,-1.4834449026540912,-1.6685228797033902,-0.9261615015307765,-1.9740722275920402,-0.7795882981719596,-1.355947614039573,-0.11452460758687055,-0.5183937362756172,0.12729668541629746,-0.7712927279181141,-1.0630753608696302,-2.100303389762955,-0.5189672459139361,-0.9770350084740324,1.5767392403929181,-0.26311348908496607,1.0678738315232814,-0.18567769593873648,-0.1444725704272565,-0.46284044272339536,0.4956338531835235,-0.031381792296481185,-0.4963578526737531,-0.5467241223138546,-0.6160943791970738,0.8193362158689212,0.3144734514918879
-0.9898919041177372,-1.396267061819027,-0.6420118892595084,-1.0694393548404644,-0.6829221032182247,-1.109327595784635,-0.5518763478040916,-1.1404649127594604,-0.8680534586016125,-1.4226261756053462,-0.4161251422519873,-0.879814999301635,-0.841072640213561,-0.8152426496557085,-0.8815425563756231,-0.7721264557767155,-0.5886895032545809,-0.9292516805564786,-0.9225920401969158,-1.1198006604451374,1.1130047898099522,-0.0796858237062339,-1.027421287615827,-1.4067835209994917,-0.3285636867043156,-1.1956154550097917,-0.20580724704291883,-1.1190549060766677,0.2145771964448665,0.13382752477035614,-0.32430402238288886,-0.2533244728364273,-0.6242602930364743,-0.7069364105482817,-0.4966145869317225,-0.722362034249091,0.1596019015809686,-0.4059132337244757,0.7233458289457222,0.2190844243587901,1.3562242743055752,-0.7294802470202414,-0.7430980277905966,-1.0841233848057805,-0.7531202664937747,-0.8634278003036666,-0.3242063961870025,-0.8038654657862712,-0.16509887101818202,-0.552708372795772,-0.46217233673720776,-0.4686094534341535,-0.6137725592044729,-0.7986793843544462,-0.279586367953401,-0.31116567277888696,-0.6604671917587998,-0.7054673425346621,-0.692081120204414,-1.6596421374165875,-0.8522621667535822,-1.895609133035892,-0.1449072417635866,-0.8893085309059301,-0.9158822790839918,-1.29363687267101,-0.5376477802024193,-1.1200649244732293,-0.5855837682572865,-0.6948109777359006,-0.5131800746873223,-0.49512073348382807,-0.6391196442743677,-0.7262765004559655,-1.1024342380271221,-0.8126656280409572,-0.7411400525596866,-1.0672797417882178,-0.3757663572006993,-0.5055982246040744,-0.7318750079964476,-1.174193035423636,-1.3224321233061855,-1.379417089950449,-1.0830284487965562,-1.5952150377178094,-0.8604811245360321,-0.9432981510694056,-0.7008053870463229,-1.3684236024856427,-1.5998020868525111,-0.8560342727452885,-1.8509696569733365,-0.7367333694724459,-1.320941066995978,-0.08018861308794033,-0.5189487766509899,0.11168209396655358,-0.7869762489553783,-0.9489574101546456,-1.9471431210303487,-0.5034502254031012,-0.9169049797856832,1.4920823278175237,-0.17490140402945334,1.2793106936185497,-0.1704408646819794,-0.12225770382058979,-0.37194298440119494,0.4204852975614796,-0.06959152187298327,-0.4791974727194602,-0.5419106337876854,-0.5414793690024636,0.9469588370997222,0.42746908716431525
-0.815901479280242,-1.1697904551707288,-0.4383068460229252,-0.8355963344205588,-0.4645203497164336,-0.8645549591968185,-0.3958532375379635,-0.9146905381348396,-0.6382987817682707,-1.1617116047557041,-0.22852474850198723,-0.7976349920513609,-0.6359068029776144,-0.7519579846824818,-0.64830000321398,-0.6237632522220583,-0.3193408273085919,-0.7701020225313059,-0.8308936790293029,-0.9469620446245071,0.8428018035856268,-0.00319883975469943,-0.7387716071028515,-1.0938990437889229,-0.16735542541221118,-0.8868368948853828,-0.13982036231214506,-0.829750858418348,0.17422434032337927,0.03836811642289931,-0.22491711500920278,-0.16334924919293678,-0.44286962726416684,-0.5195772987857878,-0.28662467112168705,-0.5459640715474436,0.22570880100769902,-0.2778973638982994,0.6243190619728683,0.14558335246331203,1.2012066854890466,-0.35769917325853556,-0.7316081397018767,-0.996976532663505,-0.7553669493033635,-0.8287775326206104,-0.3189805117443886,-0.6764178905594475,-0.2373306191059098,-0.4789985362964217,-0.41588756787809744,-0.37547514112736563,-0.45049752742443155,-0.5654952106871055,-0.14707788933117436,-0.1741687130844432,-0.5676028788614991,-0.5770244573598088,-0.5295956810118566,-1.3764932613684195,-0.6212419606896864,-1.5134461403642328,0.00026956726802735787,-0.6976315602184936,-0.6889006676783173,-1.0500889837825729,-0.3966522223823773,-0.9155684021975732,-0.47763346413739266,-0.5726710890539395,-0.308292445761464,-0.30376974868775747,-0.2652850926442023,-0.5653930398620737,-0.6682960400673296,-0.698203566888775,-0.5220217922052017,-0.856786104510103,-0.2247129046765511,-0.5468461090895099,-0.6816350170221885,-1.0617460639580978,-1.009326304196293,-1.1038027468227345,-0.7735956962325637,-1.304447915274568,-0.589342633282798,-0.7336263472690476,-0.3745860175384042,-1.0518349722895117,-1.2665607081437795,-0.6421810608675702,-1.4553258446666746,-0.5249368989090484,-1.0402419044464966,-0.005796282113352578,-0.40208375162172216,0.09072970038770892,-0.6401551289500506,-0.6851332784645771,-1.5113053667720011,-0.37754573074725556,-0.6164220359935136,1.141861279151055,-0.04010072568235931,1.1679008008067888,-0.0788727271070463,-0.07001365070018306,-0.20468027619767695,0.3208564771063301,-0.07061330002523654,-0.37395260566767996,-0.4542930272126137,-0.3823539569698913,0.9075378304627483,0.4181008314407789
-0.4815410127561045,-0.7065241251429292,-0.16095627586242692,-0.49758942778952514,-0.16667390768221715,-0.46662632144514965,-0.1746485246179379,-0.5540214659209347,-0.27235247688747316,-0.7078843537311339,0.05662270891826162,-0.5183027631390327,-0.2781310044019029,-0.522683256177727,-0.2867925427068181,-0.3701486129188991,0.12084887643927382,-0.4273667048616136,-0.5917682497059713,-0.6044797147803229,0.43824023341828333,0.037657837936481156,-0.3362168531149572,-0.6302208888486449,0.025568481076231272,-0.4479228155050446,-0.00919295021519293,-0.351882041834788,0.13540493731096512,-0.043756517238836466,-0.09473529055052235,-0.05720891104127585,-0.17763944930695524,-0.24328023058891718,-0.05186965642289318,-0.3105261018217671,0.2444869144787265,-0.11979531644118308,0.43317520740519777,0.036667151887888424,0.8664066410140212,0.1039188069763642,-0.6181717478028159,-0.7562330040296168,-0.6517337925833313,-0.6756049369291438,-0.24811201726191692,-0.4276852710116263,-0.2592670719787593,-0.324175329685491,-0.29675500857457604,-0.20093683374368013,-0.1745512898727099,-0.21103498808274204,0.014447891287942338,0.01758486876269139,-0.31705864522381727,-0.31751841630736194,-0.23637051599199413,-0.8529307313823156,-0.24200853059223223,-0.8971859327418072,0.17974131955215972,-0.3835708538438584,-0.34412169487567396,-0.6669235877293789,-0.2096011991031328,-0.5805733952213727,-0.2858833391277355,-0.3702499175265227,-0.04617023584767363,-0.04373340152704368,0.1696111952987268,-0.27349858470764754,-0.04674679143490208,-0.4420037081307666,-0.18434974731092565,-0.479846012697158,-0.0010715178542738536,-0.48082618410087824,-0.4020042220319618,-0.7175217347377267,-0.47220576672282505,-0.6185542307351195,-0.3349479711058961,-0.8096011600877212,-0.21954715917780657,-0.42943998987208043,0.03033255087928761,-0.5733150178338902,-0.7274618119406225,-0.3172564352307743,-0.8498628248148873,-0.17517767838233528,-0.5548445463290862,0.10379889180702571,-0.18958329769701532,0.06371812625864849,-0.3616377142498717,-0.3081046959220107,-0.8550965422836051,-0.15312652719451003,-0.1178742931892514,0.5764644233735904,0.11626693169674394,0.7661468290793948,0.07136137557726392,0.0030146647612626265,0.03174344858638354,0.20752018952359952,-0.04310768451525047,-0.19829211006480535,-0.3011968316639056,-0.1625664651835945,0.7187430667654424,0.29335869582445384
-0.05068521454393827,-0.10412069345585186,0.15637904834120894,-0.10587281943269308,0.17333083582447184,0.015032891205048285,0.08293702717066109,-0.12052906528849998,0.1709613434726328,-0.14788236362849408,0.40060393249377446,-0.1198493575095102,0.16819147714283839,-0.19659501791670525,0.1493345691453153,-0.0571274591336371,0.6624306005180056,0.021524833061336245,-0.26470653288381807,-0.16459568313599104,-0.039940878295054195,0.05401033516153547,0.12694724815449768,-0.08785696546857696,0.23054701025052152,0.05584189270000978,0.15846728796913245,0.2295177931735949,0.1016017689753274,-0.11670607080308443,0.04999797985729994,0.05458012293033237,0.13289211737829537,0.08080819774406348,0.19034907642162788,-0.04672589311375794,0.23537880422396,0.05471933582295176,0.187836744331716,-0.08946958031222926,0.43121854181293034,0.6143267614255562,-0.4507683897295226,-0.43253129579973587,-0.4899615853702962,-0.45880085095408124,-0.14234987665498242,-0.11319921118720759,-0.2520561386172434,-0.12623180417731356,-0.13870851922797212,0.016945720509687796,0.16511076599872343,0.2115677937624379,0.1908825428441962,0.23991846237420764,0.03029293272746475,0.019458603312865516,0.13050166356040174,-0.1983571355797953,0.22418761002878312,-0.1518811890364317,0.38155748988250937,0.0012017271614718605,0.0658805616387395,-0.21066791214754546,-0.0007138176624372636,-0.1777149684405385,-0.04599542412931955,-0.12487988522561688,0.24649008901522584,0.2501895913074499,0.6351066852336195,0.090964615539364,0.6809004455773214,-0.10707886009558207,0.22012448909889787,-0.01131213681590888,0.26065742254636576,-0.35248883861025876,0.01582717124650126,-0.23991745079592566,0.19582365434813312,-0.01428529395773254,0.17417227121373752,-0.20207197217088793,0.20686926897564972,-0.07175548056812667,0.4793448912890489,-0.004504074410576128,-0.07748918251355558,0.06845892894549335,-0.13311794388228784,0.251822392812071,0.04529503855889841,0.23186474306159596,0.07482877481387748,0.030997300914268115,-0.010984637390402254,0.1304155305969235,-0.08113475252689806,0.12920758658569564,0.49145998924445006,-0.11011173184849153,0.2773399455008223,0.19171860391178028,0.2541525178816377,0.08303816184758213,0.30860862819224694,0.08898996189086168,-0.002097500948470199,0.014208830542876206,-0.11269837863849051,0.08600554763932242,0.4396844926422087,0.09891971231638838
