b'7Networks_LH_Vis_1',b'7Networks_LH_Vis_2',b'7Networks_LH_Vis_3',b'7Networks_LH_Vis_4',b'7Networks_LH_Vis_5',b'7Networks_LH_Vis_6',b'7Networks_LH_Vis_7',b'7Networks_LH_Vis_8',b'7Networks_LH_Vis_9',b'7Networks_LH_SomMot_1',b'7Networks_LH_SomMot_2',b'7Networks_LH_SomMot_3',b'7Networks_LH_SomMot_4',b'7Networks_LH_SomMot_5',b'7Networks_LH_SomMot_6',b'7Networks_LH_DorsAttn_Post_1',b'7Networks_LH_DorsAttn_Post_2',b'7Networks_LH_DorsAttn_Post_3',b'7Networks_LH_DorsAttn_Post_4',b'7Networks_LH_DorsAttn_Post_5',b'7Networks_LH_DorsAttn_Post_6',b'7Networks_LH_DorsAttn_PrCv_1',b'7Networks_LH_DorsAttn_FEF_1',b'7Networks_LH_SalVentAttn_ParOper_1',b'7Networks_LH_SalVentAttn_FrOperIns_1',b'7Networks_LH_SalVentAttn_FrOperIns_2',b'7Networks_LH_SalVentAttn_PFCl_1',b'7Networks_LH_SalVentAttn_Med_1',b'7Networks_LH_SalVentAttn_Med_2',b'7Networks_LH_SalVentAttn_Med_3',b'7Networks_LH_Limbic_OFC_1',b'7Networks_LH_Limbic_TempPole_1',b'7Networks_LH_Limbic_TempPole_2',b'7Networks_LH_Cont_Par_1',b'7Networks_LH_Cont_PFCl_1',b'7Networks_LH_Cont_pCun_1',b'7Networks_LH_Cont_Cing_1',b'7Networks_LH_Default_Temp_1',b'7Networks_LH_Default_Temp_2',b'7Networks_LH_Default_Par_1',b'7Networks_LH_Default_Par_2',b'7Networks_LH_Default_PFC_1',b'7Networks_LH_Default_PFC_2',b'7Networks_LH_Default_PFC_3',b'7Networks_LH_Default_PFC_4',b'7Networks_LH_Default_PFC_5',b'7Networks_LH_Default_PFC_6',b'7Networks_LH_Default_PFC_7',b'7Networks_LH_Default_pCunPCC_1',b'7Networks_LH_Default_pCunPCC_2',b'7Networks_RH_Vis_1',b'7Networks_RH_Vis_2',b'7Networks_RH_Vis_3',b'7Networks_RH_Vis_4',b'7Networks_RH_Vis_5',b'7Networks_RH_Vis_6',b'7Networks_RH_Vis_7',b'7Networks_RH_Vis_8',b'7Networks_RH_SomMot_1',b'7Networks_RH_SomMot_2',b'7Networks_RH_SomMot_3',b'7Networks_RH_SomMot_4',b'7Networks_RH_SomMot_5',b'7Networks_RH_SomMot_6',b'7Networks_RH_SomMot_7',b'7Networks_RH_SomMot_8',b'7Networks_RH_DorsAttn_Post_1',b'7Networks_RH_DorsAttn_Post_2',b'7Networks_RH_DorsAttn_Post_3',b'7Networks_RH_DorsAttn_Post_4',b'7Networks_RH_DorsAttn_Post_5',b'7Networks_RH_DorsAttn_PrCv_1',b'7Networks_RH_DorsAttn_FEF_1',b'7Networks_RH_SalVentAttn_TempOccPar_1',b'7Networks_RH_SalVentAttn_TempOccPar_2',b'7Networks_RH_SalVentAttn_FrOperIns_1',b'7Networks_RH_SalVentAttn_Med_1',b'7Networks_RH_SalVentAttn_Med_2',b'7Networks_RH_Limbic_OFC_1',b'7Networks_RH_Limbic_TempPole_1',b'7Networks_RH_Cont_Par_1',b'7Networks_RH_Cont_Par_2',b'7Networks_RH_Cont_PFCl_1',b'7Networks_RH_Cont_PFCl_2',b'7Networks_RH_Cont_PFCl_3',b'7Networks_RH_Cont_PFCl_4',b'7Networks_RH_Cont_Cing_1',b'7Networks_RH_Cont_PFCmp_1',b'7Networks_RH_Cont_pCun_1',b'7Networks_RH_Default_Par_1',b'7Networks_RH_Default_Temp_1',b'7Networks_RH_Default_Temp_2',b'7Networks_RH_Default_Temp_3',b'7Networks_RH_Default_PFCv_1',b'7Networks_RH_Default_PFCv_2',b'7Networks_RH_Default_PFCdPFCm_1',b'7Networks_RH_Default_PFCdPFCm_2',b'7Networks_RH_Default_PFCdPFCm_3',b'7Networks_RH_Default_pCunPCC_1',b'7Networks_RH_Default_pCunPCC_2'
0.21645720829197942,-0.04590808176980244,0.19062794287156357,-0.12729052467882987,0.02184989766014488,0.11470127019995008,-0.0014110671737795413,-0.03892725819710101,0.09261071608956517,0.38793135320420014,0.22595652592940688,0.33936872872910473,0.166861407103076,0.09113548260428384,0.15563865576535804,0.11521689047603785,0.1440687629762633,0.09616060817118761,0.03214409380698474,0.17116273419620115,0.07916051306680597,0.23730692260704533,0.2788517302163391,0.22534034071647677,0.4263739072187008,0.36678853910783665,0.15929453209978076,0.428637305730011,0.2753234597815044,0.2980065886371794,0.32154211522718845,0.2961508159673546,0.0036032803680422654,0.05721232562549465,0.3255040712070815,0.17641076693962754,0.25560427902620947,0.06015252387740867,0.07934886847611716,0.0927508358348464,-0.05881733259758249,0.3124811797457985,0.25058014672042905,0.11115434403019518,0.0996078062315228,0.02256878761019518,0.08271565345596892,0.0323024216368808,0.25363969720325585,-0.07251603737007666,0.22708907182981206,0.14902599132329175,0.10698838826264512,0.056657981230369914,0.11162196690757877,0.2266921006857566,-0.060269694049988075,0.17318421988622654,0.42522870169112226,0.26055770139233436,0.2786312491588062,0.15130592833171944,0.18846318086593342,0.14935984670498156,0.14863660825790256,0.1384505207251501,0.03107781054084029,0.10610879257325384,0.00184828545910871,0.11942659035325767,0.17149654049812704,0.3595119284169286,0.26984251094240713,0.14756106858813142,0.2010718778024768,0.411375255676799,0.35298823126863516,0.36541732736779503,0.16708753345832703,0.19696005449068824,0.15051003415878766,-0.049443194697599335,0.0522714005274683,0.15803652585406727,0.19562466119837868,0.2071754433675019,0.2056936136889502,0.3143797125658296,0.2019371629101999,-0.11484690124607339,-0.10121954456621607,0.3385581197306433,0.18436738427578178,0.19333813601719949,0.3247391132333918,0.09875330865410427,0.041746766404078255,0.01610112710344391,0.2782237858948004,-0.014077254379098444
0.5965304414731009,0.5179321602239225,0.354433330430818,0.6025165879605442,0.23947433531214918,0.22270385585566457,0.3558927876015981,0.6116619769149287,0.28362825767126026,-0.040230856106580504,-0.06193805218736031,-0.23368682739113947,-0.22658008696182513,0.20310169314852008,0.0837098693032707,0.6513550238094117,-0.11788157484146418,0.6046256686950445,0.16901043315761774,0.45377935619230947,0.20733033254370659,0.06434502568425178,-0.0624268677982383,0.04264765554481275,-0.39098066168089085,-0.5201297328094073,0.40396951997247865,0.11497766082447342,0.3873926769389413,-0.2435231806859033,0.2818913710768069,0.161973438197859,0.2941677291222761,0.5800340976865882,0.36731166526483766,0.30508360997419665,0.29850091123206823,0.3323259731409138,0.32893627714442747,0.32028493251340884,0.42088492815129236,0.03594523693844348,0.10664790999657484,0.3737536187209889,0.29100890409998575,0.42394589466179416,0.13829692173591368,0.18672237970451552,0.6029929055866734,0.37998605694218535,0.5591710073117608,0.6738911994283712,0.5647898887832125,0.3356490318234918,0.21043763387857084,0.34507423454610225,0.8484391529055633,0.25502279909809417,-0.16993779998419795,-0.10307994297792995,-0.22546201867564122,-0.2217904578068682,0.19854643888650259,0.4406832703446627,0.07846020275808005,0.07795981010296334,0.6293640060016258,0.3397111589068815,0.645107670097008,0.7540358963473629,0.49754914352440577,-0.03115066273771879,0.17982903211736312,0.16149666861313408,-0.01962322210995477,-0.4214334720404147,0.13232383492603814,0.07015941663105188,-0.10926421289320179,-0.2603824853607973,-0.0012657442873121895,0.3903061946402906,0.19490929164294774,0.041387356466331376,0.2814416028604127,0.05663178435355784,0.08354308122352867,0.3204465107022582,0.4102462421569405,0.37364223518315515,0.14266411941439247,-0.07689379076618626,-0.024516866982689203,0.186639707334936,-0.3384612497591845,0.5007805438041009,0.3531471131935622,0.6639174426944298,0.6968846956070964,0.6915991501429638
0.9183165680542957,1.0067063534072993,0.47334537037118346,1.2212822602897382,0.4166451738778721,0.3001480847175501,0.6547706104826655,1.1549327045914313,0.44250096866691135,-0.38663118650260797,-0.2916173498807088,-0.7041260982251498,-0.5632080918443282,0.3011586606091032,0.017526756965850463,1.1319565669969711,-0.33570483828552194,1.0262518265697678,0.26884861793603115,0.7177595503248292,0.2949636578908141,-0.08634979683713447,-0.37527533123369344,-0.1432417988912521,-1.083529161699606,-1.2844733800759327,0.653234479029628,-0.13768409309122212,0.4639070388048893,-0.7126295862709316,0.2436765108941258,0.08475594141162665,0.5781049269904233,1.0207855019439867,0.42073390322108234,0.4202441032233874,0.36541012033953035,0.6155624066269836,0.5871111370209268,0.5475492069079534,0.8474257820910189,-0.20038939684580515,-0.030252158818035946,0.6292110205134901,0.4944723152203051,0.7894714950555531,0.20328868710857437,0.34118310911218164,0.9086028587720758,0.781016579223948,0.819136578708021,1.1288265874808263,0.9754264895814518,0.5924265449728513,0.2961724095842795,0.4336009298437621,1.615292102507003,0.3366624690195466,-0.6644714607686041,-0.3784900365090558,-0.6315489907807158,-0.5484548376526822,0.18128539702397006,0.6649041610047878,0.002443198070289141,0.009247338478615207,1.0887706274603153,0.5240882353826282,1.1785627964996135,1.2946617747841072,0.7716412839663344,-0.38588888974729196,0.07279956626292472,0.129682324606195,-0.22080863988236604,-1.1268245539412611,-0.06242216711656959,-0.18826831134220678,-0.3384566735604245,-0.6290128616344842,-0.15158139711254984,0.78708374999357,0.3588360523041237,-0.04746566214399884,0.387971308923529,-0.06641502818800127,0.011045884018427779,0.3480707715873708,0.6041628984052037,0.8108542940282332,0.3700395070276248,-0.4080267790660916,-0.1731564348690705,0.17818096977205028,-0.9376587686758753,0.8765637271346158,0.6574453098731552,1.240487659686679,1.033726145003383,1.307815256399857
1.1414881134015546,1.3558638240948064,0.5155889740161632,1.6367643453226526,0.519812536185738,0.3254724421537832,0.8518511315006517,1.5044871683567338,0.5449362157962526,-0.5864570293461576,-0.41882695434767264,-0.990223146144373,-0.79721166851957,0.3722720237955755,-0.037393668712551315,1.5120422947964993,-0.47707964395864094,1.2949109596091377,0.2994454216757664,0.9477242584387413,0.31356992264695993,-0.19822665451477195,-0.6345323063012037,-0.33114897073265775,-1.5504126669823606,-1.8267237481450185,0.9079626688677177,-0.281107575814569,0.479928594013263,-1.0511097681084245,0.2107567341921152,0.11148822305654327,0.8502139213266419,1.3149598387214796,0.4964762325846102,0.5132806494259878,0.4732415729877745,0.9143739334279433,0.8555541717069444,0.771707003511475,1.179229124762204,-0.36741584591555254,-0.14969665506893504,0.8682496273827855,0.7181728949724053,1.0897225254511467,0.2850124240347671,0.49264386140725525,1.1352617416343884,1.0860662103936158,0.9543658132636325,1.4558007880085404,1.2995220473806164,0.8066422483211361,0.35750715244663883,0.4714194783201803,2.125114732420732,0.41839150071347603,-0.9784284307749348,-0.49575145844162133,-0.8627355049482124,-0.7897321882796113,0.11750439204049322,0.7688620623656846,-0.08516413032341978,-0.0727275367489041,1.3042936060479142,0.6186389831700733,1.510358516047238,1.6655132349622102,0.9527683428850311,-0.6773788888424693,-0.06397681438183517,0.020750029398338418,-0.38751761187022554,-1.6028311114959601,-0.20738379856577438,-0.3788367238980951,-0.4828693333966883,-0.8335387975071663,-0.2980236795433956,1.1036871499730652,0.5573308242141971,-0.09018799467624859,0.530513908084107,-0.14232617619933974,0.025314254805317883,0.4130058203796374,0.7728547545465463,1.154951704183116,0.5678948420045312,-0.5900119113872166,-0.2135385885910452,0.16571402906664287,-1.4181961371808338,1.2015212308235688,0.9461241046740776,1.6856267733366692,1.2274349569058665,1.7595404762015951
1.252371413012592,1.524727381878734,0.4714919350983453,1.7950911792221378,0.5310869984103553,0.29310594659026507,0.9318626645801372,1.612060886704773,0.5804532895219582,-0.6089323487012321,-0.4261994696724541,-1.0525100586665292,-0.9057033089569059,0.404648026037922,-0.07788777680113569,1.7649563154282795,-0.5315118681269682,1.3778533472706342,0.23783542733145507,1.1317058454566074,0.25279184382170733,-0.2657878389727002,-0.824353057518323,-0.5146801151219333,-1.7372319575814574,-2.093298108871508,1.1611327455415208,-0.29542831543743275,0.42524201588733973,-1.2291850216184335,0.18655638399072402,0.26754709533164756,1.1051225593655265,1.426749165972112,0.5992638937634887,0.5796177810653809,0.6215218866257761,1.2215949432320095,1.1245068019136613,0.9866264027971885,1.3943668477466642,-0.4562832669831272,-0.23950091906892215,1.0761539735175782,0.9611824684818087,1.3048833097751762,0.3853751817360621,0.6330363234227357,1.260424692387895,1.264962884695696,0.9451565053107738,1.61963125355886,1.51251803812256,0.9622976749919684,0.38867021032672505,0.4518677516232939,2.3119232835342802,0.5009260387361877,-1.073155600524295,-0.42228694485626667,-0.883392272549044,-0.923767607297579,-0.0012151167226761345,0.7231975336645757,-0.1912788869302651,-0.16866455349676504,1.2320498833331643,0.596967247983713,1.5824570200218324,1.823217445660034,1.0176324193859878,-0.8929375173238985,-0.2360353491172947,-0.17162276425071182,-0.5143636368719239,-1.7966980865803885,-0.2863168742154583,-0.48532120428839315,-0.5220217837934015,-0.8256417060625147,-0.43550521858950547,1.314684600966104,0.7892264968291753,-0.08330483064352202,0.7115327429243299,-0.16529501534585866,0.13811581048526622,0.5160940954170199,0.9104459663149267,1.3820365766265965,0.7301820945956277,-0.5919053081360576,-0.12004423876736325,0.14444264216002256,-1.745697109122871,1.4521989633675254,1.2062246651672777,1.958821757481286,1.2496241878079615,1.9991373687444636
1.2670399590052595,1.5031005357980245,0.3567016974789664,1.6898525022045074,0.4518745789194611,0.21555672649813168,0.9117638402330412,1.4763648931607012,0.5548896837451989,-0.46408404673493503,-0.3279227345234367,-0.9021978098248047,-0.8931333357606785,0.38858868298759414,-0.10414794546189858,1.8864094562283065,-0.5130704339196301,1.2814502081798698,0.07376239390553906,1.2617938531820534,0.12238587754211022,-0.29538615523539236,-0.9408824368834691,-0.6822018810050005,-1.6459007122405183,-2.086150037064733,1.3953667646379677,-0.19487040411062087,0.306771196204115,-1.25112190217549,0.1734937237630362,0.5508905482996939,1.3361583890758986,1.3545203890413955,0.7258904720178768,0.619348021929544,0.790341674877894,1.516417592626346,1.3717266555145644,1.181965316599536,1.4929688679445916,-0.4805768508256866,-0.2872888797389413,1.232617645288543,1.2111644318843586,1.4264111141965201,0.4989210430358528,0.7483501388632785,1.277147043072203,1.3054024707688971,0.8101619670353652,1.6137995480784986,1.60816434622218,1.0490507576652885,0.3905441945086353,0.38455946657964474,2.17023515788028,0.5850928870365085,-0.9591240406848486,-0.17071158763692218,-0.706917338720605,-0.949258789864768,-0.17081627478498493,0.5273555849192333,-0.32318488613708973,-0.2746642863173297,0.8998217195305114,0.45100337630677284,1.3796487609278056,1.763609522793899,0.9639778877488867,-1.0355337907381446,-0.44062752462007515,-0.4248863988193367,-0.6065861818255144,-1.7148090747210158,-0.29374206861103985,-0.5101092181832678,-0.4559965773438168,-0.5924186552044144,-0.5567293322627945,1.4091199605051408,1.0361128960984833,-0.03983754606288361,0.916916592752352,-0.14577626017851783,0.33120004731908476,0.6403948669782898,1.016358812785654,1.4886140702081596,0.857850427365103,-0.4228372988502188,0.10450307605796726,0.1078729739792182,-1.9108184751269164,1.6076000856740156,1.420031900464727,2.0431891751746925,1.1102964160623032,2.012721152024944
1.2256529849492275,1.3122379031987872,0.20843555368365255,1.3614195421505197,0.30225420409853754,0.12026669617670158,0.8359811461565385,1.1420713709624624,0.4887832002187144,-0.19980998424386748,-0.1662739813579509,-0.5975978966932621,-0.7891571945541451,0.3176359791680702,-0.12018158087231019,1.893677537063152,-0.4560100242848764,1.0473149427979853,-0.18829328596172853,1.3339359137829887,-0.0515576752253744,-0.3021475680739122,-0.9926550911843902,-0.8188451731494023,-1.3318076801041314,-1.8596771636455887,1.5825487219207288,-0.02498100328559735,0.14667486760438622,-1.1528021781345075,0.17233107071046416,0.9314015265574812,1.533863804988092,1.1285169415358778,0.864653995016765,0.636920907704496,0.9443345905140169,1.7661358578752426,1.5655114509595445,1.3431164107807798,1.4935438767180003,-0.4716436779405776,-0.283676134126058,1.3141299302687086,1.444529878599149,1.4561350458327125,0.612055378562201,0.8194083854381387,1.193988518423306,1.213191965226321,0.6017926092649577,1.4605916659939249,1.5982617148717724,1.062680904106772,0.37006377678564034,0.29306796917004824,1.7537257016917267,0.6710897049055929,-0.6917696678938255,0.2036202019776829,-0.39158471330654543,-0.8841328840144421,-0.3760603615506896,0.20831653386226942,-0.48659445296088605,-0.3833999749367566,0.39954914262528174,0.19215855902605172,0.9308134056558566,1.5198550878575987,0.8091131382505188,-1.1197104482793976,-0.6676521894571351,-0.6914757815365438,-0.6777685298175269,-1.4188570783143317,-0.23661586220681954,-0.47392785572516805,-0.30425712324980697,-0.15914653330140505,-0.653883052104803,1.3903579568723579,1.2638391715880424,0.014059476454161071,1.1155999103709093,-0.10857812638996558,0.5594255723167642,0.7532082230622748,1.0939650712671949,1.4885584105042957,0.9562508763193065,-0.12861848906111217,0.42834412300355434,0.05020788837433101,-1.928719342622752,1.6513522155963136,1.56661267164729,1.9444227650297263,0.8537852541861243,1.8199129687165994
1.1797834046556404,1.0001122085992435,0.07581507633851378,0.8870775701758964,0.11629129928839377,0.04212424998839272,0.7641365092594665,0.6892120330040388,0.4119770323208135,0.11016614673473377,-0.0006735546510788155,-0.22935019122490283,-0.6405798649747849,0.19006020975595533,-0.13327411533662958,1.8204496335070441,-0.4045010969895319,0.7402281673690243,-0.5288689850223922,1.3472193733521236,-0.23463299862139636,-0.3039378078731719,-0.9983888128698296,-0.9098752489636645,-0.8889492002910552,-1.5057690181415868,1.6863034581417862,0.1484302007112764,-0.02327694955995232,-0.9918381017308401,0.18187625005269628,1.3557899113842884,1.6850791845046518,0.801975355857142,0.9965453702967827,0.6401242237872464,1.0417867756691406,1.9316720833018017,1.6712965914726032,1.4524552075735275,1.4248040096450778,-0.46831717398394546,-0.22598537555915388,1.2987450099622249,1.6293100474588276,1.4034211371283702,0.7040088885918351,0.8245582351176924,1.0321490690108648,1.009672500133216,0.3930124402922582,1.2057860859379306,1.5091486952080273,1.0050576755052034,0.33814239621302866,0.20890238038918038,1.161915161243897,0.7575196396841063,-0.3564230530736511,0.6148671397576616,-0.025560444037608425,-0.7599281372633908,-0.5942326394419173,-0.1862252435995848,-0.6829300082502079,-0.4861006970816165,-0.13574870962864122,-0.15060550945839232,0.30250738804119304,1.1528320379317738,0.5844749084993253,-1.1638228327548792,-0.9019863753531712,-0.9090891574091423,-0.7447574664537183,-1.0092821709212239,-0.13359830408696038,-0.41098791395988665,-0.10022918162215752,0.41432152734737576,-0.7207529428333875,1.2735720988383865,1.428281978698758,0.04660498155280532,1.2633003717008884,-0.08676642715790124,0.7614141621605156,0.8131433552395968,1.1481712445814376,1.406027314020868,1.0311497848375974,0.22027793814187907,0.7965096506977114,-0.03048311671625685,-1.8333354791672947,1.5746149932408922,1.6251622544278705,1.6857159984020897,0.5467160723210048,1.467789098454295
1.1764353084166914,0.6320107670238484,0.006864251999251196,0.36448634769561666,-0.06560381389291683,0.013724122767916836,0.7546373113105518,0.2153193292379371,0.3557412364449905,0.38454463367921016,0.10812191318675576,0.10194512441144181,-0.4994817394204868,0.010524949858882667,-0.1522283821636475,1.7087335334460982,-0.39939319579840166,0.43138437538867547,-0.9152407047675581,1.3031510884083082,-0.393612192573773,-0.3143124212044408,-0.9823620133690231,-0.9443873623219414,-0.42670200346586673,-1.1307530800957954,1.6676426076859339,0.2561911895861281,-0.1695132331232822,-0.8326867558994928,0.19939343907250412,1.7573563992053602,1.7735956701205873,0.438377760013742,1.0982262409728407,0.638598488634903,1.0464188455318406,1.9760775354403195,1.6604013719487132,1.4921586139235878,1.3159532686439865,-0.5040315305966312,-0.12097451297839569,1.1722279081645388,1.7304784134673992,1.2815869423867194,0.7499172081706803,0.7441374494559622,0.820639536472692,0.7273406552042991,0.2591132205520506,0.9092080257096119,1.37603564122867,0.8840175138297967,0.30672151147008897,0.16336257759822193,0.5181541612100294,0.8404688167463403,-0.046316908262751484,0.965987279584719,0.2951008557102575,-0.6134630832662171,-0.800075701490241,-0.5982061152076725,-0.906579272529886,-0.5744955007386349,-0.5642983094222102,-0.535398519952855,-0.413604146815693,0.7365010799518608,0.32805340925300586,-1.1814038804480176,-1.1262585619071552,-1.0146109869684499,-0.8212599493365872,-0.6001950371395962,-0.011497364964332816,-0.3602482845030112,0.11697490148882907,1.0433193857123733,-0.7542962757569176,1.0819420111074114,1.4844384795936902,0.029940642674581706,1.3103505717204416,-0.11264368137145228,0.8754212863576567,0.7808877213834658,1.1828802526552766,1.267054759313191,1.0851623908696062,0.5461939061184772,1.1420931940596952,-0.12959036969307666,-1.667820448233772,1.3791369814499503,1.5796449249609075,1.3007273791094367,0.2614206303815845,1.0209642374619923
1.243295329487958,0.27831931670547055,0.03555849681905535,-0.10783016747173288,-0.20549751746004905,0.05606038717619518,0.8484411672463076,-0.18579910992823584,0.3443597501455702,0.55430532939801,0.11464503914888931,0.31012479880390426,-0.4105633039811661,-0.20857420133116342,-0.18461362739464074,1.5996167669220172,-0.46584670970786923,0.18144135885365759,-1.3051333230687885,1.2053746282205822,-0.5044821261797596,-0.3368310087559247,-0.968226419100533,-0.918309187614288,-0.04407537034511176,-0.8299815520157154,1.493296440282945,0.24423397498140198,-0.264639140402381,-0.7305056761551807,0.22174507639430924,2.068825772690984,1.7828883177029773,0.0981199462587377,1.146383335273315,0.6420303495601535,0.9384711598822187,1.874297763715836,1.5188272088769863,1.4483811288118054,1.1886703387265596,-0.5951812822475651,0.014744600536183579,0.9339261023078445,1.7168950111984607,1.1048598293682461,0.7258990206810714,0.5660731355747533,0.5906109735151261,0.40477327157324805,0.2590767290351885,0.633124814167236,1.236381290358433,0.7132914616052525,0.2857143343652036,0.17931084015374957,-0.05615063617792579,0.9129032415669247,0.1604645458449324,1.1706378167734743,0.48991055301554526,-0.47801983559943895,-0.9705940855932258,-0.9703916886537752,-1.1431055164536388,-0.6420235580583274,-0.7689550545724454,-0.9139054316034741,-1.116969417000047,0.34193050790570245,0.07677310871716078,-1.1749186688346442,-1.3231857273756669,-0.9583673395546835,-0.9121614015728268,-0.292128509763565,0.10061563804989673,-0.3547996572544858,0.31163472167796835,1.6328755453654749,-0.7550304569223022,0.8427011849963715,1.397081538495268,-0.05103998980731176,1.2125491002557163,-0.20801956811078545,0.8564289091847535,0.630978916605907,1.1992107839469681,1.0927632187660747,1.1161726460032446,0.7826791679009865,1.4008465430684982,-0.23507388703964374,-1.4735809491079803,1.0794976668642826,1.4237555094416916,0.8269855616390851,0.05907953222515199,0.5501542070934174
1.379361321975469,0.0017696747169136417,0.17224420319143682,-0.4489838277589439,-0.2759091598399645,0.17219681413020307,1.0570544928822032,-0.4440213434535284,0.38832098697126743,0.579082856663722,0.0017058695084813558,0.3437746679232684,-0.40088061625679144,-0.44685237763630914,-0.23375987561218317,1.5246335504029263,-0.6054846589102886,0.027531942362034344,-1.6522368425962894,1.05996982229493,-0.5569348557676531,-0.3627867793262263,-0.9726876276340864,-0.835982466531358,0.19213136385387658,-0.6662736066654926,1.145359406210363,0.08873121173262312,-0.2935855580256062,-0.7178314968777177,0.2468538036128254,2.235666190929555,1.7005568287102601,-0.17249771728933538,1.1226547784296566,0.6581450143288531,0.7218226771289724,1.6218084957228358,1.2537210760333621,1.3158987158768827,1.0531630902713671,-0.7342822980213597,0.15717285736343126,0.6005621971367808,1.5685919260759453,0.8868209772131396,0.615336405182743,0.2914274673987649,0.3700429870831937,0.08165721655327274,0.42091569731691875,0.43063409854421336,1.1232688753224276,0.5122119676783011,0.28060111707911767,0.2648806747053458,-0.465650540105427,0.9646493199338189,0.2190552168508669,1.1726697053635216,0.5129885485350256,-0.37627885935402494,-1.088623484678261,-1.2559263192810202,-1.3693271401579097,-0.6840557258192612,-0.6838442658371131,-1.2387100407756408,-1.7150850946420422,0.02357943237482835,-0.13945677120371117,-1.1344042698373298,-1.47700756203423,-0.7157753355870446,-1.0105343513585572,-0.14936211301234975,0.17823806147241794,-0.412191454857679,0.4590525636482264,2.0943994052789936,-0.7262117830004554,0.5837890051711995,1.1506399749754557,-0.19319578192836304,0.942931291337959,-0.37643906307560276,0.6897832495375481,0.36126595302062453,1.195020956174697,0.8962267546459858,1.118335769373834,0.8891175166435933,1.5256371942029958,-0.3290891865522854,-1.2808159566399697,0.7035432564136012,1.1649072106830052,0.3016006155788989,-0.023385830078733207,0.12132491471257092
1.5536165614462647,-0.15356557538583404,0.399856061007108,-0.6097620605991083,-0.2651695620329846,0.34562594360118093,1.3576154675765282,-0.5272083491945374,0.48090004894707605,0.45590717683948695,-0.2138956575279091,0.1974228147293816,-0.47444748743818854,-0.6774554353097479,-0.2965254659206122,1.4992216293861016,-0.7954267566011964,-0.022954344425819232,-1.913005987024644,0.8761346668829937,-0.5546076222343556,-0.3733768521973616,-1.0007198002263302,-0.7099813724993008,0.2600576649008951,-0.6572645208082764,0.6301459543941209,-0.19613384021174304,-0.2564399367239135,-0.7974019967584896,0.2747897373774833,2.2270608689356433,1.523228885689624,-0.3480182384269203,1.0181414741584927,0.6907364788301551,0.4250168322943539,1.2395670949726656,0.8953756624802636,1.101769714544506,0.9090909714277319,-0.8901115280784808,0.2798699091839554,0.206563302854397,1.2829017769029862,0.6406036782921314,0.41494361548056446,-0.06166255090082807,0.1798065580057996,-0.20570176279882404,0.7341820816220893,0.33602206597714185,1.0594984153610678,0.3046339571131061,0.29123749273805905,0.4106852825921997,-0.6587247769657495,0.9831886108335599,0.1264660662610378,0.9588166920969701,0.3630648905916833,-0.3166520055008855,-1.1446006841633272,-1.4245523765544417,-1.555770458774623,-0.6973717915322404,-0.30863980513470063,-1.4703074958171565,-2.1382326470239685,-0.1894337723653779,-0.3010941631461867,-1.0417221911076604,-1.5740869639285082,-0.29431105976599015,-1.0985356362607126,-0.18714675876693018,0.2074004990589348,-0.5284846534155768,0.5498440644688607,2.361275319535926,-0.6723267567952506,0.3312980985636818,0.7558420503234464,-0.37464025364449804,0.5017149420703485,-0.5997396715123837,0.39740692973704156,-0.002816160260428716,1.165847479020614,0.6834555167899102,1.085044856839537,0.8580668570869923,1.4969822578604528,-0.3919290679311634,-1.1030995474357772,0.29039477147496723,0.8259305607294877,-0.2400125633184893,0.0201810307081137,-0.21307154863091282
1.7122510363853083,-0.1696046553845542,0.6768737058574915,-0.5798572807768102,-0.1790867301759005,0.5437291154243544,1.6961740585652236,-0.4466436405273402,0.599098460624849,0.21824658133949412,-0.4846790662300259,-0.0889976716938598,-0.6128502822280355,-0.8706028144732959,-0.36277437356764314,1.5194075137617218,-0.9945224132192726,0.00907987078383271,-2.0537647280065596,0.6668100417245892,-0.5117272536792586,-0.3459343872981108,-1.0437035528212362,-0.5592168363549452,0.18378014202950455,-0.7742778209183859,-0.016185052101390523,-0.5597909722797323,-0.16735118415840133,-0.9427613085056421,0.30785132917942204,2.04211542888785,1.2602455447708871,-0.4255623293963819,0.8365719771309162,0.7381649721626576,0.09587933401605102,0.7733394278721728,0.49358069515612135,0.8264969603723276,0.750458023865331,-1.0149611125024998,0.36012710316940943,-0.19960731045746696,0.8780173565394829,0.3803665355586357,0.13891763060969267,-0.4571676362861695,0.03169852355704275,-0.428280739284944,1.1510900388908134,0.35868302819897807,1.0530748823174947,0.11654972068222103,0.3121040598476451,0.5912633516237894,-0.635395194787815,0.9553951549607715,-0.08078412177590204,0.5618117235763876,0.08221011548512704,-0.2936637285927567,-1.1365925217971031,-1.4649305000851545,-1.671338461263256,-0.6794629292786635,0.29200491375240456,-1.582770589072984,-2.349534929749109,-0.2957219017629142,-0.39966592362088466,-0.8790519625185756,-1.6031754557838143,0.2653617261677952,-1.1521605599729303,-0.37140975268083165,0.18813996723127777,-0.6778842819804789,0.5899041335427633,2.4001728566434037,-0.5976657013673663,0.10752004736852439,0.2511509103645279,-0.5594688048928194,-0.07831535198031296,-0.8402703594077154,0.03459180112920595,-0.4106885819047664,1.1069636851933895,0.4574686748648502,1.0124150270572347,0.713903918408468,1.3267799260546915,-0.40715677190982463,-0.9373395971031545,-0.11396042248262785,0.44356374847865315,-0.7630159336093449,0.16634358699303284,-0.41994537493842354
1.79259554183327,-0.05665725066761177,0.9462492197078066,-0.3873240407435674,-0.03878003752124787,0.7253513822765988,1.998444330963946,-0.25241907571047534,0.7088097533975254,-0.07409330916331226,-0.7441209185883734,-0.4419506834883438,-0.7814253075484497,-0.9987099667005414,-0.4170371276017652,1.5624267649800334,-1.154947127477113,0.08251934140260543,-2.0567485484678025,0.448754317424627,-0.44772458555683275,-0.2624994435863092,-1.0811424837530406,-0.4057493456383179,0.023061442651075164,-0.9523698804808853,-0.7274513803814943,-0.9258924320124257,-0.049978963634880615,-1.1061996031789885,0.34944445862040663,1.709936206454833,0.9346917666021821,-0.42189949829501694,0.5954204464194364,0.7928594769891374,-0.20873992289425722,0.2868433349213804,0.10866545917567058,0.5217983316540443,0.5723639294146882,-1.0570720536612626,0.3847011538616703,-0.5626593877118762,0.39296678131833923,0.12301065242744301,-0.18032329557374385,-0.8444295753572139,-0.0714946604827933,-0.5675121551531837,1.5958344536625324,0.48164961193026684,1.094891628213616,-0.027698011682299722,0.33384332393434546,0.770466412445513,-0.44417868633291263,0.8701276688904186,-0.3386415889284894,0.05335650818029231,-0.256049681471728,-0.2919212210145014,-1.0691316674517066,-1.3835079651143805,-1.6893515655088183,-0.6282672805639095,1.003094393186593,-1.5672673530331687,-2.3486760061552716,-0.31784429673083087,-0.43646118624024294,-0.6386491200488703,-1.5560039321719283,0.894463292553545,-1.1485715245384358,-0.630323530768617,0.13453806692468132,-0.8183207516445685,0.5963295310529246,2.2158269745322716,-0.5056250260761852,-0.07062917206175538,-0.3018664027761327,-0.7064736616925579,-0.7329775933841881,-1.0485743627159596,-0.32198524174821164,-0.7955510203865824,1.0159537643901893,0.22354075452850208,0.9018099216339904,0.5037697420086804,1.0543157837125232,-0.36628779228671193,-0.7687709537311553,-0.46283518972979404,0.0635965433146052,-1.2312333083022402,0.37004445184949164,-0.4882038541679443
1.7400283752031374,0.1494447664069507,1.1480402489745778,-0.09074711834846722,0.12454487137681915,0.8504215781003716,2.185706072617003,-0.019965038308238894,0.7729853978839177,-0.35127417280786616,-0.9236484896566669,-0.7740142353613101,-0.9391177195788936,-1.0420099106824587,-0.4421732136975965,1.5913967596389833,-1.2357712624610786,0.14819589867326435,-1.9236469760567922,0.24171104552690914,-0.38166947134821744,-0.11813620367338201,-1.0856650326243455,-0.2710263067163712,-0.1449581526543912,-1.1085489035177931,-1.4140423557240183,-1.2093583314184695,0.06907052483596943,-1.2317296325793354,0.40216408605534226,1.2836497766020156,0.5811794124514579,-0.3670325205591933,0.3246079862336677,0.8422603927251705,-0.4352876785841914,-0.1500726808055598,-0.20076898802951404,0.225229345676636,0.37711926443882016,-0.9748611867121305,0.3535741880356673,-0.8299236581023508,-0.1163638409083388,-0.1110366786412874,-0.4955676478132664,-1.1654699124701733,-0.13433273645313817,-0.6173580497877497,1.980006245750228,0.6650726094314525,1.1594417161225539,-0.11005162133178781,0.34561506168803086,0.9094999064110741,-0.16881627615765915,0.7212735031103729,-0.5733194360794502,-0.47138778783750723,-0.5659662752435719,-0.2923030055710986,-0.9516236852709591,-1.201036758255542,-1.5936546427084992,-0.5427323793842612,1.6844021428310039,-1.432970118543101,-2.168801810253771,-0.29385898953319933,-0.42019538947117474,-0.33038055072861955,-1.4286896696265927,1.5069444875550906,-1.073880450981263,-0.8743673411756656,0.07125846612696676,-0.9017827624111494,0.5907759274844869,1.8485829349870584,-0.3989919419859513,-0.19275492579153722,-0.8285977154367233,-0.7795514433586472,-1.3750537692917582,-1.1747418200274726,-0.5919278381059069,-1.0879042737586038,0.8950468965720663,-0.006375583689548946,0.7606272082517315,0.2837785455433255,0.735962417504963,-0.2714936981053783,-0.5791065381708551,-0.7156783153284969,-0.2665085467936599,-1.6063285010023476,0.5768808383576584,-0.4281983105597977
1.5232067491973584,0.3947842373791129,1.2326035141449658,0.23404844672759856,0.2764414985576117,0.8890940443117724,2.192400371488664,0.16886117115839303,0.7607744432675774,-0.5514525918336203,-0.9705336065523155,-1.0062092912957352,-1.0492503673349498,-0.9932722700803643,-0.4242235471783953,1.5633864505638155,-1.2146185332904167,0.16182344757729486,-1.6756183738373869,0.06657729975550379,-0.3280853973844329,0.07372519698335783,-1.0301462800661643,-0.17236787448606883,-0.247201500766971,-1.1634725380761397,-1.9761181362626024,-1.3358844743423348,0.1668546331509903,-1.2696815982732972,0.4658949941294629,0.829826950624884,0.24084347504388534,-0.2959514944397444,0.06279799554412735,0.87130134762493,-0.5446965779968784,-0.47543534074400357,-0.3902751718202258,-0.026943089769240328,0.17768081767436186,-0.749130067260277,0.2807648244294572,-0.9611954940234838,-0.5847589703650349,-0.2988283456375288,-0.75208845279027,-1.365160167178868,-0.16615896852921055,-0.5847318397198799,2.2207627557313065,0.8541156861314834,1.20905858863536,-0.12309732068706168,0.3376396718689558,0.9756598048713113,0.09203182678521406,0.5105214385215266,-0.7200285745194093,-0.914270531343567,-0.7711631010080223,-0.278509212864166,-0.7969851259475396,-0.9480362345480764,-1.3833906332017831,-0.42423358684946855,2.2004375777790823,-1.205298198689923,-1.8674796813078653,-0.26661415466881283,-0.3645593877922664,0.015736721628241915,-1.2239844723669437,2.014714891398071,-0.929071495232397,-1.0197685099477134,0.027346377832590113,-0.8869435395528983,0.5923757463791673,1.3656300379483435,-0.28099357592613505,-0.25538277058333647,-1.2547981082718795,-0.7571152329369526,-1.9087863084149388,-1.180473681055511,-0.7098482165635146,-1.2306253236371718,0.7524800264007936,-0.21153717487320306,0.6014685126936986,0.10443937276003368,0.4318345524299116,-0.13549842542658325,-0.35511957807215955,-0.8443592739226942,-0.5058805145395766,-1.8495071405185577,0.7363321102067398,-0.2682168372311926
1.143416318334055,0.6177163202558065,1.1711791766985222,0.5098282827971946,0.3859650012460118,0.8281593462319357,1.9814624677572281,0.245299273204379,0.6553214745514548,-0.6356984972100828,-0.8619248865359478,-1.0870722830664596,-1.0883118690317335,-0.860333702108982,-0.3571987114780854,1.4393810095963364,-1.0941857944494504,0.09450776156797301,-1.3495953476915155,-0.05722876696414212,-0.29503749167739035,0.2809915672242119,-0.895213059130263,-0.12038721742475338,-0.2337809596665743,-1.0614241715857788,-2.3214089422965882,-1.2593761400638634,0.2289186253713582,-1.1892764623888046,0.5367280890195901,0.41572401828211214,-0.04521220777597006,-0.24037270766005586,-0.1482967016221663,0.8660562177255868,-0.5197675947310174,-0.6477909567348998,-0.4388296900792893,-0.20658386644064833,-0.002670504825013778,-0.3900739417317747,0.19194354751882894,-0.9369276959369409,-0.9476276937860041,-0.41788718340659803,-0.8974124902809167,-1.402145996137906,-0.17834109456305708,-0.487817783743631,2.2578428489081936,0.9898079691628789,1.2013912658819774,-0.07282072447030526,0.30331068448156207,0.9496601071254174,0.24742008752785907,0.24896329756414962,-0.7379182769962531,-1.1949654931051923,-0.8231197423774783,-0.2421426595791368,-0.6207968357356324,-0.6602713911702888,-1.0752959418782533,-0.278459804159451,2.448684194172046,-0.9218241906656384,-1.5138490543965963,-0.27344649515678027,-0.28620120582309516,0.3531814847449627,-0.9537713015134953,2.344716217551648,-0.7321928837909897,-1.0096572646873383,0.028707026344814902,-0.7508987758875403,0.6122259339734538,0.8480855910988093,-0.15653790456666242,-0.26132008528972184,-1.5203826076870057,-0.638127088019977,-2.2477881725471645,-1.048591864957785,-0.6403625242385089,-1.1920136471950193,0.6023491623150719,-0.36338368875730065,0.44038398174045457,-0.0009224929031213533,0.1932977920359469,0.021198857312766876,-0.09500049644444576,-0.8377806374193966,-0.627410365048291,-1.9261948249511671,0.8126895191754577,-0.04851924180182005
0.6355562780478711,0.7599372773516713,0.9615025321621423,0.6728632401518482,0.4307582572289572,0.673320965296987,1.5537442254042935,0.16886707902363174,0.45822403462883016,-0.5958851550847919,-0.6112209570106183,-1.0035751656455074,-1.050559584419344,-0.6656555517065694,-0.24639906062651712,1.1940013151317859,-0.9019258554422407,-0.06149055508928882,-0.991699135546251,-0.11478157891385145,-0.28458983968209633,0.45844645901004366,-0.6752568570233548,-0.11770421878124754,-0.09008300339324396,-0.7840140163761044,-2.383983111917866,-0.9731454688342942,0.2512413491685187,-0.9861613709979774,0.6070798446525425,0.09705827159724677,-0.2425601908431937,-0.2221413419430988,-0.270777168829488,0.8177195313158014,-0.3672518520474538,-0.6542665051546561,-0.35255628856019194,-0.29838541615451425,-0.13440505567845562,0.06267334224143405,0.1192842392045762,-0.7628980381419042,-1.151726536449259,-0.45063534693420404,-0.8915699020791327,-1.2580454557457295,-0.18182551300979355,-0.352317146299147,2.06580932334127,1.020689632706655,1.0987958859308893,0.021283647595383696,0.24041119596285862,0.8298530408649266,0.23378912652503378,-0.04326882744658155,-0.6177869065488681,-1.2674379439645247,-0.7119420908985556,-0.1849943754679282,-0.4407781053188827,-0.37483251756636055,-0.7028513274206154,-0.11701535164246976,2.3798912497793707,-0.6264821477842287,-1.1748807991683925,-0.33856567031161006,-0.20321686358611674,0.6280849276023135,-0.6407058353026025,2.4543181658745215,-0.5158722552208042,-0.8278921286425887,0.09107346266857543,-0.49682726324685533,0.6507339759195913,0.3766864870133597,-0.032968134881147255,-0.21808179885044449,-1.590553400799454,-0.4432242547099673,-2.332491074769707,-0.7874548536134043,-0.3857275559952879,-0.9734731222756438,0.4627255541320403,-0.42973670391952606,0.2948628732130164,-0.022087552409549606,0.05445162199437575,0.1748151006470959,0.1892927603801097,-0.7039472399354885,-0.6221559926905922,-1.81303960653075,0.7913677590512109,0.18617795710369545
0.06074164904221268,0.776101190263317,0.6274358014754312,0.6837948984081177,0.39953821089563474,0.4470656546428817,0.9491391327213523,-0.06542977394723119,0.18951324106180711,-0.4536466385607234,-0.2650277025066888,-0.7813286629467567,-0.9475392010604666,-0.44283547411464635,-0.1090962326996292,0.8227427593126708,-0.6831107408119194,-0.29265343457816173,-0.6493090782019363,-0.09851912509614945,-0.2949914068897735,0.5582900875375264,-0.381425100814144,-0.158945229488421,0.16103500399649762,-0.3546786375538318,-2.1395937047822424,-0.5121179172512405,0.2392159367605922,-0.6832249947494473,0.6668725896321933,-0.09129845353246448,-0.32897738053218756,-0.2495255432075567,-0.277471554459438,0.7257848613851116,-0.11463546644950386,-0.5121358742259954,-0.1621606246569899,-0.30139431735345085,-0.18864018499519306,0.5469059769892541,0.0945186753510618,-0.47011624931809115,-1.1647621064061573,-0.38918826672200485,-0.7157249199429182,-0.9427548985245003,-0.18529221352208944,-0.2063412262355864,1.6590578794190478,0.9128933079192905,0.8775709418805286,0.12914758017046848,0.1512216930060643,0.6324488219234184,0.027185185096718526,-0.3396689454186108,-0.3811803055201842,-1.128428622300108,-0.4668913860797617,-0.11806688841781542,-0.27605824391999934,-0.12687713072817774,-0.3121925993018484,0.0421638279036596,2.006058864484789,-0.36291130643424035,-0.9036707071361303,-0.46947565744148656,-0.13385684841091908,0.7916270981504367,-0.31778649331592934,2.3412174605352316,-0.32042292503970776,-0.502266210369158,0.21526554830648587,-0.15526141467479918,0.6981521207695789,0.018783722022222917,0.08018216234712071,-0.13598157894434984,-1.4619585065077494,-0.2106007438776372,-2.143094925429877,-0.4292828633208919,0.015377902776257975,-0.6096904679822943,0.35220902640266,-0.38179449656846587,0.18182530594359186,0.028734466567299183,0.028922149767935112,0.3031175484978428,0.47412629438208603,-0.4690405093798931,-0.5001815646753617,-1.5056987812852984,0.6796623681907806,0.39441210764625434
-0.5071281827262343,0.6404792801064066,0.2131104241561482,0.5325665886135822,0.2919322275214537,0.18294772337215795,0.23910151113206357,-0.4290441667375355,-0.1167827547836027,-0.25115539877835563,0.10844740984023495,-0.4746300550993361,-0.8031580371107438,-0.2307024577938974,0.027957615621304423,0.3450707276557426,-0.48924637968865514,-0.5691189109473017,-0.3634779432675411,-0.010444509563604286,-0.3234372879993483,0.5432233868798426,-0.040834770864001495,-0.23177414607957886,0.4670682706608807,0.16665114568909847,-1.6137333818851467,0.05439277978893356,0.204429007369986,-0.3248069017288756,0.7052560577899001,-0.1401494362433673,-0.29808917903658055,-0.31689181791781323,-0.1576856816485848,0.5992597074806527,0.19695524522631128,-0.26381753076124553,0.08488427752292084,-0.227443465155111,-0.14524079885906652,0.9898045822471254,0.1415253509965826,-0.10982232425449866,-0.982098209556988,-0.2392603065690545,-0.37749543153782944,-0.4945702702891634,-0.19406246781382394,-0.07522090720764013,1.0888609813038919,0.6567489917777674,0.5348777637023185,0.21574538076321056,0.0416160531266381,0.3877972889585456,-0.3543388247841616,-0.6119517041801992,-0.07188266268765303,-0.8163073542013388,-0.14697450721203584,-0.057861224509093076,-0.14574181113741777,0.05325554779950722,0.044732401876438094,0.17627989619461154,1.394836193349164,-0.16785520244508761,-0.7318703128914948,-0.6575739271530668,-0.09502606541506571,0.8124263833843853,-0.025074392242311005,2.044830445659613,-0.18406718324822557,-0.09648481343328304,0.3860168133413952,0.2216258549311322,0.7377595503101493,-0.18127096623870403,0.17258713547171697,-0.026697332729355903,-1.1628465468747156,0.012424077303814535,-1.7049997923854219,-0.023204579428797605,0.4969987650410069,-0.16122248289887614,0.28551909114869134,-0.20280990575933955,0.11546615360724624,0.12328760879809844,0.11133255946127402,0.3892810817488809,0.729761432744944,-0.1736446086717458,-0.2881141501988249,-1.025360848118903,0.5024215450839798,0.5443264413111123
-0.9969993907277274,0.3501344869055144,-0.226678645116851,0.23728975555217244,0.11647485591673863,-0.08208715796144431,-0.48743863853948305,-0.8694422163707052,-0.4202384298578398,-0.03697799921595936,0.4363025701297216,-0.14989414710812338,-0.646212445609245,-0.06614975201380224,0.13383041826141573,-0.19727830617027986,-0.36495469290376076,-0.8527197689786574,-0.1629868756794359,0.13681189468477967,-0.36813834391961464,0.3984792095169711,0.3077590922576392,-0.31865620781389753,0.7610222465156298,0.6969335453324826,-0.880189209219448,0.6371926556961333,0.16042304509880495,0.03380318372931433,0.7122551171441827,-0.06583571066978684,-0.16075471873135389,-0.40741995924294344,0.07926879991577153,0.45511995354390206,0.5213988545017985,0.033038029983115384,0.3350531298793274,-0.09744552777528465,-0.00011211227073288987,1.3219464838984423,0.2699405267367295,0.25534091367643713,-0.6292189929468541,-0.022071030122941638,0.08805564742783238,0.0250475259526818,-0.2098474569815633,0.022427377485945945,0.4334939542098843,0.2688904690952849,0.09175603284406812,0.24834726120897058,-0.0804570273657741,0.13367253309505409,-0.85771268629625,-0.8354785303951908,0.25711463775926535,-0.40105094604011576,0.1753374006038373,-0.02126809164919235,-0.06662631591618759,0.14289519763766456,0.318723222307173,0.261175298031937,0.6525046966257187,-0.06554301310625893,-0.6670378447050175,-0.881960191017642,-0.10031317936564917,0.6855319999273604,0.19634231499651603,1.6380847612433753,-0.13278658245334063,0.30668699648486186,0.5746914074184888,0.5712273261082678,0.7505643579987505,-0.20720784333943487,0.23540969187895874,0.09718367843293108,-0.7475409384809222,0.18014867183415192,-1.0855588326487833,0.3747688251135897,0.9800831039465999,0.2983292073192813,0.2691122356922462,0.10347999894178488,0.10474110140360557,0.22700089241984986,0.28151646687861037,0.42387075730078005,0.9274234205864402,0.1331116022236739,-0.02451756539049224,-0.42184354271877084,0.2942003597897902,0.6173970798280072
-1.3544713643537176,-0.07507818063552359,-0.6373631478767785,-0.16155078899854564,-0.11196478503063927,-0.3153531129588991,-1.1410776558206865,-1.3237061461639783,-0.6827169313289787,0.14827665371260024,0.6584599334017243,0.13219352905976858,-0.5028355087602953,0.022872501546491918,0.1802953411369014,-0.7464160446202485,-0.33673718859806256,-1.1057121731332715,-0.06074220716071043,0.3204342386770474,-0.42883162945041814,0.13901958966973735,0.6207213014665497,-0.3991783755077519,0.9792336157414068,1.1478347235769277,-0.050080233306174775,1.1449530142430269,0.11860899241147024,0.3385154885677607,0.6798906671623332,0.09434056280460144,0.055917074525194115,-0.49789096416593476,0.40351342362464043,0.31397788920217645,0.8153396269844979,0.31763165878652566,0.5395598271421788,0.0631222825457911,0.23035189608946435,1.4900465798994473,0.47118667450429413,0.5620050064376669,-0.15924725931072992,0.22652582855343595,0.6220573466110796,0.5411862136102575,-0.2313448402864505,0.07652971099470438,-0.21620293571668422,-0.21021739601887474,-0.40849856132734746,0.20387146011631602,-0.206527537218787,-0.09286047975558252,-1.408362070435709,-0.9940174331303854,0.5569958711888289,0.031779167987643187,0.43240956669076414,-0.02074840034745761,-0.050426685505415146,0.12993148015460576,0.4721015219571078,0.27628735049534375,-0.09960272999715615,-0.06393017569640588,-0.6944523478434611,-1.114864614104886,-0.15767518308280426,0.43540123062849173,0.3120680615145448,1.2110420439997551,-0.172677455522327,0.6263071038904203,0.7451451949081855,0.8340563186155113,0.7201844792258218,-0.07126475283761902,0.26383361012012607,0.2217953394761337,-0.2866192091792485,0.2589583085052484,-0.3829772432156352,0.7121306562849036,1.387873376778435,0.6968532137593866,0.29803455891375336,0.5072462650132896,0.15063293053665525,0.3090155455317733,0.5093627791179965,0.4047011725992686,1.0455856214379002,0.4003762534159974,0.24560348694566875,0.22857992546637565,0.09008537396450425,0.6090293947334859
-1.5507920841842318,-0.5950320929014764,-0.9742648981985762,-0.6094367062708024,-0.3742234157396368,-0.4942223961664794,-1.6477383639754808,-1.7320254810763756,-0.8758842880568115,0.28195859984036153,0.7410895214242176,0.33047288823792254,-0.3910447619007577,0.022785616183085538,0.148543962530085,-1.2377336084878903,-0.4064722882249881,-1.298044685230411,-0.052766998684244615,0.5095448368251938,-0.5056690863112022,-0.19086456107509278,0.8570996007915939,-0.45289585303053737,1.0767132494851748,1.4436184771824767,0.7466125075590426,1.500670100844072,0.08520489186508134,0.547034559539993,0.6026214307093202,0.28985823589067106,0.3118436854281386,-0.5643636160330723,0.7673771079411323,0.19391596954341744,1.0433400126173011,0.5373401742719176,0.6627822256111403,0.22836707216589425,0.5092479678324217,1.4657993123285604,0.717963443016221,0.7563981285026323,0.35440748818425816,0.4600325589983749,1.14974467865186,0.9779981785335884,-0.2555482888577589,0.08523032141932338,-0.7729156522271121,-0.7227355956396231,-0.9065287183890163,0.07456225823618154,-0.3286638204700232,-0.26314253225085515,-1.926167877642207,-1.0824761440817405,0.7929886108892431,0.3989400419571914,0.57668937052064,-0.06124765367770246,-0.10123198612052074,0.015362808511131686,0.48593295159313477,0.2098448179534147,-0.7493439175704107,-0.15353794068272608,-0.7822298507211762,-1.3271512687434024,-0.26736415533877034,0.11178383359430202,0.30201306498101266,0.8501245054609622,-0.2872293479036986,0.802415773683848,0.8611730169399011,0.9659388455814585,0.6367369023109639,0.1893880170490414,0.2590288493792966,0.33156385653234927,0.14523904053182435,0.23501548492899832,0.2903281948610495,0.948346842260747,1.658952960162036,0.9761466685871764,0.355121002906306,0.9523392262496373,0.24388660140486068,0.3496930408219077,0.758997951637417,0.33501946218712636,1.073705085896342,0.5822949374943331,0.47624105610592077,0.8316611597770616,-0.08255057607396711,0.5264519178988283
-1.58577847450955,-1.1538866539935262,-1.2091161448852776,-1.0467973667357906,-0.6479659286127749,-0.6088807448888616,-1.960006759933336,-2.0477672750933618,-0.985797698869411,0.36215878973723525,0.6825613457408222,0.4294689619311251,-0.31860960142472344,-0.0629253829936614,0.03394359694553953,-1.6111236312369794,-0.5512419710755683,-1.4119019395491004,-0.11979760626574434,0.6688975822407263,-0.5972659461946482,-0.5262803908859741,0.985368833286175,-0.46268066702456384,1.035996868404316,1.535175516073553,1.3835834550341704,1.6533035134891247,0.059695645486533055,0.6355399432544613,0.4772514615572892,0.4662158005309956,0.5592616592653968,-0.5876895330426539,1.1114492088335837,0.10424319464090889,1.1798969182638595,0.6559479517475498,0.6868484534514842,0.37507682403351333,0.7842201560296244,1.2494849527240566,0.9676592504894552,0.8025114969148613,0.829365006415373,0.6282216833660559,1.591695017004066,1.2718368220835927,-0.27946592234997497,0.05307996191367822,-1.167820116527674,-1.2029240860947656,-1.3369474211491688,-0.12963987262504822,-0.43981880836446474,-0.36248146494087385,-2.340052756047958,-1.1068989935301408,0.9483836154811064,0.6350910248468311,0.5891450015077699,-0.13958749198000733,-0.21400727324439342,-0.1853131235248787,0.3640109688570663,0.06280234894255263,-1.213471558367149,-0.3093239413562761,-0.8884600639150856,-1.4929116134770435,-0.4209782761709082,-0.2206702967050433,0.1658992872702598,0.618100297193836,-0.4406947228657754,0.8085124183199462,0.8936646933051162,0.9458016224165977,0.4990212544756397,0.5191690346343097,0.22880370024879118,0.4096809596740412,0.48164638511062724,0.1173959982508211,0.8268281253525859,1.0601441755270153,1.7555692555039741,1.0996065717561734,0.41315946765485717,1.363013425646343,0.36430070359330274,0.3437944046263777,0.9922016776229448,0.22097454034177055,1.0127406379956352,0.6439083082767114,0.6254725943932499,1.2896565621639036,-0.20955316222953277,0.3850394866577423
-1.485119954461651,-1.6865560305594054,-1.3325335641964398,-1.417467539040141,-0.9083767164423495,-0.6617888076173262,-2.062372204562006,-2.242548289222948,-1.0137944165194113,0.4029612763840474,0.5107443030035705,0.4370797942427266,-0.2842296289154891,-0.21441022394702414,-0.15246206592650793,-1.8222457370671077,-0.7294356935625788,-1.443273095315027,-0.2312905378287405,0.7636810955864969,-0.6991348380180801,-0.7970495341715828,0.9881481346330001,-0.4183386915472694,0.8677254861972191,1.4075899385708954,1.7606506966385613,1.5829268264492213,0.03495191981379022,0.6005191767494268,0.302639771733969,0.573937072610474,0.7494879204696686,-0.5580601395493818,1.3733364742457166,0.041201198000493,1.2089722252584376,0.6575084233391634,0.612072758886293,0.48461712517921685,0.9969899634506525,0.8683582770529481,1.1693675301445234,0.6870421352597949,1.1878521646388167,0.6861255466834889,1.8768310405539672,1.3826340354730469,-0.3018075544869889,-0.011281092484965099,-1.362165023743874,-1.5884008394665508,-1.6408082324627231,-0.38305060661487905,-0.5336834036951738,-0.3924396785427089,-2.5986662518943406,-1.0819172009312257,1.022509694109732,0.7028559800727592,0.4794477165994211,-0.24620389540981352,-0.3747309025430569,-0.44282817259993346,0.13246038304123212,-0.1498153405913768,-1.4495056048682298,-0.49548651190554494,-0.9692488020720217,-1.592842012569077,-0.6024347504808004,-0.4965725924506994,-0.07496291582718982,0.5399351912110524,-0.5869982090850422,0.65458310674434,0.8258079381648025,0.7775564328364186,0.3148336330059469,0.8524384143838203,0.18653269649099033,0.44010960224131523,0.6752279059277444,-0.06395365428779741,1.1421859319627725,1.0434362825661698,1.6664190063132263,1.0544676094956114,0.43984105730545797,1.6573326208703438,0.482592125238891,0.2989098642353561,1.1717719441979773,0.06947901372405565,0.8729740648862243,0.5658433753421088,0.6603333889234088,1.519797939127261,-0.29176417424181733,0.2043994896525147
-1.2936731103309826,-2.1270698381669484,-1.3526263632503568,-1.6761392480998076,-1.1294428660604503,-0.6645473038787323,-1.970430353365083,-2.306532369936425,-0.9739988826580918,0.4243685208054145,0.2728772618887901,0.3757098525946958,-0.28096223502400114,-0.399511725685101,-0.3861523023191891,-1.8519457296385067,-0.8914526508444285,-1.4010079724159712,-0.3513135351323179,0.7646739719652144,-0.8035329266352605,-0.9457495203069016,0.864306125349604,-0.31989925355835064,0.6037347026345296,1.0803932774808989,1.8219141908670766,1.2996609397208343,-0.0011416854344609012,0.45625873094279884,0.07959393274253589,0.5758504071592834,0.8402752068691228,-0.4779238581135679,1.497948479878625,-0.012762280934435535,1.1224148909951075,0.5457092211037786,0.45390438329656846,0.5438331169491974,1.0954894199718053,0.3708448417203725,1.2733535545510386,0.42076036923487886,1.370225837647411,0.6035519879329869,1.9550782682565664,1.30129287049117,-0.3241527958029356,-0.09711065557088043,-1.3538512724613463,-1.8316260250460303,-1.7783978517453392,-0.6504614827424834,-0.6046090376105066,-0.36953051681112803,-2.6762020222105223,-1.0266245724798586,1.024421606360939,0.5958591349325679,0.2789183526532117,-0.3683662266409906,-0.5623070734484562,-0.7176359108743237,-0.16522465698012245,-0.4008579503343339,-1.4587484676057503,-0.6724291311424301,-0.9866741089987081,-1.6165243613812714,-0.7911369370799788,-0.6642147805079736,-0.3803798063564608,0.5981153344768597,-0.6819524979700077,0.3807286980724218,0.6553142998639979,0.48637039124413356,0.09967218931540238,1.1226681481009322,0.14844725489897137,0.4110321851687644,0.7050749488180031,-0.26482447976119483,1.1897231467982528,0.9124141927357182,1.404510138697917,0.849558296250528,0.4044669981033709,1.7647614706659331,0.5651973822977732,0.23006247733974805,1.2655605176694358,-0.11271824633703917,0.6704583398572547,0.3475159496773197,0.5615191311905742,1.4730759746063522,-0.3430468762522985,0.005234330397962349
-1.0667153012605222,-2.4184094729871743,-1.2907478268608068,-1.7945612186994908,-1.286724620603353,-0.6335066385403733,-1.7253237589204302,-2.2453913832422967,-0.8886009010060267,0.4407664270910124,0.02121580559023835,0.27064005080832987,-0.30027355047596005,-0.5804007704773955,-0.6344720439459907,-1.711926830515687,-0.9921469373347499,-1.304058541536405,-0.44535212800613744,0.652862313812537,-0.9009988602802335,-0.9435192317430086,0.6284736118236861,-0.17965024775060132,0.2855224232100828,0.6013701879383171,1.566023648502115,0.8380357309200032,-0.06290429995962091,0.22950288276994568,-0.18877313371481683,0.4516296495696089,0.8026142364053396,-0.36265379940494846,1.4475867912672027,-0.08549995140567321,0.9187257435279719,0.3395820243793726,0.23762817235489753,0.5452504333599909,1.0458073933195424,-0.18192378150698493,1.2411236492061186,0.03645073533143932,1.3458645807201068,0.3730322954447001,1.807234147577069,1.0514366575818017,-0.35119284104504644,-0.19284914656809396,-1.1780012414655112,-1.9096821266990924,-1.7396518407325465,-0.8962986607394233,-0.648193993310886,-0.32086478757674336,-2.5735783870980953,-0.960219196594889,0.9652219240220344,0.3351155343575399,0.029152535366148105,-0.4936274985985173,-0.7518654306696502,-0.9660578695500405,-0.47675519084606877,-0.6560611747109857,-1.2813373383671949,-0.8044869030601167,-0.9156281226203723,-1.5637574515051624,-0.9667946173889487,-0.6966861026864246,-0.6980957539548192,0.7385107062099565,-0.6954371099791088,0.0440159071101368,0.393500288190608,0.11105743261095934,-0.12571921228276042,1.271510909568137,0.12986244076767678,0.31883631347845376,0.579752842229251,-0.4363101464442235,0.9685007153561233,0.696517225569078,1.0016496057910098,0.5104604173582584,0.28478505144064953,1.643611947165016,0.5813194101970804,0.15238107431064252,1.2511727221159756,-0.31853883588291154,0.4235811712013756,0.00842001108166195,0.32742780301976226,1.1485975257684173,-0.3853898685428635,-0.1926470577090568
-0.8608294726299724,-2.522600234531051,-1.1757854572139876,-1.7660166660437715,-1.3617302548517316,-0.5855819699976589,-1.3852237504836304,-2.075741035228171,-0.7824032767954219,0.4521454367663559,-0.20128886558933248,0.13993090758477783,-0.33510997595241226,-0.7213516772135602,-0.8636916982276793,-1.4450571231165417,-1.0017406759151322,-1.1774958092002408,-0.4866887274795899,0.42272061921907694,-0.9829316032493287,-0.7990034902571489,0.30842250001557453,-0.021917883128505043,-0.04797479175936997,0.036078798888052765,1.0462242676262825,0.24898414129597624,-0.1634042712739185,-0.046839765641257705,-0.49616553596621404,0.19922743286867192,0.62576519205183,-0.23846850070081083,1.209817431175317,-0.20800987583784,0.6030975592030153,0.06705141724215999,-0.007776321597795881,0.4867899978997839,0.8409121241473562,-0.7256334941105145,1.0539250396786346,-0.41612694542038703,1.1190959620192722,0.014006958459295936,1.4497533573662953,0.6848678781781538,-0.38984756211821864,-0.28682822305306427,-0.901182940456638,-1.8302505031058731,-1.5494090821148527,-1.0943276412639513,-0.6627741278141539,-0.27794072738291226,-2.315792264978937,-0.8985974264303025,0.8520263925357056,-0.039258222849479586,-0.22990157453221646,-0.6122863224900079,-0.9186246910502265,-1.1480252234287247,-0.7512972252723338,-0.8809608479920544,-0.9854291701368566,-0.8666697480403328,-0.7484439797328974,-1.4448490258943685,-1.1145747722644292,-0.5970379158226762,-0.9733143180480192,0.885030530874248,-0.6200263028940387,-0.2972000892017408,0.06188583608409683,-0.304933752646945,-0.33851948688184896,1.2568658760084357,0.14122530276057496,0.1711765288330942,0.33522441525690144,-0.5351873721052476,0.5233444339745331,0.43581761714404144,0.5014168194726065,0.07394767707254993,0.07221548993461968,1.293335637550039,0.5105039383170651,0.07415739935210788,1.120380695156,-0.539126811592921,0.1508029713488259,-0.41307623743307664,-0.023547589839949996,0.5989367785392881,-0.4424809020060036,-0.37143081796597793
-0.725496000222054,-2.4290282849882106,-1.0383204416547926,-1.6072296053862543,-1.3469345382438898,-0.5353208797344899,-1.0155926711827907,-1.820534207767239,-0.6779671395418837,0.44128624364484464,-0.37117149435563623,-0.010734048029751113,-0.38090706375700306,-0.7958567444151075,-1.0458764092733772,-1.1194348741613152,-0.9123656139146203,-1.0477402737344645,-0.4609241880533282,0.08363887042900336,-1.0439368944631162,-0.5575625357490512,-0.05900439695794674,0.12007257543776098,-0.3695561601308722,-0.5441398288026588,0.3597437323093593,-0.40850399207880256,-0.3108898463531253,-0.3392886702029651,-0.8319092028566963,-0.16649552188214653,0.3195362874818599,-0.13750496105845655,0.8012432057063908,-0.40527610338031317,0.18880775297081004,-0.24187863174961008,-0.255320897367177,0.37113033398258355,0.5037094266638107,-1.2019536398362758,0.7177076028367456,-0.877577122885673,0.7286307517357857,-0.4283814255200648,0.9329487272313364,0.2714373782106232,-0.44734664733880336,-0.3678112047023363,-0.6098015705869502,-1.631983145379329,-1.2654222692053876,-1.235067928204412,-0.6514372407872158,-0.27003858683772614,-1.9463401762016785,-0.852524500358411,0.6856679352489278,-0.4781415312174029,-0.468927571943321,-0.7180290628318897,-1.0413054802394937,-1.2345860229065693,-0.9489458671672589,-1.0478868545027509,-0.653067348589344,-0.8487685061728917,-0.49631695816553484,-1.2795535180519666,-1.2288657766368933,-0.3964466645657326,-1.1588193763382844,0.9590618007941618,-0.47342009170844523,-0.5969389687874685,-0.3124620844448438,-0.7215106125450369,-0.5172783898670865,1.0590147484049577,0.1849296479744927,-0.012359597069338885,0.02778930614482914,-0.5329630849035123,-0.06355193849865796,0.17511922553817455,-0.047751322260956935,-0.417083873786432,-0.2258428931601269,0.7576162405311118,0.3485264903214604,-0.007565408979929425,0.8817441742598865,-0.7623635844743402,-0.13012679932282153,-0.8638887817356827,-0.45374003400521845,-0.07637855391463991,-0.5333115685189465,-0.5161052175429277
-0.6959609191122312,-2.1586143265838578,-0.9056193135711372,-1.3567017243533253,-1.2496383776988524,-0.49354808105948933,-0.6795827914235976,-1.5052275300698146,-0.5921728546686853,0.37810165548154545,-0.48772695197145066,-0.1867719548024822,-0.43427650189861017,-0.7913620767945999,-1.16373769980098,-0.8165218358282644,-0.7385791224514905,-0.9374733088543594,-0.3675439999928475,-0.34065410994930906,-1.0826682723521732,-0.29056922610291713,-0.43269371660663863,0.21018779989890118,-0.667433558371546,-1.073071738658938,-0.3716610826298993,-1.0746776380151364,-0.5057199086026244,-0.6176651747615306,-1.1798357915197313,-0.6171067513236547,-0.08665386611423999,-0.0906330973501977,0.2659427933137779,-0.6874546246852217,-0.3008087503709405,-0.5605787197591507,-0.4842135580546031,0.20485292524271106,0.0833504466331498,-1.5661922415356733,0.26332105970437714,-1.287562356005578,0.2402526174987138,-0.8903071028400253,0.3324780713555682,-0.11461797728920595,-0.5286633404503391,-0.42572363628643695,-0.3941875738680366,-1.3783557979639869,-0.9685209117670412,-1.3284913074105826,-0.6235908676698454,-0.3185411247976048,-1.5195073417505434,-0.8273209900368466,0.46268739417539634,-0.9324300478069906,-0.6730523308744387,-0.8065589644994201,-1.1042264708807958,-1.213122606147316,-1.04713022407253,-1.141099306948152,-0.3651799021828775,-0.7557559569921362,-0.18697593944550367,-1.0943617231669498,-1.3141645398678203,-0.1461488556393001,-1.223483758364469,0.8986358282426627,-0.29373422546671873,-0.8297343643695515,-0.7014767220531429,-1.1071756929930183,-0.6451561427501133,0.6839319045280362,0.2536708195560513,-0.2028299963956221,-0.27694081602883314,-0.42187032203582914,-0.6881986889080495,-0.04292295764872032,-0.5982918548450665,-0.9178377335493422,-0.5871078223858666,0.1166883664241235,0.1096854309307001,-0.1074035415619522,0.5601096018166719,-0.9722940715076717,-0.40190174302512444,-1.2832735199195466,-0.910701823910288,-0.7490855815134155,-0.6671756437232661,-0.6154629992689593
-0.7877774563198857,-1.761928849659322,-0.797968036105755,-1.068827142426734,-1.0927325141170183,-0.4672384319885624,-0.42953347897689337,-1.1549035450530316,-0.5344454891289416,0.2299292454100228,-0.5687851864838025,-0.3978082101055955,-0.4900137406345677,-0.7104950349972436,-1.2122924446042473,-0.6150878155689008,-0.5118623905640233,-0.8609150003658123,-0.2181591688505128,-0.8144975341967643,-1.1005465568232549,-0.07744667846214945,-0.7721734982279952,0.21723923007741877,-0.9428982483708749,-1.4976936142617192,-1.0260808842250968,-1.6946373546862339,-0.7384511584484308,-0.857017744823292,-1.5177099863464487,-1.1148390868551228,-0.5477520971568022,-0.11937760308932031,-0.33156046265905315,-1.043857013041699,-0.8311052549354874,-0.86866461583407,-0.6819512958290022,-0.0024579833699910287,-0.3545485981212652,-1.792526312671594,-0.25817348024319675,-1.5936242466739434,-0.26599386681827436,-1.300964503387371,-0.264407123923208,-0.4088984036573232,-0.6339443533904241,-0.45264306814259003,-0.33090396725357857,-1.1454534370981235,-0.7462450458799419,-1.4007820551321608,-0.5949056166037858,-0.43309554687404067,-1.0913414067760996,-0.8235145416091055,0.18052869343603714,-1.3589513115538139,-0.8400572753466244,-0.8727684474287558,-1.0977040839871384,-1.0887363155948988,-1.042500244343743,-1.158653965102128,-0.18778898910207273,-0.6044097109962924,0.1411693993933137,-0.9181686866099933,-1.3824451464906717,0.09458954848225695,-1.1574156306159773,0.6726820340311468,-0.12877911909466017,-0.99170202718825,-1.0794763431040113,-1.4408263693339025,-0.7123949781223323,0.16306977770008596,0.3307946995258544,-0.3675379015213115,-0.5170779980973106,-0.21677794217628077,-1.2447194787326503,-0.18501621809614388,-1.1076060104603895,-1.3852475048477522,-0.9784576144896272,-0.5295028434928385,-0.17534495472477105,-0.24761474618453103,0.19248881959227554,-1.1500211736020967,-0.6471789647844856,-1.6119387662868383,-1.3351736352183732,-1.2885414175089691,-0.8409836678097219,-0.6633620212856267
-0.9935638550187055,-1.3105823272711694,-0.7265045042464682,-0.8039912656788333,-0.9111675220506377,-0.4599391360728826,-0.30031281478864524,-0.7921684681745271,-0.5064987923188607,-0.025468932437293125,-0.640754709567678,-0.6479701023154849,-0.5378047984175074,-0.5686318957070042,-1.1971801402168378,-0.5740231209937097,-0.27083066417833723,-0.8203890783649864,-0.03198700242267794,-1.294173967301605,-1.0987758555949108,0.014826053003015151,-1.04217743277721,0.12290391535893265,-1.2034137052965255,-1.7827106308224048,-1.5055009821837386,-2.222227657549387,-0.9897085526863129,-1.0380405414318723,-1.817623729963024,-1.616824765381617,-1.0093585219676222,-0.228859448076346,-0.9176267348497145,-1.4416439248848398,-1.3568943123650823,-1.1519275930163648,-0.8441798111738191,-0.2390154241043346,-0.7414945511602835,-1.8761209360154398,-0.7840545179084898,-1.7587258309215201,-0.7115322482844706,-1.5964426736159616,-0.775017678058247,-0.5685416413060081,-0.7567247882604542,-0.44379855410068664,-0.4664801685615623,-1.0056732596525315,-0.6731161576273456,-1.485611803708297,-0.5848311718265373,-0.6100641913400723,-0.710354163204404,-0.837802792519919,-0.15630986538583824,-1.7226776067770104,-0.9743896410490557,-0.9076749141050572,-1.017049457478331,-0.8813998409549274,-0.9481713536098567,-1.110602230821909,-0.16111939885553905,-0.41723100305592414,0.44728248621983896,-0.7768417601598531,-1.4475869558712506,0.2714753673454754,-0.9728381745473579,0.287361179048909,-0.022295229958926327,-1.0952269977082105,-1.42493729190985,-1.7104823250694496,-0.7175018162030129,-0.45065304448865795,0.39271318429435925,-0.4773022420449835,-0.6468897934653671,0.047270326947442,-1.6456206921216507,-0.233611748819236,-1.540530838149131,-1.7813971684602985,-1.361753385985504,-1.0829248291890265,-0.4655592777415798,-0.45044451585798245,-0.17907671468027359,-1.2760038704596202,-0.8486954114619989,-1.8016316108738615,-1.671071932234538,-1.5900447242022446,-1.0392880375725155,-0.6598302732707187
-1.2827380896069898,-0.8829676622387487,-0.6925187908586721,-0.6160239903837222,-0.7443157035610146,-0.4721431538563487,-0.30519502360268114,-0.4356075508100008,-0.5032918904832666,-0.3884780123208518,-0.7264802193510416,-0.9272054712361825,-0.5603325551650101,-0.38872566061585045,-1.130532542036162,-0.7178494907009949,-0.05016143489018299,-0.8051377137340208,0.17002762633003587,-1.7328365842423843,-1.0750170416350675,-0.050689666616694634,-1.216533430755458,-0.0724537187147896,-1.453935271197316,-1.9118234837253074,-1.7541410133763384,-2.6224692766059166,-1.2322681918304461,-1.1467826154857603,-2.047668970918095,-2.0788766677949395,-1.4152785496905467,-0.4037298383349582,-1.4227833432549648,-1.8300495766584866,-1.826030820663775,-1.3999622282788036,-0.9727293728215223,-0.491484892665758,-1.0202297426588613,-1.8317659375840707,-1.2504788093425514,-1.7661705653169988,-1.034491538836303,-1.732495759335813,-1.136264242116235,-0.5790488087074833,-0.88366504877745,-0.39817269883207806,-0.8059123492933146,-1.01063165563614,-0.7919628099423458,-1.6120536578257667,-0.611749732579645,-0.8333054649501832,-0.4093316026181343,-0.8639142579190163,-0.5317495702230189,-1.996106551856719,-1.0796685909458081,-0.8966668614196998,-0.8610407110043165,-0.6198454034024823,-0.7875900910518113,-1.0142856832191638,-0.29299167993757336,-0.21563334905216502,0.6969032983700645,-0.6876858941457545,-1.518594327648468,0.3462967219016937,-0.7007466854363836,-0.2162976129399335,-0.0011295202679290552,-1.1597782186011178,-1.720841069885919,-1.9100888794986908,-0.6668360175034194,-1.0903082060250988,0.4130682822126505,-0.5133139376024428,-0.6458934175162151,0.3214599481659229,-1.838127280627572,-0.19091230160251849,-1.8704911841682306,-2.076799907832524,-1.699973630429125,-1.4681278093559456,-0.7178497358174208,-0.7287870623608521,-0.5160944633233208,-1.3331322464276552,-0.9903892258578614,-1.8232270646755806,-1.8752592387757319,-1.5980816223697603,-1.2369033572416992,-0.611355338051437
-1.6049554043294874,-0.5471773271592492,-0.6881260436145478,-0.5394899530663039,-0.6259173506933366,-0.5013541369988226,-0.4348815629619557,-0.09875729214231933,-0.5148679121315615,-0.8317253805080624,-0.8350540592778655,-1.2072015251273587,-0.5342054877865597,-0.19508905092937115,-1.0259711490160495,-1.0286532812454223,0.12838308935977108,-0.7930671568363807,0.3706345160176571,-2.0860578847658355,-1.0214656715739006,-0.27081861026882637,-1.2810848935447599,-0.34795394396537577,-1.689660708044082,-1.8865133288138787,-1.7669176622954228,-2.872831158171361,-1.4353426241066898,-1.1744103359347424,-2.175025564067439,-2.458862328733964,-1.71519381553511,-0.6085631963643661,-1.7939839003790155,-2.149561746045471,-2.185722417001765,-1.6028823767010196,-1.0726125562222955,-0.7455457011546358,-1.1559748335112392,-1.689152739898351,-1.6027804555350078,-1.6209377222752337,-1.2009946833941225,-1.6930549596017292,-1.3152456465867985,-0.4551650026663335,-0.9962284152570907,-0.31837618824626107,-1.3087260437168013,-1.1772383916088986,-1.1009677465944714,-1.7924520231165584,-0.6868433557922459,-1.0769892348856658,-0.19984349494578774,-0.8933093370452614,-0.9172301120779581,-2.1576205883139035,-1.1527259292725225,-0.820379351275702,-0.630957343314165,-0.3342040788642725,-0.5872273444622375,-0.888349180739239,-0.5575936753503326,-0.014630502075169362,0.8691712572109692,-0.6550831441938145,-1.5939627365576263,0.3040350822068522,-0.38421043584816394,-0.7721310786181224,-0.06716530612935392,-1.2022543668661583,-1.9541954794148944,-2.0358852283360243,-0.5726454991456079,-1.6848142046489079,0.36796307584827326,-0.4714714732460864,-0.5224380077483994,0.5524751756676867,-1.8129780355825045,-0.07904955253437825,-2.0797435624342753,-2.253147967407124,-1.9623579670839004,-1.6466705803243842,-0.8951732780946279,-1.0778935752845167,-0.7915146891807477,-1.3097025516208394,-1.0593996535412589,-1.671500568296359,-1.9247591956128693,-1.3185917161014709,-1.4035630714567842,-0.5298280770254538
-1.8974768280318641,-0.34511728966147376,-0.698184893212558,-0.579945004800578,-0.574361520817142,-0.5419496228281752,-0.6599718330195551,0.210245449844876,-0.5287267742515286,-1.302034551469551,-0.956938840049619,-1.443973833997819,-0.43425629932759285,-0.00800557777771644,-0.8944002448964967,-1.4470413788631604,0.2601963671043907,-0.7554938628763386,0.5596197557337952,-2.317495036771774,-0.9256692783622901,-0.602348422096394,-1.2353088961828331,-0.6653183712173554,-1.8927997039978455,-1.723248049376209,-1.5861638120024424,-2.963558772960478,-1.570421975095182,-1.1174395911464001,-2.1703597344185224,-2.719987370118283,-1.8713651934673783,-0.7932033958598994,-2.0030358196740923,-2.3441401648251516,-2.3905557336300105,-1.7487316292859396,-1.1488707348252858,-0.9864375492161699,-1.1422067977854726,-1.4855732600635956,-1.803504251010161,-1.34716430836159,-1.209862081967445,-1.4923299007852309,-1.31310894858305,-0.23612427231192476,-1.0741638409193368,-0.20972913649109015,-1.894166009621548,-1.4806556532367325,-1.550159482241796,-2.0139021836166595,-0.8084888991658148,-1.30985844306189,-0.07087665626163836,-0.9158976141124541,-1.2751606310702528,-2.1907085609176864,-1.1815073140849637,-0.65870687272081,-0.3309628994051524,-0.049713931759539476,-0.3704356031770427,-0.7473691490789081,-0.9002315900981533,0.17931002262327986,0.9606542721618174,-0.6685515321910944,-1.6593415005806273,0.154900434598692,-0.06976763681302556,-1.3032004616113049,-0.19645158874646187,-1.230045737165359,-2.1154028063261046,-2.083700981560524,-0.4499853687792179,-2.169586349307816,0.2412873525098263,-0.3628362846204526,-0.310782124329409,0.6929873562758021,-1.6036752673808876,0.06431173450730664,-2.1591418702697034,-2.304881068677004,-2.127759210868822,-1.6219978956117527,-0.9726620242562075,-1.4709373487837143,-0.9948120899416122,-1.2015608449149502,-1.0483988829714577,-1.36545751573051,-1.8196765222120856,-0.8171106430196345,-1.5097081792640883,-0.43007190182554944
-2.095769927602224,-0.28203311807262865,-0.7032676410527383,-0.7101061164529352,-0.5862582073736665,-0.5851830989952037,-0.9366306083858865,0.48812319247390384,-0.5323369413536009,-1.7301785589197523,-1.0658978899501894,-1.5869436700087438,-0.24053811262237337,0.15943139991381575,-0.7417903074334542,-1.8827317472988914,0.35630987165479233,-0.6641437351473229,0.7341974449899937,-2.4040110399711443,-0.7743301501971456,-0.9722714142718046,-1.0922818679123407,-0.9764885015029754,-2.0345678694706795,-1.4498524025152122,-1.2876077788612788,-2.89719275560114,-1.6173932481528408,-0.9783918645666644,-2.013129532846843,-2.834220300075748,-1.863448385360162,-0.90234822051462,-2.0494040591497957,-2.373642347036659,-2.410557779334061,-1.822814744013703,-1.2040093888139054,-1.1995569172750584,-0.9998452771194293,-1.2574969593332124,-1.8368271519360972,-0.9823563082017202,-1.0896683054696361,-1.169989801630413,-1.1615665277013345,0.023331646439805617,-1.1000325784354312,-0.07880556681571131,-2.455276537149028,-1.8565772992179057,-2.049032367608779,-2.2362903017429807,-0.9591593622423905,-1.5001356577195175,0.007667709063564307,-0.920971777568614,-1.5659485629337857,-2.0851777101386015,-1.147666051295205,-0.3973039840475885,0.030079957695808773,0.2167276775085871,-0.15408950308911906,-0.5986272124986415,-1.2477890783979517,0.3667790045858221,0.9848303412630901,-0.7040717129977924,-1.6896329356187954,-0.06881292820082463,0.20133729062105182,-1.7374775376103844,-0.34581760521293864,-1.2388152936979315,-2.1979343981890174,-2.048057664180064,-0.3132895322239405,-2.4961160056491374,0.029024786817595995,-0.21011179058543691,-0.06223047184562564,0.711316591407938,-1.2763584067000502,0.19444809434444613,-2.107805611814974,-2.2390183268994917,-2.186036324085138,-1.4342565412940682,-0.9405364992827607,-1.8604341500640975,-1.1327442202214075,-1.0130902234516013,-0.9575589705397328,-0.9441489870411351,-1.581192596870348,-0.2032135845998624,-1.5323056737496836,-0.3264773118303914
-2.1455791467932186,-0.3246260457119783,-0.6833595985715836,-0.8737197825653868,-0.6355020950463127,-0.6197032318953171,-1.2145148493958229,0.7349749099773687,-0.5153528848696004,-2.0459812305329685,-1.126946165509634,-1.5920862091145578,0.053796193079287305,0.3017627071153504,-0.5693394055258746,-2.232984642782959,0.4370364015432775,-0.49887220845061975,0.8966366705942116,-2.3394233934973823,-0.5590164264769523,-1.295632858701335,-0.8767766255463019,-1.2338978834677174,-2.081922006005746,-1.1015343553231507,-0.9593192299165066,-2.687375888639213,-1.5693130381241231,-0.7664595116153997,-1.6970452908689344,-2.7857116096025183,-1.690767250031001,-0.8875071870105832,-1.9571578403245602,-2.2234031870868307,-2.2374146961662387,-1.8093743403231495,-1.2364850079015743,-1.3711544321508042,-0.7704199136797852,-1.0329207850432172,-1.7089811804283472,-0.5696751486468121,-0.8890452448843275,-0.7807464565446919,-0.9132852572823631,0.2641340040543079,-1.0635520911464482,0.06808508313689726,-2.8795569514347474,-2.213118765711878,-2.4842738007109895,-2.3981895091551815,-1.1063068208268467,-1.6202072410890176,0.07699881605268119,-0.8984229822817974,-1.7566267891580127,-1.840271507515422,-1.0329631813242284,-0.034832926840430926,0.4360880414473817,0.45653886485874656,0.051613849836320974,-0.44174062573129336,-1.5233973143025485,0.5512006631235951,0.9674338305904973,-0.7288009213634236,-1.6551890742752764,-0.3203329179426371,0.40033606457462384,-2.021749566335049,-0.464987053116089,-1.2152874620226948,-2.1984349126247515,-1.9232867061954069,-0.17352643321586458,-2.638743063318513,-0.25847977499626634,-0.041338900816314715,0.1675810950174462,0.5981595708149842,-0.9126905233826127,0.27026632810397055,-1.9329312056894823,-2.073091248965235,-2.137840801710193,-1.1472060806597129,-0.8037358456520529,-2.185927408312283,-1.2254104917718924,-0.7571089694275766,-0.7955744808702403,-0.45899596587210045,-1.2452962648391495,0.3949209182903082,-1.4595805131107165,-0.2296924935137421
-2.0139368916281697,-0.4088237381863292,-0.6217869932427448,-0.9969774933801262,-0.6785121051057792,-0.6328139545116127,-1.4454422057183478,0.952117166415586,-0.4711299567596083,-2.1946801404228085,-1.107582424939542,-1.4352533588669714,0.43619677354454733,0.41937824580338995,-0.37556840161924043,-2.4049166755551328,0.5232557529202329,-0.2541196489080622,1.0502737905408768,-2.135993908242062,-0.28171949925089057,-1.4964931470480827,-0.6215676949147066,-1.4006355502223984,-2.007063909476688,-0.7168513828229629,-0.6790837262300986,-2.357035660179292,-1.4343488710499184,-0.4976183193512481,-1.234559655064816,-2.5735978286118026,-1.3717408504529265,-0.7186857237972402,-1.7673764982002094,-1.908469336778251,-1.8872921968252832,-1.6951104529112373,-1.2403978601078043,-1.4891564060488005,-0.505222071118413,-0.8263409308002702,-1.4452201318362443,-0.15005102508231827,-0.6628857314872778,-0.3811286729960531,-0.6288107906814949,0.43412792973868464,-0.9644270041295607,0.2260014256349332,-3.0720244260477343,-2.4501111624107836,-2.743912927345965,-2.4297150862479033,-1.2076424706209576,-1.6503251093285785,0.17862275692786142,-0.8401071629078398,-1.8285724892079822,-1.46844254929247,-0.8272368364987416,0.4113989953968569,0.8618355059050032,0.6666237076056616,0.24106545250066852,-0.27090213001613694,-1.6625541937898765,0.7337719822331215,0.9389962774021036,-0.7083907855364323,-1.530344667711552,-0.5490523973157296,0.5151611547023421,-2.131282630359003,-0.5105595001306225,-1.1436514026023898,-2.1170874812398743,-1.7062187392266182,-0.03671632068073378,-2.5973641869216038,-0.596949711462718,0.11719520082581918,0.33213900880743,0.36871871678869955,-0.5898318013798151,0.264401503822663,-1.6497445508854318,-1.8314897336431335,-1.9933618304077112,-0.8311485003959279,-0.5790059715133556,-2.386420386170554,-1.2985666033842942,-0.4538880599711849,-0.5794202907160089,0.03558814409976664,-0.853985321574399,0.85967722289447,-1.2937124725091314,-0.14436936094348918
-1.696502913500236,-0.4556544971631613,-0.5087175168043642,-1.0051830689028562,-0.6645345999154024,-0.6124188949867128,-1.591044335823507,1.139821398412822,-0.3972571653398455,-2.1500635884961707,-0.9885623756534422,-1.121521812448901,0.8723642403215438,0.5156526099131247,-0.1593284698829247,-2.336494303444533,0.6284495119993336,0.05775574744806366,1.1955549252367628,-1.8229565053744363,0.041992846666974996,-1.526682679518601,-0.3623866047905266,-1.457682919990848,-1.7968608746387982,-0.3337904470624592,-0.4959326322725346,-1.9360250935365146,-1.234060136237693,-0.19372896382643148,-0.6589859882170802,-2.2133056654937824,-0.9405717278665581,-0.39299002375889414,-1.5283185664171193,-1.4712273420464,-1.399435542889476,-1.4733198266304106,-1.206271678584366,-1.5440584255205523,-0.2532414742454972,-0.6375724270846003,-1.0844658006653818,0.2442077132171962,-0.4581084585937181,-0.016892107086941388,-0.36332601866744935,0.497498317853953,-0.8126908038271665,0.39176252617409574,-2.975506929770223,-2.481484362957232,-2.7423700521794228,-2.2693681297570287,-1.2199248447003128,-1.5808182342478472,0.34324806626092225,-0.7410808925824256,-1.7820746827901877,-0.9978643010925841,-0.5351420902492464,0.9036498293810862,1.2730221962931623,0.8453589838464503,0.4104825482888554,-0.07871130782813,-1.6271368104427009,0.9097147312915146,0.9266188837015249,-0.6153242749936887,-1.301678061123678,-0.7121367335892917,0.5510084869430117,-2.07365391248207,-0.457744094501222,-1.0130666754282798,-1.9579321401254899,-1.3995099459341958,0.09590211305199928,-2.3955555244721873,-0.9513710888388552,0.24678697984307252,0.4049486084184024,0.05955437809221579,-0.36227619024582,0.16986674180903477,-1.2813166416592243,-1.5409002776298617,-1.7704746178926651,-0.5463096026423767,-0.29056143808812207,-2.414421122673185,-1.3742478611056823,-0.12936587883859715,-0.33278222561158216,0.4912625308945495,-0.44622850494855726,1.1100255954951754,-1.050880282885522,-0.06860566414366998
-1.2193651931794598,-0.3913813868246006,-0.3435560897737867,-0.8407595590443699,-0.5484286804085681,-0.5493103958865898,-1.6278970132521873,1.2956285355313832,-0.2950750230094152,-1.9208065839217046,-0.7707311908322899,-0.6874634565558886,1.3093136693879894,0.5942665216669305,0.07745420999511836,-2.0111235278195787,0.7540737027258322,0.4073584130378455,1.327579281891548,-1.4418926754943644,0.38374180595393137,-1.3775578546710117,-0.13229936844939802,-1.4062752571144626,-1.4593017395960488,0.013868390243420703,-0.42027362703205523,-1.4583331114247757,-0.9982070731127909,0.11952134518840418,-0.02291546001949248,-1.7355894844405286,-0.44174297592343337,0.06206664922113905,-1.2858303057396805,-0.9728199182580822,-0.8306776653071725,-1.1471902359436228,-1.1226312337395563,-1.5297467177012545,-0.05074049807935239,-0.45460533481541904,-0.6729032457829639,0.593129678094317,-0.3026156960635677,0.28580888597035387,-0.15625422547850346,0.4409484765032031,-0.6263327944571617,0.5635639825654821,-2.5833202103814608,-2.255410633735486,-2.440465841140299,-1.880616853214538,-1.1092525215073898,-1.4126504726946558,0.5821621718237118,-0.6004080134550891,-1.6364242045199429,-0.4718705503849233,-0.17923311806837103,1.38714981639892,1.6292227693888652,0.9892716589161261,0.5560531162318699,0.13976211683218542,-1.4138846364967426,1.0673787918151225,0.9470883148497049,-0.43627672259840095,-0.973434276311404,-0.7845644073618725,0.5273530367655521,-1.886147762532124,-0.30655806199064567,-0.8235397399359646,-1.7288778432083367,-1.0144722617756463,0.2263768959470079,-2.074482574066964,-1.2813572575566043,0.3394488907871954,0.3852834379574953,-0.2791898272472082,-0.2498684626440264,0.001337941211642813,-0.8577977719065164,-1.225711439060684,-1.4924629618931204,-0.3304629350111736,0.03458279272703962,-2.2477764063743004,-1.462290854908411,0.1875357304247908,-0.08329632826657724,0.8727821801556975,-0.05089781561339452,1.1184653787514662,-0.7585266431383685,0.004841090066570202
-0.6348157371182104,-0.1668393886359005,-0.13573607518212935,-0.47817936876265843,-0.30269723773064794,-0.43929765969644313,-1.5493274366125775,1.4137513703906488,-0.16846395404447947,-1.5483558281367393,-0.4758427338565533,-0.19525345566700808,1.6838689703336032,0.6575730319940081,0.32820267466047154,-1.462273385354222,0.8894506783135657,0.7532461628873137,1.4358826498514807,-1.039563318022455,0.7071533870678111,-1.0817793934026225,0.04350599869757051,-1.2649520224180868,-1.024943141913669,0.2996686789135289,-0.4246747433668761,-0.9590635524965162,-0.7573607189552218,0.41558667820242506,0.6077560055072915,-1.183060499718006,0.07670979627343553,0.5915429334056362,-1.0759549167002644,-0.4803950807867193,-0.2469186410726086,-0.7311209751364808,-0.9780689379795221,-1.4440770582186901,0.08526360970465945,-0.25958103809807626,-0.2575917342250067,0.8896324908167814,-0.20009818592029405,0.5234847477395873,-0.025723305835763006,0.27569679141104386,-0.42689189745249584,0.7399185741075561,-1.9412440641467366,-1.7673395985646627,-1.855605050559588,-1.2639039690730849,-0.860316154533778,-1.1565237023731179,0.8831976759639583,-0.421381998773291,-1.4254692908123423,0.05561952639747862,0.20189731691516055,1.7986225258777324,1.8896628410620921,1.0917852957222625,0.6738202057433441,0.3838976161696007,-1.0551282431768427,1.1905298593407638,1.0029210568908449,-0.1766494240869599,-0.5684565307945039,-0.7650734362246816,0.47227146314544105,-1.6271857957403597,-0.08101527646093304,-0.5881435138959122,-1.4413294691017355,-0.5724094041789081,0.3579322134240666,-1.6838938236156147,-1.5475558165683798,0.39784620927716435,0.29753297596626377,-0.5942922066269065,-0.23481187727963532,-0.20923651104728405,-0.4146841112426954,-0.9043010368729488,-1.1853272789108218,-0.1931935950871261,0.3707177998723173,-1.896008630153602,-1.5551902129388833,0.46851997291190034,0.1411022127016019,1.1618448675904356,0.3167473948651908,0.9151935876622325,-0.45033716352333314,0.08598087960478512
-0.012145543591016552,0.22885063918272275,0.09626792455076764,0.06782297747970152,0.07416385809446988,-0.2846688079711493,-1.3640424168778333,1.485697545432236,-0.022459604331505918,-1.0970620566448837,-0.1413324449973946,0.28010978784132745,1.934999010907217,0.7062021708295854,0.5816627888957205,-0.767075785646865,1.0156736661742083,1.0497353094759485,1.5062860897746655,-0.6596512815020146,0.9753913749509855,-0.7047549558076195,0.15150402880534966,-1.0624933584801455,-0.5427526568327922,0.5067799849842922,-0.4545534737093859,-0.471481569455221,-0.5353729688510531,0.6703717506835734,1.1637113780501673,-0.6046817057691407,0.5698813203910083,1.121792605495277,-0.9208256208322303,-0.05338005599480974,0.2866923902278417,-0.2497064471226687,-0.7635946719865031,-1.2891285475277943,0.15834283365125867,-0.036149321354217875,0.11914191532338383,1.137128197056657,-0.13175493363912216,0.712163286579367,0.031419371404061744,0.034924743338851955,-0.23440863795348763,0.9181249277565893,-1.1384339509257957,-1.0628568383721693,-1.059759752916114,-0.46093236106302976,-0.48225177511971823,-0.8309985188919627,1.212179158079398,-0.21124339051176794,-1.1898207568567583,0.5283010071505091,0.5601916502770093,2.078295870861264,2.020725557630661,1.1444314140881748,0.761091809226444,0.6461489160351418,-0.6115100663593809,1.2628756630998934,1.0820513180234932,0.13892053794865591,-0.12440391345276818,-0.6761910420706803,0.4154245519563512,-1.3633896441852456,0.17803415635949707,-0.33087495397299704,-1.1095385137846594,-0.10385412031118023,0.4929483273314887,-1.272238293295854,-1.7177486595200369,0.43243971252412955,0.18446053850349253,-0.8400777797094705,-0.2682703430690672,-0.42132001112746853,0.01001545962516203,-0.5869983452074642,-0.8747829847831219,-0.11751499619406772,0.6963164518871889,-1.3994539398066486,-1.6279440794925175,0.6900874060509697,0.31624218642338536,1.3573332163998142,0.6544074307899499,0.578775522904357,-0.16003721003637736,0.18431810369602927
0.5743666455007298,0.7634923350735834,0.3275357428352623,0.7426584430301834,0.5548764534191365,-0.09461582578788703,-1.0925529832816996,1.5018479912045368,0.13766766544814224,-0.639322065336646,0.1890656640134451,0.6672295788483227,2.0171507902945285,0.73951785852669,0.8232640894509504,-0.03059504557875932,1.1117162234319302,1.2554901929204052,1.523951579192764,-0.33538571472226736,1.1591147762771907,-0.32805659523374564,0.19138434552508798,-0.8291292142675731,-0.07134433054874555,0.6292129350104031,-0.44553400050746284,-0.024433630306858804,-0.34393432537223967,0.8652216181397164,1.5842029126028998,-0.049290346322753156,1.0013014694312143,1.5730564405757006,-0.8279806191993321,0.2677833299529492,0.7149475451478234,0.26512574341750395,-0.47518174052092343,-1.0712027304878906,0.18876504677293615,0.22384530548723036,0.4239920305340051,1.3449920888799634,-0.06421661488996451,0.8791473198521847,0.03467109806179763,-0.23298778770210682,-0.06333349699987337,1.09257453105987,-0.28969378437805166,-0.22985056050513786,-0.16585018565394877,0.4499407533226003,-0.009537693851763134,-0.4601884008249584,1.5193572659752972,0.019341948078104992,-0.9677335411884483,0.8976129801646697,0.84779162488789,2.182606078136589,2.0033410033175403,1.1398866462101953,0.818332086676414,0.9125037154228537,-0.15857423067812282,1.2730585327531774,1.160978264187886,0.47032202223658415,0.3135485278051719,-0.5579131991409704,0.38125544437214565,-1.1548994571958644,0.42400759824887574,-0.08088805579842588,-0.7498497581370444,0.3544034798272331,0.6314437877037887,-0.8782408992557287,-1.7714591928061485,0.4568574452118723,0.09609299805323594,-0.9866158541348824,-0.284777112303258,-0.5961825517295937,0.37954254930665415,-0.27619177997425914,-0.5833120453538896,-0.06795082170019681,0.9952301079833051,-0.8215406932348182,-1.6433141698350946,0.8374335557227266,0.42552731679693145,1.4722131871011774,0.96834909047044,0.21565390184357286,0.08451733176947278,0.3055587165953751
1.0577017079376043,1.366973341591211,0.5304740865664285,1.4607326204340807,1.0866637769418979,0.11553945921785458,-0.7627727814907802,1.4534933469312208,0.30641962733363903,-0.2396711704901484,0.47582921713974835,0.9141407087654464,1.911220286651947,0.7562922966214181,1.0373388664177239,0.6353466092958233,1.1604527621397238,1.3408498186017899,1.4765681527935706,-0.08490106451221435,1.2424759981241762,-0.029097676921861357,0.17502487742155395,-0.5887683899380428,0.33221143894474175,0.6717881555098019,-0.34266033880536795,0.3596841897138223,-0.18087297998393337,0.9890823197615481,1.8283875293445133,0.4405570856645175,1.3458149579772294,1.8732945836481176,-0.792440312580364,0.46776689055746273,0.9995489789328137,0.7777696201518232,-0.11642252948054857,-0.8007403968778944,0.20548132113826664,0.5161320667143794,0.6352644320471947,1.5231051909754836,0.03859839884481814,1.0520013662985095,0.011706058006800609,-0.4743054025051119,0.07940031410731006,1.253341700258151,0.4865165218942541,0.6180234935353305,0.6941796659780907,1.3662155719084152,0.5024843118137757,-0.07146039428456398,1.749238304688574,0.25676132504208465,-0.7869073864257704,1.132296136920636,1.0273018624705075,2.0943640457060217,1.8382180823526693,1.0755063716781312,0.8502485039114027,1.164427501111921,0.22931395518095196,1.2182568696664777,1.2104739026961215,0.7692886281852693,0.7014182425603345,-0.456353171246821,0.38386843548775534,-1.04219413965565,0.6163680947215046,0.1350726896243252,-0.379918695034363,0.7641435555755288,0.7701519396062633,-0.5259134997093353,-1.702353624331044,0.48278657855859813,0.07692464443698131,-1.0237370668378203,-0.22067824944813125,-0.7060692063114595,0.6626783547341376,0.03146687333416656,-0.32783040633962424,-0.002912933688303515,1.2560617986450748,-0.23632294130683204,-1.5615188677387066,0.9070067959625419,0.4627120290095846,1.5279434675444175,1.2666037574036608,-0.06663058637336752,0.26553788637290493,0.44889469601890297
1.3883223300885492,1.9450498008434383,0.6791652327866912,2.120744412914126,1.5998411075672332,0.32623848383378945,-0.40600078485442354,1.3348414269729247,0.4771245417484053,0.058227145889571424,0.6922204332415618,0.9995259870379114,1.6302089992774338,0.7550936000149887,1.2095512210727348,1.1338556098021753,1.1526796650063658,1.2924662431171596,1.3568193276495126,0.08959212172947266,1.2255474512960574,0.13782351552176061,0.12313725334776449,-0.3544520427514467,0.6233828085535557,0.6488560907959348,-0.11637576278851455,0.66641256834954,-0.03269921739412766,1.0396005605539882,1.8830658765213435,0.8332815880635331,1.5896325225477457,1.9705715547616065,-0.8004046299689893,0.5561683773043078,1.1229541940403571,1.2523118647404892,0.2989902677517276,-0.49228129451487007,0.23605684288948134,0.823270985662331,0.74357253005417,1.6768197842118358,0.20293691115436116,1.2477075124505832,-0.010726874757667416,-0.6410161763745061,0.1937443118760034,1.3855880619020242,1.0893816543017538,1.362803314757872,1.394583861574603,2.1789423604705025,0.9866953690090934,0.3066616243861309,1.85166633779693,0.4847863289928665,-0.6590486177496249,1.2248284619474046,1.0800196627463337,1.8276145585123034,1.5473029223832986,0.9558976074011322,0.8651974511592759,1.3816832227810505,0.4937440532867871,1.1051553878860918,1.202502000944627,0.9888025470496667,1.0042690375780108,-0.41025707429380553,0.42467448408224573,-1.0375581064596193,0.7299619903289987,0.2997598672146202,-0.017813599085957848,1.0916560552530719,0.9021289005401554,-0.2239880710782499,-1.5183087814981713,0.5156280956293868,0.1544482192455634,-0.9603472327445787,-0.0318115466431686,-0.739756371160569,0.8379748424642023,0.3413953374908287,-0.11850495090534743,0.11162921587953223,1.4700253431386763,0.28562592922699054,-1.3521044876760682,0.9068831739783004,0.4329254599290563,1.5476714587384934,1.55168792910519,-0.18614488598612047,0.3768768861667749,0.6053627601014249
1.5408265710606144,2.398580985973087,0.7535871359186974,2.6242715792288216,2.0199928440459307,0.5163813323208319,-0.053878946272916,1.144696189663425,0.6404768708122615,0.23879993653696033,0.8287917916690782,0.9366037880005756,1.217864265614066,0.7342554711901115,1.3289727943254843,1.4005170131523466,1.088212518221609,1.1147366029410242,1.1637545407298657,0.19887832969446645,1.122845151515094,0.1544422167629198,0.060393260842936586,-0.1280249338522667,0.7786502883264955,0.58190044149373,0.22874356969627438,0.890224684535916,0.11942074837825323,1.0231562670734582,1.7646131024983847,1.1108222061021964,1.7280000272155431,1.8417889379475856,-0.8333596933997925,0.5615287709111375,1.0889410404512505,1.6550340871674518,0.745588526839502,-0.1643971653606915,0.29711578099139874,1.1174437630959755,0.7507492828757915,1.803545364953908,0.4353392527254289,1.4648523068017416,-0.014509826735238113,-0.7009257136433781,0.2838347744120274,1.4702334595997437,1.452124806874318,1.904090624256735,1.8389623448470713,2.791895022874806,1.376121352026537,0.6464117157993292,1.7920203489651252,0.6849366020040252,-0.5782419114788644,1.1928950706691228,1.010058213004278,1.4256844953231855,1.17075854672,0.7934936787520105,0.8728517039245148,1.5453754862896678,0.6024370174708573,0.9480669503051048,1.1168240480213154,1.0926674362729492,1.2014885392332757,-0.4391230150570782,0.49325354182595715,-1.1233666107347045,0.7597793635294606,0.4099766511950755,0.3191429380395502,1.3137186542512254,1.0168540007021944,0.03058071748516839,-1.2394957045674124,0.5518817289042132,0.3316710969192883,-0.8197796177177115,0.29411773600408264,-0.7033281430733475,0.8971616437208003,0.6570065439061517,0.04101615895461504,0.29049210887078103,1.6281236155382597,0.6897842197554518,-1.0049356164988725,0.8547112268067838,0.3515534810104815,1.549678623042889,1.8149679290454905,-0.1067598447742968,0.42283674701594914,0.7576606249491203
1.516297942728359,2.644013622225565,0.7429738626622817,2.8940313244047147,2.281457252772049,0.6663345295785601,0.2638343123983135,0.8877214772320801,0.7833538242983543,0.31477537696797037,0.8931335863141429,0.7689192332131771,0.7403789760166292,0.6916871155425152,1.389439292221539,1.4135136144832785,0.9742977536919334,0.8282913538152504,0.903153319070619,0.2611401629678451,0.9588780064870617,0.04226411510825733,0.01016956955715627,0.09642079949131774,0.7998563090552381,0.49626012709961853,0.6544135185058054,1.0349278783837492,0.29210852822572014,0.9538926041032236,1.5143479448968946,1.2688660481036544,1.761682726401841,1.4963360586640555,-0.8717056002866959,0.5214601655377481,0.9202644000506092,1.9561822552396315,1.1861930395730085,0.16070537686536746,0.387798559136705,1.3659078110875436,0.6674630578081904,1.8917605283137746,0.718042961135064,1.680964400879571,0.005321392768974507,-0.6446354351073847,0.3543489841751817,1.486050960424854,1.5508730486214233,2.1770621317287935,1.9768554604355595,3.1383801177665513,1.6162790834897847,0.9226469997847158,1.5587755902678266,0.837293122503591,-0.5232966390327848,1.0752845408382123,0.8433625152872999,0.9526709066286625,0.7599078244568255,0.6068542128603681,0.8809204850708185,1.6406725770192871,0.553078983291815,0.7650177893922695,0.9458813484595507,1.063241021610828,1.288702952195006,-0.5364012307699584,0.5710970191375246,-1.2576845190345762,0.7204188946532044,0.4773002901617636,0.6158040550881726,1.4223082533053026,1.1008809031779454,0.24660257157565607,-0.8950684465822673,0.5788206002678742,0.585313429791041,-0.6328611717881706,0.733495215498088,-0.616473073696899,0.8468220333011326,0.9763580164831716,0.152081127173883,0.5226164044652762,1.7188386827156843,0.9461961485904319,-0.5372006336829894,0.773676489479148,0.2411165928642238,1.5424751027691148,2.0345011163976614,0.1531468333135877,0.4148419192465995,0.8816315311688991
1.3403423341775649,2.630797315690733,0.6476980645261166,2.8883777837443456,2.339666112895742,0.7607143445045597,0.5213299007499088,0.5753022090062846,0.8887855165281743,0.3209259625130403,0.9055596450574294,0.5593007776362104,0.273050052981406,0.6249836152368756,1.3900520463737316,1.194908310808272,0.8224949669829913,0.46621991827777953,0.5872387530434297,0.29537877659302764,0.7624189301695484,-0.14376085800232002,-0.009949912381070541,0.32694712016010075,0.7136362432541908,0.417309133685106,1.097649179283606,1.1131135165275194,0.4929040922807738,0.8517698042343609,1.1883668660208278,1.3151067467421982,1.6937810238641215,0.9741082560872175,-0.8975657221813697,0.4715593799793568,0.654008062457555,2.13167338137638,1.5746430468919141,0.45833516425578913,0.48804670787365995,1.5376597511498895,0.5102833313438874,1.9227446029705344,1.0108158092670567,1.8558716187031523,0.040056515643808695,-0.487815925488123,0.40724642412837214,1.412929758440112,1.4052065291989841,2.1633329391613403,1.8110195465521455,3.1924075238385905,1.6753976930910075,1.1147919053185626,1.1672332195877289,0.922222651062095,-0.46348033703340574,0.9230239685741825,0.6219083481044105,0.4803831426442499,0.36766622169348795,0.41721551492646847,0.8922280059001186,1.6588393120359441,0.37088672216338237,0.5732874549140652,0.6969434529985514,0.9055953070512556,1.276497085979985,-0.6699235738152963,0.6371519620758115,-1.3857512356161448,0.640961223023253,0.5247269748223251,0.8606557449108504,1.42673126970389,1.1391587628740658,0.4322985375073507,-0.5190722325515059,0.5765520818547325,0.870032410872942,-0.43075120117165966,1.2318103498116826,-0.5058710961932956,0.7075069657426731,1.2903677061506016,0.21868287430571046,0.7713871513494944,1.7274837693542229,1.0524652420170466,0.0058318381404526805,0.6874466969626343,0.1268193043904743,1.522657063601276,2.1773992910870446,0.525739858999151,0.36712943440601215,0.9493735277898364
1.0574119074417263,2.352129928811612,0.4793385392372498,2.609284313641217,2.180074448152995,0.7904986168566619,0.6992855716053563,0.2259473804931484,0.9377009810175359,0.3032782307663527,0.8923458060292163,0.3748282080386418,-0.11487539676655124,0.5322043981442868,1.334891379746284,0.8035681405017054,0.6455478996504315,0.06881045346105606,0.2340849230682946,0.3155927977934422,0.5612442486518475,-0.33000498194439354,0.008938682804778565,0.5681632880033394,0.5658990174115137,0.3665699766369763,1.4856105693248594,1.1441994067142407,0.7160781612951919,0.7396653036154598,0.8444565235064717,1.2662075592020168,1.5281159207174777,0.33826550995909904,-0.8969243794422352,0.43588656426377337,0.3352963949391687,2.165418687431288,1.86161421199319,0.7035311367678185,0.5623553887189293,1.6097230768178499,0.2989188822300823,1.8747881666244224,1.2586761962981607,1.940443342400589,0.07051085225033893,-0.2680715883849314,0.4400018883782028,1.2356986448442393,1.0712176834590403,1.8928245960136245,1.3946281456172371,2.972083167070278,1.5503829299544478,1.2088894556210528,0.6588068566807298,0.9232440791045923,-0.3664972068806562,0.7877859053460337,0.3945463248083619,0.07398398989118124,0.038710036875719826,0.24436760763628826,0.9034248847862332,1.5983998491121225,0.10144600150616886,0.3859953462347021,0.39113847175755107,0.6470256654921376,1.1867834687321128,-0.7897048371674303,0.6736162629600122,-1.4543415465038334,0.5569978003118699,0.5800529150453267,1.046863689585999,1.3522165925314276,1.1171064999274978,0.5905953585831054,-0.14610509436358668,0.5220994111255401,1.127601410782684,-0.2393798528285169,1.71603195421676,-0.3979400420200371,0.509917605203204,1.5829392077607756,0.24494439425959783,0.9823227508342481,1.6378556193783331,1.0309632320287796,0.5569941117147171,0.6152514257160248,0.03178189194128167,1.476138924143498,2.2065640442110452,0.9113769322983063,0.29276626377056125,0.9336295516730954
0.7225245977982971,1.8468328142840458,0.2589813712764076,2.102192190573987,1.8219454026937765,0.7541908071177243,0.7879572587319631,-0.1350043784054434,0.9125012153333841,0.3065331743735117,0.8784380578020148,0.2714460761849521,-0.37353419350858647,0.4133239086579665,1.2321348196014528,0.32174990002169784,0.4554493039159331,-0.32243147526394234,-0.13318424529281436,0.32709484383129067,0.37851356051796403,-0.4435693698527276,0.06619577423347825,0.81751479181556,0.41214098251217646,0.3583756558660805,1.7522661931522072,1.150874559945636,0.9422903040246512,0.6396894864799391,0.5295880596422812,1.1442716108732582,1.2696662436553687,-0.33593431060125023,-0.8613622956641581,0.42131365829223927,0.010133663975899545,2.052359428249065,2.002985312207337,0.874294476798739,0.5682436852663272,1.5717497080582963,0.054083292748344,1.729101200954052,1.4035197513613704,1.8886651399139516,0.07277224981744003,-0.03680558982744841,0.44588826486886857,0.9477536256131897,0.6290814494385375,1.4365037309198925,0.8195362979591702,2.534624886770554,1.2672903553734998,1.199603634314805,0.09582628536530793,0.8307810882264349,-0.20715692613107317,0.7103007761691338,0.20670071433916115,-0.2201544552808319,-0.19826355507332233,0.10305046749530762,0.906014790409804,1.465380289005128,-0.19891109057531622,0.21079926998623771,0.059678757490625386,0.3318049487259311,1.0479337939193893,-0.8411584728514712,0.6703937014015974,-1.4252359455504868,0.5019842747311436,0.6676611788181759,1.1725006851475175,1.234795465867171,1.0233629283953485,0.7172480894802797,0.19282794820710888,0.3947242881400333,1.2988706693964251,-0.07654849836829603,2.1108570033690164,-0.3131189527996681,0.28863045045533425,1.832846414004388,0.2331674524508684,1.0965778970051494,1.4360061471966141,0.9211712318183671,1.0391491648332687,0.5681630737096451,-0.026998284899243115,1.3826389521131244,2.090292440972517,1.2044166478679408,0.20106298687548432,0.812839519850175
0.39187307041865793,1.1920069445004897,0.014164632572740555,1.4475944810377115,1.31608635633276,0.6579411677262209,0.7901124786451558,-0.4767723726871787,0.8017838051146399,0.362645401448753,0.8813407592151121,0.2817417666873623,-0.4809777305842698,0.27188956706607315,1.092811004692133,-0.16158617006959874,0.2630789588382589,-0.6706587042786389,-0.4876240635323797,0.32577317012845103,0.23110322425747035,-0.4312514724456864,0.1527737542272202,1.064520606811637,0.3053353930105708,0.39774931352836773,1.8527536412514152,1.1543757529766159,1.1421663163784535,0.5691880758312379,0.27135128018495663,0.9735348086346731,0.926650167950087,-0.9740022655039667,-0.7893272818216929,0.41711988243984355,-0.2816067909078437,1.8014336029591873,1.969109272883454,0.9553122840413627,0.46746352546003883,1.428149706355959,-0.203879046059304,1.4761195039415695,1.3968815777153174,1.6700400960551494,0.024889429200426832,0.15232955158612055,0.41616311773008363,0.5538107587212272,0.1678099482221049,0.8916323029745171,0.19826070028797835,1.9641277062573648,0.8762537398791959,1.0917933727565416,-0.44759499223856536,0.6459699222824828,0.025122504289152598,0.7115211891097674,0.09128811462301022,-0.38165586356763037,-0.33440055629850074,0.0007512706233200856,0.8894417046986679,1.272640386491631,-0.47299477336882234,0.050818724951837285,-0.2618196836996842,0.012210881724315057,0.8897083189603125,-0.7801704272577965,0.6270482480507327,-1.2843241050728098,0.499877002579469,0.800870536091297,1.239821950180922,1.1133591400147835,0.8528644370748785,0.8019519269091329,0.4739116353344414,0.18141052883499714,1.33584533350351,0.04829867639109103,2.3546671016686687,-0.2630107775323094,0.07480865949119712,2.016912361043177,0.18311051116470267,1.066930150697945,1.1151379322451473,0.7690876888092579,1.3800996463332613,0.5473807698160529,-0.04112387981994536,1.2224052544699897,1.8121759572117782,1.3204484481484497,0.09692205607937271,0.5760561704737335
0.11400029331405341,0.48808002574930803,-0.2248968140925515,0.7458594528821884,0.7366895594010614,0.5146900208932174,0.7225150681315073,-0.7659677323182137,0.6049486788983337,0.48315406240253783,0.907400656580053,0.40850903106340697,-0.44534183926501164,0.1161090898309225,0.9294121941810951,-0.5672161859815877,0.07888571659685575,-0.948499815514013,-0.8005051932725109,0.300478710897245,0.129470043693585,-0.2730442483101796,0.25398513979600035,1.2929139826018816,0.2840431004525516,0.48004244042201905,1.7723208293279367,1.1697256790390107,1.282860618913753,0.5372422513333406,0.0754981276475876,0.7777540152204231,0.5131932555116857,-1.5140257121392702,-0.6863708956315346,0.3999786661395936,-0.5117397234126284,1.4370611199201497,1.7526040275610582,0.9412744210426484,0.2372471933965506,1.1975574183919206,-0.4556985106721149,1.1205772653428063,1.2110504224531944,1.279156744348363,-0.08702706518268373,0.25586178591934056,0.3434007488765689,0.07134208680781105,-0.22997624210754736,0.3626834462590451,-0.3567023480022945,1.3547727043870719,0.44200927280634167,0.9011209192963665,-0.8974326366020725,0.3833082512818597,0.32189511470789417,0.7886299617727223,0.06280603528713267,-0.4172142834926126,-0.37997305368462697,-0.06274396532052362,0.8451076819940461,1.0383492431363137,-0.6713282430582264,-0.09305123043518856,-0.5396808469469739,-0.26213403173271316,0.7387726789686481,-0.5858574378746808,0.5518967667979763,-1.0441016818504274,0.5603864958503434,0.9769924920124801,1.2538591454733137,1.0207970520356153,0.6096098085239794,0.83176176006267,0.6832696309368478,-0.11866447596361454,1.211424092352378,0.13255864621670743,2.4115854153314698,-0.2504445092965768,-0.11000009992426987,2.1139199468912944,0.09296163388427459,0.8719486818835243,0.6801488214670393,0.6162952504144816,1.5269512261253364,0.5449279743687899,-0.011249259076021846,0.9833956717587283,1.3783883194244897,1.2177030095632297,-0.01797223896506383,0.2268827642799572
-0.07689672000261116,-0.16050307911598222,-0.4291297898188828,0.09826723016910767,0.16858286732273503,0.3425290265842434,0.6146851428338398,-0.970892257441323,0.33522486349060615,0.6569827442497597,0.9510927407902564,0.6252958437707612,-0.3007634194278058,-0.041348532583105224,0.7545848976588783,-0.8385717641883385,-0.08641868651906541,-1.1408585218513656,-1.044381283171648,0.2380734001680795,0.07827774250691082,0.013388593161914292,0.3533078663767277,1.4846972767048332,0.3637575248023038,0.5925198954980604,1.5284263974281276,1.2024285527701593,1.3359945534806388,0.5426596338094725,-0.07009114125033329,0.578459456591935,0.05132686152293819,-1.9148093601568315,-0.5636005027970198,0.3431365375466337,-0.6665643993939715,0.99780664398597,1.3723276720680708,0.8388199699708168,-0.12114104503779578,0.9099679695470163,-0.683431314626713,0.6838132054901086,0.8463604351781442,0.7400130058184525,-0.2644076505287505,0.2509017246630626,0.22492019732892132,-0.46946921442560485,-0.500748664188722,-0.058057947574658646,-0.7522995713156084,0.79318082816191,0.0320865582041039,0.6531839682059304,-1.1924843773699059,0.07098498755499286,0.6558383215332789,0.9168243706501338,0.11571833874747996,-0.35602528997280297,-0.35959126023512267,-0.09416413860372994,0.7697963105241704,0.7837647208691776,-0.7585677236941893,-0.21975196279148812,-0.747856883049362,-0.45401321891522123,0.6153394483746581,-0.26742892313822303,0.4588080362342935,-0.7391499490539906,0.6774475465707406,1.1766463388750166,1.2209232733944797,0.9766353141061627,0.30831104995064906,0.795659880506443,0.8185735666625243,-0.49166807924318234,0.9250825841411244,0.1785496658867985,2.2774816467972205,-0.27142031227087543,-0.2569476903351447,2.1087112281545126,-0.03793094120049607,0.5243399246166929,0.15039704227626605,0.4913500550760362,1.4566789444381363,0.5466617040132788,0.05449659047489493,0.6668466162389943,0.8201163756116031,0.9070172635154649,-0.14273960876386482,-0.21432516838061447
-0.164437585618822,-0.6647781726190308,-0.5739314043353481,-0.41182780101588157,-0.3077790428218388,0.16255204342706045,0.5043375666425367,-1.0667739771134577,0.01996263044724176,0.8541131979027428,0.997263686793429,0.8835103051796067,-0.09852797506754526,-0.1850975217577541,0.5801087886169274,-0.9488150190863937,-0.2220474694981701,-1.2450469489031804,-1.1969736194569174,0.13000311899036185,0.07709415963578772,0.37829146690507426,0.4364812133485956,1.6246158971642406,0.5339141287336745,0.717569704329478,1.1663603765501132,1.2478433130040445,1.2851072547461662,0.574283435526652,-0.186619479047839,0.39395874971960604,-0.42868869841396273,-2.1587020650413926,-0.4340578465000238,0.22738339326154366,-0.7461229435685375,0.5317079264186165,0.8721151830017386,0.6664392653306931,-0.57867835736106,0.6022485247935306,-0.8705391271147706,0.20241629322985505,0.3334159196838394,0.10410446761301288,-0.494157950430867,0.1409969680999379,0.06534940960023056,-1.0272345929906563,-0.608428084247012,-0.3062554457797161,-0.9295928123659721,0.34374104051091875,-0.29483269705887327,0.380909598491612,-1.2955541931917431,-0.25174479406846995,0.9859101119725459,1.056394495256881,0.22724617009248058,-0.24132403394919313,-0.3048246627120706,-0.10432793245083768,0.6672499286486038,0.5306344594107618,-0.7175098038937704,-0.32673380687948983,-0.8718161301172886,-0.5450202820050025,0.5312565087309266,0.13676872067488444,0.3629989422503343,-0.41611804303124206,0.8308694714159831,1.367752226115486,1.1476476794174124,0.983297778697487,-0.025776850533097917,0.6889865122277227,0.8891786726948514,-0.9092533873462035,0.5037447182128071,0.19225462462299142,1.9794903792373855,-0.3174624033710571,-0.36874863278935455,1.9959121250319694,-0.20513056403005164,0.07101494957173837,-0.4402228128223489,0.4055158132304514,1.1807488835996207,0.5369027070729863,0.14361366421204902,0.28959119652134757,0.1903296014009624,0.44804249354457565,-0.274577581992363,-0.7105891553312829
-0.14996538278364405,-0.9668456646508777,-0.6417437432088495,-0.7337051633344073,-0.6306462710647939,-0.003542992270263162,0.4299845922607012,-1.0408876918579268,-0.302293772047137,1.0340314631622871,1.0256461355699489,1.1241730701296193,0.10427772183107731,-0.2999481379904638,0.4162966685416243,-0.9012097510405324,-0.31847491710544873,-1.2682669442931347,-1.2451467233477516,-0.02136345842784185,0.12079523933170713,0.7536575397565362,0.49505960748645367,1.7035911680284692,0.7614807181893292,0.8367203115555989,0.7500778638749908,1.2935571198888225,1.1308853788830682,0.6138719409002631,-0.29374154357091725,0.23877429502784833,-0.8901690277615258,-2.2489849634372394,-0.3076902304989669,0.05066355263578997,-0.7601666388912703,0.08896816793673655,0.31430561046832434,0.4521854588342133,-1.0807637831831878,0.31289628670399733,-1.002092569667322,-0.2766871654745896,-0.2700238787294116,-0.5571184646947737,-0.749153144289373,-0.044028023731226676,-0.12231426006522841,-1.5522960314881271,-0.5475065494151743,-0.3547105557438855,-0.8712901770581043,0.03990006334076589,-0.49808264157453913,0.12034375261107456,-1.200619652053296,-0.5399806752623751,1.2664744566417687,1.1632637464966575,0.3636765299753985,-0.12034338140786656,-0.24620117828662952,-0.10500262071040106,0.5474271851098383,0.298650917991674,-0.5507048368302216,-0.4101499096813252,-0.9098894592241128,-0.5371060405511433,0.489632538268489,0.5677211570602689,0.277331138538919,-0.12123413607237078,0.990635366370939,1.5132423423258696,1.040905176187938,1.0270152749531851,-0.35920139277909735,0.5165867079970621,0.9144562231174406,-1.3313893147407867,-0.0020254876291329743,0.18302579200142155,1.5699913016369398,-0.3772458064584045,-0.45472905122596224,1.7826003891674271,-0.39524497098857725,-0.4152839602033165,-1.0460652591095425,0.3536197762499623,0.7431345409608502,0.5034854867559733,0.24291777157995223,-0.11752208320611164,-0.44425997256807853,-0.06670586844383777,-0.40668483252256,-1.2111548622304646
-0.049424503476025415,-1.0484760054842237,-0.6238817161444299,-0.856738978283774,-0.7677331807706304,-0.13591476999699606,0.42224708121986804,-0.8962628649729844,-0.5876272594281404,1.1565539896486652,1.016428428753277,1.2913917023409078,0.25616898120403764,-0.37410981077646893,0.2717771986341228,-0.7235253321032545,-0.3694729251990463,-1.2232674525017342,-1.187931818136064,-0.19872462508684943,0.19967711694106288,1.0712823596693073,0.5286061442059449,1.7201425001319164,1.0001027805151785,0.934374144940823,0.35055075187891555,1.3239364761659267,0.8928772851792218,0.640968236940845,-0.40052020840130953,0.12312632865565974,-1.2937309488652018,-2.203262479171973,-0.18650898489687434,-0.16680938620680202,-0.7222149547724774,-0.28624791267217053,-0.2304575493213582,0.22962353539580826,-1.5551299899285658,0.07688285980461691,-1.0653078038311456,-0.7036251711880702,-0.8869192827985626,-1.1635567232703812,-0.9912169128947631,-0.25429300237968244,-0.3174440336124897,-1.9911486775940492,-0.3410309241840003,-0.2147513435369924,-0.6012923454241405,-0.11720597348836533,-0.5601569814734086,-0.09461430767385981,-0.9341472563117449,-0.7504624811830847,1.4579835244574113,1.200237632038401,0.4885390396219374,-0.03488900915099948,-0.2065071937888517,-0.10566031636786806,0.42385874707440946,0.1033704192673631,-0.27975867549904165,-0.4662530444976143,-0.8719158685214683,-0.44919554093059244,0.485808639844282,0.9593182489397941,0.2102144258835111,0.11099940981343535,1.1229346740649127,1.5803510977394155,0.9084251405184122,1.0829060468174818,-0.6546858912803872,0.293861632776686,0.9201752749498728,-1.7114749841119914,-0.5256969370197372,0.16371615932620906,1.1167621414655367,-0.437194695672324,-0.5239572296204994,1.4891284881444817,-0.5838355651297156,-0.8506707080082139,-1.6148802895998724,0.3193219695977357,0.21248713377734882,0.4418052638574326,0.3416615377624209,-0.5146033215846635,-1.013947149856179,-0.5351262819671548,-0.5276268382399272,-1.6571497743782422
0.11154547653969123,-0.9313831126675166,-0.5217409268242874,-0.8091794596996523,-0.7212268116224754,-0.21897074579488524,0.49606729406188443,-0.6528406776246357,-0.7943929731115824,1.1919967639590916,0.9554039204407944,1.3443417564979565,0.320618170896994,-0.4016700579410149,0.1534276233180993,-0.45850539100732257,-0.3739721239950076,-1.1236283746452407,-1.0376092789848619,-0.3700143357538554,0.2995344456209059,1.2799569118722218,0.5448780340829584,1.679560186297973,1.2021202314198887,1.0002453672861862,0.03388320006871896,1.3251699058861937,0.6070765584046613,0.63841656248141,-0.5008103847246091,0.05220762069004843,-1.6021553884854178,-2.0453427507168804,-0.0618929470876088,-0.3841028527144868,-0.6438241887251234,-0.5627404757566357,-0.6947089687091212,0.03288250829776955,-1.9240606887795482,-0.07874314731973213,-1.0504486661498704,-1.0337504433205655,-1.4323181400954077,-1.6390475107844316,-1.1762282047227577,-0.4307613744922368,-0.4943349725970369,-2.292378247595114,-0.034411502200713054,0.0695468949836075,-0.17704050471657695,-0.15330384489561258,-0.48732725798927934,-0.23765129510718674,-0.5499810976300161,-0.8492697589579232,1.5361073616861733,1.1460132263529916,0.5706530486998781,-0.014147772571561414,-0.1968047960725279,-0.11082346521158906,0.31013817987283837,-0.04515370916128333,0.05760557197510302,-0.49314463938214786,-0.7756571217741888,-0.31025169446675827,0.5092183818733937,1.2532696663888852,0.165411318661588,0.2647636340822894,1.1967435691868242,1.5487923723062793,0.7594726947658632,1.122431235014025,-0.8768693090254294,0.04539055405139668,0.9332078476723707,-2.002911143040418,-0.9950166913426077,0.150235576526248,0.6912152256952798,-0.481577934951973,-0.5791713306841146,1.1474245525248499,-0.7366860048481902,-1.1573795645858889,-2.094369316818548,0.2828473926617975,-0.32973457666551487,0.3566460118107322,0.43310132189113926,-0.8596837460451675,-1.4569248966735409,-0.8696670142737799,-0.6225610472880032,-1.9896816373337736
0.30277098902422306,-0.6697197222560743,-0.34740004594459506,-0.6488577968723391,-0.5260663600594404,-0.24351901705927445,0.6460289320551684,-0.3454665585372607,-0.8910986473483733,1.1279067730979546,0.8373505070822179,1.2650518379096491,0.2818992048551903,-0.38360356120839106,0.06613069842062111,-0.15309343614713064,-0.3368977639363483,-0.9802468963094898,-0.8182934614745544,-0.49362938531604245,0.40206938350879207,1.3571936263407922,0.5577070559874725,1.591304884938939,1.329976024823752,1.0299087903354451,-0.14903814704734666,1.2889380109314028,0.3195964059128804,0.5968284262449869,-0.5744583757035463,0.02532092647591959,-1.785282955881781,-1.7982543301664884,0.08446793381480941,-0.5481243681686244,-0.5311250717008881,-0.7260958526352422,-1.024300480799649,-0.10815186789582973,-2.118480042677859,-0.138039198931071,-0.9519325805329522,-1.234791076806148,-1.8264409733498397,-1.9228216917494372,-1.2607060947124702,-0.5183406899785067,-0.626292366651869,-2.4138138541338083,0.313426626964019,0.4322134826266171,0.3232275931882709,-0.1108746234191242,-0.30623065149322937,-0.294592623814939,-0.11876416040390865,-0.8183210803784744,1.4965313903964224,0.9996364375032264,0.5901941501906874,-0.07058100781016448,-0.21577833577464664,-0.11867703421315146,0.21673275785892465,-0.14298558255940633,0.41260619570663726,-0.49191842759452864,-0.6419405236298558,-0.15108893963597209,0.5455524253185202,1.4114030382501996,0.1432010071722299,0.3438704911639903,1.189673540421845,1.4154250508496966,0.604785126493023,1.1207940575174815,-0.9983308726290724,-0.19866516781280602,0.9754022690912904,-2.1659833479393504,-1.343213767686792,0.1596630333216911,0.35650699926021784,-0.49303056771410947,-0.6139727501846842,0.7965512700111639,-0.8151383683929042,-1.2793601570088267,-2.438994861819146,0.22862954558117338,-0.802831706131249,0.2611856821303659,0.5140470448407397,-1.115884721420105,-1.7280815387748718,-1.0161277505031838,-0.6761867781553598,-2.1593629173917295
0.49368688505974784,-0.3369707751097972,-0.1233690312358131,-0.4482511575615478,-0.2419157587461168,-0.20839232792818144,0.8463299894718519,-0.018842414944269255,-0.8627754970494934,0.970686913885018,0.6668166055542398,1.060472764385798,0.14671962895758264,-0.3271035899438327,0.01212560139439926,0.15099978501430705,-0.2685452504365038,-0.8001274814410938,-0.5621183994851443,-0.5280594933299291,0.485976027172466,1.3126355125200186,0.582785468649347,1.46560462325276,1.3638477892652747,1.0234922597050773,-0.17017963626565036,1.2134491374057812,0.07753102106647733,0.5165518978358454,-0.5938514206941623,0.03531283087630658,-1.8238725490679044,-1.4802960668095946,0.2756633281631196,-0.6073235776043215,-0.384792624057663,-0.7785867956541677,-1.1851814665980898,-0.1716154046977924,-2.090973212445854,-0.09788877232349695,-0.7693512648907043,-1.2915791808098445,-2.0073995007781527,-1.978037399296014,-1.208958656504259,-0.47822902728351036,-0.6906494801070271,-2.3300023984312523,0.6399058532834477,0.7985236598259543,0.8154835643600247,-0.037418382225911866,-0.05760685125672737,-0.266047038570988,0.2858094383585511,-0.659268591934378,1.3539715151595537,0.779393620530163,0.5415223387114187,-0.19905623982118853,-0.25215177441474657,-0.1214309820413102,0.14900177430361947,-0.19229126677001496,0.7322716348237892,-0.466560643831897,-0.48970580159674687,0.002674410275500583,0.5787452596661453,1.4223555499712737,0.14187412088877946,0.36704905660439313,1.0919547475711786,1.1940874651336204,0.45522351021670043,1.0621091353995138,-1.0045984335359226,-0.4076618540427176,1.0579768476316915,-2.1737805940650263,-1.5193858944418372,0.20673724840447313,0.1571038632598555,-0.4542429352161643,-0.6144765748468073,0.4760489188968454,-0.7847826783787534,-1.1926348898417574,-2.615907247758025,0.15051251739756671,-1.1397489258352929,0.17340759405897782,0.582674663766373,-1.2572020045567838,-1.804338085733779,-0.9628911523705328,-0.6766865330229623,-2.135571746377105
0.6558757086369292,-0.010416367269312039,0.11896238175715912,-0.27752952685165183,0.05942879625073755,-0.12118211542821782,1.055764292995991,0.27967653134808246,-0.7143896902488248,0.7420683621835914,0.45629339327056817,0.7588455645295363,-0.05832408172312364,-0.24359868351532768,-0.010003867900045102,0.4235608614512736,-0.18263445745976306,-0.5876641982650231,-0.3037641976859152,-0.443643837086355,0.5289319263596205,1.182767961704311,0.6321577749112673,1.3103955630413688,1.3036325864389393,0.9831885195459721,-0.028598329071183367,1.1017324586026787,-0.08114756535705511,0.4065135574535518,-0.5336838514102326,0.06891692801160512,-1.711731261646707,-1.1046783716681572,0.5318066096990187,-0.5268234396497998,-0.20319753359449008,-0.7356429466434712,-1.1659642538091828,-0.14594391826697167,-1.8249904161181585,0.031814717096955145,-0.5081085212911038,-1.2076636746443332,-1.9414307213441935,-1.7964553253487767,-0.9997223984267909,-0.2968180582069119,-0.6737840654135077,-2.0385176382687793,0.888280572042087,1.0977783008781523,1.2243005940561527,0.02494033309999061,0.2113354687506342,-0.16743076813906727,0.6008609301245235,-0.393927664091488,1.1358771211095795,0.5167147987604093,0.43239616522495067,-0.3788859481538214,-0.2892221797849328,-0.10753390197124404,0.10676416688085089,-0.2008596894983125,0.9674662520084387,-0.4225677495976674,-0.3320627154683529,0.134849295255464,0.5925970368273134,1.3014616224450204,0.1585777265145098,0.3597200085975599,0.9078252072469168,0.9108295554460935,0.3192393147155423,0.941188152833648,-0.8969406208433569,-0.5560056782946591,1.1779922389477087,-2.016029308750804,-1.496358215296421,0.2994961115629841,0.11122153307392894,-0.35091317290055857,-0.5647805458600527,0.21840535925730803,-0.625327382122192,-0.9084392004246925,-2.609070873496396,0.05305937991223977,-1.297246204663372,0.11094336850359195,0.6356021332115854,-1.2719241817822144,-1.6861874884908292,-0.7392942661728026,-0.6195007241302852,-1.9133481743457577
0.7642530836017954,0.2434441068973707,0.34254324281843174,-0.18948745178140866,0.3084740380633474,0.002202927823409033,1.2266651513465179,0.5079654380132453,-0.47054949325202167,0.47197663139028845,0.22258073690576186,0.40183834052024603,-0.2927927249831443,-0.1461938039641387,-0.006325247064235146,0.648237602853722,-0.09364701264512994,-0.34761990485404315,-0.07448789239989911,-0.23309700841398615,0.5105259651150792,1.0189734720527817,0.7087513601805708,1.1296016809944147,1.1652683283149157,0.9107087382261849,0.24907069027488427,0.9583112354519195,-0.13637234957020722,0.2804101783673888,-0.3808296739015115,0.10847435272439866,-1.4559880225427508,-0.6819315607145381,0.8617036982348218,-0.3005023204559989,0.012866764836403855,-0.62047472345852,-0.9766865710920688,-0.03069746585245661,-1.3383834231128136,0.2294595029529001,-0.17948956550527131,-1.0038681769971414,-1.628841663720333,-1.399135459390668,-0.6312211586404144,0.010632137379933413,-0.5750268286721434,-1.5633762297655351,1.0157674591092385,1.2737688118883281,1.4942695958093675,0.04641728127898207,0.4544604613782972,-0.0262139857605048,0.7852964238703386,-0.061148405933239294,0.8731288240594856,0.2470745039706242,0.28014255620543577,-0.5781815288442937,-0.3101977122287396,-0.06535151475549046,0.08521929312385602,-0.1812539558762799,1.0810101835554577,-0.36486958925484986,-0.17418358352485205,0.23956172741440693,0.5721740650526493,1.0846345270145938,0.18904503050498597,0.34535172556901017,0.6541934843625431,0.5962824755968253,0.20002323345552578,0.7621520125609075,-0.6922076423895217,-0.627909427176734,1.3181944357536708,-1.7001847234553997,-1.2746661929843153,0.4355930223752552,0.20739769567097485,-0.1752972024101689,-0.45397774136281116,0.04257004729742358,-0.3386061459334149,-0.46911669390723904,-2.421042057445262,-0.05118098129350312,-1.2619214973900565,0.08589481713109402,0.6656622714411831,-1.163450621504254,-1.3959270406817992,-0.4048394754723132,-0.509718529959663,-1.5159665074842383
0.7977556804940048,0.37964632333858145,0.5095091929214536,-0.20960179298397372,0.4511891082707626,0.13921306676208978,1.3155934901747728,0.635977566919266,-0.1716643586196535,0.19033683345573849,-0.017318795485153676,0.03486594912609653,-0.5107737274939169,-0.04733922779821788,0.012056291403628726,0.8213263575697654,-0.014235962143834758,-0.088353900723241,0.10306535850163664,0.08259601475394232,0.4158577185900389,0.8726331118362124,0.8025516552948251,0.9233188316112132,0.9731445682608599,0.8058316883377286,0.6119981263879233,0.7861211157103195,-0.09123166463329785,0.1516876318538327,-0.14119909846307474,0.13504496420416898,-1.0758934507897062,-0.22337277476096914,1.2566132448619207,0.04377207498295614,0.25618086489399083,-0.4588677370248025,-0.6450958968132203,0.1636424544123864,-0.6807661666237067,0.4643248469381824,0.19983962319779344,-0.7144313626253375,-1.104532231670385,-0.8335864353350565,-0.1237458695811478,0.4020845758316354,-0.408440426085727,-0.9541716258893096,0.9996609141142865,1.2918572294205537,1.5969277279077692,0.012322110161205782,0.6329436537051063,0.12310643268569656,0.825655491740126,0.28918335711535015,0.5910737987074846,0.0006598989658167179,0.10610100260495249,-0.7598097045873459,-0.3030482381566199,0.012521915820176126,0.07668671950402164,-0.14957419480557296,1.0545161725348617,-0.29603328123251743,-0.01344834212442289,0.31934112517175195,0.5052972290214007,0.8185792229390169,0.22644804628989343,0.3392882278435848,0.3570680122221644,0.2778203620357519,0.09370578115501325,0.535216751007079,-0.419702060728795,-0.6202997775950883,1.4507496748755249,-1.2497663271794774,-0.8819751666343609,0.6009750810559209,0.4061480152987964,0.07080360544595077,-0.28171603230921205,-0.04955543766746232,0.04816503545352653,0.06155587526654233,-2.0722775204122086,-0.1472954900872562,-1.0513404384472615,0.10125527981637937,0.661727861918489,-0.9488766429296653,-0.9734973144217369,-0.03308953285161796,-0.3622219173545661,-0.9920388412882731
0.7404884136706258,0.37995829059517794,0.5870427334129181,-0.33303210205751854,0.4581262743046434,0.2633664272955491,1.2930365563511146,0.6500657783989118,0.1325052422310152,-0.07957962542072128,-0.24944560631362223,-0.3018345421853657,-0.6700620304062653,0.04269510910334956,0.029765188460362326,0.9480546954954213,0.0466100411256877,0.17622415966152297,0.2181871164757571,0.4552037188207694,0.2392086685815441,0.7814625180286877,0.8898608875908368,0.6898586163990186,0.7514280626982591,0.666734341548787,0.9922620937005179,0.5853974829323323,0.02785096024541894,0.029147355024136297,0.15860805590830163,0.13232343523937162,-0.6007806225641231,0.25616404312129515,1.6882394178276348,0.4476243114490752,0.5118092325834919,-0.2757673872991579,-0.2120352267324503,0.41641461945749575,0.07444194423025595,0.7002679831002614,0.608733816304062,-0.38166609766589077,-0.4329092029329827,-0.1680280459795574,0.4808343491970247,0.815891208364898,-0.2018160671296674,-0.2804265449458963,0.8408636199684604,1.1423652107762172,1.532649183083733,-0.0779076665952565,0.7194242921554124,0.24524910158568083,0.7359315659914363,0.6037790661528539,0.3040297451412073,-0.20451969812712442,-0.07000490048368803,-0.8881532710626151,-0.2638863946414601,0.12541597465608978,0.07255534261687677,-0.1237604755036068,0.8925259330801173,-0.21569482842766685,0.15820266391171248,0.38161775050593677,0.38432251195026834,0.5503109651551578,0.2601643180722922,0.3467627751304239,0.04670325021817745,-0.02588708408270064,-0.01011947895995009,0.2734327330962585,-0.11579691056309797,-0.5432071792978156,1.5442772108404883,-0.7005373492849212,-0.36809738298408173,0.7719963871073666,0.6470154574691483,0.37476189143972927,-0.059867543930231096,-0.07241957926975004,0.4855282471441865,0.6109245783590906,-1.5982392570838515,-0.2244594706724508,-0.7102338889781947,0.15010370515977853,0.6112823840647761,-0.6560229292389496,-0.47085182106608575,0.30513380129711387,-0.19936990136984634,-0.40733875641244577
0.5838522099140591,0.2522316986971252,0.5531526640596629,-0.5285771742435698,0.327823990494525,0.3476250542340742,1.1497202098416248,0.5539700083563438,0.3905617946239467,-0.324504515011802,-0.46443606202902776,-0.5794032603284105,-0.7405058168055321,0.116360158067519,0.02930305263738336,1.0377711728756553,0.08427119588725444,0.4270024518005798,0.27291616185111084,0.8175478789112189,-0.013064033148796601,0.7605726313214789,0.9364442138941844,0.4289829625614952,0.5171949584078179,0.49200999129594214,1.3150856125023545,0.35527553804254014,0.17638317120890012,-0.08528353477209741,0.4754617191260028,0.0903006662753293,-0.06774827937522566,0.7374943098537474,2.111855465135194,0.8337222845587874,0.7593133609873274,-0.09422029822144218,0.2729155641507147,0.6978603534331934,0.8414334949619484,0.9001786865109045,1.0226354923772853,-0.05010244639685217,0.30196107710810355,0.5165699119096656,1.1228259617978833,1.1814307911607116,0.0072023048057916865,0.3781705932500812,0.564239653221816,0.8404860153131082,1.3278330271932606,-0.21403568220333366,0.6998424868075868,0.3102905683144149,0.5519376286279691,0.8338212036990686,0.014998784313150042,-0.3653180219678488,-0.23426964506145873,-0.9357636450323751,-0.19832895200436834,0.26231364486774217,0.06497364350954994,-0.12141359638341598,0.6228662056571249,-0.12170372525548437,0.3502164574419592,0.4349672587407603,0.2081094975360022,0.31862190183932537,0.27543157786756434,0.3651776322229305,-0.24741871374346316,-0.3063318776934454,-0.12503980400178857,-0.009238473339207265,0.18246771491266953,-0.41755803306847256,1.5724631304884156,-0.09551969257735647,0.20338521676678264,0.9208462209362416,0.8603098097645522,0.7141777675400306,0.190477369601849,-0.05194004236546353,0.9110451517445173,1.1100147439467252,-1.0448458694155713,-0.2809074171538265,-0.3023895762902349,0.21788005403559907,0.505351721716969,-0.31960756946447033,0.05444938486475876,0.5552406781903657,-0.04672452600415204,0.1670153306399784
0.3294357603882611,0.025019938430481177,0.40114115440930553,-0.747927083734076,0.08433890653240846,0.36805382450186924,0.8981869515208313,0.366603131207845,0.5571358692188382,-0.5407786632709648,-0.6572760937014521,-0.7829261099326752,-0.7099599691207207,0.1686158024090857,-0.005644687106260639,1.099423616405253,0.09807015137425297,0.6425110298395845,0.2802552067779193,1.0973345658422102,-0.3212934672630844,0.8002221368350796,0.9044161278266377,0.14522723996955061,0.27741635231002315,0.2835785469397219,1.5110423543326885,0.09751694943276493,0.30155744497184034,-0.1959130739867372,0.7585727481912862,0.007514878833699613,0.48068278028211137,1.1983246053489212,2.4739590450548143,1.1225087883094664,0.9777050396317264,0.06400111167067953,0.7552298371105662,0.9708210521372542,1.5346134986249471,1.0308439838882923,1.414664496189255,0.23909078337984643,1.0092279626965661,1.136051733969203,1.7314947499167814,1.4311839658580785,0.1773493503235651,0.9439232325693524,0.21532223393201083,0.4232291620704922,1.0283893633104946,-0.3790919908324073,0.573296601622943,0.29851799536684825,0.3220338359998691,0.9419042551119721,-0.27966481877663624,-0.491532983318528,-0.38042730132518054,-0.8888647256036374,-0.1206904252900622,0.40203244459111237,0.04806570678407147,-0.15723127620322774,0.29282235718763133,-0.012731893172927984,0.5685846345264085,0.4861726360210968,-0.016253634135026215,0.14911682362819437,0.25464985215412467,0.38924070804745325,-0.500773398919451,-0.5625489317072158,-0.2622715755510741,-0.29805989124261273,0.44342618338043255,-0.27089048420860545,1.5218150548652813,0.5200793030108354,0.765240954780622,1.0228749480739188,0.9816265806045418,1.0601058013710578,0.4454389598420751,-0.01781006001803725,1.2624713565149663,1.503689048353199,-0.46298540495428725,-0.325565821758133,0.1005345767643,0.28705283075844573,0.34430503340873264,0.02289932183734117,0.5459573692008193,0.6866188549092715,0.07214783927783772,0.6673106515163022
-0.008247092861032174,-0.26046815359057734,0.14178370005633206,-0.9374873910520366,-0.2297813378375256,0.3074360070913867,0.5696419614465106,0.11761939733435428,0.5995151827357775,-0.7310393584910636,-0.8257770798525136,-0.9105788026046262,-0.5866377983758025,0.1964606938110167,-0.08637814171930829,1.1383949787034244,0.09004445866935636,0.8035825403036598,0.26027957712612887,1.2331739649248707,-0.6535772782974297,0.8703797219796995,0.7617003326927496,-0.14987236102195742,0.030451815547814436,0.04938623537033594,1.5284456134623865,-0.17926635821141382,0.3544033909701604,-0.31006403190042986,0.9606548346422634,-0.1089019249594127,0.9990522100554858,1.6158850967599243,2.722613754541583,1.2499281033409844,1.1511502477551216,0.17761553383764528,1.17915179471905,1.1936753532387094,2.080243799405235,1.0678053300527648,1.7568089138674186,0.45286211357431283,1.6048943203711132,1.613538824537401,2.234202971432163,1.51222859111785,0.27129428264196487,1.3533203887249663,-0.14663367955355824,-0.05596564065147484,0.6908900849147928,-0.5528624517132672,0.3506463117991593,0.2032347360488165,0.09669795918513699,0.9072856953528027,-0.5827121941175543,-0.6003300673376558,-0.5090805379080212,-0.7506314164563874,-0.051186917493387434,0.516238617168479,0.018690087954577245,-0.2403082455490838,-0.038428909186430896,0.10860883121820154,0.8113715312558444,0.538708299198689,-0.2725790265244606,0.05316808948035964,0.180576764806612,0.4166593939176645,-0.696482864294188,-0.7957696742226907,-0.42461145556090935,-0.5764029796992072,0.6452717587443615,-0.13197240970519067,1.3961112031440408,1.103145114019693,1.2565089508169716,1.063542776678273,0.9661989437804401,1.3815737747684822,0.6854244982921637,0.0047268912851068596,1.491372241581356,1.756875876795528,0.09714064714551127,-0.3755537216970201,0.4315295191120819,0.34269928985468107,0.14234935836444876,0.3353876895134321,0.9549331086670039,0.694075470648701,0.14056974260999913,1.0479141120429283
-0.4004679619603421,-0.5587840984890843,-0.19723231308906933,-1.0498748963169109,-0.5628714055659775,0.15854303263445468,0.20724777280472256,-0.1578227468665076,0.502626160779632,-0.8996062934352071,-0.9686178672634345,-0.9703677439827147,-0.3972669797263507,0.19869782258171945,-0.21572662366594572,1.15526161281258,0.06344249430428563,0.8984973276421043,0.23504211966330746,1.1888161349645054,-0.9693575467211546,0.9305012568665942,0.4920550492868222,-0.4375259214560981,-0.22878882643068876,-0.1950716190167085,1.3437083703147243,-0.45684316270375164,0.30161797245528277,-0.4333677912255435,1.0483855583568942,-0.24549112894839564,1.441921299314635,1.969829680196946,2.8179797612131527,1.1818880102065645,1.2730460781704822,0.2264703265737701,1.4921838376362662,1.32508393955804,2.425517440910136,0.9996547421116342,2.0215187041206435,0.5698763248836777,2.023875765075859,1.889818783191324,2.566792872698114,1.395447832488173,0.26316353164381456,1.5668463507240382,-0.4585109437441436,-0.5342990135019529,0.3728181502900942,-0.7142049887370958,0.05264074634631181,0.03131836328599074,-0.08066071662178204,0.7290760413413012,-0.8886641135818315,-0.7088861770352448,-0.6248580453286124,-0.5413566369302929,-0.0116185944672043,0.5749670667429263,-0.02313515088296747,-0.3717119331487668,-0.3099010971486576,0.23346649257243463,1.0657922777448232,0.5927454186592581,-0.5361283059158278,0.03002466775155,0.04099525462311347,0.4520164181311316,-0.8262827703701306,-1.0035652254906253,-0.6020999538989172,-0.8245318977799149,0.7781945823924056,-0.025509911813203213,1.2159047916143935,1.6156297520054932,1.6304002257572765,1.0426520247390174,0.7996994407122128,1.6501394885889418,0.8997510540474996,0.0012188766680949813,1.5735254982000275,1.8563299073331823,0.5911223914358601,-0.4501469385788752,0.6399702222913304,0.37718366386172897,-0.07138754879458171,0.5869401177221516,1.2462135287811067,0.5940005996930738,0.15226315194356196,1.2874241868614005
-0.8056066107840261,-0.8272445900533965,-0.5744889123222567,-1.0528196704088333,-0.8635574196213418,-0.07330789130680564,-0.14226738689811053,-0.4238259279125434,0.271999677746004,-1.0483233578590254,-1.0837604769851168,-0.9758196700285033,-0.18126942482579395,0.17618145188383338,-0.3859052087355153,1.1464589213042313,0.02149935629343204,0.9270222362816967,0.2233778338628153,0.9621064662290775,-1.2251334238577005,0.9417191321843785,0.1032100823327665,-0.6936925574409603,-0.5020284052618744,-0.4269600459520196,0.967466901637449,-0.7075254758341539,0.1343610418600642,-0.5650773882020731,1.0094722374630851,-0.3863909129043468,1.767634025223833,2.244355417022094,2.7405872910893287,0.92221183568897,1.346690875635694,0.19441672605000768,1.6508701528615595,1.3305647942777656,2.5441359141834337,0.8310161582816286,2.184067568715972,0.582731352243781,2.2285117633625573,1.9323313254170902,2.683740283326414,1.0811763439408333,0.14459396803574553,1.574492915240092,-0.6645435476239878,-0.9477452380273415,0.12322520242314836,-0.8423897857877433,-0.2919402790209712,-0.19817952198519154,-0.17997467659465202,0.42721160518433476,-1.1796450750142156,-0.8274454214820266,-0.7325527502704687,-0.2951044436404921,-0.020276373858838403,0.5535530624497913,-0.07405970016814152,-0.5428807992790633,-0.46961560967421384,0.34645343724293376,1.3077588509914555,0.6463339309189625,-0.775887213124813,0.07063412961805808,-0.1662001611586205,0.5071696672672447,-0.8899518405863537,-1.175764861181558,-0.7712977491834843,-1.0194940051922508,0.8439013627879278,0.03196339679433181,1.0128868313540955,2.026150131949079,1.8588705366755276,0.9742905029402865,0.5025709280352415,1.8433333173293032,1.0867408528415552,-0.02927662980092885,1.5133835397160929,1.808334540587732,0.984332167803439,-0.5630787109902048,0.7003694809372546,0.39233971588254757,-0.25639799534576513,0.7551318433031594,1.4024893653501591,0.4172313389107943,0.11281297571047752,1.3891016930448146
-1.1735943816432945,-1.0306923968153365,-0.9400534487389067,-0.9342667175102233,-1.0884642136764042,-0.36888554632011966,-0.43671152397507046,-0.6473271723227597,-0.0655757320509394,-1.1741618814905828,-1.1677340847234825,-0.9418223201221886,0.0179601808116858,0.13243958145877932,-0.5784067226354358,1.1063452049168365,-0.03306347188456594,0.9019743500857417,0.23670503837840268,0.5865636068278569,-1.3813628447520678,0.878198489090825,-0.3692258604853921,-0.8929157172038764,-0.7816764601134603,-0.6181387365255934,0.4448277945084682,-0.8977122138663434,-0.12806052798711678,-0.6948739068216025,0.8546605947324605,-0.5176582234631594,1.9429157545386762,2.4289814263299414,2.495551208427651,0.5125239684666727,1.3821023840815307,0.07401615615388803,1.6275441840654186,1.190058003048641,2.438114946593693,0.5833301821935615,2.2258447882665062,0.4986001393815253,2.212275082402887,1.7411784450209618,2.5663808731699254,0.6004759458827413,-0.07192883099583228,1.3959954567707609,-0.726732346876748,-1.2395646733991716,-0.025049859382799855,-0.918175190630875,-0.6481071045987314,-0.4568055642279714,-0.1872601907724963,0.04110057301738976,-1.4262042443688492,-0.9546785475976135,-0.8334884360436046,-0.05316942864207076,-0.08703197233278295,0.43932597207930013,-0.12752073562182967,-0.735417915169792,-0.4841412620939495,0.42793258372477433,1.5043165277901718,0.6971267046464368,-0.9584511083793888,0.16162596376168226,-0.42894000533489685,0.5977959234637976,-0.8936531330857834,-1.2937512677888956,-0.8989912440259643,-1.1368611199860463,0.8528140086350623,0.034325605394357965,0.820566005195477,2.3105396758895536,1.9333485133800459,0.8822554348070152,0.12633676211177217,1.9463382204843227,1.2491677435720527,-0.07562876526708374,1.341585820881334,1.6335263233421051,1.2544773311240272,-0.7157302304602188,0.6163118788501949,0.39829977584422227,-0.36869851257020775,0.8284736143892283,1.4260709606966084,0.20084841186804725,0.03894710058691133,1.3759159689407705
-1.4529957682434467,-1.1440975906177548,-1.2418715040431534,-0.7034710565344614,-1.2073444470407375,-0.6954054786437808,-0.6446195833844829,-0.800418304849662,-0.4640156923020082,-1.2690954775138148,-1.2158609108763037,-0.8813704262688647,0.1629056976092249,0.07430161409633389,-0.7662078493530173,1.0298924428918517,-0.09758841081423247,0.8476049607027212,0.2767545974285384,0.1253624393624578,-1.4091731498312918,0.7348153146222473,-0.8637084775824946,-1.0129758391327364,-1.047972510433213,-0.7387500619493957,-0.15085279857121256,-0.9941127658047912,-0.44058550260821766,-0.8022623127285249,0.6144467388435673,-0.6305091213791272,1.9478586078719893,2.5180980316656596,2.1118958315520704,0.02435975885453777,1.3900695765208677,-0.12848156106777217,1.4166808328911333,0.9047905840279167,2.1360267946621114,0.29269584116869957,2.1382631080392316,0.3381244289181621,1.9983097138933958,1.350649097880662,2.2275286096162294,0.011726854941021943,-0.35327045586078926,1.0759295274173954,-0.632164011824669,-1.3682934133524298,-0.060540893097036405,-0.9253369949322828,-0.9768013597075588,-0.7102050124689254,-0.10415908123904902,-0.3741700340073182,-1.5931832897226297,-1.0764973024746487,-0.9231905083751965,0.14454113362102963,-0.20963511689302547,0.23631652036092055,-0.17428683483427512,-0.9226870399001138,-0.34493536719529794,0.4585974472092939,1.6187845853430674,0.7439521612804932,-1.0529359678614176,0.288303000450248,-0.7193617493756,0.737138552594834,-0.8477022025487033,-1.3335702100609113,-0.9496532029870682,-1.1543201879791276,0.8197818219546094,-0.013884715574283979,0.6640490404806059,2.451946914024904,1.8619819235555102,0.7921936922252881,-0.2577093061103375,1.9519319400875805,1.3869828132015691,-0.11947276721140379,1.1064537390858873,1.360482717701917,1.3926488826173824,-0.8935558022583772,0.41857098760381994,0.4091768254627549,-0.3712878141972068,0.8076118807378647,1.337472661137476,-0.01919098847317175,-0.04403383543801625,1.2819020098822276
-1.5992920266206119,-1.153601993946545,-1.4324002091566777,-0.3885192284208569,-1.2055201357265586,-1.0090780085011664,-0.7485570824541913,-0.861805118531878,-0.8627449692549618,-1.3219433708884243,-1.2231459356215229,-0.8034847257751304,0.23078282013553714,0.012101734275241029,-0.9180007178222951,0.9152434652920699,-0.16813421415485988,0.7950092697220035,0.3358444358225229,-0.3406903369000499,-1.2953550887131389,0.5293912525074728,-1.3009497991837646,-1.0390626862786858,-1.2704017029329304,-0.7618583423136718,-0.729974934227965,-0.9710925844591923,-0.7405020090137681,-0.8590603712887716,0.3316290430888012,-0.7222851244095448,1.7802953586801846,2.5099439435708546,1.6371562116896141,-0.45464310384324336,1.3756462361775086,-0.3900459098640449,1.0387893849409182,0.5012817872804718,1.6881487716906316,0.004537512711117463,1.9263592353524093,0.13247547305798427,1.6332876476595224,0.8252281057512354,1.711132194356633,-0.6072206306454633,-0.6496274579447069,0.6748215542774363,-0.39535196703533565,-1.3140208638522886,0.005281525868036128,-0.8528994809785339,-1.2378301785018087,-0.921852530622266,0.05483806305309172,-0.754079611736241,-1.6489119760152833,-1.1685418029932861,-0.9909805778288178,0.268439668859058,-0.37210227845903826,-0.03333881037561479,-0.20353371891168237,-1.0732492453815219,-0.06999923582433315,0.4252370178544891,1.6178274935117012,0.7877126107618129,-1.0359600748542392,0.43617433424909086,-0.9956094442204065,0.9291445627479783,-0.7641794214069565,-1.2720334007608773,-0.8946350842943847,-1.0563752634806602,0.7595113108788748,-0.09881559610084789,0.5522055749484522,2.441120150864617,1.6645000204818268,0.7227956948101325,-0.5750450465163408,1.8592718414417515,1.4905325334216624,-0.14179785081605797,0.8619585890776498,1.0197635785865702,1.4029981888022054,-1.0670495607191017,0.157617273598361,0.4368886135800551,-0.2442927624172024,0.7049342516292815,1.1707233121422305,-0.21336755064526455,-0.10607255406115432,1.1423297951194997
-1.582417686023459,-1.056626849497359,-1.4746176053636442,-0.03098259324728735,-1.0839883278044287,-1.26001862718289,-0.7453333469862417,-0.8179088306202995,-1.1942889947326236,-1.3213103168067102,-1.185381326258495,-0.7122473009216436,0.2193579250317274,-0.040847887016521665,-1.0036351676444235,0.7655769346928538,-0.23759120687615914,0.7756194623590884,0.3998093395731061,-0.7283477303391993,-1.0443984134777182,0.29914267730576843,-1.597289660885482,-0.9663113764985551,-1.4131499097460976,-0.6684841016293324,-1.2025918862751004,-0.8172552353980949,-0.9596468137837826,-0.8347829827014389,0.05179460928949215,-0.7947282167842105,1.4581967709111587,2.405844444115322,1.1282832381251098,-0.8375738134453669,1.3336007803539656,-0.6715952325319315,0.5398174079956323,0.030516387149361716,1.1590967192400403,-0.23431152470801941,1.6107143634130496,-0.08129216302518213,1.1777929733765953,0.24995525159302,1.0863094980796115,-1.1704544933674388,-0.9018665272097631,0.2581261249505391,-0.05470958530886487,-1.081642813850164,0.14074045891426826,-0.6976517756140503,-1.393862791616579,-1.056756942044226,0.2664865292259565,-1.0330812029458154,-1.5747831101934904,-1.2016660044835161,-1.0215376673641792,0.3064497185508703,-0.54575205445097,-0.3318053984638509,-0.20442351355558228,-1.1557036605930664,0.29983690676383656,0.32605491471958975,1.4791941819645882,0.831380995086771,-0.8956294892896401,0.5912556278540378,-1.207267171466562,1.1635775759903664,-0.6546610658031365,-1.094014363656894,-0.7203676902353353,-0.8389361308248355,0.6829770566340361,-0.19960564128080624,0.47492013500374897,2.277297558848724,1.3662092105497223,0.6787739586569798,-0.7658380142057664,1.6723515573650944,1.5374918890417255,-0.1293258904618147,0.6553979691254843,0.6397118252879287,1.3012686617519256,-1.1970944827965324,-0.10796618004362789,0.48515570584986284,0.008219968711063693,0.5424157539725419,0.9660708706919044,-0.3614429164768175,-0.11677254971874651,0.9852720941171189
-1.391764832716648,-0.8613425167135775,-1.3467149267169016,0.32148046385282547,-0.8576977728603463,-1.3992207766169913,-0.6436703472015112,-0.6639469189734267,-1.3940752472547127,-1.2585455778152668,-1.1000480188452924,-0.6067944032742424,0.14823602887871906,-0.06963801653229534,-0.9996469353945935,0.5899747084056698,-0.293930469252396,0.8143479743345369,0.45298368721050486,-0.9669930492689318,-0.6770646747251391,0.09239712329751107,-1.680822246999291,-0.800089983268014,-1.4430481676518603,-0.4522370477259667,-1.4953764377763772,-0.5395809226855409,-1.038196317985736,-0.7039993951419362,-0.18583579383926527,-0.850184681214093,1.0187939976943048,2.2102878732879563,0.6406066418131321,-1.0547472111700373,1.2477595549494969,-0.9234734470416409,-0.01504135778120684,-0.43874670475431465,0.6186348807610588,-0.3846535629495655,1.226375029662547,-0.26614316366084895,0.6949819529843874,-0.283809093881408,0.4361728077066022,-1.597437859835973,-1.0511478572718078,-0.11480764758552268,0.33631251685192387,-0.7000637839952515,0.30101561267963806,-0.46604068397051196,-1.4153217540562393,-1.0850803436908192,0.5033255743795034,-1.1543867462656638,-1.3719769197811775,-1.1490685454812468,-0.9979567965053344,0.2675800772061948,-0.6929959797111972,-0.6113983808167285,-0.16801047785216203,-1.1440959416024976,0.7095276317457011,0.1738218641896363,1.19850885294026,0.8791444884773053,-0.6336901922819304,0.7398349579972144,-1.3037824395752668,1.4151877639886343,-0.5282873945725474,-0.7987125211711075,-0.433065463254727,-0.5124613896612219,0.5957460229037349,-0.29109921658995025,0.40657927542486955,1.9696782123738854,0.9926785689273825,0.6479507372827376,-0.799849445321383,1.3988784024616994,1.4954956861947715,-0.07898126036756369,0.5178294372356087,0.24459134781000097,1.1123991990572386,-1.2431995385355499,-0.32457049809255656,0.5458151956542856,0.35696502051997264,0.3478686527651534,0.7614679388785155,-0.4531133718896794,-0.049879430300581125,0.8265716376238733
-1.0376585717680347,-0.5854420562800923,-1.04500346136466,0.6235818432525027,-0.552487028865482,-1.3867182767229975,-0.4604432473837354,-0.40504788303013384,-1.4112200912911228,-1.129789747774144,-0.9667847432455002,-0.4821548055121099,0.05502218035377453,-0.05997962573587938,-0.8937538919788424,0.40317201182727735,-0.31948857462947017,0.9239639417696708,0.4838629678445471,-1.010657357682119,-0.22600661898756225,-0.042314909608423996,-1.5069685982037397,-0.5541961192566531,-1.3376793330267396,-0.12262943987592635,-1.5663550084802385,-0.1640347507770357,-0.9372120565399252,-0.45410079955425936,-0.3551034167536982,-0.8872687877788685,0.5137546198007745,1.9318709761725823,0.21717479234437104,-1.0666512769407819,1.0949529718180242,-1.0951034535127855,-0.5526465438498549,-0.8320284313414625,0.13159578934637872,-0.42308029390759666,0.8181654046941436,-0.39140173585572,0.2395913723973247,-0.6949174423248125,-0.15683348491961016,-1.8263977063162384,-1.049226062687213,-0.39981835518306724,0.7213820199935352,-0.21710504653013246,0.4385259732672714,-0.17448126509688786,-1.2855001797086443,-0.9856633856617548,0.7379416144544383,-1.0797992828464462,-1.0628948978144463,-0.9933679376785669,-0.9055218666688933,0.18067775777982967,-0.7735029291868631,-0.8228088615134292,-0.08923258224106574,-1.0228831439861352,1.1015286890721598,-0.004482283384824288,0.7933555019270102,0.9349102639069868,-0.26552715821802675,0.8685336404128671,-1.2444635879906252,1.6477456210030745,-0.390446527077434,-0.40290390345938576,-0.0584933375009957,-0.1026044803022959,0.4984832726047287,-0.3467401786038953,0.3148965304484427,1.5389226286895274,0.5663436780344754,0.6036909639726266,-0.6845046192445827,1.0499991461920586,1.3304495574373916,0.0006273584624472909,0.45934164394708865,-0.1452160606199671,0.8673569433348757,-1.1723912518150346,-0.45506762979406973,0.5989573774046135,0.7523551404426619,0.15014039184457212,0.584669477835921,-0.48720403204968377,0.11258383271486423,0.6691488579462552
-0.5493871034580143,-0.2540313593509704,-0.584806819734041,0.8406301871653529,-0.20113553406677398,-1.1995592734128246,-0.21684642017802766,-0.05719305443673219,-1.2185095075808057,-0.9365882828297001,-0.7874558945185692,-0.33088262167724225,-0.013123384793561734,-0.0011205000227237805,-0.6874956761878517,0.2241542371019357,-0.29218704588590366,1.101847833258482,0.48956266336099213,-0.8450104336113963,0.270131775326226,-0.0671938230767562,-1.0700277601804449,-0.24782871118765007,-1.0913309014080501,0.2938598396636027,-1.4142272970664036,0.2676472059652181,-0.6473829180483595,-0.09152227728604845,-0.4458717378937019,-0.8978859688769469,0.0008228941475302968,1.58456077478546,-0.11901460764103268,-0.870832375392528,0.8527942809160675,-1.1467400808780446,-1.0060854215562227,-1.0843321449770678,-0.25180521035307557,-0.3471951260498737,0.4329591658903323,-0.43840093679615044,-0.15062427506524922,-0.9280297139297083,-0.6261739690896243,-1.8253109128038725,-0.8675513950060617,-0.5736071856209409,1.053593638011117,0.3090200644708129,0.514459275743355,0.15243214282436013,-1.004861559139794,-0.7493335141923382,0.9463451455580165,-0.7978654827347863,-0.686519680778126,-0.7319603831465856,-0.7353315279077794,0.08823761633966998,-0.7518604307612975,-0.9242454572952994,0.03123887661955734,-0.7905248347116125,1.427740455982255,-0.17206146846028572,0.30313190744198415,1.0004530256004094,0.1817018017219025,0.9652637810356117,-1.0080947685451784,1.8221259714634788,-0.2424213024421381,0.05996802259272321,0.36311946290838104,0.3521117972164116,0.3891438155355831,-0.34169994140294235,0.17234824360142062,1.017730399761419,0.10562413515727262,0.5124022870073246,-0.4638972428726332,0.6408561794073008,1.018444481689055,0.09101350406700888,0.4698089559559202,-0.5119270300379013,0.5993515403613289,-0.9665559915148665,-0.485958671812841,0.6171751319349028,1.134530528898009,-0.02586736851145392,0.4477834684023821,-0.4702357574637951,0.3768804216003604,0.5063424222078469
0.029227912754090164,0.10337419693462639,0.0006675773345992107,0.9549708199271181,0.16100653528606168,-0.8379623404860369,0.06435591038797608,0.352410528965896,-0.8195322000139923,-0.6850940059810192,-0.5660800397148886,-0.14540426425240116,-0.010895219844527399,0.11085968983277757,-0.39664272363974806,0.07361660893238939,-0.18922101713404416,1.329595130457946,0.4772967165124994,-0.48859005371070985,0.7722742159713657,0.0363069348428624,-0.40788810893089017,0.09744190613875449,-0.7172441644314598,0.7556697655071564,-1.0799101386630463,0.7044557868989549,-0.1922098617687659,0.3554862075879935,-0.46304064223031655,-0.867111021508837,-0.46646081861112204,1.1883812258858144,-0.367817816081592,-0.5014378790023956,0.5092250091361703,-1.060246219975916,-1.328253576562053,-1.1549741355040763,-0.5036840158115978,-0.17643745329390442,0.11065650364279851,-0.4041973915444852,-0.4593567337575836,-0.9647479205863237,-0.9335406153478687,-1.59828725606182,-0.5034109296036231,-0.6352723930628792,1.304597583495148,0.8197753753429151,0.5085117704192181,0.4855907107433654,-0.59337913245478,-0.38165911188666485,1.1099846947759118,-0.32856600627868876,-0.2889203237070706,-0.3794155816735484,-0.4870403310487162,0.036408359465576134,-0.6054110087321162,-0.8898817492280061,0.1855253543590612,-0.4610396460382441,1.6584638910074498,-0.2901337399882165,-0.21608889773177878,1.0735240740800411,0.6720708959796693,1.0211825030783297,-0.6000189133975579,1.9062182799257215,-0.08227330000257732,0.5448251121625689,0.7854790704167653,0.8053475925509469,0.26581152265094377,-0.2563357235853243,-0.03345072732748165,0.44947929647430945,-0.3736516263023936,0.3442667122279622,-0.20874071139574615,0.19152468850587107,0.5577673506482589,0.16841372011246,0.5242890994899722,-0.8392345211944008,0.3397076343347808,-0.6266830420940604,-0.4284723748094995,0.5728351976796753,1.445999788746852,-0.1633256386477819,0.3456395298433213,-0.4149664442588754,0.735196806472311,0.3278737632747183
0.6453807829586236,0.4564014479213088,0.663295145648379,0.969114680797416,0.5002872937426035,-0.32816579448752825,0.3599363581252526,0.7860411323577294,-0.25115982207405235,-0.38439398354594423,-0.3089648441125448,0.07914045564091432,0.0932765219850484,0.2699798447838505,-0.04945887339555946,-0.029553458932256558,0.006966659852573849,1.575322286097228,0.46195054823733683,0.011300561064263737,1.2445867125259547,0.26307840144628347,0.40157638988203476,0.4596416607267019,-0.2458186148512515,1.2111501463865333,-0.6394324004299767,1.0946248091896051,0.37499427635019744,0.8388174864156213,-0.4224216513059521,-0.7763597478495687,-0.8484673713247273,0.76872344176126,-0.5488515813427468,-0.021686880466702585,0.0710176266313804,-0.8457176502403543,-1.5011780191430555,-1.038153026903858,-0.6226347451911745,0.05190590920710931,-0.12371131914817615,-0.30233181069786413,-0.6912732640572149,-0.8274033461512318,-1.075109597825165,-1.1858335604208308,0.018101096256495672,-0.6037650553310564,1.4681211575676119,1.26551949269693,0.4240030011809109,0.7959815093415467,-0.0900115847146615,0.09537587291154022,1.2162009737679882,0.27685734290660735,0.08822501847817056,0.03363709153739698,-0.17023948950790388,0.0634180787690451,-0.3306662207339097,-0.7160518947407101,0.35776577043577473,-0.06323026968950736,1.785870396284489,-0.32747675791853714,-0.7011952606613582,1.1463312628090414,1.1642254491012933,1.0331400080970339,-0.05479513425121481,1.8837316569522868,0.0930353898411919,1.0028940531651351,1.165495800183016,1.2097933262619038,0.1290380712625434,-0.07980980357098354,-0.2938002285798526,-0.1156924356107012,-0.8554683736259335,0.08423870123107335,0.00039007091453345137,-0.2723789536812066,-0.02285445215179511,0.20999238147901622,0.5911065290928618,-1.1123382245373337,0.11389555605061813,-0.1733911625605116,-0.31350536115439775,0.4462574511595991,1.6437029797330414,-0.25583241516360267,0.2584590935346961,-0.33907695758964346,1.1647597925773876,0.126386660479913
1.2428663546285612,0.7772649594331057,1.3445134781819252,0.9045242508917912,0.7883617383101439,0.27896981386083525,0.645922347553699,1.1977935908128763,0.41969174581538005,-0.04480065710615993,-0.025251128782146443,0.3419850763915738,0.3076948994484476,0.45841313527881644,0.31675521020217684,-0.07232424357250435,0.30151436263283427,1.7981538536870596,0.46021384053277054,0.5867663190513525,1.6557024750631684,0.5847143319375843,1.2521489895205205,0.8168513959207861,0.280397196951481,1.606063045668373,-0.18921408172540752,1.3943997692207242,0.9797109406041483,1.2973422558469268,-0.34498824299305647,-0.6090201032804962,-1.1259537741417776,0.35395935622753366,-0.6931887248782067,0.4889308497828205,-0.43155063922664716,-0.5416719365257038,-1.5384084064991863,-0.7661646039036745,-0.6331178026930949,0.29065982025769954,-0.264457605456839,-0.16021712165580498,-0.8668884023520251,-0.5741381642775655,-1.0799583189304418,-0.6586227592300784,0.6466311270942738,-0.5120470657280127,1.5571922158157476,1.6117223845349853,0.28663334054027273,1.058945896015862,0.4510521560937032,0.6433562077426465,1.2573598468771896,0.941551553548097,0.4175224495060979,0.46487982702147607,0.1956877826710007,0.18919751682095265,0.053257921242622054,-0.42386675868297924,0.5244928234116084,0.36234957550833613,1.8211624474301684,-0.26921606326836733,-1.094262954984125,1.2049127315919113,1.6145471970114251,1.0056249844721576,0.5667140057467286,1.759207680902432,0.2846898034339897,1.3905182269326894,1.4708895362321324,1.5243915477876662,-0.017128709111115095,0.18671785902424506,-0.5793286521233946,-0.6271828191413408,-1.320893905433523,-0.25996540717624844,0.09241916549507266,-0.720114214939193,-0.6628376235882152,0.19999935150939532,0.6402071152810139,-1.3194007441450948,-0.06158582757896552,0.35602633366443226,-0.18189694767909792,0.23240372640867138,1.707518038912336,-0.3074843010548253,0.15824756885387264,-0.26372891088832107,1.6287842592438149,-0.09749167750705208
1.7672009440743959,1.0433657307065927,1.9809023627455642,0.7959323752375445,1.004636840630718,0.9137205971573836,0.8968772021216159,1.537899891301125,1.104993644606775,0.3230883226912318,0.27226546357265935,0.634359863987089,0.6126892258490725,0.6466926981805334,0.6602475813797298,-0.051311157065709614,0.6806720519255249,1.9542165986404698,0.4831438771263561,1.1598922687763307,1.9781406246597137,0.9541721309132298,2.02691768710828,1.1465114315918976,0.813394363512339,1.8922511115091547,0.17337073008030726,1.575146210164712,1.5387791691059938,1.6674585371608661,-0.2512290834761045,-0.35675282848449347,-1.301363437728894,-0.02834134974641003,-0.8321317455141871,0.9498125155007742,-0.945832184441948,-0.20813140664575694,-1.4796581787525307,-0.4039291202828715,-0.5797348686352156,0.4927680550216288,-0.3249297030229208,-0.013563615331961138,-1.0141707349741618,-0.2859903057718408,-1.0008819966714724,-0.10570649618094508,1.3130786782855477,-0.3992509260458935,1.5962879498938134,1.840950702910738,0.13694505378283572,1.2569027268939512,0.9670590895007782,1.2095491739761541,1.229335533290564,1.5737499719962176,0.6911212962788806,0.866980139078446,0.5831450229781384,0.4088213316899273,0.5053059444603312,-0.057353063369248024,0.656647049286096,0.7683042993158893,1.7866825863920555,-0.12230638549811301,-1.3544362453069405,1.2299300839399843,1.980118030208142,0.9510337205545764,1.1858215251162312,1.5576623862768482,0.4890346214099824,1.6766043385358735,1.6842941657980857,1.7203625627291041,-0.16563242300284076,0.5282130631009512,-0.8466666334669518,-1.041502439241773,-1.7467713720825588,-0.6555116852006487,0.022946539237880027,-1.1176859389024028,-1.276548470674585,0.13415626746703702,0.6496331857680012,-1.4538079446586782,-0.18076177361101803,0.9132398873706665,-0.07266997182406006,-0.05581018063103789,1.643250356074763,-0.33073614550715813,0.01739385992567808,-0.21145533172471537,2.079419305153239,-0.33302833818462935
2.17027283827385,1.2385047205646196,2.5104183871762857,0.6821807482339143,1.1372507398787035,1.4968642265421508,1.0859667388922196,1.7589743625361138,1.7090075492114294,0.7081379063789923,0.5665176155677498,0.9383427521831137,0.9622122520374725,0.7968547842809547,0.9399320652368028,0.024683840476625425,1.1083096761779547,2.0033924940080117,0.529838815296613,1.6539838007361034,2.187414683272045,1.3134521621409927,2.618540236248753,1.4245530345134356,1.3064816655490443,2.035682766998656,0.369972740754302,1.62719110236005,1.9745016185286497,1.895119756575634,-0.15703299776282284,-0.02440292045889182,-1.3944690190497566,-0.3557937763142839,-0.9863463638337957,1.2934570790885829,-1.4043089446558272,0.08619225951630244,-1.378999152261358,-0.035704719081916275,-0.5171542332906924,0.6208837688166775,-0.3324450775464196,0.10096869342330482,-1.1590641991709727,-0.04871270490775882,-0.8999038265844116,0.3807592323277434,1.9388717357172036,-0.3023998836588555,1.6110335523662425,1.9506627242210364,0.018419412190485603,1.379904824448667,1.395310998841589,1.7313890353599057,1.130212073418466,2.081009577152599,0.9198070906778588,1.19516304408771,0.9590958404969001,0.6915459900220884,0.9675885865794283,0.32309989024409297,0.7234921478105627,1.1065701237146768,1.7058961043626368,0.08414116195120083,-1.4663654941832165,1.1991774684602534,2.221822856397716,0.8874035354663613,1.7187711066572477,1.318862765474899,0.6955316398483127,1.8469185060657007,1.8032025609330216,1.7847278123021932,-0.3080229257459052,0.9160514974535344,-1.0493715724589487,-1.3293643390189427,-2.106689041917595,-1.048891678925229,-0.21494682564046028,-1.4311721719754027,-1.767640017641447,0.020956622696951754,0.6087998094562265,-1.5159836946090122,-0.24771285240021226,1.4461259358540661,-0.012263843488891027,-0.3884311210698109,1.4796405181021386,-0.3426765971063835,-0.182590399217203,-0.20292389049193355,2.462597421158118,-0.5607010263347318
2.414630467559995,1.35261017440913,2.878828376561567,0.5955881578115778,1.1826124976836438,1.9512085755567097,1.186744224041874,1.8234789406878857,2.143921422390969,1.0973876516456949,0.8363906074789793,1.2275252983279792,1.291778153609907,0.8686331402463854,1.120492085527141,0.13430778958120965,1.52735663592462,1.9159934120659168,0.5847223718275056,2.0039251633609827,2.2624019783809426,1.6026550757368403,2.948103936931085,1.6255189618366468,1.7199987508385337,2.022100803225717,0.3573681519829143,1.559553706703607,2.2275634739214345,1.9466031271835273,-0.07188765937883043,0.36805286325872827,-1.4336436380891109,-0.615118610456651,-1.1585725551751729,1.4758972462955204,-1.7372973325330083,0.2797465936512345,-1.2896816100304003,0.2531092743622333,-0.4975609633363752,0.6542425066879043,-0.31989172600701116,0.1532210249609956,-1.3173054119567076,0.0665508436173171,-0.8322046513329469,0.721525913612964,2.446540774751868,-0.24925176338239247,1.6185532204017934,1.9480716179751678,-0.03553209816127649,1.4241853094124097,1.6823581470516904,2.143264801537192,0.9599035128523827,2.385612118424034,1.1263619041048103,1.4141625818284806,1.2887201153298269,0.9859066266868429,1.3743026583708675,0.6512537238236111,0.6981607615481465,1.3350567690704396,1.594736629944256,0.304197805933561,-1.4429168729659234,1.0916641294462306,2.307965122961774,0.8335892435930108,2.0914031766744703,1.0877761315601164,0.8864970282298704,1.9043710930227238,1.8363363259157177,1.7206640913184474,-0.436489368639541,1.3108642028969226,-1.1499077772684012,-1.4804112815798565,-2.3742305977755724,-1.3764487115059056,-0.5887736963575669,-1.631068392412018,-2.048217115912054,-0.1205947360441732,0.5183564225704858,-1.5135313573194598,-0.27414771405292243,1.906399081931369,-0.0074237023190916835,-0.7233437900093982,1.260430979457735,-0.3607143669265063,-0.4443260519121839,-0.2526030212803088,2.72442545158011,-0.7564468475971526
2.4772772160646497,1.380391071022573,3.045860256416708,0.5524795846135521,1.1438778229104296,2.2134651562561145,1.1768581574801869,1.7110866324795055,2.3448753787777195,1.474424114865693,1.0582689426829524,1.4697652191395625,1.5312410386917672,0.8278534461115987,1.1769558534693583,0.2460023939495845,1.8670670823870212,1.6784303228148358,0.6198271859428737,2.1644257901111414,2.187828155834065,1.7688740119512703,2.9787779087193234,1.7245059895651849,2.025374965622853,1.8589913568197953,0.136158276334677,1.3957742745102526,2.266285818357461,1.815487136968954,0.000578241728388239,0.78711195189611,-1.4455098941454336,-0.8045226938917256,-1.3320046060396789,1.4816484914563453,-1.8881192762179337,0.3331490757960418,-1.2495883259074498,0.39486671787992117,-0.5582855400081128,0.5913045304481089,-0.3163489446240325,0.1254015516930103,-1.4894786406359886,0.019254639623490392,-0.8325703895434544,0.8641255370384586,2.7701790528999224,-0.2535871199599974,1.6211172920891421,1.8441244019550087,-0.012049744314900246,1.3895675935993326,1.7922552533026224,2.3851531770923575,0.720941112363391,2.438320079936205,1.3353717836326529,1.5032533785375481,1.5395783813472579,1.2298843442140017,1.662927145522787,0.867695314321514,0.5638691676433909,1.4238092650069614,1.457070707249174,0.48507049604244945,-1.3213602529359558,0.892631157091181,2.218439505288878,0.8029690798938637,2.252795855674386,0.9037382013104299,1.0390054113458809,1.86551149542878,1.7979608371915625,1.5448525572851624,-0.5456425756022536,1.6676661758120084,-1.1293205586943593,-1.5042251931494528,-2.5276367305212286,-1.5785230031154145,-1.033838296526093,-1.6968622332866201,-2.0586283271182237,-0.26623189312188034,0.38742131912109223,-1.4591827569532347,-0.27569489023253735,2.2563525884962115,-0.043459707788796834,-1.0139787642454237,1.0336215648925506,-0.3987398132558198,-0.7515426522952805,-0.3641006158410863,2.818514666792723,-0.897568100664024
2.3525160618280028,1.3197105864102505,2.9905201738854905,0.5474736554073486,1.0289570266037407,2.2445815707547347,1.0430192906872486,1.4243036468360974,2.281507737551624,1.8183829800477178,1.2089742086037887,1.6318289781289976,1.6196986903109922,0.6552597899689594,1.0982286866297246,0.3229855594421237,2.0554750730050904,1.2969325263512612,0.6018533812542771,2.115307520322174,1.958577045678667,1.7737283571629967,2.7214838718406273,1.7010556278642428,2.207327332729208,1.573425720319229,-0.24969220677555973,1.1670807473450284,2.0905559611190396,1.5241681907812676,0.0603466458520227,1.190451564302246,-1.4463005829308917,-0.9337091197228008,-1.4747076346559127,1.3229093349160355,-1.827028531139173,0.23946122908145942,-1.271177503123517,0.3548064820623091,-0.712456579017652,0.4478106644587606,-0.33933907194304275,0.015145207822590498,-1.6603339955919276,-0.19158889113797348,-0.907698412047149,0.7921250569457985,2.864574442387256,-0.31375493344335204,1.6046288764681031,1.648754588455658,0.07619439401183258,1.2769627620668453,1.7124813314196325,2.4121532308596256,0.42015818656892295,2.2278141893457453,1.5626615814041172,1.4585436445908389,1.6858287589601273,1.3639545768288766,1.785553728562958,0.9320264091733093,0.3193155647763137,1.3596895976631163,1.285393540863138,0.5793452307253948,-1.1538922777556724,0.5984721370041025,1.948974437217637,0.7976498964206199,2.1850148054660665,0.791095703949698,1.1287684729631333,1.7543886304324248,1.7020750757295189,1.2827450797010786,-0.6336319849482325,1.9423701202520605,-0.9920692576654634,-1.4272461446925262,-2.554459488287701,-1.6136845868770548,-1.4675891514411679,-1.6209305319843672,-1.7831091686475442,-0.3931748709234931,0.22955752403032875,-1.3670683209993393,-0.2680102938035136,2.4735027430105476,-0.08830064895837668,-1.2182553210322948,0.8404826930960575,-0.4645632563725491,-1.070695592825884,-0.5265600659179359,2.71340763278438,-0.9686406787841053
2.0532615363892197,1.170572074608687,2.714915891136566,0.553381670359387,0.8486614769659865,2.036819967999714,0.785883119845358,0.9908519064904453,1.9637162836688744,2.1044468367162437,1.2696647041517009,1.6852332747785947,1.5192337514739374,0.3535069825583978,0.8890958224196238,0.3301441117047708,2.0348227970900807,0.7985115287543528,0.5022328202204918,1.863383918844323,1.5844767762918381,1.5987424851204628,2.231444118920719,1.5442855929792325,2.2641499787717057,1.2062965371063747,-0.7221491362802283,0.9048282294918369,1.729981115630905,1.1195376800541048,0.10814894415730628,1.5335801466453265,-1.4376889274960274,-1.0211968839844574,-1.5487274004687939,1.0340415737915416,-1.5601665789944157,0.026870050157698916,-1.3385673862154503,0.13882640080534886,-0.9450153949110897,0.25111043667521743,-0.3908473263657788,-0.16465573430600045,-1.802294268512527,-0.5274727033217514,-1.0360840201953365,0.5280912628264955,2.712001519817884,-0.4145582031345016,1.5421795903021616,1.368981372125384,0.19303357310209787,1.087047676456786,1.4564277307300009,2.2034545751349763,0.07062492476534138,1.7838295401170783,1.8075602120121772,1.292329411305247,1.711964054579043,1.3441683303013974,1.718082002824188,0.831686296280965,-0.018297914859349704,1.1487163772114415,1.0660252769470073,0.5565811120606561,-0.9947162722055936,0.2203506265607591,1.5144675067828222,0.8053518081809149,1.906801631400919,0.7535083861142349,1.1352684718920625,1.5955242392183724,1.558235271681823,0.9631311097752241,-0.7024227609322217,2.0984741111329654,-0.7649987682226528,-1.2863465367945603,-2.454773279268727,-1.4694483181180087,-1.8075851994996424,-1.410984407302836,-1.2571060308782378,-0.48637582925927886,0.05889757544707196,-1.248675729327846,-0.26379354490886886,2.5522993605605793,-0.10141047952884345,-1.3069945511294287,0.7066926820870812,-0.5589354887955229,-1.3570932674535994,-0.7136469782203368,2.3990241849837566,-0.9658131671940866
1.6104046885290804,0.9353920453744008,2.24583265008364,0.5272938589092803,0.6154260930725219,1.6162332297435593,0.4232548409410076,0.4618822740543461,1.4403719439034812,2.3062661247647482,1.2298728642013614,1.6122058649759445,1.2243942376842367,-0.04980282794353724,0.5703122059086213,0.2416114740825466,1.7765339532812925,0.228717489886203,0.30739074001713745,1.4408795078164187,1.0936578330343782,1.2481221986680173,1.5963818229297528,1.2578731489529424,2.2061718160058557,0.8043199660366308,-1.185054798338662,0.6342893201920182,1.2370626856809779,0.6638124622977756,0.14321018376185113,1.7770640611139907,-1.4082742974765852,-1.0893048044678086,-1.5213032613158521,0.6631946771989229,-1.1308599534248354,-0.24719908712005786,-1.412510273115475,-0.20795082973530726,-1.215282948411852,0.032566650473390156,-0.4581565708253543,-0.38886851574602505,-1.8820911394336282,-0.9193444810771559,-1.1751994102522236,0.12966292797797024,2.3258241206827854,-0.5317886914839076,1.4017449472476016,1.0103754020728655,0.28755116989502016,0.8207321140279866,1.0618307954122725,1.768871987689996,-0.30695460948162856,1.1731085716153398,2.050322916335965,1.0299276212892297,1.6154992983092091,1.1524103039052473,1.4653788130438299,0.5851108197275356,-0.4137474435346205,0.815553002693002,0.7867058436274749,0.4114412357719154,-0.8867300098491155,-0.21459012665290958,0.9502202665181281,0.8005412019249154,1.470220406877572,0.7730328400892431,1.0470487244613198,1.4079059108372989,1.3701210757651379,0.6134381037800437,-0.7571949068363143,2.112755565673786,-0.49112694110388827,-1.120703568049554,-2.24199328196799,-1.1667401117737652,-1.988944386845191,-1.0905853282237976,-0.5638580956641198,-0.5423507962829914,-0.11255824193354,-1.1101670257390328,-0.2713852061679947,2.502735828251567,-0.04547945824814454,-1.2700934480620696,0.637303613335484,-0.6759740192689428,-1.5643494832304137,-0.8862402584873724,1.8908947806245175,-0.89831350289753
1.070142105168225,0.6207502918354455,1.633331627298468,0.4219101566399442,0.3427881186463216,1.0397644114911104,-0.009695548697073671,-0.09408673250059608,0.7910480431032949,2.400105164749612,1.0906843324651625,1.4104997476032446,0.7651999502612651,-0.5043696695534653,0.17658396624837075,0.04755766313556086,1.2918315531725229,-0.353723301728371,0.0261268395868734,0.9007266266796907,0.5327236490767048,0.748752718318972,0.9189445538746314,0.8632077443877892,2.052709262554231,0.41165946962916317,-1.543328750844305,0.3713915651714987,0.6771428432496914,0.22258668496758577,0.1625222736259583,1.8930829772921358,-1.3399127370529726,-1.1578297200074794,-1.3750668927757228,0.26317717514202815,-0.6124409858473543,-0.5092975386876073,-1.4419195900041182,-0.61147295835193,-1.4657247226926795,-0.1797773672206598,-0.5191219270082161,-0.6250894739205786,-1.8688356168085114,-1.2832883978465628,-1.2738259325209709,-0.3206971727529227,1.7502245640753649,-0.6381606600740688,1.1562539224739392,0.5812390158856104,0.3075111684266022,0.48140290532635144,0.5851642000090408,1.151042326376721,-0.6840751317886894,0.48860433387018776,2.2555497591118097,0.7048853711966934,1.4080757452243489,0.8015741364815206,1.061262495935558,0.23824610078831465,-0.8181219993423252,0.40012509672581076,0.4439675171720261,0.16630035854330152,-0.8510472781074204,-0.6651277464715205,0.3100716832313786,0.7501249747427139,0.9507402865390657,0.8139620100428566,0.8658808836722364,1.2016009693601823,1.1370381845874258,0.25683043794707217,-0.8049417633152529,1.9790607451533582,-0.22025426987696037,-0.9640105414751446,-1.9411126006658554,-0.7569177450469663,-1.9775644595824546,-0.6975634005231914,0.17966844573836846,-0.5693730345553728,-0.2760218784192416,-0.9523249560974135,-0.2949978111633392,2.34646226900962,0.10194109130972924,-1.1190668731148308,0.6163508669386518,-0.8045807446896942,-1.6551592949629577,-0.9990583143196777,1.2310001500236032,-0.7867066468018654
0.4894518212409774,0.2401535638581146,0.9458949300938709,0.19970860830168286,0.045526536946998,0.3870065964359427,-0.46379304192224674,-0.6007458729314358,0.11220259422328656,2.369888070286557,0.8661391194929821,1.095864700116296,0.20284836358288505,-0.9448162013036746,-0.24749764161967103,-0.24127840892768163,0.6346473850638007,-0.8847103211425306,-0.3083641883883294,0.309425896578494,-0.03724411747494549,0.14742216546604667,0.2971715748629688,0.3992559418723997,1.8281489003708342,0.06299138673841378,-1.721588159088132,0.12299377993266064,0.11731820323425858,-0.1473135540607234,0.16191899309841398,1.8702990808207474,-1.2164169185291862,-1.2379560362334445,-1.1144214303602287,-0.11663737856498556,-0.09397518725097767,-0.6873112513919907,-1.3788841521599653,-0.9854427749041752,-1.6350102018203276,-0.366398800788585,-0.5501940775313471,-0.8395214288406391,-1.7416560570886803,-1.5393301410706237,-1.2861879709878707,-0.7305514855149527,1.0556523599019656,-0.7092148759596311,0.7937468622415621,0.09787733049919016,0.21422819219198988,0.07832177132859303,0.09274768004264292,0.42189690778942723,-1.0259183638935436,-0.16631559274008678,2.38073527510816,0.3536830950255447,1.1145936032437722,0.33446093543208366,0.5631644809145372,-0.14489471102008156,-1.176462508647027,-0.04814615941743439,0.04801670126335982,-0.1325081710251343,-0.8820253101124904,-1.0810350786736531,-0.3389863048396377,0.6225165914876155,0.4326646850189895,0.8304650406022307,0.6086108640204954,0.977843128753371,0.8576410617651593,-0.08852357984070561,-0.8525323457950682,1.709574378749395,0.0010261816836444524,-0.8388467772620825,-1.584896042767234,-0.3119497824456376,-1.7765799111849099,-0.2803900334985724,0.8447568702849039,-0.5839360745193649,-0.425501619675331,-0.7733859586599404,-0.3360802639920247,2.11156823388871,0.3398578274995632,-0.8852277215558442,0.6109938097302884,-0.9304611278774982,-1.6109715229378014,-1.010290051466714,0.4843952240741615,-0.6583000622308283
-0.06996800051152992,-0.1832985516175548,0.2621781751320278,-0.15355083951104626,-0.2598847381110468,-0.2523434181535475,-0.8824546734321218,-0.9856147679781498,-0.4995975508440018,2.2118796202649738,0.5822425152086621,0.7013321709476571,-0.3811041324153458,-1.302383603368042,-0.6532031328199407,-0.5925701306895969,-0.1049073169574691,-1.303861425997256,-0.6429478231078742,-0.2615968441456301,-0.5486785442807445,-0.4945793299211188,-0.19280183672935114,-0.081588948192465,1.5579531561204563,-0.2206910682277606,-1.6786321663557044,-0.10991617940394512,-0.38358379841099005,-0.4076947655763631,0.13847169636336482,1.7162462537748306,-1.0314459235358657,-1.3281053706309098,-0.7663705923243747,-0.4362518887937676,0.337836173544133,-0.7276466438232987,-1.193161227292164,-1.2503933078905627,-1.6723533851771994,-0.5183698322742545,-0.5347226098816992,-1.0027683376583516,-1.495297884024836,-1.629127576881124,-1.1842466920791546,-1.014269470662986,0.33007041455776936,-0.7279614605608288,0.32511460398193426,-0.4111927982648229,-0.004874713488566999,-0.36997246300669273,-0.34997753064918763,-0.32688151676119404,-1.2945878686492012,-0.6958369629211184,2.387610378120556,0.010957968102814273,0.7702684709287421,-0.18345845901148894,0.042368991635624555,-0.49543198583856496,-1.4373477315477499,-0.4775878016396121,-0.3761995770728996,-0.4241576883242895,-0.9492056300063022,-1.4106665581139306,-0.9253133074642216,0.3976465724548884,-0.007087994611073653,0.7764642183735946,0.305895265490762,0.7323991899097224,0.5344993879993368,-0.40845112885794205,-0.9047176735220205,1.3332440709807118,0.13759548468605912,-0.7542787208308493,-1.2090154839647305,0.09001324910906813,-1.4250624074012512,0.1072979038415875,1.316063042865355,-0.6046140032859972,-0.556455915302861,-0.5737560565808846,-0.3949999614256946,1.8273566064653486,0.6407843907715794,-0.6137357702351348,0.5792388137076128,-1.0384589293593933,-1.4381797138310235,-0.8921352260319251,-0.26850813377075744,-0.5408405610453543
-0.548889488644914,-0.6158283400502883,-0.33980485276342304,-0.6198499652740279,-0.5550242665545557,-0.7932999094929656,-1.2103753855754251,-1.1917944888377106,-0.9641593616016653,1.9376487735841186,0.27348720171152213,0.27309299142630894,-0.8998404640159555,-1.518254283801774,-0.9943824863105994,-0.9557061447476966,-0.81586138495938,-1.5635079718302596,-0.9148062017814237,-0.7450909896503934,-0.9382010665190056,-1.1090928398658595,-0.5082342317595917,-0.521336328962665,1.2652822401819366,-0.43303010355074545,-1.4150839662841794,-0.32767149323529143,-0.7823817439780044,-0.5446892946229314,0.09317896266643837,1.4566978558496357,-0.7928863970710958,-1.4131323424356868,-0.3755895943385392,-0.6684552244863008,0.6163090642322504,-0.6079384474979522,-0.8822367868384927,-1.3506317029297061,-1.549777818884849,-0.6363627363799931,-0.46906544421369767,-1.0946285066417607,-1.1426315737284556,-1.5285996850687207,-0.9651544364965886,-1.1085455707963032,-0.3332105692713381,-0.687474158901379,-0.21291180174372268,-0.9041691889056089,-0.3294471458515974,-0.8337216892534208,-0.689089626070028,-0.9982347519976266,-1.453868597577456,-1.0284248634830186,2.253123151055015,-0.29406067698036364,0.4159097894421906,-0.6759394531493615,-0.42834024640300644,-0.7534739735587895,-1.5624999411014373,-0.8418043874032862,-0.7919420263774303,-0.6464153476398856,-1.0058279919448756,-1.6097683703071244,-1.38302373584187,0.07498185969758073,-0.3133636020986259,0.6158654538020008,-0.0022492116366521382,0.460986737773915,0.1778881174636966,-0.6910662674042961,-0.962655713177193,0.8914081180937798,0.1708633486992738,-0.7067716771350111,-0.8471887143060908,0.3803881621457852,-0.9895310405066733,0.41365868871299283,1.5143018448207342,-0.6453081772806136,-0.6642940984146134,-0.3606587990025594,-0.47220630635766514,1.5201902182587541,0.9544889075595857,-0.3547503993975052,0.4796529269871974,-1.1149196296243185,-1.1690132068188548,-0.6394013523412322,-0.9431733723673428,-0.45607570627914573
-0.8982601213128865,-1.0147932906313015,-0.7944295233908766,-1.1476433443929013,-0.8199875184888252,-1.1698901119775824,-1.4026759026059468,-1.1878448971312272,-1.2306102936935295,1.574302252589755,-0.022558104312431302,-0.13644924206071157,-1.2774217277546103,-1.5554495924339755,-1.2341046507077091,-1.2694881196475416,-1.3873766842605624,-1.6362092764907155,-1.0651348513654193,-1.0864901214080953,-1.1578197345525334,-1.630158184910831,-0.6433734308457126,-0.8664653906694425,0.9686626653523025,-0.580278170837333,-0.9727593408065155,-0.5278986466216002,-1.0553981551126002,-0.569255936419915,0.03278159647352469,1.1318594923530527,-0.522424041568246,-1.4674846054834694,0.004940297481363447,-0.799880602855243,0.7078779439718946,-0.3421189184669957,-0.474174992763436,-1.26515932355969,-1.2694588470406758,-0.727465153762645,-0.3647529230706902,-1.107022288738396,-0.7136956391276312,-1.2526829989970094,-0.652213383210621,-0.983572029824424,-0.849482905680761,-0.5911750582159454,-0.7611116083182972,-1.329356383857149,-0.7074022766772877,-1.2728366341892499,-0.8907186028728089,-1.506299714578669,-1.4750296861716707,-1.1289855794586678,1.97701340330457,-0.5396252778758279,0.09216265292509414,-1.0699933899442429,-0.7871771704340772,-0.8794503800525572,-1.5342911762831464,-1.1061789370207264,-1.1568834537046724,-0.7492477801321248,-1.0018070010761913,-1.6498541884724187,-1.662438409361075,-0.32294729907592223,-0.46213002250935026,0.3311860361642978,-0.27331449538149166,0.16484808353622846,-0.19258554393845057,-0.9254834033059421,-1.0233850223555747,0.43120950973016486,0.10013391182638877,-0.6836111716376763,-0.5271608686626067,0.5137153599272543,-0.5501665660614055,0.5964351679708879,1.4115214443967452,-0.7100369011196661,-0.7434430229073188,-0.1506090647940302,-0.568286972729796,1.2110242080174152,1.2181250439396711,-0.15364107172121985,0.28112299124156925,-1.149671067642457,-0.8563476452425213,-0.2733796996637122,-1.4638687164888697,-0.4147534255739193
-1.0864522704059452,-1.3339395631836042,-1.0589219967494692,-1.6597045439740465,-1.0348735951609982,-1.3459739870480822,-1.4328110850296476,-0.9740249583058205,-1.284294633959557,1.1616537490273458,-0.27142136670977507,-0.4770985567398252,-1.4624804130620597,-1.4064225611695038,-1.3499590127651844,-1.47330689933831,-1.730563455969781,-1.519612893866382,-1.0528808174888231,-1.2508443293611498,-1.184188668334879,-2.003260676625656,-0.6250336438771794,-1.0779921724835007,0.6808763850856895,-0.677119152930693,-0.4258959367677208,-0.703453069392585,-1.1986509909881258,-0.5124722576280584,-0.03018985153510253,0.7897944095538388,-0.25071049554851527,-1.461859043266806,0.3252788518319742,-0.8301808335035216,0.6177617051761517,0.023339408439811096,-0.022378133516884464,-1.010290266213171,-0.8644852869599802,-0.8010588635284315,-0.246140247934005,-1.0443684289391797,-0.251572058265738,-0.8511780404008055,-0.2893532377608927,-0.647636811581513,-1.1560355504211197,-0.4510274905777757,-1.2476876427553476,-1.63307547280373,-1.0645614008407143,-1.6413433675468405,-0.9457611037796748,-1.7915953998024408,-1.3429504896127544,-1.0039710227037568,1.5839280941049534,-0.7121168088636596,-0.16621597991242223,-1.3090464849335306,-0.993430675918404,-0.8604882322689089,-1.3593353219719173,-1.2521290176936593,-1.4311884502761003,-0.7056152636680356,-0.8978271474509192,-1.5244673372989803,-1.7384722493748597,-0.7527927922266618,-0.46275199414599955,-0.07118015448421705,-0.47011113222684936,-0.14546319838685726,-0.5492562443391114,-1.1016675386609882,-1.080328200468762,-0.002011813717551319,-0.05934613269193876,-0.6675504517178977,-0.2680035234610377,0.47612077399923414,-0.18456287121821965,0.6304943833449232,1.0358033406048341,-0.7908456605686742,-0.7874125956511799,0.03164371447519498,-0.6827687346303029,0.9147272048504778,1.3705945185330275,-0.04241557246035017,-0.029280663431696292,-1.1371221298849337,-0.5630306251718482,0.16068925186906213,-1.7757774546211784,-0.4142248094612383
-1.104731768452829,-1.5314540011290327,-1.1202622990694358,-2.068988582072617,-1.182224129486065,-1.3201987471133985,-1.2978144135094276,-0.5836832632978035,-1.1464496483992244,0.7467695616498475,-0.44717405813646255,-0.7089710832402081,-1.4366078274757497,-1.094464991581113,-1.3368593086145475,-1.5198392016467186,-1.7959280994093239,-1.237841469170359,-0.8650818322759741,-1.227306890340435,-1.0237800215158166,-2.193236333142009,-0.5019657937080734,-1.1391080013599109,0.40906308958755805,-0.7414670795925412,0.13396812756387613,-0.8428510236162291,-1.2248657191230645,-0.4166673261403093,-0.07945785219495188,0.4781311279921524,-0.00990219744430989,-1.3718324108900903,0.5489453852718951,-0.7698762951429262,0.38718832543859627,0.420906699106667,0.40643381407489726,-0.6338514768613325,-0.3929176981621988,-0.8649726064176929,-0.14426686541635989,-0.9211991705664565,0.19405734341098888,-0.3967353207462417,0.06926437772156434,-0.1443690894700795,-1.2223808213067373,-0.28422248074356976,-1.6031540011151502,-1.7706584975457662,-1.3210543700738548,-1.895010027406094,-0.8698115815770601,-1.8312719931849968,-1.0615878875495879,-0.6984017487971543,1.1195608771311567,-0.8055486459066022,-0.3349340317752539,-1.3624938132466702,-1.0330893367856089,-0.7107261738627256,-1.0671928753579552,-1.2783003872231107,-1.585804894669114,-0.5168653196397277,-0.6769283189598111,-1.251984560950171,-1.615082469996724,-1.1581136886416576,-0.3528501084990839,-0.5602962820218147,-0.5677469791817034,-0.44944716595709533,-0.8604395228225699,-1.2114539203824672,-1.1245434946629547,-0.37172789601164935,-0.2807552153552762,-0.6414089566392156,-0.07885441940517472,0.28703778440615646,0.04771583617118738,0.5136388743207694,0.46469672718648913,-0.8693488544594076,-0.7898971280058249,0.15772726843113724,-0.8120359258277996,0.6408642470913791,1.3677026755838453,-0.03418423182266799,-0.4419107848382117,-1.0761373383614885,-0.34778483110012914,0.6024013205410326,-1.853710943648066,-0.43914343997888855
-0.9695168019351579,-1.5790108107760783,-0.9968812448627414,-2.2988960666165132,-1.2499466628398606,-1.1240445760085747,-1.0199582963774805,-0.0793404958630446,-0.8671603302690795,0.3769397453512255,-0.5358440435169519,-0.8085857523289354,-1.2159504981456917,-0.6686512850052332,-1.20670060017608,-1.3865478652188614,-1.5824772129788325,-0.839030318529653,-0.5213020104766457,-1.0304994421351343,-0.7126818901393878,-2.1894295590432313,-0.3312079217491097,-1.0584793756233724,0.15587390328561146,-0.7894719948938662,0.6162697641932026,-0.9327904296231636,-1.158287383285419,-0.3244357803448965,-0.09877354120798042,0.23563027063509875,0.17402701979714363,-1.186261990429137,0.6598217335027402,-0.6374517276609084,0.08316692790649127,0.7781045959853963,0.7478285176479191,-0.20295628978995242,0.07347969728019342,-0.9228273905332633,-0.08868450632221907,-0.7575657561559789,0.5744794268714002,0.03202004645247832,0.37176253313951857,0.456477106626011,-1.055125752811172,-0.10917983754712429,-1.7768392198410485,-1.7178582598183225,-1.4108484239077959,-2.0005565946967225,-0.6984072755421443,-1.6420086957838553,-0.6575381504221964,-0.2855983085357828,0.6418915351838897,-0.8203351837507014,-0.40279390178543195,-1.2299000511609322,-0.9190951003167012,-0.4660303814447491,-0.7044372038043749,-1.1985769319349613,-1.6092865931564573,-0.21168327804282203,-0.35068463135770206,-0.874225808909532,-1.3246567803868694,-1.4808572855917055,-0.18729544103620943,-1.0849976751964665,-0.5582344566375871,-0.7195366351492621,-1.0962666119489062,-1.2501907981864973,-1.146268970035282,-0.6550341837511365,-0.5313423744813025,-0.5917178301224758,0.04103169731620665,-0.005884279639191188,0.11666421140228955,0.26909473032108694,-0.19083604107925617,-0.9212816896770045,-0.7465824864417693,0.2025177541908564,-0.9471871256143762,0.39532992217100954,1.194245771580908,-0.1217045664962893,-0.9245375254725614,-0.9687923064200847,-0.2509394234034217,0.9891092788346254,-1.7055677417247381,-0.46502612146633965
-0.7203509110279259,-1.4693364666848976,-0.7346754157754638,-2.302668814537422,-1.2339926988817849,-0.81364408756347,-0.6444919398074078,0.4561618878758389,-0.5136164353629054,0.09242342055010436,-0.5361212735562894,-0.7718239877256567,-0.84623263632878,-0.19374247024767374,-0.9850161503970387,-1.08311921352355,-1.1367897418376238,-0.38913800934179243,-0.07119944872733172,-0.6983819120961041,-0.3109087837125392,-2.0071778503900513,-0.16502869715372073,-0.8683720617202685,-0.07865021434754399,-0.8318571107133661,0.9489115558448326,-0.9617345990804486,-1.028561042429069,-0.2682156942663154,-0.07646589477031125,0.08539096515843958,0.2869938805701416,-0.9131548888961962,0.6639502791287119,-0.45627616965159806,-0.21657769718998254,1.0340043817915223,0.9546463268985738,0.2111985126045844,0.46333006623883866,-0.9730924853953822,-0.09955979486894272,-0.5735418688854215,0.8493542928059324,0.3679675334053818,0.5800144385743706,1.0724329403438626,-0.6963728093885652,0.058234645084536886,-1.7505810091364566,-1.4794597910137894,-1.2996259049002323,-1.9440051550003752,-0.4787968998155443,-1.2750752685623241,-0.18032063240146667,0.1479228710279697,0.20980684979318112,-0.7617786478558585,-0.37210712255915374,-0.9394756025079929,-0.6866616169790178,-0.17491790981543495,-0.3255489010460837,-1.0375920978928204,-1.5116665800257987,0.16062771924753028,0.041475494279363326,-0.45088455043053166,-0.9223299245733376,-1.6739308665307382,-0.024340160069578964,-1.5825236136451544,-0.4518277751600673,-0.9267522490465189,-1.234797887366121,-1.2182270278725194,-1.1363615402899894,-0.8442177821768213,-0.7781886806011051,-0.5109849199213856,0.10119106659514597,-0.33725086044689706,0.027132268684042286,-0.056528213427892667,-0.8082840700598867,-0.9226154551063184,-0.6570875859916899,0.15122057932948443,-1.0728466269378363,0.18212435465759044,0.8697880015651865,-0.28004175829333383,-1.4268212191055574,-0.8186314086482414,-0.2837027250556614,1.2695725178189903,-1.3699696276500501,-0.46382511410427946
-0.4133524185449194,-1.2199364348867374,-0.39819682068252155,-2.0765100182436553,-1.140027786757425,-0.4575757427730689,-0.23366930991312923,0.9322725080851639,-0.15659784362263726,-0.0796913671411771,-0.4575129434270271,-0.6134546967163004,-0.3928916218353906,0.2623125985019799,-0.7055568657742145,-0.6525958273629633,-0.5428774391133094,0.037316998493065905,0.4141127399709788,-0.2866786714020944,0.10771510055960304,-1.6853507035112523,-0.041467231637847865,-0.6180430125569142,-0.2949352608803053,-0.8723606760509378,1.091248492800633,-0.9233558083729791,-0.8649751283751589,-0.26308268085159814,-0.009450552990485575,0.031222289298213357,0.32913704574513847,-0.5812196586393422,0.5860294600649495,-0.2518362706526712,-0.439974941585515,1.1519500695110325,1.0073766807858122,0.547646330398957,0.7195263731913368,-1.0099277399385105,-0.18225997386204423,-0.3844911554190101,0.992802460053592,0.5692083070852597,0.6772928536082198,1.6229460981553645,-0.21593722019495892,0.20747010717571368,-1.5453980891391164,-1.0922835576874332,-0.9962707172525319,-1.735639360136685,-0.26023321599746335,-0.8050809451885583,0.3017521675684719,0.5189360201613943,-0.12808091540248268,-0.6386867982516244,-0.2571323775105596,-0.5417428127441252,-0.38520253780728375,0.1117949068000204,0.01712720691210899,-0.8250363290225337,-1.3243302878700915,0.5403575687469498,0.43957932881763223,-0.05054062889475473,-0.4763609022500903,-1.7118926525477616,0.08757928650221052,-1.9898245689752705,-0.2749817806416725,-1.0475275532153667,-1.2667786029730057,-1.1215965249761521,-1.0874030572196212,-0.9449443416558759,-0.9930586046940878,-0.39851412321848256,0.11814064923647857,-0.6372459524013789,-0.18311778645320234,-0.4000843742612325,-1.276602221560951,-0.855471143571017,-0.5263891469975657,0.0046400707527364604,-1.1677762655277115,0.004661697442351506,0.4464072789964461,-0.4723967686937393,-1.8885040223452496,-0.6293036989197572,-0.42409753378662784,1.4147787470669684,-0.9088629078814368,-0.41026362040145736
-0.11103642261596472,-0.8715502202841953,-0.05894047942698483,-1.6625484859760205,-0.983534900789696,-0.12362981382328983,0.142224470435718,1.265240180295054,0.1418463322985268,-0.12943840098449932,-0.3168130686306699,-0.36367889524332,0.07116464854031262,0.6402880837454261,-0.4041752615822344,-0.1652846846627239,0.09438912818652295,0.36841572517597604,0.8549573961444104,0.13954614424579445,0.4681353616717669,-1.2802917100178983,0.01989665921991036,-0.3639527187565196,-0.491968453806873,-0.9084706126973927,1.0399957010056418,-0.8188394291952581,-0.6921263021787838,-0.30458755429321627,0.09459021550828109,0.05799500800450831,0.31344065640756646,-0.23630449823857938,0.4618047385881363,-0.049559719505898,-0.5347098534859874,1.125566807217076,0.9173152947302985,0.7658638841307829,0.8100021561680918,-1.0254504224613628,-0.3259131656551955,-0.19852191865456037,0.997293502503879,0.6257865706932518,0.6704337050915462,2.0423155618036684,0.3010247643283687,0.33447637640631506,-1.2185607797512177,-0.6210748850358363,-0.5545529977151867,-1.4098058280450347,-0.08498817050847728,-0.31532517090658946,0.7104962960946938,0.7618793611412071,-0.34183772288174535,-0.4624088340493082,-0.08109030841623793,-0.10012848908287048,-0.06892978830146818,0.35018420798053285,0.282067159056022,-0.5902279334422177,-1.0955160665048347,0.8683670022495363,0.7753436472947596,0.2603603400871402,-0.05655057151342221,-1.597135343841354,0.11933206773622645,-2.255279538047144,-0.06552235651461565,-1.0697291075449669,-1.1977370070797542,-0.9716057760639425,-0.9944068033755433,-0.9718664825103044,-1.15559108469575,-0.2599029692153149,0.11315011623793596,-0.8448439707362938,-0.45204966753246323,-0.6926079123564761,-1.5157834651684647,-0.712283486949083,-0.3651719949902961,-0.2187461820174336,-1.2076341476857524,-0.13376878176240523,-0.0013294478247159772,-0.6574957192074942,-2.2498376213593065,-0.4042776064200835,-0.6210769218052647,1.4233085832944934,-0.3968387197278516,-0.28756954946114166
0.1295198318424307,-0.48135020984117605,0.21682082180330778,-1.1405172103120762,-0.7881724168722722,0.13255684609079504,0.41567047975583016,1.3921783614853862,0.33727443406149626,-0.06513606811250564,-0.13412267349908502,-0.06267056012894294,0.47759916990003476,0.8985251085571988,-0.11341221476496945,0.29375564964969925,0.6685039385927829,0.5462657271340434,1.177536969558476,0.515960299594189,0.7066742906868657,-0.8570297036281459,0.01691883895961237,-0.1590062961846876,-0.6660828716883637,-0.93396667660199,0.827178182806285,-0.6575044209127425,-0.5276364213959726,-0.3720569692847851,0.21769629346948774,0.135794534172036,0.2612932702607917,0.06683425326292838,0.328547679092198,0.12677427245071404,-0.4772924282398484,0.9770535496805693,0.7219614418320857,0.8500768778883105,0.7331854558880458,-1.0127044985763987,-0.5063112048562742,-0.016804150119109587,0.8747531521593204,0.5581839289495029,0.5862844349942546,2.2886602357856773,0.7685030607959414,0.44111361381956526,-0.8511388103940956,-0.14763000574045748,-0.06394939696439671,-1.0191909715884693,0.01811821326518155,0.11690593469944165,0.970735997097584,0.8384443814005975,-0.4241698369100578,-0.24640616336413332,0.12756958587263104,0.31952954133441386,0.21194565765807985,0.5095449448140087,0.44419638739574113,-0.3581195065690429,-0.8819441608566255,1.095466078437629,0.9866408776924904,0.42876608863473814,0.27697379774767494,-1.3598825269788248,0.06511673677828857,-2.3484598654957716,0.13391247287608446,-0.9961476163068395,-1.0468398123041034,-0.783436814943568,-0.8551896615827745,-0.9431350887178808,-1.254466604517888,-0.10543551421673383,0.1098031679528299,-0.9182227602716554,-0.7067376525092041,-0.8718463883315999,-1.4894353001256218,-0.49731057631161013,-0.18881734197362757,-0.48441846682893025,-1.1695797849140095,-0.2304972276522199,-0.3920264256623131,-0.7968154876879202,-2.462302552402381,-0.1478256106017012,-0.8061806036326185,1.3201658915281351,0.09068411442305227,-0.09143331622082974
0.26755619516400103,-0.11241261533424711,0.3782969256336204,-0.6101481673177448,-0.582650246948232,0.27494726615306464,0.5329338301396757,1.2821755240530193,0.40716238402688315,0.08824131765072164,0.07038039269692987,0.24568468317215525,0.7724225043842436,1.0173127170794234,0.1411834797037869,0.6411602515543533,1.0893706926975337,0.5367889003972716,1.3270786590884966,0.7889339465654127,0.7812546520648285,-0.47906314316281107,-0.04006756775081105,-0.04311317469943683,-0.81077682460954,-0.9422746322937033,0.5110028935583436,-0.45575161086404026,-0.3820304210113822,-0.4362493286317172,0.33486730168375156,0.22672997649177493,0.19629043833584756,0.27577443111517796,0.21613505111559614,0.256256292584812,-0.27572676447940186,0.7488028408644969,0.47423044509824264,0.8075207200961737,0.5170441014320145,-0.9684096437883336,-0.6923239690870509,0.16353173640710983,0.6545995851113866,0.4085814987729444,0.46359602755641893,2.3476502715218532,1.1134723398631823,0.5329750751692721,-0.5289565022884185,0.24461706815117182,0.3686882735163379,-0.624809194428376,0.03668851147258728,0.43222144158774456,1.0249608415677138,0.7410542945807068,-0.3895884174808519,-0.006306159331006684,0.3389754532817471,0.6587739625048825,0.4180373844633778,0.5751708408570358,0.49673160486011936,-0.14731417606372713,-0.7379868926942738,1.1887706349964,1.0311382814712229,0.42456892263740253,0.4824688110958218,-1.051731999671927,-0.059180058772041515,-2.2660080138509366,0.2829020220784183,-0.8445260300742052,-0.8428336325633119,-0.5741944352556354,-0.6705869253673031,-0.8755238999139389,-1.2866249604006295,0.05231865351633906,0.13143653721347584,-0.8405543161787612,-0.8786271969873164,-0.8939475907417884,-1.2085217902922796,-0.22543293811104675,-0.015145781461810047,-0.7468527626020885,-1.0378359134590955,-0.2847764382951071,-0.6553091140069237,-0.860322363461478,-2.49756921716308,0.13312259792243766,-0.910039181792841,1.1496504070436577,0.4883736385068604,0.16854158795730462
0.28598263702486565,0.17793819321215862,0.39680624893110866,-0.16884359707642557,-0.3967436426268658,0.2898223389462601,0.46343761882971574,0.9422309278229499,0.35069404258557374,0.29294972733931307,0.2781310371754724,0.5197114865715075,0.9222601496791724,0.9986493842427484,0.34256282970569324,0.8119935486825955,1.297043842254899,0.3359820299315575,1.2772173150701247,0.9234171598604642,0.6773449165951968,-0.1983707956111829,-0.13506610087571955,-0.036905562133572774,-0.9177411892711337,-0.9295007364554307,0.16196115748033277,-0.23483281603435313,-0.2603704440922818,-0.4691019889862791,0.4193134854535223,0.29266178294365847,0.13789006753070449,0.3521345929408757,0.14085578764377987,0.32198388789883137,0.0340424768574063,0.4909985688207098,0.22863810798360595,0.6620032838635755,0.21198410428039638,-0.8945971707777786,-0.8540402741459356,0.34501959083064226,0.37878465841718467,0.2276912239197155,0.34254231572418997,2.2308646924104387,1.2866197084917763,0.6161795823645756,-0.3219929761200946,0.4869894570450145,0.6424685961121206,-0.2842199350609245,-0.02584782186140286,0.5963660427984563,0.8465730436131066,0.4903659442040507,-0.2696803464478432,0.23976705924276956,0.5251320578922166,0.874279054857711,0.524953969812116,0.5478605292302263,0.4494896488291702,0.029987678733866315,-0.7045104781103395,1.1346806467846797,0.8962877075181195,0.24664779731780953,0.5412818412777863,-0.7340820934929642,-0.22212136735750046,-2.0325112796024603,0.3495362808793754,-0.6442386464606538,-0.6182397804402023,-0.36095881958525616,-0.44472709517040276,-0.7815879889492536,-1.2550197826272942,0.2012657524013965,0.19848826645272458,-0.6205198078934492,-0.9175223363207723,-0.7417082939937146,-0.7263703224794984,0.0810413953268209,0.1385512542380993,-0.9570501804813715,-0.8089254178347798,-0.29950962608739456,-0.7478871287541087,-0.8300743932450578,-2.3529362150756308,0.42708302020132344,-0.8796774428061758,0.9642102944375642,0.749376712501591,0.4700616106545117
0.19340445357799735,0.34805873448157615,0.26800159628332065,0.10960469417355374,-0.25720286946158605,0.1841968424285777,0.20569822583869618,0.41660798840728747,0.18500873265212742,0.5037927239232755,0.4721962174832777,0.7246710174347546,0.9167160311973857,0.862261516034597,0.4816979944355787,0.7729113701750503,1.2691843484136685,-0.028795686593293835,1.033970102929134,0.9070197421490396,0.4086653234140733,-0.04743244509583184,-0.2528955472966936,-0.13963808740876665,-0.9789970605041548,-0.8962808582301157,-0.15267530988374825,-0.018170390952637096,-0.16484486022322495,-0.45283492614839577,0.4483938001600195,0.3021087236934065,0.0964996104780051,0.2809173561659517,0.10318962423668998,0.3123195978748912,0.3964793663714599,0.24865811663705925,0.028270484463642623,0.4450926574117999,-0.1207745221979367,-0.7985423123282104,-0.9703783953659603,0.5255399802484993,0.0944298229744509,0.06089455669000775,0.25452312111470893,1.9697193950535588,1.2682748791042522,0.6939598244466696,-0.2678887439354668,0.5390214877796223,0.6852790562576091,-0.04099877573715868,-0.15365981864141226,0.6022626499756549,0.44832468089647576,0.12817083825511535,-0.1061684207823183,0.4709422817208887,0.6623331229862826,0.9427457178833323,0.5247424034662074,0.44105815949407484,0.3246339784139435,0.16669343712698007,-0.7998079288914737,0.938922697000654,0.6035866213583954,-0.07591622716064336,0.45800054432642967,-0.4641540725879351,-0.3853268683628035,-1.696215035014193,0.3150250397752515,-0.43065630744655337,-0.40343511957043643,-0.15932056944485867,-0.1854841813055152,-0.6695254966563978,-1.1656980261439789,0.33236317233837626,0.32584510046557297,-0.2880560789578859,-0.8015067285723613,-0.4275425467357875,-0.1267142548770739,0.3964042612993404,0.25838968338246754,-1.0712356678770338,-0.4951871051053709,-0.28279812280531746,-0.6641307450910925,-0.7016702324463872,-2.0521223534215975,0.7169892888889211,-0.692277059072407,0.8120209498430907,0.8501575515569375,0.7816572062986566
0.02033885643898693,0.3780082883444407,0.009951789119261456,0.1899681544212645,-0.18419602645865563,-0.018748910935894977,-0.21147342529599994,-0.22053188348169617,-0.06058547020380274,0.6740595391843212,0.6362101525881979,0.8358457001847889,0.7671289098365774,0.639368845964913,0.5558006068332905,0.5287288206824272,1.0215634167823429,-0.5030516858370875,0.6337518352307048,0.7494658394434123,0.01287485568947727,-0.03478972338132452,-0.38357922255837806,-0.3313213366927037,-0.9896904214573268,-0.8480815759642499,-0.3826374051818933,0.17113174083648264,-0.09732873436951751,-0.3859560305645308,0.4087254079591606,0.23513821986999278,0.0712409980648589,0.07513422624916148,0.08972310896683447,0.22231269377496207,0.7474884338174478,0.05146012959116864,-0.10406476825232579,0.1875449025538186,-0.4226549898847466,-0.6909498979805752,-1.0340472669671512,0.6955145954378341,-0.1547437515587146,-0.06269024435536216,0.21474701640351976,1.606738372183054,1.0689025181198408,0.7639660697898034,-0.36407547922112693,0.39580825739692305,0.47067275602250974,0.08198396879063677,-0.3235037928421477,0.4674238486468978,-0.11664331877166043,-0.29215089294789615,0.056465961595188255,0.6639144276257899,0.7325996131928364,0.862613774706332,0.4249403161775286,0.27676934799087355,0.15115405790600775,0.2590031021041768,-1.0147537403541946,0.6244472537833713,0.20614359908544927,-0.4879431350463777,0.2565378487777963,-0.2820530275140592,-0.5122885377582057,-1.3203375985572046,0.17607453804516235,-0.238712922821446,-0.22215473353978088,0.017378067683742553,0.0949979019539794,-0.545412638989743,-1.025113780541881,0.44142516919445485,0.5204157592702671,0.11325396118668876,-0.5408874521242112,0.00943190262815195,0.4923991824879346,0.6952461335193245,0.3358829997353151,-1.0592060762273579,-0.125392689578694,-0.24856951877894493,-0.4384920872666417,-0.48391290361437644,-1.64117907151894,0.9806698711141626,-0.36192103805350745,0.7261484845882569,0.7914094329642625,1.0676739110769917
-0.1893559153767198,0.27082533274772985,-0.3418629738167548,0.0809210319182743,-0.1886277757014434,-0.28555411446441326,-0.7329158937630158,-0.8778846130440533,-0.35083250972587093,0.7614831827030182,0.7533217622289268,0.8399510017487216,0.5024702809086723,0.3658394776684129,0.5661670722784897,0.1210499883542449,0.6022179993827385,-1.0142460986589326,0.13605869069500773,0.47785144164123666,-0.4564099956656828,-0.14500702957560424,-0.523695367891965,-0.5782374067373748,-0.950775589777532,-0.7940954691157244,-0.5039198202987344,0.3122726445169958,-0.06101367925873483,-0.284603500113986,0.29918540591486403,0.08582367490075436,0.05101770708349506,-0.22550932367927504,0.07837489855001428,0.05513990215872723,1.0259057041029613,-0.09128986158782333,-0.16845658544237965,-0.0868139062622707,-0.6498605190726608,-0.5829974946159079,-1.0524772255197963,0.8375473206328296,-0.33648650180981693,-0.13565291247027908,0.2193286195047914,1.186342249580468,0.7245930874125536,0.8170869958277656,-0.5704617353360674,0.08775978592805475,0.024942180987941,0.0842101443133856,-0.5098379243117619,0.228041185749092,-0.7620545651176093,-0.7152867519173619,0.17749965672453027,0.794318345350984,0.7243425317211212,0.6526802007211366,0.24579010013313413,0.0812760562829614,-0.04066433007737445,0.3048813901692623,-1.313455390838495,0.2279195592254839,-0.22011180658698526,-0.9170175484935044,-0.026461434513289108,-0.20213860023601626,-0.5754750478033723,-0.9715005482947469,-0.05507128498543043,-0.09713875611416005,-0.08932744585325657,0.15817695861708062,0.3800426649701726,-0.4165806211914839,-0.8384826102779497,0.5296742025617821,0.7792850604270013,0.5352203435639935,-0.175489844318414,0.5113735497724077,1.0356716605033451,0.9550471897716796,0.3685501577509467,-0.9108226476026836,0.25815109895137717,-0.21563033767750692,-0.13876273059037075,-0.1971616721757356,-1.1802663452828337,1.192948819536576,0.06236947551840756,0.7176017579147608,0.5953114443111643,1.2936934753058813
-0.3895886392139414,0.0496835954279985,-0.7411857484158852,-0.16974109359548278,-0.2703958703753521,-0.5781982680753571,-1.285554507450036,-1.4625724698886866,-0.6498698693794451,0.7338118437154842,0.8063190168879131,0.7351570781628439,0.1633643838108363,0.07615459939806457,0.5165264875752977,-0.38041531658956984,0.08091427352577309,-1.4839402576725362,-0.3875176535963753,0.12932703907682408,-0.9391844800874734,-0.3429776794099268,-0.6746965868524704,-0.8403370920963236,-0.8707159522893642,-0.7452027829088108,-0.5217832090265841,0.38828432261223017,-0.06052835522802145,-0.178894758526206,0.13109552505383593,-0.13752493452266598,0.018666222517074022,-0.5616346328070514,0.04539509949190594,-0.1767564470035259,1.1835322563219697,-0.18974871666911286,-0.18407964203395458,-0.36346957483539405,-0.7813481351459907,-0.48332750766928484,-1.04449304016342,0.9287120876394486,-0.43572851228793824,-0.1713249270719246,0.24745831986253208,0.7472154802746934,0.28887684987299606,0.8382890389048238,-0.8214699449799929,-0.3267001462290765,-0.5770581010977418,-0.0155857728273136,-0.6888304944261181,-0.06865857210360705,-1.3828782718258856,-1.0918213486405715,0.22500780621941752,0.8394651644263208,0.6326099902242741,0.34805894736929455,0.01624832632752005,-0.11865766403340361,-0.22379703734621623,0.30338994344166287,-1.6394551218953564,-0.20471323337928504,-0.5899719062095118,-1.2855428596940066,-0.34902946537228663,-0.21092365767631596,-0.5605404046873573,-0.7073174852280589,-0.3526494091608569,-0.024386553179669448,-0.011256331827548564,0.25432262740869804,0.6488770629238908,-0.2944522699903433,-0.6096581708532501,0.6028133661652738,1.0888617436227788,0.933513207463115,0.23401686708583688,1.0127578056990418,1.425708058574622,1.157454914839161,0.3591513681515777,-0.6393551747789532,0.6058204512926587,-0.2048802325294131,0.14880075921110825,0.12924023040066243,-0.7328937800833695,1.3289690258716524,0.5067950847399678,0.7735820831971137,0.29995913926406553,1.431369967879783
-0.5428394745460621,-0.24746870946963395,-1.1378324572319094,-0.4879170932419395,-0.41756588642197134,-0.8587215324001317,-1.7897503671654416,-1.8953498516085925,-0.9249131597731136,0.5736132332855474,0.7796338752589898,0.5301635831793615,-0.2047049790325754,-0.20085731877445342,0.412446812892993,-0.891580736151145,-0.46375082747263896,-1.8405692530711704,-0.8656314280902863,-0.2565238878935707,-1.3780586999748088,-0.581627166249743,-0.8390859744207154,-1.0787624612945972,-0.7655240079090287,-0.7115608963979712,-0.46708460052866696,0.38736952841976885,-0.1004533248339287,-0.10521218141841861,-0.07438197389100432,-0.4139160910269129,-0.04290921894705629,-0.865366699880095,-0.02768428251269878,-0.4512906515362175,1.1923248837272549,-0.267510866581602,-0.18053631309867965,-0.6357664289654847,-0.8208463620821318,-0.39614850406047486,-1.0337312093585276,0.9450018247539985,-0.45639736211136095,-0.1971843794534408,0.2679252961176235,0.31772628553184096,-0.17727145804454741,0.8095471669879217,-1.0436299316263302,-0.7732604118936246,-1.2261860661272195,-0.18565994767841257,-0.8405560379934831,-0.37231127999039854,-1.8739322950267225,-1.3831271642971,0.17934082071872184,0.7823190183426652,0.4592554195454877,-0.005791292716086527,-0.23057125462956662,-0.2987875951323113,-0.3774773655905873,0.25508740768403787,-1.9262875829466257,-0.6233390394825492,-0.8246973156620412,-1.5237552900256277,-0.6703397524579493,-0.272046239528523,-0.4673294536402942,-0.5654386825983626,-0.680953275737351,-0.026684065983678024,0.012658038891146249,0.2992001988308955,0.8781153233642279,-0.19534407211829283,-0.3425250388572081,0.6687668417257454,1.4254040996415789,1.2739113532342885,0.6189160586691691,1.4518796975471082,1.614071475669569,1.2885928572206253,0.31405915198903306,-0.2807843376424305,0.8691608466271885,-0.23505626215821065,0.33944738935671237,0.4602194518417996,-0.35476170453681494,1.3680428278817833,0.8886511666456072,0.8610999905912226,-0.04781506228469447,1.4619554868894977
-0.6280203717823637,-0.574035062094837,-1.4837162101800168,-0.7903365651486691,-0.6066046540882645,-1.0924514329641644,-2.171466208663857,-2.122517743353032,-1.1481266748606853,0.2817893492026105,0.6630831024901563,0.24277369350565237,-0.557943327666847,-0.4441117343438016,0.2618801365082328,-1.3296060544825146,-0.9571052844448786,-2.030470811566481,-1.238463358257538,-0.6435256524206732,-1.7251215709883574,-0.8114021204381568,-1.015921286380748,-1.2619185137824533,-0.6568916731610364,-0.700280109479243,-0.3868319520606691,0.30429931517122943,-0.1826524864048557,-0.09634873443221689,-0.2909051650415328,-0.7126743534776249,-0.14436887494427117,-1.0733006042751208,-0.14879355732747435,-0.7376241699985852,1.0479691467873675,-0.3525657656669939,-0.18713137170701716,-0.9006302652010003,-0.7926611024992891,-0.3211625311037371,-1.0407225352957785,0.8669845040509863,-0.41866176196518495,-0.2447343997514977,0.2482408314974323,-0.08503321278497954,-0.6152529427870327,0.7144320301195731,-1.1737243890905529,-1.1756151334954128,-1.8001624310871907,-0.38853225901337884,-0.9493717872701686,-0.6364310134847452,-2.148896466680884,-1.563190308333454,0.03515895022256229,0.6160484137131887,0.2131858038743302,-0.3600221085772089,-0.46191542926351953,-0.43960394602116054,-0.48844889229656174,0.16330711158328245,-2.110261423776165,-0.9793194525313992,-0.8669902293864046,-1.5813475305660933,-0.9551027062591694,-0.3369926860446709,-0.3081310635312711,-0.5562455116653326,-0.9988967948253111,-0.0981080850077229,-0.012138180258151495,0.2887457540699225,1.0443723434728849,-0.13849931467766266,-0.04336547420632284,0.7346046767732383,1.7571815559676467,1.535384030084691,0.9167740782618039,1.780393904543797,1.5869134447013378,1.3390886973506106,0.24152523631630665,0.11123339267715036,1.009935484110493,-0.3180070458493796,0.3705087022440624,0.7587638391351728,-0.08440030351586153,1.2973343511081774,1.1342062388238767,0.9350548356728889,-0.3998788280352625,1.3782153013171499
-0.6436582125878185,-0.8804893075977945,-1.7375211915152275,-1.0019145108916576,-0.8040409149168998,-1.2500475914402274,-2.373158537230039,-2.122583837360911,-1.2970531553373437,-0.12089248478160186,0.45630864596835846,-0.10171352819796671,-0.8595852324067867,-0.6402964377611873,0.07645219201013978,-1.6272287582189475,-1.338846808783601,-2.025465294161411,-1.465970324543986,-1.001831255553237,-1.9460432861216863,-0.989601561065692,-1.1972570340882136,-1.3690617241578866,-0.5686682714554671,-0.7134810218713753,-0.3309722809748566,0.14191373425558199,-0.30326065586186085,-0.17194688222390686,-0.49244971533924914,-0.9977093960064666,-0.2852357266097687,-1.1386788812116562,-0.3128500941117999,-0.9987274512996517,0.7696441293579328,-0.4679011789543364,-0.22317720720130646,-1.1532287494160534,-0.7326291610572028,-0.25523227187310116,-1.0758963729175495,0.6854919991075318,-0.35210360833173393,-0.33862448922981675,0.16406122918057542,-0.45300895961199106,-0.9768051340828936,0.5434103733578437,-1.1728846253554375,-1.4681984900213467,-2.1871902534090086,-0.5874751497834008,-1.003101142801106,-0.8238148577053926,-2.1559800948036982,-1.6180854430169482,-0.1979259453098409,0.3480362924861248,-0.08939683366374629,-0.6692610179297871,-0.6493212538168974,-0.5278753541615091,-0.5506459188150076,0.03579690178048068,-2.142898709767488,-1.231337931262515,-0.69235060753849,-1.435737883720178,-1.1756637702374015,-0.358690224593583,-0.10408040883145223,-0.6608452720014911,-1.265029161167381,-0.22222784084941677,-0.07669550895297955,0.22252331282764762,1.1277238380982064,-0.14166876512359913,0.2767630859680708,0.8034280533900869,2.048284754750399,1.7099216900593561,1.0844946162702878,1.9692792277405256,1.364732821282435,1.304513191899305,0.15048619335245156,0.47425702357051847,1.0077772718916895,-0.4548446009906904,0.2176503121963394,0.9901083436941274,0.06261603703176737,1.1148578043815311,1.1946309815111613,0.9489926879492888,-0.7132877853677239,1.1848152257201645
-0.6059978708701259,-1.1193560225902124,-1.8679649754821888,-1.0698271894235938,-0.9699356290866692,-1.3088128451362468,-2.361720837142128,-1.9069983336240541,-1.3542797739702377,-0.5949545644520663,0.1723405187298401,-0.47218139997827535,-1.0832774870199855,-0.7823339115333893,-0.12722918919827297,-1.7432538274970384,-1.5697382975776968,-1.8261664714228234,-1.5319507486300905,-1.3080741120266421,-2.0216895728978246,-1.0876414915855166,-1.3668048503785486,-1.391115887623331,-0.5223642993730072,-0.7469399080007855,-0.33824111760620396,-0.08755313749392303,-0.45036968535167393,-0.3315980639212775,-0.6582559318483147,-1.2328663459539637,-0.45229687136656477,-1.0404737945819977,-0.5023961540153733,-1.195698744982381,0.39627342466566645,-0.6241926084492175,-0.291852967235361,-1.3825330547066357,-0.6768157146230448,-0.1948811390945825,-1.1354461653788026,0.4061427823133648,-0.28652622021578616,-0.48775510783424547,0.006624586537018292,-0.7829920765993303,-1.2290355967749995,0.298547319992132,-1.0336735982045413,-1.6056481875240192,-2.307388027864983,-0.7511983215733123,-0.9919842178917598,-0.9099702514091708,-1.8872945782820985,-1.5442642342320498,-0.4962222426720283,0.0020816774322533443,-0.425065147427871,-0.8973370911508233,-0.7714997182696124,-0.5575376622877223,-0.5637053836740432,-0.11396095084047182,-2.000556573610922,-1.3508239921559386,-0.3145841175072727,-1.0957153628094864,-1.3123623904946091,-0.30429701377395135,0.11928945280501958,-0.8350390935863248,-1.442506008686503,-0.3747682252957263,-0.168813533868244,0.10532637500396515,1.1154059193739108,-0.21551837043185074,0.600736215870196,0.8720799987715538,2.263734956724452,1.799826651346576,1.1075434789600054,2.0106994068296813,0.9966370189931378,1.1865515781450904,0.05013293287648651,0.7484741240540959,0.8647176861799195,-0.6342152747009737,-0.09734041176015755,1.1260810093129097,0.09488592773252812,0.8314478865047265,1.0566661653022051,0.8661903339221811,-0.9549976468987352,0.8974769094275292
-0.5429699400517443,-1.249711809380923,-1.8558883964373378,-0.9719321806910522,-1.0631857694594529,-1.2537045947172898,-2.1324334364181943,-1.515502367087884,-1.3070647850580155,-1.0864627506795241,-0.16124315135936887,-0.8335607780922588,-1.2141521826194772,-0.8670063988226696,-0.32707241505748336,-1.6676448342173293,-1.634044922950092,-1.4609495519228524,-1.4437100301986932,-1.5439782851340036,-1.9480215981573235,-1.094757602052782,-1.5014148987339837,-1.3291581310661476,-0.5325936500066812,-0.7895591266179971,-0.4243181347232776,-0.3619063402952208,-0.6033905180871205,-0.5523749258029644,-0.7760220072417776,-1.3878655726842637,-0.6216098606696382,-0.787643961695106,-0.6909500918135686,-1.293423332315818,-0.020067818908157682,-0.8161775761902411,-0.3789458318704109,-1.5693820797870472,-0.6510611723836927,-0.13827523713688242,-1.2011608991743394,0.05161057914864378,-0.24292030668608575,-0.6805235042408811,-0.2135787995726676,-1.0721719895394173,-1.3562362139432294,-0.0037773922062081145,-0.779343790801156,-1.5679297959351093,-2.1279529138703133,-0.8565398632025111,-0.9082817997931147,-0.8845009489034686,-1.3802287703508003,-1.3468037777252235,-0.8245391220816645,-0.382245683869819,-0.7639784105218947,-1.021037156873864,-0.8158757023255074,-0.5297605436529409,-0.5308228314465034,-0.26641368973369767,-1.689295159742823,-1.3260162046844455,0.21577840198790768,-0.5999833397800212,-1.3531094222980617,-0.16375903294225339,0.33648583494937045,-1.018674542226078,-1.5035465962968972,-0.5268597178480682,-0.2726707704982164,-0.051225827133938175,1.0049866721087242,-0.35868103298123616,0.9059965626448021,0.930428719865037,2.375136169451623,1.8136968648661276,1.0034383865265784,1.916183904460952,0.5502301643580827,0.9946151867140988,-0.0500160496069947,0.8885470372484409,0.605517194944126,-0.8333921019689111,-0.5094737545281078,1.149221162368725,0.04178568788416427,0.4713895665969484,0.7459420224246424,0.6685766203964574,-1.1044738302598256,0.5412131940210262
-0.4859292603063724,-1.2415234600385718,-1.6955155521416456,-0.7184037620516196,-1.0480591397695456,-1.078327706375114,-1.7085632583082597,-1.007484533860496,-1.1475081881585878,-1.5342118352855518,-0.504461972769533,-1.1491684319629127,-1.247794865013972,-0.8925770725879285,-0.4964923461908661,-1.4207446644467037,-1.538115849179587,-0.9809640412398087,-1.2279537492328172,-1.6950752264139712,-1.7350537893082942,-1.0174277986949523,-1.5751701526222053,-1.1915401777407362,-0.6033965482240344,-0.8239745362266923,-0.5753808158220888,-0.6498844702901687,-0.7347433260861498,-0.791606013231824,-0.8426438926603504,-1.4438935671537227,-0.7635454772259905,-0.41760632095217265,-0.8481336399882617,-1.266617201328952,-0.4226033284891436,-1.0232156039537665,-0.4564298234360302,-1.6878711971862908,-0.6641329970677273,-0.08554063052642617,-1.2442497893273134,-0.3392076691499886,-0.22719806801243725,-0.8854428415209324,-0.4678342352414298,-1.3151137111453457,-1.3589176910861207,-0.33321845925166355,-0.45640009552467864,-1.360988395781481,-1.669207398182858,-0.8894965250738578,-0.7470150090563402,-0.7506732359285874,-0.7105646948493392,-1.0383756489465554,-1.140531564523226,-0.7535910853549259,-1.07187082079588,-1.031505005867787,-0.7787462475576435,-0.4519761298458331,-0.4564940232850462,-0.39707490053024286,-1.2439403623049854,-1.1636868181591367,0.8201251471257716,-0.010884305745374993,-1.2930694508250402,0.04808011417071934,0.5258257074854489,-1.148528789663271,-1.4329336372675665,-0.6486452407186074,-0.3688808566154846,-0.22792270586852095,0.8062825240147475,-0.5552036290436425,1.1673542857574963,0.9626411497421823,2.3657943291160493,1.7624718007520292,0.8185787601282161,1.712123777855943,0.09892068288227743,0.7470296941420751,-0.14008438116721772,0.873373292765375,0.2736181288526272,-1.022112774467342,-0.9238996553430959,1.0561060470127601,-0.053674514421061255,0.0713020882579293,0.3223181374693032,0.36138578089904805,-1.154353733230739,0.14785194765298626
-0.4613998769632913,-1.0797191641914021,-1.3951249953106832,-0.34667244941846387,-0.9007534203560381,-0.7859889860002198,-1.1369056878690158,-0.45117374126837534,-0.8735877197065031,-1.8789489421984964,-0.8103350355440282,-1.383823130683299,-1.187881950866783,-0.8572107064168227,-0.6072260797982334,-1.0471673428316215,-1.3061828380461833,-0.4518491189238528,-0.9241353373197713,-1.750792910246333,-1.4052729443436331,-0.8748334529040134,-1.5651612992573676,-0.9907764107030396,-0.7262430400733976,-0.8285915389638903,-0.7492348787295077,-0.9140292999738597,-0.813983550271327,-0.9945783020940936,-0.8625315685870335,-1.397599556222598,-0.8494643395964868,0.01108836389122921,-0.9453950599744073,-1.104937635315409,-0.7588775520798954,-1.2135472665507356,-0.4896953632065431,-1.709920454381496,-0.706135303381506,-0.03709564115268523,-1.23217537649573,-0.7155353872846866,-0.2285686411594978,-1.0572442822244776,-0.7148218460850869,-1.5032901858774748,-1.2509828070238977,-0.6492703019882899,-0.12288528601998976,-1.0134641641864925,-1.0003984446033323,-0.8450483590559288,-0.5077642047006918,-0.5236352940492157,0.021467624544363198,-0.639117824623022,-1.4005207955159777,-1.055902524001007,-1.3134935637171952,-0.9334610024665734,-0.6643295642299478,-0.33585502792607963,-0.3446669359230112,-0.4793239067431571,-0.7213951632379907,-0.8879056509250296,1.4060740008245802,0.5957338877653752,-1.1348904925173453,0.29620417340457805,0.6720452091399474,-1.171927392473257,-1.2301620094299588,-0.7131406568879536,-0.4359973001974632,-0.3988603028941993,0.541485497265833,-0.7755060787794473,1.3614536623202165,0.9503878570899007,2.2341490493964167,1.6566511594625115,0.6187492684739292,1.4337630574302,-0.2910554409400298,0.47072578231667417,-0.21033051033629452,0.7113764340830259,-0.07652691530512341,-1.1683440340755924,-1.2368671066003927,0.8591883915112162,-0.1441827154736596,-0.32315849735318986,-0.13191820422305314,-0.027630167333599076,-1.1096355668137827,-0.24702524021672073
-0.4847638242563881,-0.7673066029839922,-0.9770844481437215,0.0890632775623756,-0.6144804637017247,-0.39065483163917286,-0.4801087169775039,0.08744253746596975,-0.4910128720019773,-2.073095471375699,-1.0325373510139948,-1.5078342223612158,-1.0435774479406652,-0.7587732289307632,-0.6337985989968631,-0.6057557964296788,-0.9747065077782946,0.056902228189829575,-0.5767563436957012,-1.7062077146598786,-0.9914651166854983,-0.6917368537062608,-1.4575334417385821,-0.7411053883442348,-0.8802521772336764,-0.781120808203944,-0.8844858927242726,-1.1155488417250998,-0.8137835186724581,-1.1057622796002153,-0.8442968159597692,-1.2623505507866335,-0.8582553757021428,0.43078310136650294,-0.9612043780925065,-0.815844789167827,-0.9888397546933114,-1.3510904154695391,-0.4465487689811287,-1.6119485754573335,-0.7522810227855714,0.009245811638578247,-1.136787176635959,-1.022296608174642,-0.22306214848844386,-1.1473323720655801,-0.9096440659312091,-1.6273261568583095,-1.0560537420749314,-0.9079912012135004,0.1646638488789432,-0.5704262963451652,-0.22606724850791024,-0.7260985312862078,-0.1969126623671334,-0.22786866626058766,0.709678604909372,-0.17698570323771146,-1.566074908543805,-1.2376068186870999,-1.4574346314858224,-0.7428914473742282,-0.48320441805141884,-0.1945829595603332,-0.19775390734158807,-0.48865229890554085,-0.18941729465554424,-0.5358866918309783,1.8848215686171492,1.1429714953951433,-0.8893185147861522,0.5354721363796814,0.7674186024945706,-1.0579830425918855,-0.9099164316676619,-0.7001860687069144,-0.453835749747042,-0.5344556545444126,0.2432455441028135,-0.9809827978255868,1.4717957391227783,0.8774209345697489,1.9946176918088132,1.505237110666534,0.4750210589428786,1.1188169493970708,-0.5714327718682533,0.1986721900583671,-0.25227677085967015,0.43978011105929116,-0.38921706001566736,-1.2446845956450463,-1.3595939087175457,0.5864525362833616,-0.18771195454988182,-0.6629509080236237,-0.5287650074664834,-0.45424855288084287,-0.9859220162554686,-0.607556271165843
-0.557119420553196,-0.32649550211733397,-0.4768421430561843,0.5313880568297081,-0.2017556841379574,0.08261028330250564,0.1929709385880171,0.5542839063544732,-0.01540241661332001,-2.089091681836924,-1.133669001774944,-1.5015411666114986,-0.8276439569713269,-0.5961436216202424,-0.5588902267515805,-0.15762922151866154,-0.5864396829743087,0.4835473086857902,-0.2280582932197687,-1.564654775385546,-0.5336330627217055,-0.4908980113689585,-1.252254730621533,-0.4571329105429352,-1.0348287303155088,-0.6632676249381193,-0.9160030635107577,-1.2205475868651645,-0.716506587081,-1.0812763505545944,-0.7971476096581522,-1.066180508361554,-0.7810902474688941,0.779207351701185,-0.8848740002764099,-0.42433192181745283,-1.0904959416269928,-1.4032633226692939,-0.3058840906546519,-1.3818963267389415,-0.7705892554446313,0.06085666326020974,-0.9417325838240265,-1.2097921893657375,-0.18115543819591148,-1.1162561025378843,-1.0141684807864764,-1.681012560144517,-0.8037254080940432,-1.0702135066903606,0.36274650056478763,-0.08532976791613968,0.5343284682827653,-0.5416984771023056,0.17063605494991463,0.10567200871348448,1.2614657969886636,0.31230906071707076,-1.6103040368117907,-1.2612144996900552,-1.4817212611126793,-0.4840320818837512,-0.2506602439511165,-0.04011545418797242,-0.016786500165678637,-0.40767952297241267,0.2869055858647373,-0.15169474587582565,2.1880981876924936,1.565670246424817,-0.5755268079277522,0.7230361085658281,0.8112843878953447,-0.8038125354015162,-0.5006707555938692,-0.600097744273067,-0.4080316864521884,-0.6063500562275407,-0.04922797280520167,-1.1313486791298168,1.4929355975146885,0.7345630408267592,1.6755017612455565,1.3162677011338955,0.44798513374706245,0.8017068993404619,-0.7184373381347918,-0.034962461816110776,-0.2601603791060054,0.11773234881563037,-0.6173486526731478,-1.2340402947440958,-1.2395130878725433,0.27842903820362797,-0.15543403409515116,-0.9031894118991739,-0.7927163207220752,-0.8674834464491087,-0.8070635792356268,-0.9011602080491358
-0.6656895015911719,0.20308387744898365,0.05973129416381091,0.9331120793558734,0.30680169105493754,0.5983362096118057,0.8173705587612444,0.9140885413643526,0.5261095420870058,-1.9246184118377652,-1.0923516385946754,-1.3596116289189153,-0.5556692548632118,-0.37159809137219685,-0.3783729651402968,0.24532186184027593,-0.1849635400485971,0.7847843370245758,0.08776932292043081,-1.339703149873858,-0.07477291987709826,-0.2872872032338522,-0.9652736128945022,-0.15343149009135457,-1.1545572349531925,-0.4657358553057075,-0.7928720066330076,-1.2064364784741475,-0.5196651448339444,-0.8998167996624766,-0.728384655395418,-0.8467459467811453,-0.6232670090468779,1.0132890933382703,-0.718535641364606,0.030593577893524612,-1.06203187174757,-1.3482362704138822,-0.06411999444301397,-1.024595810626957,-0.7310188688328555,0.1309408655300744,-0.6472762261236044,-1.2435165217036697,-0.07722821359137333,-0.9450024587821917,-1.0061143782564343,-1.6653558493209542,-0.5261204217028782,-1.1092581590560555,0.4486514569098739,0.3884594605243044,1.169435919470293,-0.30474001045705973,0.5712619244509803,0.4425550911868364,1.6145637232783145,0.786805346703852,-1.52273575345092,-1.1113700845198997,-1.3790791560682902,-0.18629891017238165,0.014721233028377237,0.11881900670186672,0.19728258792676215,-0.23085426659121555,0.658124579567371,0.2208780187663763,2.2811721459726155,1.8213511439809764,-0.22030743980560633,0.8295915304070467,0.808207469922855,-0.4343242633660221,-0.04138842532455905,-0.4163741094721502,-0.29448582766279563,-0.5932423536655106,-0.2956281116493338,-1.1930584580543862,1.4326006885955207,0.5239208148969299,1.3142862884846727,1.098233772282695,0.5738799980424218,0.5092036918057661,-0.7338841066639347,-0.2010483337531669,-0.23216724700377744,-0.18527551586034932,-0.730295084476395,-1.1334754920873955,-0.8738414163583595,-0.017406599017266423,-0.03642486188152242,-1.0112718197953607,-0.8763956949034982,-1.2203533606783152,-0.6022881788057403,-1.1017440033801589
-0.7873881924813891,0.7693403339047523,0.5810729054644732,1.267250373771975,0.8669780508378462,1.113039590219466,1.3409798020069847,1.1536787791275995,1.0948867365558828,-1.603555513748339,-0.9077175535882902,-1.0939962695874454,-0.24610646116419072,-0.09333981881108268,-0.10456422472598167,0.5691800025416688,0.18996788557284944,0.9433667963875919,0.34818885843702346,-1.0550446825644284,0.3443155328030731,-0.08575485231012885,-0.6272646021991979,0.15536162860456817,-1.2057999548578053,-0.19233038308884673,-0.49391343803248167,-1.067058813246776,-0.2385765578572154,-0.5693456507273177,-0.6428591248308159,-0.644391681144375,-0.40277317005702795,1.118852817671764,-0.4771570102790338,0.5019508999244227,-0.9200834159882322,-1.1801450489090752,0.26200879649305026,-0.5637898569050329,-0.6133341684035921,0.23632319682959715,-0.2712814430611979,-1.1117259425044073,0.10192619314629697,-0.6418276765927351,-0.8844899019902632,-1.5907809151125063,-0.25478656046529585,-1.0161899916158026,0.4231129830017481,0.8052128100616578,1.5969229187700837,-0.02948213748782592,0.9745611210805337,0.7480652234874499,1.747554205303607,1.2019554073513599,-1.3118357995434848,-0.7995029827672177,-1.1604216383050314,0.1185642067943175,0.2922431991618871,0.2774003373009309,0.44148536453494847,0.03242947774205836,0.8999470432169243,0.5448018459984737,2.169032396653993,1.8972230780225439,0.14447921789713966,0.8463657067128371,0.7653775913128271,0.004137605294168674,0.42341108507802344,-0.16669600949991742,-0.12213406614666542,-0.48620183558680585,-0.46078133276377703,-1.1468007014071557,1.3109393262244027,0.26114327682172844,0.9512634725543095,0.8614156692258343,0.855914749590956,0.25797904728642473,-0.6410443662726282,-0.28159404869923715,-0.17099784971843832,-0.40305603075211205,-0.7182098369587159,-0.9556007755913373,-0.31214019315318287,-0.25416027505047445,0.1616464671326797,-0.9736351597482426,-0.7698009331092757,-1.4788971481134017,-0.40276840260590874,-1.1921395406947455
-0.8945534574565416,1.3152318038041497,1.0365406224500453,1.5308829311993362,1.4277784111309078,1.579523745869862,1.7308743955944985,1.2812090893873722,1.6432224003466136,-1.1724520851534248,-0.6005143112399098,-0.7344568045547512,0.07967313875409715,0.22292139405697076,0.2335598682160292,0.8021767164027801,0.5061768046721503,0.9707171103193978,0.5435068997707511,-0.741599366840673,0.690480179346264,0.11733948838018052,-0.27891830607564483,0.4544435517790651,-1.1639985321091408,0.13812894661652242,-0.03619557033176511,-0.8151908115304496,0.09488510577917353,-0.12757204128294325,-0.5442792693800951,-0.49480712307410135,-0.1460137944088267,1.1134112957461162,-0.18672427015485638,0.941984019958964,-0.6947777691585506,-0.9111613970219429,0.6370091486391138,-0.039933894901784325,-0.4116662478150842,0.3926706925439802,0.15392519757834677,-0.8286172279165519,0.3519666142712146,-0.242277911639312,-0.6698714303205348,-1.4762100547508958,-0.0178451947993764,-0.8012755821356726,0.30771979025837287,1.1322832218333936,1.7778984011037622,0.2705087485607159,1.3473021156932126,0.9906691195100521,1.6818935949083726,1.5163918761883837,-1.0046603667899505,-0.3638387097425918,-0.855275059704769,0.399217375811122,0.5602725341444658,0.433940453782265,0.708642716191649,0.3574085487853395,1.0170602568536733,0.7944508789223963,1.8942900799084772,1.8117243060237138,0.48619117003662904,0.7860901106671854,0.6900979256710988,0.4543733416677199,0.8496004630317293,0.11839878253320642,0.08710975162124782,-0.29196635761390805,-0.520536531999584,-0.9922411021523183,1.156791918689838,-0.02518229362299613,0.6227704875842812,0.6183272127490241,1.2629049988722,0.05417963556072904,-0.4767888838712251,-0.27399287513136766,-0.08362148827095403,-0.4853985563207892,-0.591989479426442,-0.7273064119226172,0.3528755420494949,-0.39362943907650616,0.41572531242235167,-0.7991124232363457,-0.5007494630750251,-1.6272871445799857,-0.23767755185022502,-1.1655424211481642
-0.9614654763221716,1.7873719650917654,1.3838916387157933,1.7417833606547315,1.9390161364656013,1.9526943110614585,1.9759457879879874,1.3216101705514676,2.1193550860313226,-0.6932337890235533,-0.21074538457870687,-0.32596745490624074,0.39817182571186777,0.5541802133609433,0.5938111211721275,0.9534532299281245,0.7418259648896836,0.9034947666218242,0.6758337913071175,-0.43226196790750654,0.942833579425784,0.3293492498789905,0.03642629065562699,0.7290629809056665,-1.0202268154768404,0.4930260208702373,0.5261884506102793,-0.48159654114121947,0.43753348347919063,0.3643524243375901,-0.4373009559527195,-0.4226451354680706,0.11816268528131324,1.0408445749218738,0.11913831479630628,1.3089299376060255,-0.42297075184268806,-0.569908483891414,1.0124028740577167,0.49595352401018306,-0.1349935564399481,0.6085923556655904,0.5880081991048463,-0.4319815019027022,0.6506286741660127,0.19809921961143975,-0.3994066889533505,-1.3448897321180506,0.16261071612164832,-0.49136177343156306,0.1381055555885995,1.3526632088028543,1.7218314518296833,0.583388539508074,1.6585212307796915,1.1455942944621422,1.474976988444738,1.6987945667949724,-0.643631376976525,0.13554533215070855,-0.5084483240378199,0.6275839573014965,0.79771748079299,0.5879871284035382,0.9859226303969777,0.706780978813021,1.040281479324632,0.9577245621931829,1.5271626077259413,1.6099943995408112,0.7766824681241682,0.678004041897429,0.5881856973314852,0.8601934717112919,1.1994711333880697,0.3993919305705758,0.3015541428926328,-0.033173102705540226,-0.46610120877991223,-0.748812969365048,1.0016481197914435,-0.2973650430471379,0.355377456246698,0.3829108692955094,1.7355251741961093,-0.10526695955845801,-0.2823533101513497,-0.19211284979405324,0.01960291261355358,-0.4071815856995822,-0.37918569806762803,-0.4859813201028319,1.0042163548975682,-0.4132845217106586,0.6934429407399921,-0.5175851388924254,-0.12641552381799007,-1.6681678281997525,-0.13008368586342262,-1.0259621307514735
-0.9701484542190741,2.1438231051361254,1.5959468405753627,1.9286951071841603,2.3580650205358684,2.195900869397811,2.085423277094974,1.3090591581658684,2.474424745064778,-0.23357827986071703,0.20770159407980032,0.07706455983354897,0.6858702269689692,0.8723934579421893,0.9275737150267137,1.046813323879279,0.8870355380669501,0.794436213873703,0.756268568114723,-0.15571243418862912,1.095389439113168,0.5552070191645755,0.2812614387804947,0.9651560774096424,-0.7852660618999623,0.8305331601962768,1.1130229000867926,-0.11060111456760315,0.7430896068395832,0.8337706517857428,-0.3289279016277072,-0.43707043921514027,0.3646069261150244,0.9589126866752125,0.40370382377726366,1.572017234361539,-0.14146217529437338,-0.1964617469816012,1.3357053951390514,0.9910256104911329,0.19588567558693273,0.8806708659803878,0.9906908458950601,0.024302845124879565,0.9620847804612452,0.6166319215642845,-0.11790508126642911,-1.2180896518602753,0.2726606194016761,-0.12402569356905077,-0.045168871107147894,1.464423908675039,1.4810900609813316,0.898652737129051,1.884363432927845,1.1980309706567012,1.2056898962027445,1.7341070971912802,-0.2808754932389735,0.6259243677900823,-0.17314933709707336,0.7819604268618,0.9859321789455388,0.7380060477604811,1.2548980929142823,1.0365499568394099,1.017644682649739,1.035633840395481,1.1496895898763424,1.3538721056507996,0.9972571522269061,0.5586210157722324,0.46373868238367855,1.1765566949658397,1.4467769793423562,0.6338816983246386,0.48547213047875093,0.2547562082887866,-0.3058481146819127,-0.4522889406777092,0.8726305415585157,-0.5152917309729562,0.1621135125467771,0.16865362021456767,2.1985672942707013,-0.2301994477877297,-0.09516200415674061,-0.06378297756791837,0.12610168662545623,-0.1723705132103852,-0.11711834006656437,-0.27359578343723506,1.5248180507899987,-0.31051353851708097,0.9603634606152942,-0.17394675422724784,0.2816431357183881,-1.6187550150550372,-0.09335454943808501,-0.7878364263313161
-0.9141501539247213,2.3592459891797937,1.6646392981086884,2.117971961274952,2.6544952317186334,2.2864901943950184,2.083728008421152,1.2778733236699884,2.6700457134163353,0.1433198460457442,0.5946773581111,0.4190864408602817,0.9224825250455869,1.1483712106373538,1.188648950835012,1.111122453943433,0.9441529898640553,0.6992502609392631,0.8009458426420013,0.06883392195899274,1.1569158276168725,0.7920611813375207,0.43151647627857265,1.1503532958320135,-0.48963127994593614,1.106911926198612,1.6356865778957341,0.24703743973069966,0.9715084583124334,1.2113654334067565,-0.22814838683813543,-0.5297701504918354,0.5766238670674612,0.9226187507822786,0.6322434963837452,1.713977218020872,0.1182550903319668,0.16506996597594045,1.5608278409889704,1.3998455697484806,0.5533687444142678,1.191284429644033,1.3292665064675224,0.48110466000340985,1.2446881607503444,0.9584553011265127,0.13253072071121574,-1.1086711074415219,0.3078695337981216,0.2598325233467238,-0.20579053274937956,1.4773939248888057,1.1365760487484098,1.2054164109070842,2.0112817640766,1.1452743230214024,0.9555426603917867,1.6271799880718978,0.029115605559624072,1.0338311720637239,0.09834413977899674,0.8501771678502187,1.1108839870563063,0.8794657205954978,1.493467540626941,1.3038216078929097,1.001531364072989,1.0399114138345396,0.837631329036335,1.108227233653871,1.141836750125658,0.4610584181270089,0.3201446304274988,1.3758051507267677,1.5799015809904604,0.7839965050011137,0.6060970454255598,0.5295156919786906,-0.06415093348546208,-0.14788934771494316,0.7862167197736794,-0.6447573030192252,0.04135648221035397,-0.013835344583331995,2.5761482225563674,-0.3343009958289895,0.056513518415632985,0.07478486455352953,0.22228093236734686,0.18744493288283515,0.15497096107238822,-0.1292974519301842,1.8214837869423077,-0.10311206311424562,1.1865194499163436,0.18118902545628557,0.6547333344191854,-1.5042929293059386,-0.12888382608623006,-0.4749360556409474
-0.7995107014124301,2.4262236899682144,1.6012115803976803,2.320443058630817,2.811964947179475,2.2193582488204604,2.0029264744175967,1.2536361226487425,2.684875956750797,0.3879859238271842,0.892710664878379,0.6528784118083026,1.0945991920446163,1.356397851987497,1.3422346934375222,1.16992105653358,0.9265601439034539,0.662494412006547,0.8266807384897983,0.23433185244142515,1.1478568768698107,1.026451285098027,0.48135558210117074,1.275246232818661,-0.17874625767356467,1.2850857019624766,2.0168776703263704,0.5425531317082303,1.0972174925914921,1.4453107422308054,-0.14376132194560198,-0.675653128000817,0.7481613491856162,0.9677684461408789,0.7769161427704291,1.731120395079573,0.3328662387583506,0.4748188545631055,1.657652375727821,1.691941462803735,0.9082589701995747,1.5101763987867678,1.5835536075245578,0.8854315725005873,1.459878754445621,1.1892092464403632,0.3215318486030044,-1.0167081824603927,0.2734053862237885,0.6230181350970609,-0.3189239834072751,1.407976806707448,0.7779452925736237,1.4899699715592276,2.0367652669426914,0.9972191202750799,0.789485921383399,1.402465152863507,0.2375498204705194,1.2975478756169874,0.264680947415141,0.8322473686877359,1.1651621454095686,1.004025931668918,1.6794552980250874,1.474922484612384,1.034959733894373,0.9895361693578204,0.6440231939716412,0.9263818423956238,1.217261059390653,0.40593880786174075,0.1616757750539296,1.449219816856276,1.6026773743527407,0.8237619542525352,0.6402965271535489,0.749388765694118,0.22252530932565626,0.11849468014837357,0.7443261105773317,-0.6656123894153646,-0.021563280654636252,-0.15912513321763777,2.8062091443246286,-0.4322888698960646,0.15541743131798447,0.18629325718884165,0.2946707683569769,0.6192573989954134,0.4028380636724555,-0.08156453700424944,1.8431739327117531,0.17409446860802316,1.3506856821265991,0.5016112737401234,0.9417862958110721,-1.3509518721928235,-0.22578623295294226,-0.11855571319269442
-0.6428630398705261,2.3526587641656374,1.432418083525762,2.522502717290081,2.8275201231347014,2.007764673499353,1.874653186653245,1.246505465771051,2.518733056633843,0.4716484366046075,1.0561728916557949,0.7484660223814109,1.1986078861440774,1.4785245428931104,1.371988324886424,1.2331394738951351,0.8560897878458897,0.7058425154979316,0.8470005792273562,0.3453379621212515,1.0949665721851596,1.234940735895244,0.44383954159755995,1.3347676107434503,0.09622451661773418,1.3425659447858305,2.2070253940310973,0.737204384924827,1.1143313136099984,1.5112593734176734,-0.08142831281473427,-0.8362653460349254,0.8829578677867964,1.0992374129736169,0.8205805227682696,1.631666260692705,0.4877744904324573,0.7044925871851899,1.6185474768020514,1.856012456578439,1.2337584147924738,1.7994965619338288,1.7470988655639577,1.1994924249893493,1.579828377517893,1.3018000765605677,0.435826278543599,-0.9288106006773755,0.18279493515020098,0.9370629746459207,-0.37516213031681045,1.2734210384888132,0.4831131352116915,1.7336722806447022,1.9676479336144512,0.7749734089320914,0.7406818837091782,1.0995015256856753,0.3090431526336185,1.377911732031342,0.3040236825338416,0.7417037856021894,1.1493055755801878,1.1002202768171405,1.7951731416272565,1.5320526973380766,1.1404160919797277,0.907082271241754,0.5880299534282427,0.8378208941439411,1.2404642737420284,0.39625644265419363,-0.005229158227911616,1.4045617163991582,1.532901271532664,0.7448364458794874,0.5794762704219488,0.8807563616261007,0.511470741728405,0.3090013817974827,0.733862404842623,-0.5776799610720377,-0.050575874186696367,-0.26857886210689186,2.8510048727380735,-0.5376086492226881,0.19422360837287944,0.23961671938169288,0.3311382593435217,1.0581333174354381,0.6018136921256626,-0.14139824760509365,1.5897504557480198,0.4756659704130457,1.4416256872769926,0.7538064425751569,1.11779250724721,-1.1801652969528205,-0.3627978794959934,0.24509011291391564
-0.46734003102206007,2.1563531867216215,1.193793038325116,2.6845009275643124,2.7091314283050285,1.6813195853489342,1.7235416684779488,1.248403617017143,2.1933550170281055,0.39013743618548247,1.0593831158763316,0.699582743204816,1.2418137407632042,1.5076516067132295,1.2835515079706041,1.2933826656444671,0.7593575676230068,0.8218072665581103,0.8693429048525276,0.41455992890257143,1.0249856783608038,1.3881105067149537,0.34717749428002687,1.3294746903340606,0.2899153176471883,1.2768054125618638,2.193103667857404,0.8083436800616072,1.0376392197644277,1.4158270582236856,-0.04149436817976263,-0.9657130442859533,0.9910472364495694,1.2873862278626422,0.758793824432437,1.4332908362344932,0.5760844764686046,0.8421596760972514,1.4601799543680378,1.9000805666643976,1.507611211621771,2.0209502033060387,1.8246480684380493,1.4052708391211342,1.5918998477427089,1.3152693310281962,0.47973777651171284,-0.8217200610557318,0.05546289001611186,1.1843330176012992,-0.3806957647874362,1.0870537164599305,0.30187035943674273,1.9124211820478587,1.8168897692872512,0.5078120592449675,0.8027965682815968,0.7652114671922832,0.22783184709070617,1.2654203377441653,0.21928810224525425,0.6048423658462088,1.0720250093369614,1.1556271054022214,1.8318617922864584,1.4770047389081695,1.3140623399601177,0.8155600276635938,0.6516502621280836,0.8411626512065029,1.2332507963179864,0.41742104187616635,-0.17171443405278444,1.26127610116863,1.3990107257839648,0.5591643364218607,0.4317195708508264,0.904136520592478,0.7603856148869611,0.4006134350325793,0.729968927523049,-0.40273438375055776,-0.07388624365674591,-0.3509138127438044,2.7014465942004042,-0.6608346054169165,0.17284908377662356,0.2153305801143213,0.32231952656984325,1.438155029036057,0.7384313325932008,-0.29825181658945565,1.1096994568836083,0.753488700396557,1.4565479161965538,0.9213367046892735,1.184104708257559,-1.0058479549918788,-0.5121159656625901,0.5782606205871509
-0.2974625568825985,1.8587897048223716,0.9219024763228835,2.74767956351888,2.4726494281965157,1.2816436646646068,1.5638075654977641,1.2350595001208402,1.7496327318298277,0.16430028673262317,0.9022365443210838,0.5260966950221087,1.241097831699278,1.4488911692073312,1.1037521789607136,1.328115094561187,0.6635217903689202,0.9748087006738684,0.8940459132658162,0.45784687160535187,0.9590143337229904,1.4569468027616295,0.22751943074190586,1.2664357089732892,0.37367900335839077,1.1065343851674814,1.9978555310400998,0.7524547906034154,0.8991522365541897,1.193011481710942,-0.018751354407042703,-1.0184960764925632,1.083818713794758,1.4740175217115703,0.599679006515396,1.1607136473760593,0.5971105840382293,0.8934707339727302,1.2200751548996478,1.847975895075895,1.7126235500153464,2.143128918917059,1.827153403309164,1.5037958700917216,1.4990528673155632,1.266203885636586,0.4710694088093492,-0.6694358044435685,-0.08650291910031645,1.3572144403645836,-0.3539900731688634,0.8558553792017213,0.24740229611402126,1.9987011679989668,1.6001844237545937,0.22907800694300937,0.9318168450180251,0.4450010447409235,0.0014299801271079832,0.9822723882953495,0.03868290225551413,0.4574243470156834,0.9491523849958621,1.1601306929127146,1.7928369496299,1.3311498079843436,1.5268549569788148,0.7360301459422577,0.7851269707517363,0.904376176295494,1.2161752657046112,0.442292729941055,-0.32749879642780433,1.0453393037430507,1.2355803125048206,0.29765828555876167,0.22081368527561307,0.8176076087423606,0.9337110500479592,0.3888885957910657,0.702358818796479,-0.18168695764122628,-0.11893889097288692,-0.42150093751375034,2.374842057264411,-0.8087822270217517,0.09575548706843719,0.10836295866797345,0.26327498781457426,1.7029530294228188,0.8093844245146287,-0.520091962950881,0.4880631970359222,0.9645267857737951,1.3979072337792788,1.0044066500417004,1.1612890543627763,-0.8350056555977938,-0.6444618888221619,0.8456418811330613
-0.15429924826542893,1.4803630608239837,0.6477039827218034,2.64855056711426,2.139263783408733,0.8565916037830174,1.3996965692369552,1.1727247312641955,1.241841783200789,-0.16301613642660565,0.6120484911638723,0.27155265648276067,1.2191414315128157,1.3190846136320087,0.8756835311821788,1.3074357474848364,0.592097956621766,1.1096998450560565,0.9153830620680263,0.4893599585707157,0.9090230393017975,1.4201037231262013,0.12024653497316684,1.1593520968178541,0.3428296097542328,0.8685137520312801,1.6703190085020148,0.5848324923108877,0.7410009600302332,0.8948500918706976,-0.004326290430065693,-0.9581462788458782,1.1692881541213025,1.5867628942534513,0.3619622467061561,0.8437027679928706,0.5553224049061172,0.8791685687905856,0.9487064552575799,1.7334332347395995,1.8364198766077169,2.147190669963103,1.766430927662823,1.5098564575744822,1.3166412734387678,1.1954422514701146,0.433999451552843,-0.4519417149302617,-0.2217350973191273,1.4552017852404018,-0.31990411446309874,0.5812184635517836,0.297497819333421,1.9665125287643883,1.333675015207912,-0.028149543126780214,1.0572069034972293,0.17497472733163671,-0.3390309181869047,0.5789192456766116,-0.18884566182077692,0.33897926461232697,0.8014694940382608,1.1095457960886426,1.6943474546991455,1.1317129356310636,1.7323209720266755,0.6858961055109561,0.9198976538992315,0.9726056108290501,1.2033195359653353,0.43973962058040234,-0.4627426437947542,0.7853103850767419,1.0782735178685827,0.0049423665825182985,-0.01751634569390225,0.6370443141881118,1.0077051481035817,0.28822644136192305,0.6233407758512095,0.032742752558217694,-0.2082680967059017,-0.5003038675760347,1.9073572608427396,-0.9841181627285788,-0.02952501478056164,-0.07250862049800853,0.15514083164527934,1.814229998331049,0.8187985216600737,-0.7580951950019125,-0.17191872762402638,1.0769598829254796,1.2701627992191358,1.0151674640152657,1.0774149980228427,-0.6711119048596681,-0.7343372039076898,1.0184045706004083
-0.05191915856424652,1.038716708597473,0.39264484678039285,2.3373516189317125,1.7340477697140646,0.45405502061085434,1.2292728939173798,1.0280918580455936,0.7299106474567634,-0.5329401364757149,0.24078760130349477,-0.003994843679090583,1.1989806845521735,1.1446191208836693,0.6507219800108146,1.2053877546558933,0.5614441128719994,1.165896449374452,0.9243364739199278,0.5184396192971295,0.8772414874143307,1.2703142459482373,0.05213357850772461,1.0275685433745196,0.21814728777208237,0.6102217743289529,1.2710938883444156,0.33633927087870236,0.606276857251576,0.5790123017821105,0.01114147145431772,-0.7651247572735101,1.2491380765126077,1.5584499206658562,0.07200351381204569,0.515362839099391,0.4601210628865584,0.8296323035049987,0.6990345135889711,1.5934691752762185,1.8714697324652572,2.029685667757419,1.6516323345228885,1.4442177373450238,1.0671631411612903,1.1343421218801697,0.39148389958066565,-0.16293913254760292,-0.33247514174367904,1.481265508341579,-0.3026322244710212,0.26284473066893715,0.4047157473071508,1.7984770484673194,1.0334828184467602,-0.23482514026936308,1.099902265663889,-0.02286805726609722,-0.742055808221514,0.1257321196913655,-0.40253851687626796,0.28553484306773597,0.6518257772213336,1.0086606812341052,1.5635735761476266,0.9250995071885666,1.878909371515407,0.6775580924377488,0.9860216630506364,0.9820429017440632,1.1994464423333704,0.3843467463174599,-0.5700594270811835,0.5102285174619009,0.958763684784373,-0.26879304220771333,-0.24132451976290553,0.39325064466237497,0.9735827812476688,0.1290140191833202,0.47571096370662436,0.1864815233706786,-0.3566763735660159,-0.6084813899643662,1.3439031693826304,-1.1850873030747475,-0.19218714917418284,-0.30766821970503233,0.00635339507490863,1.7571296110823236,0.7751203622766288,-0.955257556527951,-0.768786738173415,1.0738827013128198,1.0779547832456613,0.9705685727049979,0.9559507578169317,-0.5186176696450348,-0.7643230709760489,1.0778089024864164
0.00435982052605782,0.5506041261657795,0.16813938044606033,1.7957356090898668,1.285471978688777,0.11624011370823939,1.0498854754288167,0.7789335016781276,0.271006120585791,-0.8786993930503217,-0.14231138133302312,-0.2346462244466011,1.1981940026380453,0.9578307649290574,0.47910355365905016,1.0114224509171499,0.5784112590346155,1.0936525145120148,0.9122469749297187,0.54894290631661,0.8582194012699834,1.0183272620619719,0.03641832513279308,0.8937654592685846,0.041272856417257274,0.38002563162436764,0.8571370646174681,0.04821631439883209,0.5298469123152962,0.2965865481643474,0.034411078201072386,-0.4422651908634481,1.318427631511305,1.3464632674409898,-0.23923896310244258,0.2102300595380206,0.32621489711326423,0.7778521711942556,0.5159808672686433,1.4624933999825944,1.816050714362106,1.8022279812332125,1.4888404542754954,1.3260669342682805,0.7750261010575435,1.0950418838536318,0.35966492450454246,0.18588846469711406,-0.4064527197591652,1.4390039070730896,-0.31902634441799893,-0.09529770716754624,0.512410307486384,1.493405341344932,0.7168807234078681,-0.3686105909084811,0.9928550065369882,-0.14161127270108723,-1.142336315320548,-0.29872054027622313,-0.541393526038799,0.32216188504007376,0.5220673699619861,0.8727126938034093,1.433797228539804,0.7585489487400799,1.923522438044412,0.7171380834895191,0.9297933733719577,0.8766087323589552,1.2002038710620118,0.2645741313470865,-0.6459240426327941,0.24894029130861647,0.9000733662433084,-0.4770103507576221,-0.40901927196842947,0.12665841872358477,0.8382966250875291,-0.04758303529843267,0.25857695910742173,0.23549592380690645,-0.5696660328675835,-0.7639230524313242,0.7286685217311178,-1.4050238516024391,-0.3767449740192463,-0.5708885089563849,-0.16705317348690635,1.54182538997571,0.6887678944049634,-1.0571078793821442,-1.2200059962681775,0.9544065294217815,0.8264312061418527,0.885271554376526,0.8073712911699132,-0.3864930995544999,-0.7274155029947188,1.0178518962334966
0.0179735380683581,0.036253041581400115,-0.02205766999616588,1.048683015022666,0.8252013000787337,-0.1249521367952273,0.8630776427345176,0.42263869384837993,-0.08827320818270822,-1.134892105765617,-0.46180820516441773,-0.3608322325652108,1.2241984957517336,0.7923817998647531,0.40086857093045,0.7382574756342168,0.6394653990029034,0.8682890093479416,0.8741731607199287,0.5808762474612795,0.8425381232306981,0.693160704318213,0.07186003626871056,0.7804055368826233,-0.13465575904067886,0.21708768164515294,0.4705861477465745,-0.23389189170512922,0.5311650141686179,0.08299568116348614,0.06792969810130207,-0.01628143362205933,1.3679217210020596,0.9468811458599657,-0.5387162823229971,-0.03830886702203877,0.1738917278808895,0.7524910168132987,0.42817933084016224,1.367973525880875,1.6760696876435623,1.4885836568769764,1.2836771853004567,1.168220344728212,0.46310332996822234,1.0678791644942824,0.34589720524667344,0.5656170565763552,-0.43746803326231254,1.3317371449651045,-0.373744856666939,-0.4788951600021176,0.5720063210994624,1.071995992097433,0.4041205247632443,-0.41531161712634007,0.6991393760113135,-0.18693536364602897,-1.4697687994678157,-0.6207048822095705,-0.5560445788374192,0.4569820808118149,0.43026164294003627,0.7265297102546494,1.337484735134802,0.6716337735549797,1.8424918008739453,0.8032418025731093,0.7271297203862458,0.6232846794903436,1.195051279841597,0.0870081128327052,-0.6910078907764736,0.029684127659587098,0.9128311024038753,-0.5850803125407321,-0.485731372790902,-0.11933972736981702,0.6228938078385584,-0.19627740347476128,-0.010535558514425131,0.1556493900385893,-0.8427430997812351,-0.9763616250929339,0.09897024841120412,-1.6316267383443603,-0.5615951096415115,-0.8333812528754974,-0.34247422804423866,1.2012387156659765,0.5711631603160126,-1.0221650859947833,-1.4731944193076858,0.7325497011946098,0.5234451607621136,0.7670696244734739,0.6272181521015406,-0.28902577504185134,-0.6268230881412375,0.8466072115170611
-0.0002213222896517306,-0.4759126430741608,-0.17793442746219157,0.16689170390933208,0.387302874564894,-0.25108437716465865,0.6770057328196861,-0.01969776470094061,-0.31794573144990806,-1.2468097461933703,-0.6489947092573041,-0.34066379332170243,1.2719123461474353,0.6781462176059347,0.43882955323638956,0.4232104402065028,0.7313886308511441,0.49861024918917907,0.8109159292479705,0.6133653853664739,0.8207879664139288,0.33818874867729365,0.14567276432528556,0.7054000173768763,-0.2566101297787334,0.14338297021025298,0.1343732228682647,-0.4657235788908968,0.6106551702253128,-0.046075322368256115,0.11020194494439847,0.46548749866644956,1.388133541962618,0.3994211765778694,-0.7932612241489582,-0.20143050619433936,0.02834927620815769,0.7725466159483795,0.4436495584007839,1.3277997001711648,1.4669253501567798,1.1203007931477555,1.0454715436083473,0.9765843748458434,0.15193116756597574,1.0268277329236852,0.3505764579129364,0.9358973123033544,-0.4246672109002438,1.1639565125834466,-0.45729514115986913,-0.8593803635178752,0.556733143906701,0.5784265427167574,0.11950715047877615,-0.36929368696926546,0.2232158940037019,-0.1724615072032932,-1.6597179134964142,-0.7833753765766464,-0.4185387749150272,0.678147374772434,0.38857129940485063,0.6010783955413401,1.2986953303781654,0.6891106484506514,1.6370682885583312,0.9260804122846175,0.3894208777686341,0.22213535180821456,1.171759340336076,-0.12465052010181156,-0.7093660410049201,-0.12135030610932486,0.9930435549422669,-0.5759189071188431,-0.4486024987898815,-0.305194282584983,0.3588517190218237,-0.2748505838374325,-0.298216124981006,-0.0511459670953969,-1.1612172609936677,-1.2430886779391936,-0.5163206853606168,-1.8464056657940513,-0.7189240963751992,-1.0667467078624955,-0.4931985103000792,0.785356916031441,0.43512562821541084,-0.8299248729898852,-1.5102230896914934,0.43461448498084526,0.18247774179313994,0.616395138800245,0.4011526860693148,-0.24311214624285457,-0.47332588916835955,0.5860858690363323
-0.03412841869973562,-0.9467395099117983,-0.2994573107287098,-0.741768009238826,0.006232491900813485,-0.2586983615214591,0.5055016002054133,-0.5048329017414539,-0.4080424302897293,-1.178677635876366,-0.6543808317102884,-0.1582479038336633,1.324503144271365,0.6363268256833792,0.5947709256363215,0.12196523892537069,0.8334888979440321,0.027238795241875616,0.7291871520499823,0.6476264726715535,0.786605240935547,0.003559757707591554,0.23917474794764904,0.6778817189013122,-0.2827029222653418,0.1596945583726141,-0.1451025600451193,-0.6094272688825747,0.7504215183540708,-0.09331523967983384,0.15807599663693764,0.9429153642821199,1.373696906174139,-0.2183475466433588,-0.971514362013685,-0.2587916921923396,-0.08251691420059887,0.8446551010281498,0.5500435032230645,1.3490891506801381,1.2142236868509506,0.7320858315424572,0.7908478124831262,0.7537975130950805,-0.1387963455777458,0.9412258830057093,0.3715436416243772,1.2543783724911193,-0.37080451821173205,0.9445969392678805,-0.5474734063150493,-1.1941630970380954,0.46819809864035294,0.07644840285692729,-0.10951002894837034,-0.23327352765532483,-0.38735670341980954,-0.11462047479474685,-1.6630968457237907,-0.7557692227119278,-0.12806109268850474,0.9547628067863869,0.40197470635151705,0.5278468296698207,1.3266485967923691,0.8163792553470364,1.3321900062285523,1.0675413661190931,-0.03943808979461635,-0.29162763453811263,1.1209597135216174,-0.335759912917155,-0.706752841826861,-0.1831739833724395,1.1219938981006274,-0.4521468078365941,-0.29036464955738184,-0.4009965308898712,0.08321117603321176,-0.2509695058224045,-0.5621468073613465,-0.35583766944292,-1.5003955295642746,-1.546511394264636,-1.094255487325145,-2.024990451523054,-0.816951004120136,-1.2446791558195238,-0.5920455358425263,0.35318250863766226,0.296054250966666,-0.4848821299649794,-1.344719294764597,0.09575301813187696,-0.1752374464632994,0.43007757707748046,0.11523852318061785,-0.2625788635802019,-0.2810408457215733,0.2705778689558974
-0.06511438190361886,-1.3280527139027787,-0.3844006036838661,-1.550427644561501,-0.2865259456052042,-0.15910864192723131,0.3642493249579832,-0.9743634632297452,-0.36884949444837195,-0.9196978364385876,-0.45733000639643423,0.1726759315120079,1.3572147576929445,0.6756461786068576,0.8494267081683843,-0.10398732878170719,0.9210790124574297,-0.4773082499818793,0.6400650218259424,0.6886608805937368,0.7380981903361025,-0.2635263061705719,0.33436774206549297,0.6952432808378456,-0.19031772579305387,0.24646428444413906,-0.37033461053424177,-0.6376600051701717,0.9189961487265189,-0.07404776945787692,0.20993042102153353,1.3541683119138628,1.3266459183646226,-0.8062414435540847,-1.0464420350706103,-0.20222658290225717,-0.1319624550780452,0.9633771102894386,0.7190639989135427,1.428092856026909,0.9523010473397325,0.3577920703675947,0.5447882314944108,0.5054130383107226,-0.387815508469018,0.7900072708197312,0.40894607059877036,1.487151649709154,-0.28007841546592466,0.6907267872105772,-0.6140510198617932,-1.4319906447967146,0.3342786500792643,-0.3600175924492755,-0.2557621089516348,-0.017856608208987025,-1.0501855844999868,-0.0285858774095251,-1.4548240337043827,-0.5372758486944,0.28847345872771274,1.2418894091461021,0.46788316340345193,0.5321249143936582,1.4122267024634683,1.0383260287414529,0.9692678289081057,1.2027910915862408,-0.4937935705930167,-0.8541438724098214,1.0393395006118684,-0.510422680673287,-0.6885685550504806,-0.14454762458786288,1.2686746417095829,-0.2347760176998263,-0.020830421324988115,-0.390419338670697,-0.1665254114033433,-0.10773650657086656,-0.7610755051250652,-0.7064920722331863,-1.8264725312072165,-1.8546736199029625,-1.6130968637952843,-2.1389738755814784,-0.8246999288083204,-1.3439793744252948,-0.6156278625172654,-0.03626739393575391,0.17297995567409818,-0.016088860774401227,-1.0147460738016805,-0.24383264232064514,-0.5206927968480483,0.20797280040867086,-0.23203917666954124,-0.351219415515039,-0.0630147252683533,-0.056515838988962765
-0.0750983957938505,-1.5693560403946905,-0.4284962905265095,-2.137330224866924,-0.4667383939390997,0.023497178075671053,0.2655609364768168,-1.3656564833667661,-0.22803999797946742,-0.48691202370627196,-0.07090203669600288,0.6105359699350972,1.3435003249284236,0.7903786448437602,1.1660281362790879,-0.20305856776243011,0.969797535576457,-0.9349255256334528,0.5563752793777026,0.7447978717807786,0.67758619771555,-0.4283818212302391,0.4195455279897456,0.7425364445176251,0.020027826998281883,0.3692063130130095,-0.5436671555506445,-0.5367796141988515,1.0788188258876046,-0.008303958818114816,0.2682396261602971,1.6476824385461728,1.2574999062598358,-1.2625032886778034,-0.9987982406804368,-0.03837741254132583,-0.0993884813274896,1.1140428393855226,0.913739079478085,1.5509839230615248,0.7200850258141466,0.02737234201948444,0.3381614951979871,0.24595626800488,-0.57084354805367,0.573735871821328,0.4683383008114742,1.617228316669523,-0.15632318010432034,0.42974316532217977,-0.6258919578584258,-1.5230061982996324,0.1992001949721333,-0.6602683188184704,-0.2978818266468914,0.2589865755511961,-1.664430795146985,0.07373376678224752,-1.0393720909222708,-0.15703469902585562,0.7809690158294765,1.4888159123703923,0.5765882573374539,0.6266121910062394,1.5285642923602125,1.3216862138801981,0.5953073638543781,1.3036374972035238,-0.9018079597135958,-1.3864120328257346,0.9305582313666435,-0.6218753716952333,-0.6580285112999427,-0.008688571422871367,1.3947028098941865,0.04094399036847206,0.3338114415016556,-0.2723824453889433,-0.35693192034979493,0.15284515693539738,-0.8653577805536964,-1.0371792724315152,-2.098748375007482,-2.125352087629686,-2.0480222900876504,-2.159614524131633,-0.718583018296721,-1.345715717994662,-0.5486129233531389,-0.3324676562513215,0.08847527217296747,0.527331571016727,-0.5730681110521721,-0.542944789006479,-0.8197985156555918,-0.040069699169352976,-0.6202065235056439,-0.4969210910472426,0.17178317879708438,-0.3473501064706622
-0.049903558449725736,-1.6285018491481336,-0.42771058652003074,-2.4106565331808136,-0.5217477958775374,0.2554659035709847,0.2136144578516102,-1.6243671272472116,-0.025315982198585454,0.07578694880633895,0.4591157653351557,1.0928729037716327,1.2620616665834408,0.960702429638552,1.4965449247249472,-0.14822625051715044,0.9601590701649769,-1.2712324946575635,0.48982412155567184,0.8248611133895065,0.6100425881670614,-0.47576087540424095,0.49239548812222883,0.7948669045667072,0.3254042835166436,0.4871394778423241,-0.6606112633602548,-0.30909445004466807,1.1944704212053103,0.08664515474890792,0.3401097651476752,1.7922021083852604,1.1836255550026102,-1.5057025951377436,-0.8212761158419757,0.21044093340048034,0.024488006687812855,1.277105997604236,1.0966423929990776,1.695453310022933,0.5546311884934346,-0.23528279612858216,0.20199971572451078,0.0020707302879138054,-0.6617300683044335,0.3202656628241376,0.560494942765988,1.6485105017968977,-0.002301561264295865,0.19829033559038134,-0.5590865679492457,-1.4315215251899909,0.10875175176369314,-0.7714294626454948,-0.22660677107623475,0.5725605591165539,-2.131677144284117,0.1834035405532802,-0.45241076484175685,0.3312992119668328,1.2848208560210894,1.6489670560755765,0.7123949540750628,0.8067956582242299,1.6358493221765524,1.6203936213604977,0.2514596973401352,1.3432936485831048,-1.2018934817545783,-1.8115608252976538,0.803658648490547,-0.6604379388984493,-0.6150985447467462,0.2035696715856482,1.4610550394949096,0.33159025690514504,0.7337226345256047,-0.06049702049917262,-0.4621803166717785,0.5091261819839271,-0.8652877908457437,-1.2799645593210598,-2.2738316656546638,-2.3134943695249794,-2.3696374768416213,-2.0631676219526947,-0.48933243037388835,-1.2371862685188773,-0.38743931102743473,-0.5002848879993124,0.06662308883949213,1.0836729305916035,-0.07744193432977274,-0.7637664855314875,-1.0385087334641783,-0.28979115598906585,-1.003371532394093,-0.6693008078685165,0.418920237548755,-0.5557120606301921
0.017492814876116272,-1.4836235548371353,-0.38162387759381006,-2.3284887057739536,-0.4537540802342942,0.49822634309996905,0.2017899579428447,-1.7158108272862376,0.19438902078516826,0.702666601199753,1.0608401337719155,1.5471236074730326,1.1030712051981484,1.1554370223911699,1.7893314724157152,0.053410446211822574,0.8816030262427257,-1.4338422005694573,0.4486372979707797,0.9335546120594801,0.5409279599059806,-0.41227624896566567,0.5597903587193096,0.8226577231379486,0.6852317984635798,0.5629777505103317,-0.708206052587265,0.02608232404743319,1.2395995646545188,0.2009671670077727,0.4351513288072203,1.782319677263025,1.1250782335801432,-1.4924838773758993,-0.5224303429522241,0.5075719155842306,0.23350558883109954,1.4326571849129022,1.2370370398795587,1.8331151109078447,0.48349371246074413,-0.41391366993119977,0.15998938824673398,-0.18917687342914774,-0.6368971088968914,0.08164945071213807,0.697632836490628,1.6039262145703097,0.17951632064905976,0.0370036159727096,-0.4042653169565132,-1.1482579098869312,0.09492014133189779,-0.670901880987791,-0.04998851903701978,0.8924955837096972,-2.3766580193779294,0.29242710761263907,0.24205083585654413,0.8581994034948381,1.7319254464513103,1.689341627682124,0.8552638286563857,1.0492484557866977,1.6893649025786408,1.8828749857269254,-0.03599565700472595,1.3016197473336628,-1.3560424707973353,-2.071763377628473,0.6695098484200436,-0.6365552449569197,-0.5565549971898248,0.4537351338645259,1.4354132085404077,0.59252733760514,1.1297877222917236,0.21926646611590556,-0.4664240288696134,0.9221062057493197,-0.7748574684477038,-1.3779410460062587,-2.31206880877183,-2.3807882998104097,-2.5467010894162923,-1.8369962397288853,-0.1474496918602633,-1.0147991738305946,-0.1430019209229096,-0.5246138921746636,0.12880855331886476,1.5878004322210881,0.41715993087040226,-0.8765349936423754,-1.1493281973118095,-0.5029437667032413,-1.3150332359983188,-0.8225655963547549,0.6762027675807466,-0.6441205551456833
0.1245027963798754,-1.1426592488445466,-0.2964180931659409,-1.9092118343012556,-0.28099539987297745,0.7134523780779505,0.2130968691803187,-1.6326017231958936,0.3879467995057386,1.3147296043497783,1.647337948733671,1.90315941390806,0.8719281105924789,1.3367946676620903,1.9968043503396558,0.35904608426098666,0.7352846704880814,-1.4037595869937058,0.4362263803253325,1.066484661181648,0.4742215375307551,-0.26368327961185845,0.6344047510263223,0.7987987712318939,1.0489314870141924,0.571561355495918,-0.6691707383936495,0.4330356087296361,1.2010134053351138,0.33283150408418394,0.5611995029692189,1.638044747425227,1.0988742280177608,-1.227178021492786,-0.12901207257709862,0.8057096739531133,0.5041597674554161,1.5638537144183207,1.315331183529626,1.93269856259198,0.5177038072491806,-0.5011602962168515,0.22134475540345958,-0.28720047933517534,-0.48238661655229875,-0.07751411955740528,0.8870994690918156,1.5180757327842325,0.38492087335374225,-0.018360867361816254,-0.1711762320922054,-0.6983019304494164,0.16446381265690416,-0.37343380631190276,0.20440534939609933,1.1846359771384563,-2.3631651812920023,0.39115771633769564,0.9590735955817467,1.3486838451625203,2.061866365351738,1.5973650371890662,0.9827867511977626,1.3134919508260778,1.6489726069774293,2.0599896876687533,-0.260021991837852,1.1696007493660536,-1.3570231654434395,-2.1407598478914553,0.5364950466403547,-0.5779629743395052,-0.4772296468179248,0.6896476292241353,1.298617981083716,0.7847222565582933,1.4691797559596478,0.5320561142066994,-0.3651379031135814,1.3406269720791755,-0.6296665046593054,-1.296942281116116,-2.185624673389546,-2.305318250470357,-2.5529535414978684,-1.4851065407268378,0.27456003876713114,-0.68733229885436,0.1582603995783898,-0.41243039360907185,0.287914953874321,1.9805350946254012,0.8634077290951809,-0.8641842734193877,-1.1377017596480945,-0.6334276307798964,-1.4809421186032687,-0.9039298998212851,0.93955721087147,-0.5910392557415656
0.25811358911574084,-0.6470110681878126,-0.1860434869997037,-1.2296294307928723,-0.03613445452096274,0.8681994882205105,0.2238046965132317,-1.396667646414065,0.5202124930371581,1.8307330612230235,2.130082467024665,2.1051179052637736,0.5893808883742132,1.4663767335843725,2.0819693041197818,0.6974357704012238,0.5349108057035767,-1.1991607402251516,0.45105457965912776,1.206756534916976,0.41136288647425384,-0.06791233695248867,0.7292100564716432,0.7059984687234651,1.3649485044752572,0.5052803476009283,-0.5304312261054943,0.8624254959702601,1.0793325625441739,0.4849192255016644,0.7193853886380697,1.3985553022202524,1.1132094333685683,-0.7611410182873064,0.3146458107571816,1.052838858689697,0.7968112943935911,1.658475866808755,1.3240458930504955,1.963869205642467,0.6473246880483197,-0.49966729973458013,0.3762617761936391,-0.25861076878288675,-0.20153302526680875,-0.09752769849308933,1.1246381932757126,1.426398905750976,0.6055282989132781,0.05266982745243342,0.11098140428564437,-0.1416230316017604,0.2949417760661948,0.0693820350737428,0.4916372226613248,1.4141033605129567,-2.101469744705086,0.46656926360852735,1.6041010508325608,1.7328232794851588,2.231159700664375,1.383503709402118,1.0723349901543122,1.5474150840294094,1.487857567595091,2.1123199490405566,-0.4316039042291021,0.9518351930895911,-1.228026874482069,-2.0289610714734483,0.4070158406917672,-0.5218217915219928,-0.3721566408901321,0.8534434517246577,1.0487840338874654,0.8803643772083065,1.7016787616411555,0.8381941490163581,-0.16562913791268366,1.7087561116180292,-0.47916129302488036,-1.033611357982545,-1.8866894112782981,-2.0888466661916736,-2.3763209753513665,-1.0315077168916698,0.7243344319695298,-0.27847844384721826,0.4755686544589932,-0.1920903122419669,0.5423120279567308,2.216827014412749,1.2236047398617929,-0.726289936383218,-1.0067310376811691,-0.6382480738209514,-1.437407619916503,-0.8661738039779547,1.198895229679773,-0.39676677233197066
0.39636362698481675,-0.0673400543689529,-0.07076526516913069,-0.41077898041211625,0.23820555757624198,0.9392861257935651,0.2094197167058867,-1.0549609969356657,0.5684728305499805,2.178990996456818,2.4325249681405023,2.120214874396142,0.2876692955135006,1.5113495821051333,2.0229715322118333,0.9836062048996568,0.3051098694176622,-0.8705655501000442,0.4874708151017014,1.3249755575963709,0.35148350633151726,0.13406175122781191,0.8515400632284884,0.5423521452783094,1.5894836694859862,0.37503854922339286,-0.2929248020560472,1.2565718906233532,0.8866044508697588,0.6583191846040034,0.9004379427621176,1.1119218810359999,1.163303805321326,-0.1820131484672441,0.7510268339324566,1.199881349648708,1.060321692034442,1.7084693813012028,1.26547199291436,1.901293956073477,0.8411571897620688,-0.42288077902802795,0.595508259357917,-0.08890918130478831,0.17943653202265294,0.0577924848686602,1.389725956510531,1.3539884985499315,0.8270897645681982,0.2463848464825899,0.39806075914649763,0.4352546885681485,0.43960353175614403,0.5777128744464318,0.7561249545824114,1.5494994430065716,-1.6454756085784652,0.5024641337879296,2.0867454304126705,1.9548971831574542,2.2189018773548757,1.078853834709765,1.1032429584287915,1.6955421881625838,1.1984960653101258,2.0157296205894744,-0.5734800158242229,0.6661783993551358,-1.0152746590542987,-1.7798570959419358,0.27623264476281356,-0.5041627819446125,-0.23904278819078673,0.8923621973466039,0.7020600751712321,0.866394495630832,1.7862991643031627,1.0974821747708903,0.11305451675790819,1.974134707543115,-0.3748392550879304,-0.6179989011588286,-1.4336045182348378,-1.7594671818244272,-2.027514851927485,-0.5199620972523757,1.136415507435435,0.1726860969483188,0.7578982243230921,0.0902103768183753,0.8714914457942622,2.2714168142994153,1.469664280777258,-0.4814207648621433,-0.7789193940533617,-0.4907353047736953,-1.1505388466779627,-0.6813273296468056,1.4359297030743046,-0.08636784348848124
0.5122218612243938,0.5082200281848768,0.02672533983554355,0.4056798594911726,0.49602864319003326,0.916164792355912,0.15131016665133437,-0.6696962446828468,0.5245548124143079,2.3080348761084193,2.5016219791262637,1.9429204642679836,0.0033629394557026498,1.4496300829798625,1.8152524236412422,1.1375807934606699,0.07723866349262068,-0.48852946810242376,0.5369568719531054,1.3835922336285305,0.29280262092349224,0.306942318249982,0.9985592184422849,0.323409735269573,1.6933927538079958,0.20668719498792046,0.021077683485800636,1.5571321646422855,0.6420224859218792,0.8462044701617616,1.0837287739492978,0.8236943453780584,1.2302111802418663,0.4045544416356271,1.1174710830185246,1.2089064189777257,1.2397217319049825,1.7080004085183673,1.1470806192113598,1.7283220645752781,1.0511875510572255,-0.2950490086943392,0.8345868075550078,0.20839085216318226,0.6103743936818286,0.3865999082521698,1.6450311758124496,1.3073647079434425,1.029490672254873,0.5304992271594303,0.639669781279444,0.9353408010810991,0.5398684696045472,1.0587190200654517,0.9418046554378091,1.5676577096954354,-1.0802670797365537,0.4818903843914815,2.334941255267319,1.98013841177157,2.027986739386256,0.7280571177932178,1.058926785276556,1.7087996410730264,0.7944590819191174,1.7644652933116944,-0.7107846562288205,0.3403595474597174,-0.775838515906646,-1.4586134783098739,0.13375009009434544,-0.5496973516476624,-0.08033293335618835,0.7702936282158598,0.28976863325066265,0.7454863728958266,1.6976659843983615,1.2736625004680469,0.4407708951360089,2.0958134333779683,-0.3571700351923363,-0.10984663676123335,-0.8726463622430545,-1.3682691791662074,-1.5446536170262395,-0.009333514072414869,1.4427665024014993,0.6145036615866829,0.9510332436152247,0.37670638273346274,1.2351035717709609,2.1411101042836664,1.5822890324679002,-0.16693518994899811,-0.49412837692140343,-0.19234375659819541,-0.6310625022087973,-0.35157150699334216,1.6252332727595944,0.29164669390965475
0.5792954846230317,0.9907940305015249,0.08649789059957777,1.0852766582084745,0.6952873865229325,0.8016533712058266,0.041889904316724715,-0.3053728929936029,0.3943021294830093,2.194338736448857,2.315595978835479,1.593991936698712,-0.23143478965194061,1.273076830796513,1.4712811514925497,1.1025170243988898,-0.11682852979881253,-0.1269358264300967,0.5891500396912382,1.3450686750090002,0.23455636133283317,0.4272278038312038,1.1555431121515989,0.07986908657375674,1.6661316611474535,0.03409071870586359,0.36631805601971196,1.7143902108168758,0.36722387576168375,1.0298796108515462,1.2396770115772637,0.5674477280772942,1.2831722523049909,0.8963559039907795,1.3565906174780291,1.0602077028744417,1.2857821735523243,1.6510505151258033,0.9763378116641726,1.439536681074275,1.2210656167274565,-0.14969430130640973,1.0416626641908022,0.5885145950992344,1.0221580701874131,0.8430655183817176,1.8408740623092221,1.2717055594184061,1.188777688176716,0.8462347461269275,0.7902379201701146,1.2714709606208152,0.5417300455069789,1.4251268785972873,1.0033939948784523,1.4578747727850339,-0.5031107632832509,0.39111354460196257,2.3070243002728352,1.7984408747926606,1.6820966292128365,0.3790857853814107,0.928861708878856,1.5539856236276297,0.30770194952172275,1.3715002460872054,-0.8614846167030292,0.006231628196384574,-0.5640453756464757,-1.1357988801266656,-0.03211224704258809,-0.6648002433712019,0.09578584667166648,0.4773420089870119,-0.14743560454119073,0.5346618971066955,1.4313361506192062,1.3389720568119576,0.7777926326753292,2.050261661175479,-0.4444833234947191,0.4109809594436271,-0.2739274137044371,-0.9800829386151174,-0.9913043982272277,0.4352178189135047,1.585183695904391,0.9893114333768261,1.006756405286076,0.606548877817245,1.5764654586200213,1.8435203899518138,1.5504412350397176,0.164599777389039,-0.20360357263492002,0.22087682137273212,0.06005562776806942,0.08631755040415608,1.7385945785233976,0.6713356783094883
0.5781917188654458,1.3082136248083194,0.0962081976838945,1.5263812272902249,0.8042774937867843,0.6102642790024329,-0.11339694681659049,-0.01573342023351951,0.1945712002368735,1.8458447864754872,1.8868516103213926,1.1150717936664158,-0.39719758537701866,0.9881283236385376,1.0181550649893132,0.8577360634121648,-0.25168178689480114,0.15382129214155332,0.6322455955933081,1.1818531303549962,0.17855652095721908,0.48555333867088907,1.297549397493144,-0.14876806618356656,1.5162876025582692,-0.1091461731550279,0.6800856597926751,1.6966493702368644,0.08250792245831642,1.1791078166247058,1.3350805577033051,0.3596757801522647,1.2851443739228425,1.2142141964271738,1.4269160444947457,0.756429027300888,1.1647616984753695,1.529769126088149,0.7567078334209197,1.0415772136025687,1.2967430025717595,-0.025904570651874494,1.1674566386710963,0.9800652285787663,1.337343932251204,1.3423998274286164,1.9240639592351565,1.21445028058613,1.2808294465473031,1.1171240739264636,0.8198466027845999,1.3856781227687542,0.41117634262438846,1.612796032166774,0.915867423481212,1.2244298207287336,-0.0026388921315012247,0.2238475767567224,1.9994647768785327,1.424832058718344,1.219656673181275,0.07236255679745046,0.7103183419439693,1.2210300402071248,-0.21785998247264482,0.8662575802808825,-1.029582420255686,-0.30694137199930877,-0.42000994683478404,-0.8705370378344067,-0.2288296079019744,-0.83543080565827,0.2758056669610987,0.0347133354233783,-0.5669660020402925,0.26226796290406873,1.007008753634966,1.278486382098863,1.0777882938599377,1.8347202671280136,-0.6267798593571089,0.8581687246689653,0.2787471358065429,-0.659988298487004,-0.4471916007141962,0.7537633394053408,1.527081125261454,1.2431651727851116,0.8924574162383339,0.7254358859185694,1.8305226751868557,1.412967885482328,1.3717022080525896,0.4527403208585145,0.03922995473681634,0.680113783986605,0.8179389934490158,0.5651827438281843,1.751472294799075,0.979384473528001
0.5020513920789507,1.4186856492619044,0.05402374870181762,1.6778410129699617,0.8057052802728336,0.3644552773495914,-0.29798925629534695,0.16617112773970516,-0.05154271279387035,1.3008263315668227,1.2597714288448008,0.5605202751265393,-0.4920366620867896,0.6139604691631526,0.49362447113516844,0.4234805444763915,-0.3144083777052492,0.3194564553684742,0.6528733037697344,0.8852657717918727,0.12959986799738943,0.4853544583481377,1.3941244761442209,-0.3230394565731051,1.268992332305321,-0.19704751688874958,0.8942073073252882,1.4977251158818152,-0.19515801220214984,1.2572623078000584,1.3400845093357212,0.20006940505534515,1.2003168512352629,1.3152935441900104,1.3113209043874727,0.3224837017518559,0.8663291147709224,1.334613621259708,0.48626834863816387,0.5520729532672144,1.2368249090846415,0.03768583801738981,1.174832325159995,1.2974894254444838,1.484552916019389,1.7764318497345484,1.8491378463027817,1.094368800107609,1.2857741281093236,1.2629860610512402,0.7221472086106219,1.2624659537690652,0.14410307307530432,1.5930524466236422,0.6796148626917861,0.8865542128890322,0.35867277495207384,-0.0156556831028602,1.448685774922605,0.896919213957869,0.6865759290052572,-0.16797249004414544,0.4096805477200082,0.726443107371677,-0.7347666648647189,0.2902499871486746,-1.2031540395170626,-0.5783742136000193,-0.3630305603963559,-0.697514622857614,-0.4548323074090495,-1.0302833038811823,0.4427076773744484,-0.50688200364481,-0.9314417157513497,-0.035772465900779836,0.46852368884883716,1.0935873090211266,1.2928201242052828,1.4676429323600235,-0.8663232167184504,1.1540868039679408,0.7025613589653895,-0.45860129643786457,0.006819497590525093,0.903468738703348,1.261993935060716,1.3368509028433417,0.5989858009319393,0.6948315548890226,1.9350627022167952,0.8948355195709808,1.05349570398784,0.6397767102302716,0.18961996272008044,1.0948550200662714,1.5118076208506857,1.0001981528621542,1.6495951623792544,1.1475311404425084
0.3598533223273827,1.3173199101466349,-0.03120675812251344,1.5448384739949745,0.697741172011872,0.08975128758376338,-0.48930134656409263,0.2325264476412068,-0.3200285011133729,0.6224806898637033,0.5039852621468804,-0.01143205653554848,-0.5320165436608554,0.178860802478817,-0.0587246893449721,-0.14353805059033997,-0.30796305837305815,0.36715301164910713,0.6360456865691031,0.4705254902966309,0.09444390701513829,0.4390108721039199,1.4159552142147633,-0.4125531168058387,0.96114429682655,-0.21595998886641574,0.9506366703137213,1.140547371170643,-0.4521259427853067,1.230238887028346,1.2350790005536292,0.07664050607519536,1.0019601954847073,1.19758857115481,1.021152890224607,-0.19884684828487723,0.4078293746239441,1.0567663275790402,0.15958288606167026,-0.002877212166123113,1.0203849043490452,0.010514428699999122,1.045950137995467,1.4589895587628545,1.413396661853589,2.0364777076352767,1.5892664972912005,0.873690375157369,1.192121308417797,1.2161658609860153,0.5173318910812171,0.9323625372454986,-0.23193447423909366,1.3768949860858393,0.3199575218843479,0.475724820673412,0.5546782310833871,-0.3116437494983131,0.7264836195004571,0.2698742748181451,0.1296719574788958,-0.3382554372930667,0.04307910114246392,0.11208637350123865,-1.2002854084376133,-0.3085164224138066,-1.357639300941583,-0.7991904431142233,-0.39101211343413345,-0.6210806766056152,-0.6969779148519663,-1.2080019551695425,0.5787760760943156,-1.0754689749656745,-1.2138853081593157,-0.3197606759633995,-0.12011334267941187,0.8036497659415404,1.3803713838618605,0.9864229062192583,-1.1051817368294174,1.2435000108449643,0.9319544347918539,-0.3997583819229248,0.3058281396288195,0.868020822313824,0.8166471566479296,1.255479825076851,0.14479393776082103,0.49905894481087315,1.8430372772901344,0.33982562613386585,0.6146293051679731,0.6830209034397837,0.22172770398646469,1.3714369080957654,2.011185723657782,1.3074065807774573,1.4337607015820195,1.1250486093065508
0.17652163596460055,1.0342821917422442,-0.14246071840310373,1.182311852368158,0.49227720308086564,-0.1899216368794761,-0.6650723382711414,0.1991727241580391,-0.5903859778844661,-0.1096872959874729,-0.2955544938052533,-0.546361854101659,-0.5463106574104192,-0.2840950360937592,-0.59436252183258,-0.7623277707158368,-0.2507416135994549,0.3227384122128693,0.566011762139567,-0.023741992913634335,0.0797054619008841,0.36315176678724487,1.3419795878530794,-0.4028333652546552,0.6356471608539971,-0.16576562312673,0.8164789916405923,0.6754875955248568,-0.6764943711189868,1.0767190121557604,1.0159035116322748,-0.02623159594686872,0.678954702159919,0.8955003957085808,0.5949652171625087,-0.7544748654157382,-0.1663013070669375,0.6925204416314116,-0.22754057216387277,-0.591776707215549,0.6508197464278478,-0.12226283549603692,0.7855274383251664,1.4056597416678973,1.1064019142757746,2.03814690509321,1.144134248677965,0.530116291762247,0.999764405276699,0.9365591049270376,0.24928610913971957,0.46481592424166956,-0.6641243686733826,1.0103517092300023,-0.11866357535511915,0.030930262902047114,0.596519535152208,-0.6382960839648205,-0.0702475317007527,-0.39024227533498923,-0.40785929182397107,-0.45372423803770384,-0.3639703963280304,-0.5605983688356095,-1.5826254678178533,-0.8813959903721702,-1.4629898886366295,-0.9724310436453371,-0.48522388846029696,-0.6175053292243263,-0.9311992988049801,-1.3262867253981123,0.6688532969697695,-1.5909233488905583,-1.3999670492736633,-0.5498927262010987,-0.6827209955588014,0.4451000165172771,1.311589841525738,0.4428682702141373,-1.2780507058465067,1.1033823196546724,0.9327747944298576,-0.473839436803743,0.41551289981389833,0.662233786713711,0.24753853352537927,1.0138956256070653,-0.424752364010407,0.14886455024241502,1.5334251478282626,-0.2008364037089237,0.08633383390082598,0.5661151163460313,0.13578850775167284,1.4348558172423538,2.214384447880549,1.423579369256626,1.1215476951449588,0.8888704886161041
-0.010476753066152329,0.6257094788864541,-0.25883421377382615,0.6784979161260298,0.21135920709989858,-0.4554170468831033,-0.8085732488280493,0.09886450644579907,-0.8479470520017075,-0.8103152317663892,-1.049983012968893,-0.9990737639949627,-0.5683339218486819,-0.7409931673948178,-1.0721702858523623,-1.3441901878937377,-0.172247261561851,0.23107653296327443,0.4286362452080207,-0.5415159298299244,0.08952290219967597,0.2746684522283637,1.1653946419886467,-0.2982882191547553,0.3357015190383773,-0.05793288815992929,0.4942026041247867,0.1730659653452091,-0.8559649645005754,0.7966896449947338,0.6962066956438483,-0.11958447509242774,0.23970893016748163,0.4687039189701669,0.09198989553938076,-1.28970425730846,-0.7902039393922949,0.2484614207768483,-0.6717912385996369,-1.180391519205698,0.15539997093562727,-0.35418586862933554,0.41969498478571365,1.1168739962323486,0.5849831926988647,1.7420022346831003,0.5428471147010292,0.06563515805415836,0.7213348712748656,0.4221888519476917,-0.02258265858637299,-0.04756623457581233,-1.086474614902129,0.5625857461332379,-0.5820148022029846,-0.4069221455360746,0.5251162611245839,-0.9631026568676511,-0.8338025413189105,-1.013966257471523,-0.8885384849395551,-0.541589955314266,-0.7782036208627613,-1.2197778431441464,-1.86393419895984,-1.3843507917734943,-1.4919990694854801,-1.1096911692588354,-0.6181511242011124,-0.6440593399503584,-1.126172014548284,-1.3504386642367419,0.703459061300471,-1.9797157071789526,-1.4872531714496198,-0.69006995542675,-1.1420659622237344,0.06736325965819927,1.0791253635941367,-0.1029809052371177,-1.3272348494952417,0.7472798511327784,0.7108693287747982,-0.6386590536928817,0.3401626565294569,0.33053485121072107,-0.3685273079622682,0.6559382828294725,-1.0428916316576542,-0.3192248642418567,1.0182498634016641,-0.6789753794451056,-0.4880384124169252,0.30621645879730564,-0.039862824939226826,1.2482053062509575,2.072388007222235,1.3223307571893697,0.7456233060168085,0.4493849188031493
-0.15762849755197497,0.16033961145427056,-0.3603114928751651,0.1334762458246346,-0.1169255963638403,-0.6933596612088574,-0.9107705828832438,-0.028346585156131084,-1.083582581783619,-1.3991167672103701,-1.6777888623380377,-1.3366313628207847,-0.6253314343635404,-1.1600114475608776,-1.4579544007694183,-1.809533751517946,-0.10589548192652176,0.14282487128817917,0.21526738340167575,-1.0193424413209193,0.1239164785346544,0.18831656587961562,0.8971684193904071,-0.12077556747784489,0.09969713051226237,0.0883792169397545,0.023959118978220457,-0.28808302785942436,-0.9763934340764588,0.41534605624911675,0.3064694857733469,-0.204252340220546,-0.2872807723714373,-0.012086459833029913,-0.41832086700947135,-1.755930751308821,-1.3865230803463677,-0.2543767372272931,-1.156714464957909,-1.733479357225529,-0.41892061165534356,-0.6559507599346202,-0.009103742274739573,0.6176143001377109,-0.09215846647739132,1.1648291290692985,-0.15890915998840233,-0.49010879009976455,0.3816757134993087,-0.28699850169291496,-0.23511859580738273,-0.509190360555784,-1.433677862698004,0.110095808820426,-1.0162837392638748,-0.8002199811533004,0.3980994802420607,-1.2512828933448314,-1.4616862499999927,-1.5359903326648028,-1.2809118788497307,-0.6308070784986602,-1.1616669137978657,-1.7940338281088022,-2.039929836827614,-1.7820524704173697,-1.4269162969597091,-1.225471233446699,-0.7615028443277061,-0.6517640245982617,-1.249012546338737,-1.2593790855482057,0.6812480789383306,-2.1876155308681304,-1.482348121100485,-0.71223440946409,-1.4323750258903087,-0.2741860868036416,0.7024546876013179,-0.5900323118919638,-1.2160690320050977,0.22374432409262837,0.31283363665843555,-0.8279610140771246,0.12178203178586808,-0.060503501098528534,-0.9480192655577567,0.24710475358228504,-1.6307731178932967,-0.8475783517023561,0.34405511128959915,-1.0523173072879952,-1.0553273989413214,-0.04564037059986305,-0.25294390307541903,0.8242993166476626,1.6021153625512268,1.0222540797102113,0.3491904776448132,-0.14926592933286828
-0.22387798799262082,-0.2944764047242639,-0.4317627780635332,-0.3616804308984844,-0.4620576299316394,-0.8951142664908247,-0.968881296934624,-0.14483966599445372,-1.2912477547921897,-1.8111426576758665,-2.1147113292099506,-1.5396052346022333,-0.7295561175245929,-1.5133358775977426,-1.727132300013512,-2.101231939127747,-0.08090898376550877,0.1013318016593249,-0.07282208871095296,-1.397736191250471,0.17843221512660482,0.1159348398048825,0.5660443754822011,0.09550582733234042,-0.043235637470669164,0.2505982361255053,-0.5229855542299258,-0.6359364142956138,-1.0221696109838505,-0.019365832126569577,-0.11013215729270057,-0.26973317059974744,-0.8564266442985449,-0.47869994786044723,-0.8685050660722688,-2.1158380693683503,-1.8788535942143691,-0.7793240857496186,-1.6499766396517526,-2.2158306288733587,-1.012385782061662,-0.9790913658836112,-0.4499643172320927,-0.02462633858175153,-0.8381463492186382,0.37848011929725733,-0.8869847742391594,-1.0828427878562081,0.015391360263582265,-1.113173421452872,-0.33427154964912065,-0.8409625355588767,-1.6529799694150324,-0.2789804052406835,-1.3766587366296212,-1.1185942370124125,0.27512906627802014,-1.4702794042625447,-1.8719052661034368,-1.902260160997526,-1.5593943735755689,-0.7416891694977269,-1.476121921700652,-2.222818385612942,-2.1169746214323464,-2.0506967908684826,-1.2623972912761703,-1.3310682885222604,-0.8918643691196768,-0.5980318981998445,-1.2716392305317392,-1.04817768460114,0.6103065801217807,-2.187504501764669,-1.397381944871451,-0.601257331603029,-1.5109396860140436,-0.5274400822807218,0.22864680420300762,-0.9636134323685257,-0.9374995593236355,-0.39070358343929873,-0.18157294243035932,-0.9656095757654886,-0.16963991945489112,-0.43401115163031734,-1.415384402296613,-0.13809581350684758,-2.108845708601304,-1.3653462493240813,-0.4128830819983076,-1.2874970081481727,-1.5572603619586305,-0.4122735582194516,-0.4371972088516432,0.22587887765699652,0.8854413056499928,0.5847853232797583,-0.020377074289556582,-0.8345802463667206
-0.17956075683758022,-0.6841750082624903,-0.46535494040737974,-0.7405147811486885,-0.7937661855959545,-1.054705316419485,-0.9824042498062452,-0.22292509944197994,-1.4646850747758398,-2.0053755879703106,-2.32150202682781,-1.602396063003511,-0.8738504932159613,-1.7786234308910014,-1.86676905526869,-2.1922518901171095,-0.11558301530659823,0.13287770770933865,-0.42103828295584556,-1.6314317267331508,0.24504309991108517,0.06664344025840134,0.21463552758912469,0.3111689722557303,-0.07713040555237778,0.4061145291788616,-1.0583453398909952,-0.8195630941564617,-0.978984945005326,-0.44554305691494844,-0.5042960027096858,-0.2979213856638017,-1.4112919296518762,-0.8756628750436691,-1.2045145669615176,-2.345629575369594,-2.204409631982548,-1.277226338019553,-2.1052741410248723,-2.593533845009234,-1.5608725140651185,-1.2647259423502621,-0.8524631053543592,-0.7130354895532276,-1.5528518068771473,-0.5037265770238845,-1.56059949872502,-1.6425767094858719,-0.33742029313261995,-1.9521401368581297,-0.28630679889298166,-0.9946512766854916,-1.711654611202106,-0.5569614248529605,-1.6326517134674272,-1.3412908177062517,0.20521246728531078,-1.5936499257538852,-2.015212502173609,-2.07619710814965,-1.7049789446584285,-0.8786499814396174,-1.6884084905411012,-2.4649128156120277,-2.107989641391985,-2.179680102683063,-1.0045347764742503,-1.4300254165112638,-0.9928292284151964,-0.45605900997651233,-1.176514404170088,-0.7272349863997268,0.5077984973843963,-1.9811348253662888,-1.2472825817862734,-0.35970146058641406,-1.3664609728090864,-0.6534087474669036,-0.2727804305589346,-1.1825093485946605,-0.5158860159071339,-1.0029693540395264,-0.6739639824448107,-0.9821449554545668,-0.4522830280335192,-0.71653669561666,-1.7156361279761312,-0.4313061345349745,-2.4084228990399836,-1.7984528066823742,-1.157260771104588,-1.3638521348342263,-1.9374658742680257,-0.7053857083464604,-0.5263905379418429,-0.4462538122293691,0.053702124735242045,0.10198504164610481,-0.31856951835663644,-1.5160725048285322
-0.013968394729040559,-0.9738754827624548,-0.46115501996152936,-0.9690541450829926,-1.0840407063297501,-1.1670495641757601,-0.948951961630146,-0.24883917383175547,-1.595010197509999,-1.97070829831476,-2.289042554744733,-1.5332276661841857,-1.0331983316995417,-1.9407134852204846,-1.8770708777954557,-2.0870596325884336,-0.21379682377365863,0.24206440844362007,-0.8008444525646634,-1.6965440748547236,0.31372961838272134,0.047161209614426096,-0.10798309112120937,0.48890727541550794,-0.0024047654441845282,0.5342152354291957,-1.4951290223046478,-0.8200886583488808,-0.8386476830812623,-0.8005426059746213,-0.8285003059135835,-0.27043303417749,-1.8932820169207332,-1.1657077512822664,-1.3940281610835172,-2.4348577015542463,-2.3245285104521582,-1.6941110759986935,-2.469395711003674,-2.836529183040127,-2.0048560675950413,-1.4557474699656894,-1.1749284878884227,-1.3417738139980468,-2.140697558167713,-1.3500383756572374,-2.105610797068287,-2.096560278334513,-0.6369380344324813,-2.690599572553474,-0.08505128247189019,-0.9594858895362477,-1.5996058443674357,-0.7029917386844129,-1.769801509316302,-1.4581806004017546,0.21833141979889883,-1.6041191342935912,-1.882391909685494,-2.043612086719215,-1.7074963115134258,-1.02842255834317,-1.776037834781426,-2.5038563081488507,-2.028698050408076,-2.172352646713592,-0.6673669943889639,-1.5166914283021216,-1.0540777652772129,-0.2193262317365636,-0.9608531403260371,-0.31910086219801664,0.39759026386961976,-1.595500080128882,-1.0486929906124562,-0.011062466000552251,-1.0222785153342535,-0.6346923312959111,-0.7209843050711591,-1.2248361248783493,-0.0018669252212085495,-1.5176037416686337,-1.065919515536571,-0.8298618067601716,-0.6511193299440814,-0.8508727454426368,-1.8222502172702935,-0.5844689244790721,-2.4817204333163407,-2.0805641705610376,-1.7899760918701204,-1.277831274714937,-2.150164227266958,-0.8449940518578436,-0.4694461324984781,-1.0746431701210766,-0.7391627640498767,-0.3231530106099885,-0.5104756795600279,-2.0991709895576998
0.26014196132689205,-1.1503843478399551,-0.42623730632185935,-1.0458793957210304,-1.309126079124816,-1.2276560682550484,-0.8624360725807613,-0.22316492485411463,-1.6706416140382805,-1.728339152414849,-2.0403022862146947,-1.3538382167850271,-1.1720039328435112,-1.9939207845556994,-1.7721826618040384,-1.8177917160715742,-0.3656260420520934,0.41252614346466693,-1.172997596082479,-1.5937004481545418,0.3739379679479245,0.06161033468479104,-0.35589341839535493,0.5992794496242256,0.16226774761370497,0.6168613182030299,-1.7658625905726868,-0.6553274786158637,-0.6046760119183765,-1.0353098754490289,-1.0449753167051057,-0.17702847470036961,-2.251496789004304,-1.3309379502832455,-1.4300696826307495,-2.3850277565497477,-2.231011528898299,-1.9820578732818461,-2.6933230160367825,-2.922953588543414,-2.297947662804746,-1.5096913069741362,-1.3905322202888342,-1.8185041322652276,-2.5277757594625787,-2.0374280527149,-2.466651901724983,-2.383501108104279,-0.8502399323614683,-3.2262379413766666,0.24626422399136738,-0.7605665789368238,-1.3281982003995054,-0.7232716518703936,-1.7885047821145046,-1.4698943753835005,0.32204270266052976,-1.495888194539515,-1.505307064764686,-1.8157047815137115,-1.5690856500598112,-1.1643894009986873,-1.7320094808221282,-2.3499380637593643,-1.8952722063636966,-2.045914430296521,-0.2691169100725085,-1.5784334039119683,-1.0690555650729252,0.0987447710245182,-0.6387988797110726,0.145745718526011,0.305830428842275,-1.0757620733645923,-0.8204764592254798,0.40021384502957275,-0.5335903101366027,-0.48050203887755655,-1.0393357385893982,-1.0920126609535539,0.5381889047999713,-1.8519664917468124,-1.277890002527434,-0.4930637748492723,-0.7146419577227842,-0.8056197030647944,-1.7391323328648425,-0.5796366402652022,-2.3090932437718323,-2.163835367516746,-2.2255348550042355,-1.0468430644142128,-2.1691897688860236,-0.7788162393466697,-0.24330148213426306,-1.5510651824483463,-1.348979875693177,-0.5994357202731209,-0.5764714135861565,-2.500608285590933
0.6063256272159839,-1.2201664745628893,-0.37290150623113294,-0.9962545626545569,-1.4520738671743443,-1.2342166696373205,-0.7152025001027185,-0.1585400296646683,-1.6801438558492732,-1.3297145365203054,-1.628504086697803,-1.098358371678122,-1.2550723991181127,-1.9445584051381972,-1.5798655311048464,-1.436960090759851,-0.5516431195329866,0.6118174015503894,-1.494522289808989,-1.3471426241284872,0.415287620954316,0.11065658690851989,-0.4961577977758889,0.6241452619294484,0.380513379831642,0.6391072744378541,-1.836492976757516,-0.37655093864647915,-0.2967884156338222,-1.126069994180184,-1.1324227131460818,-0.0222578875078576,-2.4520257395571847,-1.3709402787037268,-1.329424211500707,-2.2081511937387646,-1.9470831764995007,-2.1106700001136507,-2.7447150223845704,-2.844697160975841,-2.4139604514604223,-1.4090776697057845,-1.4902204897513738,-2.0837317192487377,-2.67478206069044,-2.476608114431916,-2.6157692246641533,-2.465879113121469,-0.9577089380599669,-3.486880415816677,0.6588591703970816,-0.45061005085918643,-0.927082776664885,-0.6462420450464288,-1.70130261869427,-1.3875066240001435,0.5023747063793041,-1.2763546771707062,-0.9512957170263225,-1.4293700780322534,-1.307583928295699,-1.2557033388498149,-1.5677517643898395,-2.0388063978622366,-1.7237425319309112,-1.8302929244756267,0.16985572987550349,-1.6008309610485567,-1.0331959634421217,0.4686605435183109,-0.2413819214688503,0.6329783482588202,0.2550285024293481,-0.4770387358413971,-0.5848912292810582,0.8132399832914309,0.021015158950434966,-0.2266680609175133,-1.1722205710607194,-0.8100907762033716,1.0354924395505565,-1.9501135083451464,-1.264561331091007,0.008592702603876913,-0.6259770606003863,-0.5798938045785315,-1.4969407740952758,-0.4321887487555812,-1.9026449266088168,-2.027961205219077,-2.4085232781991786,-0.7106801798688175,-1.995338099424548,-0.49668845451638194,0.13963011283762689,-1.8006142842694255,-1.6719873018698543,-0.6679596063448664,-0.51621655101588,-2.6628661154569446
0.9689854990345892,-1.204776967002859,-0.31661324671576374,-0.8630997252285719,-1.5058999888577775,-1.1895564928010998,-0.5039109183793004,-0.0759168340655152,-1.6173351437684322,-0.8495499242993678,-1.130937641679054,-0.8106549016115504,-1.259082262535006,-1.812716404983055,-1.3395398508626235,-1.0084998714726752,-0.7494284601017834,0.7986461534652989,-1.7280046754852012,-1.000412856402179,0.42734922012020704,0.1902909566541935,-0.5165419090923168,0.5576953430426509,0.6022463467783191,0.5899346727374644,-1.7128074780205587,-0.05773554669519213,0.04761252151520329,-1.0803016983580913,-1.0902429958166393,0.1719662363955064,-2.4847613706111726,-1.2994229629226157,-1.1264993165268304,-1.9258560073383293,-1.5227827891479544,-2.075938635824411,-2.6182272575957497,-2.6125008723556973,-2.351310471953743,-1.1664980157427054,-1.4821931164913247,-2.1224098958975417,-2.5830453170013916,-2.6291916812465517,-2.5558431120728224,-2.3374988368847363,-0.9578099310315097,-3.4447041078074165,1.0870618632385618,-0.09775607254008327,-0.440487706869899,-0.5147405724479601,-1.5298944649512232,-1.231882949298922,0.7276655186339098,-0.967153089992453,-0.3115451108299929,-0.9440735841839153,-0.9580767574018917,-1.2783367227895654,-1.3132698439202022,-1.6270064870390104,-1.5307785916104564,-1.565716194066936,0.6265934821267662,-1.574190816787988,-0.9440224013636235,0.850419536478684,0.18573697116916243,1.1076562860395898,0.25779877580819494,0.14311105022874274,-0.3680876778215689,1.159878973771484,0.5522068092006392,0.06987824200477402,-1.0989785683226692,-0.4277957625326689,1.4318771276101327,-1.7929653534224588,-1.0234569986322561,0.624129183945686,-0.4060314945628492,-0.20249614385300876,-1.1452560542103705,-0.1867836155497869,-1.305727407406809,-1.6856978196922832,-2.325712222047186,-0.3287198482232439,-1.6597303389543745,-0.03593615302810506,0.6314909619861646,-1.7981369985063638,-1.6667777976722704,-0.5153908065099287,-0.3502861668089083,-2.565044896132766
1.2821770086986555,-1.1352323380438532,-0.2740565074553067,-0.697438275202622,-1.476677213133449,-1.1046432486730464,-0.23704164337867925,-0.0005005665921385942,-1.4869216478439142,-0.37427242220485624,-0.6383737709179165,-0.5396779334911289,-1.181134643211361,-1.6320979383108283,-1.0983683909919966,-0.5985444233947889,-0.9402798494714053,0.9306137033449171,-1.850879062569022,-0.6095041598262348,0.39883015469933497,0.29082358719305945,-0.4291129599531351,0.40560143015310307,0.7713661914483624,0.4637701940072018,-1.4379513029425304,0.22040745683908564,0.37623009396792667,-0.935447277709772,-0.9392749308945227,0.3688494276534565,-2.366018805874524,-1.140619269626489,-0.8642376650195432,-1.5688297331885175,-1.025713846226681,-1.9036796578342736,-2.3402923426153435,-2.2584170801963492,-2.133598890517226,-0.8229933394833768,-1.3883387037669597,-1.9653050978134587,-2.292336371441801,-2.5132437920009365,-2.318119716989145,-2.024427050072951,-0.8688005783468673,-3.122118291823201,1.4599285755251463,0.22755822552093297,0.07646598605006122,-0.37732088376959877,-1.3026201414122522,-1.0324554236418162,0.9540294112049843,-0.6040471071109166,0.3147746126256279,-0.4349724127598396,-0.5711038332832928,-1.2245699856287746,-1.0140522613282759,-1.1849051074853352,-1.3349283917222938,-1.2987823950878723,1.0732882784777922,-1.4992761875561993,-0.8033089906330382,1.1992169344816246,0.5866267978116877,1.5364614089744997,0.31185958449965595,0.7305710788026067,-0.19878138616950297,1.3772124315438732,0.9743526245490712,0.3413186707743206,-0.8409923792084844,-0.010956784634423572,1.6898886645146585,-1.402485403069024,-0.5948394438487641,1.2815286992594903,-0.10808122141976513,0.2742159091604492,-0.7427089831374029,0.09294642801849629,-0.5881369263219939,-1.1830006750879731,-2.010739029810399,0.027907319335753696,-1.2213052474099788,0.5242952827711777,1.1569471063524903,-1.5730920024006514,-1.3624509404946543,-0.1766189223272829,-0.11876785239063874,-2.2277439382670288
1.4812399918950585,-1.046333131830368,-0.2613936035469991,-0.5500302831788102,-1.3853074770887936,-1.0000942701989557,0.059286356657862964,0.04200428507812675,-1.3083962074748072,0.01266117162254708,-0.24101503370868213,-0.3329922859700467,-1.0417804172447556,-1.4470223682187087,-0.9054817178001161,-0.26677843814588076,-1.114203733664883,0.9711094762004204,-1.8621488255262089,-0.23442621633797528,0.3168882943309072,0.39670778126114925,-0.2685416187801216,0.18301531986203612,0.836239973859226,0.26231062762728413,-1.081684755256955,0.3878740121769705,0.629072843450452,-0.7507097289986622,-0.7185200646442603,0.5236520954178073,-2.135965290310579,-0.9260090717545876,-0.5842291304439783,-1.1757008610981132,-0.5290365657043976,-1.6460673858753385,-1.966298248091283,-1.833853201607579,-1.8056778366640054,-0.43996999552893135,-1.238577607323183,-1.6802174625499011,-1.8709170221353328,-2.196299253146842,-1.9544361249011513,-1.5790163749302077,-0.7264085326390846,-2.5874882456840544,1.7134996105352267,0.46416099603280647,0.5618211854810002,-0.28044648259653976,-1.0524651188803507,-0.8250123315689903,1.1316451213694758,-0.23494284524910397,0.8378310952897389,0.017270042807540336,-0.20691527393852116,-1.1079050988206285,-0.7249381973449985,-0.7876232488675587,-1.157251951928002,-1.0771204139685362,1.4751172821209293,-1.390355280600245,-0.620292296500751,1.4705130791407373,0.9013255583508317,1.8892511668742034,0.39788526218715214,1.2388506502910905,-0.10470811166648412,1.4204712334534333,1.2190089596633087,0.5217812444117339,-0.45934738896697375,0.3663759073267923,1.7980912062268346,-0.8383976007122231,-0.05275935032450316,1.9019084573814056,0.19496728206235617,0.7846045170530176,-0.3471962478956137,0.33853336386666355,0.1628036122091783,-0.5926403251698293,-1.5395454707502703,0.2883505812010835,-0.7578130783049881,1.0788995666092875,1.6276497132726562,-1.2018415566849485,-0.8510422041318827,0.27408172868565694,0.12358772682191345,-1.7103636951652987
1.5150945707945924,-0.9713841140615455,-0.29261658011719305,-0.46476997704094325,-1.2665881248549489,-0.9049781677965191,0.34042455085975604,0.028747921513437767,-1.1162079584886182,0.2460329284442375,-0.013092113617332835,-0.229423316811102,-0.8814908632955453,-1.3064390355300874,-0.8049644895728418,-0.05886760749564682,-1.2718841275648995,0.894658143073373,-1.7844816387813427,0.06981390484630647,0.16740392016981212,0.4876659458647187,-0.08518096602939595,-0.08800190712028369,0.760823998383713,-0.004148429176300257,-0.7239424152805445,0.4000626186070269,0.7489158582360299,-0.5939833892248917,-0.47801975521119666,0.5932022780392434,-1.8509639346485962,-0.691244728488917,-0.3182097231426685,-0.7903135953798059,-0.09914621888198205,-1.371649863025402,-1.5701623871794115,-1.4026087350778718,-1.4254017246514012,-0.08650347641572838,-1.0643410493687517,-1.355570585279515,-1.4000391477919043,-1.7778812286152523,-1.525899559879012,-1.068448238758438,-0.5774425701892731,-1.941143782938464,1.8014475877717495,0.568593687194186,0.9521030811473381,-0.26244457691247824,-0.8151208037664878,-0.6481928196588099,1.2116019486788234,0.08463412292480711,1.1925416620866485,0.3386130028914723,0.07359890328866675,-0.9617685970118975,-0.5018101807735849,-0.5048416039210891,-1.0205261685276814,-0.9431278839226901,1.7903687172288678,-1.274421077912564,-0.4142113103092703,1.6244857934483943,1.0735424648537377,2.140442199850396,0.48129619460514345,1.6319981613148231,-0.10745854151173616,1.2729774260711302,1.2449679517995433,0.5599565126293723,-0.04283768404660745,0.6330483739079418,1.7708467865259814,-0.187417658417646,0.510925844430773,2.414501227452403,0.42779889911738833,1.2621905765358938,-0.007879098042863911,0.49135968572351607,0.8544888220944554,-0.0016403893147147334,-1.0166778258228077,0.39579369293944544,-0.3514961743804162,1.5192109510604972,1.9601061603351668,-0.7894771851386958,-0.2659723345846478,0.7412827441880059,0.31548350582552476,-1.1006895160007302
1.3567500654710332,-0.9374266867527763,-0.377831058300558,-0.4736356848061801,-1.1646642848085353,-0.8525436109804027,0.549047891693548,-0.057120031273404245,-0.9552104490966201,0.29154588849299923,0.0008933456039931587,-0.25227587567141296,-0.7513513823259067,-1.2556919619827263,-0.8286517924162036,-0.00041952915528492346,-1.4232051062024673,0.6904987027793127,-1.6606910035482356,0.26170081593240413,-0.06318539179463457,0.5412632828421365,0.06567635586265314,-0.3813485484217208,0.5335662010503502,-0.31668843640414107,-0.4365814362275467,0.24617521704406783,0.6928401124402346,-0.5270127235867214,-0.2688884148237823,0.545517363191591,-1.5721305898758458,-0.47285598019887587,-0.08274675350444186,-0.456832096191963,0.21454559787232763,-1.1509593695363707,-1.2284367228379007,-1.0298315219710832,-1.0523852338929265,0.17503450422216194,-0.8924288263060547,-1.0804627493928212,-0.9563830825728593,-1.3658618206801694,-1.090576349319213,-0.5606257192988666,-0.4704228864630059,-1.294471425820604,1.7023853059323766,0.5198451929887711,1.1895260266438856,-0.34933056031340803,-0.6264637597429943,-0.5387234490578481,1.153228219066745,0.29876764422839075,1.3488456841268353,0.473614272239265,0.2195849839823589,-0.832171383209304,-0.39246860020726954,-0.39063124996759163,-0.9467215542130735,-0.9276164901760551,1.9743891435299625,-1.1864605512827577,-0.21449377067673073,1.6302652595514697,1.0591056630449054,2.2706107130900954,0.5181239989619062,1.8867140361704853,-0.21710620998586497,0.9501282149930926,1.0431944967098288,0.4286567853354821,0.3113119224825879,0.7324014322931028,1.642894070462974,0.4532418810678843,1.0060433804044544,2.7692469614857727,0.5304780110209875,1.6516843573650628,0.2400270354286312,0.514495925127241,1.4030419156664036,0.5053041407686715,-0.5547207840000491,0.3194888432322307,-0.07236732812444145,1.7564213016203576,2.092940305128046,-0.44569018891980433,0.248491898808694,1.1314061503521622,0.39947751657447617,-0.4983882481077213
1.0098168227062103,-0.961134727208202,-0.5214382173522218,-0.5928144774120676,-1.1249594223981285,-0.8735196713783849,0.6272765625196978,-0.2234233868948346,-0.8718228693104646,0.15288902234785734,-0.20488322607956125,-0.4046700587895179,-0.7002948847985746,-1.3275387769926381,-0.9900058243768219,-0.09310920216445223,-1.5827936846995136,0.36434588615971747,-1.54498157507768,0.3199144009796053,-0.38440518896276554,0.5366194819234182,0.13591026646795124,-0.670013597489746,0.1714026930852623,-0.649491086706448,-0.26759531274401316,-0.05058313589253859,0.4421977282453003,-0.5920792896963715,-0.13233150129464588,0.36727271346475765,-1.3523629588927342,-0.3044627226400498,0.12177825222768568,-0.213032570789762,0.3859210652275307,-1.0409139054806074,-1.0026388702922344,-0.7691242308320965,-0.7360476266922323,0.3017454206577634,-0.7403297275895547,-0.9256915678681905,-0.5963990531772843,-1.052136069947608,-0.6929421595450724,-0.11086272279359266,-0.44521647696119365,-0.746640914938641,1.4228203328905213,0.32045833908823085,1.2307903544028604,-0.5521808210406645,-0.5190290165052391,-0.5258796504734912,0.9315232901928796,0.36044794029466715,1.3145593901720198,0.3948882598293577,0.20017863484118914,-0.7661699295809157,-0.4282506931099247,-0.47469050711011296,-0.9530838335698345,-1.0443846294347614,1.9874642413860224,-1.161675060694041,-0.05766313660779062,1.470151632140614,0.8340651283786016,2.2683131595245682,0.4639697592286279,1.9938252444435063,-0.4283512702744248,0.49598462763301826,0.6361610984621692,0.12925792499558655,0.5195796140396147,0.6322883515895502,1.4599635059042722,0.9947356801352774,1.362642312812214,2.9443041644305477,0.47264962238278424,1.9179499254744632,0.3774343329061597,0.3990075013957579,1.7468163819029705,0.8628133105232036,-0.25094913756130177,0.06178922831606211,0.03701353707044213,1.740150128521001,1.999554099623744,-0.26032799067769635,0.5697765926900035,1.3746260627020899,0.3329461119858006,0.004375971093213751
0.5095589237680739,-1.0457954692751545,-0.7203982412766307,-0.8199658588266943,-1.1838852608720154,-0.9884854933205404,0.532254530858606,-0.4663229218430495,-0.9027519672554966,-0.1288307033591183,-0.595817859264019,-0.6681539169553178,-0.7620665744964195,-1.5343277223662573,-1.2803086159672046,-0.31375180124956176,-1.7637691771248327,-0.06174893191135338,-1.4906634598183828,0.24699017422887712,-0.797205582268298,0.45850487915915467,0.0951409527994186,-0.9294383532072517,-0.28271639291348977,-0.9732181915129188,-0.2314219380163183,-0.44074475142682257,0.008599944407907333,-0.8029496190358977,-0.09007914433717908,0.06762597021594864,-1.224593551808022,-0.21267597402606406,0.30767665616389916,-0.08309924097411811,0.41375747836309523,-1.0714613040746004,-0.924102030174489,-0.6507493782601294,-0.5056571900201282,0.2784997821399225,-0.6138407659378124,-0.9296195084779114,-0.34606190888044364,-0.8929107873267245,-0.35739183686153564,0.24751777459504198,-0.5240327839028885,-0.3641656597457373,0.9955014262793181,-0.005519438768061064,1.0560237189970887,-0.8656980837495882,-0.5175244548383717,-0.6260397648433226,0.5437108372197687,0.24141488173935208,1.130180927337203,0.10802846165104005,0.011442156146723854,-0.7991013211510318,-0.6178686461153442,-0.7564326822907114,-1.047713669792935,-1.2867358342801414,1.8051059176351525,-1.2263550351884116,0.01882887346279923,1.1434523743147738,0.40104470286195887,2.1317107541261784,0.28414337443319077,1.9588947557712237,-0.7195906922788601,-0.02686695022125612,0.07230518087736448,-0.30969133441902924,0.5317531832363315,0.3316124805865382,1.2673799450229608,1.3736172697412974,1.5442558571602738,2.9469024812561457,0.2607555953301354,2.0498612927229494,0.4009912342461668,0.1634769714521486,1.8567829137173133,1.0381005956236804,-0.16622958857572032,-0.3418352189714457,-0.028525312364384443,1.467648477686155,1.6932121874179311,-0.28400640263384214,0.6242286121279406,1.440181010865106,0.09747708135165997,0.34112538702679185
-0.08185987516115732,-1.1800174870333127,-0.9629580774197415,-1.133074741971445,-1.358635421217941,-1.2012455420225385,0.25083578551768426,-0.768708181769824,-1.0640837766876083,-0.483605012054611,-1.1031225766599966,-1.0050431793684333,-0.9451635444374114,-1.8631599998173494,-1.6681205220205322,-0.6169664505312997,-1.9713214854320371,-0.551527324547397,-1.537006656970544,0.0689872909782542,-1.2895273969419574,0.30082017549282875,-0.06285612070782287,-1.1408464535563712,-0.7685673398273645,-1.2594573458130056,-0.3074647387890365,-0.8619020216849412,-0.5655871673175071,-1.1417271356650245,-0.13877801283903615,-0.3221265590348999,-1.1939430449690493,-0.21331004056164946,0.4927572356104643,-0.07181642724680298,0.31889983028142177,-1.2374386645592688,-0.9851879575202144,-0.6738545140962409,-0.3648118547159074,0.11993835007947706,-0.5074985627058918,-1.0913956549006913,-0.19827853464294837,-0.8976582071783606,-0.08712131935364104,0.506692460057987,-0.7058677185821001,-0.1678983825853255,0.473630133653756,-0.417063358473594,0.675621507239594,-1.2678495658460287,-0.6339813044203432,-0.8384094043359908,0.013423868746160337,-0.05962091010717017,0.8569712768231659,-0.34910819016844064,-0.3213836023925702,-0.9439111297439277,-0.944616410964242,-1.2031812434683498,-1.2258605111977183,-1.626769910086506,1.4279660783586872,-1.3895348590775454,-0.015413830762290883,0.6690552937918548,-0.20764392989644387,1.869357962846808,-0.037359538286094014,1.801530162232089,-1.0555058476119488,-0.5515262351671442,-0.5827472634578734,-0.8389084200094643,0.3430385742752873,-0.13795517625002163,1.0990756425581025,1.563098619986768,1.5528338475832537,2.807524107474638,-0.06348615847261317,2.058283325308339,0.32101208687961486,-0.1527146270387555,1.74149673254349,1.0371539519816955,-0.310997470716621,-0.8298718082267429,-0.23472791950711638,0.9817343859479509,1.2233307104594913,-0.5177362477432135,0.4030469699087378,1.3414901429740522,-0.29537095445975403,0.4840681545333349
-0.6850645197072562,-1.3387485232482919,-1.2283143993181094,-1.4916170794990387,-1.639802494509147,-1.495060811486246,-0.1911756186741996,-1.1003787998398653,-1.343766587879619,-0.8273526514706524,-1.6369015649772232,-1.3641261844380115,-1.228278060443547,-2.2753305063581184,-2.102455914864723,-0.941551787802335,-2.1978266381575877,-1.0585675305311057,-1.698266698429596,-0.16911816333041088,-1.8334096369844064,0.06853579593111367,-0.3194537286999105,-1.2939760552046162,-1.2216057221693963,-1.485299209187337,-0.44696579348249466,-1.2538257582810697,-1.2125166887649645,-1.5619549244223807,-0.25026243519758457,-0.7527321427047213,-1.23580848895247,-0.30872164863346246,0.6912142830597267,-0.16201172398673305,0.1381202201849274,-1.4975949180664083,-1.1393457447264315,-0.8048963395736313,-0.2918559374413786,-0.13415910069991732,-0.40788748051052076,-1.3723933822627623,-0.11839351808808586,-1.028836838225284,0.13159477353136134,0.6815221567094375,-0.9656964424298766,-0.1304113560506932,-0.07793116277773296,-0.8623589892764013,0.13269393959888962,-1.7207765196023828,-0.8635843931724668,-1.1429815598696076,-0.6090228897785095,-0.5126859698970352,0.5613564521135739,-0.9126285949058839,-0.746974022950179,-1.1854159038399597,-1.3675989186282533,-1.7532451751935745,-1.4681164884249005,-2.017914303973813,0.8881781067546093,-1.6375107405365665,-0.17582212816718015,0.08569412964173076,-0.9313279441762592,1.4996206607130202,-0.49218298739318284,1.5530516863222432,-1.39271960946242,-1.0211961596719368,-1.2561758214448489,-1.3978983534115879,-0.004563366690658951,-0.715622591281112,0.9695304558276244,1.575952507442924,1.4243833202223375,2.5690948209036786,-0.4329453429263321,1.9690091998292178,0.15865990465170118,-0.5001595993693609,1.445279479840795,0.9021843285623147,-0.6417556277707039,-1.3270351509677822,-0.5144779282733641,0.3586499403087246,0.663863865405558,-0.9134112453703693,-0.03648283489030308,1.1302304463079447,-0.8034715605678971,0.44897145911943137
-1.2162270628868834,-1.4868046018063619,-1.4876236389655224,-1.840644414122408,-1.9892363035997525,-1.8330167377562097,-0.7285972106937746,-1.4205679036263563,-1.699896670833289,-1.0797768962400347,-2.1031741486551927,-1.6886848708794167,-1.562512301226106,-2.7104966964493826,-2.519497062288809,-1.2199117438372473,-2.4209245163207718,-1.5318506583575162,-1.9575719891392973,-0.41171217534288523,-2.3849319770898068,-0.22243399056112093,-0.6362444504525337,-1.3884830305583342,-1.5867683152361822,-1.6369908454148845,-0.5864093245062326,-1.5712572351460956,-1.8489733845483445,-1.997106993616389,-0.3782499252301117,-1.1641045152206877,-1.3007869350185024,-0.4869616760043687,0.9050918306684489,-0.3164713664535406,-0.08381641125058366,-1.7813550786232777,-1.310521484666285,-0.9831566655489817,-0.2463841534993057,-0.4288713421225717,-0.2992710453173245,-1.7051104449225063,-0.05632201123884836,-1.2122458523140007,0.3210160179239113,0.8015203221163987,-1.2586671963406115,-0.1844327951688479,-0.5928284376412257,-1.285738995351151,-0.5003932916608027,-2.173407999130224,-1.182439912035699,-1.5015577381397551,-1.2512865681581933,-1.0579815032174356,0.299639647066792,-1.5030402732414614,-1.1959053835934745,-1.4811771250392411,-1.8270298593975078,-2.323907652765969,-1.7413126628650977,-2.4006830726178596,0.24949106604563964,-1.9328086492465362,-0.4570084253123346,-0.5508481736457311,-1.687277710093609,1.0486050195227563,-1.0466147624164093,1.2525242710494857,-1.6871838210843473,-1.3998879669908215,-1.8773897384509957,-1.9250850605128953,-0.4321649045492814,-1.3201496769442087,0.870703507257725,1.4585345812324917,1.2167296995620158,2.274233318474946,-0.7708258245482221,1.8129031478031434,-0.057041296073037664,-0.83109287368534,1.0396116091804914,0.7009177884266273,-1.0692794406141952,-1.7585062341634496,-0.7816196273906856,-0.3103374041099685,0.09664077673735309,-1.3846754166342865,-0.5846097268620589,0.8813507929408358,-1.3593381870120096,0.2906786305534355
-1.6005356397442834,-1.5845501330432912,-1.7065760608623723,-2.117912994706543,-2.3445070327164994,-2.1628944864989776,-1.266398981304615,-1.6828802639895306,-2.065928045384327,-1.1811379416547028,-2.421046764944547,-1.9253769428349736,-1.8801175793720597,-3.095091008241591,-2.8520128487339678,-1.3891009677964856,-2.6053665381386626,-1.9221313339473625,-2.267398354640893,-0.6030466577820518,-2.887740315260889,-0.5473723094862195,-0.9643849746859414,-1.4334054494764863,-1.8294351416232455,-1.7117413571053308,-0.6641385337145449,-1.7911129039671854,-2.389496635907801,-2.372689672247823,-0.4702092691773566,-1.4942326257982548,-1.3258725534113074,-0.7230587029117604,1.1189874896973977,-0.4845063078858535,-0.3023704579654058,-2.0023955909809215,-1.4102487727048454,-1.132689477527964,-0.1805528096347401,-0.7069163373749716,-0.17028800700793653,-2.0074613550692884,0.037764668508947837,-1.3557218607062713,0.5017607476711204,0.8998740936869962,-1.528512352370421,-0.24061301712692487,-1.0129396993940063,-1.6344611848332893,-1.1315445775243886,-2.566231396079696,-1.5484188429479704,-1.862190316515344,-1.8285841950982897,-1.6137322317016862,0.10685334296689919,-2.0377972829930244,-1.5921030669900509,-1.7690891915940474,-2.2529851585190444,-2.8234884510146228,-2.0023088854720164,-2.7111115258001406,-0.4000317053367773,-2.218341739009078,-0.8305658321768461,-1.1737262113498503,-2.3815796058202268,0.547032521478213,-1.6455639630130048,0.9415800428084246,-1.9015169252022253,-1.676621317381944,-2.3857279602510224,-2.3663497351099885,-0.8428166858956665,-1.8623529456382673,0.7749664071573579,1.2775628041704832,0.9928133591183971,1.9541979301407266,-1.0084181455137131,1.6162536979296487,-0.29231376391523417,-1.108809308793074,0.6091878194509046,0.5102793887424975,-1.4770970904666718,-2.0626386076410803,-0.9490164248386657,-0.9383813039857511,-0.40621271239126255,-1.8255931848708151,-1.1045293091766344,0.6730978876359772,-1.8806851446317079,0.0900336437782202
-1.7840721321074122,-1.5948451283709344,-1.8494468598559999,-2.2634924452945855,-2.6297672577368827,-2.425844341476244,-1.6977130113181889,-1.8421117536275053,-2.3622509954848265,-1.1040754566850874,-2.536396887959708,-2.0324477577745625,-2.1080378471337635,-3.3536675169456625,-3.0400781800639805,-1.4015838570807622,-2.7085792203209267,-2.1881978363831616,-2.5569749358512985,-0.6979655105193938,-3.2800750242210555,-0.8763424137962018,-1.2556271895940176,-1.444498892239642,-1.9406486605099313,-1.7171375611595123,-0.6361470841943919,-1.9126307889873924,-2.760198437427533,-2.619644754952563,-0.48151650758371944,-1.6886775541345278,-1.249843614712894,-0.9823177949608919,1.3000841192320007,-0.6121493765497819,-0.4804677919513245,-2.0766607704250037,-1.3588435418163503,-1.1785341176030932,-0.05272377698896888,-0.920984035366404,-0.019909886928916227,-2.1995187028272687,0.19817176569461414,-1.3721351548169767,0.6836539252345212,1.0023555470375816,-1.7185485817920265,-0.21082331061543674,-1.2960251128888485,-1.8645677897375341,-1.6631935460509886,-2.8383954098838178,-1.9057075595481914,-2.1667343051816785,-2.2570172952712797,-2.089601138910413,-0.007669241902381566,-2.443602196096961,-1.8656791511016702,-1.9801548509167841,-2.5763568644061734,-3.1657910184206752,-2.2042100111097547,-2.89077394759907,-0.9620839729158518,-2.426434210864676,-1.2473940754680095,-1.713571952484619,-2.9231292709950396,0.02692189718459894,-2.220710204930553,0.658781982598919,-2.010635429968276,-1.8622803080259078,-2.7359811631340376,-2.680634907281806,-1.1445514891758046,-2.259513266049217,0.6435542033181556,1.1029517742106563,0.8039984314078055,1.622701765393048,-1.1005725753167053,1.3941632665971715,-0.5121585288831595,-1.3126140456310287,0.23530815757128706,0.3982321320861849,-1.7464786103615864,-2.199441166292316,-0.9469703077483675,-1.4585783589199521,-0.7964205057478154,-2.1330414683048478,-1.4639533931185817,0.567043912152341,-2.2847378309175648,-0.06514450825718049
-1.7422491456369527,-1.4900575276486272,-1.884169172257928,-2.2305667426459905,-2.771084763910626,-2.5671711392605383,-1.9264981705917914,-1.8618517319286152,-2.5119130427903107,-0.8578876132172135,-2.429536313490661,-1.985953473503655,-2.1833887029736148,-3.421294409970884,-3.041304800604953,-1.2337707772657185,-2.688947018911073,-2.302104487696723,-2.7454498925711706,-0.6707348085671688,-3.504312350969754,-1.17835686686785,-1.4721526079738312,-1.439856114148415,-1.9353743009024478,-1.6682101604012607,-0.487213245498203,-1.951161368243157,-2.910866294742497,-2.686623561339414,-0.38812630021975353,-1.7094741179504782,-1.029530193242226,-1.225150723332526,1.4042635361355764,-0.653889065243998,-0.5937993976063012,-1.941315520266377,-1.1059206301061335,-1.0638888555826043,0.1597339550630866,-1.0426220453183246,0.13923045839412998,-2.2194073835221633,0.43273746804066504,-1.2016122717576816,0.8601833111389594,1.1188770767898581,-1.7830823661120188,-0.031804172096818566,-1.4202246851251283,-1.9453304562658866,-2.008760284032681,-2.9367461620386917,-2.1928482550930095,-2.3604098481996796,-2.468354542776158,-2.403260198896302,-0.05741807306468917,-2.666405098529896,-1.9648466197295449,-2.0536096786161018,-2.7402238885938868,-3.284578003481611,-2.3039874944146326,-2.8968240287994793,-1.3463954976997559,-2.491281432687842,-1.6445095437740687,-2.1082687690147566,-3.2384134251725207,-0.48100670474061896,-2.7011829955099227,0.43441429239809715,-2.004620349656815,-1.9804923582446021,-2.9017655308518453,-2.842361857402871,-1.2718732484383464,-2.449260619581648,0.43849636480258597,0.9907718729716763,0.6777015793841472,1.2762953281323022,-1.0352731804099344,1.1487320208038478,-0.6845607632572687,-1.4376115675978256,-0.020014430592031705,0.4078016511032269,-1.7826484547292645,-2.153680800472216,-0.7381909085749163,-1.8322723052078327,-1.0568890383560756,-2.228073255522691,-1.5657940541342195,0.5927729109840796,-2.5036762553088985,-0.10097886777766793
-1.4835874783224006,-1.2578776770402682,-1.7876237841215878,-1.9955456215232017,-2.7128994235281896,-2.5468916533982275,-1.8895946250316833,-1.7214001122823885,-2.457020208426511,-0.4846061776432974,-2.115935173166356,-1.78310028054727,-2.06744018529014,-3.254846782564475,-2.8386935495779047,-0.8907808996778637,-2.515032285945091,-2.2526250666139522,-2.7582978060632573,-0.5201992857632184,-3.51727306197454,-1.4253121264439361,-1.5928885049390364,-1.4348210431427455,-1.8446844422338715,-1.5828577606660625,-0.23467723919839512,-1.9282071848635554,-2.8232102808330004,-2.5489840448304886,-0.1941902485261583,-1.5422331146979675,-0.6530860560774461,-1.4127046862653638,1.3872502062489005,-0.583189457010979,-0.6334944857416219,-1.5705708422467826,-0.6452725214714089,-0.7644419164588259,0.45169362855103473,-1.0657384436741741,0.28149688480310553,-2.035278973276821,0.7190582176242512,-0.8278877133595643,1.0082135839850896,1.2397562446178054,-1.6968534567916347,0.3164231617193302,-1.3850519449814842,-1.8620658038430191,-2.108141640582569,-2.825636763846712,-2.3530489508105945,-2.401578084862011,-2.423334950533098,-2.496573830561559,-0.07007999457670451,-2.677741871485398,-1.8647927903724193,-1.950891500234258,-2.709578945178569,-3.1453976374505883,-2.270131567667607,-2.7102197690969185,-1.4892690978857188,-2.3624875094296356,-1.9553180699689985,-2.312228017238122,-3.2842748454896995,-0.9486839952974475,-3.0247142332791355,0.2865339243536573,-1.8885976821459485,-2.0557056209102598,-2.876950745601176,-2.841337730223102,-1.2003906278726466,-2.4003804684502676,0.1348727762479969,0.9701980449780254,0.6123315096773788,0.900965805501359,-0.8352256001012436,0.8722106664739117,-0.7851484113620835,-1.4902495659599184,-0.1258389190324733,0.5467309358094011,-1.536550247478812,-1.9331155317308493,-0.32635044934499347,-2.049323839531923,-1.20073813672163,-2.07179226357483,-1.3709986941471721,0.7405598685660388,-2.498003723273462,0.024367426255930098
-1.0482987982696772,-0.904835823249827,-1.5501153693238212,-1.5653021205476192,-2.4315956120347475,-2.3476295520277772,-1.5727744735007199,-1.4204758773353405,-2.171924615124958,-0.04825159009825804,-1.640677540249263,-1.4423357116229947,-1.754871046573318,-2.841155697798208,-2.4444711794124228,-0.4065389659682271,-2.173560810965462,-2.046438505346923,-2.5435618634199795,-0.2701857426699794,-3.299153019231108,-1.595148822139746,-1.6151759289401595,-1.4375769382972983,-1.7045915411060306,-1.4768791408054895,0.07599022188817572,-1.8613482306042295,-2.513727303887723,-2.2130072884721574,0.0676577166485318,-1.2002338351580435,-0.14673162268966577,-1.5124208449805525,1.2179916152713717,-0.3990596210813208,-0.6057781407450719,-0.9845877122252106,-0.02015323137218463,-0.2963976483736288,0.7880703651329105,-1.004366605307678,0.3731773790315827,-1.6510954196399514,1.0089065711653145,-0.28481207621947896,1.0931871435698204,1.3376120678888406,-1.460421293248798,0.8021687344933265,-1.2092078472891319,-1.617299531570483,-1.939129262136792,-2.495640973838061,-2.344692090017984,-2.269583595835257,-2.120525097495231,-2.347563249311133,-0.0763174083153382,-2.4769140379875987,-1.571972552549137,-1.6651264668407506,-2.4774590241952423,-2.7522633518571875,-2.088855510849543,-2.3403407164540373,-1.3679732337644104,-2.016815370565764,-2.121454345473276,-2.303405886553671,-3.055976073330137,-1.350957133495467,-3.147245142334112,0.21893144644577134,-1.68019591250276,-2.102478051709636,-2.675276747385597,-2.681303168072624,-0.9511473968666985,-2.1183423179963667,-0.2700113051055961,1.0372822219711186,0.5804776127872945,0.48263161383831177,-0.5513558714332902,0.5537524326621686,-0.8014602383232334,-1.4817256722727552,-0.08732979946026105,0.7850071503109457,-1.0173084897990825,-1.5635805362229271,0.2433954629125093,-2.1219327728347666,-1.2628176402058964,-1.6724956365306187,-0.9082037135844211,0.963481413882002,-2.2647361917518425,0.3097811024493163
-0.5018569425492626,-0.45676560847459413,-1.178003011777228,-0.9795183795413895,-1.942579993551269,-1.9779593687848318,-1.01667665376584,-0.9805165481672807,-1.6698741400680266,0.3797724344376543,-1.068463421225933,-1.0003489592368888,-1.2760385832178958,-2.2004385718616457,-1.8988921933139549,0.1609066252928333,-1.6741572514112946,-1.7068606024589532,-2.084337616739334,0.03502124147487901,-2.8590185234905277,-1.674045673216347,-1.5520474325048794,-1.4467510630039597,-1.545196981616403,-1.3600394784533556,0.38256994729210064,-1.757494825188307,-2.0305618619867754,-1.7147133045072236,0.34361356695986695,-0.7244555391272196,0.4272687561039365,-1.5026341665891367,0.8904256227258323,-0.12671903897127162,-0.528628049678376,-0.24888088137996092,0.6829088630217527,0.2840505741137608,1.1092800642534744,-0.8859310769231614,0.38066145984785366,-1.1052188501125986,1.239744624058857,0.3488138685734906,1.0785237567412438,1.374461839328673,-1.1001615960373214,1.3464613532405745,-0.9260026763317499,-1.2303310720924696,-1.5223799915210163,-1.9689492304613134,-2.1495968081411587,-1.9687232105304704,-1.5984516073273523,-1.9750724418719765,-0.09962788188835356,-2.089258623676796,-1.1231096513483534,-1.2238071622595996,-2.0660834224919227,-2.147469274823254,-1.767549259159642,-1.8246689035573311,-1.0072837921247735,-1.465394687948024,-2.1037446493992356,-2.086665416204984,-2.588641301475602,-1.665525604384336,-3.0493738413395906,0.2213667187714001,-1.4056112726037524,-2.1195238698775922,-2.3281368747435565,-2.3781679353983005,-0.5838942015427829,-1.6442365820055174,-0.7531508220809288,1.1568046354744803,0.5390888852453403,0.017975025393652127,-0.25004002125792923,0.1873994056991175,-0.735557121564299,-1.4217623888607327,0.057197472545805775,1.0609247591785185,-0.29241200973860243,-1.083033834347294,0.8919927602634472,-2.075150962496875,-1.2864778727472521,-1.0827588280476377,-0.26779482512677477,1.1883502454475883,-1.838234643081326,0.7104306891732765
0.07550798346768321,0.04406017350122089,-0.6937287790341212,-0.30686454592293216,-1.2987199411518329,-1.4703939425364243,-0.3109096785663345,-0.4420358037664492,-1.001303092518988,0.7354981502154446,-0.4714926891559668,-0.5065511186243702,-0.6915759449707587,-1.3842367968787208,-1.263902765603326,0.738164121077092,-1.049516192700608,-1.2702555388814094,-1.4045537252654647,0.33935362806551017,-2.2354022806564635,-1.6576627965121218,-1.4264885027288419,-1.4518682636019187,-1.3834964091573345,-1.2342726430843174,0.6213916163330472,-1.611535423606491,-1.4448252308833183,-1.113602828138217,0.5717294208610022,-0.17896099555213205,0.9816061108657242,-1.3754432640753835,0.4298852784130543,0.188171867095226,-0.4259957521255297,0.53632394347044,1.3508889491483393,0.890156744129212,1.3436380405426998,-0.7423478169933275,0.2797695102743532,-0.46230363020498055,1.3503863901080804,0.9651956032475055,0.9367579604511054,1.3123188048711072,-0.662713395413238,1.8399708126575962,-0.5773898422588399,-0.7352520045460798,-0.9188144286223253,-1.299483042879037,-1.7769035941922688,-1.52720976906838,-0.9300516054676531,-1.4347300403862402,-0.1502338830616181,-1.561222623444336,-0.5791019813509063,-0.6839359356897409,-1.52255783913032,-1.4041617506588295,-1.3346359635348102,-1.2230839757940493,-0.4762144538978004,-0.754428546773769,-1.8898495648220601,-1.6927657879668818,-1.951440554165495,-1.8734599544099666,-2.738668061826647,0.27208837049713835,-1.0953344954512438,-2.0903727862576327,-1.8804300792935118,-1.958404583807329,-0.1813608468455421,-1.0471212897920872,-1.2690519241460456,1.2716568226059826,0.44362915843811274,-0.47802201261430516,0.002728750637793058,-0.22123539089895308,-0.6037791578997163,-1.3147657572290996,0.24665761494300464,1.2946037282269347,0.5247371095040497,-0.5362159870967759,1.520735117684838,-1.9375205897517769,-1.3094642367796263,-0.3873613884096658,0.4184207146789729,1.3330023132064768,-1.2831320243534066,1.1477733146844253
0.6017509785499205,0.5448277238967505,-0.1330207066436926,0.3650193994727012,-0.5801767602581297,-0.8745468612211367,0.4225450916046551,0.14163208979752534,-0.2440088580163713,0.9741051120563422,0.0824748502203167,-0.01587476715298139,-0.08041963333922565,-0.4680963079114252,-0.6126224357417039,1.2479908308482004,-0.3507728688695072,-0.7805930814543564,-0.5665092571606661,0.5861642972160966,-1.4915141763280475,-1.5514251868332087,-1.264582296875722,-1.4366147084264183,-1.2217140381952614,-1.094398306245534,0.7425941624731748,-1.4103991921523227,-0.8379081771715837,-0.48249098726987605,0.6971520472877282,0.35816961379258805,1.4218370693337223,-1.1373469400648075,-0.10825651428711079,0.4905406510915827,-0.32078331359135415,1.2549239216490986,1.8680162014108266,1.421202692761457,1.424137867733627,-0.6015652232056169,0.06369110319834514,0.19960288044613606,1.2967923341419971,1.4507970817750588,0.6594644603828099,1.1246934778346134,-0.2050632626072652,2.1689334818322057,-0.20763349768081762,-0.17747787350016422,-0.2198086737243016,-0.5666995661648988,-1.2614377705355386,-0.9912373347975193,-0.2101592773592576,-0.8069589548735411,-0.22428465515325097,-0.9531493147945321,-0.014861624984466346,-0.12069560092617974,-0.9098727428669262,-0.6129175112210573,-0.8356499567389878,-0.6074775613414061,0.12467910938194302,0.04120350939706778,-1.4967779121687146,-1.173088155496693,-1.2354025689392192,-1.9608054564764525,-2.2476171228672803,0.34225023743291716,-0.7802343037901494,-1.9901475912104454,-1.3845291832473277,-1.4573418318176539,0.1711893278380294,-0.41123956363878705,-1.7586486825802883,1.317534546923145,0.26231122046547634,-0.9703715851352754,0.15647320448548319,-0.6515307073286704,-0.4330938843317929,-1.1592650100046527,0.4126566850427118,1.4062273476644531,1.2974362037068543,0.029379350219552146,2.029463364080569,-1.734411529136382,-1.35274904349849,0.31501000188133366,1.007254171690289,1.3260751362832097,-0.6807610485444852,1.5282312605464916
1.006232742155654,0.9902634450310593,0.46028142822956414,0.9443094202189656,0.12207185498818741,-0.24720869749064942,1.0530036458538985,0.7130408744287026,0.5124983125551015,1.0763470634770227,0.5400060109839648,0.4191285819578942,0.4760784574167684,0.4597663475634926,-0.01655868408418976,1.6216142783372955,0.3610004761112549,-0.28295002536158176,0.339530326399144,0.7297655413628633,-0.7057268598958438,-1.3696781728366907,-1.0893134931625212,-1.3839305376474569,-1.051017287289622,-0.9309049242032494,0.7215947464608489,-1.1406154773580715,-0.28715889895673397,0.10479448490476885,0.6855234279597772,0.8072021697254256,1.667238945630301,-0.8075444800679056,-0.6478680782848207,0.7295142980393104,-0.22826379377526065,1.7980092369869216,2.1409836691900233,1.7827111641799207,1.3057147765383093,-0.4815892744971995,-0.2526339980554566,0.8038694075795494,1.0639904154267996,1.711588988507585,0.26334361587520294,0.8061077576744403,0.21739950171448913,2.2438968670254145,0.14248287052268227,0.3910715297523652,0.4680763424746041,0.13650403001577793,-0.6568063518808618,-0.4155563638557914,0.4616326212450971,-0.17980266560239025,-0.30771014643477945,-0.3307259032198878,0.49323057927103375,0.38777546593341367,-0.29501867412324706,0.1349517288925491,-0.3260749990297807,-0.04854705988935072,0.6827537187602835,0.8304491519831455,-0.9676079312169048,-0.5910194309123946,-0.5371383461818479,-1.9210206217125922,-1.6277496250688068,0.40146149344990195,-0.4881910830399783,-1.7958302610227341,-0.8928181742550528,-0.916633489533143,0.40580347051267673,0.17924290892277978,-2.1613306890096373,1.2395258184011664,-0.013318521791647425,-1.4088524040411496,0.1872368941189582,-1.06854267048292,-0.25452464237432343,-0.9502789067898891,0.49638095884144545,1.335058468174103,1.8936246683682398,0.5665016344640299,2.3352315348390156,-1.4851087167847694,-1.41500954125099,0.9319986043796054,1.3767924928506743,1.124790820925173,-0.11222309139695802,1.7660324686901436
1.2408962232521472,1.3316060267877503,1.0407039201521708,1.3518527810339247,0.7250693228111924,0.35819675363025283,1.4667077422910162,1.2200412350496095,1.1847547329979706,1.0490687517349584,0.868559186236291,0.7558681673755249,0.9103942406730658,1.3118001068502603,0.4669304097044793,1.8098311999316519,1.0253106199726771,0.18296001005617332,1.211556781748576,0.7449312560308536,0.040940451896830016,-1.1334770881116651,-0.9162243672416743,-1.2813068737229587,-0.8586771111706352,-0.7337485712307561,0.5642181797664135,-0.7963467987204158,0.1473082400800237,0.5857694996078782,0.5312059667206043,1.100389222001882,1.6696952651816905,-0.4142625820739622,-1.1070372303708689,0.8711072894295638,-0.15175086476584426,2.086061542711839,2.1196804162325074,1.9059315149584224,0.9786981220941582,-0.38792685473985405,-0.6327920744365377,1.2888309412671999,0.6712135360734078,1.6944850250346917,-0.20915755399513805,0.3771490543023267,0.5619509839346408,2.0239689602055835,0.44019610547388965,0.9178377567963744,1.0411054689254955,0.7198206659696234,-0.024865154177950394,0.14709024937366758,0.9992356758487335,0.36937077052777495,-0.3825854463858981,0.24393987503681708,0.8801830370054091,0.7760678355502947,0.26325071643847625,0.763808792299376,0.13790516746898138,0.39754514307442224,1.0952322131123944,1.5222646241465083,-0.3631055438864216,-0.011580012222606361,0.05830645811706527,-1.7573357692922371,-0.9410856331319691,0.4234336998860959,-0.24113731953715484,-1.496272294159924,-0.44982294464918254,-0.38026497218174304,0.48621792146701637,0.6547927387104708,-2.4267891060786586,1.0067449999809481,-0.3640507454992481,-1.7379034239804523,0.10210065210914013,-1.427563506313126,-0.09522609752611357,-0.6833565786482372,0.4628304581734574,1.0548930226322537,2.213065106253015,1.0309522844287564,2.3878489567492127,-1.2031590124665765,-1.473739077618817,1.3951724827759908,1.4538943394533217,0.7266152836303824,0.3577902429670062,1.8044183201236637
1.2873470084287688,1.5349226274220376,1.5674655355413682,1.5366731758060894,1.170546330927706,0.9002561792132756,1.589080998102029,1.623925698425864,1.711050047464826,0.9206568696470224,1.0591385393654116,0.9679691781712068,1.1818318859475239,2.0140880760011934,0.8043590104273313,1.7910461295340583,1.5924365243955207,0.588007689361728,1.9544088683433205,0.6322968477650526,0.6778854067059138,-0.8669825898432596,-0.7513932617353176,-1.124592208261761,-0.6358153776774397,-0.4959390322514975,0.30473074363992086,-0.38494945422082866,0.4320821682500288,0.9196286768456697,0.25866502703338595,1.1943299014902198,1.4260110709147715,0.010103936944236256,-1.414782001340183,0.9066063762699259,-0.08189818691536604,2.0853043121923385,1.8086799586080322,1.7624902405815002,0.4748693335314553,-0.31421156014576157,-1.023594620533846,1.6173601683527512,0.16919404399042043,1.400059948349262,-0.6949635650541851,-0.11636587879540494,0.8060293178007938,1.530105765276441,0.6635830815199592,1.355978885402361,1.4159716026917617,1.1123221314270395,0.5758672115715331,0.6550452038146611,1.3455506399934025,0.7889965810610112,-0.43333976541215813,0.7206003201930969,1.1033952012976387,1.0041924830148194,0.7243713093312503,1.2263189836783852,0.5091875343316069,0.6997356498208086,1.2888794381041333,2.0421498106672793,0.24987965566083806,0.5087228462363597,0.491999122179842,-1.483909328348314,-0.2505145072509798,0.3906164501622755,-0.05238608470810566,-1.0984788798603862,-0.0854624125232836,0.11090914316313842,0.4136951147719107,0.9714441312176842,-2.523799974970839,0.62159256697638,-0.7458277588820539,-1.9088153976784776,-0.0636242223563668,-1.6814404381305925,0.028531094065322636,-0.3587556869489453,0.308929820066159,0.5822137410588867,2.2078377174521804,1.3850081831399523,2.1793265509920348,-0.898483530179766,-1.4921872366854163,1.6712013152248546,1.2300236968748117,0.17199198726304185,0.6924401899837114,1.6297055773203972
1.158492375478434,1.587185295710498,2.009210578186004,1.4867126721275816,1.4354857462752835,1.354401307023073,1.3992143570607567,1.9045776780582966,2.061527489336563,0.7332529344793492,1.1251071514495752,1.0492971220428482,1.283499890924612,2.5167004719787887,0.9910027578667172,1.5749330363207077,2.0310745693098937,0.9165265963235287,2.496767859401142,0.4183530124170268,1.1558877301580535,-0.5929325275772137,-0.5916298530211503,-0.9191487828504997,-0.3830377465962621,-0.21591950304987215,-0.002179080904458864,0.07176731733505017,0.5643593649770497,1.0937858460032768,-0.08272600587431454,1.0784527975446638,0.9805554816241411,0.43397886896672877,-1.525084954472322,0.8543499630050841,-7.763179796783997e-05,1.8145713350372528,1.2670520468458417,1.3712604411725293,-0.13579672610115012,-0.24501651418853754,-1.3629075862858757,1.7807727069846226,-0.3694240158215175,0.8836809169371941,-1.1202196185102937,-0.6101587715973292,0.9494139713861429,0.8436234137352626,0.802462620127098,1.6703799889940898,1.5439662573687154,1.2763417587736015,1.10004994815498,1.0831796782449525,1.4817717377568895,1.0618256418960033,-0.4506614840209253,1.0674452803466006,1.1498603614453438,1.0646126360681993,1.0715382861615474,1.509737013214497,0.7583408666619386,0.857426625953914,1.2332501450925053,2.3455875419589507,0.8106486582158563,0.9298252419895741,0.7401013306949525,-1.1250140669441961,0.3891810016225188,0.2969107373761036,0.07553761962973671,-0.6281548962886974,0.18891387915322203,0.5252363383925057,0.223715596778493,1.1161635375236805,-2.444314571316557,0.12140250962798708,-1.0987957342978558,-1.890914993001181,-0.2557034185478603,-1.7891111072248311,0.11521068660001738,0.01549701655277204,0.06356824695439602,-0.02514976626616138,1.8917320818517491,1.6016727211652069,1.745454703905832,-0.5795949864494633,-1.4299424858423702,1.7645068007643747,0.7618340340705038,-0.46265084956432917,0.8867035604775263,1.2745102874167273
0.8944280808260024,1.4987407618319506,2.34616320870416,1.2321461769445232,1.534214613000545,1.713119225058581,0.9338888584380444,2.0615457199423495,2.2405777679151324,0.5338464644818673,1.097762975121848,1.015025729926479,1.2419166026951312,2.799724524096484,1.0499594971654582,1.201080552126,2.3318690628066143,1.1661981282733094,2.8030209327458295,0.14981681541444544,1.453758934314128,-0.32823688596702233,-0.4264917737516549,-0.6781277912821471,-0.11228010074551455,0.10175074472561413,-0.29314480153327915,0.5407784823227472,0.569619826830031,1.1254062534433067,-0.4287245066640593,0.7775664573133434,0.4173829741815373,0.8306285461976577,-1.4248518110838808,0.7543432716397676,0.11490944541861065,1.3412042492904435,0.5967951266099292,0.7961377617291566,-0.7574483944005566,-0.159736501571515,-1.588921687093157,1.7967209669547575,-0.8640285560026277,0.2448180743418107,-1.412967134547769,-1.032864847730201,1.0107587548893429,0.0898573929149708,0.8574711545029023,1.842275934519973,1.4192684389345758,1.2151858016629624,1.521364321233655,1.4236255789894454,1.42844755769242,1.2050232477075662,-0.432203584927948,1.2749449606590917,1.0381701682860045,0.9823029370464246,1.3118301214495662,1.6347970290691112,0.8793552965604188,0.8993475559421166,0.9449049473224446,2.42560430650635,1.2748529892034879,1.2322727450553472,0.8154858446774489,-0.7122024821261984,0.9381109929933162,0.14798998384915413,0.15196321517921435,-0.12453424359537012,0.3804640230975504,0.8454234849414717,-0.024776179805671407,1.1059868700333162,-2.202748476572787,-0.4280902410933547,-1.3603043799435648,-1.6789957494854997,-0.4145048276171498,-1.7237859980377557,0.17725201583692532,0.42233451636343555,-0.22036434402908053,-0.6788990706725682,1.3365633346489343,1.6691262680118804,1.1592312229206125,-0.25487062158840845,-1.2543023487802722,1.711363343901276,0.15669342235225694,-1.0802223959227917,0.9631345142019243,0.8092936836499489
0.5534134140627753,1.3013450524850185,2.5695158635235114,0.8400064225501388,1.5117481171418898,1.9820040101099685,0.28050416788225446,2.1109178956873227,2.281346763569797,0.36601841482638775,1.0195991389926757,0.8993068359433968,1.1095725109426513,2.874079806969395,1.025630319681243,0.7326918159837037,2.50627282634694,1.344990162258783,2.8776642734554145,-0.11662845570745045,1.5794105377166725,-0.08105715426385607,-0.24167829746729758,-0.4186035711228138,0.15537780088879818,0.4472976119397052,-0.5087678924025681,0.9842582445912893,0.49375855983546,1.0574752625549038,-0.7127347680028409,0.3475181851644773,-0.1566020851688279,1.18039284491501,-1.1344289193531039,0.6570778511976049,0.27861754723802973,0.7668825446885291,-0.07742545074229643,0.13509163984537365,-1.2873077454090558,-0.0368178899276617,-1.6494425092535578,1.7020622472589304,-1.2410963907899484,-0.3930993270044588,-1.5163385734245012,-1.3196723893686524,1.0196366628861009,-0.5893044680028744,0.8376875332500224,1.871446241096203,1.0798096742093997,0.9726358458328219,1.8332640985482773,1.6820756807543864,1.2381357665995523,1.2620940900431106,-0.38063273272075987,1.356125764095961,0.8147380405009177,0.8080865683701701,1.471079737014303,1.6477935877375403,0.8912109915175948,0.8760629755581499,0.48204442311212076,2.3129365758404936,1.6205474625331433,1.4169245342798482,0.7617752808653155,-0.2801169268245859,1.3747841980166808,-0.04068185432001131,0.19728807537104212,0.3685976734973419,0.5105056850198901,1.0711379949281297,-0.2644075522196742,0.9815206408211044,-1.831575842889427,-0.9461980744497481,-1.478862425643627,-1.2955238550154515,-0.4895036957744111,-1.4794143411544072,0.23569130325738144,0.83626742237209,-0.47988533477820083,-1.2784741767697363,0.6562574867021134,1.594050791784394,0.5173342295563257,0.06718601127158359,-0.9497090178848848,1.567416533852706,-0.45301310938817646,-1.5833252710402255,0.9609576523634986,0.32448742410661924
0.19978525401775168,1.0418174885621974,2.6787476260026466,0.4007241541151031,1.4302459501036664,2.1732301278709,-0.4396551570873996,2.078916334522667,2.2341012364659565,0.263411519015087,0.9362762252973477,0.749521181231378,0.9522848074542624,2.7771599714706348,0.9730407081122968,0.24612894153501771,2.5812732757947545,1.4659876325339969,2.761602845620718,-0.3271320240880479,1.5653222962792188,0.14946765579790067,-0.023374259282955123,-0.15697843764875283,0.39488441349028464,0.807561182966821,-0.6046084859758248,1.36697143024415,0.39155350696069147,0.9498418193381994,-0.8785051262128171,-0.1355094260315559,-0.6338511672126816,1.4708210616429058,-0.7015483958334491,0.6094952663890529,0.49367361030894924,0.20641857714712453,-0.632952893744548,-0.49764415411648605,-1.6371788481566032,0.14185736207604127,-1.5103364969213016,1.5427057485926778,-1.4472825850631714,-0.9079122332200154,-1.3999766904520128,-1.4254044791139528,1.006405518163652,-1.0674207351340887,0.7574072798657444,1.775283824111904,0.600340198652925,0.6240013502685098,2.044964276176391,1.8711733941983333,0.9815000605589622,1.2888386065480204,-0.3005980208220704,1.3429041491271096,0.5446688390029713,0.6069070592288336,1.5848550151082674,1.6078514507168538,0.8345355579460385,0.8477249911052479,-0.068908764876116,2.0688393488821557,1.8490172517859127,1.5005735041765793,0.6412605907751457,0.13798124389927677,1.6959104527599886,-0.24753649383000276,0.23982964104925716,0.8126374061537827,0.6068715461748863,1.2179312634907693,-0.43509034646434236,0.7963812517186455,-1.3749056068510936,-1.3547329945828568,-1.426045188662068,-0.787596564704176,-0.45131094017697343,-1.0743343182148364,0.3117493185363904,1.2256324495162927,-0.6582323459419281,-1.7325510618732223,-0.01781548528939773,1.4023019351944424,-0.07791352421213331,0.37798700215465003,-0.5233072253402516,1.3920283933362663,-0.9403798251746516,-1.8951528046551258,0.9218614483710877,-0.09204079544008413
-0.10869970870913484,0.7724581037334718,2.678200172401502,0.009173201398946096,1.3521130507954973,2.2986483889776386,-1.0946107988414364,1.9939876712496987,2.1516535131163583,0.2453525501941061,0.888345623158615,0.6176721746953058,0.8342053387024208,2.564251384630719,0.945282359262334,-0.18217380991715315,2.5914194451814887,1.5415961698917022,2.521465065691488,-0.44316488922589853,1.4596388944282837,0.3704167753566995,0.23697784226246016,0.0947689310413141,0.583559567009332,1.1678021193789032,-0.5587264835466691,1.6624178968389445,0.3141127310587436,0.8666280081843948,-0.8910444733107251,-0.5899728976245555,-0.9289129200499127,1.6950651845157347,-0.19117648131307574,0.6418100338650774,0.7457583162471499,-0.23596528157012905,-0.9732677363101788,-0.9931447487534028,-1.7526789715265731,0.38640293748531657,-1.1626176872954597,1.3629384891990968,-1.4582359690747562,-1.203663848837016,-1.0676725524860786,-1.3343296830418774,0.9927148871006545,-1.262240168184847,0.632773215259009,1.5847249222573485,0.0786645486333397,0.26044265783057213,2.1742897412933537,2.003277034281101,0.7302917776584738,1.3369900470993101,-0.19641175524949875,1.2788287965015932,0.2987763883303763,0.44365542068913905,1.6877436664335452,1.5723133440879415,0.7635480743662749,0.8697775348805515,-0.6115991947537959,1.7720726115072114,1.9805712689800345,1.5088719412068483,0.5195432824213445,0.5139011358310056,1.9128485764827392,-0.4493731619741919,0.31040645361870234,1.1815482049510273,0.695051113465934,1.3123677410797487,-0.4971540013908902,0.6048232002528551,-0.8816413347800306,-1.5954590815795782,-1.2038728534651,-0.21976525496455868,-0.29836869419022494,-0.5512886381372069,0.4181402002023773,1.5560960472649006,-0.7194380508328676,-1.9788408718467403,-0.5648320861049781,1.135866908604884,-0.5377361397956222,0.6683876562567861,-0.0057591829800736445,1.2334418420663726,-1.2119368526220486,-1.976205046687531,0.8767280635863852,-0.3761964538480215
-0.3314939204659551,0.5403448629709685,2.5743517917628402,-0.25558871953474727,1.32407092807549,2.3646422036523744,-1.5669215373384768,1.8795433135766935,2.075656594348585,0.3146961045882871,0.9038044518364691,0.5501778761372993,0.8037076602454621,2.29742409792472,0.9817473340114214,-0.489237661621167,2.5700732927709162,1.5788511104712353,2.2344700250006233,-0.4506791945955787,1.3150541640335336,0.5898095618045107,0.5382536837103036,0.33077577695240906,0.7066960990829229,1.5126532104689967,-0.3748976471939945,1.8562369748613805,0.29807486911963044,0.8622739686626611,-0.7440606702999604,-0.944933599710032,-0.9966182476016756,1.849431844244404,0.32576613998842274,0.7586819562986026,1.0043614819385422,-0.48777594742937674,-1.0467881812589441,-1.2691393227550916,-1.625683438556649,0.6944425352500989,-0.6275039279835898,1.1966171314668612,-1.281869183122183,-1.2299877528593992,-0.5596880851940383,-1.0646276335019305,0.9852242759053722,-1.154186748654139,0.4789273485023961,1.3378694329561258,-0.3826454382723234,-0.030057679302612307,2.239776570262549,2.084927032312087,0.5413668554160758,1.4397321457432595,-0.07160109483895738,1.2094425315897446,0.1391737042328683,0.369534444849691,1.8034756879582217,1.5834864458251199,0.7345928881246089,0.979834421338578,-1.058848432483721,1.5027374496380728,2.046660793386997,1.468586024068902,0.4504982786127526,0.826723296689871,2.0457414618165384,-0.6256202931489162,0.4354715206099026,1.4647949668449018,0.7906923818327253,1.3843901413627229,-0.4394287025102462,0.45015960579828335,-0.39935900564577914,-1.6433385560718317,-0.8460653262784398,0.3355978233395375,-0.05676951886066746,0.026636324089295654,0.5531108958242144,1.7950349945230222,-0.6574497925692137,-1.9974342979728508,-0.899558792309338,0.846069913705916,-0.8034722691566275,0.9274746387752698,0.5525382522972263,1.1183555852572116,-1.226651019635963,-1.8329445072644703,0.8371497035603461,-0.5019700509883606
-0.4517214745368301,0.3780891346821221,2.3747713456942794,-0.3470287612192705,1.3662174122307522,2.3701793491422283,-1.7761052300986198,1.7492293604860472,2.0271861710239354,0.4578912588370649,0.9926412355572369,0.5779478322440497,0.8830641193061745,2.034031002754974,1.0996657394290767,-0.6369342087398051,2.541785622999584,1.5772718156372492,1.9721481976445512,-0.36349454450732727,1.1780066488513579,0.8104195797763405,0.8666186381183164,0.5504273663097508,0.7609700939792263,1.8259196740959527,-0.0814332470003891,1.946473849191481,0.3587958567601439,0.9690682315841167,-0.46245754637161224,-1.153358633189521,-0.8414434547401902,1.931206732478062,0.7824258861153994,0.9370838327215607,1.2284762018343114,-0.5221543983420834,-0.8565120293824872,-1.2867701298581595,-1.2968391749718438,1.047639994003252,0.0417633513074424,1.0619644445006062,-0.9558495363905498,-0.9919040278222393,0.05113600893732714,-0.666454761815162,0.9741829561684338,-0.7901159399798273,0.30816922483036746,1.0727913159986675,-0.6957109890356499,-0.1807844925205282,2.254452558581342,2.1146592541231084,0.4454726750167796,1.6027726765229495,0.06962738239310746,1.172216975438398,0.1063705795733383,0.41168090197696605,1.9382039842822856,1.6596261165656256,0.7935349453850883,1.1887371641217959,-1.3486063276607647,1.326191933981766,2.080415585868896,1.4012409663811973,0.46503701588883256,1.0633189945596306,2.116802180867079,-0.761530545342931,0.6301987202556875,1.665382959401355,0.895673605776504,1.4588402827891214,-0.28084335560836626,0.3564952138966183,0.030507141915554453,-1.5122049790247758,-0.4127135367413739,0.8086659559528467,0.22662677411632243,0.5840280205468213,0.6994022882514999,1.916356248471422,-0.4974356011986705,-1.8143672343627903,-0.9887238570521037,0.584202303611834,-0.8569810041397856,1.1412591328493835,1.0889529717618236,1.0482129356716026,-1.0019839892803668,-1.5162917022865694,0.7940505467184777,-0.4852224929860291
-0.47727756330145665,0.29831099490058904,2.0889086440959237,-0.260112107677024,1.4687155731808872,2.3084090552168033,-1.6938746312196464,1.6057384147139409,2.0037505094686825,0.6472892536946131,1.1445095722730387,0.7089561830457553,1.063958739483022,1.8169912005128377,1.2907584988899963,-0.6188289928999349,2.5172587188692144,1.5298930690066324,1.7862299742128975,-0.21978255717171952,1.0804244228196902,1.024751169481684,1.1949865278720246,0.7552751458165434,0.7549731407602184,2.089669747867066,0.27390382848944717,1.941311873010427,0.4887019376531812,1.1890432949756216,-0.09893680938207372,-1.199738017814226,-0.5156421335659186,1.9376288564336934,1.1235510513634674,1.1314659973139742,1.3759207190153544,-0.3613643868502057,-0.4583255125786806,-1.058853828534284,-0.8471483250253796,1.410743968953542,0.7629359090404597,0.9607537617029899,-0.540005623677532,-0.547956646466341,0.669542487763582,-0.2137455392458965,0.9372079242527516,-0.27147552534830444,0.1293344344782932,0.8212301313708581,-0.8042047610319911,-0.15929688209036993,2.2230206504545222,2.084636074199756,0.4431116368396252,1.8031545012184806,0.2200086726628962,1.188354068611739,0.21070964321867464,0.5680006561247931,2.078548594824799,1.7920532508768845,0.9647913460032165,1.477872167376972,-1.453705804136634,1.2802016259861915,2.1078269257498485,1.3196338675973407,0.5661379032808872,1.217476864738701,2.144269210714514,-0.8497567548048035,0.8931516922468142,1.7942444705442488,0.9988282982035012,1.548386525071988,-0.06533295712023883,0.32564375296045006,0.375992361029003,-1.251245743129242,0.020821807211467962,1.1417810794987577,0.4959343280003974,1.0442642533570423,0.8286903942679298,1.905139889689543,-0.28889131629847214,-1.494389611120021,-0.8549283431575248,0.39170089633922656,-0.7224049613263058,1.292453439949057,1.5385004007563692,1.0026946988747305,-0.606243974387377,-1.110158480028249,0.7235415891958893,-0.37621923804444324
-0.43655867916516744,0.2930368332825137,1.730041617968619,-0.030329427649938224,1.596641380590068,2.1710340630361045,-1.3491496293452356,1.4430236523257929,1.9830733238868419,0.8456008524044742,1.3303472206174212,0.9253163975840226,1.3096692842066715,1.6686472394516412,1.523695290415412,-0.46085860500169834,2.4917222172343907,1.4270286249913269,1.6993901837016607,-0.07230173972127883,1.0354389990467006,1.213081498959371,1.4856935851571231,0.9448471166113958,0.7069639969414246,2.2836419292873313,0.6320350815925847,1.8554711390005392,0.6607384076802831,1.4924225869158902,0.27525556758390973,-1.100475146630742,-0.10632866660410517,1.8663059877530612,1.310401481093847,1.2849302165800822,1.4138391990005115,-0.06897483203703952,0.051961112670266874,-0.6472029234418294,-0.3801343375809041,1.7346074758994476,1.4338829969041422,0.8816690538719846,-0.10511937979937527,0.0029760852603202843,1.1932577373877886,0.20895233705211896,0.847233205688475,0.2702341013692638,-0.05168671317818502,0.604472083779283,-0.6942034354553901,0.027534402381835264,2.1429473390830207,1.9853060126965119,0.5078029087886511,1.9959102924705001,0.3674278943757421,1.2584880415239332,0.43019168787206846,0.808094260517146,2.1949252604542804,1.948876847982939,1.2446158313449958,1.8033783007872939,-1.3839139894776502,1.367836658126727,2.1414154442735653,1.2276749988851205,0.7309381886027663,1.2882582663999471,2.1382739755513196,-0.8901735356091074,1.20399647841434,1.8633622652399473,1.0809177235408538,1.6497857632375776,0.1488328790289206,0.33991418091280085,0.6164950693833599,-0.9329273107715589,0.3787439192329583,1.2971737773763419,0.6998335072270169,1.3420916887731167,0.9102023852441387,1.7612906224801155,-0.09228281692656812,-1.1245355349969912,-0.5672659753905205,0.29231544075082694,-0.45863281616375545,1.3623278830027878,1.844523515329677,0.9490804012722394,-0.13965448371535893,-0.7124767126549345,0.5979717315003351,-0.24321371999869096
-0.36998200783007973,0.33780500221219295,1.3171838513620266,0.2767308943682096,1.7012775158461013,1.9538526184609155,-0.821787459187739,1.2507780802620838,1.932169657838857,1.0120955882167144,1.5080385853814269,1.1860242871496136,1.5633994536894127,1.5892254358437232,1.751723616124391,-0.21551744996276978,2.446890137276409,1.2613863876310019,1.7024731392721066,0.025224397279458646,1.0374204987675355,1.3456759587251672,1.6963654297522206,1.1129260180427507,0.6405376527859543,2.3861001483194477,0.9326160867259943,1.7065630133074157,0.8357329723097924,1.8234124928365667,0.5840559591784737,-0.897354737734773,0.2855667477893666,1.7167267934501145,1.3235017361067032,1.3435711956196914,1.3275049962475483,0.2674565816788091,0.5602901534767831,-0.1489538203869492,0.001570964579835697,1.9637595206877558,1.9478208179211567,0.8067491556799887,0.2798676588010102,0.5434475284522909,1.5313672577937572,0.5223208373868283,0.6824931247944221,0.7047672256146716,-0.23061985756665657,0.43196714498946337,-0.39674651562326196,0.3373055188469921,2.0086140453706434,1.8113489073839009,0.5951631769322582,2.1265778660500114,0.4950072035676521,1.3634278531549147,0.7153748419489212,1.079954930363549,2.2494205748158898,2.0842249628659832,1.6004192458417987,2.106228190107912,-1.1804954070268914,1.5575221244949073,2.177518468211077,1.1229391678008134,0.9188151545215187,1.2783393249030819,2.0993733867293045,-0.8882495035759946,1.5251814957332777,1.88025274092409,1.1221154820870394,1.744529520058455,0.3030138408740159,0.36997321287519047,0.7433976960295807,-0.6351775733890178,0.6004201603236797,1.2619217833998895,0.8036504021126163,1.4354374964407577,0.9207769442732503,1.5013196664236759,0.03731261339397297,-0.7923950427448305,-0.22110365993108513,0.2882641544107456,-0.14404683701203672,1.3348163085629716,1.9684683184574976,0.8547418490422184,0.2909729002089949,-0.41290839746619984,0.39864183058687963,-0.15170791932463581
-0.3193472112958548,0.39904086630258756,0.8757324763579647,0.5822704006471363,1.7344606536150975,1.6615437553372783,-0.226191490923717,1.0195636081375428,1.8188864567999126,1.1096966362564984,1.6312291914549735,1.4351897711804615,1.7609719448087562,1.5599437142260233,1.9236201616524728,0.049357349590310934,2.3560554078472933,1.032750438701611,1.7585395271841466,0.0320696308719939,1.0657130585179009,1.3891051573894062,1.7880483008851413,1.245879716122443,0.5792509065755225,2.3767758039352906,1.1245499002518193,1.5123500095971742,0.9717738541779909,2.1123389908612653,0.7621311520190757,-0.6460674653708314,0.5694351433900305,1.4921617540053782,1.1637707122875722,1.2703231627595135,1.1249714408107732,0.5589305819110894,0.9599844578861583,0.32538781485924434,0.21984952470770577,2.0475939011058104,2.212748757385165,0.7191342053163183,0.5599516372017538,0.963060123706651,1.6223371782147908,0.6678283795017718,0.43578160275562966,0.9336559323201229,-0.40316630222874705,0.30244593458618296,0.01857942579829297,0.7033222864459046,1.8166913052991642,1.5667931406946747,0.6550009328665558,2.1460853913338607,0.5835748473548794,1.4697658861993628,1.000359241204483,1.320997479879361,2.206312240487389,2.150569686984508,1.9765697670464886,2.325733594897287,-0.9050084935215085,1.79023505027765,2.197553449475272,1.0005759187755745,1.082901411418312,1.1930201612764773,2.019911780961197,-0.852600670783024,1.8076818191770505,1.8457189885835965,1.1095349698315635,1.8037411088795527,0.35240906901832225,0.38561778507161576,0.7596411598544267,-0.4221587942009193,0.6534251533751602,1.049593846210307,0.7970569088744732,1.3140629214501205,0.8531466767178593,1.1575465676381964,0.06524602712183944,-0.564402396143152,0.08778058097653031,0.36131353776374275,0.14280705651882353,1.2019838842571784,1.8970920678373413,0.6993163972793236,0.5977912418227044,-0.2722683262815845,0.12621467430226116,-0.1450722738699857
-0.31752769294085037,0.4426395434876009,0.43608471115754566,0.8131397114543679,1.6619775234112435,1.3100492391903213,0.31202819910822105,0.7451269388964256,1.6225826312824412,1.111757082973015,1.6594892414815807,1.6141047282095962,1.8451683480220833,1.5498331198522641,1.9953546127953667,0.26495076449423155,2.191344441455462,0.750727253187309,1.8127851761840772,-0.06881986659039138,1.0908302853259928,1.315355233992808,1.7339354994968919,1.3241045279106103,0.5413675061033019,2.241634450231423,1.175242908993938,1.2893028863169045,1.0334951773264136,2.2914562497253628,0.7688788097656242,-0.4028287801019613,0.686332419865794,1.2012766900053893,0.8522687275988979,1.054789686015749,0.8362611560286635,0.7370336421652814,1.175351411471401,0.6771669028849798,0.23930516770633253,1.9527135668804962,2.17136283862511,0.609963296978277,0.7033100035042417,1.1821920282920628,1.4478614912353434,0.6198463844629393,0.12028271655246493,0.9126103506945537,-0.5636316314409076,0.20678404556802657,0.45793610200554924,1.050260373620208,1.5706022064746712,1.2674963495327234,0.643362585005987,2.024022523968075,0.6160261148101995,1.5388699091126856,1.2173531248209466,1.4711387939289906,2.0425882255134162,2.111047203680418,2.3056044047521493,2.413219763028235,-0.6250449502964442,1.992379144208852,2.1729165983557266,0.8570914101011593,1.1818399768928765,1.0402935014688086,1.8877933652731245,-0.7924554035798137,1.999964267870175,1.755444405336995,1.0424189466110338,1.7960612606329411,0.277333661458537,0.36642233617093833,0.6785318395570624,-0.3283920609982691,0.5410709047325597,0.6983685103747218,0.6957029462424725,1.0030740464375176,0.7198089761883109,0.7744323532724937,-0.013005006362201355,-0.4695736875341662,0.2880609031209491,0.4783927085258347,0.34180051891971175,0.9691948745473492,1.6457130921780223,0.48321021758562266,0.7316614266870424,-0.3084375999578171,-0.1944439293833479,-0.23175780912584176
-0.38084185955877214,0.4417472541727725,0.030183211156697243,0.9180572252688562,1.4725746689654993,0.9256927625370022,0.6817343091469107,0.43103420217716915,1.341080058290834,1.007188587224231,1.5675569664847506,1.6743899065002366,1.7786600369037682,1.5245977504220734,1.9397858800823728,0.3760449378305163,1.9317425027772201,0.43485032197247686,1.806273151925072,-0.26614261698616554,1.0816718122553837,1.1114568636871283,1.526698981394864,1.326680123720801,0.5358565147293458,1.9782989278377976,1.0768432596461623,1.0523259595388692,0.9994335397712445,2.310742550474457,0.597642194137582,-0.2123409912173683,0.6223171530284205,0.8590705266268864,0.4284222598042059,0.716610527336242,0.5073039017653888,0.7697365310737775,1.1775541169862143,0.8419652471637357,0.07559925889106903,1.6731227124641284,1.8166704128580176,0.48241856740040917,0.7060429945912897,1.1684117175175728,1.039105997875139,0.39161258298331914,-0.2299411628356182,0.6604991746614018,-0.704376764347315,0.13168853278442097,0.822676331415126,1.3104313905118454,1.2824334357845646,0.9400416506494057,0.5320698138212563,1.7569385107074804,0.582297636495299,1.5369196019297386,1.3114438133496866,1.4852888741648431,1.7557571347890986,1.9488188255561372,2.522493020830154,2.3426846465630313,-0.3999790928856991,2.091686166992448,2.0725974128078075,0.6929325536314256,1.1889205544922075,0.8319211958355417,1.6917568281239006,-0.7156374196397736,2.058517703603016,1.6045713145711626,0.9334623267250912,1.6965270711230862,0.08894794563442221,0.3091465789294754,0.5220686456937443,-0.35021332029312935,0.30253409827731914,0.2657997599077072,0.5366252572817782,0.5602248996159183,0.5512727448645963,0.40237410170158416,-0.1701071127026198,-0.49285902578078994,0.3503531996903693,0.6001834073512367,0.4243397806552296,0.6581503919612234,1.256676541441694,0.2300242910025413,0.6915839224173845,-0.4921816600752729,-0.5166594300796132,-0.38252695708956563
-0.5057804048333738,0.38224692091606705,-0.31330968302888595,0.8776581610811786,1.1806091788050044,0.5412059071872998,0.8090788070700932,0.08943239607127035,0.9922251867189686,0.8028262302627112,1.351540910792775,1.5891053550396683,1.5528108486367351,1.455484499169485,1.7523357793293517,0.352743457639408,1.570273082679987,0.11225023197317924,1.6906603978327084,-0.5226438703516216,1.012437561033887,0.7869301762988345,1.1826200835016847,1.238206684891995,0.5605794096164596,1.6004400475304361,0.8480603497280172,0.8151939621068286,0.8662085664189179,2.1499548594379267,0.27788035259835697,-0.09975133429139998,0.41055790763575967,0.4870277539626726,-0.05364645828829625,0.30161764845414796,0.19023649445306148,0.6669083641774337,0.9888528424931327,0.803593289432346,-0.20824465542621384,1.235194429925988,1.1987571758076159,0.35165369921329354,0.5915736383731637,0.9418462172688206,0.4732343186479585,0.033413447260536,-0.5653412447032011,0.2529796842484312,-0.8164840528332589,0.06335044204838798,1.029994655182587,1.4370840625280403,0.9716945994798305,0.6172217768080498,0.3143250708477898,1.3697936128634554,0.48335633422429447,1.4434892925978497,1.2522338804053277,1.342808522009497,1.3669217469821269,1.6714084479113052,2.578850336730466,2.1161601353779234,-0.26956829924979553,2.0328716290466664,1.872102966627871,0.5134763392100936,1.0968052752083397,0.5849787283712901,1.4269178779329232,-0.6274379759365534,1.957817085996999,1.3934027801773696,0.806010751832967,1.4942820093216518,-0.1720122555947489,0.22957884707224346,0.3189902839371608,-0.44677890106318335,0.005235973512323366,-0.17920937819671132,0.3687634332681831,0.06713988974927237,0.38917936058804325,0.08993518846015691,-0.3536413121751918,-0.5799272082989662,0.29286551107146447,0.6904293252141542,0.3977199900626477,0.30643775380393995,0.7930338299655327,-0.017908258281889227,0.5218999981788284,-0.7540707677748133,-0.78122619064574,-0.5384608414831336
-0.6707355599654976,0.26512971289894,-0.57401327111061,0.7066301893093255,0.822193434323164,0.18976038580988383,0.6726584241485329,-0.25981194305654143,0.6099585048838214,0.5224174324436095,1.0306524408107312,1.3592074792012838,1.1905569773827633,1.3262252164840629,1.451682637901472,0.19674515487232797,1.1187494532617508,-0.18627802481398098,1.4408306733292044,-0.7839120355001655,0.8681896574919554,0.37661484609314266,0.741336606601627,1.0558866006506173,0.6031757804489319,1.1395082080198422,0.530938142778585,0.591129322612223,0.6489889440014915,1.8241226759759805,-0.1303920828921317,-0.06810084029751992,0.12174799197900467,0.11245164063867953,-0.53099304988615,-0.12815165311862703,-0.0674772308215197,0.47432343414570916,0.6742637620580392,0.5961828152722752,-0.516889992155295,0.6956052495274255,0.4197799575379907,0.24053360846533314,0.4048328612296615,0.5684312084330889,-0.13990489932915934,-0.3770719947458676,-0.8310961399038652,-0.1973624906082377,-0.8917205832397327,-0.009620222362110947,1.0303555297367444,1.412192422493229,0.6614888288803455,0.331307404536523,0.005965529677601331,0.9105457031700569,0.3328058766283092,1.2566853540840937,1.0398899918851523,1.052183707953336,0.9183158361827586,1.3092839677155077,2.4539621698146306,1.7629063856867035,-0.2475505639128906,1.7898593892127448,1.561902523467435,0.3285920942502509,0.9173975491583306,0.32294227144613696,1.099238056281328,-0.5305308567019219,1.6975643657110184,1.1320638197439927,0.6880902519264317,1.1973041545639491,-0.443445230683169,0.15799496261621984,0.10255755037563091,-0.5505654895545883,-0.2691900051513386,-0.5663133486120931,0.2409944725910029,-0.3842562638220913,0.2762019432278042,-0.12407325344857788,-0.4997075347930287,-0.652377552257883,0.17379935694845844,0.7236311757488672,0.29974327598130523,-0.036865037134686626,0.3283686663865843,-0.2098382754506181,0.29834485965363766,-1.0011294330627063,-0.9303392709563508,-0.6276837685922917
-0.8422372892367559,0.1055667712186906,-0.7436977758682825,0.4481079110623636,0.44632807860282303,-0.10134928883381987,0.3076374830632711,-0.5912393362425179,0.23624564952471905,0.20232550853965076,0.6440708915407912,1.013933536684225,0.7428518619735895,1.136623952083744,1.0757490964881269,-0.05941225615615885,0.6088806940041805,-0.4308339688226735,1.0626607932878203,-0.991390645858604,0.6483393881288324,-0.06255597309378486,0.26093614083922423,0.7945830952021393,0.6445383716644478,0.6427967511468459,0.1830049814248872,0.393013978899903,0.37839896241744614,1.3812540588168325,-0.5487967380954638,-0.10135468115230178,-0.15478011390995636,-0.23317946770190556,-0.9398300808351848,-0.508083881145581,-0.23256232023239895,0.2581391147506151,0.3229750544419542,0.29390513820718356,-0.7457462275234601,0.13229674953356696,-0.38301930457128286,0.1724013169367954,0.20232426223713004,0.14291714708533326,-0.6788188073294499,-0.7505830990641708,-0.9797287433224149,-0.5692938203042007,-0.925446793158694,-0.09444436588603067,0.817730179859275,1.2476226470323826,0.3735091396927495,0.10693749195442037,-0.3573568252692219,0.43955295873609695,0.15535183188874313,0.9938118931687488,0.7045867521231063,0.6501821541645502,0.465918700848704,0.9093505064426857,2.160184326790757,1.3330632985998396,-0.3213388783143047,1.3721595829446416,1.1534357609291275,0.1511902471021662,0.6776075639176121,0.0752771480920984,0.7277347446587741,-0.42592741709753174,1.3054977500664922,0.8423825432645278,0.6050087342241706,0.8330490153247536,-0.655421634018396,0.12927310816049545,-0.09210152424470704,-0.5850832666638356,-0.44256210215386305,-0.8343099480927307,0.1905634685512009,-0.7079042769802439,0.24533864025678162,-0.217147067647248,-0.5499942650524288,-0.6297858289522867,0.07252303869330248,0.6893407406059985,0.1852195376897539,-0.31894780082531915,-0.06545505374193507,-0.30013439590218577,0.10671105967203107,-1.1395202901220296,-0.9226899673764656,-0.5865074448906926
-0.9841661556613515,-0.07097086061045146,-0.827982023945001,0.16211430571511282,0.10357972118096555,-0.31570563656317663,-0.202268185643577,-0.8769293077410364,-0.08879409082826406,-0.11519575922379435,0.24367100843374684,0.6052312225270113,0.2795092346250389,0.9021794718455343,0.6742908143579761,-0.36024022878860845,0.08919788610437025,-0.5968505131374088,0.5940486061591724,-1.0965249752473947,0.367679384413501,-0.4607462036076046,-0.19086712312544005,0.4880056859270509,0.6641255898676401,0.1677962243808016,-0.13371397882129082,0.23294356670299035,0.09463564277774067,0.8928818215400417,-0.8967382509506368,-0.17175608489985217,-0.33457937153835376,-0.5171163004789313,-1.2248491751578168,-0.7850297959924505,-0.29210576015259343,0.08444580191408704,0.024552073405983248,-0.008992426947364678,-0.8068102664784308,-0.36960697510041046,-1.0633504921943757,0.16305806951475008,0.03998168519678302,-0.2340510422351368,-1.0350837483095188,-1.0050555318268044,-0.9829699867492963,-0.7627262200893499,-0.9196486285641239,-0.19379341897675287,0.43014940947357244,0.9800672492251775,0.12354847804366542,-0.04441990974484992,-0.7263884805420955,0.016606766573001717,-0.017727378955502283,0.687682691633539,0.2999013416078288,0.1958565486646745,0.06896233617496098,0.5251565894091252,1.7415246110477312,0.8875672778137106,-0.4576419349068628,0.8242423344806521,0.6809465119460948,-0.004869164878165126,0.41256836402114516,-0.12522530988685757,0.34368287657715985,-0.3148119499723992,0.8349150978982334,0.5562004712998393,0.5725125065675051,0.4448081434765773,-0.7461719850175141,0.1704078045792128,-0.23129188574900375,-0.4858366997737957,-0.45776835464043464,-0.9409840478336634,0.234596539413874,-0.8396225744291772,0.3111643447091106,-0.1870015293093732,-0.46812808528579086,-0.4532638231194726,0.06448375740833019,0.5922946047285247,0.10812945590953593,-0.4929055719747508,-0.3303126535616504,-0.2614830554954295,0.019574410181897338,-1.098070085499145,-0.7458675899310908,-0.37957816091199686
-1.067660571444471,-0.23474027461670866,-0.8453495215089526,-0.08908630432276486,-0.16482820702404066,-0.45023476422247066,-0.7433665913124782,-1.0904439571270645,-0.3359291971410762,-0.3896675749415101,-0.1156941529060524,0.19777209496358858,-0.12360113532794392,0.6500648910098201,0.29997961879313717,-0.6407275362317005,-0.3818560091057555,-0.6689813597117917,0.09869956207989761,-1.0727665146337602,0.0549173884649367,-0.7485874938940965,-0.547856655675126,0.18522423274826655,0.6458942773224373,-0.22618929418453207,-0.3645646380126723,0.12113701015598144,-0.15994987472654174,0.4397245196475797,-1.107864803373039,-0.24923920038276592,-0.3604513555273202,-0.7096647973550675,-1.348414659973892,-0.9285739202712191,-0.2553240179224295,-0.00025360252668768914,-0.15376932551764036,-0.22270678980063374,-0.651357149090346,-0.7337125989637672,-1.4954137707296715,0.21445412138349432,-0.038757176433300324,-0.47916675287624283,-1.1365104207147898,-1.0833139219552677,-0.8398041181337261,-0.7230118086595411,-0.8849292021265781,-0.30661267853646884,-0.05966949162490962,0.6613906530294601,-0.08112059011801298,-0.12690951592148478,-1.0469146292024891,-0.3112373450962216,-0.15503838170696552,0.37972315919448246,-0.10797858283155867,-0.23929720079511915,-0.22117913780256068,0.20623761476541008,1.2657290774322034,0.48676731288668945,-0.6125360130735962,0.2181877909594878,0.19811701747644114,-0.1272632122094168,0.15817193716185773,-0.24741251496647423,-0.013276613655912387,-0.2008611466239675,0.3571464327070067,0.31044694045583654,0.5922610197282161,0.08451770741410651,-0.676968903742965,0.2891580708805584,-0.28669166280549885,-0.21975048068483585,-0.29252197787214745,-0.8706670834852116,0.3666082233341679,-0.750064647408563,0.46497479556104065,-0.05202574726778959,-0.2513140234899974,-0.10473226389836587,0.19653026235299995,0.44883399248610567,0.10436785893144543,-0.5272233249908531,-0.43124718490686836,-0.09422602989556719,0.07685052419629264,-0.8471525379833255,-0.4227843626425838,-0.013834783075246064
-1.0791339109118552,-0.3587240633511544,-0.823583781987201,-0.25543136648887305,-0.3350452762290895,-0.5146516247043035,-1.197041932536764,-1.2112590901332148,-0.4927861028432974,-0.5892227535911259,-0.38611777563204036,-0.14300335046110388,-0.3983707948630813,0.4126053123565035,-8.307036232685595e-05,-0.842207836363308,-0.7454624573530745,-0.6441486508612521,-0.3462363019333519,-0.9226585714657195,-0.2510317112613319,-0.87161271450322,-0.7565833809515284,-0.05695264997987089,0.5834629263640814,-0.4874515329685423,-0.4725091347508703,0.06450535846347469,-0.34827803581091177,0.09576602823664743,-1.14314613892898,-0.3102234589579953,-0.2181151994848881,-0.7896151568290358,-1.2976918870548255,-0.9370638561494583,-0.15081033073636002,0.017759221784707662,-0.18293155467357058,-0.28477352862027866,-0.284145424980281,-0.9065407766685856,-1.6001199067142926,0.3121224136383559,-0.012180940092646798,-0.5445455658158683,-0.9634982062293567,-0.9656671576055373,-0.5785155981751596,-0.4542427577919969,-0.8402909132378896,-0.4296561944815737,-0.5613963240026074,0.3468093237619261,-0.2418844214404141,-0.1589224045612297,-1.2695529959326977,-0.5182856108805618,-0.23176319633882322,0.11165375725537056,-0.45263372714082106,-0.5831019637047175,-0.37021540303390066,-0.010980364005408453,0.8116013503618765,0.18016636627755075,-0.7434490553633815,-0.35880811487658787,-0.2303766951334801,-0.20786594532666613,-0.05535006788153504,-0.2681503891609963,-0.30144429638423026,-0.09235083507824914,-0.04971449936821527,0.14025092968742145,0.6508320565994398,-0.19647860684586743,-0.44247093741058807,0.4674611487242311,-0.2395091613531301,0.2015563638825094,0.033885125735711036,-0.6380318089049433,0.558726916647949,-0.4520035347273498,0.6748363827697348,0.15194534087048547,0.06564146045323528,0.38304990091221064,0.4693306755042856,0.28105670928482673,0.17979599075428146,-0.4130119459080233,-0.36146078246999386,0.17074590590067434,0.2748600328980106,-0.4084194087217002,-0.010188076952951779,0.45746445217294623
-1.0241070427310175,-0.425180572339788,-0.7942425068878649,-0.3102455806217567,-0.4041972009346678,-0.5281455507284177,-1.4655293957775641,-1.2290405536567097,-0.5654018545410487,-0.6950587097231165,-0.5345788354109356,-0.36216163553152786,-0.49652348927818085,0.2199175724036968,-0.19091210764606587,-0.9266990230844342,-0.9527358598657893,-0.5333680889203081,-0.6660997006066596,-0.6782954588229124,-0.5064825980159096,-0.8021437220847331,-0.7855501511918765,-0.184029886509638,0.48324371288166873,-0.5803482491572216,-0.44459465154265315,0.06534318797682577,-0.4444546001422573,-0.0857591440454396,-0.9977621184001216,-0.34342392894456164,0.05875662958328789,-0.74975452203462,-1.0878054303996203,-0.8370931667377566,-0.019924647398211984,0.1159678979591739,-0.07735900432010805,-0.1756793684226965,0.23443473998619255,-0.8670080297116058,-1.3616966658842096,0.4272995643075418,0.11517280512700288,-0.42668024110658065,-0.5545064715340875,-0.6743810704919437,-0.2519857472942632,-0.01871348618154733,-0.8100194048942472,-0.5590769166782253,-0.9876570408301754,0.08350584685433166,-0.36666896749145783,-0.16817980192326537,-1.359115864586517,-0.6035493115323166,-0.23476722196963118,-0.08231649631167587,-0.6787264381694127,-0.7742418269495634,-0.3663640724717063,-0.10886652842451108,0.45427337957149194,-0.0008308762992343886,-0.8199886492823362,-0.8195722548698573,-0.5409431087954832,-0.245210363684832,-0.20757578353308104,-0.17841892930890277,-0.4844432198873006,-0.0031258375837904546,-0.31370635416442977,0.07186491484423599,0.7226966151665033,-0.35678109003285247,-0.07400934718611066,0.6620235194670598,-0.08399932943302309,0.7181796379276567,0.46259292508383215,-0.28699267226900343,0.7690143780613793,-7.576022779389592e-05,0.8906019172210446,0.37811197912668054,0.41516565282978346,0.9287074615196929,0.8318815435659934,0.11063770308988635,0.3068992795223374,-0.16731233025500236,-0.14198560519953948,0.4765293649527314,0.5664202314817113,0.14714458023498816,0.41088252027126637,0.9421040136345246
-0.9254936870967565,-0.43030247338952177,-0.7861199487966245,-0.2559247210588086,-0.3891535097624217,-0.5141403083161282,-1.4923274500516037,-1.1467821609553008,-0.5751298360675695,-0.7026356131516479,-0.5473235450994474,-0.42369299135591687,-0.3976143855635156,0.09350679000976762,-0.2534119177019542,-0.8858794508452065,-0.9736927025465728,-0.3617650942820163,-0.804657845573446,-0.3948567842328164,-0.6694002590645916,-0.5456007249805858,-0.6304770030016151,-0.15397598025232553,0.3646628333667544,-0.4911481898285421,-0.2933377219290736,0.12057800053406777,-0.4369835761478059,-0.08162751661976879,-0.7005451310771893,-0.3512642281276144,0.3955541044124257,-0.6008603580942903,-0.7597664043314862,-0.6765009040397022,0.0924465563397631,0.24253776496817145,0.1110594400510567,0.07657620488299766,0.7992664633207591,-0.6294625827272989,-0.8306074733091191,0.5233240137987318,0.3137648167904572,-0.16463947987858935,0.0011698295228668339,-0.26874724843649034,0.07292554062660549,0.4771679384287645,-0.8178946269443321,-0.6914773089950063,-1.2729931334327982,-0.09810700356788599,-0.4664083888613644,-0.18438768273965125,-1.3017740687511778,-0.5883532011418122,-0.1647495998923987,-0.1811843542017944,-0.750143753206574,-0.771623066498271,-0.22102565030565377,-0.08994737785581103,0.2515196469044056,-0.04614068555155077,-0.830752339666121,-1.091829939184481,-0.6842128055438055,-0.2461353966650323,-0.2892319118355008,0.012877778617856899,-0.5379653071280375,0.0484548021380809,-0.38106727121881223,0.1171643954196538,0.7767137823535587,-0.372481633159906,0.36520926309634105,0.8125364247045379,0.1707253013863482,1.2297218215915895,0.9058998462481697,0.11571152485520084,0.9520584183005336,0.5176732871028988,1.0531122619930169,0.5773689126481442,0.7099662528482167,1.4170765622145611,1.1901367661622753,-0.04586238559248568,0.431094727885143,0.16844944559339028,0.183695113564322,0.7513500964177248,0.8718183949943115,0.7128396296075616,0.7510165006902368,1.3265297642195193
-0.816425182680135,-0.3857702960275669,-0.8187979094315594,-0.12303975303978815,-0.32110334626490833,-0.49428218868981216,-1.2723853931164597,-0.9816871528944446,-0.5517495691204157,-0.6196988649365873,-0.4301027879965521,-0.3148033506811511,-0.11154064682471772,0.04233031717907911,-0.1852329399318018,-0.7421033340275562,-0.8029960094687513,-0.166105264844941,-0.7363032336712741,-0.13838942911629873,-0.7058610020521814,-0.1396655540380135,-0.31458840428324375,0.054776202094018865,0.25717013456682297,-0.23023022315995834,-0.052845102790986545,0.22184326898226553,-0.32871513588568124,0.09848982927515555,-0.30645753310616713,-0.34677286156638687,0.6943445087342776,-0.37245219021860043,-0.3730576972207993,-0.512292089903204,0.14812454103687642,0.33141705021712176,0.3082061003421404,0.4039954562257393,1.2825683781554664,-0.23998153592691038,-0.11203709787137885,0.5646862303192755,0.5358827863981237,0.17150708401612944,0.5822409978910642,0.1683944841256194,0.32971518687489704,0.9072829684389268,-0.879996675251929,-0.8240543927690192,-1.3865629365681138,-0.18899610463978828,-0.5511864574922782,-0.23114737091294177,-1.1083711195383026,-0.5090278446710264,-0.03490983815086107,-0.17974763995471446,-0.6537990848660378,-0.5601114915414168,0.03514837650097405,0.02593961283389264,0.23389457824564588,0.033913089771935995,-0.7842381347822166,-1.1300781777865176,-0.6361072201082905,-0.22582376540302423,-0.3008682492061636,0.2789886693596483,-0.4542427530675123,0.04305381233367274,-0.22521219102255718,0.2710391254063228,0.7848290262628372,-0.24141173865315663,0.7922665867376105,0.8558444149569279,0.5014672767533509,1.6138345710813906,1.2647714358770574,0.4916761184392282,1.0702551856180593,0.9955439112841976,1.1061085141008993,0.7075538072933357,0.8618875876539215,1.7241044617092007,1.4282466614104283,-0.17900709030835102,0.4852315181581393,0.534826470303042,0.5587617076729415,0.923893242179542,1.097971305584212,1.1689683547268317,0.9315573155386782,1.5002246162584718
-0.7293358907585367,-0.3164937240359817,-0.8974301124434806,0.036951320327373194,-0.23733720991554366,-0.48290271054932593,-0.8497652295515326,-0.7629330818815963,-0.5244972370217892,-0.46210995781169617,-0.2047297714043392,-0.045888347916617354,0.32464360418696375,0.0621852593911932,0.0009012523267602174,-0.5409567547855976,-0.4612967797858141,0.010614274828704473,-0.47159587887543486,0.029719514454129504,-0.595515681825157,0.35342733882406424,0.11613573141541685,0.4390181412557009,0.1944580469512954,0.16957832379217974,0.2293485597095486,0.3564286440306851,-0.13377356466411613,0.41568155616558977,0.11592757496574918,-0.3470981184692871,0.8580389870620118,-0.10910110471420596,0.005899375911727673,-0.395996262401297,0.12493767727071868,0.32135833964465765,0.43793818875266194,0.7162351398118564,1.5625984341510668,0.2330268691575082,0.6572754344772014,0.5263444426747347,0.7265911751639202,0.4987972982782773,1.0619443388713885,0.5497485186551709,0.46722223713703154,1.1550532256435024,-0.9981034207280906,-0.9537548508333117,-1.3356276737134807,-0.2013646276596419,-0.6270067749970352,-0.3189928643706888,-0.8127576532230796,-0.40653429402266306,0.13340321805807304,-0.08783293271919657,-0.39899351470844846,-0.15197708160751255,0.3596733495627695,0.20769717479703415,0.40053499660408937,0.21297158023807017,-0.703558840852451,-0.9224468131613418,-0.403983031445772,-0.2055141301485427,-0.24956962878317804,0.5798904489147536,-0.24312129855032552,-0.03396325501828797,0.14894686922743527,0.5122635642788198,0.7309884421085928,0.01669630751878348,1.121671417959919,0.7426970660411876,0.8746020396367588,1.7524003315526893,1.4496293450214721,0.765076681954223,1.103042651216668,1.3307045176116497,1.0088208627975084,0.7414647982649404,0.802846752299318,1.7466853875619541,1.437604187910434,-0.2855441124620553,0.4086542207685275,0.8645465463395504,0.9238992748516577,0.9393584051212426,1.1611735414904079,1.409928970947348,0.9029190716619603,1.3816478858840708
-0.6843673875838929,-0.2545982765514481,-1.009879778835789,0.16401437420244114,-0.17202961288347446,-0.4831262762594247,-0.30372739004861704,-0.5261609911090146,-0.5132580095685796,-0.2490231300756553,0.09675277711560624,0.35305887338649755,0.8545659436489116,0.13838868299634807,0.28068612891155653,-0.337253237014709,0.007984610615676688,0.12733288364276085,-0.05486923360400045,0.0682827296129135,-0.33511798072778975,0.8595557452652329,0.601763436708097,0.9706664897660583,0.20704264733543432,0.6580182918136278,0.5028019803448545,0.5089718640612012,0.1274970427333295,0.8107692362965708,0.49901580830177444,-0.3656743809392766,0.8153425610215607,0.1377954759848796,0.3170499213080849,-0.35970299765958236,0.023054950889763996,0.17369929172008644,0.44203152044189714,0.9239606025740282,1.5527266432641298,0.7118666098904908,1.3383066941150648,0.4007878108143049,0.836373037621101,0.7413810604781971,1.3362534003201587,0.8038315538570414,0.4619447321572835,1.140966323274151,-1.1557590986746722,-1.0756256702649012,-1.1593180653470063,-0.16393860182287823,-0.6938059410801084,-0.44123841455491924,-0.46495324215935235,-0.3155033210006839,0.31674468880698187,0.07341362086579027,-0.013209480654403244,0.4157550745140654,0.707318551691964,0.420630631847373,0.7211226899650636,0.4552506434330769,-0.6164732484972556,-0.49167372197634973,-0.026098432193084244,-0.20763253743348978,-0.1447655651776153,0.8706946932146584,0.0705227718049867,-0.18596140552193222,0.7058881998431386,0.807604237807468,0.6179891818662658,0.3640797383886724,1.283811231341878,0.45284449650247977,1.2521312114864072,1.5601096955483813,1.4000420525809394,0.8774819156135734,1.0518283552600698,1.444630386851151,0.7468187749259512,0.6719862659655245,0.5034389419393475,1.4305987815873298,1.1466406284111363,-0.3652146733241893,0.1658762421523538,1.0947473683630649,1.2276438243004557,0.7724894180748627,1.0080027737906063,1.3696735397691975,0.6580113413000184,0.9398826793200321
-0.6807008052053903,-0.2306654322736836,-1.1271796473933928,0.2044854839859763,-0.14791732106028296,-0.48557214442306584,0.2727724832505127,-0.3055453885350941,-0.5222367624258946,0.001041799379719007,0.43860773814288617,0.8382639482549006,1.4130136862861853,0.2508287001282187,0.6227034497141393,-0.17834823728571547,0.5455707043039766,0.154700303019194,0.4453759930232067,-0.031693156669255276,0.0604829997879512,1.3073721262889446,1.079421424361463,1.6004431526734535,0.3149064282320056,1.1747622913267508,0.7246120194265736,0.66360506469612,0.43399833335224275,1.2163669405080382,0.7896397147302436,-0.405423059827565,0.5403403519083508,0.32143036282348997,0.5188487966661522,-0.4061897295171213,-0.13340758861676802,-0.11578659401286497,0.29499136869581155,0.962051781109586,1.224176808152434,1.123649870666727,1.818271499461183,0.20088107176893952,0.8326396345291116,0.8475708507695756,1.347151870954114,0.8914917283054394,0.32476545827943437,0.8420901034649044,-1.3184976268649435,-1.1808169056275344,-0.9147356095618803,-0.1136304243983885,-0.7449648771032162,-0.5738116772729063,-0.12017564938629285,-0.2553093879690613,0.49554859815095176,0.27714160937977617,0.46413930916683094,1.0871066443295738,1.038754929657676,0.633915672768254,1.1430997399427087,0.7228986323469744,-0.5437571465977269,0.10944006710931889,0.4356886376266689,-0.24893028054948643,0.005652111967624486,1.1120082905559363,0.4522740869280436,-0.3995456360932034,1.38506163665707,1.1181784582127146,0.4702064414497085,0.7519732186937412,1.2405461924427874,0.0044033408692740255,1.598887506120076,1.0089862148963422,1.0990196187114576,0.8003042636267647,0.9393711661235824,1.3009955605433554,0.3386373025249851,0.5132196664506428,-0.015092071537555457,0.7895308365034035,0.5437313927768146,-0.41674069107546313,-0.2401555518745927,1.1789874601568646,1.4343037771809348,0.43442298958130554,0.6294185399212957,1.039493867471957,0.2374482995227158,0.2067319539291041
-0.6938899666685028,-0.2641849043715573,-1.2078872123697546,0.12549884804971387,-0.17063821053969547,-0.4702144121646545,0.7962183855269102,-0.12533312837846247,-0.5379814647733795,0.27220270588740536,0.7870542172473998,1.3587460617207594,1.9366036614384718,0.37981656459875307,0.9930229098178499,-0.08958504244720543,1.0853481924057535,0.08426918905835885,0.9507680504931454,-0.24166813057951844,0.5599620482356126,1.6417341371847702,1.4941891810375698,2.2642775428190403,0.5220495862471951,1.6578733739437959,0.8674230180879826,0.8061652139384198,0.768091967652166,1.5693426914116662,0.9585790969758862,-0.45510455203731304,0.061717025191636306,0.41151347467794,0.5964560913769522,-0.5060285807697437,-0.3004731157667255,-0.5139681092162839,0.010393474311332251,0.8068651024666763,0.6168385211074277,1.412829286695313,2.0320090847492516,-0.04234552089450834,0.7075828843138647,0.8000893387090017,1.0954159018470035,0.814538573971435,0.10017447207589474,0.2989937522225403,-1.4386880682182057,-1.2549722118729219,-0.6594531734550209,-0.08526115382964926,-0.7683285475457217,-0.6794885755158023,0.17394648546168193,-0.22540465084491165,0.6583130718841808,0.4968829727020373,0.9882991912471846,1.7947377869788044,1.3268228451038047,0.8262279898076403,1.6021415781804813,0.9826167367984164,-0.48965634992081364,0.8067114281370478,0.9083000711764984,-0.3332323084401914,0.19775306124722844,1.2795512310948822,0.8649713957576346,-0.6422642048433678,2.1098128088433046,1.4065975401443758,0.3308914686958035,1.1292917354144163,0.9942924074971672,-0.545381040983448,1.8891660889759838,0.14261150018000876,0.578705113288215,0.5421668583181211,0.8037220314289565,0.9159142491198433,-0.16387801773557303,0.29737741722509914,-0.6788585642391308,-0.09022621692675789,-0.31305699674735393,-0.43467048026155714,-0.7639295850288629,1.0967454437898756,1.5282239813940885,-0.028382019827345294,0.0647839925437943,0.4735073923241168,-0.2752862198106023,-0.7241438600534031
-0.6806823827014377,-0.3558176448851195,-1.2061806439431062,-0.07456693659530673,-0.2271236420040934,-0.4113830378662107,1.2110016215254729,0.006621222527085264,-0.5326845434653565,0.5511107318019817,1.1139671795977482,1.8624731573598248,2.372407314883904,0.5109504015965335,1.3591948332833235,-0.066237029590913,1.5636610274857345,-0.06572051948428179,1.3884245837352545,-0.4987987126607849,1.1192570990048636,1.8331371498969362,1.807603371141688,2.891164840993237,0.8144156365448568,2.0520822278517583,0.9233204586087393,0.9260488648794372,1.117299123042231,1.8211693867061025,1.004379983268975,-0.49010880838885174,-0.5409437145050371,0.40329601445041013,0.5640781345445716,-0.6032301247259994,-0.4237682070634305,-0.9569380932503223,-0.3623278997226783,0.48326405637388636,-0.16497524338825867,1.5499890335308097,1.9718577302101046,-0.286400775628548,0.4807305664483265,0.6175762011018072,0.6398842596437019,0.6142804854628052,-0.14240478334731482,-0.3916842486977052,-1.4643768114603302,-1.2779398199961822,-0.4354220804871175,-0.10162456296336538,-0.7486157589837111,-0.7160225316752676,0.38873746640915696,-0.2062412716793837,0.8028817724671653,0.711584378201535,1.5147091985376766,2.467937141504495,1.5590801264025613,0.9883626021604368,2.0333753546279834,1.2102970762600351,-0.43779953735697463,1.5154356417130825,1.3218136774683173,-0.4461826635753907,0.43168071608519587,1.370206864776158,1.2747867051631452,-0.8650804028180333,2.7978658832155907,1.6433111380265004,0.2539126481649652,1.4511641243072826,0.5884236395116531,-1.1088575297324026,2.1110172009265082,-0.9244158300403722,-0.08388293235730178,0.14930404571612882,0.68820422145965,0.35778004872249364,-0.6825249693409607,0.06815961563710124,-1.3708630508482313,-1.0616531522985773,-1.3025685256727018,-0.40845232643142915,-1.323761791532504,0.8585215882913865,1.51403870329538,-0.5429606796894844,-0.6049837672388599,-0.22013379339810477,-0.7685139552264688,-1.7116669082614502
-0.5905988508184478,-0.4840573349346631,-1.082543239530688,-0.36265826629696546,-0.2887467231928985,-0.28513790549359597,1.4983472043369996,0.10093107197754678,-0.47235842568289815,0.8253737317185568,1.3982853607060577,2.3014177221057524,2.683070708099925,0.637498554920207,1.6930721450889137,-0.07456302582135402,1.927254593498359,-0.2505843218469422,1.7036432159609691,-0.7178419575699421,1.6865325463384762,1.8813782345435317,2.002079794751829,3.411338947075266,1.161785820598788,2.315721719696668,0.9030318229088866,1.0173399201491637,1.4730217802216916,1.9443563220671267,0.951013956043253,-0.4777685225742051,-1.1531726420171253,0.32055528614324297,0.46090692492427937,-0.6289614563877888,-0.45158398766345625,-1.3641991182462674,-0.7493844506438336,0.05969474113727811,-0.9716077187497244,1.5354569408736953,1.6845695951732147,-0.4867461055268056,0.19573378447328071,0.34769015981644863,0.08351704427992927,0.36036403149727786,-0.3237733641243606,-1.097459224384436,-1.3505785980271316,-1.2256820583167027,-0.2588734370265213,-0.16640307592038603,-0.6709854162940468,-0.6466989217047765,0.5210612634308712,-0.16581403615076315,0.9346282180393454,0.9083546502740145,2.0027096986541633,3.0399240143310955,1.7362166662822924,1.122369235294308,2.3809731166909835,1.392879654407382,-0.35450168319486325,2.1514332846600386,1.6222031549212654,-0.5544487463807887,0.7091697920851187,1.4023839656668502,1.6548186380100673,-1.01004217130338,3.3715944114983776,1.8108056411461735,0.2911959513813668,1.68559619584297,0.09884861549658211,-1.58473615902375,2.266899077779582,-2.0231464741025063,-0.7802536588707154,-0.3015841877466077,0.6299665082838907,-0.2639724507070568,-1.1264471183712312,-0.12789047418279834,-1.9512289663722306,-1.9437924109589753,-2.2626653821633846,-0.32434981735704915,-1.8174018802399985,0.5053452280854456,1.413342913808929,-1.0243529584016802,-1.2733444596452443,-0.9009535186697114,-1.1244498485308352,-2.592867610286214
-0.38137734107323146,-0.6080190680671448,-0.8148786911367172,-0.6763263486394847,-0.31890154598900944,-0.07746952805945304,1.6736804396461467,0.18303929975961153,-0.3280485179987253,1.0816190613086285,1.6254624440342198,2.6353044163345056,2.8480707752791568,0.7595863805513404,1.9721778121208366,-0.062013878816840375,2.138818050704321,-0.4068199711412452,1.8671208255808678,-0.809749679557006,2.2074033601244336,1.812936176943782,2.0805325575816527,3.7639057352433327,1.5231143800880373,2.4253582246597087,0.8310517298659236,1.0789396585627664,1.826816622105592,1.9341680960115537,0.8402043586112329,-0.3859986636261553,-1.6502829508955004,0.21078629632113594,0.34154075667479983,-0.520582899669194,-0.3485672538460043,-1.656693598202754,-1.0693183303974345,-0.3674534991281326,-1.63829786596784,1.3971779965027966,1.2568269307708466,-0.6064683421766823,-0.08795693417870319,0.054163131712332474,-0.45026615394278424,0.13284263953407807,-0.373467654905651,-1.6784265163595558,-1.0708292372205366,-1.0748140518389,-0.11905062370546635,-0.262053381669157,-0.5253157245483174,-0.451042287319022,0.5927717384266107,-0.07037700847785343,1.0622584347083992,1.082330580243741,2.4173807020102074,3.453861696025865,1.8669915376134907,1.2375620005574084,2.604471822946589,1.5272468272611341,-0.1991863450993207,2.6407362831632057,1.7793408367757653,-0.6109341048586542,1.0289805329608461,1.4100052269458616,1.9853171376234695,-1.0221418123702102,3.76668814169329,1.9048021804845459,0.47841088315889974,1.816979243190949,-0.381377928272462,-1.8793846877434768,2.370282074248615,-2.9606639046307395,-1.3903031781382609,-0.7171256580160373,0.6500518996513759,-0.8195262913861068,-1.410276727402267,-0.25022990032739806,-2.284758534395622,-2.5580861316759056,-3.0230746338359347,-0.16987556953910957,-2.143254824393148,0.10234929464337712,1.2586988095312583,-1.3924502252400721,-1.8293386926034187,-1.4262011578077658,-1.2443376484558244,-3.214330352296079
-0.03398855626194328,-0.6764712458541138,-0.4072857477665421,-0.9372966878238231,-0.28348589214771613,0.20876646866662452,1.7739230576058687,0.2843178432574959,-0.087122391514481,1.3042910484756254,1.7857329704616138,2.8341253220849723,2.861832458031081,0.8805266721009074,2.179686805992608,0.026062887104504013,2.1797793917622115,-0.46637381620415264,1.8756055133910479,-0.7031078203572164,2.6297505585823004,1.6728233615791839,2.06160293349634,3.9033557101020477,1.8537889914854941,2.3774462028415546,0.7382308938868621,1.1135537190534874,2.165644529089122,1.8058812484365512,0.7202561587902969,-0.19306300555723677,-1.9249011831161653,0.13303800838386493,0.2629187562378619,-0.24136725131182374,-0.1066110692903202,-1.7741326780283317,-1.2507798682741973,-0.6963288902977248,-2.020144038064198,1.1832206313488287,0.7932993257226946,-0.6238548610174179,-0.30697916253647056,-0.1985823076914224,-0.8452570978634312,0.002134064791202581,-0.24735275002186308,-2.017353984058601,-0.626510752232521,-0.809364311368162,0.014049252919565387,-0.3536895888434093,-0.3104430934759445,-0.1330176635751848,0.6426560285303893,0.10340786831885827,1.1925429762267883,1.2338663124152909,2.7300188975654707,3.6674393236572054,1.9613035204987619,1.344575369460394,2.681236468943895,1.6166765649962158,0.06069656426443647,2.927074306383327,1.7886605020636126,-0.565773206273191,1.3815850115299184,1.431247747166249,2.2509215105781504,-0.8630214606732266,3.9383801394938027,1.9322326561596677,0.8222834963482826,1.8458518284716547,-0.761064142089272,-1.9278517855381374,2.4389036259239814,-3.558273755474406,-1.8047267047322553,-1.0054515991231017,0.7475225544385679,-1.1850094730826362,-1.4729742636053915,-0.2717525349698827,-2.270377905839776,-2.7663987787835835,-3.4414455648907936,0.06041406140827044,-2.2223352561341847,-0.2729399876982745,1.0860770318932125,-1.587424143103534,-2.1792805164970788,-1.682394000076821,-1.0711550978289648,-3.462855910774381
0.4372138856819381,-0.6412909206043241,0.10614852335895752,-1.0705254477195867,-0.16173646037141198,0.5503100855960602,1.839310047345231,0.4302622594650842,0.2387151259340509,1.4758382987718695,1.872091664447517,2.879567232448628,2.7301415977549652,1.0016325101787351,2.3034324012694287,0.22790581359430173,2.0506013743339677,-0.374495042598624,1.7468152947853468,-0.3634814567075513,2.907949463738657,1.512751495208558,1.9719276557966676,3.804529754088963,2.112824199221944,2.1867315563288954,0.6537761915761124,1.1255473435883525,2.4679994222856454,1.5886400084952477,0.6338413374324738,0.10415296674723322,-1.9109081093106903,0.14119103817211967,0.27049535971197775,0.20449047585513588,0.24999820110199658,-1.6875124717218017,-1.2473599848798431,-0.843411582042141,-2.023995211663974,0.950230772989044,0.3924998043668638,-0.5362908520679283,-0.4073469396458345,-0.35942872186541164,-1.0176919146176318,0.011946571533295782,0.06008413425243396,-2.0445620409376932,-0.051563857267981995,-0.4283343117434689,0.175549418629123,-0.3984058099346916,-0.03733216675816044,0.27566892878971694,0.7129012781089276,0.35830842981700184,1.325448223609746,1.3639970121999834,2.917999727354794,3.656124958152065,2.0235490397607716,1.4492089777721495,2.6055400393615247,1.6659951845172043,0.43465050926707566,2.976970248397282,1.6668461217923793,-0.38079193002224093,1.7449848173724483,1.49483049692641,2.4364696616276156,-0.5232954291379346,3.8649249479176033,1.9064500028807612,1.292972344604479,1.7851313506657467,-0.9694720721590037,-1.709657314142493,2.4864075512739747,-3.689281189251235,-1.9457029359458533,-1.0954482285438762,0.8990589809256414,-1.2692910806369835,-1.293015663123464,-0.1838118493489967,-1.8660220144905895,-2.5021742287091784,-3.4342244969573157,0.35943491109587233,-2.016034119526453,-0.5458663148154853,0.9268696741105236,-1.5805581410428429,-2.264366935447619,-1.6108652656689941,-0.6045463624593931,-3.2886569298079253
0.9824662076614975,-0.47191308311905866,0.6641924735787917,-1.0240480372931204,0.04556238956470734,0.9048520832117255,1.8959862172816289,0.6294363470146989,0.6114285280358284,1.5783126581825482,1.8787389967213552,2.7654296612696116,2.466395463703831,1.1174209883999877,2.334559974904476,0.5504525708981028,1.769114550358893,-0.10646291211871343,1.5109574288464303,0.1942077740785542,3.0067340685821464,1.3781770580228894,1.8375178144569606,3.4656472598056136,2.2682214954779085,1.8816454033328491,0.5984640323760683,1.117914434312002,2.7026938506909355,1.3174144268759111,0.6073662878139107,0.4856968464671101,-1.598268872195468,0.267202272617057,0.38657171215674035,0.7661807987355368,0.6667770935113255,-1.4041743009607714,-1.0464255754811898,-0.762846400165815,-1.6299140782699635,0.7500215513246479,0.12581398503689092,-0.3600415146709084,-0.35663641201970686,-0.40014601223537766,-0.9334479691898637,0.16925727682465194,0.512027511986594,-1.752075170589462,0.5892022939713489,0.04817125164965244,0.38986416769411136,-0.3578521740044719,0.2698845805674752,0.7185768810208553,0.8340724777239562,0.6714881019393782,1.4509342960280651,1.4696250653652059,2.964681039391491,3.4151475016794675,2.0483318509458126,1.5479049127717055,2.3854432334879667,1.67690674101858,0.8989613084495385,2.7825660535267374,1.443641659672821,-0.04349719544540833,2.083519426617938,1.6076544262063726,2.5235429990442544,-0.030082787186503476,3.5483859436098433,1.8407812624492976,1.8240772098124394,1.6538094582556289,-0.9706324391726202,-1.2554341621788851,2.51476484457387,-3.307716120964081,-1.781982879114033,-0.9532362089755841,1.0639626054018188,-1.0355495847029992,-0.8960915006526637,0.0015361001325018843,-1.1029538874634055,-1.787481258007933,-2.995175457136835,0.7041546577156371,-1.5358548689048221,-0.6606921533561988,0.8006937804602305,-1.3785908790659633,-2.070855185357546,-1.2210997231370484,0.09584674600601382,-2.715995045514696
1.5238099251809365,-0.16667017467512182,1.187983177980028,-0.784234251523368,0.3130378415819422,1.2175673569845757,1.9452629110275006,0.8669432705538034,0.9718962407636788,1.595856945970004,1.8004327347143751,2.497041452771996,2.0887521981556594,1.2130224826818659,2.2664674174760173,0.9627402174270928,1.3673801557953393,0.3218283085921188,1.201763038117776,0.9038205388948689,2.904981629845821,1.2970269706078352,1.6764184007908887,2.9090125584529023,2.299563551610175,1.497517858982471,0.5803170905777597,1.0889532575575314,2.8313580594325605,1.0246687635077303,0.6442499027497737,0.9093683131877426,-1.035454128728094,0.5092820092564528,0.6033862079713521,1.3522885170751793,1.068377845453315,-0.9648116589725331,-0.6705461722438766,-0.4567801777597589,-0.8970848940140201,0.6171002902898898,0.024071741849892803,-0.12656369192336434,-0.15255966960662284,-0.3190177010562805,-0.6137455278607168,0.44335917277403386,1.0354238564817853,-1.1942171077821362,1.2088737310636941,0.5766645043495242,0.6584681221985084,-0.2107413697339236,0.5757111730387704,1.1237154223372803,1.013336533115152,0.9964704172922612,1.548288647307132,1.5400094752258713,2.859707803131807,2.9600204264976107,2.0198558681247394,1.6262409083594827,2.0388313578676254,1.6449033494675591,1.3953699269822442,2.362211576271739,1.1527531555567578,0.42380950959789504,2.3508428213404806,1.7476064999139906,2.489684377064134,0.5529901451200607,3.0129975235809114,1.7420767184003458,2.3212189119753184,1.46972168308421,-0.7704858832075056,-0.6425204490143969,2.509939661470735,-2.4610663259707826,-1.3355622139848484,-0.5921505021908569,1.1931177825926413,-0.5125755739281899,-0.3530344216748929,0.25206792181797616,-0.0854457921979301,-0.7317066315311275,-2.1973076942189316,1.055624462998363,-0.8431057995273261,-0.5939837904470371,0.7103654205741304,-1.0212469793249255,-1.631280118010392,-0.5886002974198784,0.9198843748449159,-1.8389418497344843
1.9702136195194362,0.24251593793667064,1.5954623645442023,-0.3819380734289562,0.594129536260201,1.431652779101961,1.9630828062275678,1.105003625709194,1.2515726649516383,1.5173088825339234,1.6328415999337413,2.0897140090981154,1.6184605282618472,1.2648935615073236,2.094508016406837,1.400089185104384,0.8873812219215814,0.853115607472498,0.8495261733728533,1.6578795873175243,2.5993631455344883,1.272596789909695,1.4943650479947073,2.1791123859252184,2.197992463673817,1.0689833432107927,0.5932792041993921,1.0296331400303926,2.8146114198647343,0.7332523962115423,0.7236514525674332,1.3169739107717684,-0.3190869204794617,0.8288767433151446,0.8827367064260002,1.8478368635929694,1.3731226013735918,-0.4338539555539663,-0.17194113115979726,0.025440419566729273,0.047423941309729926,0.5600225824702418,0.07414150596438927,0.12334851559658166,0.1741331137369954,-0.138635485026357,-0.12873847892259635,0.7735505257607519,1.5356139995255687,-0.47507403409107696,1.713394071174899,1.0936280990521041,0.9555165695436213,0.03828309025028673,0.8379770044115695,1.4171272542183706,1.229860282525323,1.272043804047265,1.5883837071256741,1.5558689359711564,2.5997493857000555,2.3252112273123773,1.9152042076785498,1.6609388235632312,1.5896734475347734,1.558702217518472,1.8402657242262153,1.7585725135885952,0.8246100609170256,0.9632359427547107,2.497073771251461,1.8642597970298806,2.3112570773014323,1.1345531496602428,2.301507031257088,1.6061877310551627,2.678140727276307,1.2433354017995069,-0.41548224604997436,0.019875939778367414,2.4426261026491156,-1.2835643201431102,-0.6786111144681222,-0.07341864444549091,1.2396158143475275,0.20737632751644655,0.2321463765278933,0.5186834215641688,1.0251826211487591,0.4883083493915212,-1.177841969164996,1.3631042595579967,-0.038677889295627155,-0.3619292824797274,0.6404549032704484,-0.5730146316922248,-1.0171109544232324,0.16207458196563493,1.7274811003239012,-0.8032024847803866
2.2371714733560792,0.6939411616087492,1.8176117859560916,0.1126704541663271,0.8304605613974549,1.5004848694333162,1.9097500685655326,1.291067477509218,1.3878568263505942,1.3382399875134845,1.3737341251242443,1.5664299741748964,1.0789931118141747,1.2448878984377671,1.8166694711415352,1.7785818169650476,0.37576762167059946,1.3989005168230062,0.47752902761552785,2.327640031295735,2.1072443519621737,1.2822801755309108,1.2843044490571036,1.3380695298955498,1.9645788925950831,0.6232682092922445,0.6187846601344285,0.9228649110804671,2.6207213874059603,0.4518370335395028,0.8049927297728009,1.6448606269877584,0.42659858944492685,1.1579699488369444,1.1625965304539205,2.138737516580488,1.5096315838497156,0.11390007123411829,0.3781001855334887,0.5985096281510692,1.0346389944119005,0.5588257225563203,0.22563700123519617,0.3461970842602476,0.5635176636482893,0.10068788822099255,0.41880978887236714,1.0830023021726423,1.9161586177686214,0.27383760165723525,2.020162135860311,1.5248937005413656,1.2331387380309065,0.3562060277281646,1.0146918263432851,1.537865096786532,1.4391633366431995,1.4360768503302201,1.5386968285381133,1.4917764079920723,2.1894810705920533,1.5606346953061823,1.7105822015440078,1.6248915227142318,1.0650777404393295,1.4024673865439437,2.1429989288760667,1.0339198049000455,0.48268712568265737,1.4900878059780187,2.4788337318919957,1.8882354968413175,1.9695809763500098,1.6121187515739854,1.4700534304977608,1.4170943728830674,2.7974365758373034,0.9744218991336346,0.016963329602972723,0.6128689550271318,2.2745931602233065,0.02900222482890076,0.07892756948262243,0.5035130920120977,1.1685850138646108,0.9845617591923043,0.7420537195773769,0.7415305076497518,2.039653847147916,1.6627327971328227,-0.10972398847108897,1.571927793528001,0.7549307230467346,-0.019197615174236782,0.5604060217443495,-0.11110794281704982,-0.32483857668365823,0.8847694947420256,2.3758502944843727,0.22212147316067976
2.2661544252518677,1.1079550887617462,1.8128016613378355,0.6056910638060485,0.9650114255601677,1.398454621886204,1.7465076759673164,1.371475513900607,1.3393172139649356,1.0620696883405318,1.0246880921152564,0.955193868534555,0.49537085424794736,1.1267354417074726,1.4351568099740832,2.016317993138909,-0.12194278498849193,1.8583716716194585,0.10193679498118122,2.78925019094783,1.4677414356182532,1.2825451096726148,1.029661300644409,0.45878979691651117,1.6083774576866998,0.17599005667326836,0.6296956447119328,0.7457099601615325,2.2347084764014467,0.17392117830276396,0.8372958581739701,1.8365050226963326,1.0756162691632682,1.415243734294003,1.3696033840103836,2.1379896551901023,1.4320623668665189,0.6070195836772829,0.9020602738854854,1.1596495031952225,1.8885377104795453,0.5694754594827571,0.40549078809641304,0.5021804340746537,0.9368534825286015,0.3497891125208229,0.9154952902317502,1.295235676710797,2.099359277956514,0.920489185924563,2.076326300858938,1.7996425118867172,1.4351173630165066,0.6867777069454287,1.0717681590586372,1.450948456984578,1.5853889006157482,1.4408130701599344,1.3703156071123883,1.3216481554621387,1.6425438866338045,0.7260794288061162,1.3888234351690916,1.4939092416031192,0.4932900746106394,1.160349743469038,2.228952498645551,0.2625924675515111,0.14362240726885098,1.9097455362823492,2.2698746976679645,1.7475975133168145,1.4587398584181366,1.8933702808392108,0.5822774348282296,1.1505662967391312,2.6117312247411073,0.6528911407755065,0.43415098575294864,1.0325812550405529,1.9695030191735963,1.2577081362232765,0.8089370754920464,1.019736060010647,0.9642387919162877,1.6587300536371734,1.0697037671022935,0.8589189342451979,2.777290359052287,2.5905067163472344,0.8338048997419927,1.6337253161410092,1.4156504263535479,0.3511848407438593,0.4321821411075641,0.2881502562227155,0.34153035933068243,1.4429462635296069,2.747591433098707,1.0769672049301866
2.0392699513724137,1.404080787953883,1.5759433646850418,1.0015806522072022,0.9557925397151587,1.1277829467669473,1.4531993444272153,1.3067889553745977,1.0968462284500868,0.7002592272697397,0.5929425065107514,0.28663540249617625,-0.10673884541401531,0.8932841870430988,0.9585343686778613,2.055708488846303,-0.5670087317741077,2.1413267837204635,-0.2658370942520599,2.950214055919277,0.7397174272877418,1.2191713795970827,0.7103858602455912,-0.3834712893761895,1.1451539766631227,-0.26940098227519493,0.5958732450994421,0.47487220300945027,1.6655332211966605,-0.11911127741228864,0.7712948475594323,1.8544114678224186,1.5254608271246812,1.5269233749770013,1.4348640227806562,1.807388520531093,1.1308585701966742,0.9886229519198038,1.3285397785580468,1.6096541330108283,2.4618461358313213,0.5345936477001019,0.5364966500760152,0.56084553547752,1.211694112064708,0.559766785586527,1.259766997638158,1.3495696418089156,2.0429606204145165,1.358069595946104,1.872300154102952,1.8659728499730892,1.5148131695420433,0.9623152104619958,0.9900573292176107,1.1553864733162857,1.6178571262268073,1.265741412352992,1.065578773939672,1.0262149214234249,0.9822219896885226,-0.11571190847842946,0.946182236659298,1.2534541996881856,-0.09748610271745464,0.8222711783049103,2.0610907964289615,-0.4787048964302515,-0.18001900300200954,2.1386011634415034,1.8695591577134183,1.38748972213408,0.7926652400255569,1.917158958801011,-0.29662951178233216,0.7819196056057136,2.1007056963625113,0.264003380013135,0.7467935086746496,1.2117949716081724,1.5054960512687634,2.203769142315424,1.388386418755073,1.3611437605562562,0.6330188668625104,2.0815558983175317,1.141512176072094,0.8184178660182974,3.1023818649269947,3.1193098271518633,1.5136040914176454,1.5168519751169154,1.8435187880690243,0.6552308411963745,0.22104753600444063,0.5623949732709943,0.8882788098370002,1.737387344304326,2.7736755895179686,1.6403537191440096
1.5856047320629354,1.5191347826130888,1.1403249647684734,1.2258563340157653,0.7864789635664678,0.7195694124560429,1.0407812816880584,1.0841579663018328,0.6877820134677963,0.2718283327795966,0.09299912815245932,-0.4075757509112959,-0.7021670325368621,0.5426145947460154,0.4038503377161047,1.8803733362498687,-0.9320731270786177,2.1889533100045875,-0.6159005201448079,2.7700072267836577,-0.004084237454510863,1.0405511948125936,0.3102853417801918,-1.1200812218576066,0.5971136002070335,-0.7182754382814921,0.49055689550739745,0.09474383804617996,0.9493151780578919,-0.45121669681853926,0.5717641575204682,1.6887162176546178,1.7161507044928652,1.4465110135776231,1.3096791165298598,1.1694584905813932,0.6368334886900168,1.2232136388313615,1.6020161051804978,1.8716060207125902,2.6647009560851114,0.39818956165772773,0.5553829925172816,0.5057551333879283,1.3188122310298895,0.6898245754845,1.380312257642728,1.2126264200257189,1.749484011946145,1.5244010502280188,1.4466975213318818,1.7040611644517214,1.4515235753260367,1.1193582397048747,0.7702337391952618,0.6855475196860338,1.5067524945754958,0.9246544632480849,0.6246645724126936,0.6006633186072584,0.24159015264858555,-0.9061047551621362,0.3966582976115405,0.9036354373364999,-0.679708500346182,0.3895021769038888,1.6535237878985858,-1.12140489103436,-0.47636330485572004,2.123553769501788,1.3067323103471415,0.7879939358018768,0.009016659421178895,1.668766951480439,-1.1053962106354356,0.29605107704652583,1.2999191261636298,-0.20314659053065617,0.8871451264542028,1.1336747586686988,0.8859424189326652,2.7271194455425607,1.721939129356649,1.443056660097817,0.20267987147142894,2.1474872545719923,0.9344935218559159,0.588634334310132,2.952399482660064,3.1749236465361266,1.8504171080634915,1.21462793322863,1.9778106749716184,0.8090241282220275,-0.0930734371721085,0.673858890030095,1.2470508747000517,1.7244536815672078,2.446608742911169,1.8520152814543172
0.9776546073769076,1.4217459472944904,0.5717011573471921,1.2422886583228756,0.4712472583063815,0.22871898569973964,0.5540348608225226,0.7228064245184994,0.17176933656843266,-0.19753570158113382,-0.45239532158570034,-1.095233017574953,-1.2673221913944546,0.091390270076518,-0.20197097387628254,1.5214142943838354,-1.2039003853096701,1.9868198334594351,-0.9373850781607249,2.269862642587226,-0.6866411037552692,0.7111473339119369,-0.17600805322693355,-1.697312841633841,-0.006705049870635385,-1.1783558292367613,0.29665267424636965,-0.39384445277413593,0.14740585260855113,-0.8425242752640247,0.22758665581751206,1.3606186306283223,1.6392210664886024,1.1677198519481424,0.9777914612737801,0.30656262030582737,0.0176593506134416,1.2987631180994124,1.6889440766996884,1.9034268462101227,2.47996400821142,0.12109693876310389,0.42657195098994827,0.337869357214072,1.217399931296389,0.7130111623568803,1.24722903512155,0.8841646988096159,1.2662913882977613,1.4115177533527206,0.8807619619733253,1.3331835639849943,1.2596323204701523,1.1142169104274275,0.4344474370282431,0.10568896387447543,1.252946684470346,0.46486125405479817,0.06948452069406463,0.0603808657566176,-0.537122134268303,-1.5964566894031427,-0.2272708155958989,0.4611791038541748,-1.2268626203587174,-0.12147039126073544,1.0724481919823208,-1.6145697449316043,-0.7322987169004159,1.8547202199382176,0.6375145616601582,-0.024659711276777734,-0.831900323924615,1.1851258216625251,-1.7913795262307377,-0.30301272473667284,0.2988985876857331,-0.7461651690126622,0.8231382454645967,0.8344735129414917,0.14496628954288088,2.771829339247874,1.759641661967535,1.229732535598642,-0.282045482399674,1.8162557101103771,0.483549013155109,0.16929487823148787,2.351681815655307,2.7735718039786734,1.8366332265666387,0.7493856619316812,1.806519308537066,0.7586849328897528,-0.5067178059716415,0.6159899387745776,1.3848439772089298,1.4216346470212875,1.821263130490877,1.721367301967442
0.3184769151543628,1.1196784352676656,-0.04400619733864521,1.06008573918569,0.052636594239190586,-0.27612216356943364,0.06301362175146177,0.2707319043960862,-0.3708016782948564,-0.6766648438924834,-1.012198314247757,-1.7432226269513371,-1.78081919962062,-0.42551332098365446,-0.8221666444534094,1.0507335655104169,-1.3836787896119456,1.566678305856465,-1.2177041204221204,1.5292394978907058,-1.2386395573533764,0.22216570646505038,-0.7378939894622137,-2.0826804002087216,-0.6301215664635587,-1.6518612182216261,0.011933930941513978,-0.9667626347221018,-0.6606807073825046,-1.2999314202004828,-0.24240046057949294,0.9198390681484805,1.3353679224176334,0.7268373850968413,0.4615339043050425,-0.6528749873494206,-0.6327840003509931,1.2248183976842995,1.580170508620714,1.7023403808765787,1.9623874863257915,-0.3064457413169898,0.14916102779632942,0.07707663377199067,0.9051716111381387,0.6195814631631187,0.8748626875574081,0.3968092735744843,0.6764589945873414,1.0640884161768316,0.2829758433981952,0.8102994321675482,0.9870002212920109,0.9343976238227268,0.024265575138227483,-0.5010564193227748,0.8887998038232013,-0.0415825430710514,-0.5563091486076518,-0.556969996790927,-1.3042056717215131,-2.1518095972588496,-0.8777547175672288,-0.04211918891364881,-1.7138589249992664,-0.6779746663564874,0.4232709106473828,-1.9315406818812082,-0.9342237366753664,1.367862370625856,-0.06296204002092139,-0.9768564319493636,-1.6535683560013683,0.5482154024079939,-2.314419638646261,-0.9859727837667129,-0.7718079759226698,-1.3418452215427374,0.5658019717218145,0.3946565735223326,-0.6543207425706898,2.3731040989381587,1.5062904768301482,0.7443032889194616,-0.7661257244286066,1.1222403664342566,-0.12342969923003835,-0.4031449639557988,1.4074086432304578,2.0148591036300836,1.5320498540582526,0.17121535796256276,1.3667602034968933,0.4946258476996681,-0.9891638127360229,0.4148299464599097,1.307536166277031,0.900310816886888,1.0035516642652749,1.3222098393990966
-0.2778131970802934,0.6583544685832988,-0.6166094831551393,0.7295370841857909,-0.4068398431757615,-0.7252853237944201,-0.3544961982161473,-0.20657126252722724,-0.8550648285350569,-1.1305018785302383,-1.548195173807844,-2.3169789271043495,-2.223472286129177,-0.9591642499574083,-1.4120963444353751,0.5628683286923223,-1.4847485771470876,0.9969633226969671,-1.4437122984519024,0.66971404860268,-1.6104223949286265,-0.4029102600988708,-1.346540710480609,-2.2682599961903236,-1.2304171194598696,-2.1285684273970937,-0.3479015343329757,-1.5742256161765213,-1.388316289107248,-1.8099685514442903,-0.7889969043558209,0.43647580462950225,0.8821842429536005,0.19389538572653067,-0.17947785117280332,-1.5580987460511049,-1.2103961053556787,1.0280907313967222,1.290390685579548,1.3015057348296515,1.2228368344747067,-0.8580902191304024,-0.2436532617274333,-0.2388595072815498,0.42092961663059136,0.41802353468749454,0.3169948563066606,-0.1896246897885587,0.0824644348057576,0.567723123092225,-0.23290833673606579,0.22010215358044535,0.7024660981675669,0.6029525819134658,-0.4048774538898545,-1.0468471893935294,0.46971011180335237,-0.5127536848413804,-1.1916388986760413,-1.19405540307645,-2.005394109257233,-2.5519854537506466,-1.4978610147381155,-0.5640393961799716,-2.117665878543253,-1.2336490327989162,-0.17321823287913213,-2.0723542313688554,-1.0713145133610424,0.7359918884038257,-0.7132480824366391,-1.9571969922161092,-2.3738807005570814,-0.13196247778466816,-2.6497870489559667,-1.6977440976027944,-1.7624830455087288,-1.94333005626056,0.1683836797704824,-0.07946860196739221,-1.4289153853833778,1.6450825751521478,1.0206039798500488,0.06673029208041933,-1.1921009571239483,0.16889778691588903,-0.7622879644669007,-1.056716016937608,0.288701214614408,1.0575670057854505,1.0454888910122133,-0.4485805780186165,0.7365319439399448,0.05659057758911852,-1.485362267743593,0.12457662274672074,1.0566627516798042,0.2684713776523966,0.12967154853351695,0.7746326973796802
-0.708258844659207,0.11129320216035633,-1.0676535887250604,0.3278940604804645,-0.8369937347182369,-1.0605110407423124,-0.6341906931351893,-0.6420746490218375,-1.20875671539995,-1.5223439285164297,-2.017470056475251,-2.780744980487734,-2.5778246097167563,-1.453727504566044,-1.923257233743228,0.15029913139339843,-1.5281366340475044,0.3650923227838945,-1.6041180222965263,-0.16989723636859463,-1.781007346910108,-1.1092540190597497,-1.956060522056879,-2.2703595012550686,-1.7604643499347075,-2.582078535105545,-0.7492592264202131,-2.1447348597945557,-1.9547809431241279,-2.3361282522314135,-1.338042016853858,-0.011311840534560578,0.37562529046744403,-0.3446715788714166,-0.8570346872606126,-2.264516337268318,-1.619271635844458,0.747057837872294,0.8556401759113262,0.7608594237098606,0.40224316770316415,-1.4723385356354555,-0.6919382836915405,-0.5584832875895649,-0.1613224868465177,0.13390937674069237,-0.3437156143412102,-0.7977389156739315,-0.41383317466323055,0.030216913170090134,-0.5714477974227211,-0.3412957976479847,0.4759413740177122,0.17463753301739623,-0.7918410059116163,-1.453585082168239,0.05916733923561056,-0.8743538195411372,-1.766188636994398,-1.7811151178902784,-2.586110104215779,-2.7903711585753666,-2.0297304294445455,-1.0585170087131253,-2.4182922662286277,-1.7341878464874294,-0.6093985242518672,-2.0613679757503736,-1.139861417073194,0.052684427136793666,-1.239865836251066,-2.835151252412821,-2.9176300146536995,-0.7406595411634789,-2.790063472919442,-2.3634422539639757,-2.5308143128772276,-2.4836402510705966,-0.28291373546390425,-0.47936755072692805,-2.0903687913493822,0.7531790093555609,0.40423504662087095,-0.6800790635761621,-1.5081071497430407,-0.8902728378592629,-1.2979704726161727,-1.6930234977991843,-0.8065067517874999,0.08453189993780935,0.5073645654921943,-1.028269764816453,0.01991202799317579,-0.472083044574931,-1.9253400603855861,-0.1822735657603075,0.7002803730605719,-0.35203761039424036,-0.6595187282624551,0.21835437139940767
-0.9015778502186114,-0.4348820168527147,-1.3431714029311042,-0.06016584093234539,-1.173016403593117,-1.2443287566296621,-0.7435574610498324,-0.983168016142409,-1.3860537958685435,-1.8169514938121747,-2.3762949529034736,-3.099528205904567,-2.827726323797854,-1.8552379269273624,-2.3090316636979336,-0.1207879272535,-1.5368086375479084,-0.24322900498452096,-1.6920980585864336,-0.8613288345310518,-1.7617250046167348,-1.8181993884262675,-2.5081812059574853,-2.1255460775355335,-2.172643044855147,-2.9709143302055137,-1.1442943144567521,-2.5955898308159973,-2.2978949937728634,-2.8219202561362478,-1.8011185608498408,-0.35157466412583227,-0.09006770880177256,-0.8068631356049786,-1.4690026144265615,-2.6608314106257693,-1.7890390248589498,0.4266962129145319,0.3295636325430321,0.1550845840450716,-0.358063441210614,-2.0613313335451227,-1.1212459075114796,-0.8239039285123796,-0.7458271970930841,-0.19325076257289459,-1.009634860451174,-1.3442599078059951,-0.7307295305806176,-0.440004049346331,-0.6753211537857639,-0.7852476757855795,0.3571457598830716,-0.2751646484343529,-1.0791853022073266,-1.6649856182837295,-0.2879332029094117,-1.0755555957338359,-2.2111845234244263,-2.246747586684133,-2.9968890606291425,-2.871228871384023,-2.4230009236423804,-1.482656526523645,-2.600148653560424,-2.125397877324848,-0.8163580695423752,-1.940575284990658,-1.146613703373101,-0.588206984714148,-1.5899381466617502,-3.4848735451581474,-3.2281776022062196,-1.1821999223757174,-2.7456698800688732,-2.9001140150277678,-2.9678775100388513,-2.885635764717156,-0.685041306985524,-0.7177227232806573,-2.561245335579858,-0.12195655009634811,-0.21738786138122448,-1.3533726033592237,-1.6751432761555498,-1.8800639266272532,-1.6130298135345582,-2.2033518049537486,-1.6895929684993354,-0.7349502506342511,0.04012777452548814,-1.488897211800419,-0.6711530760291405,-0.9801842308374414,-2.238188503407402,-0.4286381611645652,0.3197555715598018,-0.8485748742891173,-1.2437078504671326,-0.21650156434333567
-0.8329216972219607,-0.8971780034267072,-1.4208269823176947,-0.36205954114671657,-1.366321321294524,-1.2645401001080325,-0.6915984254116601,-1.2030334488364038,-1.3750523340446241,-1.9845166425802603,-2.5853090142946216,-3.2431422075879337,-2.958617375000975,-2.120356407690909,-2.531398240319246,-0.22741387355800033,-1.5299447342188104,-0.7620892802824305,-1.7071438283159965,-1.311255364333703,-1.593287440018616,-2.440144493698716,-2.93996993143664,-1.8837434308089078,-2.424413021853785,-3.244847552504864,-1.47799772261661,-2.8483926515779556,-2.38401902505308,-3.1995758988978222,-2.090146523313859,-0.5321468175733388,-0.4394841933411739,-1.1337652908784257,-1.9174713752192527,-2.689230780423624,-1.6877154790909177,0.1138091093522818,-0.2213677142142184,-0.4385237245232086,-0.9429054531231297,-2.5259722323393294,-1.45709427139119,-0.9802381344563388,-1.233487469710243,-0.5149284549693296,-1.5830448158142134,-1.7520323995550333,-0.8217504640394961,-0.7538024051648747,-0.5369395850076732,-1.0476671758728402,0.35965273063799774,-0.6660655414135388,-1.2222491266034063,-1.6543605540750905,-0.5385940217448584,-1.0993141045394337,-2.470894945357897,-2.53027144710081,-3.1995429276327583,-2.806627672852691,-2.642041515331657,-1.80279533144326,-2.6537310981662534,-2.3621173182927255,-0.7795346536372258,-1.7600652717654097,-1.1093835613291734,-1.1111339483957456,-1.7394007650567513,-3.809176928440292,-3.276063980467378,-1.3987451341219461,-2.5437146223993237,-3.2319633928370446,-3.0182604209242685,-3.076737019901593,-0.938091515831318,-0.7464099117214497,-2.789884799494338,-0.8204775560951659,-0.7187790173222853,-1.8183275452173138,-1.6727317237538024,-2.6354236889504854,-1.6327767469581493,-2.4889622695406213,-2.2163605006532765,-1.2768125931173482,-0.26650548506098376,-1.767704364632034,-1.2349848169848148,-1.3512879111266347,-2.3674671331114747,-0.5478401588816484,-0.005004903958953134,-1.136536316021322,-1.5431513333902067,-0.43489370448803993
-0.5298524418677021,-1.2110349831352631,-1.3105386218279116,-0.5319499072748975,-1.3912093700373818,-1.1333387122370582,-0.5269817330155123,-1.3044302059935151,-1.1975157286061564,-2.005120939218921,-2.61552037382073,-3.191927397116706,-2.9590090500727246,-2.223512805648113,-2.5674727045764807,-0.19469846916507838,-1.5186260299705032,-1.156475272098525,-1.655584809166291,-1.4771101005708387,-1.3367770998106505,-2.8905358823235674,-3.1936375972796927,-1.5996679508559828,-2.48501005371941,-3.3553315182589913,-1.6976572526675275,-2.8462862273910283,-2.2136696777358473,-3.4028973841627557,-2.1336090057551798,-0.5308654268203489,-0.6270420869842985,-1.3013710874781417,-2.1271112226146958,-2.354798799521057,-1.3274989807290294,-0.14716094707394287,-0.7240213787019301,-0.9504037981123912,-1.2815380584217813,-2.774546123819039,-1.6389298235665408,-0.9855855056548214,-1.5414406401591145,-0.7799107330769037,-1.9800090596176954,-1.9607386755263356,-0.6833485908285888,-0.8559906729590079,-0.19939970187779935,-1.1005447162936655,0.4553800395304153,-0.9291849351465068,-1.196400736421681,-1.4272434201617947,-0.6878312864975232,-0.9646961279736509,-2.512709261876788,-2.5932094535175474,-3.173299621483106,-2.6139911138267884,-2.6709391968481735,-1.9986667095129278,-2.5774405457610285,-2.4163306924051637,-0.5404619182508228,-1.5677233189636688,-1.0541978425097556,-1.4713847164298552,-1.6952528556493731,-3.758674557010836,-3.0632516343156166,-1.3799772164917732,-2.224946466796051,-3.30581770002091,-2.6902444159817533,-3.0052790972743044,-0.9653021239406226,-0.565095791401109,-2.7603190112802527,-1.2318540523519763,-0.9981029995702777,-1.9749234000819471,-1.5021733027800297,-3.03074563035453,-1.3412089842203936,-2.4813197542284655,-2.3122066024451597,-1.4817532072704676,-0.3703864677334704,-1.8294588964218848,-1.5951754648853425,-1.488630941247746,-2.2843478163156057,-0.4968034569217956,-0.20916371315790408,-1.1709308626807362,-1.5301978456227399,-0.3935173874342116
-0.06806030390917078,-1.3404009008941116,-1.0491933156336422,-0.5575173619087167,-1.2467427225267305,-0.8819778651447553,-0.32515324844686017,-1.3152775950892066,-0.9015147795851155,-1.8729077705328165,-2.454227084350561,-2.942895911664804,-2.8232040493024915,-2.1611123736677205,-2.4145512976596297,-0.08753861818551001,-1.5039899207875582,-1.4243396025947757,-1.5497257681333572,-1.371469656044659,-1.0605893636159418,-3.1057936465049263,-3.22692055651561,-1.324123603308045,-2.342267072500825,-3.267543031359044,-1.762836125024295,-2.568683205110838,-1.8217232110868296,-3.3815798641164543,-1.891514637752124,-0.36024814790957943,-0.6406319482633899,-1.3231013915453196,-2.0601479647492607,-1.722737117512893,-0.7623144845729756,-0.31820169092843115,-1.1065396941086816,-1.3264409670218957,-1.3550333053215244,-2.7411823223232274,-1.6310455011380427,-0.8194843449062676,-1.6195598818835366,-0.9414445284959997,-2.141616253858986,-1.93513086452356,-0.35392729716393284,-0.7325356695371225,0.25324971746095853,-0.9555565186524815,0.5815021038006289,-1.0208696050523236,-1.001269597874883,-1.0189877835389294,-0.7562507564165332,-0.7208709926632009,-2.333770561281274,-2.4274340452777436,-2.9198580946565973,-2.3148279165565153,-2.5156539859730787,-2.0652227120722104,-2.379168498070637,-2.2828838240879366,-0.1845529263107836,-1.400384601017134,-1.0095602415056202,-1.65926340361632,-1.4917962522947044,-3.342105390242718,-2.6226682938171137,-1.162096090895743,-1.8388675884865875,-3.103304958846002,-2.053974665993668,-2.654597251511535,-0.7290980176340206,-0.2188471233660223,-2.495376079779705,-1.3108161655526913,-0.9962346402502726,-1.778389933924137,-1.186749368591863,-3.0012899922107446,-0.7840273078827297,-2.157545297547901,-1.9828426812109958,-1.359757413832261,-0.27955663144221904,-1.6735686779853798,-1.7103279146576507,-1.3367780733163692,-1.9952459133439278,-0.2646173136625506,-0.2530157692308147,-0.949597399278415,-1.230942692504152,-0.10579363435147454
0.44277926478757823,-1.281614320702666,-0.6912475265958122,-0.45821250736691826,-0.9544030168856975,-0.5528542285295357,-0.1681183461749876,-1.277849007488748,-0.5492653214981955,-1.598911717544462,-2.1095910403058835,-2.5144830215172496,-2.554713715324672,-1.9519681763263592,-2.092404227414743,0.008407721070278264,-1.478259436358215,-1.5901542133065196,-1.4059017008746146,-1.0549017748767466,-0.826323580580977,-3.0558158844322474,-3.02214296366862,-1.0965923606245152,-2.008082230766359,-2.970815170304224,-1.6536448401711286,-2.039388891048832,-1.27205445868835,-3.113753889398542,-1.3660154402531446,-0.06537648111006068,-0.49854432911651037,-1.2430866910043383,-1.7246891809016498,-0.904437285172734,-0.07761099509091665,-0.3719032737143699,-1.3079138328243904,-1.5329641672994299,-1.1928088684131057,-2.4004047611564276,-1.428577101596468,-0.48794327349621114,-1.4601829768970742,-0.9643255405188608,-2.0414253003299008,-1.66992601881945,0.0952842070843754,-0.4097423629453449,0.7141895802190186,-0.6593431912447962,0.6580262537135966,-0.9307293138424293,-0.661224564264048,-0.48821384311579163,-0.7804316783603971,-0.43453171262412693,-1.96264670666065,-2.058046601942843,-2.4661499679571377,-1.9346122851359482,-2.20317798693071,-2.012107635743012,-2.0771179944099756,-1.9815510241749057,0.18143298283326897,-1.2782342101079305,-0.9993992917490095,-1.695989182580178,-1.1821476621122342,-2.625625185283746,-2.0134617792160996,-0.8170530816115411,-1.4374473011200686,-2.6467796863611097,-1.227961785574827,-2.051108992973368,-0.2399115777265581,0.21422522801820298,-2.05244741561226,-1.0789145134336244,-0.7074214947247696,-1.248867901726372,-0.7685680917830647,-2.5531243518507227,-0.058166090460585566,-1.547192520697607,-1.3091722096249554,-0.9803422608493929,-0.04353891322209112,-1.3353207465839652,-1.5775497660813504,-0.8951274596524712,-1.5419461535924863,0.12537807735006237,-0.12692417595043848,-0.5088154911417245,-0.7175039354516641,0.3649696987693423
0.8806564439497458,-1.0610304901786738,-0.2976125274984181,-0.2765083374678437,-0.5528150968046057,-0.19118489630140828,-0.12253661967090178,-1.235097254235832,-0.20339889678414486,-1.2115095676754581,-1.6125311373510585,-1.9480805654766196,-2.1693631102521054,-1.6338097851877271,-1.6419757196963618,0.011089830894877426,-1.428298859070978,-1.6925990679582648,-1.241941000614307,-0.6196923561818009,-0.6767939571242153,-2.750267914303773,-2.5920086859499905,-0.9402325550590048,-1.5207679589788805,-2.4844901864934115,-1.3753679893779096,-1.3254204040446236,-0.6474160060473343,-2.6137042684464293,-0.6050852007141309,0.28494548427159605,-0.24163091545147003,-1.1224662537307244,-1.1742297658603538,-0.035542968234334456,0.6254816871014293,-0.2955096216066639,-1.2881646109233031,-1.5592281207910264,-0.8605122015973493,-1.7746629094479254,-1.057657110933056,-0.023834610840894277,-1.0988151098365797,-0.8309023197504554,-1.6884005298506262,-1.1908862566635279,0.575336877373304,0.05363140227095895,1.0765864773063456,-0.2819029192833846,0.611127010292774,-0.6824780261966016,-0.22192452329397927,0.09258458767280142,-0.7995340613045866,-0.17407204234713228,-1.4553880187056485,-1.5400891604805584,-1.8637170284712499,-1.5032242918631784,-1.7778931870189736,-1.8610927310651124,-1.6993134423283942,-1.5548183946286271,0.4561226216074684,-1.2034313783665058,-1.0367245456613032,-1.623403415042435,-0.82718090741486,-1.7210649165196992,-1.3128512049291057,-0.4349595787106793,-1.068281040182565,-1.9973546772564692,-0.35659494172672346,-1.2638404542761572,0.4440811128500825,0.6419694900923172,-1.5128178458271757,-0.6130125714515497,-0.1794981925717426,-0.4680494642687343,-0.30230682463199476,-1.760191147707141,0.7095133244412226,-0.7283858707135605,-0.428083045917261,-0.4521830575550591,0.26326738299696567,-0.8804437345547045,-1.2298240017863604,-0.219961829639941,-0.9940219376268382,0.6203330123034225,0.1493374371708583,0.08653926483071943,-0.09291817656751447,0.9219494364130979
1.1363425834614302,-0.7275016549490257,0.07481823750022137,-0.06510608925173117,-0.09098133473107248,0.1618732266405741,-0.22202311053482504,-1.2181705116322672,0.08508335600586386,-0.7538633986418432,-1.0149660756051915,-1.3051472047287367,-1.6969094787975643,-1.2565213498704866,-1.1203497754107583,-0.13477548203041262,-1.340721729579534,-1.7702469610480995,-1.0745794764229923,-0.1686172958807301,-0.6287612954881149,-2.237191876530912,-1.98058693549368,-0.8599595615686251,-0.942715635145129,-1.8574027236009691,-0.9583882461909595,-0.5261638392333448,-0.036266183487560576,-1.93270561099885,0.3021574267228639,0.612199778475504,0.07683542392505542,-1.0224100669161735,-0.49794722438259087,0.7494603032051416,1.2483448645328807,-0.09410486940533512,-1.037221628587118,-1.4175092139189747,-0.4428042117987883,-0.9330618649266649,-0.5699239509175436,0.5175478614706754,-0.6056112343039888,-0.5449827681336956,-1.1251548453651612,-0.5519875427677071,0.99733850118985,0.57920909174458,1.2562424281278555,0.09903164971550404,0.395665946294254,-0.32769620563282703,0.2566194794024443,0.6477880783372532,-0.8424068880833672,0.0055670436018208855,-0.8864156404598109,-0.9495118047248763,-1.184058689775427,-1.0550417726956791,-1.2956444086954984,-1.6420294297942968,-1.2814619699248848,-1.0615603620281613,0.5676391668728235,-1.1629398397228425,-1.1198407671716795,-1.490789536632739,-0.4843610236579002,-0.7654623126655438,-0.6057721600637446,-0.10379377286026377,-0.7683258187510998,-1.2451826800189347,0.41684137139128075,-0.3948211062207442,1.2264214775421376,0.9791425630980647,-0.9666832553228905,-0.02444387555315795,0.4962413307688824,0.4366952050734273,0.15322750927366055,-0.7494998652802963,1.3892327755671743,0.18604403249915144,0.4964360264495079,0.10250111481849443,0.5612866420551743,-0.3934567616234915,-0.7282711281724787,0.5857077744740987,-0.43521583930217556,1.1482292982803788,0.5321554789609734,0.7554674416820495,0.5283457155863283,1.4566487602881744
1.1368932959752374,-0.3416254838017838,0.3812152774299748,0.12643970218334835,0.3787502401436917,0.4735746752620566,-0.45820410820939267,-1.2385011380045814,0.284725044209072,-0.2784285885526336,-0.38417708888091817,-0.6597672435605256,-1.180203051613816,-0.8734871951702868,-0.5926717008848358,-0.44173639376796936,-1.2072212340426334,-1.8492284920553128,-0.9173409140233635,0.20639303017880276,-0.6718546586017828,-1.5942590787214632,-1.2588058875961992,-0.8438142689996972,-0.3526723399318776,-1.1609220774634537,-0.45349909985127146,0.24490117607518072,0.48110235728816286,-1.1524335606451637,1.238250724833333,0.8444763167130617,0.40136538202751865,-0.9881054839956683,0.19649232155560326,1.34109178431072,1.711663009818477,0.20815109081639424,-0.5801455957761518,-1.1407535194231546,-0.02500223719792508,0.01873938112076879,-0.03265415114559841,1.0669404242293694,-0.06961002350183672,-0.13283662694414816,-0.4218632533076642,0.17104231143612292,1.2891842283437565,1.0839935685466848,1.2094937982906895,0.4140577927862844,0.010546359846228297,0.06583708864596606,0.7094373362219378,1.1092772429628617,-0.9189964381940507,0.07393072553129976,-0.33580299439079836,-0.37011728555165957,-0.5100390501800137,-0.6278012073842112,-0.8163266324387413,-1.3880640268114925,-0.8632323565517444,-0.5676531945116718,0.4893257800772847,-1.1346054921904412,-1.2323018719472099,-1.3423739343331873,-0.19869644058662497,0.10390842565587141,0.02625339737138852,0.10919851370030521,-0.5593917548411488,-0.49393806517652267,0.9762391340359137,0.437967533931203,1.9893832080083225,1.165444246955687,-0.4968410788069314,0.5660608096802615,1.2032806808621437,1.317414821012349,0.544210124136632,0.3224058730818905,1.874722363868358,1.0692952648108587,1.3057279536060438,0.5730789105637267,0.783780505071236,0.038264989644532066,-0.15091619032534787,1.39239985055883,0.053081410188536036,1.631404810357971,0.9629975214896762,1.4132472076836062,1.0407661359521478,1.871359564957747
0.8624293202463231,0.03594973456069388,0.5935033758684525,0.2625615083406544,0.807119211070875,0.7212169784982695,-0.7826284522740132,-1.286275325860183,0.38625047074564905,0.16061713664494523,0.2060557397317245,-0.08774372214591995,-0.6714320517399713,-0.5328394350511814,-0.12244038149306019,-0.874750888187656,-1.0287521936888917,-1.935982976014712,-0.779300023880387,0.4412745330034806,-0.7737158334356289,-0.9147282362988931,-0.5148716266290294,-0.8673426975490379,0.16666137341857618,-0.47716416424769825,0.07628329582955092,0.881666616894007,0.8445944542704963,-0.37207275583554594,2.0763365368224576,0.9315396247115911,0.6829671051366755,-1.0375693954759815,0.8039834699904679,1.6726225487917328,1.9674749170422385,0.5697805146146334,0.023397771707379514,-0.7776685530033146,0.3228431298719345,0.9556693364406847,0.4833898139023361,1.5519851905001671,0.4205761535357352,0.35914446727465926,0.333307685445204,0.8901708015490833,1.4079302411082106,1.4946649844457083,0.9425574708956466,0.6151556088032001,-0.497467128349933,0.4284821811506787,1.0769293591991047,1.4255683955414566,-1.0183004272706968,0.029783510268635568,0.12459901454477529,0.12086995054447677,0.0756635720056181,-0.2597188601758668,-0.3959951744331064,-1.1309421149714622,-0.48347893680663834,-0.13527714888833908,0.24371714056510196,-1.0948336838850234,-1.3468156907943019,-1.2084506045969368,0.0026353464166183004,0.773728525014972,0.5154705326609513,0.17059011889429102,-0.44631619758807406,0.15720490376612878,1.2526151528960048,1.1215047674435958,2.6154018739285596,1.1767902110782567,-0.1643599142463714,1.05234895637335,1.8223717840367288,2.034449586063764,0.8297994199106621,1.2970299763113502,2.103163344775888,1.8034333904440785,1.875850572452613,0.8803071765287295,0.889567017029711,0.34152707588187886,0.4201247023969476,2.069962246082484,0.4074230682342278,2.000342235791724,1.3787110690769355,1.9818624422647722,1.3655554383264854,2.097669955540617
0.35221468074180334,0.3549156721660925,0.7016068713185662,0.3278430857660612,1.1532172203837734,0.8916060599688155,-1.1188053461410599,-1.3351648558699054,0.4001636118738833,0.5155565132988094,0.686139333177017,0.3456896157535546,-0.22567337877252758,-0.270357243155412,0.23800579843047714,-1.3584422603082935,-0.8174475408242448,-2.0166186256187473,-0.6649483360124252,0.509442857463551,-0.8899634335227052,-0.2913398677110215,0.15887457853768222,-0.9002123793985406,0.5434536123011494,0.11488005515424521,0.5656867655954623,1.3050041344911993,1.0223203177241202,0.3083657873308205,2.70181021207226,0.8552244806988698,0.8855707196387967,-1.1579492073398885,1.2420871514904135,1.7285983039802335,2.004327976391692,0.9372753217004313,0.6864730365250087,-0.3854084059167866,0.5568136871349707,1.7541330020560197,0.9158733361581317,1.9085883541150048,0.7950477138455981,0.8700849725770766,1.0460333439115435,1.516497511557144,1.3456048736101178,1.7587941194166272,0.5101307360372035,0.6831546277464853,-1.0426851809516098,0.7025320936880524,1.314337559877801,1.568272155184587,-1.113027060876034,-0.10100125909033783,0.44333374546416915,0.46565670236573936,0.5032480474560651,0.015023362259391526,-0.07959587290900047,-0.8971631070973735,-0.1752755185264826,0.18699628433451865,-0.1055494782069176,-1.0259136951957104,-1.4322527928063262,-1.101793509740761,0.11137407427349379,1.1729243164862435,0.8160096599065216,0.08580933612783011,-0.41821501490327023,0.6302757126704557,1.2340228285165544,1.5679472746608016,3.0087870554344067,1.0278203774633636,0.0008230409728493824,1.3612327378494335,2.2536529873429174,2.4827022532765888,0.9874462796164751,2.0402773825966762,2.064525484470438,2.2992768058483177,2.1381859989732708,0.9876780473617615,0.8686397376968868,0.47171322430185325,0.9110849557923033,2.5130037685451923,0.5934070000985401,2.205039442092548,1.721321556547617,2.3976770018213713,1.4628634606804283,2.1076399250976423
-0.30178730253739855,0.5825586226186694,0.7117609125424492,0.3276583245518998,1.3881880061203062,0.9793139204370658,-1.3811525527303148,-1.351496677093503,0.35065725204225867,0.7522254366895239,1.001334839781862,0.5969496210031063,0.1073479386801111,-0.10527264083057913,0.455007591638827,-1.794446543581454,-0.5956542307982834,-2.062549241896255,-0.5751005114672136,0.42276539923756823,-0.9764535414300655,0.19839377989583287,0.6803374268443277,-0.9138196375909987,0.7306091334994025,0.5522328524900281,0.9570717766828158,1.4760841026625746,1.0132288908812221,0.8051997415390146,3.032423122571749,0.632793514657822,0.9899125238206469,-1.310160087673986,1.4654239583883812,1.5430417648882016,1.8450301429662022,1.253569064057612,1.3084862589183377,-0.020554630293275967,0.6635553810365751,2.3125416734443895,1.2201406241668162,2.090845742280321,1.0155618145775687,1.3329753125922779,1.6284536895085768,1.9723600238614427,1.1277645556383633,1.851456428877204,0.0032682473920802825,0.6284360517496401,-1.51996768969132,0.8525340644178784,1.3985973352304935,1.5349699817622557,-1.1691449194449175,-0.27338674056724344,0.5972032539541595,0.6345853493474048,0.7272781417589094,0.17166427767339448,0.10465252222918499,-0.7055108375705652,0.03829468445123417,0.371369745225898,-0.47125673313289523,-0.9211835887759765,-1.4620161785977162,-1.0194494807915082,0.13536422841705031,1.2813622807951832,0.9086811818975233,-0.1046538192879383,-0.45251842382516005,0.8804906023167137,0.9636673967964834,1.7298138509891556,3.1133292733983433,0.7657894702747485,0.002473250599592226,1.4624088542390643,2.433992084750702,2.609564388614898,1.0145808745455835,2.46276633978588,1.7988522806752487,2.5093333421683015,2.0876111707262126,0.9032599075626151,0.7407079166212507,0.42123043977873187,1.266848673223727,2.6602313530287574,0.6098934050901209,2.2220768329370517,1.9459102699983915,2.6165659185249073,1.3363861931716445,1.91605622870828
-0.9729475364632799,0.7067793833869945,0.6426989401448518,0.28375286196715044,1.4971009101599464,0.9847148411443395,-1.4960484358978174,-1.3049769927283845,0.2677916997652172,0.8545390524857998,1.1204929861073036,0.6515232130159294,0.2918478647153578,-0.039458734233907826,0.5177439003853692,-2.084432418106746,-0.3921423980853339,-2.0404055857446086,-0.5084617708962805,0.2246067666595743,-1.0007656124518438,0.5027855511807343,0.9906622178910341,-0.8883092732520086,0.7151162393420544,0.7972468795410582,1.2086311789892583,1.4007365295424519,0.8441442043410875,1.0653187204120218,3.032684488113444,0.3125569271956765,0.994865686668727,-1.4405968249761687,1.4709690825965278,1.1884302310283064,1.5381623023877151,1.4683314249075674,1.7928099966413173,0.2702499028146898,0.6582015676737814,2.5674624288585117,1.3740632781953965,2.0779173747809194,1.0801556331592188,1.6846123189916908,2.01098897573002,2.20252408674258,0.8056410492569293,1.776723690941226,-0.47100655081745707,0.4852708351411908,-1.8297098476603533,0.8701549182810964,1.3312164306171634,1.3480478375106735,-1.1572022275868477,-0.4347856674265486,0.5931620035094284,0.6290838722352058,0.7345898337710403,0.19987776692423206,0.14841436095077123,-0.5661353273772989,0.14684400836856606,0.4138755319096888,-0.7648088915551507,-0.7868035750188829,-1.4215420126624003,-0.9485463269443356,0.09309031749767904,1.1276513173618032,0.8019471982407271,-0.33674378012593004,-0.5208481587137435,0.9013180641393047,0.5270249476642697,1.607103546645577,2.922052121356355,0.45789744042672836,-0.1265484196877848,1.369007388985422,2.34628647827529,2.420851157784224,0.9266178783516257,2.530725870913198,1.382942821583114,2.431770438455223,1.777373792970233,0.6728938873320027,0.5480492496439421,0.22005853086494404,1.4577186991889606,2.5036411830417085,0.48571584912725324,2.0565384693765787,2.0257409741251458,2.6171708349012737,1.0297449054593693,1.574105048243039
-1.5259681379314987,0.7347215639881739,0.5206172203754389,0.22632994973877962,1.4789387627150785,0.9125303851131245,-1.41979482405513,-1.177871940974703,0.17998558445404203,0.8255948598348601,1.0412136003390884,0.5260179297011423,0.31319919154090475,-0.05965496618185015,0.4384013764564058,-2.1531321973851982,-0.23622772423764882,-1.923143026040271,-0.4632157701846956,-0.022716416112627192,-0.9500141815932096,0.6011094614875514,1.063503333973249,-0.8173839647754417,0.520218607314724,0.8418074479589007,1.2997530350987092,1.1245052827318618,0.5621547733685913,1.0747880443213376,2.719466570292632,-0.03714394386904692,0.9162218375425885,-1.4967347597389171,1.2932947489428117,0.7583972688232034,1.1457752836932458,1.5479102061733432,2.064828648025839,0.4581938371822673,0.5768799452779341,2.5023461378314025,1.3778912379192403,1.876715556566592,1.0186022694320251,1.87557597587251,2.151773489118266,2.1827510993734722,0.4439546997444954,1.5643831251931457,-0.8138375299807412,0.30159205849256077,-1.901886167830068,0.7729562884554223,1.1365947881057021,1.0496554922443153,-1.061964214716355,-0.5375537160381002,0.46399921851371884,0.4785667039706697,0.5467791407744237,0.10704702952248243,0.06348411038120241,-0.4809936532880007,0.15351597425316107,0.3328872288536243,-0.9174839081181995,-0.639773320650803,-1.3127885328819295,-0.8737714629898753,0.0073286641957521804,0.7774687035762826,0.5292230421363923,-0.5392267956482634,-0.5953625541533973,0.7220661573730303,0.03117189819364696,1.2452572227427534,2.476884428266079,0.1753625847264743,-0.3347025954389656,1.1297536138169688,2.019223641453127,1.9740990600872343,0.7520155598050878,2.2661890280323496,0.9102718854073678,2.105634145448811,1.3027324878563356,0.367020451792823,0.34477687238312765,-0.07162985240414266,1.4817734325801086,2.0861585878000914,0.27014147228315705,1.7389436254147301,1.9543258194305424,2.4027378396099737,0.6155771254632597,1.1564478264601572
-1.845255827085458,0.6878099514295202,0.37382556139342044,0.18486915330169093,1.3449416708411015,0.7712161346099742,-1.149179288401651,-0.9701679356033996,0.10848333050560709,0.685328160666236,0.7903527655140454,0.2643323182939738,0.18211548481347714,-0.14176580681881962,0.24856084317075292,-1.9659052557533765,-0.1510795101553199,-1.6990665826296616,-0.43791860245589653,-0.2527830451320377,-0.8330082674724495,0.5033777380614924,0.9089884315900336,-0.7096424748955128,0.19958006676304235,0.7061576135369882,1.2329403411846567,0.7202666808691333,0.22425094578830296,0.8602916196025964,2.1575519907442717,-0.34301879739507285,0.7829412089538283,-1.4422615881470975,0.9915843696459626,0.348195719520129,0.7302808566082338,1.4824692983605479,2.0863323053614047,0.5368819396060639,0.46578559663200897,2.147453205505912,1.2498075094458996,1.5199269012271168,0.8802597748923522,1.8784795684090374,2.0423250704959415,1.9241546747089042,0.10717099270221056,1.2628574825264112,-0.956809403047444,0.12689958206747531,-1.71302565623307,0.5978538994106397,0.856179757388809,0.693688502237881,-0.88759908298871,-0.5495479017853747,0.25909085029112494,0.2323374065277455,0.21646606512130542,-0.08127698911393594,-0.12086624593786861,-0.44519939431751515,0.07399368199246563,0.1636738373817816,-0.8956375804582712,-0.5027796320361954,-1.1542666173227458,-0.783941553383698,-0.1002848512482647,0.31608656114136424,0.14319337999817824,-0.6510681592029971,-0.654111922629601,0.3990915565436387,-0.41878646831962074,0.7249001423496344,1.8582302596978821,-0.02206727796960737,-0.5652004462203221,0.8151711921349816,1.5180427828813194,1.3616611967677543,0.5256405506560117,1.7374318160860793,0.4693096378475405,1.599415984154737,0.77773108339182,0.06417784578496484,0.1847724531034861,-0.376936441817289,1.3625668192003773,1.4891631415125661,0.019826526400227393,1.3181554176316708,1.7445049221858917,2.0013421038224655,0.17974280604962417,0.7447585768042306
-1.8593739952111097,0.5947310827255187,0.22796251777705434,0.18001667232817076,1.1158517195237514,0.5731008127637687,-0.7222798058302727,-0.6995077667525399,0.06474092423407588,0.465505312193311,0.4195993126170361,-0.07120968552901998,-0.06542964069909399,-0.25603527066732884,-0.00727692131033489,-1.5368715528080972,-0.14775315847903006,-1.3762464284932574,-0.4312294165658911,-0.4088331236086744,-0.6763127820317258,0.2459018818629416,0.5717905565498372,-0.5859624982193237,-0.17518379607570894,0.4332712299971147,1.032209212376293,0.27185475367579837,-0.11342887731958877,0.4833492866915002,1.4460758076490463,-0.5425739741880413,0.6311147361242618,-1.2674159019540072,0.6325148259097295,0.037043629891668844,0.3433799611028145,1.2883140905426023,1.8627763636009287,0.5223160531694369,0.3693097519231691,1.5715564957480181,1.0189690043907538,1.0596870113344965,0.7179408730853547,1.6928467838691883,1.7084705811060334,1.4721776450292228,-0.15294005763318105,0.9296500304281173,-0.877006930975949,0.0011922519314209862,-1.291971789064229,0.39115180466848426,0.5397878570501947,0.33631587986497635,-0.6571093023741307,-0.4605062626380468,0.03268810075478691,-0.05141035297355173,-0.18216072576388695,-0.32419821565506657,-0.36296222345837864,-0.4487775053931724,-0.06601753643426385,-0.049586747307060766,-0.7065361095381055,-0.3972902319031883,-0.9763629093811032,-0.675672419654899,-0.21249199945257,-0.17007660945726644,-0.2918838721070251,-0.6356675358180891,-0.6842542872536043,0.0030553155764592313,-0.7407931480945834,0.14591406274665725,1.1668421945673237,-0.09787923503816993,-0.768924885391681,0.5010542203886207,0.9287436420351108,0.6883753250776251,0.2818817748496883,1.0424921506480724,0.12537259309813148,0.9962021795654425,0.310621001547783,-0.1656332214772721,0.11038757206369984,-0.6186170120088518,1.142658300668853,0.8135972863546281,-0.21425495976458236,0.851796823113347,1.4248892894859027,1.463653684029298,-0.19596967876411409,0.41113902546086256
-1.5560490054883267,0.48419701157292055,0.10254258173300217,0.2184306824566901,0.8187602114131386,0.33483629118006886,-0.20968168595678077,-0.39626219340319574,0.050789290536924714,0.20340929617604248,-0.003235313430241935,-0.4117582323896104,-0.37303220510078766,-0.37206710711320334,-0.27967146398342785,-0.9260629652303187,-0.22142515419479813,-0.9812826909211101,-0.44055363223740174,-0.45377690906780993,-0.5155247927589733,-0.11582303257863998,0.12368849347128569,-0.47347975225716515,-0.5303558894550189,0.08049995027749941,0.7383541771449474,-0.14229336921169009,-0.4045363972183879,0.028609768742457693,0.6988663310149109,-0.5970596732759176,0.4963888589993875,-0.9915540523802934,0.27412607136010947,-0.12440092749199999,0.0190647928114362,1.004498596031113,1.4414948836287262,0.4479910382893497,0.31977264837116387,0.867759662160005,0.7183451336218732,0.5580469187087284,0.5725539779543014,1.3454527547435222,1.2061800231144229,0.8997648164663782,-0.3060831881504431,0.6207910175255124,-0.6011562861122055,-0.05269401137335557,-0.7133215901547272,0.1976271671044378,0.23604721725014965,0.02688205881708182,-0.40648587772218464,-0.28306896060135306,-0.1672913731362927,-0.31692228512462006,-0.5667545151602597,-0.5713076956934906,-0.6153666350925703,-0.47846380870065097,-0.23446548510536872,-0.26249812000885014,-0.3940292256212332,-0.33681836909996854,-0.813103704627504,-0.5533645315124791,-0.31709934995696415,-0.6083572812748844,-0.7088612261197356,-0.48855929696840783,-0.6826071785386617,-0.39465901570552325,-0.88986983537234,-0.39073747127867436,0.5023807782432972,-0.04458095185778139,-0.9135649947632769,0.2525794515087643,0.3395572934058578,0.04957681713095667,0.04887013893839154,0.289729976865047,-0.09015307978995699,0.3788555451197056,-0.01679281472036027,-0.27482035640103925,0.14376976079248868,-0.7347097486900971,0.8742281869769649,0.1594683681378906,-0.3966327090517505,0.3959898742513427,1.0342557990602161,0.8572432709656995,-0.4490309932614141,0.20450934512769944
-0.9843355045936986,0.37917380586417077,0.009364342007561779,0.29160140557543773,0.4841835296998786,0.07753758564153937,0.30135795485297306,-0.09545769882692301,0.06185359461484999,-0.06425020833051943,-0.405676350227308,-0.6942321513690588,-0.6729422761664853,-0.46304697440539466,-0.5222656465651893,-0.22667943040005553,-0.3508883987371393,-0.553094417493836,-0.4602752630502073,-0.3749890735892745,-0.38447513428083047,-0.5155505759281839,-0.348189169838759,-0.39770652633097986,-0.8052068507601494,-0.28955766112965653,0.4018716225712926,-0.46197011874510135,-0.6181373951851815,-0.41147158783335613,0.02304162069163297,-0.4988614920566543,0.406237816832617,-0.6572582914522476,-0.0448233666055601,-0.1196822670833447,-0.22845177627926624,0.6842805332761834,0.9011432391483895,0.35606950189861575,0.3309053184217139,0.1368327922520099,0.3794283428228611,0.07603366995305771,0.4630126316354929,0.885786052021468,0.6127831158408062,0.29536728203730583,-0.34710515698099675,0.3808486200685302,-0.1978345664986318,-0.03198815118751769,-0.0806154805711967,0.05112890379939383,-0.015938879402713955,-0.19911094665190948,-0.17555095111852628,-0.04854497665666162,-0.3073423817076196,-0.5201633242360507,-0.8615258121540489,-0.7705764810020168,-0.8319987434234108,-0.5193913512309446,-0.3974208954728677,-0.4380534451958783,-0.02585589547966854,-0.322287264976718,-0.6926350188185215,-0.4260700684729948,-0.40571747440027056,-0.9483036707558812,-1.0464020739253348,-0.23680576634248104,-0.6537529316706563,-0.7333894382358345,-0.8625252520906838,-0.7999492630313354,-0.05611102986704946,0.11731516923132149,-0.986883321995348,0.11204777306782844,-0.17602809425410393,-0.48536441488342913,-0.15515326089615233,-0.42044859550018643,-0.18150208031265816,-0.18195998644141545,-0.162017783747676,-0.2469646286891684,0.2823432493354806,-0.6901543359586124,0.6086744402260346,-0.3916880329213458,-0.5117272389024214,-0.003771878429609573,0.6147425621271764,0.2570840486426842,-0.5462383629331111,0.14228182269476297
-0.24354055686428058,0.2937339521254497,-0.04706332222943233,0.3786757717838248,0.14372580729573414,-0.1739431244609145,0.7257520051339927,0.17200478688272075,0.09005760137612823,-0.3059272257846202,-0.7226034428387518,-0.8714326264263195,-0.8978817314239766,-0.5088774683067765,-0.6985361707630814,0.45427628570258805,-0.5016451683176404,-0.13375688355409918,-0.4805812199341775,-0.18373650287256552,-0.30556884538429463,-0.8851007300046904,-0.7555869996903858,-0.37494307656146836,-0.962588805898814,-0.6173675605282836,0.07466487168624511,-0.652361243582466,-0.7405178998658196,-0.7527390545995976,-0.4994914198218226,-0.27188998299272077,0.3739019170527655,-0.31780697252262324,-0.3076051163268634,0.03483552176287623,-0.40225235418422,0.38339202303550324,0.3348564081983515,0.28670757796717466,0.39638940113940085,-0.5284408745058069,0.029929437030529898,-0.3365638979980978,0.38423224841143555,0.37731212732802866,0.014911605532130286,-0.25234121501116313,-0.29418446504290996,0.23512931104226734,0.24022932619474502,0.048035309152482934,0.4962642774438356,-0.03136232021185372,-0.1919614353625526,-0.3237513154447769,0.001842988941405169,0.20130857968215435,-0.37175612066792074,-0.6344094388126201,-1.010323848448848,-0.8768800283429666,-0.9746013429612612,-0.5566274862592705,-0.5238972631340543,-0.5518028926951711,0.3237132226155249,-0.3408631694661477,-0.6291219703454388,-0.3027765100537989,-0.471728948446015,-1.1631205366270594,-1.2567492369277296,0.0695199761415824,-0.6065333784740009,-0.9704709292437531,-0.6915075486936233,-1.0253177753658547,-0.46324104126553706,0.34636734389787754,-0.993875174034757,0.09245496809831026,-0.5709964958330279,-0.8807720042809563,-0.3227904527811736,-1.0093546512929725,-0.1817685025568349,-0.6353015776972711,-0.12516556107785443,-0.09891648139357846,0.4994204675899102,-0.48227364762397196,0.38734908439266486,-0.788175549000042,-0.5623129423385385,-0.3190964614659742,0.20494531148908635,-0.2667320911460937,-0.48689228977335947,0.2085944033805378
0.5383692220422639,0.23296807998663138,-0.06738178951730368,0.45245938133824093,-0.17165253742210762,-0.3928820302304825,0.9980641280709189,0.3865053329584196,0.12799840244878008,-0.4976753241948142,-0.906464466669198,-0.9181268735116155,-0.9932804768438133,-0.4981314565122758,-0.7862768698249872,1.0174548162171415,-0.6321076882005879,0.24099934283338406,-0.4877510322116687,0.0898403131328012,-0.28391608527236806,-1.162925593308318,-1.0234861632730519,-0.40713450007129065,-0.9928272604122215,-0.8530449723142103,-0.19813634316116588,-0.7050996389785461,-0.7736136962716034,-0.9333740647879145,-0.8238589729263343,0.03485106320161703,0.3957089230839852,-0.02175577640484668,-0.5147622464657234,0.29719336758245646,-0.517030199202966,0.14797247431397872,-0.1688345890320592,0.26818406860671606,0.49358824311801186,-1.055210653426789,-0.3057525019387356,-0.6486788297734962,0.313400353753762,-0.11379899339953313,-0.5047973576881711,-0.6700724255457777,-0.18226379015271282,0.18558898028223436,0.6191976907457318,0.16009367181063028,0.9240046119512346,-0.05112673555323637,-0.2841410294470031,-0.3467869738034296,0.10578704599757449,0.424433322808599,-0.3611883443226372,-0.6515537302879286,-0.9855323417421633,-0.8595397833627211,-1.0175765512512336,-0.5765415641445962,-0.5904019301171592,-0.5938722884282008,0.5913910823032854,-0.36865815407380187,-0.6183555779831922,-0.18793239891892893,-0.50865670947247,-1.2456862472687469,-1.3116001392039973,0.3712273185330357,-0.5501027463841806,-1.0837345645721441,-0.4332398035602569,-1.0460565980686105,-0.7112131603137376,0.591217548485523,-0.9494817212899086,0.17793106260839295,-0.8291696058545995,-1.1331409656549747,-0.4558842542988045,-1.4273767663312669,-0.14028714674928147,-0.9527284092597158,0.05691789641385745,0.12424285829136592,0.7500019683592996,-0.13951842668842176,0.23527608218439455,-1.012044987733221,-0.563350033036927,-0.5415276548268173,-0.16585773801526552,-0.6615762226549966,-0.2989179064210165,0.35923364207908354
1.2316908236630526,0.19559404618709184,-0.05429390182452324,0.4871527182819494,-0.4330322915449022,-0.5535879220380886,1.0850032616233536,0.543626339733836,0.1712410315784017,-0.6235682326094544,-0.9337744796196203,-0.8323981801044184,-0.927341285453038,-0.4288047573162102,-0.7792612732295291,1.390008562686387,-0.7017149411386446,0.5492055349029856,-0.4662586796302142,0.40457636166599525,-0.30657002698417823,-1.3017559336173747,-1.1021038801658034,-0.4806779033325974,-0.9107761391667266,-0.9609828482270606,-0.38489710042528974,-0.6342782183455264,-0.7311400364497029,-0.9234469900446461,-0.9454033594556962,0.3587690265612168,0.4527266465733891,0.20082806601892653,-0.6747017166342572,0.6108528799435906,-0.592107329911272,0.005081609458902826,-0.5428732820530915,0.31030106179638056,0.5913033032469962,-1.39739602998069,-0.604633626754558,-0.8512917845855491,0.2220047615810683,-0.5301579991156153,-0.8799107029229707,-0.9124357393234962,-0.05339979299100902,0.21150558983288678,0.8665931310626462,0.27325601873623695,1.1439821345887426,-0.024525809976384132,-0.2985084538628415,-0.282479418087144,0.1348019222939741,0.5881474558933576,-0.28767518182656243,-0.5795857602166284,-0.7911943244508605,-0.707423650132642,-0.9505498407016019,-0.5679707046682089,-0.5844742212013125,-0.567848798020572,0.7384117678086488,-0.37663608765510886,-0.6382928595658764,-0.07871192976775887,-0.5096495738520419,-1.2019646928805767,-1.2052123111037278,0.6153035111722197,-0.4907032714684856,-1.0699968036821348,-0.1518329999062978,-0.8773337129867452,-0.8247309690323652,0.802560059973647,-0.8698273034466341,0.330618831718958,-0.9621652841577936,-1.2624122451478492,-0.5621148251138215,-1.654774788338355,-0.10788858125921356,-1.1271024547487862,0.32338213117094594,0.36041999981619693,0.9806262087982525,0.28559739964040376,0.1588422076903496,-1.0760999233790478,-0.533745969853782,-0.6814440881262894,-0.4812340618845141,-0.9018783399628681,-0.02940416139226822,0.5321711388530957
1.7309073912804842,0.17814702982895464,-0.0096129131232312,0.4659994526042351,-0.6150319158074536,-0.6349263805107505,0.9906972170132139,0.6541973379093939,0.21918695493156443,-0.6749184352786075,-0.8069528164133714,-0.6327407568054724,-0.6967277524307809,-0.30790140865890114,-0.6860498272128512,1.5379518628670206,-0.6793464246397029,0.786291083594538,-0.40233721054001576,0.7170425208205468,-0.3466325190860957,-1.2744371674473638,-0.9743138952257251,-0.5695576379287115,-0.7477984137640777,-0.9226806822744716,-0.4716125140154866,-0.4694079594187949,-0.6337164234596369,-0.7283845512403492,-0.8945035506706281,0.637401451114458,0.5164547964425609,0.34644815236322146,-0.7937698870211558,0.9170285829438911,-0.6450989391233589,-0.04201772951529919,-0.7526824884042633,0.40263461736941275,0.659318599758398,-1.5373289390139748,-0.8436478114683239,-0.9560655058209034,0.08928728951174936,-0.8324048519429216,-1.069221387466041,-0.9684382746370955,0.05363412831790694,0.27506867967886084,0.9474527663155502,0.36145769628762286,1.1419322732704758,0.023672970555194323,-0.24987422706765566,-0.15445035706761567,0.10614015939952819,0.6760883860566166,-0.1682613493149773,-0.4375226297020364,-0.4600795133565269,-0.4306210048721687,-0.7784766038134489,-0.523169552004305,-0.5065310062897103,-0.48720777618248723,0.7572434820001143,-0.3381982522763923,-0.6544311114098194,0.035148175918358074,-0.4682126316628401,-1.0447052838621849,-0.9541804535138402,0.7673851986807998,-0.430017790825169,-0.9411447937158527,0.09605724579146767,-0.564514601436369,-0.8493065318191727,0.9430120963217704,-0.7651983086153622,0.5020347562360212,-1.0008119296944837,-1.299757315772523,-0.6509338185296722,-1.6972733914152494,-0.12388515582002325,-1.1687382154951558,0.6053826024870113,0.5454959836070881,1.1410229423612348,0.7273105190136394,0.14740696305400455,-1.0158747350977981,-0.4889195287175356,-0.7634225832980469,-0.7381286173874525,-0.9928484845007959,0.26766623151018604,0.6615123324101245
1.973794241463849,0.17911029285504182,0.06742407771488204,0.3869090536576222,-0.6978029894218667,-0.6238655949342629,0.7541252417361074,0.7406964552236766,0.2741987053301588,-0.6493510603382691,-0.5516733292830628,-0.3522233713670093,-0.32663535915525516,-0.14995114496210524,-0.5264235391340953,1.469730736553999,-0.5502992117635328,0.9642244385280558,-0.2880596133989697,0.9893831687682669,-0.37071812447944147,-1.0769658911241913,-0.6570900204507991,-0.6419085403371972,-0.5415638988082353,-0.7379615591781677,-0.4627597004905664,-0.24749839272973764,-0.5041238330671207,-0.38584700977155273,-0.7252742682784246,0.821153589827827,0.5570088975682663,0.4381786242524342,-0.8696618129686808,1.1658463168793611,-0.6877187230765148,-0.012871429919083438,-0.7993223138266085,0.5179389349554154,0.677018059187858,-1.4831000642263588,-1.0000180609782838,-0.9897599127537323,-0.08752633591920014,-1.0042554495258547,-1.0611852005081326,-0.8605094010503167,0.11199057729850352,0.33088653707116666,0.8701072038387083,0.4099369574478824,0.9475421382592162,0.06848628752963282,-0.1558805951349682,0.009880321801705437,0.052017011815719306,0.6907450051836351,-0.01953294517033859,-0.24946667759863309,-0.04569656412457432,-0.058401291919363794,-0.5195572563801056,-0.4385514800161167,-0.369606900584414,-0.3704099222362833,0.6704332771429893,-0.2364918007760383,-0.6287055318876876,0.16882919673000069,-0.3798461457444407,-0.78946821119719,-0.5938758788819283,0.8182039756590153,-0.36542842115766433,-0.7195165713092323,0.2720641112097732,-0.1727478927743915,-0.836829718902349,0.9926380404860257,-0.6371030396423177,0.6458072370874997,-0.9840341772649149,-1.2759543835371792,-0.7299691467319253,-1.5787729806886686,-0.20782417962320737,-1.1003280115933078,0.8413634627177885,0.6286487967588268,1.1947666651318085,1.11865248975,0.17795881862242757,-0.8790605052690079,-0.43634157850089733,-0.819052280635103,-0.9442381711743906,-0.9669913815898723,0.5431423872024453,0.691878371915218
1.9499197207293717,0.20129003523280756,0.1797965329213424,0.26438028228809113,-0.6696536169859004,-0.5183898709315125,0.4396425177303322,0.83089703590536,0.33928749777940875,-0.5504724080454891,-0.21078885710494358,-0.03135592428225734,0.13470848406625338,0.025375482804056423,-0.32633254862916544,1.2307262907677003,-0.3202865078196364,1.1064925207675818,-0.12469466866155124,1.1948383272768504,-0.3475740059423183,-0.7280461279379492,-0.19678994041614167,-0.6680822921662565,-0.32664663770063546,-0.4245909812652291,-0.3787623282298064,-0.006032825536394278,-0.36345410977013975,0.04327561580393638,-0.501516772675059,0.8823660062098628,0.5514586596782906,0.5174840033943372,-0.8904377338307798,1.3242358719616916,-0.7244314594389915,0.05639842914352133,-0.7148112877234672,0.6197442767143925,0.6386733547923377,-1.2630546897211488,-1.0539932354277322,-0.9858134684336676,-0.2896476019108234,-1.0524017350513106,-0.8733797691755271,-0.6365689271386856,0.11160568954229806,0.3373293231993708,0.680337069110985,0.41783862799181526,0.6245667136610499,0.09202339635412585,-0.032259299093562364,0.1838040709829462,0.012485422019701424,0.6509377873149425,0.1453303509505272,-0.039371347489486334,0.3887911051459858,0.36608285646241995,-0.20156293935030334,-0.315191912399974,-0.1969451000216696,-0.23595021937755822,0.5224303604446573,-0.06955751312114836,-0.5297593392216692,0.33776062062650375,-0.2440091888617169,-0.45372191152694036,-0.17217255214590374,0.7827430048625657,-0.29191423495572727,-0.43376359520679136,0.36077513496357655,0.2259965546761043,-0.8323494512324818,0.949339019424401,-0.4801158524256232,0.7283589787493191,-0.9483707464086146,-1.2135726430628286,-0.8026855454973705,-1.3336812320599571,-0.3575361864543997,-0.9518421719126914,0.9881524315759367,0.5844021341458712,1.1263947618519898,1.4024538545836713,0.2215664686063621,-0.7148007577853235,-0.37488685805902,-0.8786203601470245,-1.1127992749624949,-0.8742385604334205,0.7609361925280778,0.5901017258136763
1.6976242447831427,0.2512779310775639,0.3301963889889603,0.1267969575321039,-0.5299709425062625,-0.32915943829561195,0.12281989989825245,0.9500925211129185,0.4150637521072853,-0.38818018259332027,0.16366472818199534,0.28887397203012705,0.6257953754555208,0.1963125334433531,-0.11247282924345488,0.8904636411072147,-0.015421954118693116,1.2402025047038228,0.07579803381970471,1.3202274574085189,-0.255625192954851,-0.26523170108353006,0.34057510663232227,-0.6278768042268349,-0.12809265262757388,-0.016154984040245172,-0.2506490066281891,0.22210314437028184,-0.2285151570964667,0.48789499667046077,-0.28339679257178246,0.8191421214240312,0.48993142576288884,0.6301079849750469,-0.839243848691199,1.3792560314653226,-0.7537915884566092,0.12289655088735968,-0.5514122236945431,0.6722257399319216,0.5540160610613264,-0.919038492390378,-0.9933285825114386,-0.9751308755400064,-0.4809618642569593,-1.0016493865681761,-0.5476344043901376,-0.3575149512192945,0.059277285346086214,0.26697258699613285,0.4458773141279942,0.39626345435841687,0.2541052857876503,0.08778742986575418,0.10926697576069722,0.3439494053739798,0.026165745509585406,0.5849117182370451,0.3165574412129439,0.17239020750588163,0.7823415983186739,0.7932450087360938,0.14264729717751518,-0.1589851135110987,-0.017770556261993652,-0.09848944520044006,0.36681119411058644,0.14801523829332966,-0.3421131141210118,0.5518404350170955,-0.0657823227118387,-0.05850871069661732,0.2583832768331354,0.6930321536666616,-0.20483627313174171,-0.11563831375420358,0.36820826440554094,0.5660016147540571,-0.8649847225366428,0.8249175803200156,-0.28743906638577243,0.7347838375846195,-0.9205512654154476,-1.1245239304070274,-0.8675910855787644,-1.000833432900594,-0.5532170045261862,-0.7562158425941152,1.0258119627022173,0.41855596344931145,0.9434678451786724,1.5397305940150348,0.25034243705085224,-0.5647935297065109,-0.2974474206953346,-0.963362948067495,-1.2561128669195585,-0.7684713029315664,0.9011287616000401,0.3517333553533439
1.2913363440831873,0.3358658228701714,0.5170652986495583,0.009331438546663453,-0.2916650991614113,-0.07944254944729028,-0.1253603844129274,1.1134828720317824,0.4968958613783605,-0.17901883277593392,0.5188425144518181,0.5727381924258335,1.0835552509834043,0.3423293930635645,0.0923653697007493,0.5258707155402152,0.322026370775221,1.3872540673345797,0.29178351639606637,1.365361258044842,-0.08778076330299521,0.26137227833711657,0.8818536339616265,-0.5149472251391134,0.04114249189943859,0.4419336124784665,-0.11314213216489911,0.41141737321493516,-0.11059027294486971,0.8810830218321141,-0.11756460587904956,0.6536736333400833,0.37776097468348957,0.8100042391889317,-0.7028441479687897,1.3365796280895372,-0.7716324332610628,0.14783670908700655,-0.3679184189354513,0.6498841453415355,0.4440863670537676,-0.49984116418506275,-0.8180885394557393,-0.9783763822452609,-0.6187342493212499,-0.8869617600139406,-0.1422668256340043,-0.08363157458284164,-0.025762650227631006,0.11341742275286683,0.2359010147101637,0.36239296902633733,-0.08486464253552535,0.060781759180211364,0.2600730697779405,0.47101162812100306,0.12048099234383686,0.5209086741652293,0.4856138223100548,0.3702259656986386,1.0861609482195886,1.175146507010452,0.47958263872170603,0.01966850591613,0.13806504958551408,0.03315788702067236,0.2522478638848756,0.3873496235664727,-0.07201170126314399,0.8099111058175481,0.14326244509310407,0.36872638989849327,0.6484916571744581,0.5872473348252478,-0.10264782602377347,0.20246472597719178,0.31557238751240685,0.7986224267507983,-0.9442650201748308,0.6387704956036941,-0.05782807997239685,0.6686639307140301,-0.9143225901964073,-1.012683732328534,-0.9188465850408467,-0.6199557329468928,-0.765698164705712,-0.5461988192244471,0.9560192860751882,0.16661039115997156,0.6734190724297541,1.514616278636282,0.2437157289966349,-0.457468812255325,-0.19533576222992258,-1.0800456948119868,-1.3797046324242015,-0.6943026286726688,0.9580646803438644,0.0010591345200038087
0.8229763885100652,0.4564440506721448,0.7304392000063887,-0.05599572147021111,0.017842230703304644,0.1968518161294009,-0.2527364929161702,1.3203335242457104,0.5731912616997398,0.0542405035035061,0.8085235100407603,0.7936584621330962,1.4543468411932294,0.44719552626222436,0.272202690199199,0.2046223764288999,0.6413271043462321,1.556748275994025,0.4954148899305378,1.3398930226627284,0.14723012091977303,0.796266923680681,1.3593025341015301,-0.3374153226719993,0.1792067820026828,0.8982165147963512,0.002161202661210868,0.5445911582952305,-0.01552568725991713,1.1727369519158122,-0.032164888484458684,0.42592547672325565,0.23311336746206565,1.0658912076851346,-0.48084428685466046,1.2148958928725124,-0.7749400325949742,0.10574963943506624,-0.2164323524338202,0.5445402209738839,0.3336640682257767,-0.05587512663213145,-0.5441083408338941,-1.0018111291931826,-0.6674640708318414,-0.7448954168625516,0.2768264688394031,0.13654157472891515,-0.11942586704570418,-0.10749301288000886,0.10137711914727329,0.3315560382820075,-0.333060112374188,0.023573989107839585,0.41146607867733986,0.5491932703746487,0.3033610087492994,0.47776205830282203,0.6423717901151341,0.5425087517713072,1.2703205354455134,1.4725707082329693,0.7787686532017759,0.20665599140638846,0.2455674042892573,0.1558641103564993,0.21062706245891585,0.6108538527314842,0.2515169643850782,1.095943139754654,0.36522455481657945,0.7919595036272589,0.9586219635660828,0.4985682095261908,0.011321032721230934,0.4896795913914336,0.2306077334305768,0.898975743583505,-1.0616261171273333,0.41149524162786344,0.19889941467682823,0.5463959583599385,-0.9314075850535457,-0.8797539673402134,-0.9478759822742432,-0.2304786443250428,-0.9661118818510112,-0.35232252274294595,0.7954284294446073,-0.11497697618197748,0.35629541486816013,1.3355344716726254,0.19287673581785122,-0.40581713147973614,-0.06275055222563698,-1.2193818964342993,-1.479152478848756,-0.6779088858637518,0.9350245072491048,-0.4152491673192162
0.38188574690106175,0.6033184774463074,0.9490586620074479,-0.05050009159536328,0.35789465581737323,0.45882049157169325,-0.23588507718283744,1.551281960525488,0.6254138832497868,0.28434139873375963,0.9986438332502325,0.9360075170359295,1.7018046914863258,0.5011364232911879,0.41845273371531516,-0.027739376618846297,0.8927630638895333,1.7405125516399094,0.6577969114165417,1.258490472466991,0.42675584883499285,1.2850213376795043,1.720641364476598,-0.11493270514070632,0.2919475587266612,1.302284835805341,0.07188327286169845,0.6118654628878957,0.054978629641780484,1.3378910579144447,-0.03678882624729873,0.1843003104258185,0.08081694518927816,1.3743509221250716,-0.19228729620940185,1.0378207351359987,-0.7652387647901081,-0.010316960670771138,-0.1326991780010627,0.36768878084788825,0.2425005921793844,0.3644913304570135,-0.20375170474843327,-1.0378570222281718,-0.6116684174869597,-0.6069007705975356,0.6447046570698182,0.2723886125526078,-0.20149336980996177,-0.3626596235182052,0.061698598607463954,0.30979586076845106,-0.4624932484885939,-0.010211070406852705,0.5508051508968143,0.5651894768747626,0.5584026053415609,0.4580071694446844,0.7732121172827721,0.6794571865375986,1.3258325515817315,1.6596975034366255,1.01502760736749,0.385290706565127,0.28906868291651056,0.27005258211103506,0.24998103642503394,0.7796818789850866,0.5808048687341036,1.3781809156286846,0.5770517884301343,1.1667661728784997,1.1629975724491226,0.4469319963243202,0.1285193681797725,0.7189770293106093,0.13892455932487333,0.867499483254864,-1.1956960439863151,0.16024648046103013,0.46004823618857177,0.38820823824661765,-0.9654383368193863,-0.7316945633283555,-0.9454885879835595,0.12842597550342438,-1.1340655047882229,-0.20158586706648374,0.5665650373617371,-0.3627211254901952,0.03531693200814913,1.0326501137637483,0.10241079392008609,-0.4087646239976946,0.10009537947359617,-1.3590554757108262,-1.5410456562433872,-0.7244275828192192,0.8378084669612696,-0.8393743375513669
0.03734978364411565,0.7521931162002079,1.1399989796942593,0.023720571715598392,0.6784832232098253,0.6633547749114436,-0.08395942412781016,1.7696512946024696,0.6300288670855798,0.4825855330889799,1.070391299830745,0.994909867499061,1.8100773451335161,0.501567360859395,0.528215411286909,-0.1544460731316846,1.0368098722479844,1.9128925447741774,0.7546630569146365,1.1354433426700228,0.7184210069087268,1.6791239774315092,1.9349345265336826,0.12653483285727368,0.3885061755339598,1.6122313090763465,0.08316577065171153,0.6097788252922725,0.10118601704574844,1.3790198754591905,-0.12622982098668883,-0.024729321616357183,-0.055786616327149555,1.6816631062413285,0.12291602514594299,0.8254265257411317,-0.750530346173148,-0.18885524743448626,-0.13183346268574922,0.14740372807611085,0.17789481535247811,0.7172163293618589,0.15672609968219187,-1.0702285313654076,-0.46373376809798533,-0.4960522000400843,0.9046202448857357,0.3117417905501805,-0.2632975657267191,-0.6117817126905523,0.10096103278154384,0.28939885502023094,-0.4795846810537332,-0.03265093259235139,0.658686279297715,0.5074650679226764,0.8450447443696824,0.4453194467413094,0.8611155576068503,0.7707302528400511,1.2622107988138773,1.725607772212382,1.169260499037617,0.5376207570604014,0.26469090449683524,0.3762930599559109,0.35358572343682493,0.8613114963224179,0.858211078517613,1.6120046112510107,0.7525497027683158,1.443940826927684,1.2505738503697486,0.4356078687668583,0.23637306377770947,0.8697413053814842,0.057350108451066924,0.7264848250955456,-1.3195247012119569,-0.10324330534524176,0.6929838491213272,0.20900946007457058,-1.0071316390937404,-0.5830469323837151,-0.9040571130327977,0.4181555183421063,-1.2621558246887148,-0.11627297786095044,0.28914207813643045,-0.5219840717214846,-0.2525290450520525,0.6519811825487326,-0.011438446315660936,-0.4553372600252835,0.28592028710836703,-1.4709011517989095,-1.5482506864166425,-0.8222647461284999,0.6695012121704926,-1.2159362757618029
-0.17325867481788454,0.8646544596304562,1.2615593587802878,0.14154771925392076,0.926466992856886,0.7704209113857124,0.1640677310665746,1.9268770803821857,0.5621648586222225,0.6226065355967162,1.020739465468997,0.9744130692398747,1.7823290050749145,0.45225441516373605,0.6010012269773061,-0.18715473009341074,1.0510791260167567,2.0349627499356435,0.7712818928877386,0.9799251980004151,0.9854246133628138,1.9391867242051744,1.9937762620666568,0.3604661024894637,0.47716262704177304,1.801089071368194,0.03302766334821484,0.5398918746969834,0.12282096301072344,1.322080119755184,-0.2861710643676092,-0.166031735562691,-0.16257406936612645,1.9142504043971305,0.408761976282867,0.5876235842409647,-0.7451829772981132,-0.4049840194722756,-0.20963551063786226,-0.07949780089706754,0.130827031379066,0.9642777313846423,0.48306377462503763,-1.0820193842627583,-0.26440859217706164,-0.4273212236220771,1.0136829687308182,0.2569083927892754,-0.312374814418706,-0.8197413346219309,0.17443565215142515,0.24898759173450719,-0.41948009608315506,-0.04615193848870432,0.7086583121282122,0.3663420782290756,1.1043919136014246,0.4070359690991892,0.8879363553423052,0.803800444989743,1.101608883358606,1.6727058535867232,1.2281283474489155,0.6458281530531512,0.18027985740298622,0.47173592472748344,0.48507437998059466,0.8356384322771365,1.027708085222487,1.746496764382147,0.8649998880498502,1.5766254672433357,1.2233612426624194,0.4528882169457171,0.3207374529836615,0.9303194626945607,-0.009446885838249909,0.512739826142638,-1.4079245254165913,-0.3720795828888545,0.8623225774549271,0.012235715296268037,-1.04893909532915,-0.4572685397860373,-0.8194064767937818,0.602704806113562,-1.3559033880353117,-0.11239113577693487,-0.02571427704084832,-0.5609427772584517,-0.4838317362187213,0.2470118732141636,-0.12569377893826994,-0.5303146767621588,0.48139126774518964,-1.5304243563454063,-1.4880245024704675,-0.952252181215055,0.42803709014323216,-1.5047426440899576
-0.24903773178741562,0.8934680195161657,1.2694392628559046,0.2589558021860347,1.053301682143342,0.7482706472218934,0.4479860984660342,1.9712905375308356,0.40046811424677226,0.683994466037323,0.8606713433628117,0.8846015619432765,1.6356700518023066,0.3612242177753854,0.6351361248070707,-0.15955638324027854,0.9337222103923357,2.062288618517287,0.7055371668226391,0.7930491302838181,1.1918754812941217,2.0371022356768096,1.9083251746328302,0.5644975939820258,0.5622610280907273,1.8607569108926618,-0.07444144672941454,0.407845620389358,0.11702922458321377,1.2074764962403957,-0.49878607074698933,-0.22260865203571786,-0.23966795799864385,1.9953379097835673,0.6033795068700977,0.3212779963968342,-0.767615107850587,-0.6289200719894142,-0.34817194865123197,-0.27788806424961815,0.07695753119637493,1.0757057413005213,0.7211728684133965,-1.0640711427145784,-0.07555034832755898,-0.4101367307183191,0.9470457465487195,0.11861384054683109,-0.3726455125187294,-0.967636967391044,0.22299138780976607,0.15844493895085437,-0.33352754448363214,-0.06429779560392239,0.6701969850132836,0.13515866889854308,1.2700508693650683,0.3013614040352986,0.8381916883842147,0.7639415420720103,0.8713883581074133,1.5129776811423925,1.1834229027634873,0.6937757321852273,0.052936472910300104,0.5476317485678933,0.5980719862446808,0.6985237849419258,1.047156304259957,1.7338139503119887,0.8901929345692431,1.5298124233953656,1.0931163066557896,0.4777121709283147,0.36901237861794267,0.899851220752773,-0.06867479376200072,0.26827923284982647,-1.4433994207278975,-0.6419474256932782,0.9394272227726647,-0.21108440363058387,-1.087844584864806,-0.3825622028406466,-0.6922117588130696,0.6529794052581165,-1.4295698928840854,-0.19757245116465658,-0.3768135806024394,-0.4790737071469316,-0.6525646107318065,-0.13084070568073716,-0.2176879906678066,-0.6197757337485296,0.6696226993903047,-1.5258401136314246,-1.360192002037198,-1.0978343013334422,0.10725353452878111,-1.6895456592101503
-0.22255860946897,0.7921445980384313,1.1254403039874248,0.32287061738714046,1.0230597391911662,0.5781861853015365,0.6989042485780776,1.85871928391963,0.13238993052825462,0.6549298359814263,0.6116643406090163,0.7383349949748926,1.39452744382448,0.23814360357279207,0.6252622479577333,-0.11711326903756018,0.7028916612865264,1.954593323778743,0.5685963348727575,0.5675555154955899,1.3074939132784438,1.957863694697841,1.7034824174279097,0.7231248151783088,0.6425950128023756,1.802242899437348,-0.23166702388888188,0.2227654385849609,0.0775947883645398,1.0782697466197855,-0.7466357490467854,-0.19867853936000346,-0.30223480670628,1.8638118240736408,0.6523454728029907,0.012135313187622872,-0.8360970878834072,-0.8352496768271124,-0.5233454930096278,-0.42435019118363065,-0.01746816595967787,1.0325341248980446,0.8260636335708234,-1.0206952299720347,0.03322281122564962,-0.4512382785667424,0.7006953255060483,-0.08946251680250542,-0.47953035718136544,-1.0588790696427475,0.1912263142098806,-0.012454773282462459,-0.27356405249863547,-0.10854473935625335,0.5147150157716535,-0.1875120905789064,1.282062804413778,0.08783740001255483,0.7031577475165882,0.6362130309108899,0.5971963562729727,1.2635284213020845,1.0319676066036503,0.6688150141048069,-0.09509922203145418,0.5889688676439965,0.6479602948758435,0.4624153624392954,0.8987989264209079,1.5396769842986089,0.8097145230147392,1.2900262106962959,0.8776998906419005,0.4871265405123546,0.37315813851519936,0.7885339942730046,-0.13595030037810152,0.031186074070907083,-1.4195911908569476,-0.9084216234130923,0.9113765307359933,-0.47749127017575554,-1.1257084570638942,-0.3842259256646186,-0.5288042282376039,0.5528354713647395,-1.4994266589241678,-0.3687898275769747,-0.7695956671106974,-0.3077670829219956,-0.7696614476215342,-0.44118720811584633,-0.2724065945852021,-0.714988874241302,0.833261267499853,-1.463626781826763,-1.1821878280645541,-1.2520640106460943,-0.2988406281400992,-1.7804012742921305
-0.15038925679833365,0.5269086415816274,0.8071806303105261,0.2845167944405901,0.819372480164282,0.25843627362383137,0.8532537002780278,1.5628528371729755,-0.2410162408412454,0.5333457443689145,0.30127037012129615,0.5483303374006869,1.084629175336881,0.09205675643850579,0.562057308136472,-0.10559603947843806,0.3927591029201015,1.6853175503669757,0.3831451194563013,0.29045907358746076,1.311428379297593,1.7013713713414216,1.4108722065346033,0.828253051787194,0.7113093699241889,1.6518734615902286,-0.430455136539756,-0.0032041950726025884,-0.004042238597286538,0.9685269565389912,-1.0140221186655556,-0.11862760375426445,-0.376698935614454,1.4907077019332924,0.5217644687865791,-0.358563817780208,-0.9634264761846786,-1.010209577747721,-0.7120037129889595,-0.5138026477379497,-0.18607206129519577,0.8305338813273645,0.7697665245069031,-0.9705151705941453,0.0008370758253643845,-0.5559560470709308,0.2926609279867284,-0.3535883786552563,-0.6705332874902022,-1.117985057044542,0.04431953353724642,-0.283893619627459,-0.2772888332280129,-0.20172286207064816,0.22345633226733416,-0.5949133821667597,1.1010767737560483,-0.2610816859715618,0.4840085679981957,0.40925367851513494,0.29829079672249276,0.9428912507942893,0.7765452046957799,0.5638874095526856,-0.24105447730511476,0.576716155870985,0.603072838723692,0.15428022914066072,0.5956991238961434,1.1528240425215406,0.6142978968722834,0.8724308221220158,0.5982042649191517,0.46330881050094735,0.33186939066225013,0.6157381481226848,-0.22974270232086083,-0.17145440062836154,-1.3417015283078766,-1.1649381673756287,0.786556172987901,-0.8018303153158765,-1.167330125533275,-0.47580582651001785,-0.3412843862541325,0.3052522220741773,-1.5765872415656494,-0.6106749482897693,-1.2092361610582383,-0.10257850041290256,-0.8585344873921289,-0.6612949403409503,-0.28797353187061175,-0.8135391171014004,0.9573027783660858,-1.3684034638385558,-0.9884998448120303,-1.418406435837521,-0.789705510626351,-1.8086883027333678
-0.09930630107880721,0.08824236126488672,0.3167293791693951,0.11294633329017842,0.44999711209397486,-0.1930076223635475,0.8655393809462224,1.0832043623325067,-0.7018026128321228,0.3266630820514308,-0.04123774657003818,0.3252664411606304,0.7292455976554683,-0.06978180014455955,0.4346034547037955,-0.16085872709246565,0.047240906924291566,1.24914644907936,0.1796434192654776,-0.051681145773953344,1.1951754159240273,1.2839609140267048,1.0623049112489893,0.87818026855606,0.7572072818137704,1.444223123106391,-0.6630401895332911,-0.255475055825496,-0.13590956526445375,0.8946251208406267,-1.2858705017041765,-0.02203209057135707,-0.4932429418356682,0.889355303825881,0.20775441655188168,-0.804236737992771,-1.1515611840943138,-1.1547667645430142,-0.8966848942536718,-0.5606767891792154,-0.4514590725075389,0.48378834626428796,0.5467428723707232,-0.9416768381199324,-0.20974615099643684,-0.726927215336935,-0.23781531806097092,-0.6596713935410886,-0.9730956100148613,-1.1818460608604529,-0.22079912659810222,-0.6570129555288227,-0.3584152817684775,-0.3602585681327142,-0.20459600350505808,-1.069123944890194,0.7195857960541425,-0.7498617473507114,0.19313588137376322,0.0801257866149518,-0.013913733294527685,0.5691514922690974,0.42773704684548225,0.37974835062679724,-0.36552810073688224,0.4924109147528466,0.4528769069448368,-0.18850466799800777,0.1824457633311882,0.5912501455388771,0.3069330503159156,0.32282866677639654,0.27738561488157243,0.39833348952333725,0.25138068941637526,0.40606009242621854,-0.3651473171676318,-0.3272775268091599,-1.223938644530314,-1.40198289466262,0.5948986015313069,-1.186503568829428,-1.2170306668968178,-0.6519104462783876,-0.14677898030037018,-0.0635258874594576,-1.661442535866659,-0.895392282068349,-1.69226616009573,0.07118642815604999,-0.947542789992916,-0.7889878480051762,-0.2774023406691314,-0.9173748378536094,1.0311003822424798,-1.2765778011360045,-0.8237687509735583,-1.6048496790537248,-1.3516120045492286,-1.815779083934868
-0.13102416520605684,-0.5011382118888036,-0.31416315152116003,-0.19473167823085566,-0.052022195226138886,-0.7377178802635861,0.7174519699366027,0.44883019529967966,-1.2143235779250448,0.050588844399909426,-0.3882821517157997,0.07740998948752069,0.3483118717621031,-0.24167390799679012,0.2349393816424722,-0.3015451696765614,-0.2871664251372115,0.6660250790389002,-0.008675991989445018,-0.4659325702092511,0.9645533730362895,0.7389445975277253,0.6851194082969811,0.8759675256684938,0.7672435945760903,1.21355829922278,-0.9210163247012383,-0.5177909944349083,-0.32132887519048975,0.8515832957025701,-1.5450370403963873,0.044516444940620375,-0.6764326939730192,0.11672231105591901,-0.26011501130694964,-1.3225338533649438,-1.387486008712858,-1.2825216182710653,-1.0671354060591947,-0.5941884875744038,-0.8158297771104843,0.026606565590439453,0.17587462436691775,-0.9625162001800209,-0.6003804129484878,-0.9605203490675838,-0.8336459506877454,-0.9905449114660605,-1.392673542921675,-1.2857389083498856,-0.5726898064262133,-1.1085898688264173,-0.503738447975396,-0.5873563387338843,-0.7470135583765567,-1.579081700020648,0.16743777325213755,-1.353563231933275,-0.14658106060456966,-0.3410167285397067,-0.3340643919018046,0.16013799393229314,0.0059285736708811375,0.1268793158097887,-0.454855515444635,0.3240778674800936,0.21140600858809977,-0.5234972947245254,-0.27058471497343006,-0.09649442277332083,-0.09479280249916229,-0.2869079489079999,-0.06076439084342679,0.295713480925567,0.14473231184934135,0.1842371611430923,-0.5484131043022578,-0.43858029918745156,-1.0846694889631847,-1.6074100079588607,0.3823156595402473,-1.612985032384497,-1.2749517627081324,-0.8852462539019,0.03431069411120835,-0.5039329303875094,-1.7411815822326375,-1.1848229704048796,-2.1993877576634446,0.1559094172753689,-1.0611004191439821,-0.8411400988204232,-0.2656841341049276,-1.0284597664239272,1.0494386331844354,-1.2252034171904271,-0.7309694898879491,-1.813729459771739,-1.952863154761837,-1.8383219853002513
-0.28838872639656393,-1.1845365476581362,-1.024263545465533,-0.60917396963834,-0.6311895485179427,-1.3189335433637903,0.4216782134140781,-0.2832973353017181,-1.7276730521690649,-0.2724046821487476,-0.715977583685803,-0.18812483859455026,-0.04008499958518326,-0.41811141983831523,-0.03650613208614776,-0.5255114020992333,-0.5681819331971772,-0.01915561385117886,-0.15129880341796956,-0.946309836730572,0.6404359665962751,0.11537886019177315,0.30023364542626946,0.8280813633945415,0.7298082282105944,0.9861499544931108,-1.1928014349927853,-0.773097536065373,-0.5545882440888124,0.8152802541235822,-1.7695089253046186,0.0375815995935798,-0.9363082084596449,-0.7345000124231167,-0.822330552063178,-1.8876351874161765,-1.6415993271303104,-1.4130400174458357,-1.2189047480311408,-0.6490143574520679,-1.2557820577892114,-0.48778078784325674,-0.3011537996907436,-1.050411911374235,-1.1335146214392697,-1.2424188979363706,-1.4260170528573275,-1.3227161257010078,-1.904587924005258,-1.4484248297519144,-0.95153128671136,-1.5911606656844033,-0.677274505263373,-0.8690632751550101,-1.3564640913633774,-2.080795136724168,-0.4901151138161528,-2.0172302712250785,-0.5042373934819987,-0.8279130142120819,-0.6587579931760996,-0.26492918045632,-0.4576546875001264,-0.1735835747460312,-0.5017210609692191,0.07191050440132817,-0.0847950828308197,-0.8090060591160081,-0.6789102640139251,-0.8358196024472783,-0.5578775667769746,-0.8697320139534317,-0.3910450007438597,0.16871257913538967,0.029698619961314093,-0.02955558010719395,-0.7734273397815062,-0.5188797346622284,-0.9405564499973234,-1.7673825762338453,0.20054833482684978,-2.039062949976783,-1.3343884513491873,-1.1293395030708582,0.18102013208495296,-0.9483673729549541,-1.7910739953445383,-1.4352816184876227,-2.692127314240472,0.11733790844481626,-1.2115211842080311,-0.8480331958898725,-0.28271202470306667,-1.1436481555930993,1.0128585184076733,-1.239203901591758,-0.7380043863771492,-2.031841861760098,-2.5429976903523532,-1.894484636160273
-0.5855822349394568,-1.8771581315722563,-1.7295708022049276,-1.0720208567141463,-1.216372066904358,-1.8672946809856004,0.019755945500363106,-1.0353520854903757,-2.1816072536193416,-0.6145678759698437,-1.0048038849674956,-0.4629355415535748,-0.41722491563102865,-0.5920258618285366,-0.3664064594454195,-0.8099911189210839,-0.7632851990829552,-0.741281010049246,-0.2257013490728523,-1.4692926783358358,0.2577172861235666,-0.5254473044779886,-0.07704714597406113,0.7437587843977956,0.6381310342459626,0.7756144369337782,-1.4610352912894229,-1.0043220044070622,-0.8179520012183638,0.7499884158584497,-1.9311484161070136,-0.07262147118956325,-1.2622333764570823,-1.55151107235615,-1.3990830868586865,-2.448318007666649,-1.8696611692082301,-1.562677002945349,-1.3502300534840044,-0.7540610852789316,-1.7231179523779157,-0.9927265568900991,-0.8246566986245341,-1.2024374016012525,-1.7361086299943564,-1.544469152654975,-1.9428898896661289,-1.6247609631863167,-2.4528215460485567,-1.6614716977425126,-1.282417716566358,-2.039179677762242,-0.8298500465820168,-1.1743619526041627,-1.964778987389482,-2.5207023924809597,-1.162031118182794,-2.6618435168749444,-0.8445311619684686,-1.3382067469908052,-0.9816797554944583,-0.6835618497567865,-0.9219865618556812,-0.4906549584448888,-0.5044415443221838,-0.24803258987251847,-0.3838181972189171,-1.0097363523366545,-0.9597680518280454,-1.5361680250455243,-1.0354466700784586,-1.338601723077417,-0.6876174652557734,0.03626134633484445,-0.07414817340351029,-0.22250254976858108,-1.020984156034096,-0.5871681087870007,-0.8013609208149114,-1.8674165378915302,0.09498552712533269,-2.40381991013732,-1.381277282376828,-1.3268435558257858,0.2750735556336987,-1.3217381213478658,-1.7793349098281062,-1.6042818409832902,-3.1152036549667503,-0.04609735585375872,-1.3936936325341875,-0.8448244558559838,-0.3539812844461616,-1.2508970834840936,0.9274948317289119,-1.320965230967092,-0.8469638832041665,-2.225833792136711,-3.0573681554654555,-1.9756850190978856
-1.004099681754363,-2.479225045494262,-2.3361467506398417,-1.5061099474780253,-1.7308377651473403,-2.3102006815157985,-0.42551554721815993,-1.7201243552213759,-2.515407704524958,-0.9444607272899262,-1.2395352485246924,-0.7347125451330606,-0.7619050952294941,-0.7535706766626918,-0.7267334427789488,-1.1150824771823165,-0.8535130872641716,-1.4234962585352042,-0.2216969630837488,-1.9933709959399601,-0.13799412347312454,-1.1158384993361847,-0.43422593351277416,0.6349716069144875,0.4929041028491843,0.5824867544760388,-1.7015377779770076,-1.1950128116060856,-1.0814188565219298,0.6193571869824975,-1.9973157746407921,-0.2934809455612191,-1.6212153000647094,-2.2215250653902108,-1.9038919540323933,-2.9335607660306624,-2.018762189645981,-1.7357838342479952,-1.458743087567232,-0.9225341030383416,-2.151990154621453,-1.4177397099656597,-1.3241442458382526,-1.391200454509051,-2.3112843498941844,-1.8247468858610973,-2.318803847508358,-1.858975088487123,-2.9574181179840964,-1.886950535109093,-1.492499750199761,-2.3803877858027827,-0.9114020574648695,-1.459444072851249,-2.4925163282980503,-2.8424375623994047,-1.7472330906234126,-3.196293596641684,-1.1320499148857874,-1.817304805327264,-1.289817248740333,-1.0692404433621712,-1.3399643636110448,-0.7865697843999881,-0.46570207596197777,-0.6035510113241649,-0.629145556547456,-1.1016948609801187,-1.0491224412382865,-2.1051770593555252,-1.4712538427890478,-1.6226158981401122,-0.9258043527977886,-0.0821651833804111,-0.14865158278046509,-0.3891893150411918,-1.2611692440098097,-0.6613595279593696,-0.6670858405443025,-1.893331756045595,0.09358589209213565,-2.640004800650725,-1.3964128674573468,-1.4217509020471795,0.3039076891362447,-1.5556149127737608,-1.6746195381812978,-1.6582006650316157,-3.4050282036313715,-0.30323714642360594,-1.5841570541123005,-0.8621229185617991,-0.4918667573526942,-1.3286910258145925,0.8045399427195012,-1.4459019810488472,-1.0298177021829442,-2.346120618044084,-3.4271196803497292,-2.046967929233481
-1.4952283963107396,-2.8940360371771225,-2.7569230575240447,-1.8306321395865108,-2.1040104187454225,-2.5836412769897596,-0.8414959582808756,-2.2548882259294274,-2.6782178959258416,-1.2291217697659111,-1.4091345807114062,-0.9856903794586974,-1.0504289915256086,-0.8901088521772553,-1.0768076264305384,-1.389948644417299,-0.835240221392667,-1.9881630358230877,-0.14404645588630244,-2.463561325875689,-0.49604927308296254,-1.5893784264978912,-0.7581655741101806,0.5164274526820264,0.30325171842981735,0.39784885307956824,-1.8849913454026288,-1.3300343383764,-1.3060430420064595,0.3981301699567624,-1.9358567998465428,-0.6051893117765197,-1.961425668404448,-2.6522598701973825,-2.2583554103695835,-3.265345145296715,-2.0368564708384875,-1.9190892545836595,-1.5392135772724553,-1.146022479779603,-2.471014118446191,-1.7006162616719673,-1.7270138640960329,-1.5678864358753402,-2.755712821621033,-2.031861332259394,-2.5043240926730017,-1.9866270353068074,-3.3297247940940364,-2.065058012788965,-1.5279255440860706,-2.550202733214832,-0.882956348401139,-1.6753525490217218,-2.8624312915605294,-2.996176620911833,-2.153447993289835,-3.533320057484976,-1.3358551747558292,-2.205937350812726,-1.562253975347616,-1.3926516994298188,-1.6645829009306552,-1.0220784206286069,-0.39143449439479855,-0.9500789835332819,-0.7716876463852884,-1.075720636792044,-0.9161885052049364,-2.4644265553556317,-1.8071054886909446,-1.6804184268254494,-1.085143399281979,-0.1712385896825961,-0.1799863779725706,-0.5291192724804792,-1.4585822370806845,-0.7525014999581398,-0.5285522686832738,-1.832285662452327,0.19972702342101226,-2.690860802511865,-1.3601283648154914,-1.3726690332064366,0.2626090837935467,-1.6029541868228863,-1.4545792263167914,-1.579260250580542,-3.502885624612919,-0.599505861342597,-1.745127915199153,-0.9179258106280823,-0.6901682571745754,-1.3495275443825703,0.6592243901810241,-1.565983766673109,-1.232458674668307,-2.3392226122070117,-3.5928436767182235,-2.0565252606841042
-1.9886063073986229,-3.0472324087241667,-2.9288938140191925,-1.9779919492117524,-2.2828934730057355,-2.6441696129910732,-1.1585935077984217,-2.575046875404863,-2.638667230488372,-1.437230904733782,-1.5070047886165328,-1.193156310908698,-1.2587643653955993,-0.9875403775657093,-1.369268007882469,-1.5810250771511358,-0.7197668208371337,-2.3685295850025456,-0.012463059955698866,-2.82045403802265,-0.7682238428078463,-1.889575197736313,-1.0325151683219356,0.4049399796019821,0.08562275439126593,0.20956904497977016,-1.9815079228896335,-1.3966466354845923,-1.4506287090624772,0.08168675245755348,-1.7227156303254323,-0.9616374127550199,-2.2205215860970235,-2.7885510935235187,-2.4052034257264627,-3.3759853076594455,-1.8843143282317478,-2.0810914128426417,-1.5828531052727515,-1.3940810344675216,-2.6175871247445577,-1.7994433992005934,-1.9678612917692926,-1.672377798775484,-2.9794175584391454,-2.1131507504259224,-2.473318858152618,-1.9757107454054945,-3.4921348459875734,-2.129890065625902,-1.3667198731526626,-2.5059694057978787,-0.7256816115935761,-1.7774370137408242,-3.01395988558508,-2.9486176688239962,-2.315166829545271,-3.6061485875942214,-1.4339908487491064,-2.450142911721345,-1.7722043537883703,-1.6249748530156005,-1.8564209678362529,-1.163165994146454,-0.29008577408373926,-1.2380433589757147,-0.7804364834472951,-0.9389326106115866,-0.5718748728222208,-2.563678279105552,-1.9922825469150944,-1.5078145528532116,-1.1529534862850503,-0.22286359251970356,-0.16078420654619915,-0.6429154107754375,-1.579434622896604,-0.861048217460411,-0.37143321713506733,-1.674209367528989,0.39074245108661615,-2.526589588150233,-1.258275797635382,-1.1638659763860717,0.15419977233192353,-1.4496879730709091,-1.1135413169435846,-1.3701596231824504,-3.369628895961388,-0.8726616273283166,-1.8327349821668426,-1.0128061467507632,-0.9235706874316244,-1.2867920495747076,0.5091045428000873,-1.6208290519178372,-1.3864626018495412,-2.1648145571734876,-3.5186162613714114,-1.9517954548672392
-2.4052890422482163,-2.9029515510132287,-2.8265087925612007,-1.9086786649460283,-2.2410042716379146,-2.4780604286216894,-1.3221139843982936,-2.6448887445627416,-2.3914529162066613,-1.543174397292823,-1.5314383390889033,-1.332299358531111,-1.3662830001804567,-1.0325526172055102,-1.558831825653635,-1.641344796013491,-0.5306618774867968,-2.5191462460832796,0.14161559083943379,-3.011906732743631,-0.9167358537055282,-1.9781948927304465,-1.237212889522591,0.3177631128550298,-0.13908207686041887,0.009026584300329068,-1.9671017414213603,-1.3861417384967787,-1.4805039178682506,-0.3090186132808057,-1.350232478626598,-1.297639599770215,-2.3373317051588063,-2.621655927880532,-2.3173994790808385,-3.225546607861699,-1.5450225122974353,-2.176892900611737,-1.5780725885211497,-1.6193201573471463,-2.5510648289563007,-1.7013188431566364,-1.9975669173079287,-1.648099356070416,-2.9239471691535606,-2.025159718228979,-2.226640948505793,-1.8090474299051746,-3.397174733726859,-2.028775286031167,-1.0246912291973704,-2.2376390124767287,-0.4453286664939987,-1.7346683563983727,-2.9152856737347492,-2.691006419140203,-2.2067677321574073,-3.3821099969425514,-1.4172858123560086,-2.5115050164292305,-1.89186006558103,-1.742420721668248,-1.8907102199119588,-1.1877610156087475,-0.17204751711478425,-1.4222705908423607,-0.6493460223137717,-0.713510233036662,-0.06859710709022047,-2.3905751413289527,-1.993203276433631,-1.137915416240075,-1.1271696057999776,-0.23705263537408658,-0.09111740719060296,-0.7288487148760191,-1.5989593360579237,-0.9759318458214455,-0.1825546378222403,-1.41380073640675,0.6224499793489708,-2.1552571555425697,-1.0877102152952838,-0.8111449214126828,-0.011709803582377967,-1.1198199235978559,-0.6673715738862237,-1.0549909469986312,-2.997809081458681,-1.070029646801265,-1.8075464095160771,-1.1293727477459539,-1.1521355173654428,-1.1229204085121745,0.371593691435221,-1.553613091583198,-1.4255798420017314,-1.811537446759467,-3.2024217184921304,-1.6972638805667968
-2.6728353688590696,-2.473038996237538,-2.4676981207156765,-1.6208147498605747,-1.9830742807362034,-2.1050191489222887,-1.3010360551102933,-2.463339027266228,-1.9591564809698263,-1.531270007559913,-1.485698883665946,-1.380835668402785,-1.359921551205537,-1.0150831293777813,-1.6118210831591626,-1.539789870873822,-0.29912433137912325,-2.423190093037943,0.28142875934062533,-3.004516859842875,-0.9212102864156593,-1.8418058526320353,-1.3505780763398556,0.2699706190809415,-0.3491604138806186,-0.20374290971529857,-1.8302754188789978,-1.2958082119820247,-1.3762671122653205,-0.7285329504474095,-0.8335275522133025,-1.5415820487433116,-2.264738660255356,-2.189373780800166,-2.0019146466742694,-2.8144006977810987,-1.034163760728191,-2.157535739226208,-1.5123076954456705,-1.7667797413576716,-2.2618022647058513,-1.4251900074757196,-1.7912531173257231,-1.4576857677214767,-2.5749918990066316,-1.744052649907702,-1.7916102446985795,-1.4903289056727127,-3.0405013831242065,-1.739298426481282,-0.55299593996979,-1.7720542170147986,-0.07149520611951933,-1.536852075511343,-2.570050366799604,-2.2428173530169317,-1.8478187637033294,-2.8700889517142683,-1.2915087286283033,-2.375162852300157,-1.8986848394382974,-1.7307501321070444,-1.7622350928291086,-1.0907937089323911,-0.048828391336852905,-1.4712648052650448,-0.3989173844706017,-0.4327113213640789,0.5091641600947943,-1.9735435727942474,-1.8011461897906433,-0.6338659133641307,-1.01724764547075,-0.2206135584612761,0.02179671976993975,-0.781080328820386,-1.5072874452058476,-1.0764947006446768,0.043584435122612473,-1.0528937090858768,0.8385571893839234,-1.6243344149742625,-0.8594003754344244,-0.3607049359083599,-0.22126938037268096,-0.672088352089724,-0.15403672679025485,-0.6757595652799364,-2.4174750267922134,-1.161960125333656,-1.6447994223154156,-1.2359682871526283,-1.329520658699339,-0.8560547505155585,0.2610196990869356,-1.3274910036594225,-1.302633682892036,-1.305710961193305,-2.6795304726648,-1.2883953591504698
-2.7394580647438582,-1.816941424487806,-1.9107031209308218,-1.1521505913948236,-1.5446137407980622,-1.5750737500423513,-1.0925566721815076,-2.0636172020934174,-1.3887604485474312,-1.3990032419266427,-1.377193901580721,-1.3242106739272654,-1.2375375502375998,-0.9303432026927032,-1.5141309384500967,-1.2687733929822345,-0.05811487410257189,-2.095358382016583,0.37340354911950385,-2.7918577065524466,-0.7830563074572685,-1.4951591702554587,-1.3536618094698676,0.27143683590950995,-0.525312206739637,-0.4178970766700926,-1.5767274031146716,-1.1305957759394094,-1.1401707379711499,-1.1141010530652713,-0.21261724970960658,-1.6310686396583864,-1.9812457221333803,-1.567126755743367,-1.497791994948594,-2.1869836724002805,-0.4001963527224253,-1.9818606817527584,-1.3745813307351173,-1.785594665901992,-1.77417063072599,-1.0177576839222855,-1.3540665625897168,-1.095181766105838,-1.9665687123773308,-1.273554070373175,-1.217639009158289,-1.0462600494452174,-2.4638437374747513,-1.2788074228567177,-0.027883792316740527,-1.1694355030354082,0.3477282992280026,-1.198167835723665,-2.017143594551318,-1.6497542316985792,-1.2993005912322182,-2.1201013533341824,-1.0769011637154036,-2.0535487883529275,-1.781354890071567,-1.5885385926992717,-1.4868639436972166,-0.8862824701139965,0.06825127144277703,-1.3741630520144923,-0.07220488218761872,-0.13478512726480055,1.0618290994757908,-1.3770217227995905,-1.4360394091605573,-0.07590837664059584,-0.8425428383157264,-0.18420855978008613,0.16502809460886209,-0.7902582756233912,-1.3121858340746109,-1.1367534749483332,0.30025403516503235,-0.602738581057286,0.9827859854606401,-1.0117932772988418,-0.5978554488643032,0.11922094415055827,-0.4587600231760664,-0.1883756035460817,0.37071798517145693,-0.2848177736681263,-1.6934248482942422,-1.147721629331894,-1.3417943634875107,-1.2936774555102857,-1.4127726502219005,-0.5028014761276186,0.18585220789347898,-0.9379908025184066,-1.0024994257053812,-0.7094207431091537,-2.0171903364928685,-0.7572805942657143
-2.584418793061919,-1.0319659915839592,-1.2422578959660278,-0.5739132588332223,-0.986471229371665,-0.9590923392824248,-0.7221972614991916,-1.5069754434723424,-0.7436886564232272,-1.1582060199631456,-1.2156635887598235,-1.1599599451116485,-1.0095793182188466,-0.7800484646839466,-1.2756589033944297,-0.8487518639173539,0.16352554038384162,-1.5798040156933622,0.3957601010953431,-2.397231438081091,-0.5262110519314529,-0.9804967087360144,-1.2357679244503899,0.32422622075320895,-0.6525243843772317,-0.6131086192691497,-1.230630275801507,-0.9037050650255573,-0.7982473996783263,-1.3977264094958344,0.4509773225434211,-1.5281271076568395,-1.4987865466665304,-0.8521921381306735,-0.8690990279706103,-1.4251376354964236,0.28027357603971687,-1.6283262849095053,-1.1585952256916354,-1.6406448539883822,-1.1431154176234872,-0.5433959988370715,-0.7236223558056599,-0.5913341188469631,-1.1757000041082182,-0.6484932564262007,-0.5690723285217103,-0.5240681186744908,-1.7467047946340513,-0.703500636320621,0.46496234400842706,-0.5125695694675088,0.7542696363213613,-0.7561952074416144,-1.3237948265875539,-0.9762894482179114,-0.6515667963677831,-1.2151879541968373,-0.8045985475201528,-1.5848404843906136,-1.543696338601916,-1.3284024558362804,-1.0993865974854642,-0.6058279830571308,0.1696466667622828,-1.1437528644207757,0.27373001577054423,0.14385886876785575,1.495353097447722,-0.6898522556106346,-0.9451075457230845,0.454202694954751,-0.6284691951666874,-0.13869962566474248,0.32208400282014715,-0.746217887142973,-1.0378277182450835,-1.1310751231869771,0.5674509203417614,-0.08561754775992327,1.0110413304148647,-0.408857156806792,-0.3366287549343835,0.5523430237781058,-0.7080978289823062,0.24373012233005598,0.8420176442701869,0.06538469627001584,-0.9140456720461102,-1.0526692151834516,-0.9206606009320072,-1.2651677732242097,-1.3713994417616395,-0.09605323317288733,0.14691075218367652,-0.41789357350422784,-0.5480001802069941,-0.10803245103212869,-1.301467461060414,-0.1681211250063642
-2.2225466231199533,-0.2357667205704965,-0.5599322913646573,0.022246859393466347,-0.38545632501433,-0.3351181914245296,-0.2399986101575808,-0.8719055917711083,-0.0932634510976007,-0.833644005504458,-1.0109395498151073,-0.900002252225937,-0.6986982025361079,-0.5728139575257146,-0.9300320763561826,-0.32821821450716054,0.3455952610426686,-0.943562565935976,0.3447453350240461,-1.870150865053147,-0.19396074551861917,-0.3625930265354122,-0.9995854774267998,0.4211455894360878,-0.7205207452231344,-0.7638840717643062,-0.8318111575689112,-0.6355347311386602,-0.39726148234485104,-1.5206710469925406,1.082807845923287,-1.230337529297693,-0.8648151875473029,-0.14486784985000514,-0.1942023283168144,-0.632328973500808,0.914349541328975,-1.1040700057952189,-0.8660519190151479,-1.3219062712109941,-0.4452147685008443,-0.0707532990118079,0.03198048381866776,-0.010288692215319667,-0.3086355082211604,0.06716323308968729,0.08337143085898349,0.01513520261753939,-0.9888369064039777,-0.09730964763721674,0.8477049151387677,0.10891886145963633,1.08975055801113,-0.2665346968155937,-0.5738004672750998,-0.29447343718838004,-0.00679355746548987,-0.25756298721422877,-0.5103825724152167,-1.026423216713231,-1.2055770908693209,-0.9759891053857994,-0.6481836928136175,-0.29370962644095777,0.2489296199275341,-0.8148737039461587,0.5788251834497249,0.37457390143294717,1.7404786532333458,-0.009318605727295674,-0.39632674735649503,0.8879143525794365,-0.40154515645504474,-0.09185387405468613,0.47520878877570255,-0.6418135203278696,-0.7198688558043075,-1.0401561122321064,0.8148138255792253,0.4647446235913772,0.9009761051702883,0.10088893666004341,-0.11089196497103114,0.8707666772776844,-0.9530738057218201,0.5501211344534865,1.197193545897818,0.3329592238919221,-0.17432489023114503,-0.9183448647289405,-0.425882055052218,-1.123651197757297,-1.1938720623436436,0.32144360493136503,0.13722753932202583,0.1669179984088376,0.002618357069474798,0.40936467668680787,-0.619433085407467,0.3962609692944036
-1.7018825256794454,0.45532733747960047,0.047083402038833835,0.5413877177845378,0.17729733914125095,0.22617665743969498,0.2862904662753997,-0.24106686968393606,0.4980666370955827,-0.45922150598972067,-0.7712286708625432,-0.5701108042407819,-0.3373781088273771,-0.32380182658889595,-0.5294876671879403,0.2215420113624857,0.47864547393383755,-0.2667933677726429,0.23640313019349282,-1.2774361785896409,0.1576456532454838,0.2799026201977364,-0.6643137525564016,0.5459202626909854,-0.723429028384417,-0.8456591993362206,-0.4291825724278357,-0.35090767450019583,0.0031872354278508212,-1.447230831887041,1.6074987377700538,-0.7749378427473171,-0.15758324571325624,0.46900134307674535,0.44664419840120706,0.08737066261306778,1.4093109638288106,-0.448784496171667,-0.5095325297303961,-0.8494973842689912,0.23378633513320812,0.3405090562161508,0.8212366806777118,0.5618676578262252,0.5184424959918392,0.78797460118088,0.6712782497853206,0.505738580192294,-0.28809185073303734,0.44631343031636384,1.0650815105746076,0.6155416659998958,1.304316044792104,0.20592877268381513,0.14633787283069577,0.32830315394229515,0.5400707268577446,0.64792385291009,-0.22723192541123538,-0.44484286661536687,-0.8005093891935541,-0.5670038335852771,-0.1878113681542803,0.0005508165221991267,0.3033539971534413,-0.43851261897005456,0.7908794468567041,0.5401498275284093,1.7657878168080998,0.575629363916527,0.1321813173813337,1.1805916771433123,-0.1847651612919301,-0.04641307935549177,0.6073358287197489,-0.4765702303666431,-0.39814709133774373,-0.8561605621831895,1.0077524206232413,1.0044158933306386,0.6568472996306962,0.46014544637643195,0.05095488262951895,1.0299767269095834,-1.176613075118424,0.6863613984197267,1.3874534080721195,0.49504757807374145,0.4426436120369687,-0.7892002081477505,0.08279611177218514,-0.8602324678754824,-0.8904346343347864,0.7057042213868131,0.14380168357772605,0.7298985202274357,0.566044130441108,0.7709385457441263,-0.041337914046488,0.8531056266737406
-1.0947943661135096,0.9476305332263145,0.5142091819128947,0.9027984889697885,0.628367835041781,0.6734782505934325,0.7800944953908188,0.3115244027481706,0.9795967592494512,-0.07267054290425527,-0.5027943254006345,-0.20643726308382515,0.03604525580562961,-0.053627095129223555,-0.13574365109922146,0.7167329025194709,0.5634006154123257,0.3683573862119894,0.10298815829862676,-0.6911579788236509,0.4686412500605509,0.8656158593620574,-0.26554283518625804,0.6750713019515602,-0.6596876869246421,-0.8410776732473867,-0.07166185909389115,-0.0750913951514584,0.3418843278141542,-1.1745493744579554,1.9615217562821017,-0.2344230591159857,0.5252765687544155,0.9302915559935365,0.9832314371575708,0.6501982346764523,1.6902596436586694,0.26821954256576686,-0.1138276022020054,-0.27297499742608833,0.8125208358102023,0.6496965942681182,1.5412154332451884,1.034307569967096,1.2001328020091462,1.41958931176587,1.1363936429089818,0.8879637462397465,0.28054326757708803,0.8448134882452616,1.0932438064661765,0.9522296822497067,1.3631373768093238,0.5974155145981652,0.760514022991718,0.8397934249183422,0.9176751843424171,1.4097042298669071,0.02122392053257258,0.09552489279411101,-0.3704836605763332,-0.1427986146496268,0.22921836646128277,0.23089909623551214,0.3334701933599098,-0.07271814761723534,0.8739003613995503,0.6357058105938386,1.5814695122720104,0.9983246357624472,0.5648302143327458,1.3162827738445864,0.005512632317542541,-0.00019174432577543732,0.703471076956491,-0.2589681978562307,-0.10894143194512186,-0.5859709122289684,1.1151310186957377,1.4824367535468481,0.3085728119444961,0.6490941898346028,0.13429636793805252,1.0186275042976884,-1.3598983498869106,0.6467903277976383,1.3873776991313438,0.5518973000744128,0.8809080961254688,-0.7002370610716034,0.5405130071348045,-0.4880792774711159,-0.49188149433001555,1.0196604884590288,0.15087043206938097,1.1818159900277747,1.0498873096390122,0.9386390440903118,0.3925384474827799,1.1384560107862218
-0.4842493910223343,1.1867228480360945,0.8111304777277623,1.0543441276210441,0.912783416053127,0.9816306532606679,1.1661610325038738,0.7308399219749424,1.319926370790526,0.2900427993718854,-0.21134568633230802,0.15034253819591087,0.3824046306286482,0.2136241756163528,0.1914987667709427,1.075133114058867,0.6080596641997462,0.8885024396056551,-0.01522123457592109,-0.1762642332723912,0.6847651435818832,1.3224239566597562,0.14859858792417532,0.7812251116567731,-0.5329626189085472,-0.7449209506240135,0.201567234073438,0.17039534246288127,0.5681563450974528,-0.7359413050805756,2.1039452789640647,0.29592112153702377,1.0833187798744375,1.211513545201131,1.3649044097612826,1.0082706492609532,1.7150408423127832,0.958056132538469,0.2854535160084868,0.3356333121953577,1.2262592236729548,0.839786989463298,2.0930667313862505,1.3305883125678704,1.6596918568604542,1.8744172855741013,1.4370539365845705,1.1174153110258136,0.6793700657897063,1.0440259623841104,0.9411489194191627,1.096834387324769,1.2500283795779863,0.8553983704308263,1.2131555265830778,1.2094782604475425,1.0887726885790314,1.9620172747190459,0.2243403886056945,0.5427112010199657,0.04085548566489856,0.2548479011005518,0.5602316943454443,0.363332353928815,0.34211136591940594,0.22799931889985853,0.8125069823179855,0.6672026039451897,1.2334472183348555,1.2228450578638386,0.8410050388202674,1.3061602718628555,0.16063254290511306,0.05173170781374019,0.7516281988703474,-0.006671191830426947,0.12127910897806234,-0.2517709139436543,1.1164102354106322,1.8460028399368908,-0.09475866586243413,0.6862704498079873,0.1419380050740505,0.8606368626493396,-1.4823899773941733,0.46426064913746723,1.2001793762099093,0.5253879033250599,1.1199582992334356,-0.6689733941452288,0.8884413856467264,-0.04228764249325354,-0.0446764067696203,1.2385917767475767,0.1437598999932584,1.4501644237882303,1.3710272324819994,0.9159548232530191,0.6770258987724846,1.2210598495698999
0.051962542150512485,1.1661820238120835,0.943110732809081,0.9810675146722215,1.0021012778239795,1.1520929676445661,1.3812172535357938,0.9873096151306797,1.508726988437522,0.5993645688458095,0.0953515546370886,0.4620531339363111,0.6670286224109742,0.45342098975822887,0.4062390894389811,1.2317567718410667,0.6246364740819444,1.238045581261569,-0.08045946858352408,0.21951597887776902,0.7663612430075852,1.598349918171234,0.524580437196949,0.8373362443107901,-0.35405156394368087,-0.5665752410978419,0.3693329804712141,0.37103123998018334,0.6522469288957197,-0.19657583038439957,2.0228840786051983,0.7161684751496195,1.4320923287133682,1.3144751896911084,1.566239552555456,1.1561634223000827,1.4830566245236718,1.5279865520378113,0.6466056684071111,0.8942651908305493,1.4360177041132145,0.9163740084775228,2.398456968839684,1.4053509321912931,1.8606337454371902,2.0877171963354124,1.552765777485935,1.172446642331499,0.9124266235343211,1.0288089704847512,0.645061046441262,1.0614223345373455,0.9685350237929488,0.946880462370222,1.4751983417405201,1.4302383036731698,1.0534763066634643,2.272297991263084,0.3840464695237118,0.8643406284909267,0.39525189288934226,0.5890611016563807,0.778670250975428,0.38297363858315975,0.333407702482461,0.4228505116634307,0.6122354869499183,0.648610550046019,0.7903091916460463,1.2460202980212622,0.9251182461848609,1.1817885962787766,0.27887148722761007,0.11338137393751116,0.7436544828814978,0.25534428367209633,0.2792702919444827,0.11136381540003935,1.0062826687019786,2.047321377267771,-0.4953129862524752,0.6194525726115795,0.09330681550982044,0.6090003225934418,-1.5234855063536128,0.2007000396608393,0.8576129886622597,0.4522898120770531,1.1745164365168743,-0.6932661549862628,1.0838639428219599,0.4249081297636247,0.3965882526341236,1.3516841375247113,0.11210739512256017,1.4954866277171592,1.4725882234259504,0.7452982259331324,0.8381483680548488,1.1081718571094505
0.4556531085659229,0.9270092011773226,0.9443530976666097,0.7069538534622483,0.8988147250021785,1.2075852029924286,1.3841371832535667,1.0789278298979976,1.5550677496684315,0.8349613733271002,0.40480780867103,0.6996075095979084,0.864534346849775,0.6447540875952058,0.48567470669502905,1.153098847511764,0.6255833056708071,1.3857253126358648,-0.06732861383961772,0.47178098836299176,0.6952193592641069,1.6694840903541235,0.8125703771613492,0.8211478426179155,-0.1428165268562424,-0.3295237530919105,0.4333362770784055,0.520679769940357,0.5915045551077414,0.3579021542085855,1.7364049508886408,0.9417418035989616,1.5203318239039996,1.2627989036167084,1.5882118390780706,1.1273925787990355,1.0359848967004217,1.8997084573122711,0.9293835714858457,1.3264807204105844,1.4333604665119357,0.9017963283532995,2.413556063558066,1.2547297421405728,1.8101449342120455,2.030859387642438,1.486518742979786,1.0583274853980456,1.0193156759293336,0.8249449469006582,0.2584199493261218,0.8868124184312618,0.5413364678357834,0.8637067150540044,1.5456618857338553,1.5153552758018811,0.8457762518893633,2.3428322566477364,0.5105871778524854,1.0506481596568686,0.6656475489089998,0.8325465375083131,0.8779132611351093,0.29835457507710617,0.3124362066840979,0.4926193251366356,0.2966758504082543,0.5988596778279843,0.3273350140152013,1.0937737188985461,0.8126779936764079,0.9854257817446753,0.36356775530018104,0.18402966358863998,0.6762517345693929,0.4982602276790736,0.3651479396623188,0.4606008639192048,0.7955385021098336,2.0513143403829877,-0.8383029377609074,0.5099005308897817,0.019407543383292505,0.33283264845183647,-1.4658942130034578,-0.06890732988086026,0.4146350260908843,0.37397092061975556,1.0867408222726527,-0.754487328103033,1.1074106296471924,0.8528804389732031,0.777921141949093,1.3599808881595612,0.05142849419945845,1.3207129001583677,1.3360271172599436,0.49633934917308176,0.9216479277209981,0.842421377959517
0.698045171000848,0.5482486455004386,0.8657197691142904,0.2901566115602744,0.6363984100998543,1.1828877595246035,1.16414960423627,1.0292348731248504,1.4832046872535474,0.9863706258682269,0.6984838840639201,0.8475765187808427,0.9622487460323809,0.7744362074160079,0.43536985452263266,0.8466727233050453,0.6215423055840613,1.3282554440721968,0.030817699320818962,0.5809755217388686,0.4782729424418934,1.5434158281579324,0.9756024371044697,0.7191464590411317,0.0713733706407273,-0.06796573571365504,0.41825884767806853,0.6207965376819068,0.41085652580089743,0.837585813859395,1.2879422610123283,0.9208325072733752,1.3415504997032086,1.092474208734521,1.4550295531291808,0.9824068175937094,0.45029157230174127,2.0259960199036406,1.103665978441092,1.576936446091269,1.24046904752244,0.8264634730488929,2.137317418178968,0.9180063296402352,1.554254033552953,1.7186365422726002,1.2644131846052675,0.8075233425864837,1.060616828303265,0.49262625791530407,-0.15989531625758854,0.6322803615260615,0.008612419496551475,0.6243426607307548,1.4492685435243793,1.4921402149108214,0.5251266988722624,2.2070812871996783,0.6159255885324142,1.1132022525111007,0.8396079717347623,0.9708364410181098,0.8719061276621906,0.14180474466555928,0.2856678150000154,0.4435642507546589,-0.09718362685696844,0.5392624893281353,-0.08783588222407561,0.8137479305236933,0.5314224530513644,0.7599597391760848,0.421038125475781,0.2555270339369852,0.5521943223002574,0.6937132919966386,0.3896917078610346,0.7523499371459675,0.5080059032033117,1.8428752891796638,-1.0823446045261444,0.4150223785127729,-0.04507670420554599,0.10087120274009824,-1.3000157170127389,-0.27485489059941837,-0.059934476160321264,0.325282984030629,0.9137269802462961,-0.8241383048892404,0.9662214112145879,1.1835380420619632,1.0541733492859537,1.2721726671766878,-0.03737353084961618,0.9712042936658203,0.9856980194357688,0.2488494779791353,0.9774724741134893,0.4912745710529575
0.7827165776283871,0.1309131319389816,0.7603239377855608,-0.18707057612882494,0.2746556818262006,1.1145557968473836,0.74520026493079,0.8818156094006959,1.3269576236888219,1.05181503674499,0.9528454980221016,0.9056678203118268,0.9615930825251562,0.8405952405195243,0.28864647003500077,0.36298182831664627,0.6204051109060662,1.0907454171341855,0.2005867910349049,0.5696712363046881,0.14737348987881377,1.2574057919766803,0.9968156958499723,0.529316963647039,0.25202746745198173,0.17881959368136227,0.3667928883710549,0.6778936008381294,0.15732967512465768,1.1659454168178751,0.7375413151974813,0.6453671248219983,0.9369473041658658,0.8434949859343958,1.2076878447529615,0.7917705405504141,-0.17674253499860704,1.9014327463272689,1.1567227538589024,1.622889077184862,0.9056704650468408,0.7198939974758568,1.6119678066639909,0.46999452506052114,1.1664121021397538,1.2084270391612564,0.9323317404624919,0.47567878538185937,1.0991684168787348,0.11349934953430926,-0.5561090649686402,0.3630629320553962,-0.574624736173155,0.27192384773359307,1.2308945180026243,1.3941183230410918,0.16529108072154622,1.9217871435614817,0.7071227865961098,1.0800974630926503,0.9197580650202994,1.0034708353155992,0.7921939861521168,-0.03480542484195986,0.261749978675208,0.3063344521087633,-0.5242721240795705,0.4914121205492001,-0.40467334401058985,0.46639732939324796,0.137243717781117,0.5408017069233105,0.4589629455147019,0.3119238829742181,0.3813250771229319,0.8181499059879971,0.3699019730461787,0.9498288492208251,0.17459272542427745,1.4321445087475493,-1.2061053841134672,0.3745185955951913,-0.07035248505836993,-0.03439341616930429,-1.0280165560874643,-0.36860522909230314,-0.4947339216866542,0.32564757020773266,0.7140430087311335,-0.8715788595456951,0.6924726092015532,1.3719732971050682,1.1952873214759507,1.1002234485973377,-0.1501032782699895,0.5253441422853321,0.4847195803735116,0.07458388909085177,1.0447056329654878,0.1322035588525344
0.7411457760232462,-0.22163326072473555,0.670752032916341,-0.6320477252769247,-0.10946477307406632,1.0322967216759997,0.18465692541919684,0.69213542289341,1.123751192081231,1.0360183914950973,1.1429935043848138,0.8869011348758269,0.8771130743052613,0.8539868340892095,0.09985893716937698,-0.21161116541243785,0.6272690860784526,0.7235841439077042,0.41237196941413573,0.47656468024419085,-0.24518123626739274,0.8715182983485822,0.8831293398432354,0.2621980799668298,0.36118147283691593,0.37335757020147886,0.33043332893718863,0.7003083015045484,-0.11020978360041205,1.2950499905998385,0.1511265190113633,0.1531207735832287,0.3883569422962913,0.5544983618254177,0.8959322208218177,0.619114265545684,-0.7444334133141652,1.5641798849757222,1.096662861624593,1.4786319799607668,0.495122192150092,0.6038125489907347,0.9155092561801589,0.005694282269580544,0.7323107138720382,0.5906801103275177,0.5497427661213977,0.13330503712406294,1.1822990824532744,-0.22585914858018527,-0.8890235995938793,0.1382361587056362,-1.142865956339217,-0.13137893915024176,0.9477624244860425,1.253800560275004,-0.15770311051279173,1.5563978168070711,0.7820573709925661,0.9889597587290745,0.9213002885749354,0.9428283644502812,0.6815094422152427,-0.16905984951652117,0.25172831497730824,0.12974301137568578,-0.9368767216620485,0.475039906313316,-0.5933419114170358,0.11619350830547398,-0.29468801761749314,0.35125773306262675,0.4854853738231655,0.33181781721108367,0.1806317917772412,0.8566413561422911,0.32418141302158565,1.0297394595441969,-0.1736903426439241,0.8563792931038666,-1.2100420436008936,0.40341834352728007,-0.038406315263753654,-0.04793461009744534,-0.6661365187176183,-0.3322706890272551,-0.8269369867620466,0.3747978139871294,0.5366501246354728,-0.8709735230247755,0.33748186503248373,1.3943654753984207,1.1896013069461882,0.8565878281893741,-0.2818132996324798,0.07772710381675586,-0.07721125545165065,0.022387367558449455,1.1410726489905123,-0.16282921022854083
0.6222677458116992,-0.423274438092593,0.6209367168379557,-0.9570927880885856,-0.43469114758880273,0.9540037086239137,-0.43459370975515793,0.5176941885406137,0.9092037083468245,0.9480417413919139,1.2480569132529769,0.81316362160895,0.7333055222950147,0.8360801086859151,-0.06742397870414112,-0.7705897393802897,0.6446305090121804,0.29563256252079,0.6278609383135334,0.3484198510335989,-0.6350157354138378,0.4579090087885366,0.6644352297524565,-0.059958130156755766,0.36746974149999156,0.486841345070981,0.35788754839536774,0.6955049218893885,-0.333746298782282,1.2149564162621989,-0.4097807721331604,-0.47940997552786874,-0.19770040289190044,0.2607274116946297,0.5704430996328668,0.5080154471286946,-1.165977893456124,1.0879292384608596,0.9506637610393014,1.1914679617955852,0.08181959558708035,0.4888630003593789,0.14794093018581053,-0.3795292440836681,0.33415550275196243,-0.027780166984038988,0.18122857157941766,-0.14612056944070737,1.329511178143441,-0.45088704654153583,-1.1337034042403844,0.000981703643867768,-1.6268494485831464,-0.5133444713346909,0.660358385553566,1.0976485114644015,-0.3771867721212653,1.1815530171272424,0.8290792486854335,0.8792849207404723,0.8673335218481261,0.8108412801156115,0.5848003514181372,-0.20078734466488418,0.26786186748698815,-0.0296743661727326,-1.2901270424359597,0.5052937256654905,-0.6434588595088705,-0.17625070408343607,-0.6824540856692795,0.20180981866494174,0.5088206661928275,0.29304095133798175,-0.027219799280225693,0.8056897132650931,0.268430486408317,0.986724308354813,-0.5116088965547843,0.17746288374613334,-1.1132914245501135,0.49292742197687617,0.05359537451293525,0.054021411975293185,-0.2441255228182612,-0.1795663860413702,-1.0111796116122826,0.4543351931034809,0.4142606237483842,-0.8063254524152389,-0.03758200467333183,1.2514351380262985,1.0440239077766846,0.5538979723163485,-0.42844163703361177,-0.28126552980908115,-0.6015997742456234,0.10944330268016447,1.2596725887417595,-0.34040777710272546
0.478977268017904,-0.42131108389663,0.6141872526600517,-1.094677888487495,-0.630121257175948,0.8851912110172512,-1.0180555142426388,0.4077340436150488,0.7128819662075764,0.7999148986866297,1.256747188058282,0.7094418390232491,0.5598487585289377,0.8137557931095544,-0.15500274208948148,-1.2087213677569133,0.6722957153415234,-0.11595192619427892,0.8089559935423906,0.23124898789413978,-0.956791347456068,0.08819384830606769,0.3882746116535935,-0.4058138978270803,0.25466463328025263,0.5046032761687871,0.4835428824261888,0.6687897511664809,-0.46829589971471064,0.9550631602139992,-0.8959230271679384,-1.1517602752789997,-0.7115814929029414,-0.005781620159098297,0.27659305516894955,0.4755015386413642,-1.3823828652814807,0.5657676425515799,0.7582017541948728,0.8300702374775905,-0.2664548165030562,0.37533639844378924,-0.5857850962190646,-0.6099656511210161,0.037248352499595946,-0.5443040750731966,-0.11316495782010927,-0.29997147202678104,1.5284446352040633,-0.5133855382590728,-1.2816288241833598,-0.02748326897094205,-1.9628319151426095,-0.8032051167534382,0.4231587938542326,0.9440023871251845,-0.44603938541371085,0.8583596749895582,0.8308424603823876,0.7854415253539788,0.7831323245869981,0.6343420575944567,0.5393265487741236,-0.08647768922559196,0.3207474483192145,-0.12031729059820089,-1.5474604231487683,0.5893836307451996,-0.5602769553080136,-0.3609973476266044,-0.9517045705759696,0.09266588896045783,0.5368851079039483,0.17860758089473447,-0.21709316127778308,0.6745590955863087,0.21390655796723815,0.8346363983396812,-0.8228246095237923,-0.5251810815090445,-0.946913461854916,0.6175914601534965,0.19413911248076832,0.23835830914070774,0.198474016822459,0.05147039213321963,-1.0251360692197924,0.5345757318060489,0.3615473112202612,-0.6741494638343796,-0.3726647641188826,0.9669781799565974,0.7815964622531753,0.20686134938097492,-0.5866691250287949,-0.4848585040820257,-1.000725320923031,0.3199219322319023,1.3734154138477521,-0.37406365626041066
0.35515274029862653,-0.20637896798407304,0.6370220665389721,-1.01006755938546,-0.6492245174414113,0.8222131028098176,-1.4771721507779259,0.394027243036717,0.5555368559146868,0.6062815861065673,1.1712238253537253,0.5982067829385093,0.38615909751542427,0.8116311934828117,-0.12416818468234755,-1.4445301221176763,0.7068875168497091,-0.4381870966283106,0.9257480688621129,0.16201747443274508,-1.1561907294466758,-0.17881819641066315,0.11086312699967929,-0.7390226106128336,0.028200797903284707,0.42898398311618213,0.7184723051434146,0.6236207860864731,-0.49082740268407543,0.5769935129185486,-1.2746755616954675,-1.7587204985177292,-1.0629031515508096,-0.21563922799652355,0.050331990751044164,0.5128532421989184,-1.3708049792497463,0.08984865599829524,0.5611203000891409,0.46818377908521236,-0.4982835733361495,0.25715703086626496,-1.1926336478580486,-0.6454055146220494,-0.11913428353426886,-0.8804008712414166,-0.2873021974825766,-0.289622093173956,1.7396809098943888,-0.4006988987951636,-1.3381855927605575,0.05025896857199514,-2.103364067505591,-0.9441479612553834,0.2763498712916789,0.8037290439927312,-0.3444077473177088,0.629948331232732,0.7710950738514644,0.7312823716149236,0.6906878540640571,0.440098829949199,0.565948896993675,0.18787075548855886,0.41529987883783737,-0.10764611975238232,-1.6856344820306568,0.7232625197462943,-0.36061105726852244,-0.404622877936484,-1.0493507177630412,0.01817808387882043,0.5764420464659905,-0.01753411039926264,-0.3659078518385489,0.48465648153720825,0.1670104907729667,0.6042028938023102,-1.0995743921198735,-1.1656331727795002,-0.7454618011931419,0.7456792204102117,0.3618922987100344,0.45604477812600663,0.618495517066286,0.3114051724251462,-0.8713710872076139,0.5845852450149452,0.37722298784294345,-0.48377361307900296,-0.6193656431417727,0.5822832753277626,0.4373589319014114,-0.16486219763440008,-0.7520315345949584,-0.5038252091425843,-1.21472867108527,0.6106229379557395,1.445401405816976,-0.26706596359101037
0.2763935589469214,0.18574492851682797,0.6668330780450481,-0.709091740535373,-0.4802019636889548,0.757583203939307,-1.7468014308189859,0.484425494891167,0.44785717296476973,0.3846798686119547,1.0078560649885226,0.49523947597837975,0.23632694744847219,0.8440852769997997,0.034093801148939944,-1.4383790588462522,0.7413045419253244,-0.6151681259904787,0.9617741594432214,0.16212098914031406,-1.2004656896159027,-0.3068114474745265,-0.1138958264733653,-1.023252526171421,-0.2825421133943552,0.2788810083375868,1.046009970758465,0.5629941560006038,-0.4040453674971875,0.16054677161354788,-1.530842283856072,-2.210054417023761,-1.1986357560897491,-0.34290952058141,-0.0840275587605451,0.5924465429917873,-1.1463368330007784,-0.26810083008671276,0.39341696122933323,0.16791272696071236,-0.586868810353221,0.1275461383263186,-1.605148447016081,-0.48926484384339675,-0.12561421990079785,-0.9967041047158014,-0.31648855151069677,-0.10990073063367732,1.9086916990350946,-0.13791907757648447,-1.3185810805092473,0.21018749903669032,-2.0273929339415555,-0.9046329622439325,0.23973611890462487,0.6825055604400531,-0.08376036279434397,0.5163854796165182,0.6421514756379866,0.726932211877308,0.6046838676072744,0.2506217219241514,0.6637771729683843,0.5990450661207306,0.546893068336883,0.017149180953185645,-1.6984024293489501,0.8896159715543596,-0.06998247736916637,-0.29495032028796875,-0.95402847373677,-0.02854268360324596,0.6315474086750072,-0.2864121325648654,-0.45746503472457667,0.2666657339955519,0.1304804800013227,0.33736332641119543,-1.3393821083792643,-1.6649382623060776,-0.5391291962026513,0.8492557622959163,0.5322941248685994,0.6563818404997819,0.9762702218422543,0.5538693647846368,-0.5757676978303693,0.5823385043107328,0.4482573788775531,-0.25549502634074084,-0.7489958912345621,0.1481558107630378,0.05345312083496084,-0.5345271368901469,-0.9162445450923171,-0.351779060572796,-1.22247472425396,0.92185537789872,1.4418298333280386,-0.04969069195291659
0.24648577919413295,0.681034234260888,0.6805765938426851,-0.2390486824624724,-0.15003354029603813,0.6852861884625356,-1.7984799151097608,0.6606934116089993,0.39059668331474817,0.15570214646305372,0.7944535606296972,0.4077618062793343,0.1254416826727694,0.9095765612996423,0.2956629969135441,-1.2014937902960592,0.7648549830760928,-0.618991833785642,0.9157766952539041,0.23374747097557794,-1.0852797469111661,-0.28733138226111565,-0.24525426288456278,-1.2275042410961763,-0.6274891124914231,0.08600191423910336,1.423116377317032,0.49100074806952393,-0.23441227934419157,-0.21402330037724046,-1.6645698736173593,-2.4467258135507537,-1.1127789063212974,-0.3681779116497862,-0.11484622375074266,0.6780332888844752,-0.7574674368218379,-0.4706177565760397,0.273749847239207,-0.033078465162756726,-0.5337742025698328,-0.015541333110617398,-1.7898698376812563,-0.18700910273081378,-0.0013301709408139557,-0.8994956044517962,-0.2017756819940122,0.20785893138082684,1.9815603067817795,0.21757537339378621,-1.243229975672173,0.41280974040363694,-1.7469189367165285,-0.686049790803032,0.3098890048995482,0.5832997453220065,0.29386701677601484,0.5135093664749771,0.45048460872570556,0.7680563014985468,0.5307540762382402,0.08159187622598488,0.8098347458645003,1.0870316350391034,0.6993255810326939,0.2343129434952009,-1.5977760145100635,1.058614918732671,0.2788059147454222,-0.044091832028499596,-0.6810362616209769,-0.05226599626179237,0.7015637682219615,-0.6027804901180099,-0.4861778820181401,0.0555939283356623,0.1050648856590022,0.07931302605639673,-1.5402232289627504,-1.964649560137546,-0.34843261860483243,0.9110739669902769,0.6840129131923908,0.800360098139532,1.2419096786949542,0.7471677568158539,-0.18317239391021095,0.5219022552797963,0.5545024899308318,-0.016971860977428872,-0.7565850804293927,-0.2834098964637697,-0.3258647434905371,-0.8685116406798659,-1.0652235031385227,-0.08051752625254742,-1.0438543612692934,1.1909493882240907,1.3434635521905463,0.2281358828524796
0.25003957919936876,1.1818851626340512,0.6618416785416313,0.31832353439743727,0.279416246454814,0.6042489529879028,-1.64605728890871,0.8815775223839483,0.37584972603279365,-0.057755566318558445,0.5646913312435726,0.3351603686290955,0.058066650291373506,0.989508437464037,0.608018024367111,-0.793365157426592,0.7647816248031963,-0.4562265116902866,0.8001858306706425,0.35989910154370314,-0.8361554246531828,-0.13990331198274367,-0.2640412012597615,-1.3309325935087066,-0.9445974101210458,-0.1113976311072013,1.787678533138597,0.4136823073301095,-0.02508166192294362,-0.48317041043182873,-1.6874861126432814,-2.450413466407804,-0.8455010807476739,-0.283530786777753,-0.04376810770046761,0.735397427417392,-0.2763694700195783,-0.5193610894985634,0.20281058801681065,-0.12728548561365183,-0.3673337229622841,-0.16592955686814,-1.7497011539302738,0.1850285100260271,0.21196269693702238,-0.6372460890072777,0.029886432540249447,0.6006861944028474,1.9203549438988865,0.5885122198695669,-1.1334476185937425,0.6116444534068269,-1.3077580505405837,-0.32453475511768465,0.46123267016192504,0.5078467158372324,0.7220966214125613,0.5957141646924864,0.21839955268068983,0.8377004366850341,0.4663629621807226,-0.05866891751861375,0.9643447707274969,1.5648699070577852,0.8460029348935652,0.4996328881224354,-1.4120652458618086,1.1924114650609448,0.6465519667422456,0.3111858171149408,-0.280308785281987,-0.05439448824638776,0.7794905718975172,-0.9273873749826571,-0.45838518255873567,-0.1155022277141427,0.09075810423269144,-0.13011784309330918,-1.6960593391974133,-2.0376948262972205,-0.18261305603225175,0.9267936479016294,0.8032282323286388,0.8693670235901364,1.3992500318621544,0.8796872889558043,0.24905940539806318,0.41545256785560475,0.6725820070943229,0.20158421452418207,-0.6600857398126095,-0.6661899686427737,-0.6589762576242418,-1.129770031831625,-1.1791934292871118,0.23362427141989922,-0.7331521072988989,1.3654970011059009,1.1523402705862547,0.5073618600147602
0.2601992474854638,1.5871145048872672,0.604611008530636,0.861404556138414,0.723204982632238,0.518981365982435,-1.3419668985371276,1.0911166767210727,0.38923356636042533,-0.23263999160225118,0.351314983263958,0.2719205989802844,0.029154398053013526,1.0526705168978012,0.9025110540465839,-0.30783880338528596,0.7293876505926249,-0.1679451252960969,0.6372478816382545,0.5082881038690155,-0.503856311348518,0.09304717916818225,-0.17671924523472357,-1.3263192438552243,-1.1725549011903227,-0.27598648172096035,2.070668990038426,0.338696320977548,0.1745442965205965,-0.6125433444433895,-1.6182294111625357,-2.2445018378406814,-0.47210563257939425,-0.09786112158099254,0.113801325703686,0.7407270951973486,0.2142073489534317,-0.4500710419011192,0.16615812067818994,-0.13488699314754854,-0.13593785704809483,-0.3088041085199484,-1.5205148296908573,0.5380903482383715,0.45906040552433236,-0.28794013537388397,0.32994933890524003,0.9864507762872554,1.714297773636597,0.8947719223120578,-1.0080077740546274,0.7627383380398283,-0.7831769182759288,0.11428557613179893,0.6511921132404045,0.4566076826088165,1.1216368539278783,0.722168461693924,-0.01911153475276101,0.9105136573166318,0.4040037493631803,-0.16783150668183608,1.0808146521313473,1.9368236105541177,0.954819335075307,0.7548646227665624,-1.1805602346207436,1.2532328041771332,0.9893933461601262,0.7128654503757906,0.17270806304595188,-0.033923622213245005,0.8515958465308187,-1.2127733137629666,-0.39053778706411124,-0.22182582674525328,0.08708739938131695,-0.26387660001415686,-1.7946141008652492,-1.8939576836365701,-0.04178566436195582,0.9026584651008431,0.884550698162059,0.8670143493912238,1.4467202505849606,0.9578790470822889,0.6590021830863138,0.28951330577072676,0.7787278445211637,0.37264995752154373,-0.49503027251135795,-0.9643752172117669,-0.9113137594083529,-1.2843376822957728,-1.2356121510029336,0.5092395850768121,-0.36519583559349955,1.4136481190135222,0.8920316838920533,0.7316492394639446
0.24913184972216143,1.813538629585775,0.5133597558454683,1.288647643617098,1.091079041032416,0.4374927930598728,-0.9646167682077252,1.2310404704074478,0.4127497468550977,-0.34920039779307493,0.17999128213687715,0.21176639860072777,0.02708998986162226,1.0645203589661496,1.1114451319902812,0.14896197586476032,0.6521503765361581,0.17761450583525545,0.45403031574215547,0.6386208550679944,-0.15425665667969865,0.35544069004598206,-0.01389735036165129,-1.2214138229755445,-1.2646832999858661,-0.37854627955183767,2.210934094470315,0.27384881670391564,0.32031792323960684,-0.6019004983217618,-1.478337517827203,-1.8865321724993793,-0.08450929453976015,0.1599064193001212,0.32881155078076674,0.6850787427132986,0.6353098825726645,-0.3193537797719022,0.14138901902574702,-0.09423877449249138,0.10256624681076455,-0.4235907865715641,-1.1630419519390807,0.7924414655207167,0.682178310684724,0.0598649449833585,0.6366228806856181,1.2816540399304386,1.3840240674436008,1.071522753633753,-0.8808351513875226,0.8335340585998504,-0.26093005435556815,0.5473936449318826,0.828801640501621,0.4275423997668701,1.4154517242428954,0.8454802433183592,-0.2217962120866575,0.9587826086252564,0.33575996033635747,-0.24697111527349694,1.1186602106903218,2.121171124543237,0.9959625751018104,0.9420982906243704,-0.9455929195748287,1.2135001845705673,1.2625881993186274,1.0895735804491236,0.5919270974191423,0.010024590546991861,0.8991817835937325,-1.4118325035601422,-0.3045283918763929,-0.25169653262279257,0.09256706536062537,-0.31222178026528674,-1.8186428735868108,-1.578799291287352,0.07831999197510954,0.8501724080771267,0.9286976454625705,0.8140638920683377,1.3953549316067047,0.9981438659543536,0.9889471644892187,0.1765856986958259,0.8509563452297424,0.47620353613859007,-0.30585778372810757,-1.1548257949989977,-1.0592943878204832,-1.3094983588950775,-1.214588698466357,0.6803336190090692,-0.01769762889363067,1.3295305739578425,0.6017547347237733,0.8584500113360336
0.1983414718170524,1.8146400169614907,0.4003223966236373,1.520173709900266,1.307532246012299,0.3675908869100522,-0.599609058076716,1.254946584333784,0.4281015396605409,-0.39501623095156496,0.06533488942097318,0.15162940873771502,0.0380029641315721,0.9988470906805876,1.1856825915681908,0.4836425719734106,0.5354933729117098,0.49916919918859814,0.2774942479881121,0.7120666606102131,0.1455500606520307,0.5891277674895075,0.17677972446989318,-1.037626475686737,-1.2005513655394753,-0.4034758769367316,2.1695763678857185,0.2250779268446839,0.38347400202408305,-0.481532129070454,-1.2891229900872763,-1.453934582535953,0.23041732484120947,0.4420963725046371,0.5603876443880359,0.5746028271015463,0.9252045445870716,-0.18716478221715238,0.1072088928319311,-0.048372404697554855,0.29330530022013646,-0.4893650159949904,-0.7514974404077946,0.896581020209868,0.8318158660494779,0.32778843360814364,0.8861973839521142,1.4206727716322214,0.9779626076918398,1.0842867202757451,-0.7598961752815395,0.8094436000161676,0.17395846916722416,0.8913795345939958,0.9454006559659026,0.4146951123573631,1.5450217916845286,0.9214558919639232,-0.3539542674271614,0.9592695707767969,0.2578437429079834,-0.2977531944813695,1.0551228171307705,2.0720099908544607,0.9507055619996592,1.0184916397120485,-0.7435400377626584,1.0652314968274368,1.4267005956183993,1.368755518063828,0.8985104591239852,0.07523358356363002,0.9027402430343585,-1.4876146070765888,-0.22142085578597864,-0.20867968377053825,0.10400338255362322,-0.28331477972515845,-1.7508068874337213,-1.164167671989942,0.1810466270474294,0.7801449299904919,0.9383485969507961,0.7386245068337548,1.2649910992621343,1.0161119723076792,1.1942009861460863,0.10481707774106987,0.8712814376425996,0.5033219579361333,-0.13582757825176173,-1.2274928479311726,-1.0933845240514433,-1.2012700653519308,-1.105412289266113,0.712554890755769,0.24596847518790627,1.1330227671657263,0.3264000348357996,0.8672682308441673
0.10583844729810987,1.5919040895979133,0.2813926318232113,1.516183827790728,1.3294789733463372,0.31323290842063034,-0.3192333717300326,1.141048895843515,0.42016740845578565,-0.36835500148122247,0.009865797162301794,0.09409202617621627,0.05014985081019487,0.8482323635440792,1.1080542238378104,0.6373760288099698,0.39262753108606624,0.7208845090558039,0.1304989786336858,0.7010782337080096,0.3421306772442818,0.7455424793033252,0.3421584556531448,-0.8060533724754257,-0.9919517947765043,-0.3515157342339139,1.9406538769757355,0.19476837570355235,0.35721251522194825,-0.3014832402393945,-1.069794344243941,-1.0263509645106943,0.41060501658609055,0.6894993531996702,0.7605907844001427,0.42732699279964775,1.0497500155925368,-0.09994349050681782,0.051444518848635434,-0.03149690956481489,0.39611284245348216,-0.49119782930620015,-0.3605867551411897,0.8393074738343062,0.8759346685825966,0.4652511855825764,1.025579324724548,1.3718753250848796,0.5617600025337439,0.9371521828959687,-0.6472711356667318,0.6967620104392146,0.45693862388070716,1.0808513866215914,0.9653858702114475,0.40779708912487556,1.4841776973823921,0.9183360646722064,-0.3938639421185031,0.8994458778153172,0.17364413665193126,-0.3204139272641717,0.8930467578962159,1.7939012717410054,0.8185628200381098,0.9675011136954442,-0.5968926818988223,0.8255607135048721,1.455387387426788,1.4915420446644505,1.0380852439862969,0.15429854639035268,0.8478508283369147,-1.4222883826752297,-0.15548144548191412,-0.11032444350583169,0.11650824785441088,-0.1997078278658817,-1.580882454887214,-0.7337021947435362,0.2651042474889392,0.6984726127249731,0.9143807805432904,0.6652628919615746,1.080055261813943,1.0177681717541756,1.2507165251762098,0.08906233170407542,0.8284311298968793,0.45795509583100374,-0.017726291996977558,-1.184792042517808,-1.0196537373880008,-0.978535173850882,-0.9120901106267864,0.6108715954013164,0.38952804258376417,0.8643678769826171,0.1055360942723683,0.7634060854657041
-0.012106569599171306,1.1955276146042157,0.17208428363460335,1.287370599576094,1.1569702065959033,0.27252730713558543,-0.1654679728867859,0.8999695669084236,0.38014355802029715,-0.27956810620186556,0.005724233079074396,0.047375025204798374,0.05711763118665923,0.629600083101426,0.898654338332452,0.5990747091501155,0.24620449668121114,0.7911818607607098,0.02909601396176122,0.5973265428139645,0.4081630907665389,0.7951858402322085,0.43707170212163576,-0.5614955564483317,-0.6810960751922183,-0.23907571565402008,1.5553359011443562,0.1811906983933935,0.25813414951857394,-0.11673470967347499,-0.8367692579024916,-0.6686537223294915,0.432011360313055,0.8440871303758082,0.8827066183205796,0.26792017195527396,1.0079069786060078,-0.07907585917661945,-0.024588091921671426,-0.05935449201873684,0.39402337507468604,-0.4254610688381394,-0.052653602004715735,0.6513493277071225,0.8059361154677637,0.45972314705239964,1.0237539892486867,1.1463602639927577,0.20327899478076691,0.6717045700364036,-0.5403810362755666,0.5211044345247258,0.5579101402904274,1.083900089704672,0.8746518779431223,0.3937145227511103,1.2468046165788123,0.8237504147846353,-0.33998356029757987,0.7815059811271763,0.09412483879020597,-0.3133075618211182,0.6618573424530705,1.3443195205440783,0.6202100960119452,0.8034634563994323,-0.5096120062353743,0.5357801852420444,1.3428459152333256,1.4272705694947152,0.993289547745146,0.23449154995169827,0.7312128765953931,-1.2229974265460712,-0.11050086082228953,0.01628712840678482,0.12469508371280925,-0.0916023414301153,-1.3129198775800552,-0.3649267528089857,0.3240081151428008,0.6051963436064454,0.8545428932964818,0.6069148750277064,0.8661202523142129,0.9961984979205549,1.1600467210102505,0.1263264700492201,0.7208640400275349,0.3564599264880836,0.0325877482237634,-1.0405649466029152,-0.8591639599328329,-0.6817146651501681,-0.6557186216009082,0.41656980063939336,0.40927621164485223,0.5750801893712724,-0.035563025679676855,0.576183124994909
-0.12548671461969074,0.7133715184613947,0.08447488576627672,0.8938433184383349,0.8337588314143135,0.23831245864361772,-0.1411808125305247,0.5746570617018877,0.30767984003805066,-0.14969876710392221,0.038217793439059476,0.022698925609314562,0.05889240703089105,0.38224496746493414,0.6100922232783677,0.40638481893339706,0.12343332781599387,0.696902966313068,-0.018982415698672928,0.4155207492399773,0.3490990776303372,0.733145685866194,0.436490743927584,-0.33577458386228176,-0.33093771959958007,-0.09418987397717574,1.0777491917100894,0.17938215511072494,0.12182994013203872,0.0275031398607666,-0.603902436894559,-0.4186108030508403,0.3121894564569816,0.8645739648750282,0.8922482385704412,0.12189103672350136,0.8310869631011107,-0.11775358953381732,-0.1067657863016578,-0.1260603077968445,0.29651003366144946,-0.30234248085152193,0.13316205195829434,0.3958509386027553,0.6382613895651775,0.33708403210416454,0.8796450116368563,0.7964752002597649,-0.043284570754799606,0.3563779949233967,-0.43427282518726973,0.32137636962709487,0.4876573535729043,0.9104617634734541,0.6845530762745717,0.35977124053809684,0.8855505638681368,0.647761437458294,-0.21191840422703784,0.6227624650777795,0.0351001509422484,-0.2742994412796677,0.4107607442814503,0.8217226619201968,0.3944257042538259,0.568000993359629,-0.4674315460836265,0.25291238240081404,1.1083412057392938,1.1837044730177644,0.7882755862759141,0.3000499732529277,0.5646057494088031,-0.9226645947784988,-0.07980633019658386,0.1411159121453347,0.12477286716762373,0.011336393305889871,-0.9695804890477198,-0.11269898205750353,0.3489353685993324,0.4970097416173702,0.7555332648327374,0.5623662148700606,0.6477254600368006,0.9355567348373567,0.950062129494029,0.19716862783771222,0.559096074735941,0.2247327058782862,0.01836978116377859,-0.8188512713410722,-0.6448333861515764,-0.365357663034801,-0.37219238568503105,0.19428415406740812,0.33131122384047607,0.3170712100200792,-0.0907030037134635,0.35165318986269894
-0.2003428120416646,0.2499207472681,0.025444375484887295,0.43163771984466687,0.43695308539173183,0.20121875905725287,-0.21224940137439313,0.23122297483067614,0.21132719194382849,-0.006302525945662735,0.08994748512305185,0.029777466319735296,0.060494921890548385,0.1579608102428872,0.31352162010150103,0.1339960083632932,0.04861013697899361,0.4682913546879583,-0.014891822856449485,0.19148222247973412,0.2017174969973546,0.5795764832825432,0.34290477716662865,-0.1519641823822261,-0.00984577281455537,0.050146143376872294,0.5924677092395939,0.18312440364600352,-0.006781862610217644,0.10641931668142912,-0.38320356686699786,-0.28197054710586567,0.1034060772995525,0.7403761138494006,0.7780921870894483,0.010289250333602309,0.5759347797690154,-0.1867337569713947,-0.17361539628176811,-0.20807228489482296,0.13648671010693997,-0.14461730419677762,0.18781242432765893,0.14999477729527494,0.4109869502569073,0.15207618198189207,0.6240880405366508,0.40361739102550637,-0.1503601394389291,0.06844093033347927,-0.3246451040792161,0.1403165988647063,0.2945900387583792,0.6108081978579953,0.43005957774354503,0.29809170816952,0.4806069239960433,0.4209430647230517,-0.04563401964523683,0.4518216514025883,0.011926552987116666,-0.20358202950158738,0.1954687912148184,0.3411169323549917,0.18898923989164101,0.31892877666076297,-0.44353724426891733,0.03517523657473409,0.795481757505684,0.8091681941421595,0.4834103768402476,0.33644406417881245,0.3747396429019312,-0.5747569528754792,-0.050149477630036715,0.2382293312055494,0.11657538425550615,0.08735454638565501,-0.591421642808526,0.0019287728468298695,0.33384501832336694,0.3719785031965193,0.6177980060152449,0.5199160253117405,0.44716241895287157,0.8208776261528147,0.6703748282559463,0.27262464613238313,0.36588170011434057,0.09320315260778574,-0.0405314612546257,-0.5521778330539887,-0.41591428287250987,-0.08598490090804861,-0.10507395282948702,0.012575730232266978,0.2017361644204567,0.1320177376009033,-0.07255863144483264,0.14114875316520226
-0.21093483491299891,-0.10004257339511241,-0.003914143785310915,0.009180880085900149,0.05791657803009285,0.15408924082315748,-0.3202839835133157,-0.05791371461542598,0.10689113609556987,0.12263293353199521,0.14442228780681968,0.07202043873578437,0.06875898222555671,0.005688728731005585,0.07908458252344722,-0.12788814272150156,0.035247596654860186,0.17222743198007573,0.03160049982993254,-0.025899775946783856,0.024226147097158906,0.37494224677937377,0.18637550747669637,-0.020973258737107526,0.225372311355427,0.16382104228788513,0.18571328717443542,0.18716518871847546,-0.08626174884070674,0.11952928857382786,-0.18554063911889546,-0.23576633885676931,-0.12282745091494446,0.49894284315904314,0.5598214424759627,-0.05445871899620794,0.31147686794346285,-0.24672411041706252,-0.2046126764594066,-0.2737615363926077,-0.03850079968127852,0.017162060859320916,0.13348780909260555,-0.017292135464426834,0.1755995301891226,-0.028528585903570047,0.31454168542549715,0.05769429407709653,-0.12379488529724249,-0.12688709937243559,-0.210947527293829,0.013681946347524397,0.05206988085044471,0.2637759078654126,0.16213113477194882,0.20947733540336294,0.12034848165478897,0.18747509133773355,0.11591291895101548,0.3012300406804213,0.033231316047899674,-0.10675562345859158,0.062021058074386494,0.003197633617839523,0.047590242864429456,0.11458271525749746,-0.40841354384855455,-0.07487707750797037,0.4651467158038501,0.38437056609788506,0.16077875017190216,0.3352777054833872,0.19803738081687938,-0.2425405677972736,-0.00817521312554393,0.2916203185465141,0.10437525064854125,0.12713992739085367,-0.23029710866473208,-0.0054916050900986006,0.2806330926558674,0.23425913867249515,0.45083092303868677,0.4654028738854992,0.2834145898127282,0.6496882075937053,0.38256124119440926,0.3242803515749888,0.17303111119395082,-0.009483716680434497,-0.11414555039606128,-0.27868860519122335,-0.2108057427200207,0.11169675295743764,0.10490998051158623,-0.07640803457869404,0.0728536244322901,0.042871216965823446,-0.00802443831140312,-0.011719296158077831
-0.15024709252727322,-0.2762046452268021,-0.00801565411990719,-0.2806539913194378,-0.2208104701027346,0.09593220942651008,-0.40235924827067177,-0.23439357281734002,0.013786826535809775,0.21513580135020474,0.18860062494150442,0.143387053367372,0.08858296675503217,-0.044501661068372715,-0.04359217796949451,-0.2991879379941343,0.08056002274534498,-0.1055418844053627,0.10337468781394377,-0.18741945512493133,-0.11995099471290802,0.17082575694418842,0.01656735899775046,0.05872504568700222,0.34350165124173343,0.22677782854069825,-0.0756221757585065,0.1887639978022333,-0.09120591224536945,0.08737025791610242,-0.020830375851022383,-0.2384024938392306,-0.295656385249498,0.2026448233549492,0.2873556490805477,-0.07112650781324983,0.10315135789652308,-0.26305475828024005,-0.18836546413991656,-0.29536056111846043,-0.17896503745030784,0.15182252842595614,0.017909707261655042,-0.0651153636050025,-0.014816195953619634,-0.14538364895638584,0.022751886994300724,-0.1666791579526665,-0.001599568067930693,-0.19437297314844149,-0.09854769036567311,-0.03912989973155552,-0.16071772848497567,-0.04276548636490108,-0.06415005475665737,0.10516368077071793,-0.12158812410200344,-0.005494386722036568,0.23419432773016782,0.1986606045259496,0.09603024845555172,0.003416289994135414,0.03271088816081622,-0.13394742983440414,-0.0033892051167759623,-0.0019365158949130202,-0.34107342468831975,-0.06425980748552838,0.18289182346755437,0.004473420153407498,-0.09633665519749862,0.29799943000137635,0.07114585371742212,0.014929233772019658,0.05296659948813122,0.2984465017903055,0.09577164121786369,0.134392107050868,0.06201202304910452,-0.0891429435710254,0.20184335140569207,0.09645296154077207,0.27603869597963415,0.391023993975726,0.17045100442871342,0.44011430571305654,0.1468554663034607,0.33402359083462735,0.014708989225932025,-0.06278116724500181,-0.17101766803283763,-0.03746787962915941,-0.05950106554200723,0.20619816979957448,0.23082185753550483,-0.052135510808913696,-0.010729494144788396,0.049111735417016286,0.06928984452646357,-0.08216313764801471
-0.034828555018444673,-0.26863210216109207,0.004081958177291008,-0.3851212799320026,-0.34633408071863103,0.03350418748339068,-0.4116957084737471,-0.2716686011695185,-0.049934579066716084,0.26035457515930677,0.21442586625888824,0.228502342829696,0.12025660277941687,0.00765313287517131,-0.038811526824508634,-0.3324059772460454,0.1645816925735807,-0.28467279235698884,0.17842862971382265,-0.25773861115344293,-0.18033109905740916,0.01810743077174345,-0.11151007661636082,0.09833197717202834,0.34621834307971977,0.23367322552919492,-0.16169810116464808,0.18806822421446998,-0.020691568558993133,0.04264448197297961,0.10266692798942767,-0.24324600628621662,-0.36380776930950676,-0.06559594441557141,0.030812206314646592,-0.05014136686091354,-0.0024415201686435305,-0.21767923227586783,-0.12773361400342043,-0.2593789968024628,-0.24688569017784187,0.23514385129803886,-0.09794524807640495,0.008182848213479251,-0.1186269526428995,-0.16319096551369983,-0.18239136921235685,-0.2305580941953797,0.1552992919680169,-0.13824007196510388,0.0011508154344847565,-0.020163374078160535,-0.27923535428032764,-0.2341253751908526,-0.20291632590007777,0.005215412817664478,-0.2063333487865021,-0.11982530855132331,0.28543915430492217,0.159577747902822,0.18453979620023017,0.10797373970814622,0.0989923177393613,-0.07132669456829799,0.03632546758391397,-0.013823398009683284,-0.23797141633569244,0.04453491551532279,0.0036859182007632344,-0.24472375637826452,-0.22477998735814364,0.23684270018062548,0.019832023851743152,0.15651748621428271,0.1295703267040922,0.26909977815800323,0.09883967489120754,0.12266571980390724,0.24693229303460293,-0.18676937271627683,0.1192459160841616,-0.021967125471837115,0.12478949817681403,0.30105981604754756,0.11463861253292458,0.23106129062147746,0.00846056743869579,0.30015362214598,-0.08135960698398045,-0.059012825812542316,-0.18668155294011657,0.13801744527047272,0.022610228820123528,0.20468371523638998,0.26734210033072475,0.06895601284219531,-0.02248429761075272,0.12684670543104584,0.12733740182432937,-0.07011571614488428
0.09847266489763641,-0.11947799167288622,0.01996738733789982,-0.30517489514264967,-0.30812312921221735,-0.020661001726168048,-0.3325991314148985,-0.18400390263795743,-0.07274936116063618,0.26097955543677315,0.2198057799837527,0.3066223616381556,0.15906065293856342,0.13129184094189614,0.07228008422473144,-0.22513767881618565,0.2547629689275483,-0.3136994653185112,0.23363027402653205,-0.22656159488452968,-0.1339842462206305,-0.04495264137451975,-0.154046811240735,0.11396593011220221,0.2668115504368109,0.19476671876957405,-0.0888182174706372,0.1875036754230914,0.10048299141372771,0.01910598668331145,0.18008310950560444,-0.2115934176936885,-0.30837395739438117,-0.22479804760145816,-0.13808570102282597,-0.011388713635946766,0.012143939861858605,-0.11461637873335503,-0.03999404579787291,-0.1721092767965808,-0.2261682202590836,0.25580843874163367,-0.15644883394734865,0.166040567300859,-0.11676171942105705,-0.07982927121043333,-0.2527228155667419,-0.14126865360716293,0.27816650256447456,0.0001631163917450561,0.07338634012049867,0.04823111412354591,-0.2695295563067179,-0.2673864724922361,-0.22902094618104257,-0.06670615604035889,-0.14053211196095364,-0.13669147303087947,0.2670514260590323,0.1840989108458057,0.27395064921896656,0.18592564313539653,0.2242542645938767,0.13242745161663896,0.14006995229972236,0.06653487409741282,-0.11615442707942422,0.19848562796997243,-0.041810030301508615,-0.3099754700274491,-0.1976938669616523,0.17233294512045477,0.050071317130376596,0.1685412773512891,0.20777017808324,0.22435689039986167,0.11868477340117067,0.10998599062039699,0.3099806552042261,-0.23722628547944904,0.058244871441840346,-0.10016747186809473,0.031084588976072105,0.21192046886589455,0.11194710442077226,0.07299263342835302,-0.012705538214382327,0.23789388248195137,-0.10201140338035738,-0.005222243624301751,-0.1497373199013017,0.22744480431877856,0.037869730376210525,0.14057605120404423,0.23257523126842647,0.23970046078476231,0.04145355632483215,0.23410768697464646,0.14265930400903107,0.0010639138931562628
0.20352203089979523,0.09059604447893393,0.02551123554801506,-0.09345855968973593,-0.1391488481425051,-0.05357184703522953,-0.1847183029054606,-0.023074580408571514,-0.05369041768535402,0.23242173568721614,0.20934243085480833,0.35855479300298115,0.19733052750370297,0.2739259104107511,0.2402620646912056,-0.018735906760036912,0.3149716116104505,-0.18506265920191164,0.24941436194685737,-0.11270677992186662,0.008195455302121197,-0.002013806591168641,-0.09208683432547236,0.12157424764672266,0.1609021801748954,0.13280210129436656,0.08361268011891232,0.19086456013386352,0.2287945605451509,0.04190968875756073,0.21242020965394612,-0.121333247941324,-0.14609094459752012,-0.21998746191123855,-0.16805512125107802,0.020627332073892425,0.1328996963698792,0.022632826669363695,0.04808019433758822,-0.058463166500342334,-0.12707286888185676,0.21815415194974466,-0.12007993278443597,0.34664483500088017,-0.018643171608749655,0.07443791425147765,-0.17443819219927922,0.050443456350225103,0.3075895597441124,0.15609402844417725,0.10530060344880272,0.13074574319033883,-0.13496186181062306,-0.14101280870668337,-0.14481229600066875,-0.09113582811991953,0.026045050029984734,-0.06243399090625141,0.19842769290396434,0.25922246297361473,0.33854762290037826,0.22066212381737965,0.35590850266596946,0.3806932062184723,0.2623062329337014,0.2035845715532969,-0.008857378515922519,0.3290770686207426,0.044777120695703894,-0.18598509284741918,-0.03071006936580703,0.12792606258257064,0.1448650937502678,0.06728549095139366,0.2685684941555755,0.1905061127580507,0.1550372843780571,0.11336185355920049,0.26580961341174475,-0.19684174427161863,0.039954923087881185,-0.12366200711674363,0.02077310985882373,0.14638144775459183,0.14643590034307905,0.01183519048678394,0.07428541675401584,0.17441525872458108,-0.05308326639901339,0.078703637991893,-0.06400734626030995,0.2302102504381526,0.00531292553183796,0.06395520525360407,0.16295106810443633,0.39802871294429704,0.16397477158519286,0.32068110945813905,0.10462275287984353,0.09277376041762671
0.24021427159926376,0.26707284876192344,0.006743977045133693,0.16269857165860277,0.09438798198461089,-0.058673360465897474,-0.015391064023016017,0.13716784211908456,-0.004107968796622777,0.19904572119416747,0.19450415721619804,0.3742129281405739,0.22797179389218353,0.37864439707584097,0.40435651362219777,0.21625567590666217,0.31611010955399416,0.06333739983948393,0.214525063902974,0.04088898189854866,0.2057772866160684,0.1369029293640384,0.06230370558992563,0.13321052505635547,0.09183634644623549,0.07678761871210739,0.26835083162114604,0.20276712665364013,0.3154469492166935,0.12217770650484368,0.20892132144187145,0.03070663067838559,0.0773755849282059,-0.039976108129705895,-0.04641816412421212,0.023218437787329606,0.3206311273564999,0.16023923200398318,0.10850682416192112,0.045420605032649886,0.01679939862599988,0.14102517641070766,0.016817179760138114,0.48343788385232483,0.13928440683585092,0.2470631738710058,0.026792890697579345,0.26600900862092947,0.20803687411226968,0.2620707044830095,0.09229001263035834,0.1903517411170647,0.08793521947370608,0.10695661511214632,0.019508600273257282,-0.060860439915829685,0.21551046581804884,0.07171041591552982,0.11602707454625591,0.3652224406330579,0.3614860042816568,0.20631317676536862,0.4426067360044408,0.5701018689054962,0.3531109808055294,0.3511204199409705,0.045606941554600364,0.37286748883338766,0.22988324384058886,0.08221836472458115,0.223751684311517,0.12337314594015356,0.2684628514724132,-0.10613129159290091,0.29570364661236226,0.19359535606132316,0.20218649277447978,0.14500474593704302,0.15560893551287017,-0.049982021535785556,0.07403585772260747,-0.09125777952957503,0.10125946664250285,0.12443974238282228,0.19171084278627032,0.07190310670339291,0.23529331896335196,0.14038779789753436,0.041669192284784384,0.16550416069152896,0.05364537942691847,0.1686030669211897,-0.04447426264662092,0.02770155455203125,0.10294467891462444,0.4870982980277778,0.31375770311546497,0.34061224116657995,0.01611420674204967,0.16344932464619286
0.1886997672727079,0.32915982839578134,-0.048180973202570226,0.3675791434603103,0.3111707211791711,-0.041508890331088656,0.1169898954981149,0.22239135941567914,0.053497853207651866,0.18837808079655197,0.19235439784284472,0.35778945711094856,0.24767106691401047,0.4026519375166551,0.5115405802498832,0.40287823188344113,0.24479338250394087,0.3604180458395762,0.12947739246674417,0.18000049702354468,0.40226742726658604,0.33701000334336023,0.26959857326121306,0.1557044410376236,0.11460152428201179,0.05441947439319298,0.37399353801230745,0.22859150385427687,0.32207865064321833,0.25661987139897363,0.18806217194845923,0.23245540081425498,0.3016779748324439,0.2773987453034906,0.19353142062719753,-0.01842407234540699,0.5234266478699372,0.26606138943989305,0.12084530959794512,0.10337418560075541,0.15818004819842163,0.05302822706896455,0.22561686303665898,0.5261199602697909,0.30267150245095864,0.3792557996335795,0.2913181244386434,0.42232334042176783,-0.024116050749275517,0.2684127123182114,0.043016901264409574,0.19952787345845005,0.3425239384846053,0.41082720215532353,0.2120398597599818,0.013646052383092334,0.3446128403492725,0.2160781875967239,0.06401835607046404,0.4830731825681485,0.34233512289166224,0.15129421599097914,0.4503252714479358,0.6223828721637147,0.3739812809194977,0.46658466857324876,0.018244107295448952,0.2907762521341227,0.4566520293331879,0.41111032224039956,0.4922482383050153,0.16882445603973945,0.376903760905496,-0.2966329203470612,0.28318932086094634,0.2538315684560782,0.2514893392036185,0.21098492488685197,0.03745897597069435,0.1889767311411135,0.15530512907510655,-0.018184692559530667,0.2560979019168202,0.1546925856806039,0.21629305104934213,0.24473623835356675,0.42121381094064275,0.16103817773285906,0.14696752069608612,0.22844782289472682,0.17908200905946078,0.08552901624606506,-0.07724457090671388,0.07355329862896567,0.09326399691642032,0.47300262943310345,0.45480699751522347,0.26451600618850146,-0.10912439539701377,0.18068111401205725
0.05739279048924544,0.23153524246808663,-0.14705425020833446,0.4442154778299465,0.43535117269357204,-0.021425425217867434,0.16284260940139975,0.17937367155375358,0.08965374324523673,0.22451658148656725,0.22203574651330205,0.32810504747724284,0.2582486833232494,0.3303012389542472,0.5312888357288299,0.4813090334081416,0.1071694247702769,0.6236411275559088,0.007455803570077099,0.25570892352746694,0.5432607451083318,0.5461523888036934,0.4750212491842079,0.19163952910772716,0.26211782809312395,0.08513406275705403,0.3304792497064893,0.27438417847797075,0.2336637560691426,0.4310881714984945,0.17600981537477664,0.464097763547334,0.4691641415258304,0.6547089605302965,0.47944667775535427,-0.10750899113515985,0.6911142282821596,0.32014770836246365,0.07852493190266202,0.09073645624030124,0.24975900547054916,-0.014596047803284254,0.45190666718832234,0.4552835992692149,0.4139311604486505,0.4231191960063725,0.5405756214495397,0.45532469950958887,-0.36099476556724613,0.1569924354250432,-0.01928528701443463,0.147683123372157,0.5694058323385647,0.6950758867932959,0.37048176291684654,0.1038709850566703,0.3480310272948832,0.3138236421128183,0.08285354359175774,0.5994736798120404,0.2990322482631806,0.07719721536016566,0.37170668171115584,0.5060024873106574,0.309380737225393,0.5222381106026439,-0.09770512093794084,0.0797500516268866,0.6592938869655508,0.701325410871061,0.7012181875326745,0.26136889710272077,0.4313791017895865,-0.4481458187876407,0.23932632840207343,0.380910680958765,0.29546385339576126,0.31183472440013305,-0.02766178714451485,0.4823198291657203,0.26567742842228276,0.06644905525130278,0.44728654811097257,0.22979897087337928,0.19231009864025686,0.48867454522915654,0.5810377245812933,0.24939022801352873,0.2256951176883561,0.2497506801072719,0.2886112096126412,0.036140908086516606,-0.06342915125839559,0.22191805513340157,0.1613990690721915,0.35447165322775104,0.556210874867306,0.08852200679752804,-0.25135817457251125,0.1293442651628672
-0.11799050977467526,-0.025672820190185804,-0.291730327007566,0.3544612614203893,0.4144090464885956,-0.027892526709259055,0.0982165528446063,-0.00937131992075783,0.07456976454312189,0.32204978481203944,0.29911808469298456,0.313425582083297,0.2656158427721697,0.17630451276293962,0.4616613885031758,0.4261538567903963,-0.07323904091909154,0.7829405437999698,-0.12801947535397376,0.2394614957048249,0.5933266071260186,0.7063525510799005,0.6253214537132219,0.24154344922719817,0.5368250796073888,0.17541584041984706,0.10920979224775323,0.34596465542021493,0.06461159854755268,0.6258122451912966,0.2021792216377812,0.7062112892146986,0.5405543488452724,0.9961737734692405,0.719521742282977,-0.23520235233277403,0.7874880488882652,0.320375503555467,-0.00904222492597129,0.002876213297759654,0.25801134287379535,-0.035694790428117615,0.6326368885527464,0.286639622722223,0.42852495918170447,0.3552019824421974,0.6977809742325977,0.33696724175176035,-0.7512313895954513,-0.05540761433709607,-0.06039732238538901,0.042692359945237415,0.722616053846968,0.8928017569590049,0.4361976281825412,0.16902718475265,0.19551084804129,0.3145048668092987,0.19853426778752156,0.7075674525155946,0.2630503668817756,0.013103110715013045,0.22605024540418256,0.24140771636643352,0.17033766645992204,0.5101206952191135,-0.2797091270649187,-0.22659046750513862,0.7790423255103344,0.864401259214969,0.7968064876222407,0.3848862344057137,0.40990852373250364,-0.5147834629917736,0.18537234346081188,0.5709023233036445,0.33173673046746543,0.44390264648196476,0.009616816026711675,0.781654968874891,0.38076705718583953,0.12766348386415116,0.6251095533323449,0.3277080073461094,0.10525727533749885,0.7397464735020708,0.6742789235798873,0.40318198841590935,0.24903631587716338,0.2273095280036579,0.36662205550829174,0.07473550413581788,0.015490244327611773,0.4677037956496301,0.3169965273198278,0.16217301267053527,0.599955967609808,-0.16266977114732342,-0.3900988509378765,0.013976504464757076
-0.2838472789455896,-0.4000931759593048,-0.47638998953877326,0.10712228384600186,0.23056468737013128,-0.0920327571904158,-0.06623426261724132,-0.3214686870056115,-0.01393252948101581,0.481749693903015,0.42918063731809236,0.3421965154390004,0.2769544880255176,-0.021168874116268097,0.32605770455857574,0.2530350848472896,-0.2627021161535043,0.7994802578189917,-0.24839887739077451,0.13203092358604268,0.5463507819568482,0.7668140348643029,0.6845553746662202,0.30579521239006624,0.9091109843774309,0.3172810791164612,-0.26770664940812705,0.44691983217527365,-0.14357021554549587,0.8200891231384171,0.2926234243905433,0.9456655033577221,0.5049784730344257,1.213959567315938,0.8286750451739753,-0.3829990578666081,0.7975694669048792,0.281885551635978,-0.11885658512899105,-0.14167441230187844,0.1734786489620153,0.004403599208342061,0.7164325980589372,0.0647368056411849,0.3282579449258665,0.18318926590360787,0.7084870121175788,0.08140657010852632,-1.1325108803658595,-0.32371169596408733,-0.04301036487776567,-0.09319697330661357,0.780292304242785,0.9602209029853971,0.3680387651733201,0.166929147961172,-0.10123423968539116,0.18705546405685342,0.41514138689615865,0.8038017080855069,0.26929136320737457,-0.01275212370928153,0.05101143906839962,-0.10989410455781581,-0.010463021787422325,0.4404234776570008,-0.47734744411536356,-0.5678441071200306,0.7774149026735014,0.8458727796887381,0.7581540356176566,0.5131814450989077,0.3135280743530097,-0.467672099841239,0.14918143859159136,0.8053029753861745,0.3651728791777422,0.6003682965167456,0.17575740482341978,1.042202088471102,0.4786017344339861,0.1357371695494324,0.742426044207419,0.41800288576563327,-0.038388100453988105,0.9300986180728412,0.6800152623935952,0.605630303355679,0.20446802283013693,0.17775048342610023,0.4110404638428937,0.240067632700412,0.1641782808649933,0.782444884708079,0.5523789358912713,-0.051090029846758755,0.5853362206919643,-0.43972654008685236,-0.5079380340457353,-0.14398717172011508
-0.38332510762702177,-0.8208724776212265,-0.6863533652698417,-0.24681135338515264,-0.0961178156577902,-0.23589900749225942,-0.2863900913024366,-0.7012876248440786,-0.18309313028626956,0.6890765521498731,0.6028639595515761,0.43275506112360707,0.29739959612153516,-0.21424764570823845,0.16312050206220202,0.013483105367286785,-0.42698281930103693,0.6741518826027633,-0.327246509062043,-0.03605043642616565,0.4263788097080502,0.6953860784841173,0.643845471316262,0.38512820443777923,1.322730850264837,0.4901021080950377,-0.7313778732127318,0.5760210962837048,-0.33211345181858115,0.9951117502297255,0.4628794125067239,1.1775455330706677,0.38210568679888046,1.2514586122868887,0.7532132439118155,-0.5265777808138272,0.7291034043004749,0.23101757702807268,-0.220304731538205,-0.3044716152244999,0.014691505217317878,0.1054099893083277,0.6803588628825091,-0.15066024382758694,0.1277040035699347,-0.05555345229957449,0.5552613256932822,-0.26027335005381597,-1.4447878973551438,-0.5876929371189543,0.0631981350329351,-0.2310131763724652,0.7475873522467921,0.8843988270244025,0.15279287931102295,0.06703167400410708,-0.4926204481996308,-0.07089874710037988,0.7124488650516131,0.8832098417534969,0.34419391971982116,0.018847093627781752,-0.11030626864284089,-0.46698102003065484,-0.18979066866380392,0.3351098659271531,-0.6223254581556669,-0.8736435596994085,0.6435270279693229,0.6384501864355568,0.6009893194455964,0.6156741953096504,0.16517423650226054,-0.296828478021762,0.1560427328022207,1.05285209431909,0.4072468161797082,0.7715294123395409,0.4687644018277806,1.234165949954983,0.5471749339437186,0.07678421158087012,0.7686652615838506,0.4710064978227457,-0.20865956095192012,1.0076496973772808,0.6010696671075546,0.8293080437775223,0.0998038472402439,0.13444375916034773,0.4348517794458563,0.5430670299738469,0.37438113609577617,1.1213918278640846,0.8468088364129736,-0.22538708704259686,0.5292282191013084,-0.6789796191070182,-0.5920293285974215,-0.3121067949830507
-0.3716416877931245,-1.2079993817811916,-0.8982088891670109,-0.6293134999230263,-0.5130363731710321,-0.46309442346334223,-0.4954282138893257,-1.0746925994662995,-0.42069552523085313,0.9160392029521656,0.7945920706217362,0.5855242663408329,0.3274974414892803,-0.36087566159171025,0.013919066444081868,-0.2197007253660373,-0.540586167069267,0.44427828959727284,-0.3475128219776698,-0.21241448698118864,0.279076581899584,0.48598880128206967,0.5223167702904766,0.4795046500141602,1.7061271352272496,0.6652923478021858,-1.1819049114450646,0.7252821447478545,-0.4394502754329851,1.1348139589916009,0.7122219461306251,1.402846850554205,0.21607547094286586,1.0968873732788773,0.4867846427819269,-0.639837470501911,0.6090196778466599,0.1959114602305838,-0.28310105018966025,-0.4362889183292682,-0.17547395639246316,0.2523855365257196,0.5376935231419101,-0.3008086769043951,-0.12820658687213063,-0.302870421310842,0.2624385028794654,-0.6143935367982106,-1.6409498377886627,-0.7870906019290543,0.27220346221014774,-0.34347257163589845,0.6519770772499706,0.6834598532269439,-0.19041899487483585,-0.13842468249638698,-0.9041758746417564,-0.42995324628491177,1.0492622782695917,0.9359446606665174,0.4960725076020523,0.11256250070723733,-0.22235239285590921,-0.7540751408468487,-0.32724670338668127,0.21963981354710566,-0.6448703889680263,-1.0822459416694084,0.3940576497548817,0.2822212437446561,0.3712710984169645,0.6644837454532948,0.001899659052158712,-0.00927323354577466,0.21994070043349562,1.2744380078761761,0.47273246737283103,0.9447460152363063,0.8591660038926617,1.3479428340374375,0.5881904265413166,-0.0409515233808403,0.6989951233974233,0.4667227116999559,-0.35624226952534827,0.9506777376698493,0.4629975929265015,1.0419943236261733,-0.03757304067502996,0.14021174202966688,0.4627235557694852,0.9604962004226951,0.6283663601615748,1.4333851006035587,1.172382716353042,-0.30917541146764344,0.4622234608620704,-0.8168600880853226,-0.6335132446533084,-0.4538600129645279
-0.22775024971872992,-1.491660666649351,-1.0820538793977348,-0.9560151228393667,-0.9472706329607209,-0.7540885865191685,-0.6213005617813896,-1.3676593240999548,-0.6952049431466658,1.1262089064639011,0.9661845070140231,0.7803863952466471,0.3622537185430003,-0.43711955341830777,-0.08946960572170733,-0.3722418471076765,-0.5929950222330586,0.17054575125390373,-0.30706248525029217,-0.3367571712729515,0.1567663384451195,0.16060263395812607,0.3593985949851333,0.5860762358476707,1.9874836348508855,0.8128413956022016,-1.5117703741332522,0.879899650709246,-0.41648547931106056,1.2255155468321255,1.021028481253331,1.6230975757352508,0.0628898074757837,0.7839472145715094,0.07350903483554459,-0.6984597759140116,0.4763875655813548,0.196617438049592,-0.28535361072054544,-0.4901538201690835,-0.3402747380517214,0.419785536457128,0.33438784082726464,-0.342300278478034,-0.37491005662869936,-0.49378693580447425,-0.11024809126567844,-0.9037356800774864,-1.693184017089006,-0.8747659182979948,0.5757034689235241,-0.41166502044815817,0.5330947527917592,0.40027757933329616,-0.6132521749287001,-0.42897762005904555,-1.2544393438788504,-0.8334503154969379,1.3717421658975621,0.9471180635014239,0.7107906705000332,0.25698763938800906,-0.2664487440868776,-0.9206660405378133,-0.39677387428777217,0.11551199820184739,-0.49247773292651603,-1.1558687648260664,0.06657137018997275,-0.1473979415826375,0.13129832788617624,0.6414949066861779,-0.13686217362690412,0.37454055845671247,0.33826487238373487,1.4307522121637795,0.5746846636154077,1.104802245187651,1.2966034651202487,1.392170148327552,0.6158932889473931,-0.1875644219757777,0.5558868081614603,0.4011160773310229,-0.4227871680312662,0.773193634148083,0.3083623773976173,1.2132347702363984,-0.1662354117146267,0.23585166824743162,0.5230410527415545,1.4365535000018514,0.9028956254722355,1.671202397947477,1.4996370182769068,-0.27138858742794003,0.42133014810728436,-0.8051847062469676,-0.6261469537896556,-0.53524695329317
0.04061323936193027,-1.6269557211953172,-1.2061340918083527,-1.1567321016143086,-1.321849367780603,-1.068125162189084,-0.6063159558513523,-1.5239637135239272,-0.9612459660553802,1.2818783825111975,1.0750004515484146,0.9802433958945107,0.39197978980906867,-0.4428947325709258,-0.1310678976145573,-0.3880337203172785,-0.5903652481080474,-0.08126879708470457,-0.22083463275404855,-0.35697408117976126,0.10182119623422595,-0.2342706335342444,0.20138972072195965,0.6974855344800707,2.1105067841097886,0.9082490181714401,-1.6310136612351858,1.0205989425963993,-0.238962072211453,1.2554703060100243,1.3522891209514312,1.834087516112275,-0.025464221401429878,0.38036518120424556,-0.40195272609561145,-0.6830285857443299,0.3735756756799213,0.23751850471264577,-0.21995080347965373,-0.4351306821352245,-0.4238646015719133,0.5782024798557215,0.1356229234181098,-0.256288193535756,-0.5444016806747568,-0.5721855199983067,-0.4832616987357267,-1.0663710422638493,-1.5948439700278396,-0.8254868181100751,0.9423984715947125,-0.42843881622907337,0.4304081130729105,0.0918384020595164,-1.0483657274809086,-0.7584233110582255,-1.4731447855298252,-1.2091414125002615,1.624721033306792,0.9004182226468009,0.9540215203308232,0.42723054730503296,-0.24430778511480508,-0.9522567439645427,-0.3931251258390715,0.03547910968509888,-0.1461456607562947,-1.0890835462963384,-0.29133887960609883,-0.5600129094242964,-0.05750691448437695,0.5438677948320667,-0.2211711144866936,0.8240620889021296,0.49177176432854086,1.4913711107479697,0.7192021094262099,1.235255278460295,1.7199716018549198,1.3860474144688408,0.6516276244845416,-0.3190649940464835,0.38280019895270945,0.2882218035822012,-0.35506608376002874,0.520106104814403,0.18737028677267667,1.3203064500835022,-0.240041220850301,0.44701248386981585,0.6371845661879167,1.8923521737372888,1.1719903395346782,1.8004086383912647,1.8016289569481858,-0.10779097226286967,0.440650460898028,-0.6236888790994125,-0.5655989015098055,-0.530545634455491
0.3994303333288221,-1.601034806938575,-1.2432532096240934,-1.1907085778143176,-1.5722961584427464,-1.3514814893744387,-0.4235863849351758,-1.5177211969225592,-1.1694420065051252,1.3517519147516177,1.0846363494050757,1.13980219968389,0.40460900979638476,-0.4000621467660058,-0.11262758941793709,-0.24365259562704106,-0.5524523800562132,-0.2582274500698646,-0.1186697934559292,-0.24344530378236448,0.13354802109836192,-0.635682024363115,0.08677444461741872,0.8016853635494652,2.047512642507207,0.9381465378961319,-1.4883622332972384,1.1277946929442817,0.08586388488363098,1.2151657006779846,1.6573923976496556,2.0212545814475753,-0.01598254448734932,-0.031451060361518034,-0.8342351292410124,-0.5820124461965669,0.33718222906097234,0.3042372908455097,-0.0977215440157512,-0.267120459849249,-0.38657409863091835,0.7019831008151615,0.006883669949453222,-0.05131416157011407,-0.5826118229255408,-0.5045515659162166,-0.7777548495087176,-1.0698955717215968,-1.358669602754557,-0.6395505572360103,1.3229079317875367,-0.39804023323332066,0.37228569065221023,-0.18301845231958902,-1.4243889290690235,-1.0649526304274284,-1.5155273162159693,-1.48544606328264,1.763236956996571,0.7842710669402491,1.1792559864993097,0.5906241074158302,-0.17552935428136987,-0.8700409254820346,-0.3318053338660078,-0.017827014580888634,0.3704071831026903,-0.908623074726211,-0.6337011842765341,-0.8730855809052819,-0.1503731439209092,0.3865271446103969,-0.23893917330001344,1.300776340049838,0.6498064793191478,1.4430130811563409,0.9015173956859864,1.3207485730836102,2.0687262250516003,1.3491363729272388,0.716079267605952,-0.39009831077940815,0.23207084110349682,0.15769369299796276,-0.11952067911404389,0.25418475692171866,0.14644478812551498,1.3523130021873004,-0.21946115331851143,0.7729484860332145,0.8091288808117351,2.2412226567006925,1.4078055200249542,1.8052869154543232,2.0560211336366443,0.15896036344874692,0.5419872061775552,-0.2867237088341452,-0.4502592947344439,-0.4270591244517168
0.7972514932015196,-1.431864923866213,-1.177408219323821,-1.0532846632561352,-1.6595873766787255,-1.5497944095186507,-0.0857762065753605,-1.3580087505757186,-1.2780982571144384,1.3173564705726475,0.9751196128651733,1.2170104087042823,0.38879394674723416,-0.34413619569493337,-0.050314823628917996,0.04573561027507279,-0.5057963169546847,-0.3329131291994049,-0.03883409242062243,0.002025569500399391,0.2425133883654213,-0.9752103793945861,0.034854984956656794,0.8838219577885507,1.8066678506173708,0.9030136378448279,-1.0838247013160538,1.1860508961914695,0.5195726465037326,1.098632840261421,1.8853403748868744,2.158839937008316,0.09537581448150914,-0.37561494848592,-1.1217587491110195,-0.39466478533176597,0.39007777697759155,0.36610916916960573,0.05365648346928562,-0.013329056323056698,-0.2166825237339558,0.7755469976436034,-0.004631784854887757,0.23987741788696973,-0.46347653263386657,-0.28866662399037707,-0.9354748515413671,-0.9181431059390207,-1.0126423391748751,-0.3416307063298258,1.6593395663416532,-0.332613160406719,0.36931248860062066,-0.3748989906165411,-1.6817757732626386,-1.2862208265850106,-1.3699404447908667,-1.60820217901274,1.7614332217430317,0.5981359830573828,1.3390497492776212,0.7139997488261587,-0.09047656103160125,-0.7209502941092776,-0.24291658442372593,-0.050156815810474674,0.9915093794578881,-0.6651780862310875,-0.9253609017190692,-1.0312621334019694,-0.12944583781184624,0.20056180318274297,-0.19839749072469579,1.7594222556673107,0.7790386504138062,1.2943325009040094,1.104610782393678,1.3496404467806333,2.2933060288634333,1.2924448507870283,0.8216979030703624,-0.36808236836304015,0.1506031330580484,0.048378555078707065,0.2863934477389545,0.038862445242392615,0.21677711818736792,1.311387734271053,-0.08245257431407615,1.1807614582047228,1.0188902636914905,2.4063987187882727,1.5802935544618884,1.6910206328007313,2.245342178208216,0.48471616686171176,0.7275765612155171,0.15771141922703127,-0.2833838846716473,-0.22854749892985915
1.1775614798428482,-1.1599072022607952,-1.008646982195285,-0.7732539025511674,-1.5765507428721302,-1.6209020851381395,0.35645740705712337,-1.0848331915043952,-1.2634208902052566,1.176659084705551,0.7494373965611576,1.1838122951014487,0.33695413911770195,-0.3124919118235086,0.031803523219962396,0.43028550146077194,-0.475129345446411,-0.3078788607762691,-0.01843279299526452,0.3447886324738613,0.39394306488959296,-1.190980404733007,0.04094867413152712,0.9298326922131482,1.431326123545765,0.8160519659373635,-0.47040207794909145,1.1870806466986785,0.9996918762125381,0.9054118363989643,1.993644556056006,2.2137409496599147,0.2815684451396167,-0.5999701279237137,-1.1900628304009735,-0.13334358070663477,0.5357280512698195,0.3839275047371207,0.19520236674512073,0.2715333265571674,0.06453371770661455,0.796539086058274,0.11706388561080978,0.5679901510813371,-0.19622286647572743,0.04472780853573523,-0.9329514776258183,-0.6493262205359115,-0.594681614557688,0.024183196370756704,1.8973587362247057,-0.2469450185047449,0.4133299200110694,-0.4522041655577464,-1.7853064310363989,-1.375029508207361,-1.0578183456714374,-1.5533797790342248,1.6166803351326233,0.3562980796040757,1.3962245381287575,0.770829144181499,-0.02093699159794299,-0.5618085377429829,-0.1610043880293533,-0.07182474092011591,1.6208479724636282,-0.4196677375781556,-1.1465851087200432,-1.0175802617991434,-0.006215953492616982,0.027264174539289344,-0.12422385591601404,2.1495629535787044,0.852844796037502,1.0751521209606376,1.3009173584897231,1.3160012981568463,2.3632447065173605,1.2138984479105457,0.9675139933007193,-0.24442796788410986,0.16734194625953513,-0.0007371712237674355,0.8289669051048317,-0.0783668001274351,0.40518044219813193,1.2105902805403719,0.1677850507761169,1.607709708315222,1.2226669423587853,2.3371511886399885,1.6573654009671681,1.481896334473319,2.3560620622044457,0.8130413137413511,0.9769453548272403,0.636718841940795,-0.07546452668544522,0.04335835938787213
1.4911030085629238,-0.8355910809237335,-0.7544060364928319,-0.40274637068021407,-1.3464761313513334,-1.5445568841003763,0.8261420994613045,-0.7578730257526739,-1.125283097969761,0.9440830849753428,0.4342090536143818,1.0332030521656808,0.2475243193761652,-0.33263651197011135,0.10920355144661699,0.83787872330433,-0.47539565086148755,-0.21146031532157303,-0.08294333899753142,0.7238262255766588,0.5390264148692158,-1.2388921539335749,0.07920156129052289,0.9306260177106374,0.991186109880317,0.6983912728287965,0.25505986964468946,1.1301200484500424,1.451886795134753,0.642422636261228,1.9584914819595858,2.1533995279087006,0.49099400699700885,-0.6853189482009625,-1.0089498919473572,0.17570449845420938,0.7558042255926196,0.32125733868105455,0.2857765951641247,0.5170881266213117,0.40600654255610985,0.7749066271841138,0.3527961584986581,0.8772386946207784,0.17575430620293717,0.4377437579130724,-0.7865139779384094,-0.32647477009810877,-0.14707518813122064,0.4020360011565597,1.9979077667259273,-0.15323582428797194,0.4819507781019341,-0.4054276731862981,-1.7299126908075098,-1.311093849202509,-0.626887078860591,-1.3322191461447175,1.348093561507742,0.08730240049922829,1.3320133123610263,0.746777613812113,0.008773798516505801,-0.44240123128945125,-0.11402201033383551,-0.09319749414399842,2.1511527671607635,-0.22767321802998136,-1.2926087285532375,-0.8543874339566048,0.18393740676810075,-0.09132831655902592,-0.04884050127190675,2.419043595053143,0.8583426122631004,0.8295231120496114,1.45694013868016,1.2202326703707653,2.2721156192380825,1.0996132403912244,1.1376860354570941,-0.039237627808493235,0.2857481175400537,0.039655204817222664,1.4407155510508045,-0.07775535473386776,0.6894869446889919,1.0689935291886057,0.5004110100509687,1.9721475639331183,1.3607691545229847,2.0198767876553596,1.6074079835626576,1.2159231567305382,2.3773924958619186,1.0862742692317064,1.249186056875635,1.0673570289867804,0.15467261381956526,0.350686000581826
1.7049493554847845,-0.5062705411801174,-0.4465377243565529,-0.003324995396761628,-1.0148342782148418,-1.3264223965364825,1.2386858718598444,-0.44119799930943165,-0.8868949182346464,0.6470264915610152,0.07404942848647393,0.7807790474619216,0.12590515712680198,-0.4137925932353909,0.16316587656288248,1.1915345456358428,-0.5065957366393907,-0.08704799080419787,-0.23767428519417452,1.0646109753430364,0.6304912726156007,-1.1013645421132687,0.11170633526374066,0.8853488143851777,0.5670479767969594,0.5720394228005296,0.9697533886400653,1.0196823324910846,1.8045285534255406,0.3249196585271695,1.7815412660253163,1.955581900602909,0.6610183716924306,-0.6454451335752195,-0.6001124931756052,0.4940632970883561,1.0117970016882363,0.15648761165681127,0.2928867264336137,0.6545638105124433,0.7377266686272328,0.7283191814850396,0.6537504175822457,1.115811376092621,0.583889480506428,0.8174555149553138,-0.5471799630299202,-0.022670398110360937,0.2887702458695148,0.7335120541636123,1.9456597939297398,-0.05760163446598695,0.5466912143139516,-0.24725368590632688,-1.5385071464576299,-1.1055885674540535,-0.13999030035551827,-0.9874139896452104,0.9901658310074788,-0.1713454645835297,1.1492699200393826,0.642684696731866,-0.011953842402088386,-0.39206379108799966,-0.114680835838836,-0.12085164036048963,2.4877330162866316,-0.12599632623058063,-1.3693187739921526,-0.5946242234093703,0.39292965042834305,-0.12334084212494789,-0.0017994295465758928,2.520259559363363,0.7989646161380094,0.6040218637376873,1.5398533600789404,1.0681567574269666,2.0387824402924575,0.9303060133309587,1.3039763325851925,0.202221069088942,0.4829631725395955,0.18071001656990426,2.030592393936476,0.02836353537334223,1.020083082105883,0.9053904982499119,0.8610135921826575,2.191161691266271,1.3720542617860085,1.4818601147308377,1.40510286344096,0.9368896070862324,2.3007481908121012,1.2565458799076803,1.4907652362533803,1.374405632827953,0.38123421740610397,0.6442247408618178
1.8063447184695658,-0.20618070659387416,-0.12456663941115881,0.36741356027735456,-0.6368517095731173,-0.9955847801189381,1.5223667264481031,-0.18808918018243864,-0.588629702547525,0.3198452736877371,-0.27890831090297247,0.46066897644495897,-0.016047586510086177,-0.5439387695679706,0.1844068841742336,1.4271070496244003,-0.552948339911632,0.020377541767633296,-0.46379277952236236,1.2952221220437514,0.6374431064903625,-0.7921084067204682,0.1007961918216902,0.8024463632402662,0.23268804894412082,0.4528690904884909,1.5478704524420406,0.86190577443384,2.0024837794572585,-0.02405763978533543,1.4911529507150938,1.6170779934489574,0.7348080370283742,-0.5193936665326246,-0.034031488476954044,0.7758050737225152,1.2508041416645814,-0.10771927452112878,0.20243120596165204,0.6350830099254635,0.9866004135587213,0.675573454532481,0.9542823267097064,1.2450609738192744,0.9489025533675236,1.1116848801022596,-0.28708525777156846,0.19537749425025436,0.6768415814457686,0.9671640410326771,1.75196234358238,0.0405136379814444,0.5818503803833239,-0.009117649112810043,-1.2529507983218395,-0.7973764156783508,0.337374388398807,-0.5816030513864606,0.5835515956765107,-0.38195837645064235,0.8704128133198592,0.4745535753903491,-0.07776696925882315,-0.4131050207375117,-0.15671925971282616,-0.1554266544611917,2.5700545382526507,-0.1246180149869205,-1.387356971737541,-0.30657291535195524,0.5732227988284708,-0.05655154656189134,-0.0006299132289047355,2.418869229840905,0.6920105063646125,0.4345247001188981,1.524644615430129,0.8691099921308746,1.7046157332773166,0.6904358913622677,1.431314372312231,0.42048319382466387,0.7154983749023671,0.41028814608138825,2.5002742014365427,0.19936592052602195,1.3279730781452952,0.7326187558671259,1.1816487097852142,2.200727726462143,1.2113054457725052,0.7870753062637659,1.039809016542399,0.6854034328496966,2.120529482035787,1.2950667625442538,1.6475145036371528,1.5069478871706579,0.5755985828852384,0.8719625180164102
1.8010220236970917,0.04818826158903894,0.17304632510506565,0.6652366350670377,-0.26466061126014706,-0.5967525748363337,1.634813000920322,-0.029868024365788167,-0.27801880913348126,-0.0031556614931243835,-0.5773941639810871,0.11731448376058287,-0.16184378940602628,-0.6929085956559301,0.1735596324611364,1.5066645204025235,-0.5867649455592661,0.07623293020184567,-0.7205688602402163,1.3617718164535342,0.5546843700217025,-0.35580470494357375,0.020643095598437838,0.6979221591442759,0.03826486003715117,0.34605728082684634,1.8841765743247607,0.6613823377348799,2.0171822398158534,-0.37589612197337663,1.1370369743784416,1.1585168998811994,0.6767681140707872,-0.35925013193034344,0.5829850832845274,0.9746448623914474,1.4148684801482594,-0.4405783016450287,0.024518645715365283,0.4438772683388981,1.0933271095329538,0.6302815380755175,1.1880580946012014,1.246159256120972,1.1971622118021341,1.2648980027119958,-0.0811894251289765,0.2816260742873556,0.9899339369701036,1.066978198966359,1.4513982926409594,0.1457852995098741,0.5712315566972322,0.26463291580720805,-0.9213553033749801,-0.44228720917755276,0.7478664568231743,-0.18167061442079072,0.16573079672259564,-0.5164507040766402,0.5312242146916888,0.2706771143136273,-0.1692923227367591,-0.48238874568916235,-0.21718671027407377,-0.19164216825909747,2.385789897613322,-0.2058681902423643,-1.3570731578039943,-0.056588233562434094,0.6891768804243974,0.09644689904077981,-0.04590594598503759,2.103144735156726,0.5622792380224841,0.33559176177498223,1.4001360118344137,0.6339963363395213,1.3266496380975388,0.37684890327075904,1.4849378478557997,0.5572278409278917,0.9296383573896172,0.6926412478766566,2.763386751447149,0.3768831183746034,1.5382212073939099,0.5544055328237898,1.3947134876405796,1.9729890118545401,0.864632845112417,0.02508021448438698,0.52403251900797,0.49075620565325645,1.8363286775809167,1.1982058513698903,1.6780578532751478,1.4496787927991222,0.7124146393046202,0.9894520617139131
1.7073340977287097,0.2566459811779622,0.41716996107351983,0.8630463263446747,0.06249691770401681,-0.17973736404993984,1.5709359948454777,0.028661201011507466,0.0010715735444702464,-0.2940314846131265,-0.7898006892355861,-0.20444040033202016,-0.29311099475733743,-0.820547529768018,0.13891754383432114,1.4244018975149313,-0.57620912948414,0.06360024365846767,-0.9538427578506873,1.2394514169860462,0.4035626992072761,0.13782174049360787,-0.1352141443521038,0.5911667911211033,-0.0006112925712117213,0.24562044844076825,1.9137016918498466,0.42016062474815286,1.8509093372706211,-0.6999766059417956,0.7791368643276999,0.6236080368494452,0.4822720392224625,-0.2171311534355859,1.129032512710985,1.0523070353447301,1.4523702778040084,-0.7867049603170733,-0.20679293801524368,0.10618365392896101,1.0260552236765046,0.5969581179717598,1.30311985241893,1.1233048940977484,1.275233171929119,1.2504620545121554,0.011012242489457773,0.2197189833163055,1.2116674479136007,1.0183576157354128,1.0928778749909187,0.2622093169201374,0.5108040518220843,0.5237891400127133,-0.5858443809764409,-0.09875192771724667,1.0494773494688738,0.1565696448340577,-0.23585390579169505,-0.5642216913150259,0.17256444353912082,0.06647980785732638,-0.25848947909342246,-0.5601687697467689,-0.2640729071313437,-0.22029939883194416,1.9736222181733696,-0.33073768358500705,-1.2859966700135281,0.10564055890885934,0.723497844637423,0.29941054278885026,-0.12182239896883275,1.5911813734344566,0.43408404300083714,0.2960617852610802,1.1724097166412961,0.3741911959154013,0.9673065762431877,0.004002742345463131,1.4374242899822263,0.5705995444774218,1.0737131182364195,0.9734992521486869,2.763569686796402,0.49919291997666704,1.586144231667889,0.36583478405898334,1.4474190231077844,1.5255901836383468,0.3581027205943547,-0.7046056380200195,-0.10147936768202087,0.36538953636657956,1.4559570464559646,0.9891245097423434,1.56508849012253,1.2259032044005564,0.7759519762863809,0.969747145463008
1.5486063955227611,0.42904112469679273,0.5934739832583207,0.9496110170956625,0.32286375868890566,0.210731292956453,1.3605195228707725,0.006552854707998248,0.21712614848706788,-0.5354169938102686,-0.9064233179594764,-0.4683233604326622,-0.3927739413428716,-0.8876405347775832,0.0925629377265718,1.2042693234049215,-0.4950393808306685,-0.0155307155568132,-1.1088725718831247,0.9368138676534562,0.22427436528753,0.6051138292592136,-0.35229963984541957,0.4996053452817899,0.09454952981646485,0.13824989678244662,1.6238128998678687,0.13962860628185517,1.5346727411864567,-0.9679400232450974,0.47339127662991687,0.07274938234586623,0.17904985847863863,-0.13440398426157363,1.4903028727819336,0.9863525003665736,1.329284672595709,-1.0769106993121482,-0.44050774226960865,-0.3172490971496812,0.787489710623405,0.5706469953396884,1.2722880742487044,0.902923855527136,1.159600039166556,1.076238738139359,-0.04070056949302897,0.024987011567160128,1.3369847576854015,0.8304822168397421,0.7278294346642483,0.3878956507749195,0.40708114748774604,0.7196209162615557,-0.2743788642736802,0.18607150882500836,1.2184975218243368,0.39915618089237853,-0.6065105241228888,-0.5357048564566202,-0.16770555758256092,-0.10201116661979921,-0.31590398856250557,-0.6033517460590601,-0.26699826405043076,-0.23150625737620129,1.4140751168058927,-0.4504243885486623,-1.1791805056298825,0.15600146175791244,0.6776741855673913,0.5002119944897765,-0.20176923462974453,0.9331340294404257,0.3243336061328537,0.2825705801700905,0.8647288843411615,0.10166286539761359,0.6822427680116138,-0.395946283265345,1.274195568235924,0.44616365610432895,1.1091546413520916,1.1899416938889822,2.4871699333758714,0.5158120137636741,1.4326466401827367,0.15729301107219953,1.3134186247043182,0.9199447844903065,-0.24352846050302424,-1.3095221477145251,-0.7691663000713643,0.3032315626525359,0.9980800567419359,0.7141689357922476,1.3210594384258347,0.8911945492195724,0.764690141536443,0.8102650235721839
1.3463480583401863,0.5768709079129598,0.7036941848305004,0.925523220883011,0.511311198119199,0.5423467728461411,1.0569410022198218,-0.0616920049008749,0.35557199646578774,-0.7218889883254669,-0.9395348697102458,-0.6526146521269514,-0.44810362517129365,-0.8666415566794813,0.04632385681284012,0.8909259697172585,-0.33176401007042544,-0.1442392823509757,-1.144243720132491,0.4928377223096023,0.062468099070686976,0.9632067800465468,-0.599552699478489,0.43389074321081883,0.2714061949424008,0.010080799255032153,1.0564112444075449,-0.175362676655106,1.120566917038275,-1.1578245812496561,0.2582161338209848,-0.4274719030995126,-0.17995278202313592,-0.13483928508835946,1.5837891195884428,0.7757520256254103,1.0378677927620732,-1.2441089146230693,-0.6212098602436806,-0.7442114598087313,0.41392296126400496,0.5398497173629326,1.096957967366449,0.6287852184663529,0.8598817083745327,0.7820734277651401,-0.23104767993567524,-0.26051360597829387,1.3712992393740844,0.5345269772413291,0.3989688184022477,0.511650090030232,0.2726444254051031,0.8119127360786362,0.0014623736273566515,0.38600517586682886,1.249030133959852,0.5377831414765343,-0.9425716703607169,-0.4603334253983177,-0.46071225600900045,-0.2049309803926382,-0.3179909939019449,-0.5792410038829381,-0.20769167280227707,-0.21801219014142878,0.8108873506424199,-0.5198701207840666,-1.0414746127512542,0.09776383090781512,0.5674106636311401,0.6434796700385721,-0.2568890668587699,0.20663016136155113,0.238862979373865,0.25010316524836734,0.5138875262634365,-0.17003890485129008,0.5087091053573115,-0.778298620414724,0.9966197899509067,0.20051218462367879,1.0177969474429045,1.283176773726146,1.9673073966715604,0.3988456204346578,1.0749697530635638,-0.07946908708415791,0.998875154407723,0.24838755055235937,-0.8483681724570749,-1.7195208932126393,-1.3940664943603553,0.2822705719608869,0.49301410866556233,0.4340425054757762,0.9861624080735735,0.5191948048654849,0.6925679903651061,0.5345214918289194
1.1163462922824194,0.7059096633037082,0.7626241815373174,0.7991578172517654,0.6345217362294191,0.7984355318716126,0.7211444911464859,-0.13734906243090228,0.41879708366630164,-0.8584185313357995,-0.9174731815191643,-0.7520878317504684,-0.4530680259082464,-0.7493137769037562,0.0088751751006515,0.5373624028007905,-0.09557043887046793,-0.2975666306019079,-1.042944254492105,-0.03176720920673315,-0.045110596420855825,1.1456908362666898,-0.8378378688528214,0.39525788908272586,0.4601529809376286,-0.14607538902553446,0.29997463827441717,-0.5119015076656919,0.6708644313987736,-1.2572600448429136,0.14557236799045584,-0.8162894347093623,-0.5299633578925707,-0.2220846306609439,1.3745779353765486,0.4429425452950403,0.6006941064100918,-1.2404723363178896,-0.7040117067793378,-1.0910057335414098,-0.033189568203295175,0.4913226262647337,0.804262312173701,0.35364530371319275,0.41542974425668555,0.42983212217289857,-0.5216529219286983,-0.578166310827178,1.3287251412521175,0.17806134113849723,0.1328983296735074,0.6130982440232049,0.12119712772327373,0.7752470046545669,0.24305644910788526,0.49922217348763775,1.150547815172478,0.5865181471985992,-1.2463203359169686,-0.37919372397462675,-0.6894053607377969,-0.22434329966268599,-0.2527914489072408,-0.47578637857000317,-0.08693897713242403,-0.17752160239395015,0.2679418980947777,-0.5095770589860532,-0.8800260391633523,-0.04296870809442695,0.4156176312754011,0.6847357487449758,-0.26487250545437074,-0.494717414125867,0.17303046701949776,0.15634514908468797,0.16382993007521085,-0.42483107185406677,0.4571595699828077,-1.0947980056862925,0.6224274807228011,-0.12325949667131333,0.8040297027791786,1.2113992158753226,1.2779994166602493,0.14867880076089607,0.5499961978269572,-0.345276170592553,0.5416662236983025,-0.3865542963754577,-1.356663129561585,-1.8975838135386467,-1.8900482947596293,0.2706637615420004,-0.019430260167264794,0.21098056588198427,0.6186752750781258,0.18331314135938612,0.5863190597242182,0.1880102364849964
0.8684764619539809,0.8123740823171617,0.7920500235640133,0.5846399168208902,0.704693281374935,0.9771368532499815,0.4061286059513893,-0.18809528473424825,0.42250305163660967,-0.956466714548119,-0.8745853692169571,-0.7759559273977868,-0.4094572782586553,-0.5491977149800955,-0.015210770065371412,0.19307174309559927,0.18298759348805918,-0.44960530432119544,-0.8172955591157253,-0.5662539706169007,-0.08101206609121596,1.115876783028157,-1.0298015141416166,0.3759645398601976,0.5904738470717414,-0.32571689719564656,-0.5267432673981125,-0.8461758682719702,0.24670017247345058,-1.2650688537382067,0.11929830240409985,-1.0493749810448456,-0.8099758907116086,-0.3809414065934908,0.8841381754270689,0.03177824929827966,0.06889164904902588,-1.0511579622701663,-0.667664248518687,-1.2928246220763142,-0.48059902177471675,0.4147980520831859,0.4392516088689557,0.1288400415320885,-0.11329712383377379,0.08867242117107628,-0.8509018972465697,-0.8652820433159877,1.2298819686539542,-0.18321011247350283,-0.06157791546315764,0.6669444009836929,-0.03558322464300872,0.6039663066465984,0.45784331234285164,0.5451002659208032,0.9449325831340704,0.5734601677459245,-1.5195891117936497,-0.33407265974958444,-0.8481055000432027,-0.15783256396831624,-0.12271817311546046,-0.3054170458231304,0.07435312886423198,-0.11318638121295677,-0.13226066418984977,-0.4125378153537759,-0.7053680268735925,-0.22597143403737385,0.24594828867006294,0.6019799642443179,-0.21643870025606263,-1.077724739821193,0.11615163020628594,-0.02461982095097139,-0.14193717555194718,-0.6442056795494647,0.5084450619969736,-1.303997419254907,0.1836175472897364,-0.46664226024348154,0.49187692242907916,0.9596114136608989,0.5195035968901885,-0.20687361516732836,-0.07106723794362024,-0.6296395759696856,0.004109077313456066,-0.8950858059923893,-1.6829210275255817,-1.8444031488509187,-2.188969995820716,0.2347873086938251,-0.4952913759504981,0.0944546711491224,0.2801910916478438,-0.06065048518379813,0.479509696156572,-0.1708716591325606
0.6096843446591182,0.8836990572068382,0.813638596009337,0.3022467000395389,0.7342334339883994,1.0877245445010986,0.1465533530460115,-0.19522085919205528,0.39014036754606884,-1.0286849393419726,-0.8399558428180657,-0.7427666906559268,-0.3263901998429772,-0.2981658797930655,-0.024383429041656142,-0.10409031350119577,0.45733429702681105,-0.5787054071375103,-0.5060634572161519,-1.0414524496434674,-0.05015956335730596,0.8744759827466616,-1.1481363752418345,0.3627063549485094,0.6079277677779114,-0.5117633895325026,-1.2958580572840006,-1.1442366113907896,-0.10102159253298384,-1.190902568119305,0.14136180276473986,-1.1056555398700634,-0.9759939665681867,-0.5815306448118394,0.18763943934485575,-0.398475470484148,-0.4853358130380091,-0.7003229968105182,-0.5215006944472582,-1.3186766176083211,-0.8579627818085825,0.30603637160517894,0.05478293568519499,-0.006066677600078392,-0.6561124292833256,-0.18043637414837382,-1.1482821872942959,-1.0667811002788412,1.0995816414448008,-0.4946173492735304,-0.1895822321219312,0.6504500814064108,-0.1882104041511112,0.31497836057430584,0.6520478236293332,0.5561810983580773,0.6637504495528286,0.5306015915312635,-1.7582851689304575,-0.3556097656549711,-0.939423202762648,-0.01902532279409786,0.05608648315434017,-0.10136301945649184,0.2406086418228603,-0.032070051861022165,-0.3433739573844863,-0.24452784594625043,-0.5302752809423601,-0.407083907628845,0.07909827913313532,0.40125055459769704,-0.11786920772036395,-1.4673389420295664,0.05807545831409143,-0.2934117797415641,-0.36740514364843285,-0.8090364402726604,0.6178486176654627,-1.3802100002089381,-0.27771482384568574,-0.7700412244805122,0.11842654377093097,0.5438673011316189,-0.2016881509033005,-0.619255856576499,-0.6957608380193383,-0.9105641665299823,-0.5389276865653244,-1.2188207305784937,-1.775049193139744,-1.5959780934796703,-2.2571059351571585,0.14723258604858808,-0.8940525063641649,0.10885369212247882,0.020037030990388498,-0.186166765453961,0.404841375355162,-0.48257331866994746
0.34845745363436154,0.9033038452538444,0.8428824169485585,-0.01995445884485497,0.7330335755812598,1.1457195268689135,-0.0440562934844639,-0.15597810579435875,0.34727330444525434,-1.0834042174101892,-0.828088347491454,-0.6737594919755129,-0.21809675246719573,-0.037889300850072014,-0.017650041176131084,-0.3308849261452713,0.6754436874417493,-0.6699615710693291,-0.16430755869786445,-1.3988872484208001,0.025027514463035336,0.4596251012099991,-1.1800717321093022,0.3418728582096045,0.48606732688347776,-0.6782166077270712,-1.8920042728056239,-1.3670597245825935,-0.33689056141631146,-1.0529112417999107,0.1644178212352218,-0.9890540531317217,-1.0083051727846897,-0.7853764073157263,-0.599466123771149,-0.7822491082985109,-0.9805918552132228,-0.24691230527237698,-0.3032710656276178,-1.1764523435937402,-1.1102437680843262,0.16758806368278076,-0.2980352288485518,-0.031203636647698773,-1.144413491461318,-0.3368027997599506,-1.3493674690411603,-1.1435848970564633,0.9644064230732814,-0.7107223001465479,-0.2628599345159359,0.5518927795824407,-0.3269692011660099,-0.0525953690207955,0.8258152043462186,0.5679508887985667,0.3456326752594242,0.4851719374021707,-1.9496335064554688,-0.4536351447669886,-0.9697537654545192,0.16531320494114737,0.25757699044300986,0.09250437218821726,0.3721698273898139,0.05792859800371544,-0.3602332360433217,-0.037904997470948665,-0.36673764043935064,-0.5475057451567658,-0.06751609401757014,0.11445178741496119,0.010792637602839251,-1.6213082482169974,-0.004492571987957456,-0.6237569493203936,-0.4891861551106845,-0.9029759311114675,0.7256635956889733,-1.318680823848377,-0.7150733758975429,-0.9863393343679216,-0.274158041557469,0.008756511808409752,-0.7934229493842629,-1.0297639516957107,-1.2284615080379546,-1.1584097086416623,-1.0137470639690902,-1.3400751637140063,-1.6254214547766228,-1.2146682265467938,-2.1032881961232266,-0.007035908310291711,-1.1865507204953958,0.2466225921427041,-0.13638399950160357,-0.19888049309987288,0.38668393727060413,-0.6978857311951702
0.09855533778821153,0.8573964361504404,0.8856412527626207,-0.3453375853340336,0.7086043989245471,1.1683025899866963,-0.1688209134015651,-0.08123574644159698,0.3171806075388722,-1.1201765145417497,-0.8340935760271834,-0.5864127300793486,-0.10032471826104836,0.19153911728501932,0.008103335525065727,-0.47698421791170326,0.793249240577787,-0.7153674109619594,0.1512994474939846,-1.5962813916418361,0.1152552269330879,-0.0609123139609575,-1.127265616794546,0.30487351519772204,0.23190972381953506,-0.7971544189034234,-2.2303775108275072,-1.4790355187050088,-0.44224230431580724,-0.8738618079493562,0.14717013952097202,-0.7253023637850609,-0.9112908838332989,-0.9524576413507785,-1.3430464290540685,-1.0583992651729746,-1.3403597300369,0.22946830206696997,-0.06762444280627514,-0.9066991151939607,-1.2052259251737565,0.007725185908397126,-0.5767242112542144,0.05011716210124807,-1.5201017937356014,-0.36576023395974006,-1.4078872681533998,-1.0765054286070057,0.8499889875159763,-0.8010570726247522,-0.29227076758694526,0.3771281225867253,-0.43869385561261176,-0.4417228886853738,0.9723043618920513,0.6093145244706165,0.03305638285709869,0.45465845498113827,-2.07299034419763,-0.612425708205143,-0.9448101891862971,0.3611851365166179,0.4518586205524842,0.23541190141037965,0.43793820317822696,0.15160873018373971,-0.2140506738928562,0.16908351617986286,-0.222403721579961,-0.620653785201941,-0.17778810304246384,-0.209843539305732,0.14111312954681143,-1.538093403223055,-0.06424764685659344,-0.9683628780469119,-0.49897915519158914,-0.9165274819714675,0.7722989551725452,-1.1357146944761665,-1.0841026916495886,-1.0902431605977159,-0.6458221115500099,-0.5812692712177177,-1.1942340814496415,-1.3814523648700014,-1.5895160132100716,-1.3428018803505755,-1.360437786644451,-1.2796945331192904,-1.2710639299949897,-0.7753795856686186,-1.7754958952450008,-0.22745486055969347,-1.3608413105905104,0.4692316253581023,-0.19181049752961216,-0.13043697842873403,0.4356195745952142,-0.7865223979177142
-0.11997524058635683,0.7413249264799843,0.9378688491462499,-0.6307315842650633,0.6681567578025858,1.1709791015603093,-0.23851118431367652,0.010052395242989422,0.3181455955913233,-1.127548074093498,-0.8346490730457625,-0.48978659703632,0.013764576218737851,0.36268972904208097,0.05969671989457096,-0.5405705472047967,0.787385872487901,-0.7127240876713636,0.39751169139695813,-1.6096957859117873,0.19655944111494694,-0.6034112671052679,-1.0017876672160733,0.25173514605166947,-0.1159161093529387,-0.8466701953005847,-2.26821572053887,-1.4575457903364275,-0.41348391355527714,-0.676506860244551,0.06807771505923489,-0.35524665419463264,-0.706860170001849,-1.0482209088923737,-1.915646626508297,-1.1806392106738404,-1.506596799076318,0.6491197664802195,0.13174297551246533,-0.5672924682815994,-1.1352780879464532,-0.16132271575854432,-0.7508317831945622,0.21332104870705162,-1.7409461626017886,-0.2772322098423809,-1.3025744980055618,-0.8658544998197278,0.777882023130878,-0.7527131842453486,-0.2830944277999824,0.1517163804184207,-0.505118124751481,-0.7858191779081382,1.0806135694803372,0.6959765602027825,-0.2321534089841229,0.44603642423083706,-2.1039605541825135,-0.7925578184675147,-0.8665948189200826,0.5350086234102707,0.6120153808064639,0.3029960059403033,0.4261412661536197,0.24909172648742728,0.039667296063573595,0.34419615235522544,-0.09822140308565835,-0.6159030187212533,-0.23482093759793232,-0.5196380748968458,0.2436663534529155,-1.2559982136362122,-0.10363481419544866,-1.2702319782161706,-0.4034073896172852,-0.8503409821076693,0.7144271688960728,-0.8639522887154588,-1.349101761596335,-1.081451659714126,-0.9635232461262977,-1.1544537698340516,-1.381936685599251,-1.6297137622536504,-1.7311026384138488,-1.4404393771769022,-1.5419579047280927,-1.0850892095164586,-0.7832833608113398,-0.3496700036151563,-1.3464224597149683,-0.49779835735754097,-1.4240551823567034,0.7162953895164615,-0.17285236678550814,-0.02570128779713288,0.5461622458716807,-0.74114092799609
-0.2834462623326865,0.5633330563319129,0.9881318057378827,-0.8319624322768959,0.6210376416254492,1.1657683703636825,-0.2621494844302857,0.09737846260280433,0.3621269111544774,-1.0839306463076324,-0.7944156015889622,-0.38281766304669174,0.11697544024965127,0.4683891296985098,0.14715874500307405,-0.5238105432205248,0.6635410557051461,-0.6644024507380697,0.5555199940191776,-1.4334652982592506,0.25953670232763865,-1.0841752596218903,-0.8200720346041895,0.19176981653916028,-0.49540606276994553,-0.8170922884389809,-2.008436231572689,-1.300486458424069,-0.2591953150945562,-0.479251254927363,-0.06675805368799076,0.07321544348006412,-0.42469185791132585,-1.0494518399159019,-2.22025308381759,-1.125623625193854,-1.450219859174064,0.9533716666165494,0.2606242342457661,-0.21423411699112577,-0.9142592938749099,-0.3247069652161564,-0.8023916097314376,0.4194797643454072,-1.7825697771035727,-0.0985464149727426,-1.038201383543951,-0.5281080413275383,0.7622482526700243,-0.5699957814252469,-0.23476227585057471,-0.08266503791593144,-0.5046581347153716,-1.0201986915786143,1.1409715468774622,0.8278319068633814,-0.4146540170673007,0.4581788217013071,-2.020566844917547,-0.9394316979554532,-0.7328001378472541,0.6611242196913741,0.7200816818692745,0.296166498120116,0.3496405440382321,0.35634695753538953,0.3363386164289911,0.47066325185973046,0.011418042253112212,-0.5391830869000311,-0.22086601403751896,-0.7725281877019109,0.2955946350174731,-0.8437675372570429,-0.09946435775035653,-1.4759674956676772,-0.2217722296650138,-0.7162765900733095,0.5379405016386934,-0.5443481745012078,-1.4884072250535805,-0.9815768484039732,-1.2034754830451113,-1.6448892921915637,-1.3730491506919786,-1.7493640677709517,-1.646134106363171,-1.4411356749926254,-1.5482524523674006,-0.8132407996194976,-0.25003398181484093,0.008755999307893761,-0.8924469340273995,-0.7887937879840533,-1.3994035817481771,0.9207832222595469,-0.11901428090878449,0.07224547068246674,0.6980248703257582,-0.5764971158846087
-0.3703133518584499,0.34457072208129136,1.021834611314287,-0.9120920685252943,0.5799327548503237,1.1606540403604217,-0.24108074038452632,0.16414205432775544,0.45413194130232404,-0.9618448480898358,-0.6761572574134523,-0.25599902952903936,0.2094941812801193,0.5234739025504541,0.28087514612161535,-0.4302980574706516,0.4575905920741808,-0.5765713350486664,0.6346686448714363,-1.0792684964123427,0.31228544228793204,-1.4338928203903234,-0.5972350966279092,0.1411312535452904,-0.8336821731576664,-0.7135061475618738,-1.4958026443730092,-1.0288620802126223,0.0025058080356153696,-0.2931758646538601,-0.2241457621011966,0.5124560724149664,-0.09327558511757779,-0.9479662881731272,-2.207477878735024,-0.8969756842681564,-1.1763640308635765,1.1197069046614585,0.3170218225570842,0.11487323414544973,-0.5716511729950837,-0.46540215968743043,-0.7248803373045198,0.6254207831744012,-1.6382380319076695,0.13546798029979248,-0.64179990583163,-0.09142617230450611,0.807026962873676,-0.27202682400214795,-0.14464772201435266,-0.2770142211550258,-0.41802563353292105,-1.0945841340245892,1.149901117266283,0.9903237801910784,-0.49189735503024173,0.4855289031025623,-1.8096313199345542,-0.9967317849285122,-0.5389082253731189,0.7271313545440182,0.7707105149275255,0.24263311141956545,0.24370927240418952,0.4830642661719646,0.616366399135524,0.5513394477982922,0.11576646288269789,-0.4107737673800797,-0.1204319600767124,-0.9444337946475595,0.286553194375426,-0.3850527830005325,-0.030491286111466336,-1.5473653210657283,0.017567774180600383,-0.535384691319954,0.2638448882712912,-0.21722639205754576,-1.4974600634335453,-0.8264187872262089,-1.3513135005533783,-2.0029836212005416,-1.213930450980601,-1.7369545652050007,-1.36801667822429,-1.349858348628678,-1.3951364225930298,-0.514690605961558,0.24384767000097748,0.2737599176185784,-0.4728549915285707,-1.0625781480556653,-1.3189644892117482,1.026364605987612,-0.06891832923135482,0.13452789374683166,0.8605482047273241,-0.32459513008081514
-0.3682289127664817,0.11542750321709451,1.0258221682119821,-0.8502167193865908,0.5598420486065624,1.1597911470924782,-0.1687334203008537,0.20073145018281696,0.5917451750119179,-0.7349929197735351,-0.45189508482796126,-0.09600783460813683,0.2975970391882423,0.5599633789763775,0.4670122007347401,-0.2653205017192457,0.22857833076530035,-0.45889200830381505,0.6677792221394441,-0.5751567252241448,0.37609600938277526,-1.6073320134605167,-0.3438450624956961,0.1181334381015521,-1.0610793190817416,-0.5539604463352835,-0.8072177004809034,-0.682987042465637,0.3456682613600057,-0.12120144100021002,-0.3529798732546519,0.9202809626989088,0.26503752627932564,-0.751461320568114,-1.882790631794374,-0.5243471137928127,-0.7232633632765291,1.1659151698724413,0.33307645698052785,0.40911836816258323,-0.146251564090025,-0.5641925499679901,-0.5222270904946376,0.7943648162221976,-1.3178859244868892,0.39166485066965073,-0.1560325501609142,0.40843735325082314,0.904488897364112,0.11063307349010808,-0.01385251135782293,-0.3867882854258955,-0.23622891716701716,-0.983965544155835,1.1132386000213128,1.1588661810291734,-0.4593458962545379,0.5211765287114417,-1.4715201285088095,-0.9215512902117114,-0.28238253110799677,0.7355194517012535,0.7716159252170051,0.19023069888486885,0.1564951266148868,0.6382490629843283,0.8348906637918752,0.6063197270957958,0.22298735667123012,-0.26084994163824926,0.0739166627041563,-1.0316691714655788,0.22166099979054393,0.039405724411516255,0.11447573027729291,-1.4684695749200323,0.2815779183043197,-0.33301459972023995,-0.05515344907312833,0.08518649916901463,-1.3886415769264386,-0.6561691501036492,-1.401212094482791,-2.201005132999949,-0.9664523292400643,-1.6081955103630639,-0.9612102470734416,-1.1838742231142279,-1.1187425201366292,-0.22349021165394586,0.633292949039209,0.44927523358594523,-0.11607215846081037,-1.2781500472355285,-1.214240971475578,1.0021920823503288,-0.048289633573839745,0.15269430433806314,0.9993093166718278,-0.027367917170910014
-0.27982059190743547,-0.09069715466340217,0.992197298263257,-0.6481511720752869,0.5747911761243851,1.1640204952609232,-0.03586537201950664,0.20495472191686037,0.7647570995306696,-0.3867562402200079,-0.11222526909302424,0.10797320261895677,0.3898077308262476,0.6168325832411651,0.7026198029952463,-0.03835917419968466,0.044944603156073064,-0.324270696905024,0.6995078866881898,0.03550492706339675,0.47550102685028417,-1.5871856821324655,-0.06619808526665312,0.13787157300604355,-1.124199644642471,-0.3642475912132511,-0.038337737401702536,-0.3129867055882964,0.7375448709241195,0.040361299954164334,-0.3995506570360666,1.2625568121112893,0.633777209675155,-0.48151990925792293,-1.302836832717487,-0.057698748376603756,-0.15491405378050524,1.1417688445555882,0.3648051406725182,0.6818307181962164,0.31891660865215404,-0.6002781344800528,-0.20880158939502033,0.9043066832505675,-0.8472960245947394,0.6444561654841593,0.3681898673569071,0.9311117697959005,1.0359871849932187,0.5395923874898836,0.14779885466254356,-0.3834322836129032,0.03191071324197909,-0.6951544153528108,1.045822900190883,1.30498466280383,-0.3328438963105072,0.5583253623023551,-1.0219774762702205,-0.6971497949479764,0.03242269082859259,0.701114917263038,0.7406550215349911,0.19357548261873,0.13474218786396303,0.824837391401749,0.9659373562887481,0.6648818689821583,0.3354175429710879,-0.12351277107583244,0.3550454135980148,-1.0465217020851247,0.12071957977839967,0.3676184150961439,0.33070474743477507,-1.246940632752635,0.5371984354765318,-0.1324227173845613,-0.3470158916191974,0.34307920477120474,-1.1876968987170753,-0.5061765212549892,-1.3548576312695109,-2.2331729265334115,-0.6921329591804741,-1.3915719950072876,-0.5048649853461561,-0.9659646010821823,-0.7670875968231634,0.04470440567790829,0.8828178412898384,0.5639706446324076,0.18291607158561676,-1.3971451065821323,-1.1072696390591512,0.8511103835316882,-0.06330278246453276,0.13744687332915762,1.0835488875443582,0.27147700655358653
-0.12494225494339233,-0.24445203036261928,0.9205712150626467,-0.3327114022235377,0.6332239178593073,1.171444890720784,0.16116020616443666,0.18045666120016138,0.9553561987200424,0.08192149887665674,0.32854323950102826,0.35801425067281833,0.4916668764929161,0.7272137904647341,0.972163931911864,0.2338218472008874,-0.03255407965276353,-0.18819239960921008,0.7712337981272392,0.6959905737598799,0.6261897280573079,-1.3827882280114174,0.23025793091662286,0.20771478686445083,-0.9958408873051252,-0.1712491908062477,0.7112272562347656,0.03358396520057008,1.1397862693951517,0.19829798178415114,-0.3244470089271419,1.5138738110445833,0.9980593496148273,-0.16945799170643042,-0.5623654524523012,0.4419071731394769,0.4509044324561166,1.1108804291604837,0.47261158880338405,0.9588384513677486,0.7800101338760808,-0.5535438016918333,0.18975128113824066,0.9520227499332687,-0.26735662017167827,0.8774069901620453,0.8783392660587309,1.4336765689061606,1.1751907402576784,0.972261732171338,0.3198871780485542,-0.26240071292621975,0.3559571233571577,-0.2671997105838828,0.9679342771553685,1.4027389821944147,-0.1469179104119532,0.59025677897621,-0.4907257153616455,-0.3396741470637734,0.390385450258818,0.6451616502736546,0.7002926145116962,0.29764549579824334,0.20896966431370945,1.0351775108587296,1.0014949581011627,0.7544166276602258,0.4467468501398406,-0.030258045683061417,0.696729424008852,-1.0088548988063166,0.013765614438221576,0.5666187635090646,0.596002501061548,-0.9104072463255142,0.7557510463194597,0.0509737497227009,-0.5385714353282098,0.5496970108278822,-0.9276014342444613,-0.4002078698022141,-1.220644499409562,-2.111459690328328,-0.43873674070351676,-1.120149814278444,-0.07374721540382517,-0.7163195863867133,-0.39066812809766666,0.2875104836570855,0.9882539242708871,0.6595502389500445,0.4538227388055408,-1.389408448339414,-1.0050063354231784,0.6091375263215747,-0.10080413782332782,0.11119758834993412,1.0928895539024583,0.534067696581249
0.061718140244368766,-0.32659006634412935,0.8183559957293303,0.04754401724922381,0.7336585499892061,1.1779807059728031,0.4127152933995898,0.13422740760891408,1.1395254055145674,0.6474470222717057,0.8326993731013627,0.6431011562379078,0.6009671347412578,0.9066991259167161,1.246991397726649,0.5254229118512608,0.0332522185588471,-0.0673683114096681,0.906951997040384,1.3400821963436564,0.8249476651775743,-1.0255963979473797,0.5360023944527951,0.32471041512331844,-0.6804372454076961,0.0028765758442345552,1.3520563552054299,0.3229798397864664,1.5105884092985207,0.358050240550539,-0.11585715273284532,1.6573244394945432,1.3391336284898026,0.14883249596901893,0.22482208610065943,0.9128898270257302,1.0165264902591857,1.1287032930486494,0.6989700458402489,1.2622136844745675,1.1946619822215885,-0.40880158521699617,0.635937869684343,0.9518008514093574,0.36752054972511783,1.0812450812145322,1.3255526103763817,1.8726204199656153,1.2932753407491204,1.3656795896768275,0.47364659921472246,-0.04541897987647197,0.6860568093489253,0.23477477118007675,0.899655428967418,1.4341018956062346,0.051174879496523544,0.6096830936684812,0.08252144241544304,0.10332425119072254,0.7643269515267924,0.5879279853647924,0.6709206229547139,0.5229404857261689,0.382612121568369,1.249148593599965,0.9472592823221994,0.8898891610479339,0.5423558015777971,-0.004001676868764056,1.053500147334458,-0.9374556354881102,-0.0661284270095698,0.6351188471729748,0.874126053716193,-0.4997654966112033,0.9164339119643007,0.2125538776699948,-0.5745143400588187,0.7088843176062717,-0.6416520899792736,-0.34711474468706277,-1.0129432316959903,-1.8593545986201157,-0.2324360455318682,-0.8239431321880812,0.2784104085964146,-0.4464150235402571,-0.034001954591657405,0.5071808668430171,0.9715412062789566,0.775983560803484,0.7347301236673369,-1.237853660982348,-0.8987993421028817,0.33645080302228353,-0.1346135916837455,0.09765206060293626,1.0218451741427126,0.7343511112340917
0.23724725821655382,-0.3315907490285758,0.699034111462323,0.4307219633222258,0.8622453033417516,1.1778274812651401,0.6922262993451276,0.07426416290521991,1.2899802599626815,1.2629889421117626,1.344816381052536,0.9380710416759586,0.7053694242845144,1.1461963716580492,1.4884539610953302,0.8025711403571824,0.24544343445675865,0.022243407968432178,1.1042838090615548,1.8983928943875548,1.0451242463097288,-0.5634073051104709,0.8333618453627346,0.4751945949442142,-0.21437592416748277,0.14399128744636094,1.8165585899818597,0.5416122349911842,1.8081067914793836,0.5197535119962874,0.20486886539821947,1.684407146654832,1.6310269209314594,0.4378255970445123,0.9465704576885934,1.302694616973937,1.4769930948169385,1.2238502430606548,1.050830750874344,1.5957125086586,1.5241733606817742,-0.16121439273363225,1.0816165366835495,0.9293997380420469,0.9929645560890066,1.2500561721606869,1.6687010327151899,2.2065304254837264,1.3647632050710505,1.6806585424478049,0.5777315807587493,0.2236202007030303,0.9614760412027044,0.7311667938084646,0.8548993368791415,1.3922005580752193,0.21063982103117287,0.6084972888719433,0.6533345850109086,0.5624750312905563,1.1171275407006473,0.5421953827694191,0.6648627383867303,0.8565839866907047,0.6285192701870781,1.4359776652258087,0.8171689828293509,1.0670833848886578,0.6028753198899087,-0.05478200216207855,1.3659602127629102,-0.8444703689798291,-0.0911739562623141,0.5984947242333414,1.1220748600950667,-0.06173750953126201,1.008159515842702,0.35739708933728026,-0.43185826767082053,0.8308078345463528,-0.3579070266361325,-0.34089713728186605,-0.7510676274556083,-1.5059763728565625,-0.07700605692316809,-0.5249241194089573,0.528515517565883,-0.15752789705801507,0.27024883277992257,0.7026235956541085,0.8712627141035028,0.9378631620289076,1.054155513849501,-0.9420134124035393,-0.7692217157217688,0.1023082514325564,-0.1353947716123241,0.11220878268867017,0.8808961810972279,0.8615470040852775
0.35952464045584365,-0.2681560813542351,0.5786674352182857,0.753324905886629,0.9933524393983455,1.1637865822663063,0.95828319464079,0.008023449204794175,1.3803703154552818,1.8630791283523138,1.8014711434413169,1.2063488320508677,0.7836602151861077,1.411562731267231,1.654353644935064,1.0272873435339498,0.5706727588979366,0.06769508823603734,1.3331838523360764,2.3067234191035206,1.239443724124728,-0.05448710639184299,1.095415541827164,0.6363204331423804,0.33880860264184554,0.2462516072987918,2.066533615189061,0.6954573042765032,1.9948303460151273,0.6761081023690932,0.5870923529965079,1.5955158987391775,1.8415072937058372,0.6662195984603657,1.510534105587185,1.5742672451082365,1.7885224352212283,1.3886327488813366,1.4927308146299836,1.9372284281410834,1.7363296608220724,0.1788303528184614,1.4721139444309719,0.9129942880833241,1.5408142489961,1.3776550525180595,1.8776553628444272,2.399913469128674,1.3723311896006691,1.8860172962146964,0.6056413440751257,0.4879838679361759,1.1235888839995765,1.1424462636140442,0.8368483152007656,1.281736405027833,0.28761337394173037,0.5784605062596796,1.1777021478120921,0.9618328329292235,1.4070159554729722,0.5096618022816285,0.6827476856934629,1.2521482328980436,0.8940700954887048,1.5596952063168485,0.6285173709605495,1.261593383549083,0.609857472875564,-0.1780058878972238,1.5709316124212438,-0.7345780338586597,-0.04628978543176499,0.49798359373989326,1.2989548518724372,0.3575219473741137,1.0291976546548443,0.49533382688961936,-0.12592179879282223,0.9272833641325243,-0.09659595004823036,-0.36356703455537703,-0.45770498172309027,-1.0821914031345625,0.040395305077803034,-0.23582963163705897,0.684045527625381,0.15526446700840857,0.5035406258398957,0.8651993043628315,0.7319720660678449,1.1457369233037897,1.4174613935918825,-0.5196305870351858,-0.5948513372513058,-0.03221625543317893,-0.08090311750361565,0.15623281853846832,0.6935497881254769,0.9203629238855217
0.396102091823,-0.15672999527414427,0.47132542910174047,0.9625566484452129,1.0934643914439466,1.1274582966678866,1.1622228033209403,-0.05824230606993525,1.3898969038109874,2.3728364039179883,2.1427478581924424,1.4060261301188042,0.8107179168539733,1.6503409952605281,1.7073332578441556,1.1635791632286612,0.9455791990323815,0.06108906480077746,1.542679204790674,2.515075086552692,1.349773362814617,0.43828577054413903,1.2890001152209005,0.7789899111344049,0.8977577039007221,0.31003378465413894,2.0955798260657015,0.8029710414148766,2.0421648066630302,0.8128990282205439,0.9629094924475483,1.4007468001209324,1.9376727099395747,0.8094565155953453,1.856705691545381,1.7084535093384297,1.9313288704188731,1.5815057733294804,1.952963936666992,2.24087671875702,1.8088897736364355,0.5834164354040308,1.753399694262461,0.9236315340718527,1.94754863224598,1.4556110740155275,1.9359991144103306,2.4279035132295124,1.3091927182117475,1.9622784074800983,0.542393608285448,0.6901851209069362,1.129746707068894,1.4034737118274054,0.836137013087041,1.1165597449131506,0.25448581853010827,0.5127185925633984,1.6159844202226135,1.2356879514171863,1.5948004365739359,0.48129040176492793,0.7132806583723238,1.6385576053623772,1.1136388446060799,1.5869904338871657,0.39865339196415106,1.433728903076813,0.5517125946078136,-0.3556044926951325,1.6142148504201537,-0.6083276469079122,0.06628260011386033,0.3773531214266966,1.3737568577915,0.7169442083610775,0.9846403867027903,0.6338195204144185,0.29346077467269865,1.0077900135526505,0.1290944212525598,-0.38992128855026553,-0.15687901909266505,-0.6191479471811808,0.1390654031229625,0.03742030587795358,0.7736490237432275,0.49502599606445397,0.6600101934556116,0.9793834067012568,0.5947773608377349,1.3747362163352306,1.8015497655303607,-0.00576567475689998,-0.3623195709269499,-0.02941106976433187,0.03624286030980271,0.21666779634137145,0.48984615632993156,0.9277247422678133
0.33052532111844907,-0.024898121005962726,0.38458050912102193,1.0262842083725987,1.1277682242050822,1.0595787737505762,1.2589993462051512,-0.11956313487807112,1.3072809679131794,2.7201080404098836,2.322941608779479,1.4979709769547842,0.7649350083902883,1.8039035674386754,1.6231495700616287,1.1839915735862354,1.2902908680149305,0.0009375571824922335,1.673697223107848,2.4954499200806763,1.321382062701643,0.8538086281679675,1.3814154837268775,0.8717581331510086,1.375893661782174,0.3388717450797467,1.9261720183235647,0.8842736882189064,1.9343663006773173,0.9120952834371785,1.263527036420803,1.1201979794702592,1.894478444088401,0.851236185537346,1.9628347395578591,1.7026704192349784,1.9070532724307352,1.7401567330263266,2.340861644945853,2.447936230327547,1.7331286142379307,1.008807456045673,1.8812252388576667,0.9678152644474503,2.163677156463555,1.4735264361901876,1.8430694173269113,2.28101922640942,1.1785349256772715,1.9040822853280668,0.3883043208389449,0.7837991684342557,0.9639634754169074,1.47451096134554,0.8324655378769197,0.9151973002619658,0.10583363538004754,0.40761205733043593,1.9353822294329337,1.3424682340671226,1.6512185085298152,0.44131359052774166,0.7364561162057768,1.935873874362285,1.2250159369788802,1.4953799026586831,0.14342505168977784,1.5378147623237457,0.42801941642228986,-0.5598049135851039,1.4628243042813391,-0.4673138412065009,0.22646781864821824,0.2707713371851901,1.330022134683021,0.9832636676470589,0.8824635378533532,0.7712220217710941,0.7539177990935468,1.0767057394770225,0.30989357337512186,-0.393219668924785,0.12824736281597587,-0.14844148615762853,0.2336021205877953,0.2911891588174782,0.8318166857951922,0.8540649974740375,0.7423566576128344,1.027352156013113,0.4905874462840539,1.5806368641315924,2.1588115867869586,0.5507145483490848,-0.07451119903842557,0.11558287587961344,0.20511139079470328,0.2706332556041251,0.29796919344804657,0.9066071818865908
0.16459010717798186,0.09808479344678836,0.3165198927109147,0.9383264632271027,1.0680428586907125,0.9509459033852145,1.2181650522053584,-0.17212273721354182,1.1332077866758905,2.848113957912879,2.318180507319285,1.4541620365707464,0.6358848970661457,1.8218070584403356,1.3966771559430062,1.0748116825895775,1.5257334344045952,-0.10741139001421925,1.6744374969136298,2.246728525462215,1.1178841251731353,1.140043616590002,1.3490059187326255,0.8854460600660362,1.6954469970958876,0.3368121135611839,1.6023764003775511,0.9506425508011123,1.6711495390728806,0.9565853126008526,1.4350021586860078,0.7828217785730712,1.7032391110877438,0.7846357470550888,1.842886492792631,1.5673091212320576,1.7327017346855864,1.8007006162842214,2.569820404889503,2.503023146382731,1.5164335538731928,1.4013700187317781,1.8301083069659283,1.0342407901910937,2.162199029687218,1.4212910820487574,1.6148568476824199,1.9687909863856703,0.9905911036734365,1.7207766525161234,0.15868067927830845,0.7422631318557943,0.6412427276412229,1.346726041750371,0.7995389626452587,0.6958121073393828,-0.14046909582274197,0.26420796006610936,2.111344962290654,1.2722589131796984,1.5625988245104205,0.37344958273794804,0.7292580394824867,2.0738702457058498,1.1852960286620309,1.279401496626708,-0.12310072245375882,1.5333220045405507,0.2509457955621049,-0.7585667185832629,1.1136003696203653,-0.3183070656291943,0.4002654892146645,0.19504181166810983,1.166701040169491,1.1325403400095575,0.7296074381191937,0.8931196012898716,1.1769437195916261,1.1318719232502314,0.43702352187443755,-0.3507536093165917,0.37737428733756834,0.2975078208726139,0.3254520023173592,0.5197105301607549,0.8830150367894395,1.2079808404897883,0.7569052098263165,0.9952964195132317,0.4364165481437697,1.711393797600224,2.4285467336123427,1.0928365185441766,0.24570283691372818,0.37307317117875677,0.39791758049290815,0.29320395141521083,0.13647353248828903,0.8785101518564427
-0.0836579979045062,0.18640182602831715,0.2555705193537865,0.7179448584126413,0.9000040805505266,0.7942789775779118,1.0318802258606148,-0.21309847266520301,0.8808013192754806,2.7260331570282315,2.1295261874255065,1.2643875400765614,0.4297858216224203,1.67463080400642,1.0440445275544017,0.8386459232859861,1.590813261217499,-0.2522224717789594,1.5142733760756621,1.7955908518655115,0.7328483732060478,1.2616951111435004,1.1849918945725084,0.7982038202873288,1.8005779018565657,0.30710663704155655,1.180154901271932,0.998136000129019,1.2685837133196043,0.9351030646408878,1.4488765992166992,0.4232525862823495,1.377008422912794,0.6133013154297621,1.5399021991475212,1.321713462066157,1.4337923288901264,1.7168556116348963,2.5792502222096534,2.3704187136886534,1.1829486777976694,1.7065142440924006,1.5996343279529355,1.0955644303873529,1.944182323774181,1.2924045560428588,1.2831326326245258,1.5210586479582795,0.7587423357975861,1.4350406173162498,-0.12042576339048533,0.5629120810076984,0.20433546853253068,1.041385040692014,0.7123618203193326,0.4722549155882717,-0.4471260948726923,0.08920532090324022,2.1287162888356725,1.0464651373172211,1.3335843269838807,0.26728521712723613,0.6722116151533633,2.008618670114078,0.9820187832920666,0.9530720563083929,-0.38831366186195676,1.395081172520658,0.04356127752046225,-0.9212871950105794,0.596014020579099,-0.1742304122162752,0.5473144956382512,0.14793254122769847,0.895960706601187,1.151193790528145,0.5296677239177057,0.9732948498277427,1.494137848894571,1.1644656237331727,0.5006173216031918,-0.24838345218890362,0.5746312362309758,0.6861597511754942,0.40010856261992517,0.7128541405920866,0.9307934999322462,1.5155073729266162,0.7098611971212913,0.8790370152753404,0.43448907906954903,1.7208141856394634,2.5523085029345696,1.5624616275863223,0.5575736640379485,0.6850838689135141,0.5758028249660205,0.2658268349731982,0.009660955291297308,0.8567479837580688
-0.3851533670327781,0.2215319674257649,0.1836868555488786,0.40393339058183475,0.62822023555017,0.5868767590920133,0.7178417247327061,-0.24038290109905144,0.5740827720043616,2.355359814827952,1.7812377681215275,0.9397805831061178,0.17086118314350995,1.3620891730691336,0.6002989281263575,0.4939778075784204,1.4558172701854937,-0.41635946295930837,1.1928090197564896,1.1933061308983257,0.19495109920318535,1.2067497868451575,0.9040514139947062,0.6004966338088286,1.6671474099446757,0.25244343587566304,0.7175976290760943,1.0075840739273525,0.7580903445531357,0.8459139036600912,1.3051988750882544,0.07671151058844035,0.9507103466321226,0.3527182139689371,1.1153193265555499,0.9910921004858841,1.039060836131805,1.473383331511837,2.3493599584760583,2.0456727072654504,0.7715772493974563,1.8784446111892508,1.215988957948937,1.114686173585922,1.5399709172546605,1.0871473041306587,0.8922928617793622,0.9860472651464346,0.4961890889838446,1.0797489054744456,-0.41896341227050055,0.26588211493654523,-0.28597533728829366,0.6034448233840941,0.5551235481817786,0.2523784501730609,-0.7651332826633422,-0.10492663725905602,1.9832432111573672,0.7104018364758531,0.9864723432284633,0.12283960994749632,0.5549565851348999,1.732956587054977,0.6368071097592817,0.5478879523270468,-0.6406616711656647,1.1203144114442374,-0.16417473037533498,-1.0233450576325696,-0.03157892496684988,-0.05148759946572462,0.630434656064264,0.11244692966734117,0.5395940248147745,1.03698599034561,0.2832499794662753,0.9795709395489662,1.659273305351848,1.160214124960868,0.4912227223407726,-0.08334135259488429,0.7096299977782904,0.9872467593886963,0.43116916223114177,0.857129473626835,0.955511690057288,1.7249505990451652,0.6060882204740506,0.6870865639529591,0.4736048074741527,1.5806656184871506,2.489043197662297,1.907276369593822,0.8101756211182387,0.9778471521705162,0.6973998141730106,0.18284751237328067,-0.09231968734059062,0.8425850860902403
-0.7065267755829951,0.19447761328958454,0.08228270661581322,0.045106205632759355,0.2771509922299261,0.33329002736211233,0.3164217310640316,-0.2520274520602427,0.24461856227975265,1.7706530206529316,1.3149773555635234,0.512269549246436,-0.1021780090757675,0.9144938759899641,0.11309864496689917,0.07214735600862587,1.1292725419297491,-0.5784174784596887,0.7420800752976372,0.5089517273717684,-0.43478652411449514,0.9898765356910628,0.542101755701974,0.2990562905866524,1.307084021513129,0.17625941828829164,0.2670415623704634,0.9508513944831289,0.18343629913983217,0.6982666055286274,1.0280339658095312,-0.2271655319439821,0.47555168355214417,0.031001135361459077,0.6370687272446454,0.6046843438507055,0.577811897926238,1.090136740416963,1.9051182523637822,1.559169825164864,0.33119267520085166,1.8882340836661964,0.7278619682129119,1.0537448233450202,1.005363814884461,0.8144220286698717,0.4938224787947834,0.42490349391946797,0.2141832795739883,0.6934424574037928,-0.7098955783452122,-0.11119587351292523,-0.7641541649043571,0.09149380035690993,0.32745720401471917,0.0388162153301834,-1.0432938408463648,-0.30068511197681913,1.6834483515836374,0.3213670349069674,0.5574792377768526,-0.0480689816367668,0.3793073823858978,1.2783606945023356,0.20082934300996194,0.10682989914060445,-0.8694429143204414,0.7310400653175017,-0.34043039138446035,-1.0485152992613442,-0.691463323229094,0.03519858501156517,0.6249206818908405,0.06514410752851992,0.1256497996504265,0.7999085875227728,-0.00907170472235019,0.8829739306378063,1.6537736651970074,1.1019708106677104,0.40412478398243173,0.1350613581578201,0.778021010654553,1.176591730145416,0.39014087468903125,0.9395970835628156,0.9211978841211051,1.785649582564523,0.45051582911123667,0.440264101922916,0.5321677925200553,1.2881191057559707,2.2262837923814764,2.086731880460647,0.9538842448665525,1.1773266648652838,0.7280553635924388,0.05425069380062633,-0.1886965030750877,0.8253016751582104
-1.0164879281144104,0.10638025182567602,-0.06084754132229254,-0.3101978456137127,-0.1122942304801113,0.046805227634000246,-0.1172792528417885,-0.24546127917981372,-0.07326987323086778,1.034371615046642,0.78152795607479,0.029822206189171307,-0.343931759067495,0.3872874328966269,-0.3661460795455465,-0.3873445669838803,0.656820175906901,-0.7138772289396764,0.22151310562360008,-0.17992055564350387,-1.0732000200918106,0.6510890316794327,0.15111080428394727,-0.08144246322201783,0.7662259962930515,0.08430107631455301,-0.12991281934178886,0.8010882869915774,-0.4042727902949133,0.5112679269863929,0.6558412383451474,-0.4701341891539508,0.009014294104327763,-0.3117975634590324,0.16862409974927792,0.1945025691940369,0.07949349037042891,0.6160332570637224,1.3089453538869489,0.9706985198272877,-0.08644493670952179,1.7282418507349768,0.1974683818001871,0.883317441641515,0.41312844524322406,0.49147515920225954,0.13888402856060264,-0.09685764598310004,-0.07808840642138705,0.314831469243551,-0.974291524075664,-0.5209923399797878,-1.1730997397289913,-0.43339727275411905,0.04700495340117781,-0.16856083700506594,-1.2373205641990943,-0.47731079128895015,1.2521311706040488,-0.06442721813214444,0.0907855350975975,-0.22408674471507328,0.15895974918646028,0.7079342389994647,-0.2565285642518018,-0.3241704344741837,-1.0648582401667892,0.271327142716677,-0.4562990886154269,-0.9891299028148466,-1.2998846856096586,0.07824905502681379,0.5252946192476204,-0.014453841030303083,-0.3138988490755187,0.4624626148884853,-0.342446921309828,0.6674857820580797,1.485185078258751,0.9734491090372936,0.2447459425053614,0.3867780269256918,0.7815478236030794,1.2403588807415105,0.2587208108079811,0.9531179880758983,0.7888477015602807,1.6611084239775948,0.25103355477684625,0.16798573497626346,0.5823244864448389,0.8667806890432281,1.7847503084403291,2.0761975197248104,0.952714806193019,1.2240188126847433,0.6474733400506935,-0.09622494286512769,-0.300310001494003,0.7858904135072113
-1.2904817547875875,-0.03228719511014703,-0.2459601338996971,-0.6229899643772403,-0.4902150823979531,-0.2513283027076189,-0.5246223123675591,-0.21689583248994843,-0.348140371074179,0.22667878524734328,0.23194376714973225,-0.45173379197604996,-0.5125476543689808,-0.15001203330786672,-0.7916913803557825,-0.8422452990536293,0.11226098009243077,-0.7966235799031739,-0.29319023406049854,-0.7979207809822834,-1.6304039491349958,0.24923063440885856,-0.20992583958286684,-0.5000625176166942,0.11586620837578762,-0.014402614559953134,-0.44454324852027155,0.5434207662149698,-0.9532661761472727,0.31049332080204833,0.23033338414482601,-0.6490884116182242,-0.396934457012746,-0.6269498618837294,-0.23935388717668626,-0.20644715930869112,-0.4259458379867646,0.11527747469884658,0.6447753714306066,0.35654949198981,-0.43494457376077206,1.4120005498488482,-0.3111578936305487,0.5894469223744526,-0.15880276632822854,0.1413826708486045,-0.12985530861047492,-0.5197184529021638,-0.3726265127904604,-0.023099171029633634,-1.2031156586941085,-0.9148933459256073,-1.4740012531279554,-0.9174663213811738,-0.2529208464250799,-0.3698338710472154,-1.316814744481147,-0.6137057364818035,0.7263422399086572,-0.40288832067728547,-0.3684469977745514,-0.37961067265748427,-0.0840455428517278,0.10238796661678966,-0.6628519308526171,-0.7052284450945815,-1.2183266836930537,-0.20016102319967963,-0.4896947429240411,-0.8447539453360291,-1.7814696814300672,0.08069888669643506,0.3476692276144231,-0.13642756918463386,-0.7446524031545569,0.0586100536326311,-0.7040291411696739,0.3373134371341384,1.1801384831828623,0.7635661348997548,0.03257162556101961,0.6440130359493683,0.7275121479173129,1.178355721947759,0.039089277579496505,0.9007194077519933,0.5313849323058389,1.3398682342538275,0.021013249149320283,-0.09777531616678829,0.5947381822296294,0.3613350129727092,1.215302109902526,1.869073443154004,0.7942776112518377,1.083786642808933,0.453994905839177,-0.23718070042567718,-0.44155223341792865,0.7028946183646627
-1.5129112722757594,-0.20375419613772056,-0.459217428951956,-0.869043741046877,-0.80769142749196,-0.5352680054916777,-0.8553076605691053,-0.1615457460179589,-0.5570018593343532,-0.5677821505965137,-0.29004505385359897,-0.8786909367145541,-0.5797842234314545,-0.6278480008015176,-1.1313150033684873,-1.2528683637897267,-0.417385824870157,-0.8014942706325628,-0.7248443594098426,-1.282366863862419,-2.0270391041584443,-0.14872727471710898,-0.48584213009712013,-0.9050419364745245,-0.560322071066666,-0.1076973915533006,-0.6611155513509299,0.1825723595381012,-1.4185697638892782,0.12315681522368128,-0.21265225786224198,-0.7763163950877269,-0.7062409156637686,-0.8635033749775478,-0.5539435508484218,-0.5672075392621825,-0.9084680960464965,-0.34965655196958756,-0.001699151732018106,-0.20731586674541533,-0.6811275055805383,0.970035017754247,-0.7437238781241737,0.17699418411437368,-0.6403373079377641,-0.21105539552750352,-0.2856222480745479,-0.800384056883766,-0.6616498339911604,-0.2985140032469022,-1.3955733739824216,-1.250488948752764,-1.6508842877257324,-1.3209389928053406,-0.5304053894397666,-0.563078887199478,-1.2692693678261995,-0.692277089926756,0.15484103463420354,-0.6688082560761932,-0.78076409533919,-0.491619473206704,-0.32501972088492925,-0.45742238067207064,-0.9580765233256364,-1.0097663313206091,-1.3230646255519285,-0.6209626947738786,-0.42826769130695536,-0.6206776789979236,-2.081918288695944,0.05612410822915475,0.1267932668242536,-0.2971920964844619,-1.1313287419532312,-0.36913913961975275,-1.0716189264007425,-0.0807275497275376,0.7746374018487312,0.4705614034474013,-0.1987316066101706,0.8752297226675592,0.6275371916598069,1.0050706158266824,-0.24188551834664287,0.7970315337059514,0.1452155418138385,0.840932962784991,-0.22024369473160432,-0.3292794262933188,0.5435936703777293,-0.1724373679497751,0.5890361255506976,1.477035959462762,0.4946480125635357,0.7528397929929123,0.16465450542941354,-0.3382715391923994,-0.6147043434120493,0.558406864767787
-1.6769382285050327,-0.3859899889933991,-0.6749635079661833,-1.040145601749557,-1.0269998993331446,-0.7798529795461522,-1.077189502785936,-0.07513845155214752,-0.6896351178791356,-1.2733735628716387,-0.7529987518650564,-1.2090838012251108,-0.5382448087141422,-0.9903909924892697,-1.3708346848294435,-1.586685944590913,-0.8495935325400107,-0.7083613349468869,-1.0101258380911087,-1.5922170617256028,-2.209570255991925,-0.48040989960025693,-0.6357084275845714,-1.2423773523146464,-1.1811529175325879,-0.18171490294862683,-0.7759762406797076,-0.25487927387068915,-1.7688352003604273,-0.0270589162988407,-0.6479177991017725,-0.8756547658855235,-0.9050032883889196,-0.9775014400560438,-0.7614491711374787,-0.8629923475893296,-1.3399427753462536,-0.7330295294244966,-0.5610535905162516,-0.6614452975995354,-0.810712265249179,0.443203006818411,-1.0644012540628425,-0.33097997914375965,-0.9809271577512013,-0.5437952002630859,-0.3225319563877931,-0.9196335378039344,-0.9371612126165456,-0.5044960298624043,-1.555025534429688,-1.4970988737790318,-1.7094473027990589,-1.6208156494672652,-0.745049222760721,-0.7438450917353899,-1.1010477189353214,-0.7030037552287703,-0.4072155757888684,-0.8574140488345763,-1.1175930000539596,-0.5461216440964295,-0.5427241998436338,-0.9070543966540643,-1.1065334821010144,-1.2282390354195174,-1.3748949732411255,-0.9368378699526326,-0.27156651722655706,-0.3273948376442636,-2.176550999746892,0.02473710261556224,-0.09189706732361676,-0.48106009309333847,-1.440272915756554,-0.7745242743505893,-1.4155355689820677,-0.5406563869843714,0.30493823019472677,0.10496168722495855,-0.4061309395571937,1.04955319157805,0.4956386636856304,0.7476827110793313,-0.536704998621252,0.6657298644853873,-0.34523190894491,0.21227865897051265,-0.44986105074336863,-0.5087824088368936,0.411412930271154,-0.6792921663174348,-0.016949218779389118,0.9288352186553279,0.09671073838190247,0.2566491025154621,-0.18873648031384319,-0.37916616897153427,-0.8084159138996684,0.3425802858034315
-1.7824708037633452,-0.5563669629502402,-0.8619237922000448,-1.1415828267773909,-1.1295514207149275,-0.9662177062010769,-1.181667188402981,0.04338093648538649,-0.7504340062561983,-1.8343082030506999,-1.1394036238309013,-1.4197732156539409,-0.40383274185813756,-1.2059103724855111,-1.514306812027881,-1.8216732088953045,-1.122939534738917,-0.5075174720409643,-1.112281551040895,-1.713824818938833,-2.1603504549900343,-0.7000486683169722,-0.6407188640910487,-1.4659568755821657,-1.6813042988655074,-0.22328554267475786,-0.7963249485363183,-0.7240859131957444,-1.9908986856956434,-0.1243883094702899,-1.0606769206586957,-0.9751174592978604,-1.0019648621489639,-0.9422351604885175,-0.866008720039553,-1.0792155793966223,-1.6974199245648198,-1.0144675590036847,-0.9917475204137824,-0.9740677584368475,-0.830346365996232,-0.12430272124896567,-1.259971147063489,-0.8970230297849769,-1.1575655738460728,-0.8410195009774731,-0.2568457860818499,-0.8858345589991486,-1.1911273980574189,-0.6498991035730471,-1.6841546852793055,-1.6387673220729475,-1.671222787262221,-1.8099477813687144,-0.8683510007514178,-0.9058937405359972,-0.8357592086608525,-0.6466082290154175,-0.9056049538460281,-0.9810143025166868,-1.3640274294678738,-0.5424003823825136,-0.7239981059517832,-1.2101302350837269,-1.1030762853157727,-1.3674320339858295,-1.3731425627701819,-1.1125343125906033,-0.032524073005132194,0.01854177519824815,-2.073161333179162,0.0067263137869243966,-0.26355135020304976,-0.6656361459375033,-1.643314964728353,-1.1136090057075028,-1.7033573181562303,-0.9857906182771019,-0.1982864663652217,-0.3094060185418047,-0.5463332414734988,1.1410946235608912,0.34587345146427884,0.4412010455775856,-0.7888539427024556,0.5333925646592216,-0.8910484326033609,-0.47698251179417284,-0.6459044811779172,-0.6317254666534609,0.19314907189139724,-1.1145235468372972,-0.5344819264075732,0.26807609922626857,-0.33782408655315277,-0.35599153137240996,-0.5662497236476545,-0.3562031927397473,-1.0005672692405172,0.05590124366438819
-1.8333154339377131,-0.6953408111806536,-0.9914829201815175,-1.1870492142801572,-1.119424155540959,-1.0858773860386344,-1.1832830350600545,0.18877867653910405,-0.7569187108143075,-2.2205991323761474,-1.4440616844548828,-1.509371891759386,-0.212722919263915,-1.271520001520916,-1.5800079571987449,-1.9479951553460038,-1.2090333709108156,-0.2051366207675808,-1.0285877843669744,-1.6621867224076206,-1.9004012345985208,-0.787136071064076,-0.5080349601001195,-1.547023266222518,-2.0203616815650074,-0.22285312393768086,-0.7387734262119009,-1.1700986803523896,-2.0907620114366474,-0.16368170065852156,-1.4423577212246719,-1.0977564934051658,-1.0232921656208698,-0.7567438878297368,-0.886062446405679,-1.2137549471443634,-1.9664381700625975,-1.1990907726462166,-1.282845697066394,-1.144388776555317,-0.7651848983706199,-0.6903692682387703,-1.3389521800081416,-1.4748958046966933,-1.1772803752355214,-1.0945176140617898,-0.1238178145714142,-0.7329882784247452,-1.4158989687488377,-0.7564118182955545,-1.7811085823789399,-1.674550654943614,-1.565091768337673,-1.893352266589283,-0.8912864843389533,-1.0425126632356039,-0.5105697647721442,-0.535652549718453,-1.2948208761229925,-1.062048420280646,-1.5188804435541794,-0.49385233026639647,-0.8655719966270147,-1.3624947375803285,-0.9721914246350917,-1.4456458971497164,-1.3213351555293276,-1.1389665458360667,0.26210691047479817,0.39296027153854113,-1.8087907158994359,0.014971753142487176,-0.355736626995978,-0.8288178793900851,-1.7225366478724002,-1.3510568919237802,-1.9061524316105598,-1.3599755515790275,-0.7111885218953861,-0.7368441151381018,-0.5868568491280806,1.1328965025211821,0.19011975885814153,0.121891164159214,-0.9484850729571004,0.4216399112008802,-1.4289160645471162,-1.1485371576671628,-0.7923037572117583,-0.7064508175841883,-0.1011316643623211,-1.4497967123167481,-0.9161857816047222,-0.44977965908550205,-0.740951262195734,-1.0217371812953295,-0.9274385233282922,-0.2846868881774446,-1.1642827104223694,-0.2905504046923999
-1.834533301439755,-0.7894080992951712,-1.0454830959479329,-1.1925528794872116,-1.0214279070278403,-1.1418633690549567,-1.1136310286279203,0.34743662166364137,-0.7348908354233417,-2.428193622991724,-1.6700910301463894,-1.4963975122823627,-0.013541121563758599,-1.2114729543572418,-1.5934125999645605,-1.9678372546701957,-1.1172822247680683,0.17316522645773444,-0.7910259933639981,-1.4770236677939355,-1.484516753022971,-0.7497594562785237,-0.2697892387755075,-1.4806804567141665,-2.1859439357561445,-0.17726306362033928,-0.6273023665298422,-1.5382896263915207,-2.0905454766699094,-0.15092481967465787,-1.7845946834843243,-1.2532833458651773,-1.0032569135299674,-0.449573450260677,-0.8493303593583185,-1.2761177895375695,-2.1428466237700703,-1.3098508511520721,-1.448206552445419,-1.1975090675077888,-0.6522703299634757,-1.2177774355209627,-1.3264850299410527,-2.015539188599789,-1.0734212691428868,-1.3025790000778257,0.02962628173007079,-0.5133946760742664,-1.6043970767488076,-0.8518737380612309,-1.837874801785793,-1.6163167597694914,-1.418622723868675,-1.8832066415393691,-0.826725913694635,-1.1476615166485502,-0.1709250963653937,-0.39281436103255485,-1.5444720611359855,-1.124483363178769,-1.5922464905550175,-0.4251314260931161,-0.9727037874849825,-1.3883912632952105,-0.7606607004213666,-1.4852698570389387,-1.2273699014774948,-1.0351227464244375,0.5731571530974843,0.7632737577402178,-1.4412898140880679,0.04967848647734153,-0.3575876400830892,-0.9548235946257003,-1.674764314294236,-1.4653821963594948,-2.0043842379628503,-1.6186392094845603,-1.2138062361785213,-1.1337399930331917,-0.5157559070002041,1.0202326196502132,0.036673800740191026,-0.17916156745725945,-0.9870780928456969,0.34030786319244644,-1.8943574418280837,-1.7278543616752111,-0.8821201043827787,-0.7504513827212459,-0.4457498462567841,-1.6738275715462512,-1.1415623757122515,-1.1612522302092625,-1.052520003076604,-1.6721815909336268,-1.2380177594145,-0.19583171673324506,-1.2749574195832944,-0.676043421706222
-1.7907945122717401,-0.8327261848027142,-1.0211513240702992,-1.170992450055903,-0.8741312516426962,-1.146521851699935,-1.011295620362829,0.4975383091464561,-0.7112493047495804,-2.4739899395367217,-1.823962732438004,-1.4132051087720792,0.14341714119781615,-1.0697128073205509,-1.5791822009456744,-1.8935166773252674,-0.8915886177821608,0.5826590535594185,-0.4599540035825004,-1.2141205072004877,-0.9899569804989092,-0.621734637558039,0.022721830819998845,-1.2876697120641953,-2.1909744902278656,-0.09172804231690776,-0.49014322263422727,-1.7844611212653025,-2.022069800592201,-0.10156758155916856,-2.0739928033618513,-1.4330449538747991,-0.9735648924665609,-0.07572233463410438,-0.78685458202112,-1.2833032347110869,-2.2321181005100685,-1.3752850350074337,-1.515088442356414,-1.173005756526007,-0.5311458084536659,-1.6746179128497178,-1.2565525036216716,-2.47239123241922,-0.8964569300235136,-1.4668563637740013,0.155124990797571,-0.286356405708388,-1.7498712961684475,-0.9611245941712673,-1.8414086184065792,-1.4847204181096163,-1.2515804228464134,-1.7941411687113389,-0.7058552442568673,-1.2165397506115803,0.13585194377687945,-0.24644313264680168,-1.642868260324344,-1.1857534118091022,-1.6013007793720886,-0.36623471046853834,-1.0553208539925072,-1.3303097713899479,-0.5257907371691959,-1.5050230598804015,-1.1028949691869676,-0.8440381950654164,0.853097436339955,1.0899972975624472,-1.0375909686927718,0.09704312833536478,-0.2834590479243338,-1.0372615402935703,-1.5142288130970631,-1.4521280191355728,-1.9918955739531996,-1.7369674747089785,-1.6848982613259578,-1.4546757858555028,-0.34675634949579215,0.8128276364208112,-0.10980947218460678,-0.4404547754457585,-0.9061629726760108,0.2843249356224784,-2.2343353575101514,-2.155377881401937,-0.9177991527080599,-0.7841231939811492,-0.8017285314016749,-1.7887415484988298,-1.2163933705165881,-1.799823704769776,-1.2326197684574334,-2.242422858093401,-1.474206715142465,-0.12877483621163505,-1.3161130974425501,-1.0715933002425793
-1.706050600895852,-0.827141791287999,-0.9317136493418643,-1.1288338728682221,-0.7197423638008311,-1.1167907522278335,-0.91076928210762,0.6122070020637815,-0.7063836390910276,-2.3877855218472006,-1.9111675936250991,-1.2972512060111785,0.21748274965614475,-0.8986482185444141,-1.5544028391316884,-1.744381036524019,-0.5997451368467432,0.9648732116751382,-0.11186694506002423,-0.933582822804526,-0.5012570327298974,-0.4539600551381742,0.30877133661549816,-1.0106324396035649,-2.0666104621509933,0.0197352785990474,-0.35552447256454445,-1.882547102447804,-1.9186760363941597,-0.03706388356267632,-2.289924638195345,-1.6102057881556917,-0.9544092121608897,0.2934498021481652,-0.7267573371179548,-1.2535825912656093,-2.2461552769122406,-1.417217107229731,-1.5116144838104415,-1.1110943561238928,-0.43407352083513717,-2.0335260508124713,-1.163414860338166,-2.805689255546576,-0.7014127396898348,-1.588405452435721,0.21391069644682442,-0.10542136125509932,-1.8454758855176454,-1.0968113490028308,-1.7772780801496184,-1.3044113209356203,-1.0732751592928356,-1.6402142131727584,-0.5695950682001438,-1.2456570583475046,0.3675044836999405,-0.1244293333613708,-1.5972386192412311,-1.25127245383243,-1.5653542567449565,-0.34487852327299323,-1.1230856484309546,-1.235708183141732,-0.32212731753172014,-1.514219229220314,-0.9618754774811931,-0.6233954446942392,1.0530387075687104,1.3314071914190253,-0.66122971933174,0.13286907028285466,-0.16959634729185608,-1.078512011809215,-1.271991187707779,-1.324314688204933,-1.8770673975153902,-1.7134690577528042,-2.097349105693582,-1.6598568512597571,-0.11770893250650608,0.5352974323800826,-0.24695376780566067,-0.6512133480248382,-0.7371176911493862,0.2358506176509426,-2.416154615865923,-2.3940589527973,-0.9084286379184318,-0.8237495577655094,-1.122130464772338,-1.8043295459833861,-1.1665750585661168,-2.3023326415554277,-1.2691552649607178,-2.677845662006254,-1.6240991051441032,-0.11952331659059251,-1.2826248460109846,-1.4416757304025867
-1.5843083889083622,-0.7807888142554242,-0.8026073911449569,-1.0657212543326675,-0.593620159813614,-1.0686386622208919,-0.8336304597900777,0.6652722526176531,-0.7284038233668709,-2.2038133038972942,-1.9337829799805069,-1.181834915514387,0.18695908736559996,-0.7468280786066553,-1.524862715238384,-1.5432459387494417,-0.3177748977993977,1.2577320407769552,0.17650466639216306,-0.6876091100787345,-0.09429938594129715,-0.30169063793366874,0.5301938146002737,-0.7053446726128814,-1.8531431388678112,0.13595891095773432,-0.2469121627925505,-1.8286338767687713,-1.8073477912329405,0.019708902223830087,-2.40662686583185,-1.745587636626416,-0.9497649492234724,0.5854477571642871,-0.6886054427907736,-1.2004519879134172,-2.198646623700891,-1.442685977815618,-1.457479408315715,-1.040865972025443,-0.37855224659504133,-2.271322712508155,-1.0740213857606602,-2.985950780763382,-0.535050547756953,-1.6645026229385265,0.18605140419166571,-0.007166641089422419,-1.8842087742462788,-1.253115988280334,-1.6349323543984882,-1.099655921186159,-0.8842807228321883,-1.434278557023617,-0.45749645632963687,-1.2328272071554356,0.4935330159847496,-0.04803796308942771,-1.4309703579269144,-1.3129334349942288,-1.501250341820453,-0.3789056035071649,-1.181003833623692,-1.144334412402564,-0.18974594250703203,-1.510732512761851,-0.8185613042004276,-0.4325248677792325,1.1320125292583905,1.450973472961862,-0.3616428951499929,0.1304336294418329,-0.06425963177751433,-1.0860873952570655,-0.9914400293195027,-1.1099901983896663,-1.681066769727052,-1.568507650587347,-2.416837387578603,-1.7226277144194972,0.11784100986232351,0.22501162460002325,-0.3723892206003245,-0.8092062063979301,-0.5319985902449167,0.1714198758351269,-2.4311466277444813,-2.4326033515415926,-0.8653738144513298,-0.8757832938174683,-1.3599519753928342,-1.7328543546122108,-1.0289721853934979,-2.6166562738730965,-1.1786680514792163,-2.939036266090097,-1.6863368257991544,-0.18980840549947345,-1.1809562689284308,-1.746825353779641
-1.4308651244964856,-0.705689365133483,-0.6644610804844561,-0.9769415088500062,-0.516172653949679,-1.0125303058927304,-0.7844780316608101,0.6383888075075251,-0.771017295937066,-1.9542142001743865,-1.8904945087520268,-1.0885231668317856,0.05454742410645833,-0.6482438684395532,-1.4851771109241125,-1.3131264878660538,-0.11252178020917972,1.4086638981307347,0.34468247736298613,-0.5106180095615328,0.1772873771373851,-0.21045239792745163,0.6433962592833481,-0.42867094027032143,-1.591220501906149,0.23251319147463945,-0.178928674246745,-1.6408921298834984,-1.7030293864088424,0.049357489906297514,-2.3994175248374043,-1.7979462618368527,-0.9481533279072341,0.7434310159583737,-0.6794663695692013,-1.1290935326449725,-2.100639833093961,-1.442707043615615,-1.3607492191716584,-0.9741613413904174,-0.3643130110275875,-2.3702401107785165,-1.0028007034822384,-2.9970148638820433,-0.4260384059827269,-1.6876863491104264,0.07547904611765671,-0.004221599336554522,-1.8596802211354222,-1.4049094831329485,-1.4132042410229124,-0.8912706733028494,-0.6816743988138124,-1.1894505728998601,-0.39722534559225803,-1.1774987455680828,0.5006877566753827,-0.02736905979420587,-1.1788952481784976,-1.3519780573287326,-1.420045388516519,-0.4705009716498414,-1.2268601595228914,-1.0793011211030596,-0.14663174218117536,-1.483110875929388,-0.6852409677936044,-0.3185207752461195,1.0668373767925803,1.4260314360415036,-0.16713260119577944,0.07041292353857709,-0.013658705360985903,-1.0676589339326912,-0.7202501231945454,-0.8472338996942954,-1.4337512193586017,-1.3385840865997076,-2.6053783736400633,-1.6356196854492098,0.3040798265795202,-0.0730985765050042,-0.4815637130022709,-0.9163732565999866,-0.3482781620365601,0.07193326705479103,-2.2932425278196615,-2.284830865875854,-0.7983063434458461,-0.9342485482181525,-1.477355241608824,-1.5864156771976476,-0.8423507617993513,-2.7098724964780656,-1.0001655224975023,-3.005197786348511,-1.6671327204966178,-0.3391592010618185,-1.0269822581897743,-1.947959589356476
-1.2532034377033796,-0.6148682221858855,-0.5447883130988875,-0.8576876231108517,-0.4890268954180469,-0.9512295560181935,-0.7524526756130174,0.5276504733401011,-0.8157018965145026,-1.6657426787295198,-1.7787757103017285,-1.022993451365982,-0.15226489315668604,-0.615432606284444,-1.4223581072372449,-1.0747916809509694,-0.026203873233352753,1.387715779384668,0.3621114310951521,-0.4139700894313052,0.291005620954802,-0.20386859683681371,0.6289403470037569,-0.22592033149772,-1.3151945301262944,0.28731995929369697,-0.1551839370301901,-1.3557417686883715,-1.6063531655246053,0.04038824229979887,-2.253349096642846,-1.73602732127438,-0.9284719657798315,0.7403147265596856,-0.6926965243753825,-1.0367071821179272,-1.957939718311901,-1.397974682374896,-1.221151329787697,-0.9065235210204392,-0.37569413823982883,-2.320921429790808,-0.9497701759454548,-2.838719624044859,-0.38055260372493954,-1.6477245909253841,-0.09078113750465237,-0.0841197988144426,-1.7677293060904253,-1.5133430118899034,-1.1244078158243327,-0.6951571075419676,-0.4657418639950917,-0.9214450191594776,-0.3973790931051432,-1.0814778084411192,0.39630086214238436,-0.059494024696130215,-0.8818111217875242,-1.3453622473387712,-1.3255813070048066,-0.6036690829750877,-1.2510715444108822,-1.0436573572650971,-0.18648586183387847,-1.4158965701469415,-0.5702077567605238,-0.30458311524713677,0.8601723861700983,1.2554415233830698,-0.08233864298836799,-0.05021409569877475,-0.047389454970928474,-1.026800994302773,-0.5003257875053095,-0.5774611203334709,-1.1681529167852203,-1.0679644537703952,-2.629561212278181,-1.4140933973030196,0.39780143559017794,-0.3144582055994528,-0.5667567078995792,-0.9742102498074993,-0.23224886684430435,-0.06796288933734013,-2.033766005426169,-1.9860790851021892,-0.7132868731615224,-0.9822403587839829,-1.4543932936614232,-1.377463543181224,-0.6408346390792384,-2.575395865298571,-0.783645670816877,-2.876358681525234,-1.5770405997705195,-0.5428001622955011,-0.8424131330775413,-2.0127718773587544
-1.060918094116663,-0.5194524177619317,-0.46051214004143987,-0.7073985739776566,-0.4960183443567762,-0.88025287302244,-0.7172675908615492,0.34776347410194547,-0.8373649780390562,-1.3596426643697281,-1.598242912033835,-0.9751410160531065,-0.3859557428039406,-0.6376171228521648,-1.3213948210151822,-0.8453277532459724,-0.06631813765982608,1.1972272550660192,0.23591561620338752,-0.38628142430926043,0.2582466407115807,-0.27654760860422883,0.4965085938204731,-0.12062179761509462,-1.04954408038516,0.28675925070828606,-0.16871076896771375,-1.0211166829408616,-1.5050780708964862,-0.007651666814072287,-1.9715352641616688,-1.5490207615143958,-0.8689950745236921,0.5863815522795808,-0.7101019175040143,-0.9164530752155676,-1.7712881027804939,-1.2891531968715775,-1.0377505325135987,-0.8241262558631286,-0.38864359303328155,-2.1262530403856523,-0.9023461757250296,-2.528671315026437,-0.38420727965188217,-1.53608129683933,-0.2693778578921517,-0.21399023649227422,-1.6083443655517717,-1.5367843316862315,-0.7955085370093079,-0.5220796957584375,-0.24547438600000238,-0.6500708162679828,-0.4452623001106476,-0.9496076087209651,0.2086273489829885,-0.12937634937404072,-0.5811660124025145,-1.2736296091628465,-1.2151005172959903,-0.7457906888170959,-1.2387743449063267,-1.0224952953839384,-0.2818761138845287,-1.2961533576481639,-0.47632284887035203,-0.38340198051803254,0.5442612828323772,0.9638977076761613,-0.08998504698403133,-0.21332218407515166,-0.16741542743704474,-0.9611719563697544,-0.35808233731376177,-0.3382605641087112,-0.9145836205341361,-0.7995859900814409,-2.4713444484915397,-1.095331581314155,0.3804822242342368,-0.46410625953063755,-0.6180628829104219,-0.9809528516284556,-0.206129218371178,-0.23469754868198045,-1.6943766740904913,-1.5876301335378167,-0.6134428049772583,-0.9972725707811612,-1.2950949809300276,-1.1214710170438262,-0.45095121624622425,-2.237179899829539,-0.5765977201438605,-2.5741607501944275,-1.4286768822649822,-0.7563496043202617,-0.6507385228485825,-1.9234113426956843
-0.8645125925911487,-0.4261910600311158,-0.41311830336807476,-0.532388996428236,-0.508256282168274,-0.790315733758283,-0.6572737905531395,0.1322285388753568,-0.8115166010186728,-1.0534789147870718,-1.3538998642957172,-0.9232392930192017,-0.5880019388524691,-0.6840904346852296,-1.1709155783555696,-0.6375735853289911,-0.2033189718315538,0.8749792942699697,0.010568603857387605,-0.39887501031561956,0.12061333557609966,-0.39425570359692214,0.2838200404393249,-0.10933660507122375,-0.8084106544806816,0.23056065505462348,-0.2048077135988887,-0.6880545782319135,-1.3786935525027562,-0.0829963033752783,-1.580154263725526,-1.2523086453707455,-0.7567256115422419,0.328052279896334,-0.707347328379119,-0.7631936721387164,-1.5393294942669793,-1.1078113765660025,-0.8172623145227056,-0.7135325435361314,-0.3801249138897804,-1.8043200484669,-0.840520688265631,-2.102056548581448,-0.4094027204480467,-1.3513714545528877,-0.41198629505589063,-0.3496102924931777,-1.3870293157639368,-1.444066887707578,-0.4654146781716408,-0.37794787632958926,-0.04044178613219389,-0.39845306721154405,-0.5098647093932169,-0.789682759914016,-0.016384798362076874,-0.21288139207547677,-0.3143743368710411,-1.1277658852764654,-1.0815920183783778,-0.8532744114520285,-1.1734016671867562,-0.9892248331256247,-0.39145394597129834,-1.1188660840226374,-0.4004970907366787,-0.5174886203479397,0.17845509642592602,0.6010714218079923,-0.15592000003368062,-0.38089403293642304,-0.34394832614240484,-0.8639643847561664,-0.29768584877108006,-0.15714609904108423,-0.6954024160390048,-0.5670918061549661,-2.1378788785728897,-0.7335234703403152,0.2638433299872754,-0.5050426916175395,-0.6263677848245855,-0.9318943500395807,-0.2626040903918935,-0.3971977111001305,-1.3200651489352662,-1.1499026402867623,-0.501485469368173,-0.9590181363518429,-1.0290060750572247,-0.8397017044547576,-0.29178243182689967,-1.7492094948686172,-0.4124272915695796,-2.140481222744957,-1.2359615478571309,-0.926325513337515,-0.4732595166261937,-1.6834632662658937
-0.673478841491344,-0.33584562824258896,-0.38762719103528703,-0.3455911191952563,-0.4916726743570367,-0.6705859628887897,-0.5567153543264894,-0.07126517766797164,-0.7206087013598192,-0.7631712370767496,-1.0581217738899722,-0.8409941444865885,-0.7005923578057695,-0.7121377565300832,-0.9672062033633121,-0.46009109040749163,-0.37706443587136507,0.4889720849943025,-0.24123317847332343,-0.41471489092773706,-0.05951207432276687,-0.5019172794436981,0.04922796005213919,-0.16304201902520435,-0.5975004886967774,0.13378851218183785,-0.2452915906492376,-0.4020106502467408,-1.2050460501767026,-0.16295741254835688,-1.1278874353309827,-0.8866372292448341,-0.594187176030449,0.03756726550446824,-0.6615138838696853,-0.5784370689041649,-1.2634250411688337,-0.8638615634692882,-0.5790793891162435,-0.5703299715229239,-0.336920219328303,-1.3887213738397672,-0.744225967742024,-1.6084834701892305,-0.425689743647199,-1.1037222549667887,-0.4784486409600628,-0.44645013425147667,-1.114913717908287,-1.2260099687699313,-0.1784237698392147,-0.2639318417869203,0.12224434655862865,-0.18948504982918293,-0.5490883540365851,-0.6110524302480157,-0.22206964441956106,-0.2808686630707599,-0.11084294274639979,-0.9128181822779338,-0.9172198568897123,-0.8805040521066726,-1.040812824823419,-0.9139464964759093,-0.46934530376723765,-0.8894080387486776,-0.3343364187681445,-0.6470082152275107,-0.16020011912427984,0.23481461253268934,-0.23621379684299748,-0.5026931886021746,-0.5200329851972708,-0.7282490715548874,-0.299450553915467,-0.04743100436081101,-0.5214266078655251,-0.3894573213201858,-1.6666081802924413,-0.39046675205813824,0.08691252660152002,-0.4431787421725442,-0.58747264736302,-0.8228798324301954,-0.3681749810275753,-0.5151276650799063,-0.9535661330045715,-0.734891998542527,-0.3824513348632815,-0.8572067108492626,-0.7070988995568754,-0.559876773352935,-0.17663482760380522,-1.1892511544818667,-0.304143564033032,-1.633060385133089,-1.0146485521631403,-1.003860306413739,-0.32552366910714503,-1.3216461669874546
-0.49447618970508755,-0.24291465620254332,-0.35581312466705967,-0.16332852218257596,-0.4152057378397054,-0.511639828831398,-0.41004773559014296,-0.20997841501844397,-0.5577512916578292,-0.5037150192058515,-0.7306984599503222,-0.7057091864692225,-0.6789391876981976,-0.6780374343800898,-0.7156429750710278,-0.31731132301348197,-0.5112643157656911,0.12396087684945277,-0.4353479854282018,-0.39852487659581076,-0.2125778236302082,-0.5378970345009871,-0.14087000318555032,-0.23505929002299703,-0.4171288588576672,0.02484168028128366,-0.27282656420244716,-0.19529506782842027,-0.9675503636450115,-0.2178942066468566,-0.679101873674053,-0.5106601953586677,-0.4014979732872679,-0.20436106324153935,-0.5588460248609433,-0.3722213459313018,-0.9526865335109013,-0.5866275784123393,-0.3544572949546903,-0.40338471421367617,-0.2610079019398647,-0.9252067981285322,-0.6009694166164352,-1.1055452744550704,-0.41001200888936706,-0.8161764051405914,-0.44819403783158884,-0.47021660099617446,-0.8074658828701635,-0.9015064602482766,0.024973461162200946,-0.17621269599907358,0.21544363330252644,-0.040266584512520555,-0.5195221097919898,-0.4220140123342061,-0.35129298126053216,-0.30358872167974704,0.011341590098653358,-0.647172429505672,-0.7170281962789355,-0.790552581209255,-0.8331643141428192,-0.7718939307966189,-0.4748342885469506,-0.6224599745216518,-0.2660533443145775,-0.7040640585145,-0.39237515925655575,-0.06097327241656138,-0.2852112904974792,-0.5287340921888842,-0.6245455485314555,-0.5526461305511275,-0.32448824654467373,-0.006950491716869944,-0.3907862775247581,-0.2690777197701426,-1.1230459619266642,-0.12351255667088627,-0.09492757454056908,-0.30702602553288677,-0.5058927530185177,-0.6556174386574277,-0.4740702179834097,-0.5517210509764765,-0.6317166363752771,-0.3982534852871039,-0.2650026540593501,-0.6973214323221293,-0.3922776218517308,-0.3134113048679661,-0.11439637796696797,-0.6470757711968274,-0.24485685428952808,-1.117891228144695,-0.7832783742875006,-0.9582388333566988,-0.21450436026058128,-0.8900813875122655
-0.33042001932454623,-0.13704462729453873,-0.28324624292091843,-0.00023572261423749074,-0.25800793973878566,-0.30758564609582756,-0.2226111523963246,-0.23827768915998812,-0.3272511845494119,-0.28794358864341113,-0.39686053374937585,-0.5055697362563041,-0.5018809012815876,-0.5490402297881051,-0.42961722107555494,-0.20965418713922854,-0.5332123680326754,-0.13776985364649816,-0.497432100151509,-0.3257895384156754,-0.27724373458032936,-0.4511116889949548,-0.2273309363073197,-0.27378638372872005,-0.2651351977499366,-0.060530702869773675,-0.27426132538354137,-0.08187471675041252,-0.6615071893348212,-0.21755792887173,-0.30195762594956427,-0.18861388475463914,-0.21296422284211053,-0.32886862423686875,-0.40039111546145756,-0.16103702028065223,-0.6273100931961348,-0.3189684477169283,-0.17973129111654373,-0.23337668639371553,-0.1698157515361087,-0.4648707631407875,-0.4115470959711999,-0.6499400217499162,-0.3539106572433141,-0.5222484076610792,-0.3267118001121417,-0.404870799343979,-0.48233175532882167,-0.5160702322977452,0.11776023371124937,-0.10577758212184002,0.2217582443819963,0.043635988108895817,-0.38679016765561497,-0.22694358502279105,-0.35858569645248056,-0.25511074598130945,0.04793246083672693,-0.3578952121158971,-0.4821044302012582,-0.5655305098037119,-0.5519650006825013,-0.5504134778999311,-0.3808262138034204,-0.3381319340078729,-0.1834902510187802,-0.630697523183594,-0.45509341438084255,-0.22172506741994807,-0.26367118617130114,-0.4233347075302327,-0.5910365406084311,-0.3460178171936476,-0.3250649371839759,-0.01969138615258546,-0.2906240970896829,-0.19347323023409005,-0.5908044903538378,0.02674861111127709,-0.2259137176997309,-0.14165132796939156,-0.3967400613664409,-0.44249241720285276,-0.5313422657486844,-0.48716915149313184,-0.3834116221399934,-0.18157012643827508,-0.1603811013072082,-0.5022852554362318,-0.14625311855845083,-0.12940666403025142,-0.10942841919683009,-0.20883664839337907,-0.21427186919451802,-0.659203939695603,-0.5634564222744384,-0.7869540269981208,-0.13709156102651462,-0.4564417313841106
-0.1808525911326091,-0.006132927870483809,-0.13885280870176653,0.13574453568897946,-0.014548917579346865,-0.05752580534489284,-0.008421968437360384,-0.13007166183255237,-0.04276592501794875,-0.12380973711170254,-0.08374162823296175,-0.2442526504331548,-0.1785204592073124,-0.31373006803996356,-0.12785078759392823,-0.13367661313185994,-0.394294396061534,-0.23679949445842707,-0.38369517501585754,-0.18883980926972402,-0.21445771777997488,-0.21641932301145783,-0.1728536125803696,-0.23705551020728394,-0.1387578755831054,-0.08796185553449236,-0.24259547318108937,-0.05545233908140139,-0.29818780027927566,-0.13884505023882138,-0.054214424364035854,0.02385668379088244,-0.06907083346113449,-0.29702293028657484,-0.20367332067525035,0.03730207348565025,-0.3184996736570976,-0.10642958739282449,-0.08600385013644435,-0.08667067307396056,-0.09136757956253405,-0.05548079902581594,-0.19208649048808776,-0.28806149462623915,-0.26585744410822376,-0.2601335983168592,-0.14515943276406051,-0.2568076295108764,-0.1572291935612918,-0.13304606322238527,0.09398872235471711,-0.03904167760412043,0.14214732064335242,0.07182320471901243,-0.13458211895590816,-0.024698260749755594,-0.22173734805565926,-0.11787753177013593,0.00977353952975035,-0.07387818481406777,-0.2214533089455001,-0.21406904679934094,-0.2099389497233314,-0.2534993940490689,-0.1799473343676857,-0.0570265779197502,-0.0777480726360178,-0.39642601017203116,-0.31922963998261283,-0.20749642584678651,-0.14619396743509513,-0.1767798078088037,-0.37787197811196993,-0.1289710992143053,-0.25830914031115165,-0.05972864074043675,-0.20139623801873022,-0.1400341034309956,-0.1559077475664337,0.04591696997822106,-0.2661833345951374,0.0018230151264159499,-0.2846020558271874,-0.2084696034350225,-0.5057327273824376,-0.3280194047563625,-0.22821619860273118,-0.1056656730483866,-0.0793079105800592,-0.30939901766432115,-0.015898028634839585,-0.027144567131597505,-0.16012871579216703,0.0594303727455741,-0.18832425529627797,-0.30897333469915017,-0.3786438101619274,-0.5197232120136489,-0.08061265645044892,-0.09126014666185742
-0.0433439971998098,0.15943194463102242,0.09507498894967245,0.2462924549647713,0.30304764320637917,0.23306444790225028,0.21329273003833846,0.1119448861440568,0.27532077392672016,-0.011550243135285916,0.18393445110067377,0.0583403503004906,0.25090525100118427,0.011942226509865058,0.16868875281562434,-0.08249343358145476,-0.08580144187968443,-0.15245817089485558,-0.09543813335332554,0.0010160660677228876,-0.01694687750450304,0.15610382965910438,0.027740584546791135,-0.10424328315791906,-0.03515012213930936,-0.03374658440317171,-0.17789957021399833,-0.09124494169937326,0.09435563486043493,0.02667841344046416,0.02969452170364944,0.09231138080232185,-0.006130236712119314,-0.11060867345698382,0.00031577992823946335,0.20949219913987607,-0.0640576750380668,0.014788886138739094,-0.08937967750131474,0.012576190358075633,-0.056045801983843985,0.26664192300345224,0.028251896708325522,-0.04848579082344183,-0.16844554422301292,-0.06531713694303568,0.0468378932095954,-0.05459154179636126,0.15124475696477505,0.18009765616889875,-0.02781371806844051,0.04007967834696288,-4.996425308826866e-05,0.06874740869789112,0.22926538584143544,0.1902795528379939,0.05028407676242564,0.11261498456351547,-0.07794312395575362,0.18083878845404247,0.047995177698522636,0.22643426267983793,0.16863694849782235,0.0967418760861913,0.11264659593605754,0.20380779583664804,0.05344301495193883,-0.010485936346302679,-0.0008213460537767211,-0.014237628787780359,0.07303354671900336,0.18901429885440504,0.015920085767081493,0.06903248007778942,-0.09952466012622464,-0.09644226093675917,-0.10278321541407662,-0.08261173000692963,0.11072591860594454,-0.05059126834395454,-0.20335389551391073,0.07842280089156825,-0.19928922664087273,0.011480133205432041,-0.3881643791164448,-0.10906740784182418,-0.17466594339590058,-0.16615677269907458,-0.028179182371355662,-0.16309441621926116,-0.022757443324120954,-0.009775695997497636,-0.2575329945426508,0.12554530352057608,-0.14822174003160418,-0.09845944603002733,-0.2513320737280911,-0.21510324328869473,-0.025894691149746737,0.14659017906098917
0.08477860425177877,0.3625075620865656,0.4149208259477276,0.34233923558577234,0.6657407292388989,0.5506570006775137,0.4213107212531096,0.4534475782378513,0.6018437824533036,0.057636640909394465,0.38800180155600067,0.36948349006788,0.7207252981372327,0.3850479707049245,0.43932080599766565,-0.046675192321736995,0.3548431375604006,0.09080264479582262,0.3174317086433877,0.2155843652685721,0.28850371753468335,0.6208426933961468,0.34429890708654837,0.11731620632040977,0.049177482476374795,0.10785148052180142,-0.08778870024356457,-0.1512860717040677,0.47429463938902566,0.26749090219895566,-0.05298363246172326,0.011622290706252427,-0.046513670102045164,0.1877589904461933,0.17407525531495321,0.35059971834934295,0.09996212519432446,0.02694657264152285,-0.18572451521329703,0.048742710165625425,-0.08771519793931562,0.481862349436743,0.2132758065229092,0.061586356987084694,-0.09167142590974565,0.03613259357789025,0.19316800799659734,0.1557297277685039,0.42756106515708153,0.36664123081486283,-0.20646683647353511,0.14669657566842456,-0.16173939680319585,0.06885972478148629,0.6709188652938833,0.42370194692994995,0.41604026253614806,0.4236493727178403,-0.1790578893768352,0.39145831719850516,0.303468430213405,0.6942702601499361,0.5494425302003881,0.4621192555779211,0.46048860294416527,0.43270835964108106,0.20369132769054854,0.4753520599992033,0.4380373241960008,0.32244089896347383,0.37737946374709747,0.6229356095514664,0.544182728550866,0.21655951657278646,0.14896751809130598,-0.09997093235340761,0.020325219179520303,0.0015663224582010333,0.1681736476954772,-0.22131754240500423,-0.05576057710594538,0.05991956860477264,-0.16938342332095305,0.17944019794701666,-0.19816781087465177,0.113491226941387,-0.2179185504738268,-0.3325778312220385,-0.006280727555726764,-0.10518656304579999,-0.1587251694441911,-0.06179083694544771,-0.38573602217304226,-0.0012349879114223054,-0.08578106977066625,-0.03400478925851259,-0.19923217436621696,0.05017712537427331,0.04729264473116326,0.2224820537860741
0.20511929619106822,0.5962496100439104,0.7921989126555748,0.44039899032764174,1.0313579542269757,0.8720274532302649,0.5947851658822372,0.8337402497199684,0.9076795251220527,0.10025123034763886,0.5198810482867054,0.6502936401557479,1.15140436312223,0.7431157755852699,0.6652774332875078,-0.015566061666500448,0.8499840676085993,0.4290062580776243,0.7659278883277553,0.4156805205032121,0.646954863862098,1.1055499718294548,0.7162502585974448,0.3935179856023145,0.11927236242628234,0.3213100652022557,0.012295959927333604,-0.1924586595723461,0.7926461727507673,0.550878020902684,-0.27164137566637786,-0.19228154025970307,-0.19210894599299935,0.525589603833303,0.28254301170857665,0.4642350885936021,0.14960720419819595,-0.06578440039504217,-0.35201812880290123,0.017363212200515028,-0.19690375925573936,0.5883016201570733,0.32780636807788094,0.05505425121385986,-0.0644918848154671,0.03174723909009002,0.2446981531318102,0.319108739324873,0.6563384509096511,0.3928692121919899,-0.38493943967215033,0.2909121339938703,-0.2890720451134816,0.10821038325204012,1.1337230745686084,0.6751047501631825,0.8084970253870065,0.7830809827032247,-0.2525948057152413,0.5534224003997055,0.5201964424668098,1.1143370486238977,0.8916409538090301,0.7939708649312152,0.8113399828972796,0.6228066212494507,0.35822545932603533,0.9752955795697803,0.9004414241440903,0.7328689673596765,0.7289322685288103,1.0549908554523402,1.1193711433793296,0.2891043991892808,0.456457506354312,-0.046207695591996355,0.17336209648517245,0.126130609997618,0.014178763181418594,-0.40933405988277355,0.13362376680588445,-0.05889442897570272,-0.2152676041623825,0.26437404705881723,0.020371858618728762,0.2760765157446894,-0.33746638913908905,-0.5521321363559181,-0.005277776357333822,-0.1648918015022952,-0.38902426351056796,-0.15168276062346728,-0.5251096214984151,-0.27098378822045427,-0.0037672844844307968,-0.09815310602097639,-0.23155193083887607,0.19745433336324852,0.153512985023026,0.13347008238306926
0.3177504831361014,0.8434881369167208,1.1759374263616114,0.5567468135260143,1.3509533375683183,1.1637605376796454,0.7151765958988762,1.1784029654747705,1.1602443398075808,0.1363860840482208,0.5816835451878016,0.863865725982362,1.4646943314638254,1.0172392503040473,0.8306486207605758,0.02130164666645538,1.29880029516009,0.7749485705128007,1.1426766599223843,0.5597548727146863,0.9881080135415866,1.5270187205911554,1.0646106295344016,0.6719810733010219,0.18218501354855768,0.5715662153353163,0.09946540577696035,-0.17588454513446777,1.0024411566976708,0.8267400295594091,-0.567670885353946,-0.4674421650207853,-0.4225780357507122,0.8195370995851657,0.30153698417419483,0.5590703626871487,0.08228775830733591,-0.23991142517894634,-0.5535360089223385,-0.07603569596218293,-0.3777476573298523,0.5989766259250239,0.34572644665603447,-0.04050270201005584,-0.10700170098369641,-0.07633936650287619,0.17076360214936914,0.38252415641758064,0.8214671483680964,0.2550206175981967,-0.5008265131689137,0.4744913847971568,-0.3302799876606766,0.21473547216936636,1.5464199452182699,0.9318852779988569,1.14920808666323,1.1408972040185263,-0.26095712053714426,0.6701877198576586,0.6761193239943241,1.41329401264022,1.1532238253586657,1.0417991618194424,1.1065222677550395,0.7698722025281355,0.49691246754410195,1.3880322445024567,1.2761800578318063,1.1276288913798604,1.074209431328929,1.41186063652062,1.6298847634904292,0.27713371459112685,0.7707222020316257,0.07897101317282401,0.35024207491983084,0.2920705844255374,-0.3141182976001825,-0.556734688407459,0.3105451107873015,-0.2595531656651864,-0.34348241203812563,0.2517442834194218,0.20977392411810303,0.3249653151336663,-0.49652095364012544,-0.7582812575999699,-0.011234849568784226,-0.3508089487787275,-0.6612660556637042,-0.23938807181283092,-0.6576219583859155,-0.6025034804706307,0.08796518852985806,-0.25552591754141335,-0.34637076302518616,0.16478178304970617,0.2955259633601012,-0.09110317989429363
0.4216010523446925,1.0786838206259668,1.5010846097741584,0.7011885498366662,1.5767126810305372,1.3842821627868651,0.7685285694702083,1.416189574684848,1.3251400258505577,0.18394414542673013,0.584989712789008,0.9827596707198799,1.599024503087279,1.1477093473127737,0.9231729340524193,0.07306201022275059,1.601192608783515,1.0404919349824318,1.348342939968148,0.6135438186745318,1.242686827347972,1.8092087837351984,1.308323981160714,0.8955033007016926,0.24638691161335466,0.8105103063453237,0.14542459383211118,-0.07581478345017895,1.0686336259635654,1.0362343539750296,-0.8655050891515557,-0.7465361897545439,-0.6986012439587823,0.9969259915323837,0.22350277054898857,0.6433548139546303,-0.07832694292455852,-0.45943706046866983,-0.7537290518497075,-0.21921312813176452,-0.6090338169509476,0.5365726755725827,0.2562605565237123,-0.19038522186239096,-0.22505843303650092,-0.27295849674697104,-0.03394260889888193,0.3066854438540128,0.906300799376939,-0.020151284763969674,-0.49855249627594167,0.6892974195581872,-0.2485894937331401,0.399901068887831,1.8353738141611073,1.1665613220598479,1.3664654946899144,1.43573230523524,-0.17851682281097012,0.7490234114161772,0.7562654287191987,1.5352686703633394,1.2975094770385627,1.163480046515454,1.2924906274497134,0.8699991441947115,0.5995295903620785,1.6207586707578892,1.468199416522587,1.4173184995420478,1.3538293847140028,1.633455562052168,1.964927163648592,0.19056876037870787,1.031367001048862,0.2765049993638015,0.5344947572539065,0.4871342915974445,-0.7470101795051869,-0.6187769702982433,0.42582989048683767,-0.5046041741124898,-0.5438271069290801,0.14971758852996528,0.3127131463619011,0.23172191451143698,-0.6448350855181433,-0.8830831166276678,-0.008431606391868149,-0.6465210719716674,-0.9175757144509654,-0.28636243442347853,-0.7720155441119192,-0.8995314156531724,0.17833038890118558,-0.4614472270996087,-0.5296651790956745,-0.0760916888117984,0.4607941587445084,-0.39568092004971056
0.5153755573277277,1.2719403454361395,1.7014346324575742,0.8721833444928775,1.6699707406701745,1.4892953947139207,0.7484209917366166,1.4955736570685165,1.370126346309962,0.25311790712229126,0.5475504030386231,0.9941426815630519,1.5217093176580057,1.0982065014033149,0.9353507964331231,0.1467921892215687,1.682142672230791,1.1583647986815193,1.3165571012543362,0.5585891552346276,1.3581535801013582,1.899198107336941,1.381314420644293,1.0168771630293103,0.3201528835559071,0.9869707299420462,0.12103250090364527,0.11405612891340006,0.9766332062430415,1.123795474123658,-1.0867611306451253,-0.960702826745098,-0.969121087155587,1.0135638225055124,0.05934366546839073,0.7198752350874373,-0.2840012329747076,-0.6840120942447134,-0.9228789066037664,-0.39640825983192673,-0.8585155221002988,0.4279724108790948,0.06735655659425044,-0.35994144895958713,-0.4083164858001997,-0.5327149104971474,-0.3482810132501698,0.07613093876969408,0.8956065612180677,-0.3807964131809601,-0.341048155726049,0.9179542854023368,-0.03164610485019797,0.6539769329504025,1.9386853259209909,1.3392980062216093,1.412561929714532,1.6060209637078444,0.0016267980493091235,0.7966081212693066,0.7557694954022592,1.4541740947573971,1.29977264085582,1.1348870158339484,1.3322797607844235,0.9184424621337287,0.6519038841307631,1.6124276183917692,1.416857665858593,1.532778779009111,1.5143937194280475,1.6860686501613191,2.0406005040190993,0.058148078243058496,1.1858930446364488,0.5325673673361306,0.7030230668374081,0.6882705092672915,-1.1946193442049402,-0.5735588309036355,0.449810105757292,-0.7461509158636176,-0.7898388484618154,-0.01033524058101597,0.2867207646910967,0.002322204750371646,-0.7258801166129367,-0.8708604698571908,0.016340143708148645,-1.0107483377397823,-1.1063092340940026,-0.26518846271741997,-0.8661969658248473,-1.0702116771597592,0.26042141447745076,-0.6706412344407169,-0.7560156895826766,-0.5086124422640153,0.6221682282551371,-0.7096073324032335
0.5985291942226357,1.3940956020234077,1.7242722744655714,1.0546970004972172,1.607850661708401,1.4403756056554873,0.6590351681875836,1.3964009212954211,1.2714937765367098,0.3431686366727048,0.48884778498090314,0.9017748319545122,1.2354291169171543,0.8650012041989803,0.8660332518467314,0.24706363554499006,1.5101629660215445,1.0974544190806361,1.0306600353004691,0.39748747705817533,1.3099123595357973,1.7774684920418382,1.246706047943657,1.0112702723009965,0.40944434963470905,1.058140500256392,0.0033127478207363795,0.3786308385789817,0.7375506904580212,1.050089942322235,-1.1644872067803258,-1.0533305329461926,-1.1809276945301432,0.8630907226313956,-0.163697113157708,0.7835253729939334,-0.47050337371466544,-0.8758897091748146,-1.042607762863389,-0.5899824468981083,-1.089058695823979,0.30028656394773984,-0.19428109477425357,-0.519283174391932,-0.6317572912819255,-0.8228208687633197,-0.7290895029234511,-0.29459787396487336,0.7792987955618551,-0.7598819324824683,-0.01861806034487101,1.1365422820533482,0.30483143507365346,0.9462555097067592,1.8193506309387448,1.4060045357915554,1.2753928577819729,1.6036659972445355,0.2648061290466765,0.8160792181154352,0.6809874480662778,1.1796768482929025,1.1528387360487453,0.9565913094721549,1.2141895070281128,0.9103027572753192,0.6510377218494706,1.3499558692272624,1.11524679846352,1.4406106777437948,1.5200391547595191,1.568969408384565,1.8205970133586085,-0.07824973177259394,1.2039870280971208,0.8194790617982659,0.8316600962498104,0.8667460596131189,-1.5621041003791878,-0.4247379473673785,0.3808103438743354,-0.9361346086080286,-1.0424814757987086,-0.1796073101834268,0.11589988793118196,-0.3226059225632489,-0.687731260243657,-0.6900367657577526,0.07036532330635863,-1.382271880557457,-1.1907296289389768,-0.16581663394218962,-0.9452867069039482,-1.0454871848440892,0.33471388017518966,-0.843717008011622,-0.9907451066565592,-1.0695104527389638,0.7431840966169744,-0.9607942909485184
0.671804684068655,1.4218526218304437,1.5432852926152003,1.2215584137329187,1.3873648343538398,1.215138981557663,0.5170067638184388,1.1335924555241044,1.0215080559708078,0.4428008123346434,0.42586011647989364,0.7249053328462757,0.7778596776083171,0.47898617443952535,0.7221675436254362,0.37543764242983774,1.105210204434267,0.8679512307740179,0.5281016458724658,0.15439820884718558,1.1056036341465416,1.460964787691808,0.9054569301320938,0.8831000578130287,0.5160918478199523,0.9999548495949969,-0.21646643903299348,0.6846158007563533,0.3888420172210108,0.802958087504311,-1.054884298237761,-0.990733813785101,-1.2887255141985183,0.5760478292075117,-0.40713580628780155,0.8224984407338582,-0.5712593271572279,-1.0044397383370842,-1.1054604060824762,-0.7803961992827877,-1.2650981607985539,0.17906191911986216,-0.48642059036277946,-0.6447752467221285,-0.8601094723901771,-1.1054951409438916,-1.1196469796117048,-0.7605179432038117,0.557167182850719,-1.0875325135722125,0.44696273298449213,1.3186619093034935,0.7197100937734885,1.2303454992112812,1.4745286661645356,1.3302395801079168,0.9812175836322719,1.4067451101959103,0.5770130959274322,0.8064998039398247,0.5486728502232942,0.7555793404522763,0.8704960685317411,0.6557492170149705,0.9554904242169082,0.8428983567877978,0.6074609019241103,0.8729815757733268,0.6114164964637574,1.1501710742563176,1.3609846475070122,1.3133424663527034,1.3263393783001094,-0.17275087489287358,1.0860732571471519,1.099763068642446,0.9013694571630523,0.9949869822964879,-1.7649807301077474,-0.19721189277376694,0.2456876140613777,-1.0361325863545316,-1.2562989784717722,-0.30255562889179566,-0.18275338564868363,-0.6764159384243612,-0.49540919682709855,-0.3402369221600829,0.15344245254783664,-1.6891803448915694,-1.153514403586277,0.003219205612266279,-1.015846400645989,-0.7924323610884167,0.40934775592358674,-0.950409817217368,-1.1932920850714794,-1.6576273227474951,0.7870244293645693,-1.089235038838441
0.7369620614294693,1.342079810863176,1.1664826250252414,1.338339677782905,1.0263793273946378,0.816351045910576,0.35060907562051774,0.7521929960530574,0.6345393942691263,0.5341169080905772,0.37028360538631827,0.4947060522644253,0.21481430295017842,0.00016562562212608538,0.5199526102175942,0.5296419116757435,0.5342948720483658,0.5159454837566958,-0.10818830417143172,-0.12946270070018714,0.7820083316282455,0.9992677205365976,0.39782427872209514,0.665710979624146,0.6369659107836575,0.8139115677316868,-0.5260846414128143,0.9882544907847615,-0.010162600484133633,0.40352200842999875,-0.7447470572348622,-0.7676221807289269,-1.2638979945697384,0.2100407008043648,-0.6278508283510346,0.8226113755216434,-0.5327913300796877,-1.0483913195572157,-1.1109696878480013,-0.9455807660481488,-1.3581633724976396,0.08810316955870166,-0.7573102197908921,-0.7180433504750728,-1.0541054487400379,-1.3403449982643054,-1.460043205747629,-1.2522612181650197,0.24311287956311203,-1.3035332893750884,1.004301552103108,1.4399680402700703,1.1543601971119164,1.45350636565599,0.9386107891607579,1.0955234035801953,0.5878936004236226,1.027484538354606,0.8919102588217539,0.7647378073314014,0.38349975438845146,0.25120910923743217,0.4877296003182951,0.28225750936009913,0.5999419252121536,0.7188640751777933,0.5437610032910851,0.26578324006013676,-0.0029218784262004553,0.7106184300760108,1.0569523020469456,0.9745361795693664,0.63416404432144,-0.1856610605851159,0.8637705629140074,1.3330974133325102,0.9036839599712374,1.0536212708954757,-1.742428901013959,0.07207757687731045,0.09269125757251018,-1.0247450737883843,-1.386988414719048,-0.3297680435363285,-0.560127669933679,-0.9815223116171815,-0.14145788631676884,0.14703878528891004,0.2584502574075138,-1.8612842344462555,-0.9973373007239476,0.21852744071293226,-1.078770133663748,-0.3199521806857622,0.497696702856337,-0.9700630450431291,-1.3218106017576696,-2.152583628851631,0.7269390985641634,-1.0579358825326524
0.795626339775174,1.1546374217926378,0.6369165926509807,1.3709480971894457,0.5614534960895596,0.2770554619632286,0.19547824507838343,0.3155141071726763,0.14930084092683382,0.5988039405944828,0.3278778982694843,0.2490766732623052,-0.3715064712723558,-0.49404465232932343,0.2845002295784635,0.7024815770301386,-0.10383749710336702,0.11001982680994951,-0.7687879442335022,-0.40428008487459044,0.3958838057208181,0.4655019256215215,-0.20263200159533162,0.41389417600743206,0.7644500817482504,0.5283835653943466,-0.8897168305991835,1.245523039784619,-0.38745768897576544,-0.09453379412686524,-0.2538484577072737,-0.406713091176517,-1.1004184730447046,-0.16530840838103503,-0.7847564315638694,0.7730323790146995,-0.3281354813306704,-0.9968011766965295,-1.060904247278836,-1.0612082093301003,-1.35067644546323,0.04950474417269212,-0.9536396880172576,-0.724302625721048,-1.1773257351047686,-1.4876023498205626,-1.6972552238495453,-1.6879581052291701,-0.13285475332334754,-1.3678561650445027,1.5801770340278014,1.4822559111490654,1.543736888532003,1.5680515098223315,0.2790483752385726,0.7140871241408017,0.17051233164308924,0.5127218760603106,1.1609220892719423,0.6888550961594039,0.21435303063810499,-0.2521117305849976,0.057135011986158196,-0.10044819055680346,0.20931588041089538,0.5485759766027023,0.4893383635070041,-0.3616728666909083,-0.6139452725901623,0.1991735629446758,0.6544435444121077,0.6200339027590862,-0.13969195725361203,-0.09216110660176488,0.5921045635263018,1.484771935942588,0.8439021640487052,1.0368799599759149,-1.4670859712650743,0.3447589031328929,-0.021176335966991654,-0.9012353257273659,-1.3992237151350142,-0.22968914083661388,-0.9432557822922073,-1.1669326118723884,0.3484053798964109,0.7141727075632835,0.3736193507898279,-1.843784457954544,-0.7425051956291625,0.4488786215551505,-1.124198736262535,0.32375914646568504,0.6140474041709003,-0.8908707498389086,-1.3389702355490196,-2.4398053278971403,0.5552299362698868,-0.8594356606795149
0.847573369150551,0.8733066257562805,0.025730519966776985,1.2943400953022655,0.04306693607420031,-0.3405126750380138,0.08733712412139964,-0.11005748066414478,-0.3745203976330691,0.6243766375715454,0.29974605178733577,0.026653453180878275,-0.896761842683299,-0.9240537853610815,0.047356899172221134,0.8809455571184548,-0.7009349188080729,-0.27585371992545965,-1.3420897789200859,-0.621987524364475,0.011329202933612765,-0.05592466172328991,-0.8015468603554421,0.19101297729257344,0.8880574934959412,0.19363575371455963,-1.2512328940432356,1.4218982240758498,-0.6709753385373847,-0.613080538699294,0.36769318795585815,0.046706790427477655,-0.8167567994469455,-0.4841255049718353,-0.8445737213545801,0.6711759208657652,0.035029692165020325,-0.849745863627886,-0.9563440883091188,-1.1029731688462356,-1.237704927439567,0.08240818421105586,-1.0293243309137392,-0.6519260112677658,-1.2024313178389523,-1.5128478133317778,-1.79318252086131,-1.9888239635871992,-0.5262354546886324,-1.2674761026580696,2.091919064447093,1.4363423322143876,1.8281726654831254,1.542303606929551,-0.414511552470203,0.2288744685684498,-0.1966380109085224,-0.06388786773827027,1.3437842404197848,0.5815711273198257,0.06987621356448388,-0.676541004341124,-0.3584825572399321,-0.4282200078979322,-0.1494118385270511,0.350616089391742,0.4725946050114972,-0.8987785323462965,-1.1117211180158793,-0.29618819117112144,0.21823671439118186,0.31611148478605855,-0.862768301664949,0.11238337964554937,0.33554934611174514,1.5334177118842307,0.7408544489771889,0.954681611160719,-0.9503081558221737,0.5896051736321974,-0.04496159243700973,-0.6848909366244533,-1.2735210176433733,0.003664838077940701,-1.2498092598080741,-1.1838806668302257,0.9166504427793618,1.288050543759704,0.4855810822120427,-1.609638550834571,-0.42270587997075254,0.6630116270888854,-1.1311792654138253,1.0606942969540436,0.7685359597203136,-0.7095107847950243,-1.2185447474485989,-2.4364375173564743,0.28807349080666933,-0.5169030268040069
0.88910862211049,0.5246210029059513,-0.5810226246856957,1.10024920943593,-0.4709555321531914,-0.9529786605247521,0.05343678074626214,-0.46936370249969495,-0.8653274575194025,0.6082841797110465,0.28460922432224456,-0.13919819366232614,-1.288527038234798,-1.223546763731929,-0.15811545398741247,1.0462130866043007,-1.1628215693907096,-0.5785467438244425,-1.7379375828919508,-0.7460998200154092,-0.31320381990937085,-0.482784754850323,-1.3006602105676792,0.05380694595327583,0.9966181862017628,-0.12867614709270941,-1.5437440323112703,1.498941409550744,-0.8024570369229731,-1.0638929537959014,1.0464453412375572,0.5334407293459382,-0.4532528376590099,-0.6969672048258954,-0.7863047287191383,0.5248781632701384,0.5134929955005256,-0.6191020725172053,-0.7980176863317695,-1.0510376799563985,-1.0267942473265959,0.19971046663289233,-0.9537730853504084,-0.49431859925858196,-1.1158402959588056,-1.3930610208456464,-1.729642907144735,-2.0952489419714952,-0.8836980723236079,-1.0183891323845846,2.461959511607649,1.30328244285032,1.9636261332267173,1.3685633884554733,-1.0457350785434694,-0.2924924470374266,-0.4570069396474349,-0.6162917850753967,1.4167801656251222,0.45233857317039167,-0.02614389974561534,-0.9619208726053019,-0.6964255183323975,-0.6498224046359259,-0.4183651106999006,0.14965032002447556,0.5126307747951209,-1.2590956622341407,-1.4140936074613193,-0.6953781595681234,-0.18119777821474423,0.11585598509775517,-1.4133996051945799,0.4114157184917188,0.15161676636110114,1.4757125063432155,0.6228190499518174,0.8304783965516528,-0.2422091976076639,0.7867651688931688,0.05287418617008165,-0.41046878811331367,-1.0109800497635277,0.34867083576831104,-1.405987409785135,-1.0160351619198973,1.4826282027659277,1.7929733561664678,0.5821038357503648,-1.167832857554562,-0.07963609153603701,0.835780498223895,-1.072948854664777,1.7968168018836286,0.9625917361697133,-0.4320357692783326,-0.9517646816628185,-2.111953346683829,-0.035532482490228424,-0.0797700964342926
0.9123181159769641,0.14465864674323076,-1.0987857629591928,0.8017866991626952,-0.9229103596747498,-1.4697569144009366,0.10512032736084556,-0.7283211355997086,-1.25266499500772,0.5584756414199198,0.2808503905273307,-0.2256337305019118,-1.4976829672656577,-1.3518564279843068,-0.3026889399432382,1.1751630352301796,-1.4286588743527364,-0.7575816900454586,-1.9051322706600162,-0.7589375871681695,-0.535404154558398,-0.7480560851369599,-1.6161500321880313,0.038516016998079085,1.080256927129022,-0.37919507414281106,-1.7037643207967033,1.4760394692474386,-0.7498533104115409,-1.366399719736079,1.696073368146667,0.9901063681434099,-0.06522546071148193,-0.7782386854523267,-0.6044017811645535,0.3509915298518151,1.035160563892208,-0.3289413437055473,-0.5895817595388643,-0.8956971043154405,-0.7363339950301941,0.40316252907085703,-0.7182740211896147,-0.25373940980549653,-0.9202653939030964,-1.122874835708388,-1.5100912682343428,-1.9798214380516066,-1.1519842833076246,-0.6625247541005156,2.6316525491190075,1.0938379645923928,1.928662474662512,1.0661130660050853,-1.528690094210001,-0.7707007689327791,-0.5833361698045795,-1.063561187210373,1.3765588652269245,0.31704910336578895,-0.058862445621183805,-1.0759083652549903,-0.9055026844984972,-0.7380269992741781,-0.5611715401676748,-0.027933628711711258,0.6128050482503778,-1.398716102927927,-1.482897601411579,-0.9420499707232431,-0.48170809985347196,0.05040760204922769,-1.7051956276347198,0.7703380083892581,0.07634565470171403,1.3265776049676885,0.5203054985426531,0.6951545522171438,0.5738528081657533,0.9271762780163662,0.27557031236121554,-0.12089366158449479,-0.6349251008115956,0.7598930004569651,-1.3638574964272367,-0.6823960239439922,1.957050951949678,2.1630919193578078,0.6536540314482004,-0.5651945443587592,0.2430129850762531,0.9511027547238072,-0.9264616761848524,2.4371035335485796,1.186043385403328,-0.07570120614694216,-0.5519175849569203,-1.498147394867842,-0.360847221678167,0.3851684602748116
0.9058171580884559,-0.22584183581202233,-1.4603762080645715,0.4333559260433537,-1.2626778963786194,-1.8101121809279859,0.2337200001277433,-0.877381728347786,-1.4812177695470639,0.49032104522832093,0.2874117480471398,-0.2240255504556533,-1.5052944932568886,-1.3006676485243232,-0.36708235653410876,1.2435532833599474,-1.4814857731423574,-0.800643993804457,-1.8391062292658904,-0.6648891592119016,-0.6351471634282585,-0.8110351453454558,-1.694908681782093,0.15166412554387554,1.131502567022726,-0.5143837188051749,-1.6866950182129092,1.36732556210965,-0.5154189141799884,-1.4648998434550986,2.2298364593087916,1.3581574559450071,0.2870929577115199,-0.727927058453905,-0.3106340132260823,0.17086736150316398,1.5120172268582877,-0.014484538292194404,-0.3419924945661879,-0.6425272850383166,-0.3930419671254758,0.6785083226865192,-0.3393073820120018,0.054641094427794384,-0.6348548548259432,-0.7192196884967949,-1.1583637265803242,-1.6542013065007248,-1.2881491077055571,-0.26003561038028417,2.5716855886740535,0.8264956082510709,1.727138198113395,0.6783619197452129,-1.8031123273970475,-1.1315203890043652,-0.5812087192562323,-1.3461946140406478,1.2387253801350548,0.19523177712745085,-0.02517000012062159,-1.018180934379234,-0.9560348452860994,-0.6951928592206277,-0.5703452735668242,-0.15938334189210532,0.7580674218713152,-1.3236934124488295,-1.3292462901964963,-1.0135685365497533,-0.6418729125258124,0.12435544769955781,-1.7037776124354427,1.1427871055956618,0.11551010539249838,1.1147917617752514,0.4575698611705694,0.5785746773517073,1.3921404102388932,1.0085141256081953,0.5955698008231012,0.14110282102270688,-0.18884034042414824,1.1765160765969795,-1.1139685325025586,-0.23287032171260527,2.259293269115181,2.3521576385350618,0.6934823936706284,0.11946845511173802,0.5058137798838637,1.0015593486889478,-0.6829929946826375,2.8992505249745046,1.416730287859526,0.3296153498873596,-0.055619463452077064,-0.6855370368158954,-0.6289642428269934,0.8055057336883465
0.8572061054803641,-0.5473599203164183,-1.6278253209980729,0.04543645321606271,-1.4543342699142723,-1.9195877616620163,0.4110431187803555,-0.9286864825951072,-1.5222854884529515,0.42111251832527696,0.3033497418681124,-0.1413612274895869,-1.3240405867719198,-1.093729838082599,-0.34597648006968157,1.2304534731655532,-1.3479541026244588,-0.7226692767171853,-1.5785968787823685,-0.4892235811765311,-0.6153929616881961,-0.6650507580952498,-1.5254324062096891,0.3677587982066669,1.1453272704833488,-0.5164204656093792,-1.4794851895998633,1.1954207049783887,-0.13722395688818032,-1.3411496100365887,2.5736489176879265,1.5912125693201495,0.5500318037071188,-0.5685328513088755,0.06564323577390395,0.004359043669017322,1.8570187685268538,0.281442329962459,-0.07641966405171689,-0.3150562562261614,-0.029048298791350104,0.9929716141828445,0.14204713560197402,0.4008125165676996,-0.29289682624019603,-0.22243323240996,-0.7149963879116688,-1.1680311776825794,-1.2686227703588693,0.12183736809348467,2.287180153733981,0.524622637028519,1.3863461001827846,0.2646283795063727,-1.8448024703889918,-1.3220341173306032,-0.4842440730090825,-1.4373422631887465,1.0319459994466562,0.10553356861832065,0.0654932182027886,-0.818162171291885,-0.8459668282189218,-0.5515872715453,-0.4676669334024643,-0.2302538478309094,0.9169765594883788,-1.0849861835277634,-1.0074924802762677,-0.9235066296238275,-0.6491050246022589,0.31546602459467676,-1.4322984600569433,1.4784817707681284,0.2438212387881673,0.8754197392132628,0.4454001688140467,0.5012774492605148,2.09981690591006,1.0302001658473867,0.958883572133285,0.34063055381976504,0.26946947495335843,1.5334085920761473,-0.6898559333067985,0.2619067092870044,2.3339081856796606,2.3393921881395503,0.6966383475072704,0.7884249407600874,0.6795380363149953,0.9858194385675338,-0.3559944520880619,3.1244151957113995,1.6229474489001376,0.7421336432340231,0.48033203119628665,0.19359309524915397,-0.7900624715638345,1.1157583215091793
0.7568608707540153,-0.7875357559440971,-1.5977616852341143,-0.30487737054947744,-1.4811274361233806,-1.7819316175600486,0.5944056730415687,-0.9086821239785192,-1.3798308210187187,0.3642268647071218,0.32659817642366884,0.0011634033827688849,-0.9942597294579343,-0.7798284777054159,-0.24896455057750036,1.1230131332010294,-1.0878953855655495,-0.559739843953582,-1.1928244075905168,-0.27278194026316205,-0.49848380943611026,-0.3403240945661359,-1.1409066025121863,0.634560324199587,1.118522929564956,-0.3969200361849864,-1.1066234918506896,0.9845484362375715,0.31695059673521014,-1.0191615391324391,2.678002420038658,1.660392540663373,0.6871974364524742,-0.3387199053828612,0.4794018093438515,-0.13546786820085346,2.0018191298703116,0.5148686181297651,0.17645022243910316,0.04654345825727201,0.32118694434528033,1.2971469513249168,0.6649136871392544,0.7421141803826703,0.06278529794938374,0.30751659823711547,-0.2317073135478403,-0.5998391188579493,-1.0946969743569535,0.42153296691534514,1.8166518066405726,0.21343644907967252,0.9511845100917906,-0.11163554569451184,-1.6690671132816863,-1.322093284282252,-0.342804696901605,-1.3465495939532874,0.7896188210728043,0.06094230828455774,0.19272270394834642,-0.5270709153249027,-0.6013156161415456,-0.3565908908203026,-0.29734717168142655,-0.2369284704942154,1.0480288209436541,-0.7626239726465374,-0.6001143532835695,-0.7167006115964898,-0.5216735923366143,0.5784392851543444,-0.964743668658543,1.7309897131475807,0.4122772103215394,0.6414346764319978,0.47754992647294764,0.4688944994768044,2.5948483348095945,0.990088823708836,1.295348979718896,0.4561501660816893,0.6769169046184456,1.7725767898551323,-0.16276477828448624,0.7240014866061758,2.1629221218486654,2.1312900819340928,0.6588410346104914,1.3430066102681593,0.7499327342381215,0.9057937931383265,0.016953640984293934,3.0843275263384196,1.7684280275195448,1.1123211298985545,0.9866939868450045,0.992020599372929,-0.814970685211535,1.2686369280440153
0.6021145903594526,-0.9261529248328898,-1.399529101772524,-0.5655546988617449,-1.3481297257771787,-1.4235313288908045,0.7350007766667255,-0.8488796762922031,-1.0895647564845372,0.32510228208845926,0.35290209274915807,0.17239789099016342,-0.5755917963882533,-0.4207962220011906,-0.098034528219491,0.9203940078395779,-0.7767807374995978,-0.35982898810370373,-0.7628559082243711,-0.06358387777614635,-0.31932747377132237,0.09910334183233771,-0.6136253895260302,0.8847931956048206,1.0492408527221442,-0.19355875954620375,-0.6271135909447889,0.7554437076111403,0.7625974271922705,-0.5608772688735945,2.5269482530889897,1.5576571218114765,0.6872093322889797,-0.08530818819631755,0.8745775393140215,-0.24502121737035432,1.9119305797240111,0.6493815947297187,0.3815438589094761,0.3912240907245333,0.6241120417912487,1.5321985016579667,1.157247155214958,1.0302262452078979,0.38637173727478236,0.7998984969832251,0.23538079375736662,-0.04170722570269007,-0.7928762803766286,0.5953621504543314,1.2251332971829465,-0.08267751552828537,0.47563808212567277,-0.3955198688143629,-1.3265166895245588,-1.1480771555108347,-0.20961923655164083,-1.1155605253044873,0.541775899854959,0.06535136338397536,0.32910049028446586,-0.20623038542322614,-0.2705360655478214,-0.1649531020770835,-0.1136875734420053,-0.18628706003656986,1.1087677969374785,-0.443530241897469,-0.19765081347787825,-0.45832564030153594,-0.3042321959539203,0.8520895753650931,-0.40872345301568247,1.864049097054075,0.5616863731328561,0.4370502283033516,0.5321564826775148,0.47105068243302695,2.8039249068915786,0.8845050335840916,1.5325983385403503,0.48204574269319245,0.9761137389088118,1.8529970523534582,0.37279609109880446,1.082106653704907,1.7712816176350583,1.759840203212637,0.5762042256430598,1.7028440396725866,0.7203534102594373,0.7652726973500084,0.3794823950172452,2.784654666595677,1.8189808803964145,1.3906613112240855,1.393168683014998,1.5783647821975368,-0.7020831521851547,1.2432951031646016
0.4005328853099144,-0.9582311603000793,-1.086937083755511,-0.700823493534763,-1.0820329817784133,-0.909060508524427,0.7876554862514058,-0.7774336459450093,-0.7113008134769868,0.3004373577201328,0.3757765572119583,0.3377107445856335,-0.13592302707513917,-0.07748812613417091,0.0777655782154519,0.6357549158137915,-0.4857522705218723,-0.17266377589754706,-0.362057946295428,0.09302334103012742,-0.11742387659343592,0.5646367284282332,-0.041725569456317155,1.0515728369319532,0.9374369670513275,0.039447085095423426,-0.12246732452315398,0.5234133184369859,1.115735128372276,-0.05359960178454873,2.142436893530835,1.2970302133954221,0.5666181620453646,0.1449468098522618,1.191479832278143,-0.32939208038786866,1.5960503342996704,0.6652265471735598,0.5079910910607781,0.666446676068123,0.8505122632866087,1.6415495821876473,1.5471179271588293,1.2218394231274536,0.6367435129491554,1.185926310138729,0.6331457338735629,0.4190715996772986,-0.40985446601887027,0.6267576569705761,0.592811822158516,-0.34225350058994475,0.013339214045161755,-0.551398232734537,-0.8921287387358894,-0.8481531425974728,-0.12624217849499483,-0.807617835810559,0.30957269215464656,0.11258481392683871,0.4458819951182476,0.08571086802681975,0.08599444134410461,-0.021813000436503825,0.0334846330158755,-0.09283827771805644,1.065409858552123,-0.19894803461779054,0.1213856833657205,-0.2195002709941766,-0.057923227978850425,1.069091731020869,0.11816963198112035,1.8556197160485202,0.6387488237713956,0.27451103322831316,0.5778665773426267,0.4850365494077322,2.6972021543290037,0.7116899612464911,1.6107473563198078,0.42815246158300124,1.1264236352851769,1.7573007675933432,0.8196850610525385,1.2834891892207614,1.2240622155193916,1.2778704260583797,0.44635981048047824,1.8220483871761801,0.6114297275986448,0.5708363956128392,0.6681539283658559,2.26456267302055,1.7494647098335436,1.5378038250989263,1.6414643276675696,1.8648356967449304,-0.4778799813107429,1.049238188279461
0.17101600748551302,-0.8945520180954699,-0.7259290413865267,-0.6991179192392272,-0.7277847965030547,-0.3291288224085957,0.7198539316577901,-0.713487877398586,-0.31647760531963826,0.2807352907890133,0.3877775375556346,0.4663246002421786,0.26020785949157593,0.20286198129439023,0.24893144750833482,0.2955427405277364,-0.2644231849113061,-0.04071015646255724,-0.040574205056162355,0.16367586763898614,0.0703523168942469,0.9576976004381191,0.4691268678985507,1.083779110368753,0.7863399891764653,0.2444517956866554,0.32161974880412525,0.2993914907639288,1.310414385799839,0.40789732525516675,1.5827008131382283,0.9133743517209209,0.3670084488908962,0.3126268280688868,1.3762342828936946,-0.3985549690358907,1.1070035052450158,0.5661750027584239,0.53859370091427,0.8290978506350831,0.9790022903977375,1.5844851681974543,1.7747883887446,1.2901817132087565,0.7850749704756683,1.4127014821949957,0.9187227930178185,0.7173744846785973,-0.0032838873660158926,0.5304340844360779,0.0013504823609983487,-0.5482563343177985,-0.39090554751213474,-0.5693848776594557,-0.449932684849622,-0.49051624140362765,-0.11371758144671729,-0.49310376650984955,0.10360428572910879,0.18808990325076075,0.5191828953509475,0.30380965964364337,0.40876326380747935,0.04923585467904122,0.1115766540980464,0.025482213777361824,0.9006169613271854,-0.0674076946519709,0.30601987164611477,-0.062462561024982294,0.15263928153998926,1.167105279557867,0.5129261044494858,1.6994765694604466,0.6103109853048143,0.15469946705018695,0.5827826107740793,0.4829589180319143,2.2964700566153486,0.47705267278272506,1.4946018900964277,0.31669727100916173,1.1127975320335959,1.4943691567771644,1.1000884620996358,1.3020986867919324,0.6155490047704212,0.7521044439455032,0.2707612959926607,1.6984500611267546,0.4574289631574768,0.3344438494412407,0.8275372280728361,1.592225574353428,1.5495668898843096,1.5345689939074503,1.6972975547273206,1.825525212598139,-0.1909692683898532,0.7251118951853489
-0.05806202233484421,-0.759325345791951,-0.3811712851507375,-0.5756113124432942,-0.34212826425629306,0.21735575264811846,0.5182637176221307,-0.6651050948913956,0.026163232403326412,0.25501185221279,0.3826436211364358,0.5376566743881795,0.5615310450101457,0.3948358058822081,0.3914317654032727,-0.0640357581994964,-0.13089411049597635,0.007351576097750756,0.18242894253710346,0.13379503241188925,0.21484068804385148,1.187436231986939,0.8254050989233276,0.9574914348839022,0.6042246798419492,0.37359617147387114,0.6351913186300916,0.09252690258059049,1.3121214369977967,0.7403833716715522,0.9341217092327289,0.45833719855268407,0.14651178381139987,0.39112215137789935,1.3907025744991721,-0.4621182039259422,0.533193738598456,0.3815634084691083,0.4768236488832409,0.8551633293824336,0.9991830686312464,1.3478978535462165,1.8032957428957432,1.2336562476293287,0.8206893377123264,1.4549729149967738,1.0656520406670733,0.8228206139037502,0.36942409927332,0.35003926470436886,-0.4795008281251469,-0.689130743280142,-0.7070065625445716,-0.4661364017358316,-0.07660868134099803,-0.14783315199535096,-0.16942478416669904,-0.23495357014016321,-0.07416480051200883,0.2725798261451195,0.5350729132562161,0.42371741035059635,0.6508714277809762,0.05147558270323249,0.11252050083519147,0.15126334217788662,0.6176145439717142,-0.04763560123236385,0.34051584440438326,-0.028286093015113818,0.2725851254582249,1.09970133553678,0.7070044866265147,1.4047184223037683,0.47178607913435117,0.07049038684414981,0.5233965266940455,0.4399688736362304,1.67389389692306,0.19759636704864417,1.180704705128365,0.17747674577204137,0.9501069458510367,1.0974948039715282,1.1732051258532628,1.1417268162217382,0.051917296789642006,0.2543499500414848,0.05724912219086496,1.3735120897663642,0.2997105739718103,0.07595367246104773,0.8244274161596185,0.8560159991391036,1.226955000427956,1.3886392612335605,1.5584440320687105,1.5008942344721041,0.09881161336694422,0.33228902242987796
-0.2536324855746193,-0.5852143249502559,-0.1044566170124731,-0.36840551988777653,0.015342555225207397,0.642189763147354,0.19173922845000116,-0.630446008079045,0.26353042303808755,0.21572145420946892,0.35736564205003485,0.544882639020183,0.736534004117557,0.49672347219941493,0.4903261359739137,-0.4027247883729646,-0.07144343638982865,-0.03990061772323724,0.31722514017412473,0.010440453038680126,0.29707803550343514,1.18837813448523,0.9628440301602981,0.680594583610412,0.40524340421360955,0.39869961087260414,0.780100194540201,-0.08768781149872987,1.1237223034610195,0.8879743204084719,0.29717700924461554,-0.006555274983356296,-0.03268677167233637,0.3697702844220109,1.2207781904878416,-0.5246082548262783,-0.018454556037767005,0.16193941146978927,0.34846602240819563,0.7455253920340277,0.9138224417003533,0.952328119894806,1.6252966906279764,1.078207290263149,0.7535486716977132,1.3214074519845362,1.067831831306139,0.7447041234737375,0.6616049673634536,0.14912882123790444,-0.8024762214696025,-0.7594224446473864,-0.9218502688803154,-0.2798902600519851,0.1725307081448916,0.11815905788498876,-0.2702868250782607,-0.07694828316334452,-0.22625554286719216,0.3463932830437987,0.49214458653921084,0.44311929837428443,0.7857587538457044,0.012141250009766572,0.05247402888587556,0.270044091858903,0.2399151690199157,-0.10302626125169484,0.24315818697940125,-0.12943559085893983,0.2674458438774579,0.8452406887965727,0.6772785983246917,0.9938815553258257,0.24732229812254694,0.010980334728130198,0.39080799133752747,0.34097624175156904,0.9400490646363128,-0.09701881904155363,0.6977754848447383,0.04225606853125429,0.6813173740545931,0.6183973984033813,1.0438550756832625,0.8339140760638508,-0.3692538336405238,-0.1486871729275317,-0.17834168471864859,0.9228283805118376,0.17844641269610947,-0.1764847588054471,0.6571737305848219,0.15164038225613286,0.8068778323279507,1.1352079020252608,1.2565537156498314,0.987314396660554,0.333552070883855,-0.05592647243717197
-0.38463134234015317,-0.4065283893818998,0.07297895680521647,-0.1290928803297891,0.29230571472948225,0.8840926613465111,-0.22939172698152244,-0.6010311948473341,0.3671368284141101,0.16202777158664325,0.3132213765740801,0.4947025201028196,0.7756335846964707,0.526054818051738,0.54033834398456,-0.682791112534983,-0.049583780533836004,-0.17604313583571163,0.39384162017406965,-0.1792967754391816,0.3086104604098971,0.9343619718911321,0.857752698946044,0.2895598803774601,0.20821051458614345,0.3154713929927475,0.7577102813121817,-0.2312473111045569,0.7826746742512553,0.831389430570965,-0.2315293394319649,-0.41898330464857914,-0.11816678761934345,0.2544750479326477,0.8809637004226346,-0.5829215966107466,-0.4447960975837622,-0.03145841328978578,0.1966144779811991,0.5262046449014075,0.7393380784251299,0.44972184291114925,1.2645245820000641,0.8717331948137078,0.612293624291163,1.0531853403774842,0.9402815726850319,0.5281540531921394,0.84478444770821,-0.0031416393831609573,-0.9486266890395164,-0.7598574613034454,-1.0376507681602094,-0.06092744720864488,0.27232418438964506,0.2683336232550986,-0.3808410756055357,-0.03696770566379461,-0.35520822106844907,0.39338014333978294,0.40084082270225124,0.37789783240762265,0.8092031659758546,-0.027856719471833546,-0.03585478215605572,0.3707773890011658,-0.19291013191895062,-0.17601232974507347,0.05732571052415102,-0.3483428177591745,0.12932828106419156,0.4119471150258443,0.44622549804914413,0.5003522791818725,-0.01826809355699367,-0.03512979984727463,0.1926320999592405,0.18403589029577375,0.22250134339012623,-0.3680880017511195,0.100746979966197,-0.06065130640576632,0.36913217311428526,0.11809640261194831,0.7595401112736175,0.43113173506146646,-0.5784044977328019,-0.4060064701659176,-0.41252212798098925,0.4395010523261348,0.12435485488819749,-0.38949918266617184,0.3575312582011373,-0.43341839836889934,0.32816550004804823,0.830399467155769,0.8517592785061694,0.41408571035715735,0.46956283546339644,-0.3677006853320044
-0.428883091579285,-0.25193515033167274,0.1432447138969005,0.09000497237024448,0.4530758382527848,0.9187357621872551,-0.6973163800537989,-0.5656292732226826,0.3365045830873766,0.10032727436584252,0.25525664566614276,0.403477610413493,0.6891630222187796,0.5104939197314994,0.5437456518647822,-0.8748102990806326,-0.02150409887955687,-0.37851190145393765,0.44763223080935777,-0.3938401608663654,0.25058177860897585,0.4455869143111586,0.5305117793852486,-0.16040592349712704,0.03302578513356225,0.14144864070363586,0.6060942112352558,-0.32970309645044127,0.35066122435432756,0.5891159237964024,-0.5778686099155783,-0.7256560475899199,-0.07927396138594972,0.0659653023587451,0.41383243312343215,-0.6266861242057901,-0.6690208865478476,-0.1412380277854361,0.07086882450299538,0.24280149046051433,0.50403070188718,-0.08731684555505288,0.7713016029242765,0.6713788634488542,0.4377921337754973,0.7146293272147815,0.7161497022243444,0.2423868151603713,0.9115588577809157,-0.04874406415921816,-0.9275204445238885,-0.6967087363282846,-1.0670140645151138,0.1403050278085607,0.22969728004868556,0.29177913161690583,-0.4635651511190914,-0.10599336484320047,-0.4604439593644807,0.40355099334202765,0.2798189015276969,0.254588031289311,0.7356601077510398,-0.028380447299982275,-0.11572705100484225,0.44481379957000405,-0.6320908322937895,-0.2078908044132591,-0.1620847857486948,-0.6418769621700252,-0.12220034698506163,-0.16197251412282707,0.07232712017614022,-0.0344709108915567,-0.27331596113588913,-0.07781964379011919,-0.04947188186119634,-0.020061852769218073,-0.36103411641772953,-0.5756388902748145,-0.5398328454244075,-0.11082567932616577,0.08244016901816008,-0.343619700281218,0.39671449824048727,-0.0033994122355447097,-0.548051178873907,-0.4916850384228605,-0.61678354175187,0.01437641262863509,0.15230269896054238,-0.5308995940391686,-0.01542901857491402,-0.8355247165549234,-0.16345775967790757,0.5384406501076054,0.42077403631592003,-0.08665592056579842,0.48599765874523754,-0.5461899204403601
-0.3782210541585512,-0.13834970625408574,0.11978894066524468,0.24860748037463273,0.48502201664813,0.7606665651976509,-1.1532517682715255,-0.5135820260332882,0.19671614214704247,0.04200938436881672,0.19035918403699847,0.2910520578710285,0.5021466194945359,0.4770078612838106,0.5067605620511728,-0.9612706268218445,0.04681203195520186,-0.6119809752913505,0.5046595691150548,-0.5852846102716386,0.13244034566632493,-0.2130953200116525,0.04081015175424155,-0.608905180086993,-0.10450319655461016,-0.09108681174706147,0.38768103140036564,-0.3794406955091204,-0.1012755213086119,0.21090977152699983,-0.7054691959642762,-0.8909711838084208,0.08547993673925543,-0.16387005747108038,-0.11581294394338408,-0.6412503038523519,-0.6580096501831549,-0.12886563291807102,0.013529342460715852,-0.04962067130672638,0.24395916955041547,-0.5823050969019812,0.21290501038691684,0.5269957574170452,0.2734349525776699,0.37777222852332587,0.44020093912279046,-0.036211176795312924,0.8736042240200821,0.04388704620697705,-0.7721365819544338,-0.5804024993019126,-1.0262129792799402,0.2846233475754692,0.07870461301197963,0.20458947611933986,-0.48856948382927745,-0.2524742667659537,-0.5373700556816439,0.37422593336920945,0.150497968624411,0.10152443518530498,0.5906217484265854,0.03572757719144684,-0.15973004388616974,0.4844251615732143,-1.0274926895698582,-0.15827151564294456,-0.362994556188041,-0.9504120099419043,-0.4442839420815944,-0.8133297877598359,-0.36603133586604136,-0.5641583321343471,-0.47464324954286674,-0.1254716855840535,-0.3054357940120578,-0.2511807032697044,-0.7288790796866235,-0.6882289290999453,-1.1502905802465433,-0.09863559720390992,-0.1194703163213067,-0.7178998262131903,0.04014464158675087,-0.40718591471107557,-0.29821965830239366,-0.4108574958418917,-0.7620909384228992,-0.28235248077845954,0.2581859363472138,-0.5778015855453884,-0.38776783936376547,-1.027156521633456,-0.6231523865105371,0.31560186786028294,0.04078628910294123,-0.41004718814116836,0.3879354770352028,-0.5604976106539229
-0.2403541962441642,-0.0675746545103957,0.031561040605238115,0.32784951541602037,0.40025346564998177,0.45711097876604956,-1.5356549191881423,-0.43698504573732616,-0.00900835925788403,-0.0006231586112845135,0.12465277073651514,0.17425755658600925,0.24735218035370857,0.44250245012631817,0.43586280831710555,-0.9373908316419849,0.1658585256652382,-0.8330617190135554,0.5712003121109003,-0.7084454455089112,-0.02944564159451676,-0.9426929141495421,-0.5242722529953178,-1.0038569660275984,-0.1978133864409933,-0.34466724265905685,0.1711374710314881,-0.384419735789366,-0.5081391256743709,-0.23429000125784513,-0.6239729585276537,-0.9026707179999154,0.3473605014893117,-0.3969960327342654,-0.6310054312513145,-0.61222755972221,-0.4300708267417429,0.013842663046208792,0.046733803453211244,-0.2987919727965044,-0.0030150938306369893,-0.9731243138727442,-0.3391426703143205,0.46561954650923504,0.15453220697190667,0.10468180727844657,0.15999973966861317,-0.24209996834091668,0.7557502229863328,0.2698521325755584,-0.5299265717580176,-0.42358912897811835,-0.9287712945230087,0.35238395862270955,-0.12980330389742617,0.04273875909001649,-0.44029384600881044,-0.4307634539506086,-0.5787728204692201,0.30976524930270727,0.031395762092296095,-0.05883716907055648,0.40164013765877804,0.16491659911644269,-0.1598034546790326,0.48188042755226773,-1.3349641601393738,-0.01863531360798217,-0.5076607346055182,-1.2094374210142789,-0.7790132953936529,-1.4632470110065978,-0.7886890543265344,-1.0405737666951849,-0.5998875688022504,-0.18516760778728422,-0.5437228278043916,-0.4846879467664006,-0.8543097197509897,-0.691765969402003,-1.6653792625170045,-0.026251879533263828,-0.20097335167639874,-0.9735889078279917,-0.2387773612422441,-0.7288420278313176,0.1080541908009606,-0.2002619489428703,-0.8241912362720719,-0.41425543309256974,0.41969829751685406,-0.5239349978315901,-0.68643395153036,-1.0225463585995636,-1.014071051870208,0.19520464012229616,-0.2273202784528539,-0.5015107619438202,0.20343376946371383,-0.41176902360029866
-0.036993833439830835,-0.026724659641545988,-0.08508987093575816,0.33372736551262827,0.23188353660599725,0.07552632921592309,-1.7892284306355244,-0.33175760815847444,-0.22984197242172447,-0.018808065748463526,0.061218326754756074,0.06213662085806615,-0.041700607980762666,0.4085408461020782,0.33531970605672623,-0.8095628397450524,0.3163634745310386,-0.9962377007031531,0.6303208859384359,-0.7291095018111299,-0.21352510328630603,-1.6275964798588707,-1.066921434550435,-1.3115298887419091,-0.2527932272486081,-0.5857553344811436,0.012925664443481144,-0.35682451045045294,-0.8232327247373126,-0.6729669492404526,-0.38775381539271064,-0.7732206222513819,0.6530353974122894,-0.5950001606894669,-1.0549581770149759,-0.530159259553317,-0.05092330788205997,0.2601511419927975,0.1645154482583676,-0.4666038960397209,-0.20385549163091815,-1.2264249571255446,-0.821973977037254,0.4819449115334404,0.099711106551629,-0.06761583260246717,-0.08318685674727413,-0.3352131062136624,0.5880590593963057,0.5862107297950682,-0.25231592045657086,-0.23917989920428515,-0.7814768725558169,0.34663600788498133,-0.3411565162818218,-0.14870951208007413,-0.3199327704230611,-0.5917082437505644,-0.5778005147663935,0.2201373974453943,-0.06617243576539719,-0.2145027045310981,0.19077654941305214,0.3325493789713847,-0.1308560660530585,0.4296818210549944,-1.5221955817894537,0.18372542592276697,-0.5789934748854982,-1.3614428790450728,-1.0642264928109844,-2.029203257117813,-1.1295119606593886,-1.417893943041986,-0.653228226352958,-0.2626886423719587,-0.7377350103954752,-0.6962620190617294,-0.7718320193450245,-0.5945021759951741,-2.036790489118767,0.0933165569365169,-0.15855668701952594,-1.099740308365971,-0.3987019769884528,-0.9352745401125276,0.5781513392174705,0.0777414369961094,-0.7884529922245205,-0.38391148750028575,0.600757268237089,-0.3835871418031199,-0.8546133234034786,-0.8746392444507276,-1.312354729154276,0.17811097666376938,-0.35234103681268,-0.3671987982350248,-0.02443497301347079,-0.13299113244248983
0.20107939693436283,0.007445121571423346,-0.19489062692407977,0.29368498308095264,0.025683370920716972,-0.3118035447844937,-1.8736467706823414,-0.19798870978067012,-0.4185064162740638,-0.010626182924797407,-0.000944148778382193,-0.045653203306040745,-0.336219822010632,0.36158327451923156,0.20661164215816746,-0.5925958795567489,0.45264290871582774,-1.0609051209976994,0.6464766838366873,-0.6301169450001454,-0.3955604537295267,-2.1568291093880414,-1.49671375252507,-1.5208296631955367,-0.2875150185345174,-0.7910333522428143,-0.05608238500411346,-0.3149832321065142,-1.0247109259575033,-1.0408709950003623,-0.08453794987094428,-0.5365431638246482,0.9357922167583942,-0.7250021121341453,-1.3234799127739252,-0.39394453681237784,0.38133430866271195,0.5526406536498933,0.3326151365321441,-0.536691086522056,-0.3361181806347059,-1.343846867416642,-1.1915080814098153,0.5383447322675465,0.1068986831885889,-0.13512980597590854,-0.26150592434606684,-0.30845764723804403,0.3983206319126225,0.9201355074706016,0.014875681663388355,-0.03895366470437696,-0.5842332447299201,0.2904233243428033,-0.5092027108878793,-0.327037843122159,-0.14359218305197355,-0.6931550029071699,-0.5313807515523227,0.11867197498915173,-0.13991191090055813,-0.3644682878690408,-0.02941427115544199,0.49069260365593914,-0.106803186298731,0.3220507287986316,-1.5725680034988685,0.3924576506383949,-0.5808911084411561,-1.3660610518597458,-1.2450329659940609,-2.4379595888624412,-1.3467260648876864,-1.657552176287563,-0.6629075913546277,-0.36179097389890164,-0.8703195462502311,-0.8656632644825526,-0.5682624589067508,-0.4263757826355979,-2.237686764709127,0.23900209759013996,-0.021044374767413148,-1.103870682991086,-0.4355423339961599,-1.0144942617267603,1.0092013277664968,0.34719563546476323,-0.6531184659875027,-0.2294380504111526,0.7587111763578531,-0.1904600756378163,-0.8631313467344306,-0.6632847921629996,-1.5091876409949252,0.23195737964775118,-0.3390512723294702,-0.06937079901449147,-0.24831300401400552,0.21773341729942805
0.4404582981561085,0.06124886852904908,-0.2706430619104235,0.24729976657323985,-0.17069724259852348,-0.6422995983644286,-1.7707201724507409,-0.03995841739322272,-0.5405021141483355,0.017980701250999737,-0.0662089145784333,-0.1567856268814038,-0.6149947306646214,0.27871093627600946,0.04985478218339738,-0.3070974704476558,0.5151148557572909,-0.9989174017265853,0.57697764497552,-0.41436846460768634,-0.551951309482841,-2.444872416402194,-1.7466946884915768,-1.6412224628019096,-0.32791966333153244,-0.9496127638546199,-0.03532942518011538,-0.27903799787412514,-1.1154955208709996,-1.2933263890581734,0.18428154119836992,-0.24074390847544622,1.1300679891228154,-0.764976118979053,-1.3954778965777455,-0.21213084895058537,0.758832702642988,0.8159749227912505,0.49678402560744717,-0.5162529332827226,-0.3914106988820223,-1.3581168195965982,-1.4276082496932112,0.5753018270874504,0.15525951891457204,-0.12518799011398296,-0.3639193928599672,-0.18622164970038907,0.207113577112164,1.185657036452742,0.23809448260809962,0.16683512947374643,-0.33386824031926565,0.21899485491393736,-0.60503458260448,-0.46096252118635783,0.06272736105886932,-0.7082026537846811,-0.44281591811844834,0.0194285135468767,-0.1954887330090123,-0.5153461606665197,-0.25544025494589023,0.5827347134878754,-0.13001225804829025,0.1573254298896682,-1.4867939781921058,0.5378334115369082,-0.5333419795669395,-1.206983030536033,-1.284050680764737,-2.637399161962913,-1.4264135478847575,-1.733894991717314,-0.6712986904344543,-0.48287342866961,-0.9356570127580817,-0.9790848514097726,-0.35987061505609935,-0.2324615695026466,-2.263424819754029,0.3858162093721581,0.158828648564384,-1.0071636620322846,-0.3787322650429248,-0.9741231732914041,1.3090896660251,0.5344330192089403,-0.43029910003914856,-0.013261190850262625,0.8530395088630836,0.008887519103929953,-0.7153454910951378,-0.4767972203516965,-1.6097686640315796,0.3001400067201647,-0.2252970249744509,0.29208411847931187,-0.4271874118294691,0.5693085987639178
0.6512364706024617,0.15564692403885746,-0.29735984836268164,0.23367430684364376,-0.31807583049512717,-0.8734349076905218,-1.4886597536118922,0.13398481476540613,-0.5794381966877598,0.05487894339799816,-0.1399693941675679,-0.28123306188252273,-0.8642461159322614,0.13731131222957701,-0.13328854737209536,0.022154703495354724,0.4489539834460988,-0.8013532700667804,0.3873459916619625,-0.10438015743807956,-0.6633923321551878,-2.44786761546602,-1.7843631450193238,-1.6953787323606038,-0.4001420891196953,-1.061229818600981,0.050077646821964465,-0.2656938696983629,-1.1173076981455643,-1.4102893053293841,0.3276039182295065,0.06161413515315221,1.1862373693557067,-0.7076128696020464,-1.2600233048125848,-0.0018174259186807804,0.9888419823628951,0.9755861266515474,0.5977995602005295,-0.43168616280627575,-0.37565652985674447,-1.3202076385300423,-1.5334438338595109,0.5299130840981088,0.21265948439570714,-0.08530573572034625,-0.39528898815400365,-0.014554341848178018,0.02660490911114874,1.30536141724829,0.39878923890025414,0.3688104908778462,-0.030585194661414135,0.16901498039280888,-0.6202801429426245,-0.5352525382980666,0.26958595393855,-0.629578818753979,-0.3225812905626393,-0.06533087095346757,-0.24301494859735626,-0.6752784451912696,-0.488441730852423,0.5596910710487362,-0.2370115925211397,-0.05934802295987093,-1.2823389392447797,0.5572541460220478,-0.46417070304473873,-0.8947909990733012,-1.1684662283210001,-2.6053795320336666,-1.379599546868796,-1.639695758681197,-0.7203873791401939,-0.6215482516006072,-0.9384662304506091,-1.0301390083115844,-0.26071479589726826,-0.06200669770416274,-2.129347592264557,0.5096074002082046,0.3194086840400485,-0.838486022103038,-0.2782733432321244,-0.8367604631026829,1.4147387538175678,0.5843750224314005,-0.14459529103268118,0.1942571992474014,0.8540163819751195,0.1657741561463066,-0.4445696435724677,-0.3908897023937529,-1.6296914429336353,0.3187166927076853,-0.0701930516965119,0.6072158056450314,-0.534267417533713,0.8527576762136578
0.8113265402217678,0.2989271523615504,-0.27298235070341864,0.27905685758422716,-0.39304894497679677,-0.9870119324031359,-1.062370871092644,0.3117623841918019,-0.5375939354840406,0.08562029534314237,-0.2253489575814213,-0.4248947864021356,-1.0749867850022015,-0.07400095192962956,-0.33620842575181514,0.3668200725512043,0.22387236473880587,-0.48278070584820143,0.06640263611088115,0.26143357580597876,-0.7179773767580461,-2.171860533266411,-1.6156169896016692,-1.708980636235931,-0.5213894515650916,-1.1316240149086985,0.16110409179888824,-0.2836842162608008,-1.0609826194031269,-1.3957839733324102,0.287313789994132,0.32353911853931205,1.08241403792842,-0.5618719348619176,-0.938950919167051,0.21438936293560665,1.0151288771961147,0.9777742456413651,0.5892383805311727,-0.3193534479129097,-0.30616666420295807,-1.2815619146838204,-1.529815387181974,0.35735747198742057,0.2464395716363072,-0.06598289378839141,-0.3718505764809753,0.15390652992422008,-0.13713047699531647,1.2316146532312482,0.4923637143725703,0.557184313363199,0.3152889665429453,0.16765363780422635,-0.5647828163630901,-0.5502376777787449,0.45018224058938905,-0.46945565750233376,-0.18695560946884782,-0.12710408401500078,-0.2922063815478714,-0.8470770750023122,-0.7275101510784465,0.39597041474282024,-0.44446421094377897,-0.3138139224478195,-0.9907621755790065,0.4151000161086257,-0.3998787911571645,-0.4654877582473035,-0.9125454037440537,-2.353965575171148,-1.2347587913491738,-1.3900965959550893,-0.8368706114445018,-0.7677695433795761,-0.8910333829522645,-1.0197281084889187,-0.35013947533188666,0.04410463146891896,-1.8667238059333515,0.5915147965897468,0.4075904779543362,-0.6289869275528537,-0.18693581014610952,-0.6339223213426226,1.3040251657459214,0.4733671289788325,0.17028732254945642,0.3325147003501091,0.7497013582046346,0.24171784606765376,-0.10493644699592285,-0.44999443284076823,-1.5897319716570482,0.2367824022573851,0.06354607648095355,0.7854649306412128,-0.5604422740168707,1.0160359215247456
0.9082133432534649,0.4825047329338924,-0.20608601767094065,0.38812432990013046,-0.39075313368579045,-0.987331780330183,-0.5493149118229776,0.4783205531865429,-0.43216208591436034,0.09828089373739686,-0.3201236267594233,-0.5840284830329716,-1.2391873513846554,-0.34655878793012124,-0.5447170823158535,0.6952780410207499,-0.15079000808404178,-0.08144244376859276,-0.3633513377893337,0.6350181640848122,-0.7128772454766954,-1.6714061030843057,-1.2812189371756473,-1.700821924644409,-0.692078691967989,-1.166971258373297,0.25923967506302537,-0.3313364118764208,-0.9760545067244643,-1.2726444532516648,0.05393350773923486,0.5116956639935867,0.8305005819509133,-0.3517126861302178,-0.48445379227938895,0.4124179939600048,0.8307017252219279,0.8058602905454789,0.45291463009701666,-0.2142422086788812,-0.20643224611039518,-1.2769461073437312,-1.4464813753240437,0.0488337079988405,0.23416068894393338,-0.10285237101055734,-0.3147651511783764,0.27569884434890335,-0.27978080640408454,0.9614786310824117,0.5243909992778536,0.7204842797481312,0.6788373524824279,0.22444543278928403,-0.4601272640245111,-0.5171706738297699,0.5846559973010896,-0.2551417684259298,-0.05486084061182929,-0.16221583002700074,-0.3477365063787657,-1.0227894260555646,-0.9632698392437257,0.10025162069108771,-0.7395449373189201,-0.582033468402852,-0.6533092100997764,0.11643936356561356,-0.3580070467825494,0.02490116395982967,-0.5550956568698586,-1.9280032194004624,-1.0283219258912573,-1.023368524712211,-1.0212564350650317,-0.9060686140951899,-0.8090179738873199,-0.9550685379849683,-0.6482456860783662,0.06401023611717682,-1.5177216994849827,0.6211832887896289,0.39382000006780893,-0.40835384447504425,-0.14317345914681426,-0.4001601497929419,0.9991107967309847,0.21525306489453147,0.476211133247042,0.365432264019265,0.5497139315929028,0.21901364602206536,0.24175623317568665,-0.655749029909294,-1.5103407831306928,0.034383953508228725,0.12809457399436872,0.7792153197693564,-0.5130755113171329,1.0350577954698097
0.9382531572571137,0.6810682735457272,-0.11172555092868641,0.5413183392824583,-0.3229963486844682,-0.8948620282997205,-0.021323840335786562,0.6169689336661346,-0.2887374063899847,0.08762566455603554,-0.4150685953362844,-0.7424865086417338,-1.3464385412934976,-0.6479848576824014,-0.7363867569123649,0.9735804977805126,-0.6207075421670393,0.34541373244444246,-0.8436475115490494,0.9663004926277805,-0.6541153184023858,-1.0388524345727406,-0.8468850656374338,-1.6761431335589874,-0.8919655265608776,-1.1693259368838957,0.31881444796479946,-0.39694116449530414,-0.8825863909606404,-1.0744302420687646,-0.32924216233723147,0.6107930819035535,0.47484266759786614,-0.11206953694173553,0.028324838966477858,0.5706552301580067,0.47887235776657994,0.48758559995787387,0.20719771940512435,-0.13991638884206173,-0.10017959383164411,-1.313275623847681,-1.3131380313953822,-0.35995605164628375,0.17094556178476067,-0.20393202740681024,-0.2437824610977493,0.3283580257209232,-0.3946429212434183,0.5407510736935899,0.5056037844976702,0.8449906639448687,1.0203130337507258,0.328056190072347,-0.3315143254931295,-0.4515897850313649,0.6619559804396288,-0.022056438854447122,0.056093180398130806,-0.1718491085501469,-0.4062742176584117,-1.181561849932935,-1.1742656267190272,-0.28193142461673626,-1.0778925601399603,-0.831280080122424,-0.31530959979786416,-0.2894945606988774,-0.3428673444442223,0.5087772359650422,-0.15239446086794758,-1.3979000634907002,-0.7957561308152242,-0.5972915536490003,-1.2443051855197453,-1.017140534958722,-0.7072232391162426,-0.8480781133883476,-1.1065493701828544,0.0005779460717357755,-1.1299386264403457,0.5980239591055793,0.28031353402471215,-0.20285160331286295,-0.15978346093596105,-0.16835491775435688,0.5607048126033918,-0.1410866108400206,0.7357082424677255,0.2895868061339812,0.28464402518050086,0.1063789581048742,0.539703804468367,-0.9658811586949257,-1.407149381044566,-0.267715778780425,0.10425354214409913,0.59521629202549,-0.41123618320751504,0.9181276530123236
0.9043482770578072,0.857202267820698,-0.006841363548354584,0.6989684648677205,-0.21291874447036277,-0.7379279198055562,0.4464038932604169,0.7113249150083694,-0.13415895603081898,0.05711156959129349,-0.4945742189106958,-0.8729907664971946,-1.3826410821007356,-0.9255594497826399,-0.882604882033272,1.1678531259731832,-1.0936594382539668,0.7306711757332585,-1.2883158194876196,1.2107864204786523,-0.5545175726086161,-0.38647851161451197,-0.38932044318314757,-1.6251095657417365,-1.0821222290735946,-1.1345407293458263,0.33348738871178085,-0.4617705331731528,-0.7873287729577597,-0.8367644445944934,-0.7753446461055871,0.6235018466594074,0.08342043076779442,0.11726407303126878,0.5130173608898975,0.6728617885862789,0.042313041269098524,0.09091866641621596,-0.09484448897570451,-0.10278797403439958,-0.006350571498980643,-1.367822383488463,-1.1525189456688258,-0.7932114419760369,0.0711161285414586,-0.3461540387887161,-0.1727363180089005,0.3150093477223968,-0.4706103516349496,0.055286292098466354,0.4472000995240637,0.9153890346267178,1.289825106787644,0.4488177783625024,-0.20061548712524904,-0.3671876826383519,0.6794306375488776,0.19408932176563817,0.13310569602582115,-0.1611046587281469,-0.45622312617618804,-1.2918057579816742,-1.3279033899670871,-0.6753703711549328,-1.390408172925139,-1.0238074909785186,-0.020105191501519133,-0.717627644772492,-0.34548443289984343,0.9172488263783951,0.23203239607684303,-0.8475545780111101,-0.565117390638212,-0.18093792067692474,-1.4521358086445693,-1.0806304044038397,-0.5964511482656564,-0.7132952305569623,-1.6172737700983493,-0.11962705280585298,-0.750712867116648,0.5302398602473709,0.10009611354799117,-0.03448970500804002,-0.22134297088934107,0.03356680171904197,0.07454253349464254,-0.5224133736363095,0.9167027929878718,0.13355470417889748,0.0007138239705999811,-0.06239675360593641,0.7497455431590231,-1.3041687006137053,-1.2885040008811668,-0.6100498343915065,0.006152729033327504,0.2909476918773507,-0.27927163586281,0.7024694176725195
0.8131671865428344,0.9695077039564929,0.09359114819105721,0.8111451051802225,-0.08800149950759314,-0.5449375709523808,0.787297946585697,0.7477058972520455,0.00935968809712543,0.017917370740547105,-0.53967506733317,-0.9424990286962107,-1.3315479080619892,-1.1165167097180373,-0.953330852357581,1.2483318636387546,-1.4584047737809758,1.009411161233229,-1.600113778054828,1.3358559141329869,-0.4303823164229509,0.17501011959312823,0.018828595401954765,-1.5267454704350194,-1.2130150608505086,-1.0532586280565197,0.3154739651266713,-0.5048607667581555,-0.6848008464245275,-0.5901228406011185,-1.174837941930776,0.5663103271211819,-0.2667594073712473,0.2987469030562313,0.8865571123378085,0.7096808144778125,-0.37732795168533295,-0.29155072005628896,-0.3777496335580286,-0.09237011141004202,0.06376126640046834,-1.3962310073896507,-0.9771972990295531,-1.1520271159190938,-0.03636435313863594,-0.4823697334718175,-0.10779829963343475,0.26075999390319493,-0.4932792497186167,-0.38877126001704054,0.35766918605068915,0.9168113678712501,1.4362118835345583,0.5464137963056469,-0.08127408281088676,-0.2721496572269305,0.6409337236239908,0.3640624818380314,0.17016010784755156,-0.13734186884376434,-0.480392154749526,-1.3174610774238553,-1.3862582368251173,-0.9910617255865815,-1.5977778045457411,-1.122794754763282,0.1967139969105487,-1.0656548161092714,-0.3474073087865,1.1908244935648669,0.5388647817623081,-0.35941752285163,-0.3539153646629718,0.15706570930492106,-1.5788948196159451,-1.0786344674734658,-0.48217569409970434,-0.5655344667968226,-2.039699076254685,-0.25403429828995583,-0.4214000908436942,0.4319056730761431,-0.09288193308985421,0.07962648504447925,-0.290688833737422,0.18478159530073826,-0.36711193982035095,-0.8476452954531926,0.9962568744560549,-0.0514309082354923,-0.24961675559494167,-0.2369686733633626,0.8545109651648021,-1.5792616919155897,-1.1554924915709706,-0.9084871378609674,-0.12460728677155203,-0.04285539842431012,-0.14068224992148684,0.44357936184310864
0.672948426019602,0.9823725773859645,0.17903017681385267,0.8307111022189222,0.02674494722043696,-0.3388784135999995,0.954359044199333,0.7176315139632545,0.12763733145888745,-0.014810034524157205,-0.5328253971086537,-0.92045339985475,-1.1789393917578295,-1.1630118956407258,-0.9236586167173697,1.1944899513946252,-1.6111650772588448,1.1315542100352585,-1.6928740118076178,1.3248731337767452,-0.2976880559229769,0.5574973100947189,0.3221625714188833,-1.3569722366084016,-1.237026961967037,-0.9145794568662491,0.28857001106095176,-0.5082984285670978,-0.5623224265392868,-0.3554062760922547,-1.4231853825739145,0.46277549276808205,-0.5069110563239182,0.40391005347184133,1.084173684658456,0.6788556867263148,-0.6843542999747255,-0.5661224913176401,-0.563548676164629,-0.08718859220003818,0.10682148732170894,-1.3476947157336845,-0.7903661544886802,-1.3398056337488424,-0.11717191172947382,-0.5566264915226588,-0.04844308283301953,0.20247416628413978,-0.4488188688861438,-0.6909955954884198,0.24174699184506004,0.8379998881875721,1.4181254984651197,0.5807557657176488,0.021354721528158933,-0.16874049175501785,0.5544765351317034,0.46957927173904407,0.16797988521259943,-0.10821317624503932,-0.4609319015490344,-1.2269165648571418,-1.3154306236224889,-1.147213898174019,-1.6293600985895982,-1.09962448571922,0.3120487641346783,-1.2385724501924005,-0.32703339936453757,1.2890090022271414,0.7236021642425691,0.0005614666817064823,-0.1690932939811813,0.36153597069835874,-1.5637484510251745,-0.9992670348203723,-0.36517063101094216,-0.41759753736388966,-2.23708031237027,-0.3563958957478698,-0.17202903102786238,0.31893103326018607,-0.23968288920821892,0.1284299469445861,-0.32204013912081525,0.2729987265979515,-0.6851202631397365,-1.0463864144204946,0.9630270825680104,-0.20698059042355996,-0.41924700247022345,-0.36413569367666676,0.8573539884753767,-1.7077457303255426,-1.0042537133728926,-1.0768513606691776,-0.23352172000943922,-0.3084845622071231,-0.01368351556727421,0.2001305784915867
0.4924211704676059,0.8750801058472168,0.2443581496661126,0.7262143295157073,0.11401419594718716,-0.1347249293222838,0.9281695767342331,0.6199402912968397,0.21527404498480598,-0.027296464751466683,-0.463107901126264,-0.7877161637690049,-0.9181802440644551,-1.0278472088036597,-0.7805766799234609,1.0000881317166077,-1.482962971510354,1.0724076230402928,-1.5134917355018191,1.1787644891337892,-0.16873330095303546,0.7119800239895612,0.49153674732858715,-1.098166473173544,-1.1221477563112836,-0.7111603098830174,0.2779341070696604,-0.46174817569890475,-0.4069194020539478,-0.14269631519497178,-1.4481480058237082,0.3362187227908587,-0.5923520495958279,0.4186443985113093,1.0720410418706123,0.584595660517231,-0.8124022380436782,-0.663254061109774,-0.5938194447608971,-0.06408974359217422,0.1257204354888277,-1.1824450520006091,-0.5895524194397919,-1.2891409947691712,-0.14265492196752044,-0.5228043296338467,0.009764927897615582,0.17550473604941347,-0.3291431965465826,-0.7821470682937857,0.10138992763729912,0.6748620352543098,1.2146072888150008,0.5231973314383251,0.10887592657251825,-0.055594293183239,0.4302484892295024,0.5050447766355847,0.13222053092112956,-0.07988181346330449,-0.38512518222715797,-1.0022495649409573,-1.0958377184359054,-1.090112466161088,-1.441668122509242,-0.9409067224070041,0.31840063857766504,-1.17296850315432,-0.26652824986681123,1.1972967286559915,0.7644460780890567,0.19510681121107118,-0.009218932263321586,0.40208157363676383,-1.3677184865099827,-0.8396295175230776,-0.2436083637741671,-0.2784595908332594,-2.1143195107299757,-0.3902887798768396,-0.017086372382890447,0.20505722926913222,-0.2937174003715427,0.10855304554335723,-0.27652867039560525,0.2953823091312095,-0.8301631547867485,-1.0751760151649419,0.8183708344208358,-0.28482261381597496,-0.4775262982582009,-0.402993177844116,0.7763640799054361,-1.635609856624616,-0.8297078522704402,-1.0518144433910726,-0.2717453102783087,-0.42891782857491373,0.09101103288153618,0.018497237758873835
0.280753174710987,0.6479833677632114,0.28963585206759435,0.4912481372365385,0.16704086566831342,0.060558356961096974,0.720537422196388,0.4619460450239362,0.2743451807122313,-0.012221809906966823,-0.33029972309684896,-0.5435885556230262,-0.5552487492633882,-0.7064815163876277,-0.528018862870303,0.6766693604649158,-1.0602812951875868,0.8387191581213863,-1.057876548581154,0.915201519952433,-0.049990934833300166,0.6374282294519037,0.5275756482875791,-0.7472072523185224,-0.8627898504292132,-0.44401587451811403,0.300370915083305,-0.3652181686542379,-0.21167976429630198,0.04730514961036,-1.2293487916700827,0.20392115512880052,-0.5131350450208796,0.34594875941255787,0.8548337052264334,0.436555323965874,-0.7404785961986163,-0.5574189555045336,-0.4474199815963834,-0.007521284904067271,0.12690038865975983,-0.8860567373870182,-0.3713576367511689,-0.982436234378226,-0.09910525816112858,-0.36057945663316177,0.07189868579037459,0.2017610746430356,-0.13643607883656836,-0.6422923382852019,-0.06199754202259039,0.43333920284112365,0.8323575902235416,0.3650442616280548,0.18634315200861482,0.06877865591011606,0.27933631514738433,0.47683929167738315,0.07081623341377595,-0.05585419411739115,-0.2502568608038214,-0.6461760140121444,-0.7303141123718637,-0.8092712351310396,-1.0315299713016906,-0.6533850609959138,0.2248905497191096,-0.8546954899930777,-0.1574223692127177,0.9302505466174067,0.6660312480705545,0.22235082807811166,0.1322821714180319,0.28004421050757755,-0.9858483570429425,-0.6075575439738953,-0.11569495773322701,-0.15231856301461183,-1.6459466373207845,-0.3398607862363893,0.04664740639970927,0.09898970084923016,-0.23440315374187093,0.0259129439800943,-0.13534127442746519,0.25884602733824114,-0.792877450884783,-0.927686037327416,0.576166371487758,-0.2608317072879239,-0.41796822821501106,-0.33709173460410563,0.6362340203152795,-1.35261804870111,-0.6293931401071678,-0.8127150649436744,-0.21258239199775839,-0.36914109123265015,0.1703846034952595,-0.07884952929988892
0.04798102786482022,0.3240549162443467,0.31897045576519784,0.14771942052053705,0.18976021202685062,0.24626789265471336,0.37299881460016693,0.2591462979529965,0.3120185928053872,0.028325287467959866,-0.14644267346932918,-0.20864619854340513,-0.11129622841348943,-0.23161623014853858,-0.18854432334813223,0.2541572104592563,-0.3928571179641947,0.46866041487392124,-0.37621467877103987,0.565821820432549,0.0583367416395469,0.38021788190917755,0.4585031482025247,-0.319439081497627,-0.48417043085521616,-0.1252789736806142,0.35837599370797485,-0.2294524429586021,0.020453462851644708,0.22027088268829337,-0.80464607859732,0.07431756143746161,-0.2966836345114274,0.2055166520179044,0.4761559379287447,0.24869488058271225,-0.49763597852018976,-0.2754981093222585,-0.14833180265869247,0.08456224577298768,0.11791611799773039,-0.47612030027121305,-0.13524207213289088,-0.4600141254733086,0.0076500636803764396,-0.08351941717167029,0.1411578209081893,0.2828902288279616,0.11467324780025545,-0.30666667755440813,-0.2452120488188282,0.13047723372255507,0.3075555772255412,0.12094305291838245,0.2590567663686727,0.2029895000846568,0.11300383871329775,0.40084189930128455,-0.00831790165385216,-0.03666238589974644,-0.06595155987520694,-0.1845637776507504,-0.2473379823736006,-0.34255342438990605,-0.44019895106518303,-0.26511151275614975,0.05593124572893929,-0.32503062415782474,-0.0034368813047645787,0.5298421265381155,0.4583075090130102,0.11562364049821361,0.26391541918748934,0.029192020731485493,-0.4513254841418523,-0.32159564940100976,0.018233251633467607,-0.038690076466954965,-0.8863297046162719,-0.21458041045411183,0.03946316215365504,0.0033584086232188786,-0.07316728038100924,-0.10374339772542396,0.09350061722575555,0.17935138718327195,-0.6051607880903422,-0.636447780074872,0.2613994810992404,-0.14166528962449373,-0.26040130454814453,-0.17979289868659654,0.46117910191668066,-0.8958786194098247,-0.4060181271192831,-0.3901291072419251,-0.06046810529360961,-0.1452877617159899,0.22787138875381727,-0.09790032268317839
-0.19472436834106935,-0.05481901762461728,0.3388397368634027,-0.25802371845401667,0.19447629271592562,0.42539980289494883,-0.04975962171596126,0.03329149472348766,0.3380120632452502,0.0832051056666366,0.06576453343049933,0.1778010879845351,0.37853861351460716,0.33141977913197546,0.19923005426002896,-0.2221637421061955,0.41432105612596914,0.025414838622910222,0.4345131165628145,0.17202255159391105,0.1610064612902372,0.02416014069699817,0.3330879122378027,0.15278172109171917,-0.038434501517537405,0.22225655011540923,0.4397207450543044,-0.07382032017576032,0.2765088988073375,0.3849443038434773,-0.26138338483860435,-0.052250110072267694,-0.0015980442053806637,0.03006891138447235,0.011131578436179202,0.0380579296649998,-0.1551077824581523,0.10927008279127338,0.23920060423645134,0.20022335256807666,0.10598616966436539,0.000777812829589272,0.11494054116250663,0.18712000551984903,0.15373088794781226,0.2633656023787462,0.21784377459214632,0.4005732985992666,0.3981881400412946,0.14239478741469677,-0.4418267152661739,-0.20701150156857714,-0.29864031566967153,-0.17392497513808505,0.33051705168618617,0.34153004297853645,-0.05780742949104718,0.2989782686860729,-0.0982873109577246,-0.020377506699812694,0.14693321001387755,0.3365249912906783,0.30200817612810404,0.23052859861110553,0.2530824462187355,0.17793067517385455,-0.15239077162479508,0.32672472154021737,0.18013027950644103,0.05902533415996904,0.19075733977412926,-0.06378370470113125,0.39366308738412614,-0.29026542057169324,0.1697841820517599,-0.00887164387699816,0.15497502762723803,0.06655447870600846,0.041198660107555775,-0.04645289762156239,-0.004945258602787162,-0.08439664706993455,0.14991316425181708,-0.2561831891668748,0.37672733285742765,0.07984638196147624,-0.3322736635103602,-0.2656002597856607,-0.09245598924606614,0.03796426714641793,-0.046744899502843655,0.02907976796541723,0.27127518719365484,-0.3416589092706584,-0.16776180222486842,0.13983779247355227,0.15053410475277784,0.18077840674219278,0.2713012590275565,-0.06945354751559663
