Precentral_L,Precentral_R,Frontal_Sup_L,Frontal_Sup_R,Frontal_Sup_Orb_L,Frontal_Sup_Orb_R,Frontal_Mid_L,Frontal_Mid_R,Frontal_Mid_Orb_L,Frontal_Mid_Orb_R,Frontal_Inf_Oper_L,Frontal_Inf_Oper_R,Frontal_Inf_Tri_L,Frontal_Inf_Tri_R,Frontal_Inf_Orb_L,Frontal_Inf_Orb_R,Rolandic_Oper_L,Rolandic_Oper_R,Supp_Motor_Area_L,Supp_Motor_Area_R,Olfactory_L,Olfactory_R,Frontal_Sup_Medial_L,Frontal_Sup_Medial_R,Frontal_Med_Orb_L,Frontal_Med_Orb_R,Rectus_L,Rectus_R,Insula_L,Insula_R,Cingulum_Ant_L,Cingulum_Ant_R,Cingulum_Mid_L,Cingulum_Mid_R,Cingulum_Post_L,Cingulum_Post_R,Hippocampus_L,Hippocampus_R,ParaHippocampal_L,ParaHippocampal_R,Amygdala_L,Amygdala_R,Calcarine_L,Calcarine_R,Cuneus_L,Cuneus_R,Lingual_L,Lingual_R,Occipital_Sup_L,Occipital_Sup_R,Occipital_Mid_L,Occipital_Mid_R,Occipital_Inf_L,Occipital_Inf_R,Fusiform_L,Fusiform_R,Postcentral_L,Postcentral_R,Parietal_Sup_L,Parietal_Sup_R,Parietal_Inf_L,Parietal_Inf_R,SupraMarginal_L,SupraMarginal_R,Angular_L,Angular_R,Precuneus_L,Precuneus_R,Paracentral_Lobule_L,Paracentral_Lobule_R,Caudate_L,Caudate_R,Putamen_L,Putamen_R,Pallidum_L,Pallidum_R,Thalamus_L,Thalamus_R,Heschl_L,Heschl_R,Temporal_Sup_L,Temporal_Sup_R,Temporal_Pole_Sup_L,Temporal_Pole_Sup_R,Temporal_Mid_L,Temporal_Mid_R,Temporal_Pole_Mid_L,Temporal_Pole_Mid_R,Temporal_Inf_L,Temporal_Inf_R,Cerebelum_Crus1_L,Cerebelum_Crus1_R,Cerebelum_Crus2_L,Cerebelum_Crus2_R,Cerebelum_3_L,Cerebelum_3_R,Cerebelum_4_5_L,Cerebelum_4_5_R,Cerebelum_6_L,Cerebelum_6_R,Cerebelum_7b_L,Cerebelum_7b_R,Cerebelum_8_L,Cerebelum_8_R,Cerebelum_9_L,Cerebelum_9_R,Cerebelum_10_L,Cerebelum_10_R,Vermis_1_2,Vermis_3,Vermis_4_5,Vermis_6,Vermis_7,Vermis_8,Vermis_9,Vermis_10
0.34845236575072075,0.35661676452538754,0.3691394869298686,0.3831702217128911,0.1690209025779238,-0.36684237997198366,0.35754143134135563,0.37866508057769044,-0.3523146195236679,-0.39933261326124375,-0.3886225638261497,-0.36366002451963003,0.35171862218529093,0.28615654124835865,0.12480900080981773,0.3500187225126349,0.27200231676923514,0.4218696421628055,0.3842544446260065,0.36804065611552117,0.374703518252853,0.4343132397060855,0.3881271882718031,0.39348494188289596,0.3836086647853086,0.3381088330397332,0.3921603476108194,-0.050407006645396144,0.30029596364433037,0.42731488708551163,0.33243601304531156,0.3783804120970546,0.23987592998834165,0.15191413860555666,-0.045698253529822215,0.33888220476979375,0.4329560995443695,0.31052674167024613,-0.4478826286151655,-0.24134059596910545,0.23224219388333955,0.48860088821950165,0.37000194053124585,0.3928149823455233,0.37852125448810414,0.38710683261525025,0.3714821918015729,0.3726144398555669,-0.2024561735295511,0.32634515792170593,0.2485491699632645,0.24946540600114442,0.3492452259546794,0.223554502429861,0.3243582425144606,0.05169686425711146,0.3270698055094826,0.26288835136775107,0.40283976339341543,0.4119285530401263,-0.45816811034266,-0.41518792620424483,-0.3978411218531527,-0.238462388871334,0.37783039402760543,0.4055271609341719,0.40894664687413024,0.39928885907294037,0.3880068599202379,0.39865845756533796,-0.3927410666968316,-0.4151947137915343,-0.40027266560459573,-0.39115707350530754,0.44111924157566623,-0.43038141444325934,0.413791280488782,0.3870992695159839,0.3912106636466575,0.41342282545279696,0.3885573162117385,0.4061948405608016,0.35122121946430207,0.40813706335200023,0.38678566939678455,0.2609528004361214,0.3215665508530061,0.4050369509586564,0.1726707301559816,-0.46101591236365586,0.3529830376466062,0.4479919467407018,0.042458072108824844,-0.45820706098426645,0.43600497324787746,0.4495023249490103,0.41732885838993883,-0.2343779333631192,0.47444898999750645,0.32900579393464024,-0.5158834383827691,-0.3944501308563641,-0.4962603015673248,-0.4125006173700045,-0.43272960626131146,-0.4013172261966037,0.028646500170005244,-0.3316662975043142,0.27050835256349615,0.43124955856058717,0.2779111913977081,0.42258816174379854,0.3510665040021637,0.4101396107942676,0.4122674998306201,0.43481988784653075
-0.6974981412326469,-0.7548769839330571,-0.7464150713769103,-0.78587128782022,-0.27020139048454356,0.8792399415718957,-0.70473177024064,-0.7879809413619948,1.065268725910356,1.0100119157222378,0.9611758460297501,0.7565570623288319,-0.7126539999617081,-0.5340218164075572,-0.12624261750673915,-0.746639109578157,-0.5357085967254596,-0.9632619262908556,-0.8335788694805267,-0.8108644702459008,-0.8707583555820332,-0.9895426874637405,-0.8182450841359525,-0.8321801197452381,-0.8024636009217029,-0.6671115966987108,-0.8451474565847957,0.4983370368484393,-0.5998928681771086,-1.0024027500890889,-0.7297023276005227,-0.8899953930637056,-0.5025973665146629,-0.2827474385502746,0.2597414048903975,-0.9138108062675203,-1.3390251394420283,-0.5777607717117073,1.1570744059531974,0.7763795088666191,-0.47627308697285226,-1.2712928643684895,-0.7526689384381583,-0.8390511229755367,-0.8239635713515613,-0.8486676794201368,-0.7509874413193101,-0.7594961477721727,0.5546387477908346,-0.7305066534211349,-0.38868193447812927,-0.41234207043416016,-0.655303039350203,-0.22707500978565287,-0.6126412732203907,0.20928756376404878,-0.7195581462447983,-0.5631583395637382,-0.874729829401238,-0.9516595732246917,1.147066496193856,0.913234618546456,0.9842690065138814,0.7001765994087982,-0.7631460903258517,-0.8641262096217437,-0.8983886351191079,-0.8617331630453066,-0.8626821112022514,-0.8798114821964365,0.8418015939601553,0.9064114101346701,0.8385435892261319,0.8045983665612984,-1.2244794844371019,0.970747983485826,-0.9086634194840999,-0.8135442974125021,-0.8451272557800202,-0.9284456704734861,-0.8390408296456935,-0.8885630818066346,-0.8380905243082902,-0.8955729849677623,-0.8057068400182832,-0.38203791314457664,-0.6059766490583169,-0.8791170496984584,-0.10694288770383927,1.307012937987629,-0.6799207917067294,-1.0548699483969346,0.4813898625652146,1.0965852556986746,-1.005241081818058,-1.4737853157370533,-0.9310870830652672,0.4149595776532791,-1.214314736767135,-0.6867910523747776,1.4199918022288935,0.8234643980284874,1.2928527542653296,0.925172012432454,0.9874516182639069,0.8475740297180432,-0.07858983542851838,1.1844172384653209,-0.29521851624783935,-0.9773383910146738,-0.4905517625945098,-0.9578309644660041,-0.6484053078791404,-0.8854632420210364,-0.8907736234486451,-0.9894484262707107
0.030147763599448294,0.15886831662169465,0.044248099149630855,0.06995331480368082,-0.12709822311485175,-0.3610209959328922,-0.008035744815516029,0.11293033218538132,-0.9994939302085333,-0.5696644016928086,-0.5037084264978372,-0.05790403304384625,0.05992135894140805,-0.06663049064636435,-0.2972842451761853,0.17934582785761655,0.024588870510122682,0.3708651195046372,0.22034658479212962,0.2563911210938937,0.34516450553766465,0.36179966710607087,0.1422119850816029,0.14795151563746012,0.12387581641657523,0.009972334131203863,0.20303106111746214,-1.1134845894902152,0.04668762106315361,0.4599851797783383,0.24072107791724387,0.4465776709242886,0.13487571770572393,0.016904285722388796,-0.42850713160734005,0.7542887396004663,1.5034069635486782,-0.09034845872678195,-0.7382068030099592,-0.7944907635636987,0.09310769436463033,0.8831711012411898,0.05736108570493481,0.175603759272892,0.22709671345065882,0.2454283882036038,0.0409497449014559,0.062013300251986155,-0.38908119098625293,0.27057466775733047,-0.2892005026091246,-0.2217445769936535,-0.11401971982804615,-0.6225066667319051,-0.07944976756409491,-0.861464756236608,0.238261888582978,0.1638443130894631,0.21631941406359223,0.39591520690840193,-0.6646154044139598,-0.2295893952723358,-0.5224403634091819,-0.6017685815008624,0.0320863445176048,0.15729306795087802,0.25227666801269577,0.20261337008391253,0.2873522416978027,0.26738453916539723,-0.1579694397076479,-0.22025119423144565,-0.10049945249032326,-0.056802506273143816,0.9704267654311868,-0.3198217054484279,0.24454507849633692,0.13165538296443485,0.20620191625890924,0.32049142426337796,0.20684332411301015,0.24069414802929204,0.4650021895507683,0.2505896333838598,0.10819836244555552,-0.3805786272075228,-0.07472677941535383,0.21529902336413123,-0.6630105390522611,-1.0949720099040836,-0.06876125331667739,0.4767306820654092,-1.685658782494684,-0.5338819915712092,0.4013488430039502,1.7241647812301055,0.29353706763838405,0.22704772708959808,0.8096074707988384,0.13761721363679677,-1.1414349598113112,-0.10638333123978178,-0.8817428978256511,-0.318601238729141,-0.36827376848056215,-0.13268918714219619,-0.05848738904620272,-1.48138838864107,-0.7671982688793482,0.3427621834166348,-0.14422180419117975,0.3388698797544347,-0.15896885364716887,0.1976348484192653,0.1971545084198855,0.35526735182728625
0.5541323329267066,0.45999831765689625,0.6156401053403884,0.6515706579400325,0.1728461773280148,-0.6806973022815834,0.6210981056617078,0.5795079216321498,-0.2117804853438869,-0.5600481758516732,-0.5439486190084436,-0.7603883672288291,0.5290203795011015,0.4407810844704275,0.22106463186725508,0.41612885792063947,0.34382908650709926,0.5011194586883594,0.4969317593250054,0.4167504711139655,0.5078308070481538,0.5738675613549318,0.5917931550254429,0.6117257140551785,0.5918184557583603,0.5262764148994263,0.5392913989076181,0.4630588666800205,0.38517580959771397,0.4319259037722826,0.31211920663335263,0.2504725965922568,0.14982702830117783,0.023016118747382824,-0.02813258211042519,-0.05149528979752678,-0.5163398487608487,0.5332497073377884,-0.47196131491629206,-0.16622750331860095,0.1862904142736997,0.29246801497586156,0.6086509741941887,0.5787481768116683,0.4777828333456075,0.4937740765043303,0.6316193825411729,0.6109639324160379,-0.3107233384376227,0.3049897149897028,0.5646787636642775,0.5109306059774994,0.7061545684509494,0.7671627360105531,0.5862530863698282,0.483081434102051,0.3165243903960909,0.2140199452852431,0.5849240414742959,0.4586910219162836,-0.4917085772010022,-0.6946139324436831,-0.52962664708818,-0.24850368608154186,0.6744936402746629,0.6729573649497448,0.5696746702460174,0.5796661831853334,0.44989871229367734,0.5092945523360927,-0.6807967411629451,-0.6642521555168537,-0.7402809378081742,-0.7446899797043787,0.3192834252269751,-0.6282393525217325,0.6128256259350606,0.604893980417887,0.5456930503775949,0.5129087487465309,0.5313629406671129,0.5685663222771293,0.15394187691814862,0.5639801912369327,0.6302960112976747,0.654440102036973,0.5581431767896468,0.5986625021214921,0.6481108808693359,-0.2793456591334267,0.7066634314414504,0.5159975304869914,1.2597766864702797,-0.5141762545477887,0.5426607557274014,-0.3965199339213557,0.5743539286815902,-0.8114567036142061,0.2856657490682604,0.3793087617192124,-0.23844673882463588,-0.6750969719052815,-0.37662060553814786,-0.5084712568231553,-0.5579421037616613,-0.6834238994616704,0.48536602524094946,0.18905303677018967,1.1670816116858487,0.5864065619185581,0.481837105350494,0.5670459435996739,0.7868694041900042,0.6388084008590115,0.6539140047938626,0.5915309488148284
0.17009768927804628,0.10850727734874765,0.10813441235033705,0.050443848398264685,0.4815960959309965,0.5588502951714446,0.15706846003936398,0.07239939608751342,1.0122235200371525,0.646917288030243,0.5489591106300387,0.16546033136889018,0.16245933236812785,0.32605213760477514,0.5727132426431454,0.11820995900982958,0.26438128674668243,-0.13169918018256163,0.027295390757794778,0.036270984799253676,-0.2002381412040037,-0.1867188862395434,0.029891584418275226,0.005103233224975827,0.04830639649238583,0.21387979355449963,0.02117647286541545,1.1095476225446852,0.25039654817499507,-0.16545659268403912,0.12094354688877705,-0.006427556029664372,0.26504260021186726,0.3997665594879721,0.665457744143473,-0.21265077713650996,-0.5562654118432568,0.2995174906956947,0.6577495636994389,0.9272395361277669,0.27316129972064357,-0.5142712543537533,0.0970882571459736,0.0042329280108211785,0.0238715629442402,-0.005359866166276817,0.09510015052020214,0.09363382471897333,0.5547078637102221,0.05921013882582121,0.4174856766177802,0.38202830080173017,0.18878769342666826,0.607855914853054,0.2382768523359731,0.9436706742216708,0.10004747160599928,0.193957929627343,-0.04209082504283394,-0.13694517899797143,0.5356535966334249,0.2037689178390635,0.5212919408526476,0.7248335192024333,0.06487028788778855,-0.06833470564218115,-0.06940694170980369,-0.025947096727245874,-0.011208026203218197,-0.03473523655648755,0.12384688241008332,0.1368993093820525,0.08735680822442093,0.0435877126074617,-0.8543258057635736,0.21022680379731878,-0.10664970216217724,0.02330544037814622,-0.004882168696264987,-0.08865995929605915,0.007016857682860375,-0.05502723986488411,0.014181582918027525,-0.05964923909408281,0.024464406457029304,0.46991830252914624,0.2614867182510167,-0.05856464947128075,0.709483474893353,0.9560107498170203,0.11026120826338182,-0.26498803318213987,1.187989887692949,0.3286976948934202,-0.21102520473249903,-1.0739800934996058,-0.12446200395738392,0.08322927127880804,-0.4284189825101657,0.1642092732487852,0.8064645515811945,0.015576627135458402,0.6218100497218102,0.0815321417519631,0.18220124857770528,0.05332843447082664,-0.5595655345416038,1.3057589268197518,0.4003641337251115,-0.1871173691529282,0.3573487911810099,-0.1792816974721114,0.14693560252741117,-0.07313907062643357,-0.08782315406344358,-0.20382083283667066
-0.5258177899626626,-0.40319469227210175,-0.5618836049778689,-0.5802688023137255,-0.2717283206601362,0.4343178806639799,-0.584503412841672,-0.5120947008611993,-0.163790050026419,0.2762828038563492,0.28260056926232463,0.6263843688659748,-0.49327373325892326,-0.47313979115404947,-0.35428048554498554,-0.3640662870763636,-0.3465598849879992,-0.3569593173928746,-0.41079788666616124,-0.3319435054143132,-0.43588372890473986,-0.42121016270774553,-0.5092281677793704,-0.5237382920586132,-0.5195601196269766,-0.5201310799217679,-0.46354893259363084,-0.8243870486513852,-0.38318199551996396,-0.27425728191007176,-0.266091220801713,-0.1620746218259263,-0.1474247871208618,-0.08414361731988078,-0.15614804501467847,0.22024588501965064,0.8309473072423285,-0.5497950531003785,0.17991102696533054,-0.16171876427943124,-0.2149266957131445,-0.012691826134427955,-0.5459240225381564,-0.48240555599148716,-0.3837286190792133,-0.3920966425269184,-0.5683751232352358,-0.547739827543479,0.11516534629530273,-0.2331921943873288,-0.6354192000563853,-0.5642424797592949,-0.685538266434244,-0.9052560789803594,-0.5778299961644906,-0.7553199182989224,-0.26055163788231994,-0.19720840140754242,-0.47749029938325,-0.3153359962891875,0.21611149082047892,0.5375652590688147,0.2941216697375108,-0.011014509091508999,-0.6071104963050039,-0.5621445389181717,-0.4473269019423361,-0.4741135979958908,-0.3442860353703418,-0.39698875428611163,0.561155029030063,0.5314898500764662,0.6279727550862543,0.65204714489719,0.04429120295056693,0.47136864570184567,-0.4765492996864577,-0.5119381582986411,-0.4481352327000104,-0.3831901854693497,-0.43640064270069223,-0.453307856845193,-0.05460851740216881,-0.4474418275096133,-0.5469956131466157,-0.7355507840038672,-0.5638124361433272,-0.49064565160228574,-0.8237889587335172,-0.1268870272558813,-0.6528023544921246,-0.3255716216948996,-1.630225356894985,0.3080082603182175,-0.36631896440378126,0.8897204017392776,-0.425807389190571,0.8379475178649374,-0.014758453213240551,-0.30977586080489417,-0.1251780821239646,0.5837160953849287,0.06507051283916734,0.38830593219049697,0.40070190254195653,0.5797426864990008,-0.32125439089101526,-0.6561026711941356,-1.2411223017536175,-0.42367100885150366,-0.5028700432022211,-0.41125487361371804,-0.7528685038304161,-0.520977886066787,-0.5332415687709686,-0.42920393564949033
-0.3732982706876911,-0.359903656325419,-0.27891118051549835,-0.19784173564343935,-0.7667729948817159,-0.6440247879050194,-0.32818815265637147,-0.2676453071200244,-1.0128972353889785,-0.6529922949064436,-0.533444188720525,-0.1815475839205748,-0.38362061998926195,-0.5639243973295088,-0.8062919394483313,-0.3830802378092899,-0.5238317594874337,-0.10087174388877507,-0.2653634402417791,-0.3035009954009722,0.15225668553409513,0.008381075463274814,-0.21449040281181472,-0.1724263459832055,-0.22631257418842715,-0.4161820908142039,-0.22672817984396568,-1.1206114166336891,-0.5174622771901581,-0.10629452503064461,-0.42930729435943316,-0.34666044445954236,-0.6075950156152496,-0.7374396994206537,-0.8833064887569642,-0.21907929051323347,-0.14222950853327637,-0.5174854161470392,-0.5642958804976006,-1.0225981644362117,-0.559011977824161,0.20569850414476581,-0.2757857104627064,-0.2001361973392153,-0.270725939533132,-0.23103849730606066,-0.262346390845702,-0.27306103947757077,-0.681167817200365,-0.3532969428117613,-0.5684577381274303,-0.5620062798313368,-0.30538511369258703,-0.6574112728768611,-0.4197515650744994,-1.0534114486443469,-0.39292136502741143,-0.49968328815413005,-0.14763566242899143,-0.11041965405098739,-0.39175364464400053,-0.12489240307114308,-0.4888858773471597,-0.8197758469698582,-0.1979731940517654,-0.05614518198119338,-0.1260967857870042,-0.16389333443983226,-0.24820578833017837,-0.19434932036242064,-0.049821816509273094,-0.022753664517692854,-0.021714992906069087,0.02232931382653742,0.7187905720339032,-0.07942821995904063,-0.06200646887411811,-0.20933240880724682,-0.19669699698577311,-0.1386995713154897,-0.21917601751137958,-0.13992303940897743,-0.4076228217831357,-0.13864989371752628,-0.18039635094192505,-0.5960663909335187,-0.44741937518379,-0.10752937787014359,-0.7994701622363894,-0.8047503501168143,-0.21027781886155494,0.05335519623879224,-0.9238070994529345,-0.12268334838319475,0.007349712594828633,0.5507984004818993,-0.0742618976291436,-0.3466628520686622,0.08448471865206768,-0.4763127572095924,-0.5433729910461066,0.11269145449751847,-0.38859572196441045,0.14392460896289366,0.010883231377791906,0.06319785264876417,0.9977815729294162,-1.1923116682921955,-0.21803368029761405,0.009742634409220323,-0.586075531354733,0.011060700114792855,-0.20712690616611357,-0.08246333947600264,-0.05469918950832521,0.03497401259732283
0.48090004871183023,0.35674392083022666,0.486750639216368,0.4891372423252439,0.3583214914597546,-0.1876304843099649,0.5233959933290183,0.44085057580837345,0.42017033120500624,-0.03918078560325187,-0.056109601507278534,-0.4491918516693396,0.4522664550289888,0.4870207105491282,0.43834568866872115,0.3231646014567189,0.3349125393556615,0.2456230348285115,0.33951413194936075,0.2671301706341359,0.27588881558949907,0.2883089959366536,0.4209707781932113,0.42813262208046315,0.4363580608073438,0.4913478693058698,0.38777345026332705,0.9835962481784659,0.38010447364043853,0.17202136808865365,0.25507391494046344,0.14780896007715694,0.1790525647229496,0.16799652241199603,0.31269296930413737,-0.2579260085498485,-0.8420239894683043,0.5503601532045985,0.03096719899475061,0.4024896446881122,0.23796823286934854,-0.161381698189298,0.46516953951242235,0.38760839981575823,0.3063185857285471,0.3049241941832924,0.4842907473733848,0.46949280676950705,0.05549492536376353,0.1939338359808724,0.6335776233037491,0.5661348044455986,0.6112834243467158,0.9128731074611612,0.5316929024324902,0.8984772711509251,0.2275697112939924,0.20358982451490532,0.3761323290515025,0.2111783726976804,-0.006254520754523243,-0.36658780610758346,-0.10431918509930331,0.21375038161271953,0.5101967632370471,0.43905129414092553,0.3358067395187856,0.3708115192648206,0.2635830411518221,0.3011364562750482,-0.4242325873980336,-0.38485146651815394,-0.47292004280446065,-0.5236985243242871,-0.2620002959249248,-0.322584571205214,0.34155471606612686,0.41532755472462457,0.3484107256590379,0.2804972214070137,0.3446441934014147,0.34775910314642344,0.03934103432330989,0.3445110135385114,0.44808791866584863,0.7283795929584825,0.5352462614621786,0.3850538006427749,0.8669497367335924,0.3770085702154042,0.5601021721492151,0.1810610588035215,1.6787422157043743,-0.16631985670048818,0.22207240625021327,-1.09232160214737,0.29783733455420675,-0.7477497252621734,-0.13138275534115243,0.2920546094080183,0.3439632194268953,-0.48371831968608303,0.14119916417270356,-0.31048317068892356,-0.27400438691945633,-0.4595708188979111,0.04432294484393588,0.9168381024901707,1.096789001354381,0.28239806675507173,0.5066749310678189,0.2682527031469033,0.6536098587104993,0.40544861284533573,0.4084307659907476,0.29115404169242126
0.5584522566322178,0.5849825334217562,0.43873654933924605,0.3342113877641383,1.0172316087835316,0.6989663048436563,0.48637962225493625,0.4422217243771057,1.037414537317079,0.6583285486163327,0.5128224117456082,0.17204617695142446,0.5803193326567094,0.7732874773662084,1.0301346193602956,0.6187516210247883,0.7759274410097439,0.3085742944893024,0.47872165941142497,0.5484524154910977,-0.07833361549043695,0.14913877223480848,0.3835138609093673,0.3239471915379258,0.38741223592301244,0.5920068599767795,0.4059591799891784,1.1732768803768188,0.7578416738901251,0.3411799242615209,0.6940339182119256,0.6284469999415934,0.9185170902345132,1.040000074024732,1.1017334454173335,0.592298176538375,0.6772289072018103,0.7093059134109538,0.5058045210990675,1.1189302671180967,0.8242534866708198,0.06317108515963786,0.447654373763021,0.3825862883329283,0.49936232225125043,0.45122692320739866,0.42414597345805316,0.442250071155783,0.8134503570735389,0.622538655172319,0.7282005357166764,0.7440629488572618,0.42441310178962594,0.7315814524393742,0.6005452444636963,1.1709962877636397,0.6590747872501075,0.7785236975162637,0.32108201841001244,0.3319769109241455,0.2650601925345708,0.039671905244851285,0.4799834079924726,0.9229252888947839,0.32784718760958637,0.17234189909812286,0.30672154792010164,0.3403441103096807,0.48488245656745904,0.40528575262800437,-0.01580218748665847,-0.08928099819531822,-0.05845986297095516,-0.08772040483317839,-0.6310010755896909,-0.036686107731289885,0.22968491105366515,0.3884167000910006,0.3877180875877035,0.3403154085071068,0.4165463256631707,0.3169876591442333,0.741389472639501,0.31592690843216376,0.32739474653098927,0.7343895319254197,0.6165475770034701,0.25175596052035365,0.9166607329248502,0.6960326989045583,0.3137378675792046,0.13248981180535707,0.7787781350126726,-0.041625187388053715,0.18346068214223804,-0.1006848678707307,0.26369020657613623,0.6123004505199298,0.20710284460293268,0.7475185802631052,0.3412047941878892,-0.22235572798565972,0.19504619929444028,-0.3190357357883783,-0.1774039820865874,-0.17120400280973097,-1.3016849965857968,1.1262214562472264,0.15103347638614953,0.15372176239675164,0.798559811575414,0.14357843789502633,0.28076399763061677,0.2235246049072749,0.18784971230444364,0.11286677224796174
-0.40356027864270955,-0.2924098791573004,-0.3808824181894375,-0.36638310184884415,-0.4241944516314881,-0.07163389465678918,-0.4285550619785766,-0.34354640134189823,-0.6448683406688672,-0.19476970764549895,-0.1634804805562049,0.2442176322337399,-0.3842383897217604,-0.4652748217125731,-0.49068494219665737,-0.2641792606154716,-0.3084228040571879,-0.12561920186475592,-0.25220039434086894,-0.19324015303909273,-0.05262616970931806,-0.13766790344082946,-0.30728982604259814,-0.3059913204561568,-0.32567119455961696,-0.4273079614413498,-0.2844539753669326,-1.058380581348827,-0.35533606705253085,-0.06817771689450848,-0.234334701081719,-0.1327162208593518,-0.21875247706224135,-0.2559308590960256,-0.47118841837421954,0.24801686188662142,0.749809731501246,-0.5166019660522266,-0.2369917822763386,-0.6095879307357167,-0.2441025648430579,0.3083877536956239,-0.35783658146720515,-0.2728497192137528,-0.21845357434539578,-0.20595089367230177,-0.37212124674866504,-0.3646436914285195,-0.2276102418630705,-0.15208848097268476,-0.5810868269784824,-0.5273007951271093,-0.49283061478532647,-0.8536770005612415,-0.4511715764277275,-0.9770226563710335,-0.1865024244942522,-0.20521880984006646,-0.2522683020562376,-0.09965649118228462,-0.1896269811285792,0.1700116933025335,-0.09048089378204634,-0.3999866402482103,-0.3795145090780141,-0.2866845755117707,-0.20895582828751058,-0.2482479698192676,-0.1762252734398438,-0.19414047329091777,0.25423478116934567,0.20925245557658734,0.27991570923289916,0.35388813463030744,0.44270672556606744,0.15038464516913314,-0.19061804876294255,-0.29957253224441993,-0.22996654779395997,-0.1664939545944435,-0.23612154910005403,-0.22456568180586436,-0.04309143883205729,-0.22498267401396405,-0.3224916638787018,-0.6691519475888245,-0.46905088496250347,-0.25286642555028127,-0.8453900613503154,-0.5847860111667126,-0.4376314199904332,-0.03365540954044582,-1.5918062036087302,0.020113209292397106,-0.07687372764702415,1.1742762167067429,-0.16074152736403408,0.5565966211120037,0.2437205273307857,-0.2808488332708668,-0.5295997132253716,0.3515565576984452,-0.32722782824928787,0.21717543559960084,0.13357751082494548,0.3068884222247062,0.2458069795133872,-1.1089673623736722,-0.8699634934082127,-0.128910166776472,-0.4934814209938321,-0.10766184482224853,-0.5068404369720343,-0.26641436757778275,-0.2576658376833966,-0.13750267097317898
-0.6936721355313311,-0.7538949763726257,-0.555352686935078,-0.429021365469678,-1.2074629295077517,-0.7433833915596,-0.5987125759480109,-0.5659015379505612,-1.0635638790837647,-0.6717921973948536,-0.49874703337509557,-0.16698834870060314,-0.7215407558703549,-0.9260834880516579,-1.2137255326224998,-0.8011078605947907,-0.9842861074919798,-0.4661823586511425,-0.638378935555861,-0.7416124255917029,-0.020229589215746253,-0.2646868681608875,-0.507635377006314,-0.4319399938547508,-0.5038873838891095,-0.7166024281750438,-0.5355197846539423,-1.2224431185927225,-0.9426983837445033,-0.5177656526079735,-0.89111832331938,-0.8254642202421827,-1.1644556202477554,-1.28023113577438,-1.274221283884566,-0.8875580347377491,-1.079186973682842,-0.8416831149707398,-0.47996828099998556,-1.1973951516795927,-1.0476839055169023,-0.2812324986036099,-0.5774325120349095,-0.519930068481022,-0.6774930683401568,-0.6235631669094849,-0.5446886629680437,-0.5665668080157329,-0.931464585916731,-0.8369122769347356,-0.8553209275489675,-0.8869386088553209,-0.5096267705127441,-0.7791682646344666,-0.7411071820903077,-1.2471027020131111,-0.8712384805945501,-1.0019083471782282,-0.44902518684901277,-0.5021708664561519,-0.16927680135868378,0.027180731143367384,-0.4953395634530549,-1.014901615735281,-0.4221052072735607,-0.2527937408699941,-0.44334317005619134,-0.4734899890043707,-0.6691999139224134,-0.5683557607055085,0.053738053955954386,0.1752941363709764,0.12340471831100656,0.12614403345882486,0.5897596268627644,0.11848503921942855,-0.3627746202243871,-0.5231729665450249,-0.5387738471136339,-0.491244211350722,-0.5698576076449106,-0.44838521397599457,-0.9950079758061114,-0.4457730939117254,-0.4346877024792535,-0.839413973246411,-0.739364314057612,-0.3530201093906938,-1.0095109514824812,-0.6230127519179754,-0.381984578599005,-0.2718554842129575,-0.6578871022978318,0.1506805946907042,-0.33132055445409636,-0.2870202525244464,-0.4103427942523796,-0.8727770829600929,-0.4314433872311204,-0.9448300467355116,-0.187300339762604,0.2876571206519092,-0.04310797045319915,0.42826011718082874,0.2967042621940906,0.2440777056162691,1.488431548040863,-1.0633925819011563,-0.11970271283549565,-0.27741627616858655,-0.9514136620660886,-0.26670984636779954,-0.33070210206192807,-0.32125329459571744,-0.2832308075868144,-0.21770661078909886
0.32058299810610935,0.23275176859373436,0.2759360601272459,0.24285233574096715,0.48741267311398623,0.3255733977812203,0.33048357184536026,0.24597968461818462,0.8485136980966907,0.4150160743041522,0.3555658280357777,-0.04926008602034297,0.3136361609232048,0.4315290618644365,0.5387702057325267,0.2136094609844155,0.2961190036180623,0.018815348351501292,0.1724571953498534,0.1346074124942889,-0.17506168492609867,-0.005963505557421039,0.19708555659963709,0.18688563658111884,0.21828107788051296,0.3595210066273787,0.18045123824569043,1.1055805909413046,0.33324568834157214,-0.020955710167226606,0.21792324761693488,0.1216469367505124,0.2803385913383319,0.35964636198913164,0.6352500992730968,-0.19726686147505654,-0.5822251566558038,0.47180315486093416,0.43404571178141366,0.7914305092662233,0.26109908023490963,-0.414397414088498,0.25534019398479324,0.16583416437215145,0.1447370513581101,0.12073471708178392,0.263510486972112,0.26296266536770596,0.39266507491568897,0.12361952339648545,0.5114132728491652,0.47572906607432736,0.3674903236964588,0.7756008534557892,0.36892923049555526,1.0245902034314525,0.1581199854680756,0.2177178111936985,0.1302686536568422,-0.0017779120815144894,0.35357056058692515,0.018266621615194316,0.2786180194105094,0.5677658437423833,0.2492652095288274,0.13493178199676809,0.09411087552201809,0.13506936521824411,0.10655115814168828,0.10257938312594457,-0.08133621016046395,-0.03847453089184245,-0.08817367641014051,-0.17550618156516065,-0.6051730740525533,0.019013162888434954,0.05371518419619725,0.19171435131137152,0.12501269095341436,0.0646258130481385,0.14114395519556394,0.11033410914719013,0.07436838798376637,0.1152937843168746,0.20229120032927858,0.5994478342104078,0.39855984485038887,0.12194598479792598,0.8078785434140361,0.7641157090728069,0.3197859793398603,-0.09584955285908238,1.4398218680407655,0.1193676899088459,-0.04476361275063476,-1.1631760671902243,0.03831303086683005,-0.285440718874941,-0.31684611722693845,0.2903285893684213,0.6790503044355458,-0.21314830734688672,0.48038901372627296,-0.1228665270992118,-0.0012262111979910771,-0.15199752300088248,-0.5144416233655544,1.260486418170545,0.634493973791704,-0.011371610186467209,0.48829192266427585,-0.03859045326949853,0.3530443490572989,0.12905841373375446,0.10888957098709119,-0.009382463360647134
0.7717397412830976,0.8575174028295613,0.6229712503385253,0.4803778812477394,1.319367369322216,0.7650456288964791,0.6602942548504496,0.6353006334614331,1.0600051617609167,0.675416684300085,0.4799820353153295,0.16463191442140213,0.8014319363347451,1.0143663777851903,1.3332556677332572,0.9210251012019692,1.1232078208250844,0.5700852481885775,0.7368365582479618,0.8691882071332073,0.1287731748689472,0.3404926345671997,0.5830092788467545,0.4947110085425791,0.572319397114193,0.7851590098579927,0.6136968858736905,1.2327604072272973,1.0583823636164553,0.6337717437692866,1.0108735393333155,0.9374393977312643,1.3186975272408534,1.4313029347449524,1.3570195383110153,1.0838479204044176,1.353659617805546,0.9063709091897827,0.46041267201827585,1.2321727389098196,1.2044564882039988,0.4441996763243818,0.6563810330722579,0.6059274515698078,0.793543806883965,0.7368501789837651,0.616203120944853,0.6389275273382444,1.004311045649722,0.9791778980985041,0.9327652400692317,0.9728484219666503,0.5553854693658837,0.7828769314096763,0.8268637826226957,1.2583996685747982,1.0132312106563537,1.148951845542628,0.5287098841546686,0.616077855066638,0.09774535874114477,-0.07955925793299745,0.5110881354539043,1.067352227390915,0.4770434978695212,0.29945506112969345,0.5310636262849557,0.5580555727472819,0.7898322685686842,0.6747013544327465,-0.07516785027006606,-0.23733514018403795,-0.1725899871677483,-0.14427879023441148,-0.5689047094814179,-0.1735072090143683,0.45294002724988963,0.604509398875535,0.6407453180692334,0.5888799072967741,0.6705321571088196,0.5311451982042065,1.1557268909097902,0.525585218121688,0.49811409225569164,0.8931786750399754,0.8093300254980214,0.41574404007817045,1.051353467758971,0.5602055211774183,0.40890543157160897,0.36618777975785016,0.5258012224784014,-0.2178176050853915,0.42898451884826133,0.601450962919501,0.5074700623747502,1.0875579519885938,0.5897295688322768,1.059653112553445,0.061970173387744736,-0.31514362532041695,-0.07890215558336346,-0.48356811323010723,-0.3732116978690169,-0.28524279553106924,-1.5666054161103902,0.9749714623480091,0.08509732523815755,0.3608218312095485,1.0279193707218377,0.3604394722702927,0.3538204064318738,0.377022499570393,0.341334604032751,0.28452310561075567
-0.2643482204341784,-0.20603071226182668,-0.20671685379055926,-0.15354438299781464,-0.5667246061587123,-0.5514761745436435,-0.2641530304755088,-0.17991009583146927,-1.0235860232810605,-0.6009520526994632,-0.4962650125803532,-0.10084677303606375,-0.2714950447230415,-0.4171345259449483,-0.6071436245802166,-0.2038937575986625,-0.3223449974948414,0.04523325437623148,-0.12963919839796964,-0.11837070327772228,0.36357895490351255,0.10976217844978771,-0.12440174496651957,-0.10514415255831343,-0.14892478168078938,-0.3230080169196395,-0.109153066353715,-1.1579850934542915,-0.34273383708163013,0.06826942472701937,-0.2282618614705691,-0.13336542782938723,-0.3764797720002288,-0.4892574099328828,-0.794804121167464,0.1064150179362803,0.33650384768175173,-0.4467433903958977,-0.599666595328914,-0.9486580505138141,-0.3145968893555922,0.457578529931196,-0.19147564596821587,-0.09913515927225836,-0.11373918074529714,-0.07825345319235551,-0.19271740499421489,-0.19770764693098888,-0.5346238435031186,-0.12877634487180914,-0.4577096893706076,-0.4408454867099379,-0.2737643660781447,-0.7159862033938795,-0.3181866502112826,-1.066465664722052,-0.1668232859771699,-0.2593327332571656,-0.04212371053306184,0.06650015393909023,-0.46130801374465374,-0.1590664171706258,-0.43636426672162787,-0.7084466050888171,-0.15641814823032654,-0.01937702510444799,-0.02328181094431418,-0.0640713350656948,-0.0824242555322345,-0.056524912779456205,-0.05632032369668032,-0.08889441998230975,-0.0622964074225097,0.02740799497300959,0.7441581799027526,-0.15045554449462695,0.037485347943552655,-0.12150584874893935,-0.06733924245652893,-0.00604050184141057,-0.09246063072061698,-0.037366380446166636,-0.14967779187509958,-0.0478283705736812,-0.12213915074553268,-0.5549075929636372,-0.3600362085957055,-0.02902217218409395,-0.7900126279496553,-0.9047569931723893,-0.23835560505508988,0.17781539080564782,-1.2616021241945987,-0.22299084409911604,0.11572464450227474,1.0664122039331787,0.040216129818682805,-0.03303070413205328,0.33074515108624314,-0.34506746204005834,-0.7695249429486946,0.10384095455792271,-0.5721451494103192,0.05851012414262816,-0.09055883734019503,0.03148864653600205,0.7543968166851518,-1.3745926477228743,-0.4286938994985265,0.10594956257893286,-0.5146945719098616,0.13143100300080224,-0.23290626247298502,-0.026069965273555366,0.0036042763412056757,0.11715873538486443
-0.8175800529135705,-0.9187766678392054,-0.6670218209258941,-0.5172125882105547,-1.3598164452383876,-0.7300430873149675,-0.6973066028127224,-0.6792094430634241,-0.993296310568337,-0.6334360974722996,-0.4285869083390477,-0.13856276121673913,-0.8460720694095212,-1.058801709410446,-1.387784497163229,-0.9963997108527757,-1.1985373477874286,-0.6477040223066116,-0.7983643995357845,-0.9490826920897047,-0.25614711463695683,-0.4081085942197608,-0.6365534453204721,-0.5405758596288509,-0.618915141192946,-0.8203339472874712,-0.6690368932637546,-1.1882238256738002,-1.119635673388075,-0.7169781439804342,-1.0737750572134694,-0.9938542623484036,-1.384300552472472,-1.49028504583896,-1.3313520554892044,-1.1903897693903729,-1.5088485456128193,-0.9247064443492905,-0.4023873809927203,-1.1989775299688383,-1.2916336865525762,-0.575477955163018,-0.7080669843870564,-0.6659704629829238,-0.8683417727619378,-0.8125702776174506,-0.6632347113729059,-0.6845370116111362,-1.007958543733818,-1.0639792148847962,-0.976621755406795,-1.016751053099328,-0.587807657714171,-0.7597073135088348,-0.8767429667095568,-1.2103289626336604,-1.0988601114469692,-1.227691481607197,-0.5896185437819359,-0.701120485465283,-0.01988140268404632,0.14708030465743613,-0.48767405692372234,-1.0552453797750871,-0.5193423288636082,-0.3439728453169956,-0.5959430169457925,-0.6199747933784115,-0.8672129757918527,-0.7471203199253383,0.1155513381707194,0.3052542925534881,0.23584120385123672,0.17730013448018597,0.5239013532869926,0.23718449370003905,-0.5252526915257126,-0.6583674045968454,-0.7150364668966724,-0.6603861400416213,-0.7403604821881077,-0.5931137843014694,-1.238878744465205,-0.5822296188728912,-0.5440842961997866,-0.9115148624108224,-0.8482231172699337,-0.4711461274554969,-1.0482794323090059,-0.46700389660089003,-0.42064183869143373,-0.44570557927459675,-0.3968486907867963,0.28267760817486554,-0.5017225217353632,-0.844156209073931,-0.5818877085541234,-1.2049168932077496,-0.711491210604595,-1.1098235406947443,0.0709487147626883,0.3397075628025746,0.20247730839327296,0.5229394666217376,0.4395181919253887,0.32742917476095845,1.5439747107057364,-0.8423171818188854,-0.05620985978152707,-0.4330046178468396,-1.0446677030996294,-0.4504035940285861,-0.3771271757090341,-0.42370886144613124,-0.39367125108153295,-0.3473264915163117
0.243775856938526,0.2172108810247746,0.18083494145780032,0.10648797413270283,0.6646518384938199,0.7418938669692946,0.2385201946066223,0.1524428709807254,1.1674381905258178,0.7483587338564031,0.5853465989422233,0.20011297474374584,0.2658686377309835,0.433837739286796,0.703643532797315,0.241392649438769,0.38623374802763594,-0.06203182721167685,0.1276995828493215,0.14555395825108325,-0.5048692630825301,-0.16632346211361843,0.09677961782047936,0.06775542167501318,0.12435897126658008,0.3250173896176697,0.0787568286036855,1.2224359030748384,0.3894395162486162,-0.07017752323857357,0.26795486262136214,0.16854878236848664,0.49895441032702575,0.6385411949979934,0.9315447696453809,0.007509716681379249,-0.03219532796044969,0.4482494899584052,0.7251821293240783,1.0846223463894809,0.405596539821755,-0.4431557674275443,0.17276693157540332,0.07876471468919896,0.1282806230379147,0.08121928109217666,0.16672208814242195,0.17546881188921104,0.6475234943116327,0.16760629391374438,0.4334429845384057,0.4333425369557639,0.2229974644064601,0.6838214987542334,0.3067584605926868,1.1112052789260514,0.21426941622868417,0.3296377555747192,-0.003941921412568701,-0.0894017985980184,0.5142264610295245,0.23997682860492028,0.5579357995502385,0.8225949479901744,0.10989402748435595,-0.05063009533986935,0.0009844868063381387,0.04077903090234876,0.1048033611921716,0.05846833189969957,0.14433176695059768,0.16144805434554793,0.15868436604530353,0.07603990196674427,-0.8607441763717124,0.2325177111947201,-0.07935093659098366,0.09285869642776573,0.061586172657727686,-0.004035517315169829,0.09410241052535258,0.011600979814970304,0.26314752912121964,0.027149107269135223,0.0883577871023955,0.5440127786358688,0.3633178223221059,-0.0148149236661105,0.7994718462702725,1.0045789670058647,0.19572607843077078,-0.2083595026742617,1.0715952565152091,0.28102334675264573,-0.13781796241182448,-0.9050481023403849,-0.07091046077011633,0.37234596122769603,-0.2870814819976152,0.44535122945867833,0.7979663766685599,-0.03474292264322391,0.5975683173246984,-0.03433882453027153,0.13376374508583538,0.043619067325191066,-0.9678512473548292,1.455324131990677,0.24856979404057747,-0.14874709768855712,0.5710722355695045,-0.1608084981081088,0.15864106981450202,-0.0340805911972122,-0.07088860772835345,-0.17720949914436837
0.8659717431377582,0.971990688594784,0.7199783778668891,0.5738970818888678,1.3497155205887403,0.606092811211412,0.7422884545867694,0.7341587857616758,0.8398787492051137,0.5142175015124127,0.32132359778553493,0.06373199467442155,0.89005413941253,1.0888217296163498,1.3889272789250096,1.053889107855847,1.2348904057501189,0.7351035236758634,0.8580083408842395,1.013377963739555,0.4324640676355066,0.5045753345921172,0.7018660657933362,0.6034980192144482,0.6759746859349715,0.8516219561721615,0.7375272646091403,1.0858299146129613,1.1530070492705096,0.804297892302651,1.1140998663009432,1.0365714704372655,1.385288726597581,1.4732197414516526,1.208574372600135,1.241534076233601,1.5568373627657912,0.9285133636140618,0.2678810448970806,1.0833852412616596,1.3236863629825018,0.7108642628897683,0.7645021258486608,0.7334440283105745,0.9344136522318038,0.8843816438289013,0.7181041816003403,0.7364898367891773,0.9377202643418944,1.1236778641236245,1.0158473024387504,1.0475171353825925,0.6384216016892451,0.7356331374274263,0.9216301445383595,1.1198178086532387,1.157588502653594,1.2648413456650187,0.6693445648211155,0.7960516274824843,-0.0964858179265919,-0.25765239165867837,0.393305519245238,0.9678980067105806,0.580641183698596,0.4213158014122507,0.6717091293348628,0.6927200659880528,0.9337989694421722,0.8186696302960454,-0.2056030054071356,-0.4108666490245219,-0.34587423974733816,-0.2597806239289366,-0.4128069458139864,-0.3457970471708418,0.6152552294397899,0.7215686806413321,0.792013105150284,0.7397584821960419,0.8098498341259063,0.6688096560732933,1.273744790404855,0.6491728110334014,0.6049717044139532,0.9218393767294332,0.8834588442482229,0.5516083065863292,1.0205161129076605,0.307285138264605,0.44966880408673704,0.5460544966021459,0.30534397854648704,-0.3840834348737093,0.5856357709938731,1.0336023051482546,0.6700026980664244,1.184367797575598,0.832715519602344,1.118436948242443,-0.24473400706332663,-0.3968430090691706,-0.35768953065859327,-0.5828587124023968,-0.5314120994584789,-0.4056441210242805,-1.4295963220845807,0.6516036487660204,0.06973113189392191,0.528190496730978,1.0299635928972604,0.5626704107312142,0.42997499865283045,0.49886309608060947,0.47685886201163025,0.4429029966561264
-0.24353332372499636,-0.24803044914828093,-0.17878952847001298,-0.08314763687639752,-0.767169466773296,-0.901803684909273,-0.23566556287615692,-0.14629149596496563,-1.2824999074141772,-0.8678704329661339,-0.6432206904850648,-0.2684967884090107,-0.2806909621112506,-0.4703844404846193,-0.8173501669328617,-0.3046753619544369,-0.46461882237733576,0.051770494194243726,-0.14565281429941576,-0.19281515576581304,0.6135808102689652,0.19307772554523212,-0.09515781941598832,-0.05477655933296418,-0.12348244870698284,-0.34447567038456084,-0.07215650365975283,-1.2821563394291793,-0.4540973879151815,0.04687653883921129,-0.3190501599851175,-0.20974472961063528,-0.6208577288695446,-0.7855155178121758,-1.0236303412389975,-0.11487376992253015,-0.27999918535168605,-0.4565371757171284,-0.8165424902302794,-1.201772372223052,-0.5100647660884504,0.39940573096733717,-0.17872705039339903,-0.08401973671554616,-0.16602251261414536,-0.10743941184912002,-0.1653101398643123,-0.17601384586474397,-0.7360585800250046,-0.2210163027725722,-0.4313982371157076,-0.44356322225154365,-0.19921322981322848,-0.6619199164549278,-0.3172938026495168,-1.1491279092848599,-0.27994104575290113,-0.41014839402785397,0.023658389476970538,0.08654571710903179,-0.5363597998720367,-0.2765947037771312,-0.6549099353722307,-0.9175659671456092,-0.09067251158297718,0.09179741004716263,-0.005064102188386411,-0.04415775441269077,-0.14905811489880905,-0.08469327280436642,-0.19371144502093476,-0.19455528442006603,-0.213253793235527,-0.145511284878955,0.9647225461587761,-0.2776613847445822,0.09305996520744177,-0.08583307032230376,-0.08459610041272062,-0.013415144143770433,-0.12235992762029485,-0.013079314749722952,-0.38582595340058956,-0.0303434748266496,-0.07981293291634477,-0.5498347649087579,-0.39054549312401615,0.025842300930274363,-0.818793777429865,-1.0715647624496885,-0.1685577608805629,0.2087678543997973,-0.8707219489655893,-0.3070056579807016,0.1383947843253771,0.7142306538494853,0.07396239069485293,-0.7144894902967422,0.20886394983640785,-0.5629315872508923,-0.7822025731656439,-0.009203208001604138,-0.5771834709764327,0.03535615318821022,-0.14586006054752698,-0.08794964394668665,1.153933093375605,-1.5087874998031467,-0.06670390511603755,0.1599757449418178,-0.6313769492250598,0.14706170793935325,-0.11394552013717753,0.06725342157204935,0.10893938957866725,0.20541904398769661
-0.9378261318451121,-1.0392190633941918,-0.7982223712283807,-0.6665980885865324,-1.3079806436006274,-0.38268764340919487,-0.8109996489795205,-0.8196359350646907,-0.5953395318031695,-0.30814888948826424,-0.15523009919490785,0.06406193893922121,-0.9522970216860046,-1.121252284903667,-1.346475808545431,-1.1091944084334884,-1.2563101871651357,-0.8527926978851607,-0.9383784040819535,-1.086172138684148,-0.6930372797130602,-0.6481094706812545,-0.7956812908272128,-0.7000640336310642,-0.7597645089427933,-0.8958405307395463,-0.8390526153163143,-0.9304443382713142,-1.1774098623452443,-0.9178522794418958,-1.1583793918525855,-1.0963607867064917,-1.3498463945160966,-1.4027247003125949,-1.0242297657988382,-1.2793049279156703,-1.512200237109728,-0.9409297831383246,-0.047639051433065314,-0.8864076448726641,-1.3211130116511394,-0.8763934272084013,-0.8427190647840722,-0.8262977671182566,-1.0128227464631543,-0.9746406043984308,-0.7974163367464849,-0.8123503642753723,-0.8101171472994935,-1.1868976014698505,-1.0692380975833986,-1.085943125975014,-0.7203711911279548,-0.7238552719067065,-0.9809861886471561,-0.999802534500304,-1.214213122024102,-1.2874952015718615,-0.7884392493882937,-0.9256959447876829,0.2642211554387078,0.41521135924189995,-0.22159310115883576,-0.812694812408976,-0.6745414279452454,-0.5457895015991376,-0.7763993319482675,-0.7937238035395444,-1.0114657706015782,-0.9095147294541654,0.3485131969376696,0.5641321692849999,0.5123781340190725,0.4010184614428371,0.21446552383936573,0.5114304445016292,-0.7437367839882777,-0.8160531766873547,-0.8885932663397051,-0.8445961525260501,-0.8960129424555356,-0.7754030792316348,-1.2849724256856165,-0.7441549577475751,-0.6960864307260273,-0.9406890235769636,-0.926963193222079,-0.6678875334555076,-0.9828281082204465,-0.06840914617975491,-0.5115637628563364,-0.6846495353847466,-0.2759045573997332,0.5358319646173326,-0.7045074355625365,-1.1965926489661494,-0.792412529459593,-1.0101617199565007,-0.9702642957226116,-1.0950899398460994,0.4701056210082385,0.49913943029939045,0.5529451454403242,0.6752378032309471,0.6640295700004244,0.5326173863108717,1.2339323619817892,-0.3926941483823049,-0.1644442755043004,-0.6622035049513978,-1.0034186869672872,-0.7036720521556586,-0.5210659961921214,-0.6191423611868895,-0.6074037627357399,-0.5860344213490163
0.24712493966374774,0.28032213579285126,0.17846223592881033,0.06299305186287951,0.8597332326586483,1.0321993797803528,0.23409795268167144,0.14351416482558976,1.3666780231835147,0.967271037087584,0.6905667192675106,0.3290994494246526,0.29760051834742324,0.5108101006361707,0.9310803822793657,0.36803442215453247,0.536526043505923,-0.03430397623221681,0.16302497519427495,0.23873153601364694,-0.6870173250774608,-0.2073557760575024,0.09825735835641751,0.04459877731616578,0.12279361298913097,0.3573966418027641,0.07171823720726406,1.3131517990867867,0.5141969731879575,-0.01786758588804137,0.3652586945706926,0.2442894598638503,0.7188234904245608,0.9093778365055598,1.0581992103469822,0.19855463614279692,0.5413236120563018,0.44921474098792274,0.8787332811774565,1.2967836491997113,0.6015815214246456,-0.3480170594030121,0.18643633843197863,0.09224283508967954,0.2043982085235087,0.1357163422855293,0.1655754163423151,0.17669009399703584,0.8107995380558346,0.2739658315393255,0.44220578278717154,0.45988268474872346,0.18229147467639897,0.6290616664249119,0.3305826116625616,1.1647286029991422,0.34512773142659575,0.48545977740669427,-0.03276175561358063,-0.07122279386352763,0.5500172220950688,0.29120554401291115,0.7388769963541405,0.9997566944258443,0.07615652202427511,-0.12299933810842968,0.01251479783682783,0.05191145944535948,0.1911528170652658,0.11154200624686755,0.221777202004934,0.20683739875044851,0.2402056760543842,0.19556617776348367,-1.0597476327857955,0.30013671625250243,-0.09752311875809933,0.08186288173070756,0.11186817634406622,0.03596278883778091,0.15187810467606283,0.020651240739128256,0.4890728138406078,0.03308072383264725,0.0731154680327994,0.5529943406405562,0.418203593010688,-0.025228993436476863,0.8269441646166413,1.1104075614200888,0.13327977245647074,-0.20046955744813563,0.6660159982816475,0.3181182431829584,-0.14098544485192682,-0.5215041711861569,-0.06873492546532231,1.0376002183298911,-0.11869849273622708,0.6601809647004799,0.7396556113348302,0.047499088893234946,0.5348200061168401,-0.04071088319698066,0.14643994814440103,0.11895018822405994,-1.3044610026950862,1.5323853044751439,-0.12589809169981703,-0.16132191242440377,0.6679515893266922,-0.11651815623205308,0.07668353772589782,-0.09077471973574337,-0.13483834156428967,-0.21972461924111755
1.0377314045388821,1.126887649729719,0.9022156776054763,0.7934212809430218,1.2480398568442657,0.0743417202628514,0.9032330425131725,0.936409227767423,0.27574092288178675,0.02851871443199087,-0.055208307901767555,-0.23184175873251148,1.034985500380923,1.1598043989355609,1.2680545264057688,1.1674185239707504,1.2801974716005038,1.0030161058651246,1.0465826118666228,1.1787185777789868,1.0597021945327403,0.836081616920405,0.9175596837689411,0.8294772933380735,0.8711251447238056,0.9581479091031698,0.9755757898835195,0.7378621659438044,1.203040404908762,1.0617301353621031,1.2205240024721706,1.186567179383711,1.3040153507586545,1.303574258026319,0.8277057551840651,1.3407636756922503,1.4009986546792705,0.9761220850306638,-0.23877413401147854,0.6253223523026461,1.3080708641520291,1.0809069702974694,0.9444542430705618,0.9464699373632429,1.1104737306447692,1.090671851011694,0.9021173355095248,0.9141314175972959,0.6529917326601918,1.270792099495167,1.1415343488182508,1.1409708839129216,0.8295658384905225,0.7264983186501414,1.060414751228916,0.8609828218478773,1.2831888515473067,1.315768480014347,0.9475076274139941,1.0950705175787208,-0.4765279167904318,-0.6036946563628048,-0.011205925185501087,0.6106468446066946,0.7979283505734845,0.7115260658443877,0.911292796904846,0.9234740718266365,1.1085680416752028,1.024695617127622,-0.5245242154054157,-0.7537921485450965,-0.7209756127765236,-0.5868701776949331,0.06901775634458478,-0.7218120492483826,0.9121436380225136,0.9452106396940916,1.0070876926733143,0.975269705669372,1.0017044175386864,0.9117636278687482,1.2907172245448575,0.8690459451008161,0.8162215998507603,0.9723336637528746,0.9775050344149357,0.8116201181781343,0.943678698929595,-0.2365021878296721,0.605249929308838,0.8594550918259818,0.3140851661276968,-0.7287802313994824,0.8659146394167736,1.3597779306997357,0.9507398306851081,0.6922919459521487,1.1193788369461886,1.0421141448976947,-0.7348906354800316,-0.6391247114653831,-0.7768591685166021,-0.791976069025341,-0.8319766403537259,-0.699509265496426,-0.9734931917659713,0.06561943059889944,0.36404741497549115,0.8321157527286814,0.9768530485608901,0.8636371207428473,0.6418754566186802,0.7797766576174414,0.7805195497687565,0.7696993409615948
-0.25048275594507713,-0.30929845439173886,-0.1704609114880896,-0.03819102159963139,-0.9368461875177434,-1.1242761082234083,-0.22346496173073804,-0.1387946450701333,-1.4101237380017202,-1.0434170149386752,-0.7365681418572863,-0.39415754344358633,-0.3087031313025481,-0.5459498388154432,-1.0303515362687816,-0.41766543182680166,-0.5983685459167981,0.014802540552973907,-0.1750531017664181,-0.2794385210427071,0.6824285982157962,0.2125890065501958,-0.09738953557635686,-0.029392588208838846,-0.1128709140395806,-0.35450292820379475,-0.07405001452373126,-1.299898395966527,-0.5590021200160092,-0.011921575460778499,-0.40509888465571775,-0.27608106413253886,-0.7875222999323571,-1.0028893784054402,-1.0409339354821172,-0.26901933026103186,-0.7105722327661926,-0.4189532069668062,-0.9103432338476247,-1.3612594784161307,-0.6705468899330412,0.2879714524359269,-0.18599349292279285,-0.09438711568974943,-0.23588113807993866,-0.16122134430602328,-0.15739238375277076,-0.16796111928548568,-0.8844030062292816,-0.3287185180233576,-0.46458063793814525,-0.47974143400621316,-0.16217658854062345,-0.5743934652298586,-0.3395770583363732,-1.1463465780304143,-0.4075597539314988,-0.5560401813086076,0.0337961107450651,0.041649589929073645,-0.5622154422298552,-0.29957591606539813,-0.8124611123236473,-1.071114930780106,-0.05554848942315292,0.15134053502548675,-0.015167354313691837,-0.055763774266089396,-0.22382791870269383,-0.13139920570054398,-0.2415631668755051,-0.20707222530313324,-0.24475762790076522,-0.23330712641648899,1.1357142531298992,-0.304762651914587,0.09530259702900777,-0.07726218049804214,-0.13414058392055095,-0.05464668560292599,-0.1722341568957694,-0.02633755291803833,-0.5613840405583248,-0.02609926531581856,-0.05829184767557701,-0.5453574361657664,-0.4318287953769097,0.025127130404412615,-0.813196722416441,-1.1180510035806637,-0.08064415365514241,0.19066868946281756,-0.4755769728237101,-0.3234265958123681,0.14753960515964124,0.33023312441174313,0.05984390822650278,-1.3102150324548636,0.02907584740467521,-0.7045713957536667,-0.6758797331658914,-0.09067069610429968,-0.4841305988230419,0.03654237760890497,-0.14374328671916586,-0.14427787849217788,1.4052635941925715,-1.5093228561046539,0.299085515605711,0.1609804937808021,-0.6679397877631892,0.08501275209039819,-0.033428336716176094,0.11093883746389632,0.15391131253637913,0.22748331051566978
-1.16232809264334,-1.2332029140303757,-1.0275427302857914,-0.9463310183879623,-1.1805468933127006,0.28762378052991866,-1.0150154848135673,-1.0772195335710055,0.08718506443101456,0.29801418193888185,0.28990442935526634,0.42364981900269194,-1.1347282040747437,-1.2055304084898522,-1.1652498186513556,-1.2320565613991203,-1.3164768567818887,-1.1784391287951428,-1.1811629452574892,-1.2928723451399076,-1.5159750316755307,-1.0552092355965543,-1.0610665855588692,-0.9844914096343625,-1.0059957990620982,-1.0404359689828713,-1.1399288418555356,-0.5349801424832732,-1.2380809921436142,-1.2302599643307919,-1.3055428554115207,-1.3072425443238944,-1.2692344545454852,-1.1998417555351373,-0.6673791872530995,-1.446921578208521,-1.267532002228274,-1.0454621389973575,0.5581097915157445,-0.32937189246575416,-1.3096280168425711,-1.316890407536906,-1.0665863698126055,-1.0900652723581175,-1.2272093779945208,-1.2307065749020971,-1.0284573028497026,-1.0389879906168373,-0.4901221317852242,-1.3803782805956488,-1.229945530614502,-1.2152652125788639,-0.9578778417132813,-0.7460201032722767,-1.1597208642516132,-0.7199373059486944,-1.3696431540861846,-1.3604752439131058,-1.1365044828580293,-1.2949330423159195,0.7174061078904976,0.8046313617186814,0.28036736704734777,-0.3873075715899098,-0.9437694943815268,-0.9054993524153817,-1.070605537901447,-1.0756660616012137,-1.2260600075122094,-1.1618435099363513,0.7104804356848372,0.9612509520612382,0.9470888098882584,0.7961236029376432,-0.41865069850195785,0.9545475489420893,-1.1098761232273093,-1.1023697612960153,-1.1435423831705471,-1.1253653595995032,-1.1245529154161407,-1.0694481041891064,-1.3067481549515247,-1.0199140581318924,-0.9592262483804059,-1.0175088137473818,-1.033596869264368,-0.9705668362380498,-0.9121980431349916,0.5791065854806243,-0.7249978447013227,-1.0597707784925956,-0.4104632946778852,0.947128282531638,-1.0653376782535635,-1.5384666210977023,-1.1363686166662623,-0.26118000533487057,-1.2673378974582463,-0.9730980484362384,1.0150247892202393,0.8053514122642682,1.0122040619738806,0.9230091299053873,1.0223455152843846,0.8903909435744474,0.6767137355948752,0.3100266484486276,-0.6613155720280057,-1.027413407475601,-0.9622800314017569,-1.0301310383306355,-0.7824625902436286,-0.9679280157094191,-0.9824216602332603,-0.9789828867157078
0.2532569582405651,0.3342971207762806,0.1507698656349547,0.005086665751447003,0.9976166836211461,1.1743249429832308,0.19803721100338015,0.12976424102280973,1.4079172650676814,1.09515527208218,0.7880292767739354,0.47234524591597055,0.3091316975289142,0.5689699583103085,1.1042074355024525,0.447196838974712,0.6560420251511951,0.0056840686699093385,0.18319385614767153,0.31863592159323445,-0.5436106127111567,-0.20977131727701637,0.08820877618232642,0.006422197974764838,0.09106276437132751,0.3355379872979935,0.08022104659909708,1.2417329037162166,0.5857586906000999,0.04169501862949391,0.4434629027188655,0.3136502034082293,0.8346762154264298,1.0709208148705693,0.9986019709045055,0.3531447330316449,0.7759955096474134,0.36978045167864704,0.9172154728949714,1.3917875041393664,0.7253313126121663,-0.21111267397523822,0.17325522330575815,0.08723071812257772,0.25948565668617324,0.18552255193287776,0.13623373984408088,0.14629027865028935,0.9720401007810585,0.3943859842056012,0.4977953570718207,0.5036176973777192,0.13187551830605176,0.49389736381000937,0.34207936405737427,1.0885269092367242,0.4723570971127759,0.6302276571068728,-0.027228712736172757,0.005765697573137687,0.575923436551816,0.3176377829826353,0.8792467011402746,1.1355466070065316,0.022975250067883677,-0.18141158586747216,0.01061628907136399,0.052516596239064996,0.24779717339609963,0.14357029365872917,0.26955706827133175,0.204311842033095,0.23585799307301883,0.26809736023797376,-1.1814852096175643,0.2988391849980501,-0.0858292579595238,0.07188517754289302,0.1488560776475671,0.06502583953871947,0.18018075189168678,0.02582644106009128,0.6046200384264676,0.00716844712536909,0.03110022025905641,0.5236748571797226,0.4218686523654147,-0.035778033441506915,0.7744255471357036,1.0972784691906519,0.007170177174174757,-0.18271098015389853,0.31469990852534735,0.33198740562264434,-0.15084985916179194,-0.12740078871870134,-0.048373645551897354,1.5031591726533615,0.04616619962539617,0.6717519760258943,0.5974354701701995,0.14706236115837665,0.4371907614564889,-0.010855874003180917,0.14421047323896272,0.17134999450376176,-1.4459875171043657,1.421803324533137,-0.40980990815247,-0.1631066331790411,0.6300969580267495,-0.06472850034552065,-0.025955210821577583,-0.13282740435067,-0.1703104077713491,-0.23508977315715057
1.3070216375196981,1.3545811724704973,1.1709038571668116,1.1182127493628158,1.1164462982970618,-0.6649332589120893,1.1454469215643244,1.2346813444611746,-0.4520816541051404,-0.6397740089919968,-0.5290359176906773,-0.6269126748324864,1.2505241613919442,1.2644826206449047,1.0574540569008486,1.3090381567615663,1.3676930862001146,1.3689579586839844,1.3371479097667966,1.4243113498111828,1.9929373527083993,1.289438135298143,1.220664746810298,1.1575606243841206,1.160150437685119,1.1434850438906117,1.3216649957311033,0.3522937522872733,1.2916142963479764,1.4149535063259167,1.4135342268962485,1.4506448340179237,1.2601659165198096,1.1114434635283468,0.5785750545598439,1.5967410695754325,1.1633133289327469,1.1585466382251945,-0.8769052082456327,0.035058733991937284,1.3441074715203527,1.5634922963664777,1.2069226198128171,1.2531455201531296,1.3605762422108505,1.3884784224056625,1.1740083900356992,1.1849267823119658,0.3361370212942147,1.51096662157422,1.3315594040372827,1.3110955782924285,1.10093354006953,0.789463816996199,1.2789558908946819,0.6018906034276597,1.4716490444430192,1.4238855743051915,1.3429255220872,1.5094509334034543,-0.9678127063702163,-1.0076638451607591,-0.5609623161810144,0.16902418020270532,1.1076129363790466,1.1156632438118494,1.2472424483062572,1.243417466192065,1.3610462366558402,1.315779272756962,-0.8925014296534356,-1.17045672800436,-1.1680618105682095,-1.0120245362235547,0.8045376855720675,-1.188493489023292,1.3217831059139702,1.2783374841959032,1.2921490272756209,1.2885168646379896,1.2613255472330225,1.2401563377600462,1.3456130713247128,1.191929160049475,1.1198115993531554,1.0789369455975573,1.099600930994787,1.1374551616932913,0.900857085353549,-0.9277220510215732,0.866626762070083,1.2735259962592462,0.549259465599377,-1.1791149318539427,1.2881929253163114,1.7282565921799768,1.337692900991821,-0.23620548568039373,1.4062470295321938,0.9206968145106861,-1.2834410536484158,-0.9915115598896367,-1.244634066449699,-1.0657496609489188,-1.2236745699608016,-1.0922685665551706,-0.38513424303180005,-0.6932249105892111,1.012228926070122,1.2369128040456052,0.9725301677458639,1.1946546570161374,0.9393392415775724,1.1723285219958908,1.1997133261915451,1.2006785193453564
-0.23642904791554775,-0.33600043257887025,-0.09999680265278288,0.056507855344780845,-1.030772266594465,-1.204097059208407,-0.13784528332916518,-0.09526766353755645,-1.3756384975338631,-1.1419634010166024,-0.8645359430393861,-0.5846157957993289,-0.27784267482668196,-0.5601504700695364,-1.1367971225303701,-0.4387439426642311,-0.6991625435031557,-0.005841496157395116,-0.1706441907671956,-0.3409436928886721,0.26490333149915934,0.22152464163061297,-0.04960037623867918,0.04383046282724863,-0.039860427617146456,-0.2877432549269523,-0.07147789753977023,-1.1452019015828143,-0.5808296037552226,-0.050745646355910785,-0.4683112349100004,-0.34447980098495623,-0.8590041855085488,-1.1135913340941963,-0.9660821621212278,-0.46142077686513755,-0.7482500490553365,-0.296202531875878,-0.92911571511664,-1.3982446763328176,-0.7715441910536122,0.1352402362826437,-0.12865519036308085,-0.05140020234309518,-0.2569941096471436,-0.19084960043153565,-0.08225748858874196,-0.09309615772666455,-1.0872231558815775,-0.4593386772040682,-0.5220327675283393,-0.5158762707972105,-0.06884549347414987,-0.37526312193105754,-0.31965438840524485,-0.9860809004299717,-0.5259204135842447,-0.6993589331993422,0.035592037049524974,-0.048993040884801206,-0.6117650981065418,-0.3760513407419414,-0.9583109937483417,-1.2032479538105836,0.04183056239134104,0.2359282126626938,0.020906605349804257,-0.021507841606180023,-0.2467653307541759,-0.1298961507614013,-0.3384756401958505,-0.22802041072962478,-0.24730782777973012,-0.3291208190080005,1.2063324810620375,-0.3129591904586769,0.09187990329514234,-0.044794147713479567,-0.13622388759641943,-0.045154053387311155,-0.15685761917742577,0.0034688954475584977,-0.6126919288103655,0.04126185654720388,0.02782542625224479,-0.4707947835398982,-0.36771444790296454,0.08297681541125858,-0.6994931122860486,-1.0736778696722924,0.1038007362525701,0.19885875888656532,-0.17390633539487818,-0.3702044493590832,0.1653476059559824,-0.08542239794547375,0.05690940776424086,-1.6087798722761695,-0.07385605721132642,-0.5420998273996789,-0.534004738547571,-0.23938812216561967,-0.422619084623753,-0.06098142501907555,-0.1730944999446943,-0.22654796503203686,1.429039138886027,-1.272712590800021,0.456076531613041,0.19046782351498273,-0.5461208596736102,0.08361691197546381,0.12405629100726492,0.18057329062212585,0.20852978275844145,0.2679999613265815
-1.4598565089827724,-1.4800649912778736,-1.3219654791040165,-1.2959808772238797,-1.0597749969557273,1.0205448513303739,-1.2878197962113973,-1.3958169030578436,0.7789469219120995,0.964946640290184,0.7525290248207022,0.8274263244079769,-1.3761307630834085,-1.3381525431617705,-0.9606176629427816,-1.3958502840646285,-1.4228561609519232,-1.5572115494344307,-1.4998514813702455,-1.5572495172524747,-2.384185970670179,-1.5167054677807301,-1.384665250578014,-1.3340921540505282,-1.3206889297921265,-1.2567508981031175,-1.5014543051778735,-0.206425744681376,-1.3625272514531062,-1.5998328991970652,-1.533026847032113,-1.597566069705333,-1.274744756294864,-1.0434003756533006,-0.5674836473789552,-1.761788449297638,-1.115033447974301,-1.3105672275358289,1.166386031365998,0.22439964806681129,-1.406223405307795,-1.7875902710114633,-1.3559981421230576,-1.423964825144621,-1.499016685045961,-1.5478796353474744,-1.3294688960594223,-1.3422792820439455,-0.19780150864005133,-1.6447222625554474,-1.4381862066253877,-1.423140277353934,-1.2501752220532694,-0.8561387438964924,-1.4106573266525653,-0.5259544465160932,-1.5751835810054675,-1.4948740321090237,-1.5484259253141637,-1.715649721793833,1.2038555151931647,1.2042843214836998,0.8280401898564,0.021663604665321905,-1.2789357809347894,-1.3255634847066544,-1.4263715911422878,-1.412879547937991,-1.4998090750441577,-1.4719107832165195,1.0617014878056246,1.3647733577989847,1.3635437979986897,1.21908067626994,-1.1898335704640857,1.4029572634980227,-1.5266033540478956,-1.457604967001269,-1.4384866762800805,-1.4522071594742492,-1.4000612209099434,-1.410167939404587,-1.4036931195045979,-1.3714937364914193,-1.285582142040667,-1.1526935994729415,-1.1749681077456218,-1.3027199291654563,-0.9134337871983118,1.254081698650049,-1.0201785324733013,-1.4826348039353265,-0.7097909670615854,1.4114782868331475,-1.5069794153876546,-1.9038413581640714,-1.536850302709821,0.7389719097554164,-1.5306252823247377,-0.9166301510479529,1.5124006502289598,1.188603601269123,1.4585630057832109,1.2157884094973364,1.4211496960440984,1.290668490604215,0.13853893228773378,1.0358012836693251,-1.348669206467947,-1.443663526675202,-1.0087775536811703,-1.3464184005620088,-1.1061855310325712,-1.3783409634797732,-1.4154235261987411,-1.4186255376769739
0.15298015534913512,0.26703688641490636,-0.02568816422144925,-0.19129683191357827,1.0072032215977573,1.2631925599724134,0.0010041874197202583,-0.012355797467612005,1.3513574673189066,1.2268027738825016,1.001211495416502,0.7684571838602176,0.1703193918631373,0.4805993497995734,1.1020505105078962,0.35263337484743124,0.6862222673165793,-0.06569482866203004,0.09102268416479103,0.29872347578309866,0.06749120974322267,-0.3009081784587476,-0.06476441634146729,-0.16674371316729697,-0.08356852698512054,0.173570673196361,-0.0018347592862254405,1.0117824662065176,0.5082866555109066,-0.011322236825739036,0.43853128450743545,0.3231080703419149,0.8345023237612741,1.1121775023531186,0.9651648920042568,0.5635709437869729,0.6398138349965267,0.16968323960489903,0.9994074607576433,1.4029128407268323,0.7897137879714274,-0.11905457787922034,0.007775176054078991,-0.058550732923158044,0.18177956063167242,0.1281792885313471,-0.048763310653674626,-0.03480514853173099,1.2358261650280407,0.476735658011962,0.4906896755068719,0.47563827271816633,-0.07171503745895709,0.1897033278522641,0.22825985429177925,0.829104788386691,0.5221845899919109,0.7234543026782734,-0.1120431522069452,0.030365060790459492,0.7155451203279709,0.5224932657521912,1.0864747126382361,1.288540564431362,-0.18175522174218992,-0.36278232370291097,-0.12647588899699322,-0.08469812865484187,0.17479539626089152,0.043265662992713574,0.4965359243558128,0.3327889914025934,0.3405405527163742,0.46789667680702307,-1.247598073399055,0.40491156773876924,-0.1684513955868081,-0.05421775284772492,0.04801554090595309,-0.05304163771405629,0.05683246042170961,-0.11042170751707797,0.5555784260866022,-0.16254416700410282,-0.16218470718715355,0.34739777690727625,0.23060424750918446,-0.21349399395103857,0.5598574011986475,1.095832246578589,-0.28879285702660823,-0.28889096024242733,0.013781666775234501,0.4864685109394566,-0.2420311265382581,0.26952561149494714,-0.13875996808837956,1.6530167237999216,0.00016652228374304195,0.29984139691354256,0.5437710961825428,0.4096906497262772,0.49078600825720753,0.22077715186209315,0.28090780815070693,0.3599289072104351,-1.370350083711046,1.0946022245326614,-0.5017289963551088,-0.2931851322380075,0.3889948431948547,-0.1918520959502463,-0.301168735552369,-0.3034022984975521,-0.31985550482011826,-0.37681669394994904
1.58598286763738,1.5765200500834797,1.4469168494709386,1.4448867764522106,0.9926294845639012,-1.3208371248660704,1.4110639904954172,1.5267347130585678,-1.0399192581606638,-1.2410582452612833,-0.9350163288231427,-0.9981183468738104,1.4816237965335377,1.4018903340007165,0.8669171165572193,1.4626511306284002,1.4474553777606314,1.7055786005731126,1.630979143046891,1.6530658716112725,2.584733818722501,1.6973176440143023,1.5191050618952475,1.4778624917260021,1.4508033665532032,1.3432475029590338,1.638504720128718,0.08401718959626617,1.4211606959521452,1.7478296377988007,1.6268060337064247,1.706144409095085,1.281083100744573,0.9733499981582889,0.5998717332994826,1.883548768491634,1.0951178659691196,1.4635807839573864,-1.39769177949201,-0.43178976860941176,1.4530212097240145,1.9414975364282723,1.4805312641706827,1.5670332811112428,1.6074842085610526,1.670610809945683,1.4619389814220267,1.4768647340369763,0.0768955866421849,1.7418902539066263,1.5206476062223637,1.5214426484123689,1.3749876552802784,0.9178286976763296,1.5225080716138022,0.4812944241570496,1.6434788282994413,1.53947442741927,1.7157611004588782,1.8738948423808321,-1.3898749651997857,-1.3697875438424376,-1.0514815826734119,-0.1717978340644136,1.4241215509748415,1.5000619518230511,1.5713600685398867,1.5486629876687688,1.604719425211301,1.5928547296504871,-1.197217890360979,-1.513586658037223,-1.504357073828655,-1.3883863455678713,1.5315663903843522,-1.566201304494392,1.6863494791846085,1.6048466103876313,1.5463455385345943,1.582556432382956,1.5055519072085295,1.5455670477423689,1.4451100150817522,1.5214277956919264,1.4216435071798097,1.2106830685768704,1.2343445875121921,1.437070674492539,0.9260872809881378,-1.5308417768974494,1.154396103666621,1.6500450563914701,0.8590279555421101,-1.6126923931658164,1.6758800335066648,2.0246119954136854,1.6978630303271913,-1.1784130374323947,1.619933081176216,0.9555437235422249,-1.668755774858701,-1.366560289963858,-1.624057028091795,-1.3470126219697458,-1.581843021979117,-1.4545288323903154,0.04774581859725509,-1.30266548374499,1.5986533660263802,1.6119421223176105,1.0434626677776218,1.4579844981201249,1.2547557340957454,1.5523520153572545,1.5947202861367353,1.5989554079722663
0.05141302855331604,-0.07272974110862158,0.2754721987953884,0.4483999726695679,-0.8911565282527157,-1.4029877320015616,0.25773672850429896,0.24550098115077268,-1.3765452754753948,-1.3937196885705418,-1.2311646203894624,-1.0596652016867443,0.06193823881135897,-0.2878520528761282,-0.9715703796244386,-0.14244134265444824,-0.5611484502942186,0.26787997174524036,0.11152747003197719,-0.1322228213687585,-0.30678174045221257,0.5081673058183183,0.30614533907885516,0.4135386055024001,0.32934209787775753,0.05434121884228604,0.1996602951644497,-0.8330727283044104,-0.32357042219431736,0.2026374496098001,-0.3005379394957651,-0.19043519778495105,-0.7195950082158916,-1.0341716949721451,-0.9896776614188401,-0.5971249770055882,-0.44809613738262033,0.04859899390849981,-1.1793779363491708,-1.4284309914723907,-0.7356716710101294,0.23700716656089604,0.23924169561192696,0.2944660583105457,0.02115785581876643,0.0615257586897734,0.30576643404893483,0.2862648016548353,-1.4125507568578466,-0.3840412806290558,-0.3500596625892788,-0.3337550907024343,0.3371097311677571,0.09616393712396254,-0.017201835086618142,-0.6064141886331319,-0.4013077286078229,-0.6472335947716058,0.3161951714724783,0.11740689404658218,-0.9376400457492999,-0.8008659228232501,-1.300099731465357,-1.4018864665928539,0.4437207421923981,0.6133683543804771,0.35981850098460927,0.31948562159757204,0.024418159779451696,0.1722503525689072,-0.7852799451470633,-0.5739016395016558,-0.5763477635753608,-0.7341658440561829,1.3511976382691728,-0.6332211954380045,0.37719091470592925,0.28086889908507395,0.17218019399089296,0.28274792451132624,0.17291816472696156,0.3484679431586014,-0.388854700989036,0.4069501556998962,0.42108445920844634,-0.10903851972431826,0.030432805254311787,0.4747591398288021,-0.32079700327451804,-1.2107702009921197,0.5861196099172788,0.5083211152483711,0.21083662752536134,-0.7296780233807981,0.4448022437649728,-0.36336050428953415,0.3531106408812741,-1.6871985598387644,0.22456655113315038,0.060035450607460336,-0.6886676301879299,-0.6997201872104583,-0.6931458864102763,-0.5090408704925975,-0.5208359678432719,-0.6220989642301921,1.2906431566674643,-0.9344630405335224,0.6394986004826553,0.5263278366825364,-0.12567580662682512,0.4398449209410008,0.5969714899747615,0.5530854073893071,0.5588866873512303,0.614799695451167
-1.6171885717361372,-1.5782794685482933,-1.4785392820636187,-1.498395990942964,-0.8658810311378621,1.5305043408522978,-1.4480434050772986,-1.5613751143411412,1.2213480545954252,1.4300904587485839,1.040295734057834,1.0907720308577917,-1.5010470301499153,-1.3914131339999825,-0.733208627196732,-1.4426213258530758,-1.3788247223633154,-1.7470003995733692,-1.6603360961511195,-1.6436201560978576,-2.5231270390973206,-1.7655537574756592,-1.5572681434540145,-1.5219904419776276,-1.481890639003553,-1.3332964430664846,-1.6635896967308446,0.05886118843297198,-1.4004569137293301,-1.7913288710523276,-1.6246033839892486,-1.7055065988618276,-1.214029314483409,-0.84864782291728,-0.6108187585373047,-1.8810846672319816,-1.0241239949586287,-1.5384147811716473,1.5328092076111264,0.5905797970870778,-1.4082099674472206,-1.9606302323120226,-1.5132506823386256,-1.61354687283961,-1.6184695443367993,-1.688295552326788,-1.5044015312250152,-1.520022650003611,0.027243191558589085,-1.7358173964927228,-1.5172766740630843,-1.5407423017398143,-1.4108630092567942,-0.9097635254770995,-1.546421401414942,-0.415601853041759,-1.61108134901599,-1.4961660297475847,-1.7782915589027801,-1.9187045989689968,1.473315480334535,1.4496530238014909,1.1907738488394588,0.2800720169501437,-1.4764776217272217,-1.575232898686851,-1.6149148453391875,-1.584307678081167,-1.607148684374027,-1.6106318614863964,1.2512263198484055,1.5604141579549282,1.539549355427382,1.46446971368016,-1.779658301820268,1.6236622025588907,-1.736527369952516,-1.6537987632472466,-1.5499440741071036,-1.613944704450304,-1.5112251374893948,-1.581734251481929,-1.398123612704862,-1.572770523160699,-1.4618005070596327,-1.190019450869647,-1.2158827705711004,-1.47936031771336,-0.8785823691835647,1.7230061975161017,-1.2066358275712934,-1.7108040880646265,-0.9417236747274487,1.7207333363046082,-1.7272150135610915,-2.040825777449754,-1.756457612682924,1.492322535126002,-1.6213445091816667,-0.973817835516581,1.7071386195359426,1.4617568127503626,1.687056701763046,1.3985966641543233,1.643510895520768,1.5239413278096445,-0.1942837610813856,1.4814317460440063,-1.693873751835682,-1.6779227226376607,-1.0118239518708194,-1.4737320757085164,-1.3224167950995405,-1.630022312673489,-1.673658875975265,-1.6791488623304727
-0.3883129059311175,-0.2593014035656816,-0.6571910417580409,-0.8348378955831626,0.6716240467793353,1.6333068958850554,-0.6423557606577369,-0.6126495200880145,1.466419184207266,1.6494450812786203,1.5553261521543753,1.4567335648029616,-0.42510238225553026,-0.023517865845767635,0.7414446674468124,-0.2014728400716699,0.3017042210095101,-0.6149474002636601,-0.45143992194601096,-0.17808605090316115,0.3409334745338134,-0.858476597530989,-0.6829686410402009,-0.7938625843205592,-0.7082566397250756,-0.4093256678856959,-0.5404992771660901,0.6037963404237207,0.016433539203041022,-0.5369680108536884,0.03593776739228375,-0.0759038950470779,0.4965571606064543,0.8639065857472904,1.0189584563276817,0.5170007171263332,0.16827945690355584,-0.3641521624253763,1.476480914706562,1.4837290266111849,0.5790791993154775,-0.5199672211987679,-0.6199106807226337,-0.6656203895913132,-0.36465126703181816,-0.3945737200787943,-0.6947718974351467,-0.6684331546323182,1.6041400854001104,0.1565862111179759,0.08680887394435782,0.07872978628584959,-0.7319659343147932,-0.4850426620631358,-0.3228464450794243,0.3246728995505707,0.14090708017203346,0.4479641577525901,-0.6605533348243663,-0.4137264051327952,1.2893967427749728,1.2104067144578377,1.6028164179961804,1.5438470933756403,-0.8334582729476401,-0.9950004569405857,-0.7317798868865892,-0.693154920823919,-0.36672439125376,-0.5307384188555576,1.201389830125932,0.959233786260135,0.9641552611041136,1.1306673786467223,-1.529991394468136,1.007178461123121,-0.7322294449581931,-0.6446202985730103,-0.5387992788439272,-0.6535557985339101,-0.5446658132705248,-0.7267996912682666,0.09570296014630003,-0.7839555846996429,-0.8126924862029231,-0.2510312854927526,-0.4183240245503843,-0.8705906399733986,-0.02243840426340853,1.4238657766972895,-0.9960594531087742,-0.8688978217586252,-0.5049914775011904,1.10314299225584,-0.7934514834129635,0.33342037818609455,-0.7106437989293051,1.752310545110262,-0.6010460397058697,-0.5097187566684231,0.9873479737612693,1.1080533647595077,1.0384570134713527,0.9236074389084348,0.9001850718102803,1.0174026495834003,-1.2079595483741625,0.8236738060554928,-0.9135745416932654,-0.8994078709481292,-0.2449950359820014,-0.832724434048652,-1.00969141216619,-0.9355385999436119,-0.933590266844983,-0.9893842081059988
1.4799328300957166,1.4143690708071472,1.3428637174575215,1.3828310090473952,0.6250751994719025,-1.6145270521730877,1.3222818655296065,1.4261145064840557,-1.3160067663737858,-1.4922043453487293,-1.0266398320737922,-1.0491476849248607,1.359953678900216,1.2329901368861576,0.5085197445992589,1.2627943847722765,1.1562310652956809,1.610507971813344,1.514362302276169,1.4600718793273262,2.1823424193614795,1.652957244121186,1.42560927727574,1.3939607194434558,1.3407564776677097,1.153840731459534,1.5064878931629093,-0.26594655170758913,1.228070377037458,1.658335522780232,1.4547403663556173,1.5247012366280168,1.0091467550081745,0.6168923023520203,0.5483561191583749,1.690025934487926,0.819164729733167,1.4482318490421504,-1.5292990817436678,-0.7115325778000015,1.2052124575143561,1.7863128116990836,1.3800309983933712,1.4887986000614557,1.4600083887615254,1.5300032801328525,1.3823707509089627,1.3962906469732352,-0.10824171924620751,1.5625167807603697,1.3615146986352475,1.410956323575336,1.2846434568515956,0.7599703449239491,1.4081605577880627,0.265127587277845,1.4136711564149853,1.3057405294170623,1.6642674699355606,1.782728894643781,-1.4000299411817505,-1.378733731606624,-1.200938856911106,-0.34590061947600315,1.3616315442027391,1.4802610051850884,1.4846338157262873,1.4476567687772721,1.4361139421190705,1.4539419508159805,-1.1630189460417533,-1.4413098447561643,-1.4112769028084509,-1.3820971742046795,1.886198558399477,-1.5139673917371679,1.6085350012000257,1.531430647489886,1.3803722784794312,1.4742452166637117,1.3462751146680152,1.4475181280738256,1.1903800822057553,1.4511320832445318,1.3339672395648814,1.020820153700886,1.0480234718279493,1.3588314860358317,0.7050089968663137,-1.790877642830133,1.1042796839508024,1.5951198906697688,0.89709501052486,-1.664563233057406,1.594158428487286,1.912407691832531,1.6424525169439692,-1.6443467182300542,1.4676399406845757,0.8806661698592589,-1.5815713604528396,-1.3993908257837397,-1.5872965720095968,-1.2974388347701058,-1.5364406033172284,-1.4301713551071116,0.3383989848022193,-1.5757854498159785,1.5833105120471258,1.5720568000551647,0.8391737760068251,1.3284876212044143,1.234816025990878,1.5389389743371114,1.581359905522744,1.5896809153488793
0.7975121112936484,0.6708968702479512,1.1078135179141297,1.2853636825246832,-0.3754486134662016,-1.892458816296509,1.088334264956711,1.0494687744294895,-1.582718018181086,-1.9336589899123422,-1.9163637124814763,-1.8941205243634507,0.8563737024144649,0.40054471220652366,-0.441458710838312,0.6245783002707942,0.05387139288877853,1.0433080488931346,0.8698231029617867,0.5799154492836113,-0.16535812946904094,1.2866884330261459,1.130643907114071,1.2444141676113334,1.1600885260359897,0.841057836683348,0.9669266941424687,-0.32935171252809387,0.36404129174483313,0.9508574689932158,0.3096911527289911,0.42966450651934646,-0.19414350128693425,-0.6176148807735952,-1.03181460773212,-0.3340955883975272,0.17898168947708404,0.7223478694947246,-1.8239378757984208,-1.5453455902921962,-0.3349059564346948,0.9144854999833157,1.0699771261819966,1.1074752175566418,0.7890870004407136,0.8123148079545539,1.1496400696524613,1.1169529377886938,-1.7803980588089765,0.16176474977888686,0.24873722095555445,0.23994533664400006,1.1906786050986524,0.9269103007473708,0.7325629878747449,-0.014256168287033561,0.21448056299238943,-0.16095482538025727,1.0783588353065998,0.7967520203742817,-1.7087783519710669,-1.677378696311977,-1.93701431778266,-1.6896016397777727,1.2854902771491439,1.4393879496254454,1.1780618258492488,1.1416218710114958,0.7954152901625456,0.9719814958673295,-1.6719865344990705,-1.418778665541672,-1.4321292198989997,-1.5847256385421151,1.7294405918767968,-1.4554121539972489,1.1674693148058868,1.0788168816562407,0.9921201969075731,1.1005955851219362,0.9985959324897191,1.1795792164292558,0.28382158519311285,1.2298799081891316,1.273151698080735,0.6785736447833036,0.8737319863392761,1.332348471441973,0.4253775282473334,-1.6703115126751793,1.4544921837334714,1.30487017525285,0.8168745995984994,-1.5329849976454542,1.2262568854983238,-0.208505896268301,1.1415119035126926,-1.8325028800216867,1.056292720951,0.9775035726997823,-1.3800019619472415,-1.561723745927079,-1.459834936045876,-1.3923247002339698,-1.3488672167032572,-1.4743477535844438,1.123881371728412,-0.7497789539826384,1.2765861334229278,1.343321674017111,0.6718451483991503,1.3017488469856966,1.4700081380373882,1.3800924714452962,1.3735963634278652,1.4298045094592233
-1.148605079535616,-1.06108214740279,-1.0140087158762567,-1.0715759105246636,-0.2526496427763374,1.5624098620236184,-1.0037658350269518,-1.0936014044971327,1.328704666108452,1.4139635681676157,0.8805557034557842,0.8527611046591906,-1.0302747756595279,-0.8974412874547739,-0.17569664940939708,-0.8993521837276016,-0.7672963089916922,-1.2742401599725834,-1.169907544152261,-1.084414517542936,-1.6120348097197,-1.3396620109068489,-1.0985362020361986,-1.0696162939341927,-1.0043305281922608,-0.7826989848234933,-1.1486149324661514,0.5457931973258036,-0.8792211575536607,-1.3253521866775508,-1.0952907884970677,-1.1431879429959384,-0.6490806564042434,-0.2645888116979672,-0.39986613346042893,-1.3045775842546357,-0.4557073247859435,-1.1541930962438072,1.3743467357342856,0.8074974380909302,-0.8334682134732427,-1.4123281215539676,-1.054780288041281,-1.1671222220810842,-1.1090779472483943,-1.1747274254936966,-1.0688678270818133,-1.078768144775202,0.16173847243305065,-1.2062266542187707,-1.0293176123618453,-1.1054638813418556,-0.9692579728816404,-0.4427158252168793,-1.0812780977375216,-0.0001301153639272907,-1.036222903714297,-0.9539388825726081,-1.3488083971819962,-1.4457485580946492,1.1578982844868082,1.133865540772728,1.066016383547227,0.3738960691784886,-1.0520909113801669,-1.1896013028884347,-1.1568716898538767,-1.114907075257165,-1.0715540461722521,-1.1018024114214735,0.9085433515498832,1.1356004114925335,1.102753292393384,1.1162058318619652,-1.8330578065584295,1.2172248886952863,-1.281134857823127,-1.2111113235182416,-1.0189139537237848,-1.1392382459456958,-0.9898332068538982,-1.1190652344614065,-0.802242322487924,-1.1311753924558958,-1.0142178700850688,-0.6782706847452162,-0.7042258183514494,-1.0491449957421186,-0.3832470421768564,1.7181120395771987,-0.8175534709260037,-1.2808911964161906,-0.6942916977733141,1.4165809109119254,-1.2592124684722503,-1.633502059972679,-1.3305959587196936,1.6414758439428798,-1.1311324532744018,-0.6233005570110717,1.2865321107236736,1.1475228161557678,1.3070966271909135,1.0126223972798947,1.2360430329097534,1.1476380372815127,-0.5094574474702681,1.5993608070382281,-1.2646423801035902,-1.2707534664377733,-0.4937920891790188,-0.9994234170596313,-0.9603032417698167,-1.2518637017662868,-1.2923258245732534,-1.3059624949246689
-1.1742966051416568,-1.0602859402966578,-1.5192868726538897,-1.6886023294771568,0.0495321575225223,2.0702359465993982,-1.4892976098582873,-1.4470296637870579,1.6442116426460158,2.138943551010658,2.215354012591394,2.2636855633659145,-1.2511007157407967,-0.7565784930521764,0.11791572912982932,-1.030808977699334,-0.42855974200203306,-1.438451530176015,-1.2600213091385626,-0.9739391964197986,-0.13113885530000202,-1.6732292825035726,-1.5379588638047967,-1.6541910238654793,-1.5772429962074255,-1.256687214434465,-1.3697347070153656,0.0229047595834447,-0.731962638523563,-1.3305361974439749,-0.6490689385270524,-0.7787567296889055,-0.12895652097024196,0.3302202487269112,1.012869780832861,0.10604676837868414,-0.5421658615546644,-1.0332999760254362,2.103697796837364,1.5591600793269393,0.056304186811925165,-1.3058657011449988,-1.4800688773867405,-1.5079849746130292,-1.1889761735672346,-1.2076427838986747,-1.5591703670780865,-1.5221190069354105,1.894264816698473,-0.4828071265360895,-0.5701539769774825,-0.5379203095380094,-1.604332635019507,-1.339527257217494,-1.1107726966947211,-0.2863714581499738,-0.576685927045056,-0.1419609949295574,-1.4530111595736734,-1.1531163235276078,2.080114004257972,2.079464824404386,2.200750744568773,1.7891612152348801,-1.6888525194799997,-1.8294855056660457,-1.585318909914128,-1.5527667794063886,-1.2059394780497845,-1.386826570055444,2.080531514942937,1.8322586312798792,1.8570287720171452,1.976460550295567,-1.8461952606010825,1.8547250056226732,-1.5656905910459276,-1.4703434136701037,-1.4232601241549783,-1.5110242620115106,-1.427371621096561,-1.5928225345295706,-0.669951779264699,-1.6327816080777624,-1.691394421053127,-1.0836933613549968,-1.2991731301576568,-1.7452637002507343,-0.8147177418195354,1.8379007377203085,-1.857517547005146,-1.6985327561256875,-1.070759533627772,1.8947415098855536,-1.627285461350057,0.06118561983574523,-1.526431589969186,1.8517852088953852,-1.4738732748192815,-1.3727494753532774,1.7491122702895001,1.9430553735864662,1.837170237143852,1.7994604199573123,1.746775285158351,1.8735185281495494,-1.0182420138523764,0.660537426266125,-1.6231056852975987,-1.7378919320317028,-1.0760030869282875,-1.731640903401366,-1.8677954553027454,-1.7676065214177927,-1.7584589852302346,-1.8141228956940607
0.6749252032832033,0.5717933326347541,0.5477731663093696,0.6199338254594333,-0.21046728581702573,-1.4090061022682383,0.5435925759755601,0.617239541690657,-1.2869956887810057,-1.2331451263590147,-0.6484581353337258,-0.5518487740192325,0.5621849326703114,0.4283997521974588,-0.23061713856751356,0.4074820221168738,0.2691858045560902,0.797098091098061,0.6841727566253388,0.5769811130338655,0.9244545024660282,0.885916869051044,0.6321679013864441,0.6074635447525243,0.5329098570934657,0.28061735830881857,0.6527313833389029,-0.8619086435886124,0.4027618546545547,0.848105511822171,0.5982031026258519,0.6173655050433489,0.1819739177167017,-0.16830996443943574,0.17985713389783142,0.786492524441229,-0.0074575266916044065,0.6949984487491018,-1.114139766755211,-0.8982541065754355,0.34789692756905527,0.9119222841727413,0.5923202318231816,0.7043277338537483,0.6219618276112555,0.6810805968489724,0.617747529662716,0.6219142572080905,-0.20486182015659207,0.719080509759967,0.5624752596249729,0.6624525871238172,0.5182896608884281,0.009363896612955502,0.6157356691703713,-0.3539163275932293,0.5354481403175394,0.4879454798015896,0.8853561801596251,0.9628379001299837,-0.8081982956143212,-0.769181043335266,-0.8293914855870244,-0.38955651734769015,0.6020970049741281,0.7579589985147962,0.6901428966046648,0.6443189789255198,0.574215838338239,0.6150362487090437,-0.5390414178243026,-0.7016624821823444,-0.6737117770792896,-0.7184190610723,1.6511939822018182,-0.7903155785901369,0.8134794071080438,0.7461362522877515,0.529042212828053,0.6665559406521123,0.5035379245083571,0.6541110351246119,0.29206779198497884,0.6703517480415436,0.5609426165614158,0.2124547529131734,0.23666744507451426,0.6050162001606069,-0.040972207565773314,-1.535599762462717,0.3974455455355647,0.8276090807983852,0.3554232225193405,-1.0265465460348961,0.7858256837909816,1.2432352215906401,0.8734522084428539,-1.529771707800581,0.6637644760639806,0.22885289689426436,-0.8879923933497922,-0.7531699771578277,-0.9053439274253477,-0.5924865616957727,-0.7975567068591005,-0.7296562240422231,0.7173152714457156,-1.5727953265099164,0.8074502268444517,0.8300763708986314,0.022151215733928954,0.5446013995364833,0.5475111984979464,0.8214084248023806,0.8602410157300621,0.8822029542243262
1.4307651516092628,1.3410586210454578,1.8021255636638196,1.95386160492346,0.26276480994172224,-2.079730241755073,1.7595335853892824,1.7170571411989886,-1.5832709902635462,-2.1809303551779853,-2.374288705575319,-2.4802242304970346,1.5229593225616356,1.0194601263837295,0.1851744822749572,1.336574187497565,0.7490791529499541,1.7031085626442026,1.5306215926374103,1.271639364643718,0.4405777649816864,1.9166390802623,1.8126612226072245,1.9309348655981609,1.8685787831168938,1.5759527729659317,1.6534541183474816,0.2937079561202124,1.0123735278427597,1.5797595655981675,0.9044802835357325,1.0420618483800919,0.415406952409333,-0.03914816430100948,-0.9625075115497573,0.10223712781480565,0.8634719830763595,1.2279881253509224,-2.2201058455811933,-1.4780473088439083,0.1962596198127493,1.587821796299218,1.7593920988920846,1.7735696538098809,1.4743168550313444,1.4883234025139893,1.8318425381504981,1.793007441204812,-1.912643289840093,0.7262840497141849,0.8055783216547436,0.7451272895971981,1.8845180827337966,1.6550932393006856,1.3726579983080378,0.5473690361281267,0.8642543786579042,0.39289672415755483,1.688420009248905,1.386692530493691,-2.3043262258341257,-2.3155581389047195,-2.314248748699008,-1.8025040878461813,1.9536970995899996,2.070789669783205,1.8587196021157382,1.8328963841313912,1.506854519118298,1.681342275736098,-2.3347982319292484,-2.1003661628339434,-2.136678444630818,-2.210762464331364,1.8002886003739398,-2.104426051525804,1.8290401746447398,1.7269577351849261,1.7376225020075988,1.7904313842757285,1.7386395567161468,1.8717025468262147,0.9885418452437484,1.8995954884646626,1.97492967378433,1.3918768549083336,1.613815741860069,2.0162034301246203,1.1265630945857623,-1.8389416198609276,2.1246872785477957,1.951298939774669,1.2174746486444465,-2.087853062120953,1.8987417913246851,0.04243538256010963,1.7689102037136202,-1.7351974564989803,1.760863179344756,1.6332296028918711,-1.9905446068643882,-2.160096057376509,-2.0688835232361216,-2.0536615348869356,-1.995369688090332,-2.118674294332914,0.8689989209258246,-0.5073034468084224,1.8638354532215187,1.984378288942902,1.3969756318589854,2.0283814226040997,2.117984260708486,2.001845290392085,1.9901225028371174,2.0426496566381886
-0.1654540338914101,-0.055091573348391105,-0.058146927076070616,-0.1418322681639302,0.6772408975207019,1.2169165994894415,-0.05218135069769128,-0.1099633635538781,1.2269301242461146,1.0199447817843412,0.41768031856259424,0.24611688625620654,-0.062255975303626095,0.0767969237949697,0.6367959392278542,0.10239411657540216,0.23251254649063247,-0.293877518417285,-0.17008686506827486,-0.05228414836815354,-0.26255320306192254,-0.4057560983295758,-0.14047473541283084,-0.12425077560540711,-0.044743945304444525,0.23260237499641137,-0.13647999977663752,1.1483941669533861,0.10017594618680417,-0.3372144045274201,-0.06681814103668796,-0.057914146042923394,0.2979407717711088,0.6017895920122098,0.08454383896087146,-0.23892646615793042,0.46090137150560945,-0.16869200474906346,0.8326917040014142,0.9987645192090737,0.15759301931130126,-0.40864797649045137,-0.10488465544468042,-0.21316043700331008,-0.11104299769788895,-0.16335660997013157,-0.1402599149152163,-0.13752581963620958,0.26702436857948053,-0.1998753801795969,-0.05237248484670042,-0.16798020676880446,-0.043716317628179964,0.43227368480543277,-0.11597240449989635,0.7271026483036904,-0.017176052164799928,0.002384063862921758,-0.3829429377363249,-0.44212499069278033,0.45856299962163266,0.38939406688170697,0.574160776718449,0.4280640325548525,-0.12456551660606492,-0.29710547794665104,-0.2005152822646586,-0.1520609612370938,-0.06068500996430532,-0.11112321263319208,0.1595265265672684,0.253208729520554,0.2375643791016756,0.2953026776560502,-1.4025216250777819,0.34426308261208277,-0.32174863662926373,-0.24795927620011657,-0.030936705061815117,-0.17153732541425915,-0.006472123393037378,-0.16801191719394212,0.22810293895027378,-0.1840569396530359,-0.09018045882181243,0.2708500634189679,0.2453043567447188,-0.13915664730110255,0.47343311913163605,1.3043917786276202,0.0447075510910477,-0.3509743775372916,0.04979495114310944,0.5969272279007634,-0.2946631420537691,-0.8133164275220586,-0.3804472308656949,1.3614630076163425,-0.17788454335270526,0.21067426687954557,0.4968442910680621,0.3197530527902469,0.49151944155255356,0.14254474752723978,0.3320147049568336,0.2854071177547447,-0.947003577734964,1.5132299423579265,-0.33521085156248615,-0.3618645253504306,0.46565843763260323,-0.08119677825363644,-0.10484573998154745,-0.3567475889358858,-0.39428035468972766,-0.42699436757040615
-1.5440844583581919,-1.4877662650399133,-1.9345917144338907,-2.0625678153412594,-0.5360935919052128,1.9160644550727008,-1.8815051664912437,-1.8406824889557074,1.3955130001276188,2.055674722522673,2.384379975051308,2.5315307612447997,-1.6506330555415898,-1.1688299108833153,-0.43936890159801906,-1.5141162245535225,-0.9787573487816049,-1.8113578098756868,-1.6557845464078946,-1.441047571516918,-0.7001752005328319,-1.99256386293388,-1.9326233295313267,-2.052824107633401,-2.009760826861177,-1.7734274866187638,-1.7896569528999646,-0.5911334071836457,-1.1792809256312986,-1.674199538816296,-1.0496658253521156,-1.1948178062715502,-0.6340877952790238,-0.22623733642587363,0.8954530473890795,-0.2560414372845034,-1.108480054617178,-1.3004464309485662,2.159893132944791,1.297505368077977,-0.3878013253392694,-1.7202702856409915,-1.885211853289756,-1.8813433177294572,-1.618311413086126,-1.626672992103883,-1.9460701095205273,-1.9078316564697138,1.8418790761262624,-0.8621795910520008,-0.9356697301692432,-0.844037461523699,-2.011791060097038,-1.8545506034527834,-1.4954254215917646,-0.7572612672128376,-1.0429505512141222,-0.5604476710651555,-1.7639086126359862,-1.4723136379550645,2.357088195163545,2.364171909314578,2.2731550099793494,1.7293373759228696,-2.062640093432637,-2.1465082321541966,-1.9748270144328877,-1.958377748181368,-1.6680942683568847,-1.8274357236924965,2.418855675790748,2.1999870712220746,2.2451236554224523,2.2724038232226134,-1.5957700773844352,2.1835560159313188,-1.9329049692580051,-1.8280333053296014,-1.904697683122131,-1.9146790551602764,-1.903902506964037,-1.9927907801538114,-1.2081971053597378,-2.0090381934312145,-2.101179015694582,-1.5811906902406172,-1.795109977458518,-2.125940687497578,-1.335674297128457,1.6696177324325203,-2.2452850967459455,-2.0402335701816248,-1.2646925833179368,2.0963975619200075,-2.0155152874977733,-0.08139280122401465,-1.8495480267152968,1.477949905555657,-1.8963266111902297,-1.7577167116665189,2.072366315391739,2.2019015665342385,2.130845807731897,2.140702163927342,2.074081838585581,2.19190659924852,-0.6745613089034422,0.2862926215815889,-1.97448693803767,-2.062260219426852,-1.6202711011319288,-2.1693262210300954,-2.2094153069827467,-2.065176906018131,-2.0499732858586652,-2.096656964719894
-0.2829890517777013,-0.3904303796256595,-0.35238528439909317,-0.26038530988865727,-1.061130354499876,-1.03274182692945,-0.36864999153243044,-0.3241689104952554,-1.1647876551360057,-0.8281263119907953,-0.2587572380866969,-0.020032753730157365,-0.3720135565555551,-0.5254299930194587,-0.9712535448926011,-0.5313845913826285,-0.6427041300069204,-0.13508731753146816,-0.2722153577435137,-0.3884984699322957,-0.25990269897265844,-0.0038405113116251415,-0.2749391876212829,-0.27672229595936276,-0.35615734454477316,-0.648719947858094,-0.2983048714633292,-1.3453781058367955,-0.5365731795546698,-0.11007751463099713,-0.4045277104453899,-0.4340489939683883,-0.7031424823761767,-0.9575913707421666,-0.3637152214502163,-0.24739463629143338,-0.8152807323577786,-0.3253954569805675,-0.5936452355012124,-1.1018521599719693,-0.6008256763287658,0.0019267909282222227,-0.30693087032866,-0.20643978852894657,-0.3229048806573746,-0.27685573004067404,-0.2639396499069506,-0.27445172127186634,-0.3632813530178589,-0.2619583743755773,-0.41111462239658103,-0.2929697593953586,-0.35259412901949316,-0.78094201268368,-0.3219054150855748,-1.0441693358885116,-0.4245255264650933,-0.43452941277485163,-0.060668603434812465,-0.019826331416869278,-0.1931435481505162,-0.07926304613661948,-0.3669588829742032,-0.5062258003651631,-0.27845774510559634,-0.09374601449216216,-0.20973160233624763,-0.2590001674695764,-0.3666051290182102,-0.30698742033339155,0.13989398308766046,0.11227343160928102,0.10962968002464488,0.059819234388135765,1.1376377495697054,0.025526823757590217,-0.09153462592080287,-0.18228501515806364,-0.3709915336633336,-0.24399489399471008,-0.3969189851927292,-0.23747129905441605,-0.6574144944039232,-0.22578442578217242,-0.29606299538525765,-0.6716722567987298,-0.642178626376396,-0.2486785704828792,-0.8264497322686026,-1.0702093920122597,-0.40578064646986894,-0.04931585970288307,-0.43960943672728825,-0.2150167313402136,-0.10783438420184062,0.41032545973397877,-0.048947690208457774,-1.1625823654091147,-0.22466321624263225,-0.600051701398411,-0.19798263681728887,0.0601206513556119,-0.15461900259313738,0.2428830652973887,0.06414745732410669,0.08962424757561614,1.166591483036295,-1.4231517090145318,-0.03807917422519452,-0.03607907891022448,-0.8593308464699252,-0.2876526156371288,-0.2673545726489669,-0.04563044691451017,-0.009765365702585153,0.03415096733221065
1.5508140174022114,1.5304963283453656,1.952888718998334,2.056205812184139,0.7623803380511932,-1.6435531198124462,1.8949080231424302,1.8568523119755291,-1.1310413153398147,-1.8250271909056883,-2.287610093462319,-2.4608703321524175,1.6706425249727772,1.232559333812594,0.636090468000046,1.5875858264322957,1.1188280364110468,1.8008740885859689,1.6695353623056428,1.5035786563491913,0.8965000157495516,1.9452028798914118,1.9362353366270997,2.0575938356502896,2.033988593571469,1.870276024766193,1.811131670446106,0.841272262439992,1.2541223492143423,1.6546740723471662,1.1091725307690696,1.2646232260634298,0.7836535139173572,0.44888049940242813,-0.8217946489509781,0.3585165302865707,1.2720222514219108,1.297199992441114,-1.9794235988674245,-1.0506243699261504,0.5193623439473978,1.7261057681289746,1.8941003717105196,1.870758506444059,1.651102204159088,1.6534642349681508,1.9408047181407058,1.9052490786451208,-1.7124271942053186,0.9116649761921694,0.9895282903449644,0.8671892159681062,2.024157922217088,1.957902252163619,1.5129295454821157,0.9203246558387167,1.1266169143745282,0.6535853685001751,1.7250591770879886,1.4492206125369047,-2.2780924421002267,-2.274259571337209,-2.1314713979482005,-1.596071616893755,2.0583322077069073,2.104087660399747,1.9717324688537072,1.965772658341933,1.7157227721101254,1.8556965177872835,-2.3777413324031857,-2.172143555458794,-2.2206570956132046,-2.2115060758474185,1.30661088422956,-2.137660233014216,1.9153354799313922,1.8142395467997137,1.9507325154974675,1.9205345192913836,1.9505923871261874,1.9938584522171143,1.338877173112332,2.0012985545406945,2.106815339019759,1.6743782801423013,1.87058790925554,2.1166482787613377,1.4537550481274533,-1.3979085268308507,2.261398140108618,2.0075205201522492,1.2615102191849832,-1.9780814043823414,2.012406866909072,0.07595376943707283,1.8139024987960495,-1.1493373930012367,1.9170495364725322,1.7905958910823159,-2.0261700183223232,-2.124821640343812,-2.0656694692728172,-2.1104444032992777,-2.029274996022773,-2.1410584812015543,0.45180744357796077,-0.03585534223125663,1.9785804403756917,2.01757437110694,1.7623775548054923,2.1889710751681815,2.1887539562107037,2.0068832960263556,1.9876881952698853,2.027127515628355
0.6350234737638665,0.7292968570473776,0.645862069877758,0.547763785945637,1.3264346381197476,0.8688485505551463,0.678682869762092,0.6440829627340889,1.0969164995481204,0.6742222889644702,0.19524048628349427,-0.09690759414290455,0.7042193224110374,0.8804189393511302,1.2086948742849266,0.8452490009801042,0.9310868672423254,0.4560502644322959,0.6081078054835304,0.7123269035765082,0.6044420143588404,0.31098471552610624,0.5772941070755417,0.5580183312747027,0.6331603711923125,0.927333217266718,0.6173925632898384,1.435096155854684,0.8733865066552453,0.46052142431014154,0.7814206421376586,0.8191026024753056,1.0041315521037308,1.2069687892766712,0.646486572671664,0.6416740692657128,1.0502741112331344,0.7391709534897362,0.4125387044124175,1.1898680186316497,0.9551997678295631,0.28457493284007407,0.607044177118258,0.5193497084748021,0.6448772919307141,0.6045660565866439,0.5591060039393375,0.5781405023716017,0.49493806715329486,0.6357183353069528,0.7887659959561085,0.6835973305372963,0.6315392252966986,0.9948247509485133,0.6621645670203943,1.268765295200006,0.7599058214612534,0.7813135079364513,0.4095772669237024,0.38914243040234253,0.033476266563922955,-0.13727096208875056,0.23135431358589972,0.6228480295062996,0.5670666196785319,0.3770639127256909,0.5046358494675492,0.5524323738133019,0.673875391378897,0.6047818784405513,-0.32778469390151893,-0.36258179609481445,-0.3380488042021322,-0.31273477285973866,-0.8772435864926316,-0.2863973346794315,0.3910901286817825,0.5076206900606961,0.6428027559027694,0.5446763511151074,0.6715540488970566,0.5266596048058959,0.9608419598443557,0.5225054954141788,0.5618808845853565,0.9496571333222988,0.916994189806889,0.5221303265257832,1.0681416015382539,0.8443731224186287,0.6411342301618149,0.3395377869707429,0.7607618938610642,-0.09027841421365859,0.384133475955395,-0.059164977108104234,0.3771943111451858,0.9391740931245173,0.5069270970348965,0.8941074257227435,0.009596722266312068,-0.35012867429996625,-0.08013692976821225,-0.5277511317933385,-0.35768365595522533,-0.36147662086230975,-1.3539408031539135,1.2974758178630066,0.26664424284128885,0.32915144412428216,1.1095460010543554,0.5261067548594297,0.5272734187181033,0.35100622164692863,0.3176675249497362,0.2634934463541328
-1.4959001310810465,-1.5072831131650613,-1.8988896081959452,-1.981298202409519,-0.9326135105732968,1.33710649671118,-1.843716451510538,-1.808687934926794,0.8545103463815641,1.560131000325101,2.1288713870173863,2.3140808947428675,-1.626700563900162,-1.2441410978894174,-0.7700090719966279,-1.5894910388898098,-1.1768940506460788,-1.7190648886677273,-1.6153524835003101,-1.4898946404165172,-1.0240663558982237,-1.830159614758351,-1.8689433797549198,-1.9892331205182165,-1.9812290720974581,-1.891420115137327,-1.760982966011328,-1.0182755303625017,-1.2662755638795187,-1.5730620711939385,-1.1167517465631798,-1.2868419784648686,-0.8686221888190803,-0.6125564498091312,0.7451706043458106,-0.42330930219074775,-1.3643403483682193,-1.2645856710650976,1.7494600390915265,0.7853385012933674,-0.6032613980190051,-1.644492190024149,-1.8294764455544872,-1.7896094953655783,-1.6106170614849031,-1.6079282602313758,-1.8617277913996533,-1.8311789736485002,1.5574944047400203,-0.905645149115165,-0.9990162661388724,-0.8512329268955705,-1.963368789818455,-1.982772813803905,-1.4657119400946836,-1.0352917307124723,-1.1389236923781718,-0.690124478428294,-1.6260727474328196,-1.3664476755818316,2.1190390860912127,2.108001259153449,1.950160000950553,1.43473925351989,-1.9878827303490005,-1.9968219876699842,-1.8950264105931611,-1.898700900727483,-1.6847294457446207,-1.805156756843624,2.262597391681325,2.066435440033429,2.1107455224820946,2.085006665945511,-1.0154029808777165,2.0207561383564254,-1.8217781019167998,-1.7332018312698123,-1.9099879533111979,-1.8528051763724755,-1.9133555861143359,-1.92009214336459,-1.3967038771097409,-1.9239469438179082,-2.0350804122967396,-1.6949054805715866,-1.8730696383799497,-2.0371122083704396,-1.4960300243050888,1.1063293788398443,-2.2139868811178394,-1.9046590300750272,-1.2449812053223086,1.8028756496933716,-1.9289352638832178,-0.05183614100115184,-1.7135139054758557,0.8391038663815763,-1.8648691624748182,-1.7732412102857258,1.8992143895147966,1.9918612827100175,1.9285324545244031,2.0199207934122025,1.9168003883447682,2.0219302080260597,-0.2241870822234948,-0.1937325612942179,-1.892995433549262,-1.904454304424543,-1.8321391483610485,-2.1272300188941564,-2.1037333943308307,-1.884747968872051,-1.8619329461152658,-1.8948981455694216
-0.9001729389604063,-0.9730507943734868,-0.8350546432785413,-0.7316603786292064,-1.4817313862886299,-0.7169096921116234,-0.8865747399224381,-0.8590689027058961,-1.0131932770261607,-0.5502016863996375,-0.21028866686158262,0.12241762024015253,-0.9436121934958909,-1.1458331638257968,-1.3602454218052331,-1.0581012280274147,-1.1183975055207798,-0.6845418918137569,-0.8509934319045186,-0.9372598890808908,-0.794006600034225,-0.5303388188259343,-0.7796257227831918,-0.7339881133090413,-0.8024750683010491,-1.0840559448743845,-0.8362882435296485,-1.4345351493391925,-1.121632035541826,-0.7261824113828018,-1.0715820998763423,-1.102947897051049,-1.2157505586693835,-1.3628094530242618,-0.926912914798849,-0.953677509651646,-1.1938467087859044,-1.0661618174062302,-0.27420429746898883,-1.2464417534906858,-1.2309252270102304,-0.481309198403735,-0.8089997697157716,-0.7389549571113179,-0.8698372738154343,-0.8349175424869635,-0.758735354699208,-0.786403890287621,-0.6506577809047543,-0.9316569081523292,-1.0803287592211444,-1.0020928884692324,-0.8049481578944503,-1.085168478662817,-0.914344466024386,-1.400866071932187,-1.0062522031231442,-1.0547712283243609,-0.6731890915563906,-0.6771489074904465,0.044651715256413795,0.277827554564053,-0.15858299078181778,-0.7624637665298002,-0.7507963908852886,-0.5635643091897427,-0.6992572700164423,-0.7433710391739567,-0.8792451726036933,-0.7999693619435309,0.41934403379427776,0.5158557152611913,0.46907178735252725,0.47489378883129957,0.6253010190086752,0.4536548540157564,-0.5940155933094667,-0.7402574332599543,-0.8056039231118789,-0.7459489190937454,-0.836950353205639,-0.7149490668079631,-1.1547774193555682,-0.7194947552387198,-0.7234116473921877,-1.114723934311745,-1.0823571863932373,-0.694430374550329,-1.2112235195637555,-0.621105703357187,-0.7569953535780786,-0.5353797035167075,-0.9891768862255547,0.3297038187106316,-0.5536870298174538,-0.24649239591304656,-0.6148657335257881,-0.7017896536181367,-0.6847261289445985,-1.0911341155812666,0.09784000323786031,0.5559314463358381,0.23364455042346063,0.7197270936422263,0.5619282106539862,0.5427238556100393,1.499069807954552,-1.1345740600483947,-0.37181364424287505,-0.530515091839612,-1.2266238902274917,-0.6537841390702532,-0.6824518129458822,-0.5705262187467953,-0.5403469289346176,-0.47708184098836287
1.412107679300724,1.4463534395531044,1.7987811877287931,1.8653801597861686,1.0440042261573177,-1.041117784229635,1.7549973864833177,1.7224623061578435,-0.6080568868486802,-1.3016841892802882,-1.927180458116874,-2.1121885918261962,1.5493470339697752,1.2286117002898718,0.8439257381969966,1.5451651698578583,1.1638784070258426,1.59915101891295,1.5252106487017227,1.425093811686559,1.0723228596873702,1.6849199776686279,1.7601914079023528,1.874841483113358,1.877103681720186,1.8529161069766715,1.6701603919165446,1.1116966442878427,1.2413396489910298,1.4672594034400135,1.1007595448865606,1.2879653710901335,0.9004036224387106,0.7132456422313327,-0.6530905069490875,0.4687276894423334,1.4106116268492501,1.2318241080066124,-1.5165909138721203,-0.5332009196538514,0.6585208168602739,1.5097691449906596,1.7199986900224982,1.6702703193606598,1.524298766686627,1.5183240438898769,1.73858941066824,1.7161347720789886,-1.3902123885537048,0.871051818940646,0.9850248943205582,0.8219880928085506,1.85340464154059,1.9340164531527786,1.3824688368017515,1.0999505306473405,1.1029951411639058,0.6910032306394663,1.5034138908492156,1.2595142723940844,-1.9121001918114955,-1.9055864523835422,-1.762331194862841,-1.2595411456796284,1.8782409577113002,1.8559009861775,1.7741592980089533,1.785308590718534,1.6012796958086926,1.7029671098922263,-2.10153039351056,-1.9140295792161857,-1.9452646307301824,-1.9265338850072582,0.7714369626448793,-1.865797260061013,1.6819485424057978,1.6173941236319103,1.8059557163297622,1.7416888332926186,1.8155946050396607,1.8006760322702167,1.396524357226908,1.8076782654274988,1.9130312021208844,1.65518209551512,1.8246223499868834,1.9174793317773657,1.4746673808861186,-0.8500775377471571,2.1195781762117467,1.7652160871125873,1.221021365082187,-1.6183445534181289,1.7884933120785673,0.03029041106219654,1.5806487727937444,-0.6023906306758313,1.7659950399951028,1.7286942021728542,-1.7262618595975066,-1.840925050621762,-1.7568540213153463,-1.9045052243337606,-1.7731054478262802,-1.869237370662831,-0.0019519992980893152,0.36961263505449526,1.7167538870258388,1.7567393456696498,1.8293252728685259,2.0081549612409786,1.9786930608451538,1.7364741210924277,1.7105334562410293,1.7388181912467233
1.105722256857863,1.1519389454791609,0.9561597828465078,0.8469655855672703,1.5567258497370762,0.5601972252537217,1.0236698532403001,1.001669772234696,0.9086719260708624,0.43858112345593686,0.2656907202920213,-0.10047929020221502,1.1183313967165447,1.3425125126470663,1.4540248745505375,1.2028655462061784,1.2486608832059318,0.8554106370203021,1.0325036929364455,1.1014588049524021,0.8867751318438293,0.6938409504344814,0.9166448516936986,0.8422778838749824,0.903739530521551,1.1602451115784582,0.9894993212158124,1.3778713867485175,1.3085878060913827,0.9343771231908024,1.2965708671447917,1.3068456936682302,1.3698972232143825,1.4571677277136854,1.1935418857932156,1.202838676429519,1.2780721830614572,1.319220034172517,0.15696817475131794,1.263511547955369,1.448372607116257,0.6345325093799411,0.9484539908105459,0.8987850709421096,1.0337450635982437,1.0036871197268482,0.8986628739203049,0.9333280569166634,0.8141126320025955,1.1746430481886936,1.3054535794000826,1.2631419828618857,0.91045166180043,1.0953663056580734,1.108109468718888,1.4635613756571526,1.1985676671130403,1.2806741139408309,0.8790608563504599,0.9121021672920656,-0.08318929659136949,-0.37576104408128225,0.1279467573009369,0.9056829123562599,0.8627666957326121,0.6861010132195536,0.8307190619339834,0.8695412163166947,1.0219445958400966,0.9323341384929572,-0.45201049046424824,-0.6119781079622199,-0.5467809076453546,-0.5781647622773849,-0.3823816679001993,-0.5633067940515621,0.7404304896075263,0.9124375558246934,0.9049616054797718,0.8842682615759073,0.9370229151626168,0.8399580660984959,1.2768161414437564,0.8511680175909965,0.820301286946177,1.2045689219670639,1.172726658779309,0.8003827643198905,1.2910383054469041,0.3957488960557964,0.788356282832016,0.6720414549552376,1.1305165793464946,-0.5262272214183775,0.6635381979739624,0.522095771939967,0.7944740963808062,0.4702478171431952,0.7966504325610837,1.211494133499145,-0.16750374725252315,-0.7014157736709308,-0.34206949881652765,-0.8442751221012115,-0.7085263778767651,-0.6658042265701847,-1.593895500979337,0.9413556376031829,0.42069316518299893,0.6738635350616798,1.255588116675577,0.7154064279278227,0.7666822387252975,0.7335433395290024,0.7069484193759351,0.6349216677960736
-1.3116274081561916,-1.357992871050149,-1.6589451423383235,-1.7134781030055652,-1.0971632568734928,0.7655090610475709,-1.63462017394741,-1.6033393240799567,0.404285370755689,1.056366400917924,1.6795170360325493,1.8555865905203377,-1.448463853586212,-1.1936214302901746,-0.8637496762084961,-1.4647583676557,-1.0899467006792567,-1.452745113709348,-1.41094454870612,-1.3210922474593483,-1.0291363058828848,-1.5204448048633579,-1.6179583911739956,-1.7205963951719696,-1.72869102832126,-1.759481041278481,-1.5493679946209271,-1.1239666324498108,-1.192048558970432,-1.3509326392662875,-1.0723847641869098,-1.274879678624206,-0.8896027780730317,-0.7558527472239359,0.5335258354992101,-0.5025152927128255,-1.4366935660161673,-1.2058828181746386,1.2946602251678674,0.30367205025433874,-0.6985575030490766,-1.3416329229413417,-1.5743002361841236,-1.5229341167310784,-1.4026158271387352,-1.3948843464341203,-1.5804664053556616,-1.5694298959839181,1.2077800596795516,-0.8200584782919376,-0.9515949087746031,-0.786224883884269,-1.6986242808585335,-1.806903175412338,-1.2733725012403885,-1.1122570447844637,-1.032884226806879,-0.670445366615593,-1.3678743318917461,-1.141428551011247,1.6653968502124215,1.6776621678160377,1.5701294531727215,1.069263762425697,-1.7326229915958555,-1.6865662359684357,-1.6171876767430975,-1.633352293781371,-1.4758871782079486,-1.558545066776805,1.8983139430739624,1.7237781912828922,1.7330990277953475,1.742524274857533,-0.5832173745587101,1.680480100166229,-1.5052763701975933,-1.4771168749368158,-1.6473313219293064,-1.59688783965939,-1.6657057300061526,-1.6439132450084777,-1.345946744150413,-1.6606755575385936,-1.7479705398471004,-1.5558720223921998,-1.7318438970541083,-1.7651390804403118,-1.3952244296843288,0.6460917455945556,-1.9716176040095574,-1.598366289934723,-1.1675538897548412,1.439857150335027,-1.5979687705015628,-0.021790062181446686,-1.4236271635809872,0.4426971616580407,-1.6280337738934834,-1.6592868299886885,1.522638064602904,1.6790708164519577,1.563589929718801,1.7716763326545368,1.6083421295381575,1.6913402923265988,0.2338293988476395,-0.4827702292305184,-1.4440362968571299,-1.5825787828656874,-1.7505826894871972,-1.8388212191261506,-1.8144252511679162,-1.5726933778320344,-1.5433434041305987,-1.5682616939665182
-1.2689479357105125,-1.2865505757803972,-1.039825509941361,-0.9240463003168305,-1.5738692015870381,-0.3817857698970781,-1.1156064721074699,-1.0987536721871296,-0.7840658749366007,-0.3222946692336951,-0.31937758591396154,0.0777060233600599,-1.247943820203292,-1.4830475158295913,-1.511238938797476,-1.3021150797363734,-1.3570163304057479,-0.9940988888658966,-1.1738111137272795,-1.2322344678766384,-0.944752076111893,-0.8248875857854102,-1.016270113702051,-0.9148690986188072,-0.9700042090502109,-1.1899004269318862,-1.1014098175271214,-1.2945309526004674,-1.4494073370671985,-1.1005153535726109,-1.465734906393961,-1.440944379401391,-1.4866084792923187,-1.5135320917107637,-1.4222658068103013,-1.3945974914527215,-1.3039443465127174,-1.5024887730132024,-0.04781662237611901,-1.2344922739142994,-1.6126614078397847,-0.7734363117204194,-1.0544247929307757,-1.0244089694344996,-1.1637032119844004,-1.1377674483498523,-1.0084519982129192,-1.0458876615384631,-0.9659379559778183,-1.378653153231236,-1.4797107006625838,-1.4759851351073787,-0.9826516216274603,-1.0720127725352446,-1.2656193706713832,-1.4793766213013149,-1.3595641478661318,-1.472060277217714,-1.0463569159000834,-1.1117914089975478,0.11957739952672779,0.45936511731981255,-0.12094990861569381,-1.0317147691091748,-0.9326841875936627,-0.7733690554895528,-0.9293997751865828,-0.9619724410969419,-1.1318240083210722,-1.0336515387130343,0.4613575430554595,0.6844837485774641,0.6098498265441842,0.6500705947010529,0.15257063199461124,0.6459171425607069,-0.8634667268754084,-1.0473346846946223,-0.9792989148873735,-0.9876235935507319,-1.0084206603148445,-0.9324589462228469,-1.354442229910017,-0.9444855591921856,-0.8861928627261285,-1.2557130857451269,-1.2149106910183531,-0.868124908938306,-1.3384121994153824,-0.172873051984793,-0.7737832342967023,-0.7768649346094398,-1.2096263692899902,0.6921626808089466,-0.755464481775189,-0.7708851925771765,-0.9426726738330189,-0.26185033970053123,-0.8732324849954703,-1.2713149166239244,0.22971582082859504,0.8057317532200867,0.4310952483353186,0.9200772350324472,0.8213256414983962,0.7573097559795265,1.6153974706558405,-0.728741696078389,-0.4894967240286712,-0.787053390814586,-1.2400208975316112,-0.7489263996099497,-0.8131134448235549,-0.8613530084470392,-0.8395816188942425,-0.7585610477020416
1.1949986737476106,1.2424266801341697,1.4781442249390946,1.5213001308475151,1.0954869458933032,-0.5052990746860831,1.478858757442332,1.4469271148664835,-0.23444572190766483,-0.8139636566094643,-1.3772844014443975,-1.5424353033704723,1.3227382159656946,1.136431095943012,0.8403956611489993,1.3494147217796046,0.9705267790648147,1.28005941730275,1.2724513174038259,1.1834321081065726,0.8984680094815467,1.3326850984963028,1.4403279098765007,1.5239019154936817,1.5355469949378115,1.6120390264747744,1.3975021079585312,1.0684940316031748,1.122259970097179,1.2213508555710197,1.0295101829339943,1.2389626591550196,0.8459322269590871,0.7527676066832863,-0.3845428299435412,0.5185754313470514,1.4499120582990004,1.1791377619818941,-1.0749383241542676,-0.09149441896269957,0.7289619775764176,1.1482057517486353,1.3927695681835972,1.3467691904600463,1.2484468647314646,1.2393158983071775,1.3884247708532491,1.3907613167866693,-0.9984330977591218,0.756006669707222,0.8971039680760657,0.742007232888312,1.4983169159087033,1.6024582263259803,1.140892724825349,1.0765131546684377,0.9383749136940819,0.6382140691550036,1.216080508207968,1.0122141360117516,-1.3765807425963328,-1.4205903694786777,-1.3564009386825364,-0.8532770592659216,1.54424205568227,1.482323940314921,1.422575933936596,1.4417476987968894,1.312004234178281,1.3739432607041306,-1.6478154367070459,-1.495044444906,-1.4759855690346662,-1.5264340344201417,0.43274540505780745,-1.4611259281855304,1.2931455228246287,1.3096792209183932,1.4390129647755403,1.4177743611439817,1.467696212652933,1.4489656215287154,1.2491305656002416,1.479463271014192,1.539470439809831,1.3989970789429331,1.5936751115872958,1.5762267036093607,1.265018634727981,-0.4835586876109283,1.758026859168769,1.400074750546932,1.0629324945422045,-1.26150161739947,1.3611327616168627,0.026794725537292712,1.240531640130313,-0.33089912653845094,1.449424829254742,1.5560491311754159,-1.2901206275237593,-1.4969355427387951,-1.3460934745929025,-1.612550540174826,-1.4182893725907402,-1.4835789845846554,-0.4755051956861137,0.5410438087744494,1.0896453774328267,1.3780811738781216,1.598753661254228,1.620141381052039,1.6040535873623307,1.3885944824338774,1.3551637917959474,1.376294776350788
1.3893047183667697,1.3804423965533488,1.096482466785823,0.9730338541902286,1.5448426232924477,0.1779494932520264,1.1689080255421695,1.1585972791362011,0.6517998467253573,0.19924374958959662,0.3488256839027024,-0.0769386559801306,1.3343981125421958,1.5685586076229683,1.544001403544139,1.3601527268004086,1.4604720024953883,1.1057591625316219,1.2773397048944815,1.3377527033441727,1.012708956984294,0.9270486926607749,1.0863107553058802,0.9624896057460178,1.012225635881994,1.1840949235834566,1.1757776323720122,1.2042224327023943,1.54290599470068,1.2214276200632905,1.5760729608714763,1.5022840588987458,1.5734428809039744,1.5449559442569525,1.601899525047416,1.5324961199031442,1.242040057261642,1.6047986455945005,-0.046483290432142284,1.1602244028378066,1.7172216770343434,0.9011122802681045,1.1362122919771915,1.1218753983683252,1.2678535940741136,1.2455143299855285,1.0972378306897759,1.1312593736438743,1.1021119628147176,1.546756164633936,1.6101319071484863,1.6438620506491335,1.0358100826633503,1.0448967039775119,1.3927902441479116,1.4620156789580163,1.494602692062533,1.63011800065141,1.1765888986865276,1.2771591232428148,-0.16910144096369714,-0.536546718199088,0.13687296021605444,1.1346642894424463,0.9717039584260442,0.8341479703270726,1.0052239540300023,1.031039023760088,1.2187492494016383,1.1150094625292768,-0.45991676298870704,-0.742962016497774,-0.6730076661361561,-0.6968407100168525,0.052030978315137755,-0.70956382277975,0.9754147527673509,1.150072350911617,1.0442386392235183,1.0626978673105851,1.0648051344389164,1.001907662071535,1.3977366042617982,1.00550107272863,0.9321013441506039,1.2887349720228871,1.2151361649755388,0.9029572578043168,1.3694832981696485,-0.02979083043805372,0.7348891636789344,0.8563690228684271,1.2590573765950224,-0.819169479553031,0.8471743604725943,0.9882085417631644,1.0675940124036196,0.09020648695251306,0.9222542189177669,1.2719305415664808,-0.28743801324353374,-0.8690576196559033,-0.5020642086795021,-0.9452498210296246,-0.9032604451408266,-0.8227291027193372,-1.5339476428555563,0.5102120827969087,0.6321580367765938,0.8780098382495158,1.2024584346686613,0.7655498761289812,0.8352429562247602,0.9550819188430861,0.9411335038981147,0.8505143850439412
-1.0663854940018676,-1.1050057695193707,-1.2641727802821843,-1.2931435430142881,-1.0489407483562403,0.2631276611017875,-1.2907097003407477,-1.2564713589455092,0.08333592143700141,0.5686871691454874,1.024503130596713,1.185719123839255,-1.1754973182421342,-1.0589811866453802,-0.7946097168430828,-1.2048438313804233,-0.8344716147854268,-1.0872522641127471,-1.1137856434196882,-1.0250220344473207,-0.714355508496065,-1.1224035926136273,-1.2328078047379705,-1.290723562514573,-1.305680509099254,-1.4189472231267384,-1.217577094219055,-0.969626103615049,-1.0380307698113302,-1.0766119865244566,-0.9712069104724231,-1.1716272785466257,-0.7851570225350144,-0.7253835462640628,0.20844920641000667,-0.5124106260934147,-1.4328079953229114,-1.1413160893389591,0.8455093591938347,-0.10927168199460069,-0.7532235493310984,-0.9389540033870607,-1.1844562473588371,-1.1475965057123103,-1.0725167659856996,-1.0612109438183492,-1.17246673720618,-1.187234571662298,0.748724330147993,-0.6883296062819136,-0.8296541405550734,-0.6956044762012649,-1.26361710777915,-1.341971044332847,-0.9956019583325495,-1.00788006860879,-0.8358600165598552,-0.6087199746565086,-1.0493913712789533,-0.8765101143385141,1.053050829748705,1.1380969103586218,1.1033909974867457,0.5997480191916422,-1.3153291683620645,-1.2444899424579652,-1.197109099800379,-1.2179019158473454,-1.1212983754060037,-1.16025893710041,1.3538259579791942,1.2347648650559933,1.1862637106349585,1.277628291548814,-0.29889123262109796,1.2112415008090198,-1.0569699498856935,-1.117292932757992,-1.1973823329537348,-1.2098099454051952,-1.2357474712275762,-1.2230116876105308,-1.1170992204687156,-1.266168464791593,-1.2956447701293097,-1.2023726037922615,-1.4138100824217,-1.3517410497081659,-1.103822237836973,0.34464211239297404,-1.4815350740320172,-1.171959580181589,-0.9144646488754844,1.0756400504929569,-1.0946714210801525,-0.04507288878885543,-1.0382508619304078,0.23675409914956605,-1.2340872522584387,-1.4131056266852862,1.030793552821654,1.2888358302865937,1.1024330722132407,1.4193744581334582,1.203113080226752,1.2471872285229222,0.7113567062574497,-0.5572548649830341,-0.7067633171972392,-1.1470938249328233,-1.3905358057204642,-1.3604376926202968,-1.3513585096318221,-1.1827657157487925,-1.1457891559532274,-1.1604586196208222
-1.452010943093431,-1.423411923469097,-1.11313970074967,-0.9794945415997014,-1.4763371162583259,0.03428479139032817,-1.1691209697858371,-1.169245346308216,-0.5381048152812793,-0.09053845274764086,-0.36604438484089785,0.08250305734169824,-1.363584136429678,-1.592771875616953,-1.5592806677900395,-1.3658464628264795,-1.5604615753667432,-1.1763012427068267,-1.330043279151431,-1.4106554724915017,-1.1072255328990392,-0.983356234479336,-1.1125252771108793,-0.9706462384729407,-1.0158749463688126,-1.1286716385633233,-1.1972812177683174,-1.1167249583133478,-1.5781725851982211,-1.280156662923948,-1.6204408448644954,-1.4812629814247864,-1.6347176360154572,-1.5606958530145196,-1.7571361162793229,-1.635656854025237,-1.0527316337420556,-1.606681606875013,0.09702325769549372,-1.0572623429410182,-1.7573425806389236,-1.0016091265102576,-1.1818135225822686,-1.1776237752177616,-1.3371431203939539,-1.3185716242413037,-1.1514002377577617,-1.175735570330785,-1.2485826942690308,-1.6793362998138985,-1.6986173643617928,-1.769690063378535,-1.058109442946354,-1.016412480289114,-1.481238110354998,-1.416050350341702,-1.5980172391653191,-1.754361011356256,-1.2553919178608937,-1.3971356778572912,0.21639374224274674,0.588514370561484,-0.20067548974315058,-1.2356246932277568,-0.9678214419656236,-0.8525541702197904,-1.0455893511479724,-1.0643492557106133,-1.2736947325389156,-1.1659266036913851,0.42682823565667755,0.7683097430945404,0.7210467078761688,0.6977374151193135,-0.21217404548024038,0.7344404089517994,-1.066555896170338,-1.2110742227106264,-1.0895555226381115,-1.0945082098560153,-1.094139286679397,-1.034045255125477,-1.4036557195290076,-1.017889893741412,-0.942337924016184,-1.3032562123225087,-1.158290612890737,-0.8839093516182983,-1.3844226995522118,0.18354617062628292,-0.6640293042036534,-0.8948693205728756,-1.3028952492482082,0.8793165380931895,-0.9281343621430658,-1.17612265959483,-1.1578370709958827,0.027202012060212968,-0.9281680102917765,-1.1994196718410977,0.3156606684649971,0.8680475395937804,0.5316679144380319,0.8941862489313462,0.9344304573772922,0.8423155999162235,1.331395322747171,-0.29905568800912974,-0.8629865792365236,-0.9315405493875027,-1.1402256007056586,-0.7445771350968337,-0.8191562412665162,-0.9951920344999352,-0.9937007649382099,-0.8919864758149517
0.9724345002160216,0.995227023103241,1.0649070062962263,1.0712449835733946,1.0063400588997977,-0.06687939684657923,1.1118145488862046,1.0764374384838027,0.06691122653940687,-0.33229437169587656,-0.6419021615034041,-0.8222863064480798,1.0512590304059353,1.008765649280254,0.7893303976591962,1.077533044169883,0.7601674416897719,0.9227632011851072,0.981890768474915,0.9053496597759586,0.5651376825540029,0.9290514222189399,1.0408823537578098,1.0648078873603826,1.084616517839544,1.222425261652088,1.0517037816803412,0.8819130656292141,0.9868344944434484,0.9552016086924385,0.9421831911178653,1.1055457424969743,0.7704517774145364,0.7366256287802223,0.041958350639628626,0.5400167853834562,1.3662865425702266,1.118013986369746,-0.6092666074665617,0.3128409378875591,0.8144689880598841,0.761328668928025,1.001106439766825,0.9736055487650597,0.9314380260900813,0.9169288515212617,0.9843985602978735,1.0074974524760716,-0.419817831216572,0.6801375555953538,0.8104117046465249,0.7094399868593426,1.0462885030117681,1.091177173968619,0.8959619846435316,0.9585065941213804,0.7890619594603911,0.6452074000643958,0.9127250308241791,0.7862995532228593,-0.7310789644554104,-0.8667118486131796,-0.8013800321683554,-0.2766816130117713,1.087397487498513,1.0109208952914583,0.9888683361896553,1.0103412707394106,0.960268710531246,0.9721395840429131,-1.044765578816687,-0.9827258688719634,-0.9124068377219702,-1.02566886026734,0.18382678311084244,-0.966474581840124,0.8537396359306653,0.9480292956309014,0.9813264351662115,1.017658077255227,1.0243938343295873,1.0126836751355663,1.004314878427433,1.0600363258154986,1.0610141127957868,1.031142773335081,1.2293657401411657,1.1234586453279534,0.9760454933534148,-0.2274756324930273,1.180819363970951,0.9532701987281911,0.7937300589103448,-0.9044039301259972,0.8578746317450705,0.11691373214398985,0.8689749320635958,-0.14811868119672714,1.0207227001587054,1.2588615318043794,-0.766411832512419,-1.0799608421439917,-0.8562246571964013,-1.2110461102109074,-0.9979153156132987,-1.0170747170012784,-0.9179302093341417,0.5411741884825705,0.41249638020163,0.9328143892054385,1.181057734581287,1.096631920592935,1.0956256228950616,0.990168418796544,0.9532443815637395,0.9543986151838918
1.4592710066604753,1.4203604540959849,1.0793560788587855,0.9284625825640592,1.3908068345982902,-0.23440809815236593,1.106769098873789,1.1237795802731045,0.4774706341871664,0.02764651051336386,0.4119928380958108,-0.05565547275780729,1.3336928407983328,1.5681249190633124,1.5822723484734795,1.3197525206093101,1.6749323093760424,1.2011934156243191,1.3327943751646216,1.4584975760389094,1.2399191432381587,0.9819569610808622,1.0848654088529726,0.9238592023298642,0.9660413755323325,1.0087244219874483,1.1592708094040818,1.0455823571484246,1.5647982881990468,1.2751516401661782,1.615625535213653,1.385691778422456,1.6999742269599387,1.5900818548655502,1.9662353835704354,1.7611668515789334,0.7121025466119101,1.5115767606225206,-0.0680463145699571,0.9641772330076284,1.7610024360053989,1.0711072768088377,1.1856411510143376,1.1865404752940198,1.3751618527174312,1.361157481213337,1.1628367298866717,1.1726224878586846,1.4726609751072797,1.8050421881792456,1.771411808979234,1.8854598631337083,1.0372791834156478,0.9813945867204369,1.539466991847226,1.3580548873861102,1.6859554221945081,1.8749032719718302,1.2815891933627963,1.479955213751475,-0.23164582753329763,-0.5918930505829965,0.35678141207401964,1.392449983841898,0.9084676380331147,0.8109091635132227,1.0413630538390737,1.052834907585175,1.2973878388693112,1.1820461526033081,-0.3260161401457748,-0.7375636911504965,-0.7336063930524146,-0.6269949558079444,0.3158770116046102,-0.6962268378109739,1.1333076793682615,1.2337808218688382,1.106730152538888,1.073556627729882,1.0862276402973967,1.0171596734068087,1.382570751551391,0.9683028521141048,0.8997608155748383,1.3028120982954436,1.0328212341882794,0.7879948321406028,1.392983654199655,-0.26566404167410657,0.538879300037839,0.8788893066962601,1.3675228520098444,-0.8513381965714139,0.9871152941572227,1.3681489493965742,1.2108318749210598,-0.07198399931323785,0.8770595623461712,1.0454867279615263,-0.2822289941092791,-0.7783808051976203,-0.4948621045187286,-0.7398305472816348,-0.8973216533462828,-0.7949638079410934,-1.017608524551042,0.10148768780124354,1.1847239488149095,0.9342823201333161,1.0493124157409937,0.6573817841175191,0.7447087161519701,0.9676674193199749,0.9843847760995506,0.8668630664714585
-1.0740988763393096,-1.0762980486434914,-1.0130302406585059,-0.9707161778652889,-1.1201453777332915,-0.005205434566268351,-1.0667545738944675,-1.039518976048606,-0.25859939003616433,0.13149229035960877,0.23194212349705723,0.5014301292151857,-1.096211736524468,-1.1529271313834406,-1.0111203029249993,-1.1141947723925385,-0.9691129930400328,-0.9371266874648453,-1.032640225860253,-1.007595999854916,-0.6576618258893246,-0.8756820944491814,-0.9964202494375274,-0.9627434824484964,-0.9924683782124423,-1.1303382596385838,-1.0329936052337698,-0.9340433784626041,-1.134679403311493,-0.9990148734738269,-1.1150891652785,-1.174732075266018,-1.009349111484306,-0.9758525682030877,-0.6025229552824769,-0.8359691913441748,-1.2394933800735666,-1.2370476269876847,0.37923407842786916,-0.5883303261119155,-1.0913030614526678,-0.764640680149833,-0.9926284081852205,-0.9724570049620468,-0.9987361387902642,-0.9806221853982314,-0.9719829277102761,-0.9960894743150615,-0.16048441393550655,-0.9545367207447697,-1.0504458500805132,-1.0097476505962586,-0.9810020085400101,-0.997270061621918,-1.0292475503873053,-1.078520022666316,-1.002409939016458,-0.9692252716345418,-0.9592102090719976,-0.9230723161461208,0.48106758364491725,0.6998877309473985,0.4081470140734733,-0.2610429702974573,-0.9753675112741658,-0.8860365792973088,-0.9346388929331587,-0.9559012913659585,-0.9952477147871491,-0.9648497008344947,0.7695906119325199,0.8387510240564874,0.7706731601719625,0.8475179536943431,-0.1385799927236369,0.8178962748495752,-0.8465476856181022,-0.9615818486391937,-0.9438391603136781,-0.9733742821570984,-0.976699820821231,-0.9483672385483658,-1.0766573259943382,-0.9766564919824644,-0.9510731607424967,-1.057026815013175,-1.1465215485143554,-0.9774040917591149,-1.058609296147116,0.16509491988699856,-0.9346063953706103,-0.8596304131085315,-0.9008733275868315,0.8349124398727956,-0.8018846166887433,-0.42020621037361905,-0.8924718258450155,0.06992691616258538,-0.9185645077752771,-1.1890345063920176,0.5454850772961125,0.9480713469086137,0.6756942409213631,1.0473089550260613,0.9085015254851884,0.8902037823413441,1.091381661115053,-0.48418134357148074,-0.4647927841749897,-0.859305921985647,-1.1034557563644631,-0.9101757754590561,-0.9333657159208558,-0.9240299061216196,-0.8974598490475717,-0.8637021852389258
-1.433649939608438,-1.3928667798911414,-1.0001820000517336,-0.8203175983428979,-1.3144295222381086,0.41909334435063395,-0.9890127097797152,-1.0304715514335523,-0.4884448334950414,-0.026018011649002734,-0.5232378128053151,-0.03224839681297111,-1.261145006160158,-1.5215280698063989,-1.6435139626226507,-1.23784660194402,-1.8331242714008504,-1.194058165939036,-1.3046632502676205,-1.5041894726853102,-1.4228803523384295,-0.929277386666634,-1.0098003870449506,-0.8217583902528219,-0.8630002014735599,-0.8231550781898541,-1.072926815594408,-1.0011597206481813,-1.530043750191774,-1.225427841554171,-1.594636573515507,-1.2385428115126424,-1.8081973033857446,-1.6666365841950554,-2.3082358344932703,-1.9693006852928572,-0.221654789995309,-1.3466808966621262,-0.05676712782866948,-0.9149052981530948,-1.7725868023960054,-1.124633344412944,-1.1582712093412448,-1.161004576055652,-1.4015886900469567,-1.3931893033152587,-1.1405757750902488,-1.1324266312080553,-1.838669484128435,-1.9670540340755414,-1.8682372804516052,-2.036847675960193,-0.9755969142057416,-0.9384650738390529,-1.593301729777788,-1.3098736756660343,-1.790844744896357,-2.0367476940831297,-1.273477439106583,-1.5531906483060844,0.1964080756534415,0.5404275022410352,-0.6370342294712535,-1.6610135407645514,-0.7949168002291145,-0.7074132822866739,-0.9989484627859528,-1.0027425116048283,-1.3055539585990086,-1.1741132361203352,0.13602413888859813,0.6450760820996247,0.7054569827169386,0.4763175147813253,-0.37002879793167787,0.5881494638507758,-1.1873753395735573,-1.2372263708557303,-1.1012513691968213,-1.0074633919594074,-1.0457435068978174,-0.9557492752596719,-1.3557539934016951,-0.860378222804049,-0.8030173383763373,-1.299719973328848,-0.8424795937431783,-0.6103440557291353,-1.4135581697613973,0.2768657547861937,-0.3443694785281097,-0.8114518565325953,-1.4754262772325286,0.7384287150830764,-1.0271311711523141,-1.610350071772901,-1.2412160684815996,0.04121382611596751,-0.770763946734232,-0.8158195635862991,0.1725847195363005,0.5956734152365705,0.38547674071597704,0.4752884927211666,0.7934963730736816,0.6775866639066371,0.6175943437298597,0.09014188570089728,-1.60197066776903,-0.8896760144298236,-0.9332912449431384,-0.49173749710502734,-0.6052848480496454,-0.8781745268988477,-0.9192874589360758,-0.7776460546003693
2.0291609172048997,1.9946169349890743,1.558245364830945,1.347450221277333,1.9869813198681674,-0.33943997866373027,1.5791317317818299,1.6022495822310303,0.7215268785116482,0.025816392209564516,0.4452211130398537,-0.21156599216061545,1.8718893137335408,2.1796627224000127,2.257474975755288,1.8662365552427285,2.3967395111775867,1.6986823532547248,1.8732958257499759,2.0673434797285775,1.7692641341914237,1.3889599732630333,1.5539590009832194,1.3442788918405737,1.4067862579098693,1.4597174243697064,1.638144845550868,1.5928375987855006,2.1774032859728343,1.7645433210917791,2.224311510372938,1.8956623730825597,2.403793659200934,2.2603861303443655,2.695833608440703,2.445315195264913,0.925037484546649,2.039104636932293,-0.08778901513131816,1.3241014954779913,2.407055100467312,1.5206501359294942,1.7050105022670843,1.6905950663054343,1.9554031466801636,1.9336494973566187,1.6733201512771196,1.6793028846069264,1.9835966267164267,2.504991498852009,2.469236156067966,2.6133053541753073,1.5161210739833604,1.5169755194020478,2.169529453915946,1.96656660951007,2.3591434412285017,2.596280272258825,1.7890916428385581,2.049603944911037,-0.41839512487673103,-0.8956318571630827,0.4678093919607395,1.8692969505402828,1.3260999361964643,1.176665563435825,1.5043836782284707,1.5227917785900074,1.8574397419980353,1.7035845412069,-0.536340467682691,-1.0857587327945648,-1.1087079733559428,-0.9198631346152554,0.3657878479384412,-1.011896455511474,1.639082022159225,1.7616586534315943,1.6204321120635852,1.536102981775866,1.5844815048625192,1.4694985509242593,1.9732651529797396,1.3887257149017633,1.3200886738512339,1.9081893473851168,1.4905647284406138,1.1365505520289043,2.03816734737362,-0.28648973199846145,0.8565773272713604,1.2632286588651924,2.0031093058411464,-1.163133344949549,1.4511596100763102,1.8139598967931296,1.7182087353855933,-0.00020257834915554773,1.263703171934713,1.4930777772356119,-0.42494979998546006,-1.09851730827112,-0.7174242425631725,-1.040468733121318,-1.2735250525340764,-1.148460775519836,-1.2936587342098356,0.26963845886497906,1.8439645401562605,1.3422681129118357,1.5736849076456554,0.9786982875737561,1.1115288825540737,1.368511971390146,1.3930912342257071,1.2281415332876917
-0.7217707000132537,-0.7117756956430411,-0.5612701322995709,-0.48737312635239427,-0.7269363471422626,0.08366585753910064,-0.5722589317093111,-0.5773021978923799,-0.27980648113766954,-0.027331202579440654,-0.15508219251371416,0.07987871622233654,-0.671927945266717,-0.7819321051497939,-0.8102561526365182,-0.6733327443705125,-0.843906636365106,-0.6001860535617074,-0.6665743411710274,-0.7312268804043212,-0.6071547264233763,-0.491776508527148,-0.5577037519438521,-0.48575322349150024,-0.509364887427859,-0.5399154266340526,-0.5880946583492718,-0.5930599504587093,-0.7799088983452496,-0.626207480285424,-0.7926135378607256,-0.6864018486158668,-0.8525873267461007,-0.8093911667993383,-0.9352422475096497,-0.8503051811546002,-0.37629725206329595,-0.7378067063716464,0.026032520200100794,-0.4946039521813831,-0.8581213092611549,-0.5281490658878069,-0.6083100975181015,-0.6009041607930866,-0.6923947906033266,-0.6832305140137209,-0.5959247166631552,-0.5996640851976843,-0.6800502712401186,-0.8746518212398583,-0.8711228807804852,-0.9159059166917272,-0.5453493631439931,-0.5543054611402678,-0.7664995594093217,-0.7197052207428242,-0.830100088929825,-0.9101942813942349,-0.6311725545993951,-0.7154014347583453,0.14406792360372334,0.31686358271913745,-0.15249982998693426,-0.6505983399896271,-0.48096250826532505,-0.4233249113202487,-0.5363173578112073,-0.5443892480395011,-0.659813662804887,-0.6056406959229773,0.2047590798655647,0.3898707555271078,0.3930612803004946,0.3356176509916193,-0.10104866758325536,0.36317425105562484,-0.5738974016369758,-0.6237951829185981,-0.5771080745545438,-0.5497497928091775,-0.5677476205965446,-0.5258853123197871,-0.7093614344127874,-0.5009127571884276,-0.47727552663581085,-0.6862230541752377,-0.5518406317402933,-0.4174448710963599,-0.7340670015168829,0.07640434932416877,-0.32489677663876976,-0.449563561574542,-0.7109689850515017,0.41254319973806697,-0.5084733998630987,-0.6092085116186027,-0.6030353950362471,-0.021189869208665276,-0.45573274628956933,-0.5572807912759951,0.14968096870814257,0.401639949043458,0.2550840331810306,0.39057139488651527,0.4563488064203615,0.4142150970246698,0.5100550134439946,-0.14202532205033286,-0.6175655989513987,-0.47571650880675787,-0.5807102854173349,-0.3607695061643156,-0.4074261485144453,-0.4889681541250424,-0.4949527111138631,-0.43756034012399153
