Precentral_L,Precentral_R,Frontal_Sup_L,Frontal_Sup_R,Frontal_Sup_Orb_L,Frontal_Sup_Orb_R,Frontal_Mid_L,Frontal_Mid_R,Frontal_Mid_Orb_L,Frontal_Mid_Orb_R,Frontal_Inf_Oper_L,Frontal_Inf_Oper_R,Frontal_Inf_Tri_L,Frontal_Inf_Tri_R,Frontal_Inf_Orb_L,Frontal_Inf_Orb_R,Rolandic_Oper_L,Rolandic_Oper_R,Supp_Motor_Area_L,Supp_Motor_Area_R,Olfactory_L,Olfactory_R,Frontal_Sup_Medial_L,Frontal_Sup_Medial_R,Frontal_Med_Orb_L,Frontal_Med_Orb_R,Rectus_L,Rectus_R,Insula_L,Insula_R,Cingulum_Ant_L,Cingulum_Ant_R,Cingulum_Mid_L,Cingulum_Mid_R,Cingulum_Post_L,Cingulum_Post_R,Hippocampus_L,Hippocampus_R,ParaHippocampal_L,ParaHippocampal_R,Amygdala_L,Amygdala_R,Calcarine_L,Calcarine_R,Cuneus_L,Cuneus_R,Lingual_L,Lingual_R,Occipital_Sup_L,Occipital_Sup_R,Occipital_Mid_L,Occipital_Mid_R,Occipital_Inf_L,Occipital_Inf_R,Fusiform_L,Fusiform_R,Postcentral_L,Postcentral_R,Parietal_Sup_L,Parietal_Sup_R,Parietal_Inf_L,Parietal_Inf_R,SupraMarginal_L,SupraMarginal_R,Angular_L,Angular_R,Precuneus_L,Precuneus_R,Paracentral_Lobule_L,Paracentral_Lobule_R,Caudate_L,Caudate_R,Putamen_L,Putamen_R,Pallidum_L,Pallidum_R,Thalamus_L,Thalamus_R,Heschl_L,Heschl_R,Temporal_Sup_L,Temporal_Sup_R,Temporal_Pole_Sup_L,Temporal_Pole_Sup_R,Temporal_Mid_L,Temporal_Mid_R,Temporal_Pole_Mid_L,Temporal_Pole_Mid_R,Temporal_Inf_L,Temporal_Inf_R,Cerebelum_Crus1_L,Cerebelum_Crus1_R,Cerebelum_Crus2_L,Cerebelum_Crus2_R,Cerebelum_3_L,Cerebelum_3_R,Cerebelum_4_5_L,Cerebelum_4_5_R,Cerebelum_6_L,Cerebelum_6_R,Cerebelum_7b_L,Cerebelum_7b_R,Cerebelum_8_L,Cerebelum_8_R,Cerebelum_9_L,Cerebelum_9_R,Cerebelum_10_L,Cerebelum_10_R,Vermis_1_2,Vermis_3,Vermis_4_5,Vermis_6,Vermis_7,Vermis_8,Vermis_9,Vermis_10
-0.5192598599606222,-0.6222296093948808,0.05233392302282906,-0.39951102649657166,-0.16248182118798138,-0.1050182183517087,-0.15991820127450798,-0.27786796440333195,0.027307266030474807,-0.16211576589725002,-0.17605104743646058,-0.31131897420495724,0.0902424378753292,-0.023070798857754413,0.06493845703694673,-0.1813175217716953,-0.48097961063638434,-0.2988277600837733,-0.5176752750235698,-0.511938997955619,0.2547614624715494,-0.03451339403948794,-0.04699275247985557,-0.6106983932915783,-0.2756254284559054,-0.590728971139103,-0.3049752469262303,-0.4836299360209923,-0.6098532363472318,-0.32995281883951105,-0.21472029390983335,-0.1904497343669864,-0.2954483447945177,-0.38928817268805643,0.13103263209863023,0.053478750829616645,0.3505202846121462,0.15332013183317242,0.42728947603215817,0.16571787618293124,-0.2525397409484001,0.08588654624284842,-0.25091614079541696,-0.16669739734266042,-0.012538312291812063,0.024716092906978418,-0.17194943314677136,-0.062174021124431725,-0.15521697313288327,-0.03882393631496507,-0.13503616033081992,-0.023393513224339395,-0.07533023918472166,-0.06321308998460254,0.1883888380718285,0.1738479275829083,-0.5765831708857131,-0.560293883965159,-0.2075507589595038,0.007357494829334475,-0.4705671979713398,-0.42976893964317237,-0.37894209555768915,-0.3748482306079065,0.037427575105484494,0.026180298462381943,0.07491780343809386,0.190937963238299,-0.46568564477476954,-0.2984926143408191,0.22585109681777005,0.32811427826201534,-0.0803352153700843,-0.15833157619593108,0.06935688572676095,-0.15718853543830713,-0.12882266121002495,-0.20954710052269016,-0.3055640888051477,0.09856412857377105,-0.19441176621669068,0.01978289918632568,0.032069699941366124,0.04758958391720061,0.2995505462458467,-0.06658254605744975,0.06118504249436703,0.05431544057355573,0.12167646883533405,-0.0686605444234432,0.20836296549591196,0.23475661522774188,0.04593413560813325,0.5109097115792125,0.12386175219902193,0.2778516697856446,0.19214810358955095,0.22185153515222555,-0.09250851289281121,0.4228615706366904,0.32202041411975746,0.0891829622633737,0.35431887822078717,0.47951680886124787,0.6252540971816415,0.5713750247782791,0.6381892242268306,0.22026224591458884,-0.28568761750249294,0.31286957649641417,0.3974339742523851,0.4445058019032834,0.44713421987638874,0.34297884183648897,0.12035256780812364,0.17075550669623993
-0.6434300922747814,-0.6280992447783713,-0.07199416247727976,-0.46799304284412746,-0.5007456136195125,-0.13231340656380583,-0.3316220208620639,-0.4384749742078679,-0.21001747272644503,-0.23785897173818474,-0.25226054714722396,-0.47195842791787684,-0.08609924127011927,-0.03012886277884566,-0.20212103935720502,-0.065179936749446,-0.5105190069510008,-0.37800255936098914,-0.34496602361786227,-0.35268942424523403,0.017713624448426054,-0.25065966873212103,0.03333522312874491,-0.37566869016864995,-0.27166217353188393,-0.45668758499029,-0.6307954554223943,-0.5503291009959094,-0.5383746954656602,-0.3326137679082591,-0.1540291945026628,-0.07188090136013618,-0.2866504423432586,-0.2616899013435862,0.13371037362908494,0.2513392162347868,-0.18317931939385307,-0.2919341884071502,0.11186372254922884,-0.14268839883950749,-0.8698356149230617,-0.5778458598827003,-0.3592148949990005,-0.3498315973644461,-0.1684837601670686,-0.24225349773948887,-0.3033969541711464,-0.30191611138344815,-0.3833951425096621,-0.433114271041714,-0.508674852768188,-0.6246429280147591,-0.3732389317545333,-0.4972913298000992,-0.36516410246701064,-0.44583439555877075,-0.6511599421794384,-0.5706619844587711,-0.5264098990371846,-0.4358141584605084,-0.6574589541315282,-0.6249176563600146,-0.36529886879751544,-0.3779999963182371,-0.23700660739126406,-0.3154646969053352,-0.2914162662021939,-0.19405910485230807,-0.4910027850083132,-0.3391610626689781,0.1465850613986229,0.2540896942856708,-0.24341296846239566,-0.12217184702497037,-0.03481000744553595,-0.01331824950326088,-0.06798091964184175,0.025297788051521768,-0.2905662743282988,-0.04440223388570001,-0.193908562702982,-0.17463656999769406,-0.31232893140748735,-0.17850890715198067,-0.0471999867605589,-0.5374372755356126,-0.0626529499960338,-0.1692499881516165,-0.41180314125097905,-0.46107303813159106,-0.17691442656179596,-0.1394839158652895,-0.296121108483426,0.22077917494593474,-0.1572544594165806,0.27427255440847126,0.29446482519211375,-0.020421734019907416,-0.3291125879262249,-0.0735438630170767,-0.22752827001061535,-0.10457602241437702,-0.09161766363815192,-0.1415009885018219,0.43356720449604425,0.6705173241792649,0.3970247410101117,0.04411203227072268,0.025884237962808886,0.3531279025812336,0.6175230770789987,0.38823353138511024,0.5434275674161462,0.10367294296362878,-0.06125736913553434,-0.06922029672319872
-0.676872661052788,-0.5780129711505144,-0.1545855275168954,-0.4653631688356005,-0.691146046520377,-0.12966841628876183,-0.42583398968066366,-0.508374204775507,-0.3553929934599557,-0.25469798899588497,-0.29071007710424207,-0.549804515393938,-0.2126842437799412,-0.03490903074778371,-0.3830151445574442,0.026086135059480355,-0.49095884496089276,-0.40460435388086874,-0.19078869435172968,-0.2054573541714879,-0.1668761346244795,-0.3766578340047074,0.09418431765354553,-0.16649411597846023,-0.23931461672601043,-0.30930971311807204,-0.8131128168386779,-0.5579304011779292,-0.43890479509441593,-0.3036582703320953,-0.09272620572012884,0.02757941568959015,-0.2539232176460972,-0.1424428989413029,0.11896570252366573,0.38153818054949107,-0.5506477920223007,-0.5773167119613533,-0.12738379834523883,-0.33482801875186224,-1.2448585472153217,-1.0101790261723358,-0.4027678351293386,-0.4468823580898785,-0.2637470590332376,-0.41220640405772285,-0.3649372451076512,-0.4402834144037735,-0.512726872220573,-0.6780630840984172,-0.7297440486308614,-1.0046786880063652,-0.5506057934792726,-0.764213137288364,-0.7284747636891536,-0.8456533808856579,-0.6453191345821825,-0.5263145293235895,-0.713724010493791,-0.718623597010383,-0.7361554913817819,-0.7019121650597959,-0.3261316246809874,-0.35076834175101657,-0.41384677547230914,-0.5281681198162254,-0.5251360153729357,-0.44901721613791007,-0.46426536169352994,-0.33696892916457444,0.06101278783386584,0.16417387203056583,-0.348025151533932,-0.07770515378525654,-0.12251261780997053,0.0911055463048674,-0.019242133811584045,0.18810578184915636,-0.26131953520575646,-0.1599948936599671,-0.1859857707206333,-0.31974413659666845,-0.5474269636090626,-0.33957891966473147,-0.29710472733434795,-0.8359977893399295,-0.14771805705258198,-0.3079996822301767,-0.7618047735983483,-0.7016555883399219,-0.4456038256540057,-0.3967494234191076,-0.5273634505968859,-0.00784676931719234,-0.35148785940772387,0.24970678001508978,0.3430247369956787,-0.19430052088885696,-0.4820655311394745,-0.4265950232088062,-0.607441047599043,-0.23488317144286924,-0.42157519647502956,-0.5808612321146378,0.2378760340358183,0.6787574172806108,0.18888196513107533,-0.0924219322800873,0.25583842015694264,0.34643659462995785,0.723087596997929,0.31488830335943263,0.5691496088990884,-0.08400236151595335,-0.1975306165371935,-0.23886242748041955
-0.5709502889596976,-0.4462671605595113,-0.16699246130107165,-0.3483565615994685,-0.6305000858651506,-0.07680254845145343,-0.3908684704293248,-0.4278334539572145,-0.34159605600818527,-0.1703451908336129,-0.2721648930389054,-0.4965000226779569,-0.25297255758788867,-0.03855094728344422,-0.4163904836169859,0.07146444161465332,-0.402829187199747,-0.3537833055496357,-0.07931837964739956,-0.09086674645571584,-0.26237479085374105,-0.34895364596681455,0.12295258716769494,-0.011156891633595597,-0.16640335838569925,-0.15112225736447948,-0.7566968226376183,-0.47828549274337856,-0.3043413605830449,-0.23056045929731037,-0.03531146230142953,0.09068532430038541,-0.19006408465817967,-0.04662957098028972,0.06932734771038068,0.39421010586126976,-0.6397369581280319,-0.5970471385518479,-0.2402062057832496,-0.3321129499164143,-1.2213400147523998,-1.0566466961440937,-0.346405119792101,-0.4058405984835003,-0.26359196562115134,-0.4237113886739669,-0.31535218788230196,-0.41124227983363354,-0.48197163131440546,-0.6750621887254645,-0.7002625570406521,-1.0144204474221878,-0.5298627675167665,-0.7516814271867858,-0.77172264668415,-0.8715725130249341,-0.5186111511109238,-0.4031374070053262,-0.6868323219123807,-0.7341899446108037,-0.6445151067727524,-0.5835141941756644,-0.25470341397253016,-0.28208790319806176,-0.42408457008670797,-0.5206692752041803,-0.5378860421576437,-0.48434786518390754,-0.3608621075396933,-0.2718383807067678,-0.030093015186390373,0.052863550388871645,-0.3592963936508046,-0.02531792277247953,-0.1922177397802585,0.12612363269658444,0.0053686404710903005,0.2224051763946072,-0.22045604988487466,-0.23600846590785218,-0.17604216523777197,-0.3900246546404359,-0.6019579670060916,-0.3969578038113188,-0.38315898411684085,-0.847932007900665,-0.1735766471587994,-0.30900932769274864,-0.8019247813586688,-0.6881566730017016,-0.5139493696203252,-0.45140651897402945,-0.5727372429625017,-0.1219347974480804,-0.3984633861038731,0.19102586478466188,0.3004963187466981,-0.25268044711648585,-0.4969570131384957,-0.5309426520529932,-0.6972543971868048,-0.259004161252583,-0.5555251658059386,-0.707178523585275,0.03710802090086935,0.5396619770345253,0.04881285987446758,-0.16286927929317047,0.3417925680385416,0.2609513417824104,0.6374029624233388,0.22186472701811857,0.48698843068831377,-0.18568339753484026,-0.2637026302375379,-0.29027156812498395
-0.33366836658877014,-0.24389913931187174,-0.10854348563504855,-0.11704445954966024,-0.29763452787215,0.028608395459893625,-0.22280406730846064,-0.19104341104672717,-0.15350137129044827,0.027124383763346072,-0.2028244240119018,-0.3156270483932432,-0.2023621790486828,-0.05280160753982857,-0.2943947973944154,0.051335187053603244,-0.26100623265816114,-0.23750148130338086,-0.03502263534369943,-0.03210778539460449,-0.2615525968356165,-0.15012036254241062,0.10967572894834825,0.06263662891046622,-0.05831386697319762,0.0009566113595957936,-0.4458043683898865,-0.32446538238322153,-0.15008600503236613,-0.1244629995657195,0.009299556310235104,0.10583094860072384,-0.10713429723909466,0.00853626392722999,-0.02773803730430897,0.274566741979174,-0.42579604386778314,-0.32610213382736036,-0.22301282062370026,-0.11382205561439943,-0.7812547642459966,-0.6871811048561329,-0.19266851649644365,-0.2239251903661216,-0.16752848174645327,-0.2697354863439785,-0.15304502399199224,-0.2040343719293737,-0.28713431014364066,-0.40904363545664324,-0.40545396039682285,-0.6226887005325412,-0.2964766763657995,-0.43226906599089715,-0.4664746557473664,-0.48197000413063096,-0.2802063680309737,-0.21398812322809374,-0.43906173662734266,-0.461552288641647,-0.39012162239561793,-0.26010139314034053,-0.1636374155100238,-0.18543429002164158,-0.25089304761778203,-0.264044037746955,-0.3084697413802582,-0.2742325004329346,-0.1886605170103395,-0.15046853084705586,-0.12120868451484505,-0.07890495465330005,-0.2717230153535709,0.027405233642445948,-0.25316857946954746,0.07936663423286718,-0.0033885087250690037,0.1009719076742548,-0.18757996681145994,-0.28560755233562884,-0.18110153572452234,-0.39597069817622016,-0.4682812399987886,-0.3543595084060368,-0.28786506781499643,-0.5525818689965117,-0.14467948329862518,-0.1632574157066118,-0.5039858835031812,-0.3996678422645775,-0.36452342323094,-0.28080234480796484,-0.4235641885452078,-0.1024585777217725,-0.28169992618103185,0.09362845990951812,0.15471386498328646,-0.1864768349610617,-0.37403892908543257,-0.3627336918610046,-0.4686507615964722,-0.16866078943998805,-0.48077685785721025,-0.4808054815129949,-0.1661479472271635,0.24249052617699665,-0.004339015228581129,-0.17483849170348825,0.26178324248634216,0.08233018399385703,0.34150528284091547,0.1134276197313818,0.2935937210051851,-0.1985379556158349,-0.2677011815066004,-0.21289922214386328
-0.028484477118618217,-0.01659681686014853,-0.007916000383667257,0.18529566085043178,0.23972449825291772,0.17231011443867966,0.03122317605786839,0.15256884466524276,0.166476662384897,0.3165055108443561,-0.11228186706390128,-0.059717451966778225,-0.08997266971730541,-0.09414622725978418,-0.06590686101458051,-0.04527733438864606,-0.11133849550944244,-0.10114387369144057,-0.07626807390486863,-0.04824579628437413,-0.1872505979146291,0.1867263436830001,0.050088715112203905,0.035106586697723194,0.062329170766084595,0.11924229747831681,0.04898908634060574,-0.14837996264869796,-0.009991639512844467,-0.015849120606099117,0.03167823712813775,0.07223915973220431,-0.032825854323161804,0.009379807908713112,-0.17527243203148335,0.050150921197806134,0.022902943532457982,0.17483452645027564,-0.11892836642130944,0.2798601892094061,-0.05044210237750214,-0.004367805311505984,0.018847150107582356,0.051334443644941684,-0.00898419979586891,0.0005480893469709085,0.08354257274349865,0.13367726722350645,0.017031902440221673,0.04684208124823316,0.08161960805546643,0.07393094786391144,0.09692135588618997,0.12823849725606049,0.10614413087102045,0.24056092908598,0.0126305124305278,-0.006038689591697824,-0.04287293964468533,0.028614264954489807,-0.04898703368331775,0.20739205154792503,-0.08180036544159307,-0.09474341416791453,0.0641840563491273,0.20032407956327009,0.11160333689541634,0.13754876089906098,0.0126995224759077,-0.005178502094898599,-0.20510105640397538,-0.22315760791932118,-0.11112548332158328,0.06910865560722271,-0.32239942473042826,-0.0407328688139859,-0.05045320048714065,-0.16683267971119708,-0.19350910517107167,-0.3422337948786677,-0.22476944078338898,-0.380501979176117,-0.20398674342150167,-0.2565017240047982,-0.04810727909386793,-0.0291938043907725,-0.08639594036448886,0.09417304865953506,0.05371298127584202,0.09786270065594506,-0.05207158688671513,0.06783566890413038,-0.14069392985539456,0.029737904923422015,-0.03375840927523445,-0.03661658716087316,-0.07658717741567016,-0.027223762915321408,-0.1696734940877732,0.012917934999741558,0.006207320880367873,0.00713660626885641,-0.256507191062338,0.033941720870713586,-0.36552993453733285,-0.17311681361243192,0.026984759354471737,-0.1668281259041558,0.03995100612470732,-0.18133906950700043,-0.11799505824619316,0.0008225478201201864,0.022188635272439878,-0.15177153168344254,-0.2481242173674762,-0.036182721114409865
0.24783464414636752,0.1714189435950096,0.08574876293398014,0.48810824108835243,0.8464005024783929,0.33093996650628027,0.2872438217242142,0.5162220329354776,0.5310337184395327,0.6502361498712519,-0.041758936190071615,0.19155260887916709,0.03117917043152823,-0.1726976041171541,0.1801709240608372,-0.2112861630385618,-0.013806844920423273,-0.005793144631518476,-0.20642059226517565,-0.14446056300873658,-0.08303723555573782,0.5883011747258421,-0.05086347716560358,-0.09534339314289869,0.16200551394149804,0.17503882115828376,0.5909078949662101,-0.02258762767440104,0.07695759839666336,0.05924409299499432,0.027767714082995474,0.0038504361334448832,0.001181032970350265,-0.04650120839852802,-0.3634017078298897,-0.21376167028599719,0.5689328351896517,0.781039593894726,-0.00044686336917216976,0.763542395490905,0.7441322218991271,0.7904052108991649,0.2255531710276252,0.33831930994655807,0.15692074110036325,0.2988125987171412,0.32945583795308164,0.5115750543550133,0.3356179186461499,0.55538354662873,0.623695218124125,0.8809464321535588,0.5472965189217358,0.7901363666029773,0.7815284803154764,1.1144014738753678,0.27429290734798345,0.1558894224457775,0.37350160754102335,0.5968081748062154,0.26140294292503624,0.7074966180097906,-0.043255641607981704,-0.050086400402732045,0.43229287588878895,0.7721365014654136,0.6141456621537111,0.6517098554035295,0.18464541061785114,0.11720423035440593,-0.27754445951577983,-0.3659204694674579,0.07271728399784769,0.09137695833046336,-0.41761791781092267,-0.20652488419873014,-0.1352807393637032,-0.5355214938918784,-0.2668592474369052,-0.443479450702563,-0.32673255572338616,-0.40107610794860327,0.08946639235023306,-0.17189521128983834,0.25622896700398873,0.5687744603446635,-0.03140732499357363,0.39736472927037825,0.711242554307953,0.6731233211236035,0.31359922510164906,0.4915647399404742,0.1659369891546273,0.21972350795691792,0.272647039273131,-0.18345153535378578,-0.3488706358094543,0.1633927749525263,0.0226572916847274,0.46302728961502343,0.5775712428195754,0.2104149031863698,0.0053932359837047346,0.6861615256464881,-0.5525765200790198,-0.62677870201639,0.1186693065589911,-0.18975485203587328,-0.2600689058734488,-0.4983116821253742,-0.639978522756596,-0.10007198354728769,-0.26592292185400435,-0.09569247456392978,-0.2592129038368028,0.17994507608234855
0.39940212843365747,0.2610618430503339,0.11946399212181366,0.718597703472282,1.3617070456218134,0.48131132586855546,0.4516965739720218,0.8053011555732473,0.8344568375661016,0.9676144704780298,-0.0277640553313046,0.3617049882811675,0.10193962026162251,-0.2821386825408375,0.34569529909248686,-0.41522185233890263,-0.0191566518886564,-0.003815347042872652,-0.40669113939142276,-0.3040493880228812,0.0020101951397120945,0.9623204952053291,-0.1769461564187952,-0.3042516212778189,0.20636223994972716,0.15040494096028184,1.0172989731701707,-0.013449739746746053,0.08320158873810178,0.07577575341894871,0.0031041383968336985,-0.07125483367914356,-0.026347375685311168,-0.14471167716992028,-0.5692107511492264,-0.43074294240292926,1.0490322212649505,1.343016465961596,0.05824119848648744,1.2338687570776672,1.348491303591768,1.4599786531661818,0.36349066990550283,0.548384433014247,0.2723981978379985,0.5267524854943939,0.5151895415534019,0.8252055606087609,0.5649059613873076,0.9590374947705471,1.0621582570398593,1.5648012433296108,0.9324351993463088,1.3798690414486112,1.3623091726091594,1.9121168314383956,0.4207854395919638,0.2129858220081892,0.6669278239089438,1.076962816523679,0.4233236390276694,1.1126860024374503,-0.07294251089795321,-0.07950818098003903,0.7422101489068307,1.3189897156201327,1.0657737490315038,1.1417006813352837,0.2699613419486005,0.1721009518660539,-0.3402084392406821,-0.4893049718080349,0.22019840526117884,0.09524012059158063,-0.5489985711929862,-0.3769325229232954,-0.2513137591036779,-0.9322378235411654,-0.4191796975747229,-0.6112727541184474,-0.49171266774288064,-0.5051918514949637,0.30274490369986745,-0.16697003626690668,0.5261598935988034,1.0616422179638807,-0.0031602529909832713,0.6693068365051112,1.2758310613077146,1.1692311531972779,0.601636549256062,0.861888872055135,0.373499533537502,0.39454786190811686,0.5447666520996264,-0.3225774115996475,-0.6015077728209406,0.3129625736186604,0.10457253154633493,0.8287898964504959,1.0639867033730785,0.37050544383091844,0.17642727414629902,1.2800319891565544,-0.7193106315483492,-1.017863646784488,0.22973313117218613,-0.28090027235605597,-0.551526133843276,-0.8165865652946763,-1.096150909269525,-0.17365398238907634,-0.49869507863650203,-0.08372170919351417,-0.34887814349989155,0.36283064665950016
0.3646835345662697,0.22058763227403294,0.05528860736151501,0.8262105254523927,1.6475280428443928,0.607100720386126,0.4526289756512869,0.9473944052278495,0.9841154900453628,1.2097254704416174,-0.08776813410181056,0.403992060119022,0.07652793117105859,-0.3964875476726766,0.35707318938719534,-0.6029007505200417,-0.1482276848049225,-0.11761533915322679,-0.635060271004802,-0.48698775423492,0.028821345955329116,1.2225687133039513,-0.301657685154341,-0.5403179944952479,0.17088359587166174,0.04715249731906419,1.1875794336450016,-0.1554632484970943,0.005133930922980336,0.03144579756354675,-0.02750027987747854,-0.11745722847503468,-0.11530296784194069,-0.25439966646559,-0.7606341958897268,-0.5176911286438018,1.3218213993536325,1.7291986891103894,0.008500491526857766,1.597960949540208,1.5608396887292768,1.8021934079656883,0.3884808715652219,0.6139837126894108,0.2958613579705371,0.6070767829140298,0.5890120233548961,0.9872037151321549,0.6254872449363094,1.1282358744456906,1.264596565845489,1.921397779794775,1.1461936954302359,1.738112140876316,1.6766297340736251,2.424328950151467,0.39868617938567447,0.13400079944898172,0.7237177403408467,1.3240023289400389,0.358818873530173,1.3161546955947099,-0.17493513507024544,-0.18481939539349315,0.8917462478933662,1.7105955583489336,1.344697540135732,1.4869071076393316,0.23321398170457389,0.13337109783127088,-0.3992313121083635,-0.5739690897184887,0.27855065523965505,0.09376279430014799,-0.7132032410813862,-0.5062382064021235,-0.3863883124891473,-1.2723828064914167,-0.6354088537277166,-0.8371364213478671,-0.7030118012335866,-0.709181586902063,0.3561226964585318,-0.2814207037691653,0.6725739098375553,1.297558534695463,-0.004046088788998667,0.8405753155547213,1.578251359557751,1.4482068018741874,0.6997625085127092,1.0610257278796051,0.38561102509813017,0.48472591791474706,0.695250040212734,-0.4263169643110635,-0.773619170373875,0.35984182391644354,0.0066179703410385714,0.9740893324797505,1.3059578003325267,0.4232185575858542,0.1526431124317884,1.6282558208251352,-0.8601527923324744,-1.250802587325557,0.31131561831441473,-0.4417654641972738,-0.7461143950122768,-1.0724503382353254,-1.3671404228721733,-0.21107037355123662,-0.6146690285673185,-0.15396006532507653,-0.5382763263028821,0.44731175273270807
0.13782506992960616,0.0585094029710815,-0.1150939661738105,0.7979524271541559,1.6270301668782103,0.7006504537539735,0.26424621396538694,0.9127995532937427,0.9267445870907226,1.33172823132644,-0.21300343122222506,0.3151916962158486,-0.06258588902666594,-0.4758761422990022,0.1901175897633303,-0.7087461137794326,-0.38155964264951786,-0.3294035019176637,-0.833278770362029,-0.6371754487815502,-0.020662863281682358,1.3104968434194388,-0.39308795596854856,-0.733868420502827,0.04902822847425909,-0.1104912238511003,1.0244894919950787,-0.43556739499054203,-0.13343013295907258,-0.05115556438069748,-0.045241850622907136,-0.10286945311105719,-0.24145035917435123,-0.33541679473054814,-0.9033310905155902,-0.4199484119896904,1.3051156292391983,1.8585212799236777,-0.1559490204488361,1.794018118345307,1.2905438679760448,1.7064789495089256,0.2897653190120423,0.5086289346391293,0.21448333758072605,0.5063370576120637,0.5321616704119037,0.9511879848727299,0.4866375220693108,0.9991022729190737,1.1624469338696524,1.8334084254792282,1.1271559182444675,1.7617806968409646,1.6257352413921893,2.514792345851729,0.20331684002747685,-0.0727120578685002,0.4937152483812374,1.2527883388823857,0.05526530848266978,1.2599619999994554,-0.3277430629446678,-0.33700609246255253,0.8164020778425662,1.8509644727402828,1.3721533694790353,1.6015600208550322,0.07421114230035895,0.003299153391737738,-0.4598178473864898,-0.6016351367045455,0.21640913765356395,0.10871948860663805,-0.8918184019140228,-0.5542639497342227,-0.5241639740105113,-1.4786669409105064,-0.8737879549495594,-1.07872399623804,-0.9235298855765821,-0.9880909769062213,0.2257109633787951,-0.5132050472029248,0.6415649177765813,1.1959008429908102,-0.013344838346360731,0.8624260269679201,1.5193959213101964,1.426949814615896,0.5471457446737343,1.0132868154649106,0.1622948756665504,0.4442220448435394,0.6659018510668507,-0.4701791211108794,-0.8208246634698512,0.2698463353850409,-0.2877076836343901,0.8246541091554944,1.2107969966909642,0.3277621395989257,-0.11206292214758859,1.6018237265523976,-0.9718941174746667,-1.2586933768393598,0.317611288233608,-0.6300861588292259,-0.7755838355727172,-1.203619117355357,-1.3770021520017663,-0.21605622466559934,-0.5821755971418624,-0.3165434278805441,-0.8104369728572116,0.392588145085909
-0.22832739084480763,-0.17672607604180832,-0.36557624717319837,0.6600853723439033,1.3026932856111746,0.7604432384112907,-0.08360937600636499,0.7200129243010059,0.6615385164737544,1.3099798408790924,-0.3702225538339886,0.13394234352772277,-0.29888392217545706,-0.4791567456739265,-0.12227521713782447,-0.674061319279734,-0.6624614669822014,-0.5850118766462986,-0.9404260389758337,-0.6966420036414607,-0.13954594183224217,1.2077807904448565,-0.4220381013464915,-0.8131842862129338,-0.14463916403613664,-0.28076994940776434,0.5368859400822515,-0.7924408549074317,-0.28765383345467527,-0.1321947348909749,-0.03530776981696572,-0.011324080888654477,-0.3627631762792382,-0.35000368539086485,-0.9684609797217099,-0.12921900136549025,0.9932128405887746,1.7145974119212255,-0.39822395363899743,1.7994801537222405,0.5809443645513318,1.1808552145346192,0.09241444558553177,0.25316714439978844,0.04700288571763899,0.24316822903479623,0.3625603274758804,0.7217625062087015,0.17515837847432683,0.5900621110659866,0.7685524763328015,1.300566328591302,0.8731754760327648,1.4289547186076637,1.207533273717646,2.151571281735547,-0.11898448306452923,-0.35991221328694956,0.004982535059948283,0.8588931189276152,-0.43014750339606017,0.9480596205610937,-0.4881205194307684,-0.48276493483412547,0.5071034212625801,1.700398795113628,1.1304240776755428,1.4526684903802827,-0.1698436279217897,-0.18669628819607023,-0.5199728759018651,-0.5578294971707588,0.0324320498544855,0.162123082139316,-1.0545421627053375,-0.4960245785169729,-0.6463674889337014,-1.4987812363630368,-1.0752189745937968,-1.2689977324311639,-1.103831807216442,-1.279652899045159,-0.049444028844281326,-0.8173436435328982,0.42889637942710884,0.7681892836698321,0.004558089542291785,0.7136923775970391,1.0943346549131792,1.096015386709602,0.1512695005156678,0.703212037212536,-0.26778371908657256,0.2624809243497544,0.44369399142793153,-0.4401180971926976,-0.7280988396357688,0.04382158093146247,-0.7348749988533925,0.3864600047990115,0.7761540403908803,0.07738455630398719,-0.5902812021135869,1.1626814023206398,-1.0516495707639362,-1.0198760928907298,0.2161562578855409,-0.7705123360713786,-0.6088253904090024,-1.16476113344462,-1.1159711874278944,-0.2073685605132357,-0.41069237372187417,-0.5504669363390661,-1.111812044320163,0.19167281091733038
-0.6370950736024179,-0.409591134642913,-0.642736355506977,0.4669297161955489,0.7498922652472326,0.786696683554742,-0.5141647046273943,0.42635234239558456,0.2369698838015725,1.143618874753278,-0.5109748261028909,-0.07345819698371442,-0.5863911504622075,-0.37830038673712585,-0.5013851932957006,-0.4663212334204536,-0.9118189036245978,-0.8095806531637246,-0.9087238522759064,-0.6219848890109212,-0.2990690888300835,0.9373998736571942,-0.37149149708225465,-0.724325729681158,-0.3773682732328984,-0.41541833665891925,-0.18186264383996967,-1.1309304070454125,-0.40482809943395454,-0.16831594905896272,0.0062108765693563855,0.14974488795364355,-0.4323013706869324,-0.2746527153579398,-0.9391832086790887,0.3112781279431558,0.45188691858025,1.340450262040882,-0.6527866781097211,1.6272900048057335,-0.4071041184056279,0.3442031305065137,-0.15115770156254388,-0.09210424609978318,-0.16321920181333077,-0.11928908737909337,0.12694218062555537,0.34928038128436445,-0.23284507558909825,-0.005859778609227737,0.17132256653076036,0.436376332948154,0.4391280720430927,0.8015408617408408,0.5114208118713605,1.407832393264718,-0.48390675556673873,-0.6536956591409819,-0.6434376695932282,0.21773165669339234,-0.9861896110534026,0.44290372069100614,-0.6018030329972186,-0.5596062209303249,0.012371775756752329,1.2824874165504982,0.663947494067181,1.0640991761462126,-0.43379875394155504,-0.38437430710478127,-0.5674189455850208,-0.4351740277180904,-0.2440672666642256,0.2658466638200171,-1.1657118183423438,-0.32875766407946244,-0.7353732059405578,-1.3169588669002454,-1.1785380573907913,-1.3347310057865005,-1.1942379627462427,-1.500367372604543,-0.3804425751377622,-1.1178251665663081,0.07993343304359836,0.11239883927929027,0.08532082579942202,0.4031607892101944,0.38917766366919165,0.5184798741362963,-0.41483638513550103,0.17696330952444544,-0.8150178192283741,-0.03498615183065716,0.06527277087312068,-0.33842714524524803,-0.514846758377348,-0.28463319060169356,-1.242253874596787,-0.2601852207886456,0.08725153098438636,-0.29836505153395915,-1.187007797396332,0.3718231675874194,-1.0940146256555823,-0.5643242777521357,-0.004631402157327621,-0.7808035371194607,-0.26090228943943394,-0.9415329610159904,-0.6446116571414512,-0.21569829498948428,-0.15068183462056278,-0.8100621373804314,-1.3660203144069598,-0.12815334224762961
-0.9749121756176695,-0.5584847967944002,-0.88251730092438,0.28166040012870863,0.09026487142416457,0.7777144223281625,-0.9272582598771273,0.10838570681593565,-0.2661365182747994,0.8517882245932107,-0.5849383124942141,-0.23380423731191233,-0.8627296496620122,-0.1692932067259014,-0.8480677047461402,-0.09290252881042098,-1.0494502899509848,-0.9293415418763343,-0.7165742335765004,-0.3975526864842316,-0.4569203145067277,0.554142540605016,-0.2445560037812184,-0.44865815026105393,-0.6063266495255244,-0.4733595330489816,-0.9786126197039813,-1.3473662327119713,-0.43927307498609447,-0.12708685088312177,0.06977776711962845,0.34898232943017593,-0.4129236998796252,-0.10786999499087117,-0.8143307072069734,0.8158599085890419,-0.2044625843081,0.818852304729691,-0.849120464511784,1.3144467271601985,-1.4425179599375968,-0.6110029170428296,-0.3769773851594211,-0.445622345007718,-0.3619224181216544,-0.49311189464060257,-0.114973067168034,-0.08713121583701156,-0.6337836602302263,-0.6489141476549272,-0.49094053984184594,-0.5652900365207356,-0.0799048260114294,0.00690594614930084,-0.31124454095985565,0.4352978599629365,-0.7924387182962519,-0.87279164433644,-1.3069913017908052,-0.5356873303367816,-1.4771667473394252,-0.15153565200959268,-0.617677799163172,-0.5145052689721379,-0.5748887584304441,0.6755404308554125,0.06494609348268073,0.5076266483052551,-0.6422164703240711,-0.5309554553184431,-0.5822580666272307,-0.2371260014053468,-0.5602570246166405,0.41362742524817453,-1.191825042037693,-0.07444098481404204,-0.7765683902113927,-0.956407939155401,-1.1366802453503702,-1.2182789486216605,-1.1570405644254658,-1.5683492432587611,-0.6566604901451213,-1.3283422118896986,-0.3241799769046856,-0.6157348284817296,0.24892593461952472,-0.031105546646425435,-0.44568591552586706,-0.18853297179036055,-1.0326479528102774,-0.47143660252436864,-1.3528563552702844,-0.39667401526213747,-0.3908649497683447,-0.18585338803653897,-0.23051881114028894,-0.6589463321838451,-1.6925987661079638,-0.9863978259915513,-0.7090253970656483,-0.7397219977923063,-1.7645317795003945,-0.6272166474221413,-1.0893146874645205,0.030937555119506067,-0.33182110916208823,-0.6041021772727169,0.20815401980066678,-0.5585892716297064,-0.07799594588029768,-0.27481846591055215,0.11855626567757557,-1.0382376607251995,-1.495226293477103,-0.5130179520606091
-1.1418314321858123,-0.5587294368484782,-1.030397935464554,0.15592569920648136,-0.5451021602599614,0.7285321163121952,-1.2292521182297984,-0.16090015008097075,-0.7585037685929074,0.4683193481557139,-0.5533775627187317,-0.28791635357940587,-1.0663250996784397,0.12392709317872792,-1.073250372968141,0.39541101877756896,-1.0156630820934858,-0.8926463603990147,-0.37514569986778645,-0.041403073714795166,-0.5683062825300774,0.12810537291686314,-0.06781476567416234,-0.012723101408916377,-0.7893136585836112,-0.43281073416220567,-1.6806085951897434,-1.3586638362009074,-0.3644843554298036,0.0024050417254402865,0.13542210372105964,0.5388493954188461,-0.2890428703456592,0.12855910982959032,-0.6086602360655938,1.2767576912112661,-0.8448903826978525,0.246447174586068,-0.9355990302231568,0.908288192196149,-2.2863912148110885,-1.472705177575358,-0.5274612502302262,-0.7268544442939042,-0.4998427729994981,-0.7906854843206405,-0.30863475765285703,-0.5019061852036574,-0.9251486300211045,-1.191316447595848,-1.0670699067608251,-1.482447556673792,-0.5742225787695723,-0.7951207843223164,-1.090051996488162,-0.5792608036673026,-0.9571436116103457,-0.9492992584124114,-1.8314467544644535,-1.2400149065104815,-1.7772637370532107,-0.7150711547954045,-0.50146987831132,-0.3205953720083296,-1.1413728741481362,-0.00816557070695589,-0.5511451564135588,-0.11549700362742334,-0.7297524911878831,-0.5769413527321035,-0.5448867480914122,0.018798863367070543,-0.8524250740276599,0.578935217384434,-1.1078559233300607,0.22329199183400925,-0.7600966872575113,-0.4723534039838637,-0.9292729010293974,-0.8962148504715454,-0.9756934102343207,-1.426439722952669,-0.779945117902556,-1.3758748953275404,-0.6894057527794523,-1.2451377539194746,0.4885800952170455,-0.5255870567107581,-1.2364162072191502,-0.8835755814809421,-1.5686130071303999,-1.1237453144007812,-1.7504458522799735,-0.7612631538220579,-0.8224092957746888,-0.018191130331414014,0.05813487419113928,-1.012984928994262,-1.9742978637070567,-1.6503634396953446,-1.4438917867636367,-1.1692690319076833,-2.1784435593673264,-1.6431946992544386,-1.024544595929859,0.6561152224204961,-0.7285193935759322,-0.23534199952998833,0.7051903903339733,-0.07804199544809004,0.4454911378584082,-0.40908288241983903,0.31005168600859717,-1.1818998162949177,-1.4426146287569643,-0.8955877072047037
-1.0772064531858612,-0.3814376879855016,-1.0576473163629343,0.11467212299973588,-1.0506182329795593,0.6319946874171931,-1.3590347642781273,-0.3313377633762602,-1.1650362806496122,0.035596721269817014,-0.3994584905934357,-0.20666094959394393,-1.152508333232933,0.45332749722837895,-1.123691409911148,0.9124886874949013,-0.7875183518686611,-0.684541187295924,0.07274814306537412,0.39720534764627885,-0.5974868215186493,-0.27379419277148154,0.11210721640455854,0.5129657595588051,-0.8947480665815023,-0.29811164957200775,-2.139463384542468,-1.1272358232598698,-0.17993759944322624,0.2052373535477748,0.17985009444126399,0.668753549441009,-0.07216817830588539,0.39464493997733435,-0.3499897957229263,1.5899271340270908,-1.3536492150919142,-0.29028419948037215,-0.8951862877848112,0.45507936075518696,-2.7517971167906787,-2.063959748287406,-0.5666222551389294,-0.8764278022272615,-0.5461270950939845,-0.9477057498501827,-0.41957699310600144,-0.8239550343600532,-1.032778590728553,-1.515417698174366,-1.4309355806259365,-2.1210047440176485,-0.9464992704394758,-1.4506247732247146,-1.6784170048135987,-1.4608249730036054,-0.9244489567593627,-0.8457173589951069,-2.0896722226033195,-1.7453133429300245,-1.800824376267878,-1.1385450482685542,-0.24572041643684822,0.012570610651616902,-1.5808485131950158,-0.6492873859339326,-1.0733015969190671,-0.6974743362209325,-0.6585872843059488,-0.49518308801450117,-0.4457279725479604,0.3000136517242386,-1.0606542366694245,0.7199341242148891,-0.9012155546096189,0.50758379645977,-0.6818271849865994,0.06182470984658256,-0.5689355242482351,-0.3899117470636482,-0.6593396288071155,-1.0597103597414683,-0.6949056727049375,-1.2210485031903338,-0.9337891597212626,-1.6336025822024927,0.7676970275786077,-0.9994249116600961,-1.8285880231095717,-1.4341049439060336,-1.906146047678195,-1.6641759955757525,-1.9048009739018852,-1.073640785428259,-1.127001437986671,0.122660960221966,0.28462107997673936,-1.2843151813771396,-2.008929128502633,-2.1314250110487496,-1.9683001426875821,-1.5079406919579454,-2.314415977629754,-2.4805538533216955,-0.8875011774762798,1.189787093083835,-1.1382853287331631,0.2681600513332426,1.124523395583956,0.412515103983122,0.8015955730593354,-0.6212093396945092,0.35374916627906094,-1.20496068333434,-1.1895403762909547,-1.2100662965005715
-0.7744268493528823,-0.04351148512490551,-0.9679146950286166,0.15034310855147143,-1.3691352863555373,0.4814857218513066,-1.3018477879491497,-0.3862409263907716,-1.4394345423157957,-0.40116115734401003,-0.13332841471973209,0.001179712916509215,-1.1039106994042196,0.7570104848708946,-0.9955195229882677,1.3545077712169986,-0.3862873136770843,-0.3316150876561433,0.5605138842647736,0.8474576768843782,-0.5277558476396218,-0.6032139185650496,0.23909954802472277,1.0268112416260455,-0.9080870264178148,-0.09926649055319314,-2.266922084852283,-0.6748610093897206,0.08802475681471753,0.44285801441468303,0.18439325722411198,0.6989541684260974,0.20080658621629136,0.6414382469394041,-0.07419059351070088,1.6793637261975427,-1.6538556619684883,-0.7315465004858439,-0.7481220943930987,-0.006556555824498781,-2.7459985108779508,-2.2837230141225993,-0.48901711516146357,-0.8693454360406572,-0.49584788201624125,-0.9381246686667534,-0.4411842146121651,-1.0109602453025313,-0.9297073811048572,-1.5612936871079317,-1.5106005450324096,-2.3599198172468725,-1.1333045785966522,-1.8457816276548897,-1.9848659405320581,-2.083593442404924,-0.6878450751604694,-0.5645870750109033,-2.010715982644559,-1.9465588460743064,-1.5218217433159449,-1.3467799357370789,0.12598675508247695,0.4377892502561136,-1.817580040522469,-1.1474880027027445,-1.418667111413314,-1.1462006182390567,-0.4285848660119165,-0.2881330503425672,-0.29205422897565775,0.5617393564976944,-1.1420165560110316,0.7900903125306311,-0.5735781051673607,0.7203878577048597,-0.5436173004558263,0.5711138899353837,-0.10048000992703769,0.2344610252172368,-0.2424506820557667,-0.5032584444175966,-0.4069299124653469,-0.8702795031641378,-1.0074695604946096,-1.7023132999037722,1.0257650808303937,-1.3674594187254676,-2.1210907958929313,-1.745424351823813,-1.9709075773138707,-2.0026543723685326,-1.7644426424483701,-1.2953710889666932,-1.2259538546240922,0.20103077515420284,0.4001509472671341,-1.4246924474383194,-1.769297880266399,-2.3534738589460718,-2.185430756622779,-1.6909730453083456,-2.115972151268552,-2.981091519418156,-0.6731778903359475,1.523025707868517,-1.492794295770982,0.7964386975518193,1.3729191093416342,0.8199677114990939,0.9130595929231038,-0.8847921596201063,0.2178238120637485,-1.0957274105154402,-0.7627560801170327,-1.4055565013365754
-0.28191348769136926,0.3937572002260113,-0.7923119307828442,0.22754544863075826,-1.4975723870438609,0.2743290454204307,-1.0875011897686444,-0.3423692853743288,-1.5676038803557635,-0.7985155561014702,0.2089047581461045,0.29053592001472245,-0.9325125437811845,0.9730865240905978,-0.7323590245513781,1.6229247526491228,0.12517168839354184,0.10343649751261419,1.0101660974617115,1.2309258537065477,-0.3679288401867998,-0.838848364671763,0.2632032669640426,1.4183168965796533,-0.833324198029588,0.11562607917126651,-2.0533341366783033,-0.0814525130197059,0.3905847713535315,0.6606421312715531,0.1403727704241631,0.610646508037705,0.47561867352393067,0.8214846985114245,0.18068731864626458,1.5139140411801688,-1.7188095457172579,-1.0508636842428913,-0.5416836803731017,-0.4470682213606265,-2.2861982334846678,-2.1244154922519067,-0.32078561684725343,-0.7188302429976678,-0.3701554078116452,-0.7779272226378148,-0.3938470734987292,-1.0544770988110777,-0.6420469559219788,-1.3374280764724022,-1.3021784961022613,-2.1749757263881873,-1.1163829728089558,-1.9291161677511153,-1.9860670619791834,-2.3908188270332404,-0.2895178373301503,-0.14892761554216888,-1.5950026666456347,-1.8055865496266879,-0.9788189472947723,-1.3122106898205785,0.5613913886851828,0.8784311546392837,-1.8200741611310327,-1.4405664493980066,-1.547421779264321,-1.4023536192314756,-0.077987307076332,0.012122438408130758,-0.10825101575763245,0.754471470105693,-1.0796537338792491,0.7510305261059677,-0.1417000302897729,0.8152981736623108,-0.35304609170795936,0.99356281296403,0.40633189381820434,0.8765619200789814,0.21983542445797635,0.16150496186281108,0.01691660319866722,-0.37668384741168437,-0.9026309740931071,-1.4524219901297577,1.1915435327949002,-1.5569212431433574,-2.083690035015486,-1.7789390650407104,-1.74382537624876,-2.0899523368339605,-1.3393497954412126,-1.407099399994233,-1.0822649521700793,0.19938856599308163,0.38613269942761796,-1.4066140685064552,-1.2842217125892526,-2.2932322377135073,-2.066785168145743,-1.6804661033232113,-1.5965235594110958,-3.0551598012280325,-0.39025722786096173,1.582071335650092,-1.7219114206150017,1.214713578878338,1.392812811717545,1.06846253435372,0.7686907561499138,-1.1449251012719062,-0.07921211396092145,-0.8675544897297282,-0.2299352300960657,-1.455217345523225
0.30896099073493233,0.8373666583860414,-0.5756311111608908,0.2962139364546494,-1.4758094217863342,0.01512858193152318,-0.775225669190262,-0.2401603578401447,-1.5608662588439381,-1.1180889583176654,0.5720673545514937,0.5907237678053365,-0.6733335924012492,1.0540500244019164,-0.4095911187164671,1.6474972194278603,0.654355783628771,0.535749501232991,1.34671564510671,1.4766526578703396,-0.15346153913269744,-0.9862383654797519,0.15714361477012484,1.5946307028898403,-0.6899851370870527,0.2928516212883088,-1.5650072232184336,0.5315341671256781,0.6650976935100268,0.7990927431739185,0.04992784338373749,0.40944119533252604,0.6927047821431839,0.8979466544804328,0.3799373026601366,1.1129393890434467,-1.5704758131395542,-1.252447997045955,-0.33160483490363424,-0.843698840137992,-1.487495701424351,-1.664147143259431,-0.11296870353654972,-0.47073086502871764,-0.20965640474836508,-0.5178962811440992,-0.31654148244756347,-0.9760448296379746,-0.24091869564466803,-0.9131795404910008,-0.866170507019809,-1.636960230296644,-0.9219755421274667,-1.7175657477284292,-1.7210251418931086,-2.394688250253335,0.1893495638416773,0.32640382860517014,-0.9129072873046885,-1.3570199751526,-0.26508918680392674,-1.0564825212338587,0.9882586970414664,1.2444164457778732,-1.6028298493340933,-1.512829765692642,-1.4665088130652069,-1.448303850558922,0.32523268943070155,0.3507994430607517,0.07117322200612032,0.8350795269213824,-0.8863676023493587,0.5837363386659685,0.3618059850937241,0.768123684678729,-0.12278824579350174,1.2898191342776688,0.8689448014628044,1.4210143220605869,0.659857844307223,0.8214801050636461,0.4644193307897612,0.17071421752332958,-0.6515851494389369,-0.9604438049648578,1.200440904086086,-1.5243383598964235,-1.7558070799670527,-1.5560293475030167,-1.2600911175798428,-1.9224610202061692,-0.6958533549850535,-1.4039454423054338,-0.7087412931030769,0.12565203446112466,0.2583082773572333,-1.225939633181314,-0.629948245189262,-1.9743038449376502,-1.6498810745045858,-1.4719942190456379,-0.833553784201712,-2.696504843082786,-0.06499254291264146,1.3451202891787775,-1.7650512236825389,1.4013292272733928,1.177372436745077,1.1187319672826224,0.42372924155332187,-1.3279902056103796,-0.46919958061532313,-0.5536466246426258,0.3152365560873616,-1.3599968770081579
0.8854765671151064,1.1837975522680655,-0.35957189235802395,0.30898337367086276,-1.3645304627998511,-0.28144615727903394,-0.4318161316723808,-0.12781139224225507,-1.4433246235493644,-1.3286379626553757,0.8934500979008273,0.8229382961653949,-0.37228130831003253,0.9786824780564268,-0.11020703191475734,1.4042565479999238,1.0979490302602166,0.8772712660348293,1.5122122661405433,1.5346619367157566,0.059104936894590294,-1.0696513977530153,-0.07147527798534993,1.5050028285130033,-0.5073117911063202,0.3869829183041606,-0.9225189253106512,1.0293825512652606,0.8468903897225589,0.8068585868642155,-0.07736669519621765,0.12211196834626623,0.8005183505795195,0.8509324138552498,0.4965146194016793,0.5402547846032704,-1.2676433810348127,-1.3619663149750783,-0.16227876090809268,-1.176765066313711,-0.528649307833194,-1.0383564091102688,0.07117027396748665,-0.19048323421196683,-0.06322206911004194,-0.22830060294197554,-0.25378442195398393,-0.8167438294871756,0.17688791425630296,-0.39661624394782313,-0.30855340133483034,-0.8868761081485795,-0.6096181092468611,-1.2862272477210848,-1.2711517858384644,-2.159623732785774,0.6470266362247573,0.7704680519665051,-0.08775562220219824,-0.6975036834843696,0.4932124797030648,-0.6403673977537161,1.328085275333769,1.452435803380995,-1.2173514071454838,-1.3919614666590985,-1.222814174583072,-1.3076532742302567,0.6991705867892133,0.6626615619359925,0.21314583632837067,0.7789371836583986,-0.6024332605933825,0.2950391100235408,0.8880015938479978,0.5827521887425089,0.13028232331700637,1.446158166537667,1.207056206203705,1.7612827828297928,1.0082130109591907,1.3546016454800551,0.8079613402990947,0.6671510365770846,-0.3146846477660954,-0.3548544009104419,1.0121272972923008,-1.2679894237019613,-1.2289689502528445,-1.1474500774795244,-0.5961407318941164,-1.537014005545679,0.0611773114198787,-1.2877196966521938,-0.16449560903336208,0.0128350205836262,0.0615023423015056,-0.9012357980441106,0.08862169411594556,-1.4520083084888018,-1.0207561076508833,-1.0940562595384304,0.05225039342962891,-1.9786084891779527,0.259747963447114,0.8494316475579833,-1.582384994283931,1.2846287321081882,0.7727772151324189,0.9784804128970492,-0.017818506861252595,-1.3588561549673008,-0.8481632733689227,-0.1982560298804772,0.7745340230289766,-1.1469534486476516
1.3393141105924422,1.3438680320820346,-0.16958757773856328,0.237461528046016,-1.2204693334606342,-0.5889724676080972,-0.11132568386244224,-0.044330213226682624,-1.2391468339462703,-1.40728891539934,1.1167529692583782,0.9207362815339536,-0.07235979810422107,0.7589517489770656,0.10018520647096817,0.9243569669779523,1.3638628567359419,1.0564753994139524,1.477319466257193,1.3858774308854251,0.20425162661671553,-1.118933020837548,-0.3769095136097289,1.1567165002453743,-0.3176742744068088,0.372537660541234,-0.26697918433819173,1.2972743902829424,0.8827832861479065,0.6535762448680631,-0.22981147208483,-0.21120635300287596,0.7673366078833039,0.6806677292135253,0.5138198663159526,-0.11130161084440916,-0.8880003537077215,-1.41424486628187,-0.052787544340326654,-1.4266687106445137,0.3939844748540703,-0.4003812694502418,0.17199902740890113,0.05394226677538167,0.024751081534758183,0.019927666436898413,-0.2418454716527771,-0.6238473231918485,0.5140460952101523,0.09522957680939001,0.2475504535668747,-0.09639585859493323,-0.25427453096396063,-0.745557770158653,-0.7340033537442964,-1.7762557055545731,0.984202576079378,1.0957271209742285,0.7322942225839608,0.03855662935182526,1.1653815515756254,-0.14541333277538493,1.5124137633996704,1.4457879836753025,-0.7364188152852511,-1.136586582986529,-0.888613170963601,-1.0361631383874743,0.9672588287065789,0.8868922392590824,0.2973224861642669,0.5894913357558006,-0.28809838134253296,-0.08195177442808615,1.3732238235167529,0.29099149336816443,0.3862782208114062,1.471650747285898,1.3581730393433062,1.823395008907544,1.2060851010101261,1.6560329197785866,0.9397701268975043,1.016915215784371,0.03758674095958925,0.21898672233429686,0.6243129901590935,-0.8316554409716238,-0.6191138297229896,-0.6518180183537576,0.15055533768230578,-0.998443843279947,0.8135974579444861,-1.0606990149338669,0.4591148232713175,-0.08958117537779967,-0.14339827862430732,-0.4706416118314325,0.7615265144251908,-0.7958517577474765,-0.28821540687688996,-0.600862499014282,0.9262017772916366,-1.03456866093151,0.5310247045990468,0.1863758173115527,-1.1642379951230442,0.867673540070726,0.26659384496165117,0.7007362850960699,-0.43313642405277486,-1.1813430674097225,-1.1003546539864775,0.15300596492832821,1.0677588098057498,-0.8629847210473331
1.590552386242677,1.26544294719784,-0.010040040123511576,0.08263518370654577,-1.0773608721237042,-0.8695121347123783,0.15699037492563767,-0.006723238289896949,-0.9647326843080821,-1.3404383745202064,1.2054338585545956,0.8486581520909597,0.19724144727079257,0.4400808183088147,0.19177143357839185,0.29141103535120094,1.3921103226637819,1.0345770167938506,1.2484960833514183,1.047101363126517,0.22397281117176585,-1.1556557758835482,-0.6831971106716047,0.6177594093351101,-0.15074761347459034,0.25059282219858325,0.2760487966573202,1.2699697440931466,0.744274446341481,0.34021585349905953,-0.3977841625808022,-0.5460861517325317,0.5892797972242158,0.40782428146196453,0.42711241814303713,-0.7402188078859852,-0.5088316283367043,-1.4413198574482458,0.006658602571749552,-1.5730897863228006,1.1121964256165542,0.1177681076838907,0.14913456346125198,0.20903942934626418,0.02564027225603133,0.17271062180988941,-0.2978958495359438,-0.43826918366224366,0.6969377875577615,0.4654049639947799,0.69200472975886,0.5752549266976899,0.07317624615930195,-0.21249880322914425,-0.1987985919221098,-1.3345646979537384,1.1265021501893886,1.237145863549977,1.4067337497015167,0.7105161802575367,1.6442700017318124,0.3471793443445114,1.4985170121408828,1.2091143600987941,-0.23674910443518807,-0.8187325068286646,-0.5432862982803613,-0.7065453383761753,1.0766516501285415,0.9814061539229638,0.32232519066920684,0.3017313295073201,-0.011838500714466299,-0.493170215575093,1.7451588158221127,-0.0535837127854367,0.6238744783936183,1.3915157353205907,1.2910502309661127,1.5842749508644929,1.2174564269672052,1.6621526488188392,0.8032870068776333,1.1565920332644746,0.3428875465556321,0.6358723752044533,0.07917514820018624,-0.29744207476617823,-0.03676988850751006,-0.16938541865487602,0.8828605117554948,-0.3839140531668814,1.4559290559918174,-0.7244759872619762,1.0595656804971798,-0.13027729403714128,-0.29641266110187636,0.013164124284935123,1.2961376197917105,-0.07569588796623929,0.44199363490349325,-0.06053632904079494,1.6687187297078365,-0.026210744792355474,0.6967446521559597,-0.5157214375605864,-0.5369763149866505,0.23294957044668993,-0.23468248433393823,0.37033414456710867,-0.7139928497067012,-0.7765635837431775,-1.1270280212226307,0.4613605147603436,1.1506879474394283,-0.5652194464134995
1.6047943530127113,0.9485943269306695,0.1312763283268761,-0.12348738079433641,-0.9382104229746698,-1.0767810590960372,0.3696100318991145,-0.005055951356619657,-0.6282247357025383,-1.124802003764257,1.152182173552752,0.6141501281974254,0.42581861443677876,0.09303673395980086,0.17714017108648272,-0.37289789337467594,1.170151701184297,0.8149385472041196,0.8692089833927037,0.5702964778252675,0.08458481063216876,-1.1831915692834574,-0.9021221074076486,0.004624494823316813,-0.029111809275354422,0.04908181100094326,0.6253195956665081,0.9502056127859454,0.4376972416547618,-0.09562763340068575,-0.5745354059696534,-0.8412157496818445,0.2930340053756836,0.07147026390229363,0.244009611345125,-1.256331388381376,-0.19056130768155966,-1.4634225907342124,0.04715717979503931,-1.5968510872139636,1.5205163759651932,0.43445077319291475,-0.006623763311158736,0.24883635478222157,-0.06586086871722756,0.2051378902278234,-0.414666245560726,-0.285629863616211,0.6930062024064508,0.6581900716248813,0.9522550404207795,1.017011403626259,0.3222938004738343,0.2170884386515354,0.27023225480520147,-0.9033914258664032,1.0418431810981634,1.1669470209880337,1.8321163472838062,1.2026412298946723,1.8677984021473348,0.7745703673084492,1.280927242603408,0.7743963800948535,0.21541257770376745,-0.5060031190143803,-0.2554299696523806,-0.39074830769424274,1.0116016214914128,0.9334932125185657,0.3042460786726676,-0.022824787588333666,0.16383779598019213,-0.8731898352459213,1.934706395659377,-0.386488898741722,0.822363577785983,1.2391904758995045,1.0143863858756434,1.0801638818041372,1.038830865288753,1.3667250868665637,0.4119524552862412,1.0707071784142956,0.5607493561707171,0.8201975291728604,-0.539823907256269,0.2315968604496302,0.4371869774253457,0.22185636122760374,1.5210452146456592,0.23179601587136822,1.915436151389175,-0.28471689371936776,1.5460512339137835,-0.07222236024102764,-0.35448766083380817,0.4895941623440802,1.6333021332104878,0.645122243926384,1.0862734909854481,0.4581862872148606,2.19687478618855,0.8897754123086337,0.7180739301213512,-1.1182661523329023,0.23614127440170296,-0.47523920706055184,-0.6324936111497351,0.08191420543595548,-0.7943467171573482,-0.17399647505483296,-0.8731653486576726,0.7000459928862603,1.0239275074084246,-0.3096506148221785
1.400026112688163,0.4494091229101243,0.2719554139660809,-0.32534821073814524,-0.7803427679035394,-1.1629575268158292,0.5400891377848765,-0.0066956726905461755,-0.23567232016915185,-0.7689008492700589,0.9817650680292422,0.2691443946300833,0.6184492017009607,-0.19985734863751467,0.10446538728195247,-0.9327358401759105,0.7391219018913333,0.4438216536928414,0.41427880776295795,0.03597393248944185,-0.21107948437035912,-1.184284224681322,-0.9567873004100683,-0.5426287847691266,0.0347728549048282,-0.18289009233083187,0.7583836566749234,0.4106716632009898,0.008470113224629634,-0.5818003836532304,-0.7531838439534675,-1.062693964341026,-0.06734276071854245,-0.27515079641009876,-0.015536777078901708,-1.5959074005352196,0.033726812625983205,-1.484366646395841,0.10565312784223084,-1.4840713700323331,1.592533780634499,0.5308944507660592,-0.26795508698713955,0.18110231848440836,-0.22932228489145082,0.12626300357250003,-0.5615959711661072,-0.1724149425616856,0.5173754338060468,0.6679846567848743,1.0070940529203942,1.1863102749741845,0.47276453144585295,0.48823846409415167,0.6400274926157161,-0.5204970573261243,0.749034582553827,0.9019557536303784,1.9620059724140182,1.4477303286425938,1.8293945793575985,1.102651249591861,0.895792098490243,0.21657798093944863,0.5730813122668134,-0.24760904065528877,-0.06883773925357774,-0.1437783542841113,0.7987298032053961,0.764326167299386,0.26789113849280594,-0.3099032272809674,0.1963966049100701,-1.1571237912971934,1.8922724304044782,-0.6456344755977522,0.964117602410446,1.0492553719605076,0.5785391549853641,0.4024161657251522,0.7037310804883261,0.8249795575956909,-0.15032617034994286,0.795462436220981,0.6786969975642878,0.7609294246443974,-1.121086621752598,0.6552850653273596,0.7646854588952636,0.48179373153460026,2.012103304530023,0.7868824682919737,2.1617068440172953,0.2402849945559625,1.858456776521119,0.09479697512559047,-0.3021383217567145,0.8981207228657851,1.754276345387076,1.3100157233329335,1.5919322058186047,0.8975075947152459,2.474030229604429,1.590860550112668,0.5797583537940235,-1.5031364149299875,1.060205542218665,-1.0865407011613017,-0.8597882476849141,-0.08487260763566563,-0.6652133546038685,0.5481735824869948,-0.34560446454806293,0.856034465990489,0.7306707911534889,-0.1399460194103188
1.0419790969404428,-0.1290129183696937,0.4222914907985921,-0.4583693775740881,-0.570435800178783,-1.088902837030101,0.6856011989076031,0.03159275000629586,0.19949716014068491,-0.2949145883538098,0.7458515257452883,-0.10016619141788878,0.7872973229889934,-0.36386623496954323,0.039603288323932555,-1.2671801194287393,0.1888123850609806,0.0022381037155135685,-0.02251171930174727,-0.45892687770651214,-0.6203162524949242,-1.1273771141305657,-0.8043049492737381,-0.8925866104833553,0.040465122936794606,-0.38514588111609416,0.7092077861639304,-0.22141202835940146,-0.46290874932986414,-1.0222627697726359,-0.9217406462115472,-1.1855886792575931,-0.4192858298498266,-0.5711839802434612,-0.3198230405222559,-1.7290987367314046,0.16110759543348632,-1.4917203905363892,0.2075244069629267,-1.2315545661039224,1.3768438070768163,0.4456589071647926,-0.5740466116130787,0.04525902660642617,-0.4217026731308272,-0.024178799693232056,-0.6918622527576266,-0.08735625833119813,0.22779884669871384,0.535077881408327,0.8873515491117338,1.110757721151614,0.5358036652730946,0.5949095338352253,0.9052716146823955,-0.19373974422688947,0.31567061892830744,0.5018395296916532,1.813467037471261,1.438132564217975,1.5756582535082142,1.3267713280157785,0.4163239884339068,-0.3605062133779142,0.8112565743050235,-0.06689322631860513,0.0052055367687148975,0.007287531248784666,0.502678842973413,0.525941744747444,0.23414677664805789,-0.4925421822703813,0.07386673830386889,-1.292803581548074,1.604082730788674,-0.7843163170106742,1.0371057112223965,0.8523573579279463,0.0688630991126064,-0.3194232162968299,0.27961111584935266,0.14376117549201875,-0.7480868038058373,0.40923989533395416,0.7101332681689542,0.5093542455146254,-1.5461289708603492,0.9005956025263053,0.9504059243361175,0.6121437617773475,2.3305199555216802,1.2375247888555305,2.2042413997381773,0.8114434020134389,1.9775709100300196,0.34908028297718424,-0.1541053826243782,1.186960710045559,1.6780020960416646,1.8658730939388002,1.935694371405353,1.2178682393121036,2.5071286576420126,2.0069307310842106,0.2952860765466448,-1.6001427065359117,1.8202169671214758,-1.4488855411689223,-0.8948510407352904,-0.08648019954585168,-0.37385920812523243,1.274287942993741,0.38221038449348443,0.9287454439666154,0.34442489157301215,-0.0786305757721973
0.6289695656933298,-0.6571745603144491,0.5764916575082382,-0.4668093554407925,-0.28363770157711016,-0.8361784867288489,0.814531091868365,0.14718241832570808,0.6483380554671022,0.2596398948352031,0.5103751683282528,-0.3940368906505376,0.9403038636139779,-0.3515632057694968,0.0426864330052226,-1.2984712177525963,-0.3586898409670024,-0.40986367065103974,-0.3461209123718729,-0.8175598876383342,-1.0680164563105654,-0.9799314910664262,-0.45099713992228285,-0.9544517624797577,0.00027375280928256294,-0.4987428761745635,0.5512100573833363,-0.7935621480865591,-0.8740819033776971,-1.3157213697795709,-1.059497687253926,-1.194459001644299,-0.6851887305466515,-0.757315455626409,-0.6271491713808822,-1.6595248738975312,0.21393815610887787,-1.4613111212133205,0.3537320842293378,-0.8519161020392279,0.9755678475744255,0.2544249049624821,-0.8421104002125591,-0.09762034900592328,-0.5856013473183359,-0.18610430885682763,-0.7534378174074922,-0.007108940046203226,-0.09020571930488366,0.33072286611717056,0.6644457350393285,0.8727547412950106,0.5476143028707312,0.5753021180600993,1.0787718851848813,0.08922028120362871,-0.15468502473989165,0.05815447304531856,1.459239857404482,1.2222120157267424,1.1924451513944732,1.4636827685983766,-0.06054671492525726,-0.8451416372353929,0.9249336741078819,0.038807716886394714,-0.011953266185144468,0.0665843636252853,0.21253738279008888,0.2907087968757192,0.20846502873820447,-0.5322707174967868,-0.18106860306346706,-1.2513074555798893,1.1024031467391375,-0.781159720787702,1.0368628419889405,0.6721747464881297,-0.4093702078360659,-0.9444282440959403,-0.143811624689412,-0.5409564165691497,-1.2284111213415934,0.012022804415348462,0.6856420706052337,0.16127883330109247,-1.714981462499768,0.9395877506064166,1.0300669094563633,0.6486055817009823,2.4722421796425884,1.5576837174525746,2.0800412175214245,1.3657377083110995,1.9239925677316403,0.640751297189962,0.050067813150628526,1.32125726923358,1.4505675145381645,2.2605966101302,2.1150458986487957,1.400032483064433,2.3347035184204183,2.1249610232998193,-0.09464584694419433,-1.4038990772666282,2.3979996828059362,-1.469071220491773,-0.7621741212427473,0.07268724380267959,-0.00879337059398528,1.8720422687257858,1.1807253164497242,0.9268382153534552,-0.049516180570160676,-0.12270483390761142
0.2692130936629211,-1.0076031284322637,0.7113654832860097,-0.3204806034135537,0.08023463261843107,-0.41785237881422577,0.9198091756314314,0.3555041000086227,1.063789613067694,0.841438848388575,0.33810230019711895,-0.5261025181752209,1.0715076653939397,-0.15860032703602828,0.14642160692008885,-1.0129548907803552,-0.7743829104819347,-0.6944744291085414,-0.4804152011771798,-0.9620121514858201,-1.4637699924579501,-0.7243000179557633,0.04464088395475706,-0.7019864890994647,-0.0617140093717274,-0.4781823076283394,0.37179411268903984,-1.1640300733255828,-1.1220515268554436,-1.379145282636369,-1.138054201510278,-1.0847078727589654,-0.7985211611035825,-0.7871647714001097,-0.8896907896077473,-1.4179128271334702,0.22891833595218636,-1.365041158169297,0.517301230550759,-0.37677825562448214,0.5123622870638285,0.042139964962507485,-0.9855511059786032,-0.18052466851744936,-0.6614196883436294,-0.29414546436493755,-0.7016222151520062,0.0954028718689963,-0.34410608062876996,0.13624503924675702,0.4303243380576873,0.5826588397199454,0.5569194063126365,0.49658675731475005,1.180016118297285,0.3472139030289402,-0.5439926733631584,-0.32416232556744357,1.0079523622531155,0.8878119481868558,0.7829945655482325,1.5380543398187636,-0.4341422861374521,-1.1414185705076005,0.9245813165669046,0.09183038436182613,-0.07378055222256845,0.06430964136853193,0.02140431482974541,0.13490911221720367,0.17522921152895862,-0.4346040654983649,-0.5153718662992783,-1.034035671657519,0.46432909148939344,-0.6448429150735752,0.9672597930469322,0.5237632797223423,-0.7526286380234808,-1.3515170231111904,-0.47358971312901266,-1.0946835595333457,-1.461583167595983,-0.30106406759094173,0.6408578494847741,-0.17098900983139426,-1.570376907834435,0.7954065686763785,1.0515751420528767,0.6441762940832707,2.4453785810342437,1.735501023436474,1.8360575191654203,1.8213957833825538,1.7464757028059894,0.9031686489836956,0.25737960514951014,1.2890719586677357,1.1303500378171305,2.44498222296571,2.1370885097926857,1.4428197052786564,2.0107155053268984,1.9808438247041644,-0.5299526998141852,-0.9750993579235046,2.6921556067009433,-1.1382262980466116,-0.5211234468958464,0.3409777707676988,0.3245260399674922,2.218703543637256,1.8884955671867427,0.864372237691608,-0.3735966204763626,-0.24504021394597875
0.055277516740292215,-1.0851257372501368,0.793021513546095,-0.02604299322841666,0.4892730953124263,0.11570163885371676,0.9800362751569732,0.6392837019514284,1.3859064930739808,1.383467685832333,0.270757750439157,-0.4498365940705276,1.1568039281878404,0.1692387026548904,0.3428515462905305,-0.46898934875306925,-0.9519834664002131,-0.7776091632465456,-0.38670218102357073,-0.8512324807222679,-1.724355187113961,-0.3704724849472741,0.5827176956506477,-0.18320359122283286,-0.11308209494029375,-0.30148719256772244,0.24622480700000296,-1.2357801699889899,-1.1285877051272084,-1.1708492503858292,-1.1284263907103886,-0.8655487535274203,-0.7197285803939253,-0.6393095726525898,-1.0601159529261441,-1.0527979446291889,0.24313061222301321,-1.1805583553291037,0.6504651508654757,0.14344101099112408,0.09887721839076721,-0.12388167806104147,-0.9351119275309964,-0.14829853987124053,-0.6014047747248249,-0.2941964166965029,-0.5103675594044798,0.2419675533908754,-0.45605898630783304,0.021846139059454105,0.27387491206717574,0.34819244407062255,0.6097370935423593,0.4334674772607777,1.2257501220340048,0.5927714810348448,-0.7459534269112569,-0.5495253075326064,0.577329932079138,0.5373838816302143,0.44331990274628663,1.5684071485688231,-0.6226230148798473,-1.1905610430558715,0.8311036504023985,0.12360575293730039,-0.12212884835394996,0.04454936563922944,0.003230089326197552,0.11964782924706484,0.10076656238668542,-0.25263066520922384,-0.8581580400306636,-0.67479329372174,-0.2029144765395603,-0.41244439775241326,0.8396659916191062,0.412602344129694,-0.8833698041466996,-1.4678931546603184,-0.6362159802383911,-1.416101330674687,-1.3773874019878867,-0.4650941884685352,0.6044929912284065,-0.3893989567129461,-1.1149861905380953,0.533863055305294,1.0551689086008227,0.648827647730193,2.261758752172213,1.7688138422469035,1.5126934204298415,2.0919993889010424,1.5037053394834918,1.0689656568904153,0.4151477859035266,1.1035462121274744,0.7731065478489332,2.3802476707522424,2.009589419594626,1.3586754526407219,1.5896497975360357,1.6422349471375872,-0.9431626645411054,-0.4252685094123954,2.6376030009494733,-0.5349899829993832,-0.24657722043006805,0.6328060856470029,0.5306427269260797,2.2273257770692854,2.3454898715745376,0.7574386142824217,-0.5734814026440113,-0.40159639889076476
0.04133893547055155,-0.851918571298073,0.7890839708676742,0.3703873287246912,0.8837253560732596,0.6794486334551151,0.9675078693981545,0.9470065934369278,1.554439390797456,1.8110323178785277,0.3157702564170223,-0.1767763338467611,1.157377733203877,0.5412422226750014,0.5829654931835696,0.2116464322617152,-0.8351921651415438,-0.6278547960672428,-0.07593793130020143,-0.49391926032777617,-1.7954044327013114,0.0392750855481368,1.0443187160788718,0.487355580713543,-0.11941245921063687,0.02349420833312571,0.21809029131505286,-0.9802369916356128,-0.8637406567728306,-0.7066758455899511,-1.0126980996434338,-0.5635546534563375,-0.448315139377329,-0.32692720019610255,-1.10052519189104,-0.6211029797889367,0.28091709310387897,-0.9008588094729129,0.6999764891693918,0.6440296111230759,-0.1916324267665442,-0.21222492921820063,-0.6581333666194052,0.026777489908507535,-0.38282338142481953,-0.1577870037166318,-0.18010244665958294,0.44143111089587944,-0.3807710746161942,0.0302171905835994,0.2592141505414015,0.24781064865354835,0.7350699615062259,0.4461584544251561,1.2248596861808583,0.8241185461797625,-0.6915543155637185,-0.5540193610132608,0.2668025055548026,0.26135553838048725,0.24057589907375565,1.55740572683383,-0.5830479049903172,-0.9850243781225533,0.67152633148305,0.16289253527172246,-0.1040565754342507,0.04946069916272885,0.19222709774535252,0.27348223903233815,-0.0552846464646419,-0.07553858838018829,-1.138732045573285,-0.23590375650981704,-0.7875135055356604,-0.14157638795170563,0.670558851282066,0.33421564059066455,-0.7711451086988804,-1.2873133466534645,-0.5982167467035535,-1.4617334905605306,-0.9867479461867412,-0.46256509541768953,0.5896340250603477,-0.43582944761554054,-0.41684433965007833,0.24246045218465384,1.058609485430825,0.6915761671226055,1.9327735400512558,1.6621125023623415,1.1338931452261136,2.1069351666872977,1.245499193092336,1.0867772160048719,0.48355296196230574,0.8002933594925771,0.4209857860820504,2.0497710069711874,1.7375037617886464,1.1694588719588068,1.116947327266931,1.1881991000635328,-1.2725273080478297,0.11137903110125438,2.220738180351954,0.19463310500634626,-0.00769670866248303,0.8513020683931479,0.5471901776354662,1.8675153477212674,2.4286761934164245,0.6219130748034685,-0.6261777679207324,-0.5429296289169948
0.2288504922368289,-0.34065159444331317,0.6820048496025112,0.7908102887119819,1.1909640823849525,1.1665108800644344,0.8599965884844855,1.2023534501133197,1.5255765703697433,2.052274181079454,0.44204078258916896,0.2202060754032452,1.0307534855899432,0.8401789972621746,0.7898908514192686,0.8687459671377856,-0.43540932412101635,-0.26657092582658143,0.3895184375806686,0.04782388461151838,-1.6659047585254054,0.4363560617485917,1.3202588844013647,1.1530057065127077,-0.05287049923604135,0.45783321214653566,0.2910500717988543,-0.44497923655804233,-0.36033548650439173,-0.06346658173290917,-0.7957862950081214,-0.22412384012938272,-0.02743290426255948,0.09871844554099819,-0.9919028662533493,-0.18032766357103092,0.3453466397217853,-0.5414445048511518,0.6252792043448119,1.0547281915661715,-0.33727087627400004,-0.2323830410241569,-0.17093295984150456,0.33558641065644224,-0.017120567556722567,0.10912731721007154,0.2595278596933064,0.6851590847413169,-0.11580955134316831,0.1683370534939588,0.4104947894461817,0.313897324568315,0.9349761289388289,0.5632244136293255,1.1780098577005298,1.023859752167189,-0.3680071376787037,-0.3221413575308725,0.13585676553960732,0.11651393795543545,0.1993948255402628,1.4900140337166043,-0.3237324058659478,-0.571660597606607,0.47573374902148924,0.22604148902083068,0.01210894819472792,0.10441393089544296,0.5702665020930758,0.5814630514282324,-0.32363662158401313,-0.0037225046668936247,-1.3053538184815585,0.2017093682163896,-1.2023808621208825,0.10218287152444466,0.47816199474647836,0.2749429882570074,-0.4442829878925628,-0.8725719777354667,-0.3783446208986996,-1.2565659990183926,-0.3819367406755859,-0.32742196769141396,0.5903523244350611,-0.3062657907118794,0.39975889725953334,0.0029948156824933245,1.0517960060527518,0.7702514947132407,1.471059109375956,1.4262756489848094,0.7068724581025668,1.8329513518477112,0.9994191509206934,0.9347180529536284,0.44407522112967523,0.43029602281033663,0.09808192418683526,1.4712713145150724,1.3259350631131859,0.9037878458435766,0.6263909514932018,0.6915888590950556,-1.4731803021981724,0.5117475677344437,1.4866500083062846,0.8754562196801849,0.1489182563221819,0.9144485766705305,0.35908079162855105,1.1761779974443898,2.082243838799529,0.4724343345755187,-0.5399816240435669,-0.6271052032406438
0.5648342755194062,0.34881417747878624,0.4786982265553793,1.1422960940325781,1.3466859554436141,1.4701003034297218,0.6521240327103746,1.3233913233910055,1.2878356595959866,2.052434997457466,0.5870309774579937,0.6219071584889897,0.7468681506701432,0.9512661406471069,0.8824037438785716,1.3407541790359232,0.16600617410283655,0.2338677061937332,0.9067571689969538,0.6669939120717212,-1.3710471517588463,0.7416573280880315,1.3392062019867703,1.6512521091969088,0.09884065634528798,0.9361980586847468,0.4329564841737137,0.25677096466642757,0.286635339188028,0.6333221653269822,-0.5115542360921999,0.09228389856964017,0.46169691720921213,0.554115179971321,-0.7412614834861605,0.2172425144127532,0.41687049575564333,-0.14250826071838552,0.41341190831835245,1.3116057893049367,-0.3647299929333327,-0.22608415992338074,0.4595897121671952,0.7316616208823308,0.4478601478133728,0.46541161879831866,0.7527579723482101,0.9468139805356603,0.2976736000167247,0.4085404831802689,0.7063391471220704,0.5287244105060587,1.1816362363199886,0.7734734679255653,1.081031211344913,1.164073905736458,0.1741574592399063,0.10663756292198026,0.19299458674849815,0.11469525564145247,0.29933927670530575,1.3404634257316077,0.09502680725448875,-0.04237995906094824,0.273916776867049,0.31194163264378216,0.22583280309773113,0.20870991424805138,1.066499587844913,0.9844074436828903,-0.7094929619840187,-0.11699394188212049,-1.339060842331846,0.5533726497229992,-1.408860756391726,0.2599681587269292,0.27910602275498064,0.21475677679698643,0.012760340031199828,-0.3402953882043197,-0.046392841725993304,-0.8868118306689879,0.2857888866906015,-0.13422096202731817,0.5843622689547122,-0.049918267543849267,1.1775301425189666,-0.13349906489045743,1.002315733834034,0.8521645937932792,0.8970747044747731,1.0809133796063,0.23099255786130382,1.2902297498243314,0.7668089749081202,0.6273791208211457,0.30234217398833546,0.04990262162864815,-0.18701663025206322,0.7044772160169587,0.7880072648559736,0.5956547702971173,0.1433881690527475,0.20839982391990095,-1.524173964066754,0.694496547804131,0.5360386319353505,1.3490966672884814,0.20726407459781981,0.7778175363887735,0.0010362040648272438,0.2552758439936319,1.3354027543748845,0.3222231341675503,-0.3477882816185412,-0.6305174657125081
0.9542696652192497,1.0700412538145414,0.21292341104788803,1.340029314200077,1.315675004761408,1.5103306940006982,0.3624070535960673,1.2471611306826627,0.8717409315712723,1.789352883018742,0.6742919660163788,0.8941574470441588,0.30442805234482917,0.7953112644200112,0.802169189359788,1.505754633834996,0.8335830031865181,0.7648509394359059,1.3547730591146887,1.232593954205411,-0.9822960839923252,0.8871108316527704,1.0880082306505432,1.8541447112011287,0.3259574862473576,1.377688866105738,0.5898607704979757,0.9727520777956347,0.9383541665075723,1.2367814463244005,-0.21870986681491103,0.32098181667679404,0.915976139726121,0.9396241830569343,-0.38365992955720474,0.5288570207138517,0.4597856562079347,0.23581784026985908,0.08583550988924143,1.3700215283392547,-0.3329103687741767,-0.24851599097218594,1.1267998335910596,1.140318777147733,0.9344457312562439,0.8428722002268876,1.2265309052989772,1.1868575160332528,0.7839105007592878,0.6977323357543584,1.0850487166066718,0.8329365089604428,1.4226225253524973,1.0289656315794682,0.930280229702362,1.2157866904253347,0.8289696652072172,0.6442794212318851,0.397573242257612,0.22430254642953812,0.48393172077904,1.0859538942248925,0.5732999232996048,0.48643495676434984,0.09415094624733564,0.403049144301795,0.50214051217577,0.3351121506696533,1.5709285029219402,1.3901041771929235,-1.182860971050754,-0.4455258328842733,-1.2578686259885714,0.7481504329044928,-1.426367991580822,0.29327278261139994,0.08622007755172148,0.13259983626095231,0.47791684170306237,0.16901313473886245,0.29303395245468383,-0.4758170337097331,0.8459357385299602,0.025072246979246444,0.54110987763411,0.24654617017212002,1.7596258187531397,-0.16086913388703913,0.870116295177619,0.885830822348867,0.2472619608851615,0.6576431022006366,-0.2882060266523874,0.5568845499851522,0.5291049680169386,0.2143890822530123,0.08544938003761385,-0.28957718648055425,-0.433606732599616,-0.15025563989453408,0.15415030420672532,0.28279715817230905,-0.30891957356120936,-0.22461358664703948,-1.4305482621826455,0.6394069346948923,-0.4887410908248639,1.5152222570097256,0.1799507131593302,0.44780522447294036,-0.45168817942481565,-0.7441908142288344,0.3026839881009076,0.1830797568885936,-0.09674588236183251,-0.5535387293061302
1.284432603363778,1.6642421794290472,-0.06087529117825618,1.3309740955216407,1.105331176891347,1.2590939059284123,0.033361394421329425,0.9528460944143313,0.3491961060797271,1.2860588279739862,0.6371908505167712,0.9279830738611495,-0.25818474043615636,0.3570135803478673,0.5363938702558645,1.3158753624006596,1.4095820450647303,1.2069425770419238,1.6239647705362936,1.61954545104175,-0.5873938511767237,0.8369024577190565,0.6185604969568772,1.7029745863521393,0.5953543605929756,1.701848322199524,0.7048984139616918,1.548278461100382,1.4456024861841916,1.6147388617910716,0.014371369669172289,0.40985900375672196,1.23459835996625,1.1634714756333087,0.0225737977794792,0.7249753418664697,0.43487089209603114,0.5255772819007021,-0.30479628942205517,1.216067626664443,-0.3087063957799547,-0.34567582175364947,1.706284893406758,1.4758470630910019,1.3503701466747848,1.1619766989519473,1.6039648379107416,1.361147879389842,1.2492944542568527,0.9718873222548504,1.4595261682041925,1.1435391918114297,1.5937146173186902,1.2585240329488179,0.7280842808555068,1.1597528517223705,1.4575897334560077,1.1733616492705605,0.6736413686285629,0.38371675846343284,0.6787190657849453,0.7223894496246996,0.9950446851579083,0.9014961597386976,-0.04030361460745834,0.4721649346493316,0.7796187297356135,0.4388604759432113,1.960114653944785,1.6950595349556703,-1.6789554292156312,-0.9531839440673763,-1.1094109611777807,0.7456914901666417,-1.3236300119391997,0.19352077969953962,-0.09174748651882736,0.013641185602097265,0.8227497718158089,0.5281849963565494,0.5289315235503428,-0.14910610595695928,1.1554735379833623,0.0704033711629765,0.4333775274135609,0.4855476789066616,2.026233558866973,-0.11577059929189848,0.6265978229911804,0.8205437654425233,-0.42078838687852843,0.20171168628692737,-0.8259302119216436,-0.24165675733919012,0.2619556879383945,-0.22958526711879862,-0.16489979002456442,-0.5500824998237037,-0.6398497412273301,-0.9648095348594475,-0.521607371412379,0.0032614593964106356,-0.7044948117977305,-0.5858602755062594,-1.2206985796030536,0.3902746016668251,-1.4270512845694794,1.3566167673282967,0.09845262028993895,-0.018292262874747018,-0.9019167962397471,-1.6500602598211174,-0.8350310413432469,0.06498128577917617,0.1625831175636313,-0.4192788435860061
1.455456016932801,2.000115406263971,-0.2809125241634906,1.1115289598169642,0.7671344089310408,0.755215223568797,-0.2760015313366622,0.47589798049562704,-0.17890869957080602,0.6156134070031695,0.4421673296431396,0.6769134215540018,-0.862391878339303,-0.30086233195353485,0.12813353797802346,0.81489792028556,1.7546835916324883,1.4600956981250144,1.6453312278014938,1.7407175199687028,-0.2661367560849512,0.6017325302605074,0.03847864596024638,1.2279449569134946,0.8560808139150184,1.8471394853948608,0.736220850603483,1.8640958518278778,1.6891022003904828,1.6855914653374198,0.13187220452260368,0.3375579497120697,1.3455291430475504,1.1677770692907015,0.4071656361530484,0.7927227977190906,0.31466814210333127,0.6685364606040175,-0.6866945225421622,0.8737362641445,-0.34252450290013503,-0.5347827511299393,2.0843938040737946,1.6628690501760452,1.610011192663695,1.3516779577496731,1.8201943070462647,1.4318138692042497,1.6032758482037845,1.1719280647582442,1.7386018030403718,1.3763940751213661,1.636530590564911,1.3883654944989927,0.48663235023734136,0.9951987127452901,1.9211896394778853,1.5752246052803456,0.9318599493543568,0.5223340686031496,0.8133131558499146,0.2761426033418492,1.2575124586690543,1.1205057972096226,-0.11396417561795494,0.4928165032601944,0.9872136275074512,0.4737097371591823,2.1294130732122736,1.8120209158099883,-2.1094797530528613,-1.539682348986454,-0.9537640290668066,0.5485795419688406,-1.1932218532307397,-0.014724113684395386,-0.2484072885562723,-0.1434285469921084,0.9487479970470245,0.6576884812724979,0.5772718178955192,0.0018675246056369871,1.1394787900828185,-0.039377029550595424,0.24936317785260365,0.5885972583446647,1.9254120387288234,-0.059720658120712936,0.27180035724848683,0.6277814216988656,-1.0302325508353976,-0.23048101612352942,-1.3320370367587833,-0.9577535766043123,-0.04783891112412103,-0.6213667797061814,-0.40138753108560354,-0.7110273337569781,-0.7964262192441462,-1.6067113879035593,-1.1622721009095691,-0.21019699359100935,-1.0131903723572449,-0.8621499295592325,-0.9398326300700606,0.040504194426565186,-2.129220716098758,0.9410526745861754,0.00015822832105332312,-0.5255677979425971,-1.2538656749064896,-2.3039084457429313,-1.8662541268449635,-0.02485149430801068,0.3852645915261271,-0.26567620173631123
1.408964888783107,2.0086783449281547,-0.39495241471673564,0.7330872307105181,0.3847490445124373,0.1034200749923303,-0.5037969395090774,-0.09299814889382148,-0.6049521428661375,-0.10588389840985053,0.1042190485419305,0.1789714250084346,-1.4015867940991227,-1.0440535279724326,-0.33046049642614406,0.1321546209764306,1.7866606458521366,1.4706063876632787,1.4110653587820523,1.5721480870002635,-0.06916626799163356,0.24097999934109973,-0.5133391466451462,0.5460652343616479,1.051273262172766,1.787489979525164,0.669029803788331,1.8660260501155967,1.6149691131805457,1.4431829922919877,0.11182055073808209,0.12605980793950158,1.2268085614988773,0.9486820459209693,0.7034625009778979,0.7386985188189418,0.0968314377893126,0.6347347861068197,-0.9861134526321621,0.4052941680701889,-0.450719592182602,-0.793618135663047,2.186415571316596,1.6563795844363338,1.6566094853538307,1.3682246984796425,1.8372577335234979,1.3776386051312368,1.7785441669503053,1.2569711249056963,1.8497009365952208,1.4674384170268886,1.5164787858839242,1.3643042969657335,0.22906987930866402,0.7436639276729785,2.1161870746797393,1.7601181321176913,1.093544156714149,0.5827381458098836,0.8411441920918447,-0.19353888552857296,1.2988726388076761,1.112850819355342,-0.12184697942669981,0.44979150193183376,1.0654067526223445,0.40986196192005075,2.023236257861475,1.695922517774188,-2.3822723682033993,-2.0626250763771368,-0.8417009119927369,0.20633541390694693,-1.1170931293896933,-0.2780071053658653,-0.3768739197898749,-0.32179985989652266,0.8182016502121406,0.5470643331876394,0.40944277613082286,-0.05325920411846467,0.8137478613053606,-0.29022417240682175,0.0015346418393534732,0.5209728629239337,1.489579122025,-0.05161407783963176,-0.15649028030620782,0.3171199749323126,-1.4957820812618332,-0.5791327674719969,-1.7356431235349192,-1.4558081646291021,-0.38872524864513247,-0.8883978865598627,-0.5802069014197946,-0.7691882053430944,-0.8858340503565956,-1.9684449745580739,-1.67754235116062,-0.33654209583100547,-1.2046388280617053,-1.0432312137111945,-0.6404936258047841,-0.29465905050150865,-2.4863510394613266,0.3995524311134904,-0.08294385905368565,-0.9648257837361208,-1.435411835147904,-2.5957230840011687,-2.5945583610902885,-0.08300294745004741,0.5382673850466793,-0.13316764691533886
1.1463350074713363,1.7027718627838022,-0.37582910593729285,0.29201727416621764,0.05159669896299651,-0.5457073664894447,-0.6016458775045468,-0.6264339181643663,-0.8415369536061887,-0.7396207340675616,-0.3112461539079159,-0.44594327663801536,-1.7645378690942404,-1.6955310402225228,-0.7216921301121118,-0.54832544094447,1.5053536951598028,1.2466791082250424,0.979688603400981,1.163030161606995,-0.006209011990706789,-0.14935779002197574,-0.9012066464033747,-0.1647790762670899,1.1336481320136245,1.5417483589721863,0.5188480143927373,1.578479156429991,1.2534275736998588,0.9620766279575331,-0.022586618661331534,-0.1590522286590145,0.9155097555643766,0.5629244150184031,0.8643559197629402,0.5897715699548202,-0.18899966250501224,0.43599437600585295,-1.1448955697634366,-0.09691218182248108,-0.6099835513695575,-1.0624032811266282,1.996767733483121,1.4547951839112407,1.4792461092891023,1.2075865484160992,1.654287150717308,1.2009920633787348,1.7457015289808466,1.2119452992712656,1.7572018462395629,1.3875265980205633,1.2357806608203,1.169195131260591,-0.012916755627964032,0.4463695575407108,2.002179333933634,1.6909592260597541,1.1104586101451608,0.5372521271542785,0.7512705444832102,-0.6042980701729966,1.1159618121688446,0.9068053656118302,-0.07107390515096497,0.34610661404430426,0.985433351731855,0.24747268994603638,1.654125803122643,1.3601916803205694,-2.42445934097351,-2.3747046771967573,-0.7958429050885614,-0.19191323654545098,-1.1348464022584146,-0.5254227101080307,-0.4674224666594882,-0.4873220338704554,0.4693414772548221,0.256702925634348,0.06596090037391124,-0.27451017726763893,0.28190391963677136,-0.6132637392471837,-0.271225977056365,0.30325896125171986,0.8316205082398356,-0.1211946529103752,-0.585916265920878,-0.0597283459615008,-1.7420885514806679,-0.7932005955925827,-1.960634787127803,-1.646735365315071,-0.7197801197451089,-0.9856650787478213,-0.6689371711518005,-0.7353753333186934,-0.8880837976775348,-1.9951909725438512,-1.9817972635831338,-0.3713133549698214,-1.2562572342366638,-1.1202579788525984,-0.37155876737399113,-0.5115018042676879,-2.45433707438784,-0.11258040885291622,-0.13076214914045212,-1.2399711901867934,-1.4140244757271,-2.490113919754884,-2.884109651792277,-0.11037368085831314,0.6040204864668393,-0.05173202988400852
0.7303369235542173,1.1744828936679876,-0.23079061182188595,-0.09510679580676366,-0.1557445604649528,-1.0322478670522988,-0.5493074221360417,-0.9932643538582706,-0.8457899328703055,-1.1552623833535007,-0.7027467535919587,-1.0258543960483746,-1.8648308890357648,-2.081351571808784,-0.9368312682577709,-1.0373192192668188,0.9951014284010242,0.8570339100088014,0.46259894060086015,0.625454981956079,-0.04731746467276218,-0.4611450116175661,-1.0289661717703695,-0.7115405441954182,1.0800554696867566,1.1718544297450888,0.3256712961685345,1.0974331508395012,0.7130592908438504,0.37955506996443267,-0.20781581337284258,-0.4239496116427368,0.4999982756326329,0.11633315643632483,0.8740456632843431,0.39003600174484293,-0.4841357617196391,0.12857011578201455,-1.134080436956868,-0.5275422798985364,-0.7654811407987372,-1.2588895113325966,1.5650795511686384,1.1019084204099834,1.1189791086037297,0.9075864344119959,1.3098912050181695,0.9291481324386367,1.5190161607016208,1.0484866850633707,1.471794248119827,1.1478053045486667,0.8370723161877571,0.830305687368359,-0.20499444444058335,0.155430544333752,1.614060884462669,1.3934662256089292,0.9754194139876388,0.39407070860673604,0.5689564449118838,-0.8714677668434726,0.7660719378250102,0.5803238368443677,0.019600909364302924,0.20371258908837225,0.7602118825686395,0.02036488012631613,1.1035778094760722,0.877198138219329,-2.203399209941723,-2.36672418602759,-0.8021308247544131,-0.5369452069598402,-1.2270163284890874,-0.6856039588039446,-0.5074813147492413,-0.5960904735710906,0.008978960934046015,-0.10144116164192467,-0.3510152039413382,-0.5640581922774105,-0.2935678549113029,-0.9034171301138879,-0.5103404373531056,0.00544394038489491,0.11924113221928738,-0.25444130456510294,-0.9257623745881688,-0.41981997171115326,-1.7252455667998763,-0.8439671851572216,-1.948564120160241,-1.5125668013307831,-0.9783905437510073,-0.906143137322832,-0.6524729061039664,-0.6298627279563033,-0.7909212048811577,-1.702575644188763,-2.016651989288809,-0.32774865607561104,-1.162664232122393,-1.088676302742498,-0.1679598893050226,-0.5473603227480724,-2.0659801642790154,-0.46061017973385454,-0.13620450952389412,-1.2924760946979859,-1.2029290714135397,-2.036832118652935,-2.6939342549121505,-0.11175500413330813,0.5816435465292947,-0.03158366307662688
0.26834024650188154,0.5698582213824301,-0.0013855160746916297,-0.3252469437906701,-0.2001430827313137,-1.2316700874122308,-0.3630158656879221,-1.097743097683162,-0.6333961360698909,-1.266155265069221,-0.9611966744083553,-1.3875672953661173,-1.668531032395321,-2.082504704302846,-0.9113982586008701,-1.1959726943711009,0.40193499411957834,0.41173687100312295,-0.005861042576539124,0.10465002414893773,-0.13650468257549034,-0.6052308711297317,-0.8684095678752078,-0.9411839681203654,0.9002207133686563,0.7683805663211651,0.14099128460833077,0.5635314865596748,0.15023561078885544,-0.1424155551231769,-0.36115810788537944,-0.5750127765396681,0.09595341137974013,-0.2648458081424561,0.7518451855118273,0.19266539604012456,-0.7145398185740538,-0.19836495750018623,-0.9607407510114041,-0.7922684811479215,-0.8507543703974753,-1.3039171851830618,0.9955238342526872,0.676616618137389,0.661081845649758,0.5386865259504998,0.8752950591682235,0.6093512242151319,1.1521775249534094,0.8000823551742283,1.0484379329209659,0.795226397222697,0.39539038014519257,0.41398690625430046,-0.3185536926276444,-0.07882301035883213,1.0537909714047466,0.9490897595244546,0.7215292455933261,0.19174144172427038,0.34522049568561514,-0.934518648908505,0.35091956218415155,0.23728592573338197,0.1229950839138834,0.057302583724258505,0.44281531437494653,-0.2123858468173093,0.5024101141341205,0.360862158128143,-1.7402109893239914,-2.0046899276090366,-0.816123679657453,-0.7284571980691524,-1.3216111483427517,-0.7061873211667165,-0.4850762112748964,-0.6079936590760011,-0.4176809311145559,-0.3993129053117745,-0.7067650555325931,-0.7981459014774193,-0.7393043266277095,-1.0524599236151302,-0.6528916887874128,-0.2754680509039216,-0.4679202470022858,-0.39790173467931167,-1.0928385965485505,-0.6729446781735031,-1.4508461011770897,-0.7355679499998287,-1.6823652827659097,-1.1131129866790608,-1.0995730917206183,-0.6822309204085532,-0.5365739941032714,-0.4784027876123032,-0.6004902947913905,-1.1776098902711394,-1.7718216500055315,-0.23334599003740122,-0.9429300247340786,-0.9539510730322696,-0.04398777505542018,-0.39781094640423226,-1.4268460263004368,-0.5680762531422942,-0.10258230873689671,-1.1167657172587289,-0.8566574942197434,-1.3614087105933659,-2.09138457152395,-0.09460898290540365,0.48605291833717895,-0.060821399091258006
-0.11916442823928652,0.04725993828279221,0.24684004344222157,-0.34186839282875886,-0.09500592008597539,-1.0951179982776384,-0.09420037237694882,-0.9129739260701789,-0.27690465412609366,-1.0584603029701187,-1.0054995991119837,-1.4142975404067357,-1.2115307341553159,-1.677792068713533,-0.6495741411403948,-0.9811362691696347,-0.10924955165093113,0.030090384290891545,-0.3073256837982278,-0.2630404136945847,-0.21300499935200864,-0.5404141201886541,-0.4709793228246525,-0.7901966482421252,0.6362441834848682,0.4262513629301475,0.01152275256310058,0.12169395586794746,-0.27820688860034715,-0.46513407006236035,-0.411421492573234,-0.5517884215832026,-0.18786826334258905,-0.47261742706148274,0.5464064913786204,0.04720089807537956,-0.8129322853511146,-0.447211944281185,-0.6669685064656121,-0.8338816857647456,-0.8136705675238354,-1.1510244427784948,0.4213039625511368,0.2728213771509993,0.2142276780762868,0.1857156676828505,0.43911984552040606,0.29870446016948765,0.7254868693252254,0.51380718195295,0.5734397867837145,0.4002557156504988,-0.0003155750312673655,0.00862781837884065,-0.33953280809220815,-0.22082013763530087,0.4631262491635769,0.47228604562686,0.41107304105471715,-0.015357131687732088,0.1390710917652187,-0.780703582593303,-0.013589528090650147,-0.024161275140972934,0.2093788358307283,-0.0569432348871925,0.11213626765255232,-0.3850835832175831,-0.005233419342792907,-0.06498167723374026,-1.112028715434316,-1.3494875943355904,-0.7831803612086896,-0.7066413666378842,-1.32416041423446,-0.5712368266804996,-0.3952844276048841,-0.5026843516410601,-0.6726766533593769,-0.5340658147672414,-0.8776807988558234,-0.8696496681835899,-0.9246940265796049,-0.9874024260792211,-0.6523737276950732,-0.4478506524370095,-0.7881436682545331,-0.48165003488336444,-1.0398998074105348,-0.7517353231599192,-0.9817370666020174,-0.5080484075451797,-1.2027100241059177,-0.5714103105395771,-1.041599754656651,-0.37795326585450006,-0.34838339454448547,-0.3096237004010468,-0.3474167212496657,-0.5601538102374337,-1.2970836279625293,-0.12269591925307653,-0.6422322549793654,-0.7371358719143463,0.007482602857295975,-0.11649670104005352,-0.6938166153373108,-0.4364722430384111,-0.03999351086365245,-0.7627278903321977,-0.457586236097575,-0.6363474889848436,-1.23952687908496,-0.06760174433174015,0.34491132143310604,-0.1110142033802466
-0.3357998593573927,-0.2686274080288236,0.44266001472708044,-0.1560079190926008,0.10043520558103196,-0.6715732238321894,0.18235327365013834,-0.49675185626734936,0.11286011910418399,-0.6036563190355393,-0.8144007610522394,-1.0911128455067145,-0.5996270858971736,-0.9628175830236874,-0.22838954035274608,-0.4650152446559315,-0.4050852846848734,-0.194855438631272,-0.37596236028208835,-0.3920621215068935,-0.2326108376310916,-0.2904390456445857,0.04256778920154765,-0.3119631810636198,0.35240186039172017,0.2175493228966896,-0.03543527532191999,-0.12137037429532097,-0.46437780357177877,-0.5163580619487569,-0.3274252639196311,-0.35223626078676834,-0.2837575867007631,-0.45383148788040345,0.32190361228049985,-0.014668334035484799,-0.74333315451631,-0.5429612866033875,-0.3214206655916099,-0.6531296446456959,-0.6398723184466341,-0.8106015374408139,-0.02937746883743855,-0.025086430513716985,-0.11834144897721373,-0.0744262551140346,0.08706070947846588,0.05131620506562794,0.32783796828433326,0.2411684219086928,0.14387120237333362,0.04032620185525624,-0.27154736825815723,-0.2995797582193629,-0.27494593792989,-0.25916821429553516,-0.015364119784380705,0.0786403737259413,0.11775469189139108,-0.17513751701588232,-0.0015159136727152754,-0.45691884142403466,-0.2330683875566803,-0.1413754746671496,0.2540703852216587,-0.11381327092125411,-0.15025309053706587,-0.44830870557049607,-0.30426415143870356,-0.3036241639781494,-0.4409107631421473,-0.5508626778995446,-0.6652932416410519,-0.47612664815964467,-1.1617124929292848,-0.3111069029894852,-0.24733689284895888,-0.2923763304147257,-0.6724642867529229,-0.46209581336951977,-0.7961043571338752,-0.7277610543291918,-0.8046947385982468,-0.7015875028733479,-0.4986747494394729,-0.45738813563125635,-0.7803802252307309,-0.4522679313403208,-0.7772968930512926,-0.637759480649667,-0.4305892915873615,-0.2303301877351156,-0.6094706135365963,-0.04100302898336993,-0.8088406318431683,-0.07381584437780307,-0.1329491514762644,-0.1532410913810097,-0.08428807144872705,-0.008102472105301017,-0.6994705571366182,-0.02867096878164977,-0.32578212411001495,-0.47691086870912414,0.009492154604823217,0.20247205962430184,-0.03962940759529807,-0.1413621851405045,0.037279173059746595,-0.3246657773998195,-0.09678319595765869,-0.038666045657374304,-0.35952349426352276,-0.039405903477930604,0.19351914935051168,-0.14870998064637744
-0.3404307675553212,-0.3228150508254716,0.5307495273657811,0.15340920401349958,0.3009251592556258,-0.1016616887312495,0.3887396379031827,0.018153084907519827,0.4180841035135115,-0.04709625046081536,-0.44267870850426844,-0.5204750301456416,0.011781629898068122,-0.13500818726568645,0.2218494178998851,0.18027104176606615,-0.42532137031563283,-0.22365055857005472,-0.22055646550730384,-0.27544558020515103,-0.1812168821451708,0.058768630518324684,0.5141081985736758,0.33068550808848274,0.11825449089698889,0.17061350711212922,-0.00011311446266265485,-0.1280855147712623,-0.3839511042318188,-0.3138985107339097,-0.1321301536767171,-0.03897148047245963,-0.18727945504675245,-0.2312865357977805,0.14073646349804447,0.01033803246855221,-0.519440921292737,-0.46023255206646274,-0.004893802883222755,-0.31606514267205404,-0.3645509125568547,-0.35823660100160276,-0.2665471909418386,-0.1641820403377568,-0.2674586542381932,-0.19275993424117854,-0.11849742554420004,-0.09414238816192774,0.03772379976189459,0.029694711663723256,-0.15563569701778016,-0.21711951979008015,-0.3734474574809231,-0.4511326256971998,-0.1543493236492939,-0.20958568764480892,-0.27751418167511727,-0.14655247996359547,-0.09262084236431667,-0.25341255448912914,-0.053488624909226935,-0.06345839915508482,-0.264216101831943,-0.10514618075866265,0.24495082732533574,-0.10801410126479861,-0.2846397371980719,-0.3878094923721813,-0.34407868638208844,-0.3160774740940134,0.13042618819019605,0.18647874400329334,-0.46298025481331284,-0.11189838815575748,-0.8234137218840022,0.0004174402290520783,-0.06860101079453634,-0.025504519456815603,-0.41998469846143693,-0.21389763056315952,-0.4800333790940695,-0.40027873152913,-0.4370024693118156,-0.26595426158043406,-0.22951352350605186,-0.3071902673579038,-0.4857738060876986,-0.30147867702086784,-0.37904754863689055,-0.3734553845096146,0.06350864966693846,0.016298958906805692,-0.044145645611026435,0.3359745446736071,-0.4617491399996028,0.15235392190190852,0.055062131950201675,-0.03754086898816477,0.12658040250147665,0.3446719249052758,-0.1235145542404672,0.025493731351765782,-0.06523015368755301,-0.22554484740367148,-0.008423750844587272,0.45440486372214317,0.3888912827400703,0.19358419786303044,0.11210526685029192,0.08098731297463316,0.14674970960891384,0.2956966773117201,0.3238716750703656,-0.017856801242851876,0.06828612160100107,-0.148311858709795
-0.1611896724437545,-0.14407643378772408,0.49018051862919465,0.46287541269658883,0.4240627401007493,0.41923734718716255,0.46736125659600597,0.45972750315746,0.5490432453727399,0.4279626630255126,-0.012997756852119156,0.10175589664180727,0.4558115386156726,0.556053141700969,0.5565541890464617,0.7321976532999211,-0.2007515432834422,-0.08014960729615771,0.07659547039916895,0.012277918450105079,-0.07532637143960565,0.3839266331494902,0.7944350845724911,0.9109707600861436,-0.00946857971118303,0.26358656031767674,0.0913761289186387,0.061973397089770045,-0.10287638311295791,0.04006071441431774,0.10488469580989496,0.27884667484537745,0.041384827338041996,0.10045464791703901,0.0487579559741852,0.09560194111734997,-0.20826712094111835,-0.23528244204338977,0.20771759855807642,0.05808612748581069,-0.06610348740079627,0.07989168805473477,-0.2611217711199941,-0.1359303804696145,-0.2174136530660803,-0.1601509205361229,-0.15334099854300232,-0.12336022490590211,-0.09268368322009772,-0.08427245002738273,-0.27310405711528557,-0.3287739590815178,-0.3093276570562547,-0.43058190242734323,-0.024532909423574063,-0.11028332473943414,-0.2848874880852263,-0.16964471744619852,-0.1779811538613341,-0.24230201475572963,-0.022992457669620003,0.2712231715925804,-0.12761567580430985,0.04080191603448601,0.18762514119845308,-0.05575802086325395,-0.2706509088063535,-0.23168537963886804,-0.1546048572623047,-0.13420397969154937,0.4727874086745771,0.6585820353795407,-0.2209654324902014,0.25884796622420275,-0.37866176751049896,0.26414320285824444,0.09816851995774781,0.22261416934452594,-0.008049866760810069,0.11661619697900079,-0.03427174775572143,0.011808590962202773,0.034391046266910155,0.18719858149264337,0.0733774746396682,-0.05782626140983019,-0.038625591585815154,-0.07607619717766814,0.031690226832191665,-0.05365085392758033,0.36995755088161214,0.1599781838844438,0.3451007969546782,0.4675075028825842,-0.10701425346257257,0.24450964254271515,0.16423988617415047,0.015293028974746416,0.23223776896739137,0.42500831580892584,0.2824589923806208,0.031136597131623218,0.07936172081667824,-0.03821069909085984,-0.019316140066357932,0.5571319987918512,0.508139308105057,0.4365086406883073,0.16607315149001733,0.3444911332823804,0.2243822411390879,0.3077511975582974,0.6399190629508416,-0.009103790251275107,2.4641327149707698e-05,-0.10088703818157378
0.11337097200878704,0.16794505661594014,0.34352204306807366,0.64566891562161,0.4185891660612133,0.7003243507092617,0.4003768748891877,0.6697288504990738,0.4719139711371735,0.6528286286015421,0.3174817452458112,0.5459688284381518,0.6010325989845642,0.8817038126627279,0.6634101708927299,0.9882171225117923,0.15980827556072724,0.1600186049229209,0.3854180525935763,0.3398287348009105,0.050598523645722746,0.565494530670448,0.7906190961630912,1.2113366793875855,-0.0005153377629287386,0.43566560825349676,0.19828177171011033,0.350791503763062,0.24745408536699093,0.39385564037975984,0.29507745098777916,0.4839140037282707,0.2989981596339548,0.40587707402829315,0.06783374033221605,0.19485905995359035,0.085548644928619,0.04373191876605633,0.26569078343965724,0.32865986286288507,0.15839746475488292,0.36385324358934407,-0.04996960504733078,0.02376629547332381,-0.009253078096042991,-0.007725885971311333,-0.03634382455820185,-0.04948201164286106,-0.04733187849533895,-0.08171828712515161,-0.20159106312734612,-0.28459112782104923,-0.13121437870015112,-0.2712891773953342,0.06209857628668376,-0.011069113703490152,-0.07174408284734135,-0.013710993134594859,-0.12873788172144776,-0.15965138774337737,0.060763785208611205,0.42876403726558776,0.10142551740195523,0.2189074034234983,0.10607295744677847,0.012221780548289604,-0.1313905957124818,-0.0419724638225169,0.16367428854279517,0.14939913898741342,0.5072796611040248,0.7250934339963815,-0.012604205057904345,0.49645676390592447,0.038978327134805923,0.38580047171268356,0.20556122212389183,0.37142922105075193,0.4102802450054173,0.4059474427360622,0.3811862804250025,0.36843147596426773,0.4261043920685171,0.5060655548657932,0.30539886320286036,0.19411417402718306,0.3732240890441297,0.13790145883079938,0.31601231016395415,0.2025491256739118,0.4037152027260005,0.15869405450289406,0.44725953638120497,0.33534508685023506,0.13198665771865653,0.1831303904936824,0.16168652756090354,-0.004077346762192744,0.20864379136120698,0.23978687488401493,0.4058293187847406,-0.004882694427180086,0.07651227211051354,0.04213838434032255,-0.003625636313538673,0.4769425023797383,0.3196087563074986,0.48879543525704205,0.18312453013122953,0.3917286088651134,0.13009790940632998,0.030358504107016012,0.5167012982625763,-0.016435726866986747,0.008479402634424713,-0.01502751434593525
0.363519450720335,0.47801875381474135,0.15243030603991245,0.6176646895832554,0.2820774330825471,0.6190897176281673,0.21818153132110266,0.5573886661055938,0.21990695428000992,0.526821253698169,0.406482759108015,0.6255681845548848,0.39321754002014947,0.7086789988918805,0.5005469601325361,0.8342942557888096,0.5092333173419361,0.39789677960595304,0.570805179886566,0.5640211541712211,0.1641736692732194,0.5314033749519235,0.49865982353943866,1.1007697818181754,0.14327004937386484,0.6120224934473555,0.2817329552394778,0.6205775910004472,0.5179842863008941,0.5991621976580516,0.36799912498174725,0.49606377647626476,0.4766952322583961,0.5564997343819374,0.19694597319082024,0.26157757531331516,0.25180164869662736,0.26651989713153934,0.1565540486604785,0.3769136390846097,0.22784948466902052,0.38804826061585607,0.27815784104873176,0.24716124845469406,0.27364692751022845,0.20416414264680943,0.17714512978825261,0.09049691245331908,0.15163218130923323,0.03425604839634606,0.019187839335619867,-0.11064788027942267,0.0744871829946495,-0.04596982859878514,0.06227962735176353,0.04045032669516235,0.2698133565559873,0.25315552553243054,0.031815850118295096,-0.04094934456401552,0.15860768102023629,0.3401709656498605,0.3207354423052012,0.34826568770969657,0.0375317024185149,0.06366889668304888,0.0770370579745033,0.10714458130430571,0.47308577887953496,0.41213487582036307,0.23358479561574028,0.35878001698598666,0.0917595652778027,0.49790919601365025,0.27922474484469634,0.3095470058823205,0.2174766535094507,0.3627734374812439,0.6756974477931619,0.5464820071767917,0.6065674892605842,0.5423363175737265,0.5776062433609124,0.5735472836249711,0.37237112571730163,0.351642705552986,0.5674815256623035,0.2514017001564564,0.36208155575367557,0.2907571767480683,0.1526509292214463,0.012545893785134548,0.22710391166019317,-0.0034930098753648865,0.15543650907120976,-0.00841592405011283,0.046142526694504186,-0.08573897245135864,0.07278667176842289,-0.1287454482372654,0.20345491412071262,-0.06301955771956376,-0.0668264066371582,-0.00064099242186306,0.051459875497551946,0.23905689171843583,-0.0910161492688687,0.31504131083953707,0.155483476861798,0.20583218339066736,-0.0962973958529374,-0.4231791087188141,2.0391258087837958e-05,-0.03909342715840875,0.0990612379749699,0.09045352141187174
0.47762664422512924,0.6601579621302673,-0.00018957879668443097,0.3702326836112044,0.06154794758683868,0.16694703762731533,-0.007206324295478829,0.13444544124291755,-0.11639588391606204,0.05340210184875932,0.17485736277441688,0.2632449355711231,-0.12288783047527473,0.04882567200166838,0.11217386992722053,0.28691171726120085,0.7135675224467843,0.5457374939530218,0.5377984035668534,0.5787787025811176,0.25297552083875496,0.2863967473656562,0.00878771568922356,0.5869758241847277,0.39067353203500177,0.7321697604130595,0.31945264902850307,0.7768894754152633,0.5945442821216526,0.5626845880529148,0.3019972602460906,0.3063882839298205,0.4991705774774869,0.47830322052575797,0.4189550185595624,0.2695988169363784,0.21242969494462055,0.33985727329554394,-0.08857676094434451,0.14644866264945158,0.10801340233522401,0.12213888769344755,0.6109608035227797,0.45557413077538533,0.5330376436760794,0.4047949796281992,0.4114065448453899,0.24518231054097428,0.4495333787528522,0.23628911165990535,0.3122822404026568,0.13478389176903874,0.21196719789016608,0.15402211160331983,-0.04529729729027172,0.01122822234305253,0.6203885624015502,0.5410931884337525,0.25439836139172134,0.07240017310680207,0.2352756978132165,0.011810416220277335,0.4368782847057463,0.3743051296212422,0.022055985976881125,0.07809262778924513,0.28606488369926253,0.1563860329151823,0.6438877387554363,0.5420068130553205,-0.26203677563740996,-0.3377785500657695,0.058303611707755464,0.236833768267769,0.23545753910491407,0.041704003945049674,0.12406884986141332,0.1841202877248939,0.6812921133661759,0.48662354377817285,0.5412241607330037,0.46882743339682675,0.4062781865467198,0.35296692526477935,0.22420260000461925,0.3532570197807591,0.42654719275619174,0.2124644542567388,0.12274655281180603,0.15713874329920346,-0.3151638669795794,-0.236402935740012,-0.2564635609818334,-0.4369736133365857,-0.07722242749593712,-0.2686491789022803,-0.1466794017182474,-0.19848860000541516,-0.11876125559017246,-0.5500097606476116,-0.28166728664140195,-0.11661028515981092,-0.3067399308310003,-0.14802722510694252,0.15566659479666722,-0.08065582919352601,-0.5782359207783613,-0.0477165267806492,0.08955070585725858,-0.16535507525543844,-0.3768213488469291,-0.8936789272532121,-0.7594350579994507,-0.07202457976780065,0.2620489184669323,0.1981316378289696
0.3875326019220875,0.6361760051768139,-0.03646970547614949,-0.023560572287207544,-0.1632199120324086,-0.5412092448392988,-0.18303115038932433,-0.4829070026035068,-0.4166236405073109,-0.6549513087466107,-0.36427061098567914,-0.4786819810375749,-0.8112681066551285,-0.9358300544615643,-0.3846253635913573,-0.5079428031965993,0.6960118702082287,0.554933643993371,0.26329543372664205,0.350481313597997,0.33151615495807624,-0.08582667515790417,-0.5203443245966792,-0.17896085399616246,0.6900144878469348,0.7701282518941566,0.3123063758028597,0.7790763196564633,0.43527884429667874,0.27764731971799583,0.13513532365007322,-0.014542076797610657,0.35048297488413843,0.17994866393311024,0.7080784715523588,0.22550367350890155,-0.04939838771464873,0.22108801496873895,-0.4011932437503792,-0.33467177370006945,-0.17459699007962762,-0.3727916650636304,0.8457501233316349,0.5818752464962137,0.68685720675861,0.5337437459132617,0.5910282674567532,0.36172106444730584,0.7712409720365819,0.47517461356180973,0.5817071916126905,0.37185472983476303,0.20376518287581533,0.24429260940498268,-0.2538452286651986,-0.10988926527123781,0.8686513785793931,0.7648040875137617,0.4754264991202551,0.14406563179071435,0.26829430056885106,-0.4727029110564375,0.39480011750111776,0.28582967737046816,0.08930927141998644,0.05413545118381532,0.4370111882913839,0.0830408602205206,0.5952135984730481,0.47356094921520003,-0.8257338507403625,-1.158002722137819,-0.09115509620507262,-0.22226143191518521,-0.10794843605842941,-0.3462329331428557,-0.05111065376188552,-0.12241517545604777,0.4130611367879521,0.25008812674437564,0.18281066130151047,0.17283602130379155,-0.06523938682764817,-0.09402009754835351,-0.1245287554129162,0.19455762378466027,-0.06368284475656022,0.03084272398937661,-0.3659906023802082,-0.18241831113507323,-0.8685997728085969,-0.5167192275400931,-0.8619249249580013,-0.8325768567135373,-0.5308030447071717,-0.5139381402805975,-0.3506527048945024,-0.29550017593359384,-0.28615310337225425,-0.8851867805437537,-0.9278753808058575,-0.1387608322789689,-0.5752914191139746,-0.3501172853271059,0.3179928286242702,-0.37978792666617234,-0.9778272689032482,-0.5038610632156708,0.008012507148072149,-0.619750552187548,-0.6134640233923827,-1.2229781066256482,-1.5470776705985587,-0.10736157145324363,0.4741248646283966,0.3018487684234841
0.08836584141361951,0.39577610236460214,0.09016546133114173,-0.4330280871239501,-0.30757577146465315,-1.2989816726840626,-0.2249543652259846,-1.1079230157539623,-0.5673448050831992,-1.4065848083873995,-1.106202657242088,-1.4156960556711928,-1.4812775064746786,-1.9770617115793352,-0.8374542413378864,-1.3195534805391942,0.45834327787900536,0.4281609387180018,-0.19645157655569234,-0.07250747407052845,0.43383703505316934,-0.4497409330499033,-0.9109365975780246,-0.949652454499463,0.9812693420930516,0.7390385619779819,0.2804267730032576,0.6474656731282852,0.08025904253237146,-0.1757765804555713,-0.048332808337714125,-0.33875101688837433,0.07721785014438097,-0.24926408233115807,1.0342792265865295,0.16663721158724473,-0.479983687636943,-0.06677188202259966,-0.6923298704610272,-0.9590721229760407,-0.5416472861349526,-0.9607280867997691,0.9171487096660591,0.5879390787704172,0.6935200371783897,0.557168310791809,0.6602628003092476,0.39904124051638296,1.0372617429765598,0.6881751130246063,0.7353165746193248,0.5155012580349093,0.012900343644478642,0.17048947011200746,-0.5310612953603673,-0.3112538254200114,0.9405237532932594,0.8648912479053156,0.630767781257855,0.15000143805315821,0.2495332567226542,-0.9768939763670927,0.19153212150688612,0.11361891525723128,0.2467791800429587,0.007675971871803673,0.49721726408242833,-0.09110528412616986,0.3183670674279601,0.20712022602580596,-1.27886168318857,-1.8534664113473327,-0.2840602763045157,-0.7423951603963095,-0.6620327716702509,-0.7383621870696515,-0.25541677623087805,-0.469936820884314,-0.04331430962817129,-0.07286673867220515,-0.3686789348854341,-0.23800642196806995,-0.7186958458394309,-0.6254720125587331,-0.5957341558882938,-0.07261008449377154,-0.8084672673958074,-0.22451100458853232,-0.9927837011133316,-0.6467424334458834,-1.3508966935595113,-0.7485466397749599,-1.4053549367453344,-1.0747051934016383,-1.1038218054551914,-0.6619795493435581,-0.4874936652092979,-0.3278281295351001,-0.35271339869602575,-1.0273559788071631,-1.5658995244225968,-0.10914052456741594,-0.800706872372745,-0.5398631888034295,0.5445933617498356,-0.5613000287355624,-1.1526718126969855,-0.9307723403010139,-0.054472512789550225,-1.0277516171010486,-0.7134272538623476,-1.2987943777410282,-2.141906251644017,-0.13732584215547905,0.7021207506997461,0.4098129057083012
-0.3622938187228771,-0.006128093830761917,0.3776598194661226,-0.7156714490085159,-0.3112212763876311,-1.872177714912259,-0.08524989913137922,-1.5424131186677035,-0.49654542066408736,-1.9864520132895138,-1.8844415295657657,-2.2996034094514606,-1.9422584987971558,-2.779886724132392,-1.1071804503087115,-1.9055501710814107,0.0745495387003095,0.213256474146027,-0.7242985366010328,-0.5780422152101155,0.5951249732069356,-0.6644985220386527,-1.0223384978031065,-1.4637247093848127,1.2088319164780517,0.680143853038401,0.2516610783052919,0.44743257434962,-0.36752987444677515,-0.6597525913422622,-0.15008377489627794,-0.5252789781210877,-0.23071662008024918,-0.6704995425768032,1.3638862421552334,0.1453640379556533,-0.9688510825941836,-0.4431837808746762,-0.8755974027246188,-1.5709185755430612,-0.890465493613895,-1.4740600333670664,0.811837557870076,0.4727420120280312,0.5620357806238069,0.47530454261754596,0.59617660270675,0.33820239728514206,1.180840406030812,0.8127915718610745,0.7073851618031949,0.4953307544703057,-0.34664849738148623,-0.07718490026189578,-0.828840597858201,-0.562910221882873,0.814907920528367,0.8192168843691707,0.6692571756402115,0.08112527541703853,0.18123433766540753,-1.3542291265504913,-0.12845984560541837,-0.08687170798359645,0.47380675680574635,-0.038018267595523354,0.46546728879019067,-0.3080851660088536,-0.12361075043793666,-0.19376189746957784,-1.4714115135014645,-2.2116992703247864,-0.4242780028642442,-1.1588787897239128,-1.259223237329752,-1.0120456109463354,-0.4216288198225313,-0.7525709401120467,-0.531379502443312,-0.35839541009873466,-0.9430704386649569,-0.6113535084706561,-1.3813347070278164,-1.0662983291409933,-1.0705444481191175,-0.36181913619323547,-1.6332397889720118,-0.45334023521386896,-1.6024203382248152,-1.1151287923877893,-1.6258059647407488,-0.8664118397181387,-1.7169077106360875,-1.094038696409699,-1.6596170211899315,-0.6559874932295461,-0.4915001742056278,-0.2617724809349985,-0.27236410842851716,-0.929930214892375,-2.0250118499090055,-0.01939665816053832,-0.9279970052325747,-0.6531587348100877,0.8322669962013147,-0.5629971736704529,-1.0301392271859526,-1.2171817574799448,-0.061555698113274195,-1.2677862942903593,-0.6152266454210127,-1.084733779195312,-2.3746922280548524,-0.15718307792907155,0.908797123062761,0.5393364527624315
-0.8637658506899669,-0.471107783869285,0.7728710024270199,-0.767846717285155,-0.1589667584225493,-2.0731162076782503,0.22913095319682222,-1.6411417835673456,-0.1956589852077044,-2.220247437001621,-2.5187153069062824,-2.8967374911643176,-2.058972445836583,-3.111401335105693,-1.1109502197004446,-2.0882340383557687,-0.3382526201607337,-0.017105778696163795,-1.1796255799064002,-1.0282080167494547,0.8306539913107251,-0.6326109009951421,-0.7955828941897128,-1.5336585268628324,1.3328006905010727,0.6422931429810684,0.24813126456992105,0.2593999415037239,-0.7802092964618476,-1.025989932360223,-0.0955205981091334,-0.4705542595372459,-0.4730882690773006,-0.9434707003437901,1.6586279443134324,0.20616563314149486,-1.3803863203210636,-0.7973302540148913,-0.8894811897341338,-2.011547531131284,-1.128551216302879,-1.7674670338079967,0.5675400297954724,0.2699298417420248,0.3457591673855566,0.31977398325052175,0.4128475917865352,0.18737128634742475,1.1627766883326214,0.8032678014579437,0.47593619537224996,0.27523079065402734,-0.8132830058521621,-0.46131802396425764,-1.0960597798260054,-0.8240679239481183,0.523755174029776,0.6431547733819029,0.564002806851346,-0.05743812353821469,0.07058164088591644,-1.4946412147637782,-0.49163917984836353,-0.25988847614110594,0.7242330563021627,-0.06500322198062095,0.36673451629963744,-0.49450667052304736,-0.6178167573082675,-0.623961631789451,-1.328098105811762,-2.1228013452750734,-0.43000990980026527,-1.3341324414851619,-1.7084670445573842,-1.0787475183624604,-0.48760806541713003,-0.8783004209775701,-0.8772063848189262,-0.4935127965274775,-1.3558788166142466,-0.8041849714243623,-1.8818744989236715,-1.26650849742252,-1.4252642833281386,-0.5846473578787099,-2.336320115561779,-0.5643997942497836,-2.040283375247118,-1.4646717907402533,-1.6177557785421723,-0.8373096953234942,-1.694636064610185,-0.8817335416587476,-2.066779652675223,-0.48189479310069633,-0.3324602025392634,-0.09349949973926042,-0.04809163238859049,-0.6163942107257477,-2.1805825670660965,0.12388224159450638,-0.9334461306153249,-0.6473027840315898,1.1607631657981492,-0.3755638197722038,-0.620740260662091,-1.2958773604406544,0.012122717912970774,-1.259971124099148,-0.30825190312115874,-0.6279519011068656,-2.171604663303932,-0.16672552983273933,1.059969845244212,0.705591888743288
-1.302719338993445,-0.8889776395363966,1.1849674434731412,-0.5620765462965202,0.1134194299658833,-1.8210918464014147,0.6546456427716436,-1.3599009534118585,0.2769188206292645,-2.026860799606818,-2.8654690409274317,-3.0589966068385746,-1.7907542114101407,-2.8704058260044585,-0.8460639063327857,-1.8092105336360442,-0.6598484004194715,-0.19180358036379125,-1.4421415388207577,-1.3034473615584234,1.121344485746607,-0.3336354486714124,-0.27199846595053656,-1.1086509746918547,1.336832765897223,0.66075757090739,0.27663288838475425,0.14744911400864816,-1.0473582819483267,-1.1641106990133467,0.13688776454370466,-0.1467583723618881,-0.5736754647774974,-0.97412789512328,1.8763185777007667,0.36492554856688364,-1.5927658365685056,-1.023976484589616,-0.7125019857101751,-2.1646094453335296,-1.2020901467460448,-1.7630196651204073,0.25810790223447694,0.03650615712788039,0.12282813386103493,0.1422712291981739,0.15620414003744887,-0.01988504951562107,0.9807575391206051,0.6452652410144739,0.07058713175745543,-0.1323711731081436,-1.2933312228253684,-0.9066481172669781,-1.290067368276002,-1.0511597880781163,0.13868301529305657,0.3807044107697468,0.3194942543483965,-0.24880204396088373,-0.07364373832756409,-1.3590717065439102,-0.8192345184018986,-0.3703720164750992,0.9376201894143871,-0.07009619927935924,0.2398174142416112,-0.586801061629223,-1.036410972530384,-0.9693910459127139,-0.8716402595366918,-1.612562789694777,-0.2670807118937085,-1.2032576596820828,-1.8587233267644903,-0.9134107464612534,-0.4147049139236538,-0.7977872033958566,-0.9480476374712284,-0.41602130608704824,-1.4680363204932954,-0.7328735657212778,-2.1015741014609346,-1.1497584382757713,-1.5681091283519297,-0.6812056894711238,-2.7478319597497043,-0.5112233277101417,-2.195625341372935,-1.6065075618923106,-1.3334645478105407,-0.6692740647665062,-1.3374370590428586,-0.48659944982397285,-2.2346657093610998,-0.17285947092293244,-0.028652360203293138,0.1453808492782892,0.26546044614434067,-0.170247276485982,-1.988735813805626,0.2993966607178695,-0.8289703977998057,-0.5116035313656471,1.4885113215917598,-0.044109478869058805,-0.013492017870622592,-1.1610329489058435,0.17081691746960317,-0.987750744666048,0.16047206749262857,-0.0436580529263862,-1.5723233774000915,-0.16958995620496237,1.1315323792735383,0.9094467264624608
-1.5850360506688994,-1.1692206382416221,1.5104807711815658,-0.1581252067461979,0.4296373799549988,-1.1695287980124351,1.0864525717168567,-0.7713800460422733,0.8113876052888507,-1.4431859553213309,-2.8557397820236177,-2.765118667096237,-1.202844756276327,-2.1163480417514373,-0.3883582747298702,-1.1457223195070012,-0.8043132855263484,-0.2646232632562921,-1.4482410204746887,-1.33846123048904,1.412496420251011,0.16805151670398652,0.4191635342392018,-0.2921488854426039,1.2307779964688046,0.7430756188070343,0.3262087709351181,0.1376302071019615,-1.1087233109569576,-1.0355453664646972,0.5049168910396288,0.384903678557724,-0.5044260657005694,-0.7458074954418019,1.9755429785239114,0.5986376021796402,-1.532410275124492,-1.0556385374352402,-0.36750065164895973,-1.9870060084811085,-1.1091376199536345,-1.4715988311903683,-0.030027852716781177,-0.1638406151241219,-0.029957620110926456,-0.001684789359184541,-0.10890967298508002,-0.23287581641648591,0.6706200775788066,0.3635615358689209,-0.4317902200202631,-0.6628221907940229,-1.6844136252581505,-1.3188138451125044,-1.384057552421806,-1.2051173796736432,-0.2508050538837159,0.09020319039401119,-0.02740654619035676,-0.4672181974527004,-0.24109138254822998,-0.9908405031007382,-1.0484775676084321,-0.4138706356980571,1.0559848638780647,-0.06670162272706072,0.12298474842938728,-0.5521261797622533,-1.2736103314799756,-1.1402567785735631,-0.2159049457223669,-0.8320916489998973,0.035226908726525986,-0.7952455924860461,-1.6483872001648243,-0.5624121061228305,-0.1995287391685141,-0.5199962485863221,-0.6967094803168895,-0.13634537435635943,-1.2298338042136747,-0.40192833253056937,-2.004746828402546,-0.7364113840810638,-1.4650679840210874,-0.6379301567686606,-2.7767931893461975,-0.3097251959792803,-2.030960516258323,-1.509935377080019,-0.8585263156376954,-0.4084396875559372,-0.7460507180639104,0.0017963787035184592,-2.13359430351315,0.20046943389225116,0.3549331970884104,0.39445608741898597,0.5767900687772708,0.29074368763062225,-1.4977451557138048,0.47481359365982195,-0.6558610529039908,-0.2676050559492711,1.7556270116872423,0.3465208791349654,0.649887964353545,-0.8659561856667944,0.39413015518241423,-0.5014755539699262,0.6953686298368567,0.5183095658893275,-0.7182899315825492,-0.1708459305554156,1.114510108953654,1.1299800305037424
-1.6600008882607038,-1.2633885187514364,1.6622892028188125,0.3157007875875114,0.695906749469247,-0.29122807634833997,1.4068492655868012,-0.04358584153602425,1.2764539447813021,-0.613996385765385,-2.510263669186504,-2.120655609326693,-0.4469408712918631,-1.0494989489481845,0.1328964338297881,-0.28484168348463307,-0.7436337873135868,-0.22733011145277232,-1.208895590262996,-1.1392967913040621,1.627243471468101,0.7430537889735993,1.0992272577878455,0.6903478681340571,1.0470446603113572,0.8661547311858446,0.3730761788965551,0.21221997170667983,-0.968143943232936,-0.6830814869658441,0.9139143919228317,0.9903609880422998,-0.29239823447571994,-0.3240691128456482,1.924530936708017,0.8497264043129797,-1.1946040658068193,-0.8812074699493908,0.0850587563504899,-1.5177218390158183,-0.8945368105248985,-0.9848557781295649,-0.22314545838030916,-0.27844513858595593,-0.061695625976648925,-0.06934723194925825,-0.3163353923921575,-0.3970302266293646,0.29835488961813417,0.01887066758301638,-0.9238788497502279,-1.209637291884828,-1.9007972573348249,-1.6078281671250902,-1.3696927774181942,-1.2575707117835195,-0.5612499938916925,-0.17111738433627613,-0.4137970726132909,-0.6811967230035049,-0.4177278703339561,-0.5005851760563105,-1.145828530943447,-0.4129150960789733,1.0409384798269703,-0.07823416654265991,0.042379783374489735,-0.39823563916893506,-1.2744825638636912,-1.0956695983280307,0.4683424068302885,-0.008622994990296904,0.39166810790515955,-0.2235524317059493,-1.1244425781021108,-0.12795331978909555,0.123942970243057,-0.11001492578387898,-0.17759795063872705,0.26564307149508143,-0.6957597619778896,0.09770185668493016,-1.641556105315868,-0.1349899151449915,-1.147674058236849,-0.487734552057385,-2.433232390336323,-0.031884987244260574,-1.5899492066579253,-1.2081426434306155,-0.33028199929866936,-0.12563012697064743,-0.0915852344551079,0.47800351937907704,-1.796091407599934,0.550726112529013,0.7232340197988384,0.5819757777761287,0.7854804321850898,0.6482908565561941,-0.8328641813568824,0.6135148054764161,-0.4705197516919492,0.03950817608127235,1.8956166123289098,0.6974774416779705,1.2141430241044346,-0.5033807224345928,0.6413571463066231,0.09629759737813616,1.1758526307257122,0.9153963676512595,0.18580355084726635,-0.1740323511206951,1.016635577994693,1.3256362136714346
-1.5306226290458802,-1.1734598486369874,1.5939869743356019,0.7045793496187716,0.8294435851572813,0.5736756607426164,1.518992737056278,0.6124095520474108,1.5551788125583266,0.2498744929958472,-1.928857311129317,-1.3188724662093214,0.28305797044499104,0.05055431069135272,0.5748293765544645,0.5352967494627038,-0.5117561406846813,-0.10903971316717674,-0.804000589766058,-0.7775606937936441,1.6908224901293214,1.2371050627655547,1.5923121940861744,1.5616498099787632,0.8311456975765534,0.9846267258980945,0.3904648628587351,0.32023106288570385,-0.6863356255861526,-0.21439374455240445,1.2462106605416463,1.502987719334381,-0.008520061158047694,0.16550557717262915,1.7119667405634222,1.0437223038330552,-0.6454164738796336,-0.5464509571886236,0.5617572173576045,-0.8640733057858462,-0.630125956856467,-0.44208962672472835,-0.2804878486252473,-0.2801365804981714,0.03678164055665888,-0.043314047450498584,-0.4166910849603059,-0.46911003731143547,-0.056109868508925353,-0.3070097244163295,-1.2943057324513865,-1.6487472621918704,-1.8947289319065261,-1.7105614866217282,-1.2559767055303932,-1.196018709212025,-0.7353435450111124,-0.3599668997515616,-0.7640105325404687,-0.857342348449434,-0.5840619294696165,-0.030159272136468275,-1.110307864345789,-0.4028150985954212,0.8858413616126942,-0.12604503299944056,0.006217675521181359,-0.16975444918280957,-1.0483829800957565,-0.8535074367488189,1.0040250228438699,0.6259216974343573,0.6892987269347258,0.350075802168529,-0.4261447606739124,0.26529115277848364,0.4921433527523288,0.3299093704312307,0.4700665926008929,0.6672309471293709,-0.006711055137151538,0.619307453662316,-1.1252382616676324,0.4935804897113829,-0.7015013073514239,-0.29423371812704724,-1.8204151193487565,0.22130557300749534,-0.9827784063947682,-0.7852249029466885,0.10457885804429969,0.10383657709933475,0.4385059111539904,0.8465003398996451,-1.3021016681964983,0.7988642777003467,0.9779255700161334,0.6475951671827699,0.8146997646889218,0.8161051118577188,-0.15924049840918347,0.6832890860070271,-0.32668330702494447,0.3541027335124646,1.8538823653744814,0.9244408406213351,1.551953020181926,-0.17556434511654856,0.861964911903794,0.6785636446255124,1.488466735664231,1.051479176524058,0.927286902310518,-0.17894404517853468,0.8599494671837515,1.444724510076858
-1.2482000404946645,-0.9455242373644569,1.3129465568776666,0.8785486739182989,0.7838855233083053,1.1907920413216055,1.3764412455809218,1.0088160214779411,1.5770153785288572,0.93244589098534,-1.2585552019179371,-0.5770092147987499,0.807127379017981,0.908494189805294,0.8232664663305553,1.0983627509504619,-0.18961948764522343,0.036877066829988335,-0.35549787458826415,-0.3649402630387867,1.55760403780455,1.518404105692198,1.7755800714299654,2.0784955851373796,0.6287488089019264,1.0468741348434656,0.3595052029492757,0.399167561576043,-0.3568336541691273,0.2339551948103401,1.398965159392184,1.7751685011236455,0.2570423724510596,0.5784678777296036,1.3557136493036988,1.1140487472134033,-0.005091433534973597,-0.137824069405899,0.9743441502325441,-0.17128801704741203,-0.38835224324017303,0.015730844048836994,-0.20432124535861526,-0.17491873827973575,0.23018633980962871,0.06322178124646766,-0.391309854267008,-0.43038320390424295,-0.31968499589962834,-0.5343596114881408,-1.4574678696524512,-1.8715120585800713,-1.6686619099640623,-1.6066256405550778,-1.065865491428849,-1.0274549545718619,-0.753703134536749,-0.4546364927286599,-1.0073433127153604,-0.9653941020429091,-0.7159946089406211,0.2924148662273222,-0.9681852563010933,-0.41356194528682505,0.6191339677683755,-0.21713620228941813,0.005553092988189621,0.0671083342926467,-0.6642965481530463,-0.48373167001446493,1.2593921955039868,0.9061411555486146,0.8267706165562879,0.7663620379306021,0.2601324697565926,0.5098866346202017,0.827290220368111,0.6900555189999047,1.0658541999798428,0.9436287330983226,0.6537736949127685,1.0090886021321965,-0.5932883438790635,0.986330184185418,-0.23985364518465124,-0.126902447077478,-1.101199065372746,0.35737018319475067,-0.3542422719470737,-0.34958251319666783,0.3347067075855059,0.2216643410824773,0.6998146889109974,1.042420325568284,-0.7551943138995207,0.8955224985237342,1.0464191534212457,0.5627504056141187,0.6379634962297277,0.762644821136185,0.36591904162141264,0.6650325839629934,-0.2591962343949969,0.6231135773453783,1.6079097024486178,0.980400330966588,1.5966126387793471,0.03607362989209576,1.0084758224661738,1.126187937048995,1.5586067192448267,0.902843404235575,1.3427729575636833,-0.18110422333121812,0.6751245438165424,1.442251247330068
-0.8938500876136066,-0.6521592846902932,0.8788767515565019,0.7763144288889957,0.5642474963811563,1.4027555504834217,0.9998832052169092,1.0404149648169585,1.3374406414235949,1.2744398968911954,-0.6507577936412414,-0.06931533379291528,1.0106607250448703,1.333085391117802,0.8252725831489623,1.2741287666889842,0.1227285496976141,0.1531248882394607,0.011742889543453141,-0.017038109680383863,1.2313119031261783,1.5172967454439261,1.6131024519746018,2.1055642118888547,0.47298414996376836,1.0130537882721815,0.2772188300289865,0.39968663600243354,-0.07414536537240221,0.5398094838554369,1.3181916808810559,1.7247544861092488,0.4243125202018528,0.7976949921503742,0.905145434602001,1.0250211234096693,0.5824936450226957,0.24418433813311177,1.247121575690066,0.415023606786514,-0.21886105655539304,0.2892757523642442,-0.037345054735281276,-0.0006575667976414047,0.4498133627602574,0.21011876237482627,-0.25792076582151274,-0.2936270393578052,-0.44577680602997877,-0.6100325190925759,-1.3785008236871488,-1.8172474893688713,-1.275184143964591,-1.3234335831002513,-0.8316607081231813,-0.7791038472471682,-0.6361190744141731,-0.45643133395407903,-1.0958783170949422,-0.9841858142710188,-0.7891471383204552,0.39222518005483226,-0.7622446760059625,-0.4554298575756627,0.2977423662545002,-0.3371363333281111,0.020368883990231332,0.2458820783529605,-0.23004634754330638,-0.08767314660694925,1.1857742625258652,0.782590705175354,0.7511065067855967,0.9175286329289682,0.7593206133076529,0.5487148472112362,1.0563298530596588,0.8845326174780955,1.444241332798843,1.0091308514730548,1.1149907073126437,1.156268529955428,-0.16588128766616048,1.2268605695357044,0.12901598740651557,-0.03633524167995872,-0.44965841748266355,0.3268295908112936,0.15599813418793682,-0.00221296074940288,0.317390151724606,0.20348320733037648,0.6366744824528379,1.043311520168225,-0.25756212653760413,0.8323656334613232,0.90426791012553,0.34171030878996145,0.2912800783168462,0.518268527856551,0.6375879588537048,0.5589559528345929,-0.2738299535929369,0.8054383543665172,1.1820485258304678,0.8663451908597192,1.3576057479509354,0.09274861843021566,1.0478412870813323,1.3559442780741984,1.372325775379149,0.5240047243557947,1.3615437998131084,-0.17322971271365956,0.4940822473944493,1.297266291656134
-0.553354041148393,-0.36961506009140216,0.3885190114378913,0.42694110934025326,0.22689299170516805,1.1764002500628892,0.4754009904283501,0.7177268623969175,0.899754751907961,1.2177373398970452,-0.22025557397243525,0.12198429718809531,0.876241998686939,1.2691602403103492,0.6027939497290603,1.054551675238569,0.3375542830742815,0.19871193118597877,0.20848298795558848,0.18170672568339905,0.7705384942138535,1.2461947426789937,1.1639977658132232,1.6551291178303384,0.375993761771785,0.8691552354543249,0.1587563959060311,0.30431398334984455,0.0952138046773488,0.6320837216938442,1.0178711920050547,1.3616815688973125,0.4482013445633321,0.7695839615586233,0.43431017312438286,0.7848937729859718,0.9865692359695742,0.5135978064425778,1.3308483657230974,0.7835062193593236,-0.13574138439808542,0.34785879994035485,0.15167045425071132,0.18340117495548802,0.6151161954259968,0.34219498520659525,-0.06581738269061925,-0.10104465310827801,-0.4267773809475397,-0.5249376852025254,-1.0852718368779461,-1.494557065874106,-0.8041770697497493,-0.928803176954834,-0.5895788805031066,-0.4947612589739226,-0.43277044670576137,-0.38552053652235857,-1.0173275204189483,-0.9071834438242123,-0.7855896465854894,0.26857008760514,-0.5394321561065955,-0.5138941122550095,-0.007644679705037644,-0.4520123158680979,0.028431150582638263,0.3202624623125359,0.13860641334916246,0.2307322984340395,0.8307020264904464,0.33477674744401253,0.47898833329607493,0.7792533816025874,0.960298916891876,0.3909889386442106,1.1287625217959032,0.8748698579894345,1.5053476755038382,0.8450261975135681,1.2690295338433237,1.02815505448895,0.08572943307569617,1.1773593083920275,0.3314617732608298,-0.03792809020356173,-0.0026377120244391343,0.14239892397148998,0.4499340575589989,0.19078951436480004,0.0901398698115999,0.0661886971940971,0.2992577271906863,0.8704425746371613,0.11034534732581336,0.6406843127502764,0.5840995198495734,0.03942249248953825,-0.1340443170899389,0.16506437990927925,0.6303730594314735,0.3860031874844885,-0.34614971727463906,0.8765998798891691,0.6501133889976615,0.6274466316658085,0.9154567619132769,0.005814245197839345,0.9686764708250258,1.3376624101478345,0.9813109993173426,0.0316987193366748,1.0225758408040702,-0.14828866047289269,0.3427904649091211,1.0241353326899887
-0.2933083416122575,-0.15684624305580075,-0.049551908978063365,-0.05824485191922218,-0.13597184082017127,0.6109490111753594,-0.0667463590097191,0.16305854407740453,0.3781144236412338,0.8192996760627668,-0.017810002862095147,0.02351123555568402,0.48594595906564175,0.806784087126348,0.24355719812001664,0.5508935897372997,0.40466786744859906,0.16210411465048405,0.20660558298738707,0.2011531912211699,0.2761349786245273,0.7938439866990787,0.5628810607153154,0.8803331317729304,0.3275263357424465,0.6325786391894096,0.03299540194103203,0.13373853699243524,0.1298620847006382,0.5095430955039324,0.5775930349755974,0.7861190577392482,0.33092482466887535,0.51887979559451,0.026128933376537426,0.44451895277613906,1.1232965324387465,0.6212124500216234,1.2119033328218012,0.8809941755821723,-0.11872473967759233,0.23255175241780163,0.2898922379269501,0.3139933294433035,0.6595213858231209,0.4064141151488421,0.11880336460536431,0.08729959080379608,-0.2951215478360465,-0.3178757069846674,-0.6623424088839117,-0.9831184929129878,-0.35991591273240375,-0.5128023929406239,-0.37367866190315835,-0.226205415482824,-0.2083982736918471,-0.27316750515442073,-0.7987774967629732,-0.7456387668278532,-0.7004680995102833,-0.00830745558304942,-0.34015590326376666,-0.5556330397713773,-0.2313929173120573,-0.51862750314897,0.013899494899297099,0.27751248016344804,0.35036128664967725,0.393821177331766,0.3224567468327549,-0.2562264825678873,0.09440175830203591,0.41579655366906504,0.846363133943935,0.10651359365867646,1.0291025236063465,0.679135118149188,1.2444398614911842,0.5051457765040868,1.10028181391787,0.6789929195086765,0.15236512839415534,0.8850611424077911,0.3464409821439386,-0.10899747839991164,0.1748658362171253,-0.12418188899410039,0.4947547432972045,0.21397062253680904,-0.24327149145960067,-0.13692698348769933,-0.17387349339001226,0.5803674550477156,0.3027878363980984,0.37884709499969854,0.16803954954937084,-0.2635488756954864,-0.5169434229210732,-0.18784931023604812,0.40116026655013254,0.18343610305313948,-0.43010829598000366,0.8298194432614303,0.12204408559990736,0.33671887248026816,0.39758594068059117,-0.17117175223102535,0.7834306454363003,1.0975147313102958,0.48905062585818615,-0.42878168765689995,0.4599518202444715,-0.10313410599420998,0.2359386280656554,0.6728066888808822
-0.14568237299277978,-0.042323530924511396,-0.343638892870148,-0.521823297812734,-0.4234293103917077,-0.09559543076651363,-0.4883216812285247,-0.42999267782670425,-0.09414596661992472,0.23049411418428084,-0.023421230929169968,-0.24813856069502757,-0.0068355706364894115,0.14596083232215112,-0.12809352390417347,-0.046673480287582975,0.32320465234991386,0.06299593038302122,0.0434502346479095,0.06995157194196161,-0.13696375564312505,0.29603310141401823,-0.021379606513222637,0.024342552297213892,0.3011653685486364,0.3474945663989372,-0.06705987396571492,-0.061329242696304354,0.05433650700787679,0.23649278249896416,0.11876600488602708,0.15820474628856862,0.11871632463490057,0.1378340763056027,-0.24877923935884658,0.0822410146906886,0.9781591670070775,0.565013244206221,0.9161383747725143,0.7215279546816447,-0.1264402053407009,0.03585211251567116,0.32363610158986833,0.3434981689057149,0.5527061324703314,0.36949167404601785,0.23346643727393987,0.21178400397868347,-0.11215539566055113,-0.06348455233609925,-0.22722930130521377,-0.41334516946025107,-0.03375285300005916,-0.16368583009047122,-0.20969198162944744,-0.02092746933423423,-0.024093042368792422,-0.1529799989575153,-0.49974367823248017,-0.5277512463097109,-0.5458391084477779,-0.3231960420872323,-0.19133246521863356,-0.5431993287335143,-0.3306771854971385,-0.5007965611156681,-0.027013913813267707,0.14111321896175538,0.3632598098013384,0.37124628135026444,-0.16982720575568674,-0.7675296677356825,-0.2778397142855455,-0.04297021477128148,0.49479580577831234,-0.19947447753149788,0.7810935610562554,0.36433432901875945,0.7512009357139892,0.09729403064585673,0.686194823155511,0.23009651087863836,0.07966059137535571,0.4624643793343551,0.2073252426595007,-0.19979235844405976,0.10123134354124226,-0.3673602804562154,0.3274240592512229,0.10256782158740511,-0.5483095118881252,-0.33260943807132354,-0.6027240511810804,0.24935093530993635,0.31403508034000793,0.11362158812080946,-0.23483187985740242,-0.48479756168082966,-0.7437425086637492,-0.4367897848666715,0.06658634406809996,-0.0045700500655580225,-0.4742050875458527,0.6757197063526375,-0.28398008271624203,0.07184466623354986,-0.05819757386990316,-0.3624962470866923,0.5257904972829766,0.7082031114669266,0.021794474239322507,-0.7258457957619836,-0.13939900000147007,-0.04134249261842081,0.17466521386601316,0.316780173201495
-0.10471893952134335,-0.021675098989974995,-0.4436181908183216,-0.8134984758285929,-0.5570347711134735,-0.7114312818176356,-0.6846660200670752,-0.8612069410600256,-0.40243845110330917,-0.35173650247446914,-0.16082960779513938,-0.5331159893621791,-0.427465679647701,-0.4710681672457961,-0.39148393028858947,-0.5335654728951577,0.13727715667580306,-0.057462261460095476,-0.19581285979227453,-0.13911683806225056,-0.3752440094244947,-0.10768167893910463,-0.43613840552332916,-0.6584941431496169,0.2662043674081449,0.07159035071222858,-0.11568425070256848,-0.21961432415392748,-0.07531388010196162,-0.08225641922447162,-0.23363578182546754,-0.3516687610828895,-0.11551843165208064,-0.24630517038772962,-0.35252502117113693,-0.21986223462159973,0.6109769861540139,0.38704140580206103,0.5066988398997044,0.37993959888763174,-0.11567511846834817,-0.13411405119432687,0.235722748079529,0.2560371532046674,0.3122445804512145,0.23036951905288464,0.23981379036584238,0.23286830685974869,0.05185144374909698,0.1523529348547879,0.104628745911721,0.07122755229846556,0.12022580600640835,0.055309031979657475,-0.1099239779998419,0.09075555834476791,0.07828470525044337,-0.053600828431781884,-0.1962333319481944,-0.29346574274996906,-0.35003895159357173,-0.5558904731607611,-0.10389403934784482,-0.45277372973481383,-0.2972191843489245,-0.38513882642483016,-0.08509114557305254,-0.037823508450271597,0.19508772738740365,0.1873288532169136,-0.48895355847642435,-1.008370055749727,-0.5147836732195931,-0.4449980835539276,0.04700143059027687,-0.42232912266396105,0.4427740469829343,0.024933187897401725,0.17942162715273172,-0.2532523077232739,0.16995199440798084,-0.1719294701413566,-0.05491803823057454,0.04874822166136517,-0.012088052262350922,-0.2542956241056152,-0.13538937186381353,-0.4870145925318459,0.03966244428648287,-0.07244056679936332,-0.7056848914647358,-0.4513390365946037,-0.827482556944097,-0.04533206335038247,0.17682841572226615,-0.09826527236671369,-0.520183978632383,-0.5656857969242951,-0.7459618068813593,-0.5144909436420316,-0.23711352423094043,-0.1387638358113059,-0.44036565908401865,0.44219869776491444,-0.47683806959143493,-0.10727673168844026,-0.3424457507202617,-0.4958059100055283,0.24411156563579997,0.2696707857771161,-0.30751364497431954,-0.780681963847425,-0.5930963684252761,0.026099517225873586,0.14784328868097904,0.03198676546097252
-0.1356571123747377,-0.06536429001584455,-0.35469983380103753,-0.8428279501997756,-0.5064794631102567,-1.046287261532723,-0.6189438157050704,-0.9915534728261216,-0.48406993037482243,-0.7463965373614223,-0.3271099370418744,-0.6862641688523323,-0.6359352298324716,-0.8377009839398956,-0.46804115000928426,-0.7578043559563175,-0.08178034228588742,-0.15377708471277945,-0.41073194741227537,-0.3370258980791157,-0.39775158016891254,-0.31695367574696476,-0.5891753583726625,-0.9838994167479772,0.20102413743776543,-0.1412896168168229,-0.10341783364894483,-0.29270314727024715,-0.19471559848580158,-0.33790011220300453,-0.3914804548738017,-0.6163291487579803,-0.2973479908133088,-0.5142686930060714,-0.29286396813008797,-0.400679431372025,0.14169017881836812,0.1589223425378142,0.07477903043141045,-0.027568520549482455,-0.05881288937565734,-0.19196162108444398,0.0513930780223247,0.07455520188528364,0.0004283468787776172,0.023005988178164,0.13704350794693576,0.14553463500841413,0.14002957254599263,0.2614817301631057,0.25522179923690286,0.3574193167251175,0.09942456855517484,0.12161625272829192,-0.0707367612769696,0.10510104269279516,0.08512366374069505,0.005804161545397154,0.039587864531466864,-0.08601224259744225,-0.1524136971594935,-0.6219697466673528,-0.07418241461919571,-0.2880405791284899,-0.15961076869754576,-0.19059526126128493,-0.14214170967366482,-0.1975383919161157,-0.08352285228950122,-0.08728859482083691,-0.5391822510072156,-0.8845720853974769,-0.5398197850783554,-0.6656192078164179,-0.3398007074984132,-0.4927257558610748,0.09364030259149499,-0.24544838779693987,-0.3025085732259934,-0.44580390888279064,-0.285407273259528,-0.4046882603147462,-0.17133635044590464,-0.23441995158685183,-0.22222098949359217,-0.23327632059876136,-0.4100889827039657,-0.42787020073175935,-0.2516187573267278,-0.2290855794442178,-0.6526827052633588,-0.4509475208559727,-0.764185616849677,-0.24263665966002682,-0.04518496935425384,-0.22297804638796404,-0.6203356169603074,-0.49095579368783837,-0.5263168682932797,-0.41020792707973036,-0.39844868004241263,-0.1956392486528132,-0.31908402096224864,0.17399636238493846,-0.4238556126345968,-0.17331256790850677,-0.4038878021346821,-0.5249150939409655,-0.008188635640687498,-0.114487120550186,-0.43173546065000545,-0.5915035057117348,-0.7779408577717889,0.08320197315371534,0.13669631308800245,-0.12641497383114395
-0.19057530470001804,-0.1321062045227602,-0.1358994627483976,-0.6125952945539319,-0.30084788458734646,-1.0116786411940066,-0.3370098451293007,-0.7906024820156512,-0.34606852426181145,-0.8425757125037395,-0.4265630712610697,-0.6259674560484675,-0.5697762184706278,-0.8453147221983273,-0.34482318253990546,-0.6665232866904754,-0.2593710472672148,-0.19336232617511978,-0.5204733439818806,-0.4490996129044672,-0.23145404846978107,-0.298861965913644,-0.47274807978503275,-0.8939876779471576,0.10289591470884182,-0.256627982082593,-0.04009701106412249,-0.26326593165748885,-0.25375110027778713,-0.452459380148057,-0.33187557818793534,-0.5911142285465134,-0.3748163574823951,-0.5931898755624482,-0.12353254658743541,-0.4378608342068134,-0.28011760060782337,-0.038845173847234904,-0.2771693621049086,-0.37141981783779926,0.04729192436854882,-0.10233126418548567,-0.1694173000432914,-0.1442109204960802,-0.2934157618940971,-0.19232116658982118,-0.03657561711496957,-0.016908183220200542,0.1260561501732063,0.23656620057142191,0.20763454143086715,0.3972212719173723,-0.04773971433393561,0.05696129176789917,-0.07379097936613364,0.047094154748153365,0.011819132310131942,0.0173594539357676,0.1581395131212778,0.05770970909492085,0.005540407547846998,-0.5004956790884694,-0.08770586051032091,-0.08403639397752269,0.02456978937662186,0.032811519561572404,-0.17858275217692843,-0.2855104907711395,-0.37097057245376086,-0.3570291904311596,-0.3163636771121815,-0.431316768213408,-0.352419337608349,-0.6465904067621228,-0.5425773233569513,-0.3981631220122612,-0.1829936345873981,-0.3800835376836635,-0.5632799306126839,-0.4371399967864737,-0.545964020626801,-0.40992035000761373,-0.21177253745598446,-0.3178733861067306,-0.34488131264486077,-0.13081154676196732,-0.6020327681167144,-0.2035075668641121,-0.4390412997993224,-0.30058058888202754,-0.40506161540824165,-0.331726191524531,-0.43431139328827173,-0.30950215371172185,-0.27036215720074513,-0.254184873966368,-0.5262282861239116,-0.29560940745123987,-0.1626549362132846,-0.17226509771621024,-0.3639373093128463,-0.17392772405190615,-0.1346970958174536,-0.07050049460969351,-0.16638684308428026,-0.13459055395450092,-0.26129339978135213,-0.4424672764644037,-0.18402825758283942,-0.3595242966294712,-0.348305499209287,-0.23467016729388912,-0.6639330076105795,0.11457497004575934,0.12172526721580765,-0.14086697352684904
-0.22446434184363986,-0.1820615370117116,0.11699067734761312,-0.21932481915948152,-0.02044454364522777,-0.6449203213061557,0.04414226886847808,-0.3456180525665101,-0.06120954869715917,-0.6281637398105875,-0.3972761933457894,-0.35671375965825575,-0.25914880929184825,-0.5094331630811418,-0.07475254797379467,-0.31561271328258217,-0.33886217273155633,-0.16658341146361846,-0.4877832749437971,-0.4370167672651025,0.035943411952760046,-0.09185907768804062,-0.15990342502849056,-0.4689553120432652,-0.009929960143365392,-0.2675281627442878,0.04949075057689144,-0.15055073940916075,-0.2298099334126148,-0.3995283044996979,-0.10255109330017802,-0.3248878857264299,-0.33276878854844116,-0.47684300529459567,0.06931618098830031,-0.3531911804682125,-0.5144900310889572,-0.137624709199933,-0.4582003197793248,-0.539440282263612,0.18417691285256405,0.11356660436241482,-0.351219191237044,-0.3261125271541821,-0.47994685663408126,-0.34712681821905483,-0.2152807993362712,-0.1917959113067714,0.020417824043615272,0.09980737416149382,0.009542848542209097,0.2215573532231466,-0.2372255174521131,-0.081816303935855,-0.0911018692752396,-0.03639234345094347,-0.10385886880578477,-0.015270831690739886,0.14427650359885397,0.11562356057925477,0.09086033663420136,-0.23860895494080062,-0.1234082146231979,0.10206766228325063,0.18468890847373243,0.21687634180605833,-0.18169577950001126,-0.27466103611766296,-0.5646625354046512,-0.5291267338908028,0.09194830962466048,0.1987623267448585,-0.030602105636488464,-0.41130063898883934,-0.5075458550413049,-0.1836374639502277,-0.3182582168530305,-0.35480579624385655,-0.5447323684573202,-0.2532831280744334,-0.5427909747965326,-0.20945621317757132,-0.15275797207046557,-0.19931141864861396,-0.33452949135528415,0.022665838530095326,-0.6295961732945128,0.10635082900615887,-0.4538221020097665,-0.2540290384593795,-0.05059139840740467,-0.13662226146078424,0.04399207828312377,-0.2447620073096504,-0.41601722023333665,-0.20983440541840237,-0.29125280738602843,-0.05565623556388267,0.2142109039951706,0.1084036129643093,-0.14855616981904338,-0.09457934883454497,0.06254470367333721,-0.22790896733157623,0.1881939552340833,-0.026677179156284637,0.0063413466910269365,-0.2782023370391515,-0.25389152584216823,-0.4164079485981392,-0.11771811601560232,0.15918963399736952,-0.31623130035299624,0.11306974991448529,0.09013593791527635,-0.0353422718851686
-0.20557762738938046,-0.1849948910412532,0.29944724108351556,0.18104692559729987,0.22936373926478085,-0.0884990995044317,0.3726634748690434,0.17223573828280744,0.25717976696316536,-0.18412062173389465,-0.2223361008852925,0.04194813261141709,0.19079687094991007,0.04791038245548559,0.2464491046289424,0.16023490608995847,-0.29317990293479024,-0.0855874864274177,-0.32372254862437916,-0.30478569095814734,0.28448246411468675,0.2150963845226367,0.22514083862693385,0.10971248596553591,-0.10516113814330032,-0.19337175099896534,0.13583294559902107,-0.0007720418909684542,-0.12746660345771493,-0.20441268712298588,0.1985598386058412,0.06148457886609114,-0.19280997167701716,-0.2209566368108496,0.19121552150402432,-0.20422982326528077,-0.468708397884456,-0.09605088530084281,-0.4128726783963779,-0.46378357456023456,0.32470982995331577,0.3938575421031033,-0.4273061259070028,-0.40243137066518336,-0.49755522277131764,-0.3864913697468598,-0.3269649034539473,-0.30644267138056097,-0.13579381665633355,-0.08583629432865894,-0.24467194916022697,-0.07206364543293363,-0.3749971219719449,-0.2214493275815666,-0.09246542390242485,-0.09086584989966391,-0.21298005539383688,-0.07717176817229245,0.019427589688069034,0.08606076658328396,0.08936647441641504,0.06895021194904885,-0.1570766034045889,0.2113560104033808,0.25648997665025924,0.2963318229162683,-0.15121023876955034,-0.17043351063164647,-0.5898495770924128,-0.5391843344765531,0.5371579552507082,0.789835724176437,0.2965967084453825,-0.051260206732819356,-0.2598108750732094,0.06859640858074773,-0.27245736906037593,-0.1890800339868177,-0.2708273679863984,0.024027606190975805,-0.2838576479530137,0.1084198650960101,-0.002238434894455116,0.06653079114269803,-0.18769042810926154,0.1727659979681351,-0.4692346842977726,0.3864343130839524,-0.28067460883432294,-0.09561981022540315,0.2844989494868379,0.06465768824876757,0.501480630847951,-0.07519892299001238,-0.41669340774680713,-0.12367062954978128,-0.014168420736985949,0.1355368205865522,0.4635894585901578,0.3288272322377312,0.179758024098665,0.005988828020411771,0.21597531508997975,-0.2442908957429531,0.49779673955559683,0.10346822599891908,0.28797734626864924,-0.083722045473281,-0.21416341364434166,-0.2800440086931828,0.15838741550823449,0.4477000894687607,0.13496782508686814,0.08684040411557535,0.04138486920568196,0.13514324009458917
-0.11780656425479526,-0.12208902348325777,0.3290739014119348,0.43041618299853435,0.35385386514957506,0.466458797165493,0.5115964218681965,0.5723421484464097,0.49327862645102066,0.35160686314625705,0.07557363480122914,0.4539130007066023,0.6425707179451393,0.6506197589471623,0.5175183547457101,0.604068396713782,-0.12489703900434676,0.026475427642930597,-0.07371775549973437,-0.08843648278707737,0.4020020320328324,0.5190264541241514,0.5514380032475132,0.6296449119582961,-0.1499533505422921,-0.07041635980149533,0.19671040609002535,0.13317821946373146,0.03307768216002582,0.07403436745882186,0.46171950491453956,0.42085500674365595,-0.0001970175225032752,0.08301962282522453,0.1667840434268784,-0.06563670925038428,-0.1225188987725814,0.09288807453936024,-0.13916954195719702,-0.1375230487362582,0.45009054258932263,0.6668898295145591,-0.3611000897311701,-0.331614607217641,-0.33164388251008003,-0.2868824338378434,-0.3166658399204237,-0.3013938837679125,-0.28635868845402596,-0.23913659396213843,-0.4461931703030839,-0.3531210168996517,-0.3846974873531948,-0.2942047304293304,-0.05271590217290277,-0.07104552264881016,-0.2678280778607999,-0.14317354094043064,-0.16557244812762617,-0.01060144397255028,0.012747025449484866,0.3175670935901293,-0.1636340151588685,0.20764789812643944,0.1994920850406495,0.23117979296261318,-0.09975230784403136,-0.006581109007622507,-0.4188486304115039,-0.3671227137218946,0.8607066343472433,1.1408059586238464,0.4970978610577129,0.31023643026586084,0.1130777425156248,0.27211692002523186,-0.0432646618515352,0.06619843644078334,0.17074976423713492,0.290313397954522,0.15924609969078793,0.425992673041198,0.21428991849409174,0.3958743561407605,0.061171231708969334,0.2644034044708855,-0.15413495724835713,0.5330771781266842,0.04455790486218602,0.13830755169206357,0.483845764626721,0.2021490405989101,0.7834640661816655,0.15403772936549442,-0.2396862873529705,-0.034793563441623314,0.19394229341497055,0.19814525913785055,0.4846820823194579,0.40858658074448595,0.5339480548818809,0.08732633682216298,0.2864967004417143,-0.09176258261711302,0.630757188617981,0.21446563947438912,0.47750204361853993,0.08994835127344357,-0.08973307034469823,0.012179269789762394,0.37221898026126626,0.5242569730046927,0.5443205232454693,0.0622339281791559,-0.011491560962647203,0.30494632799501664
0.042792845016939376,0.01609281566087345,0.1699475551486961,0.4267677605444496,0.30151974862001574,0.8498848016675727,0.3848148316949051,0.7147380472277327,0.5663110664142199,0.8349572104500007,0.45073357418512944,0.7752081032200459,0.9766801257241045,1.1337569515629067,0.6683813098671962,0.8961143788378513,0.14172844989543154,0.14932802084950694,0.20627909743351824,0.1637422953684683,0.3210741295309336,0.7397940797109251,0.7242896583661941,0.9235034670064505,-0.1254355707714602,0.06092432471114674,0.22599149611429994,0.2133159122610524,0.23107320420539168,0.3699182587931047,0.6060094123139828,0.631644505871553,0.19564019854771156,0.3436372259084927,-0.03814279065895851,-0.006892751523114684,0.46654732110041847,0.40327563850148335,0.30683295786779086,0.38365822574104136,0.5628758514972522,0.8832871218036701,-0.1573773417744596,-0.11248261224379802,-0.01906366933573622,-0.06356141986134893,-0.16419240453333012,-0.14954189466042683,-0.3782968462245107,-0.2878165809824288,-0.5061727968816659,-0.5000566137181683,-0.22858348752888252,-0.2562230475928016,0.04363138595256536,0.04599088102271647,-0.23266102976859718,-0.1809399144311648,-0.3439810767332757,-0.1346770404651222,-0.10036333406445554,0.43266212757932176,-0.1192290545999546,0.09601865900521295,0.007665318044413699,0.022129831553593503,-0.04775164423458643,0.16828124610410056,-0.07581735532823704,-0.039771917794937175,0.947553611180425,1.1380680296906862,0.48550167095503965,0.5628154569671291,0.49494603384890246,0.3690525599412895,0.33379259256074323,0.34804030211112413,0.663749725321327,0.45707929921514734,0.6813559014172759,0.6408093425177719,0.47002668824488203,0.7089918993635134,0.35451731995497554,0.2661965571931113,0.2438499922316247,0.49811004458064156,0.45149313141792546,0.3992515652468483,0.48508733061448006,0.23239352313840708,0.8094702090140439,0.39127802137462997,0.10633444405324631,0.021897079973887828,0.24714942491990444,0.09357860949283248,0.25450354574317113,0.316638043878539,0.8445844808155739,0.11733772634129547,0.2709313534875733,0.21918683470860098,0.5092840988353137,0.2825912657145543,0.5070197423494549,0.21259719161347665,0.0708341930330267,0.3904605033586006,0.44532470681079733,0.3541126990564539,0.8012874521476478,0.07944044531358382,-0.04604590202459079,0.4196727933358408
0.2727384538283578,0.23130155736637353,-0.15663713893483655,0.1608907383951283,0.08184750809233253,0.9688538260646488,0.002944337661214356,0.5588151380110421,0.4546035252565418,1.1615075461900122,0.853270989668667,0.9523976948168026,1.1305165841897071,1.3963690460880336,0.6825273682714185,0.9924576861146017,0.47064815974192126,0.27480881252855544,0.4715158747121244,0.41032064326237183,0.03952833453648397,0.8429368692706838,0.7120135143815671,0.9214450023619181,-0.03603043085093633,0.16680355492095922,0.23563807195975062,0.2299718666044573,0.4550019218502095,0.6327485632730631,0.6057123810984392,0.6360059300736498,0.35824355584545897,0.4998167101820321,-0.4062205415381506,-0.07346466149058359,1.1791719181315272,0.7841911093683215,0.8229283104447782,0.9954127670036405,0.6893884380786568,1.0351656155762325,0.13993577279069913,0.21531978325860773,0.36341507331084094,0.2348622621233328,0.10990550842189459,0.13523851019027608,-0.37669586742874306,-0.19066253836189656,-0.3804204103595483,-0.43584792030931996,0.0842324810171341,-0.09724784088886045,0.20137656773551718,0.2559045227558826,-0.09131009436381829,-0.1574976263309835,-0.449011606102336,-0.23431599523172278,-0.19120843477489666,0.39593929756955576,-0.004483216380683133,-0.07338194609967297,-0.28892700922866443,-0.2867565180687797,-0.014778113063360833,0.30792349379647627,0.37273242301452575,0.3789737409551089,0.7635580352449565,0.7958947971810325,0.2548684797656553,0.645261214470687,0.7786810262119451,0.34974629919187444,0.7920109671326927,0.5998802475719566,1.0996436534863123,0.4809312549586535,1.177137552541677,0.7000106890712757,0.7470441331547056,0.9545382774283331,0.6314675122052033,0.18538447327944535,0.6403962405366664,0.31038422876383676,0.858795043956311,0.6452786349831016,0.3025047271337569,0.1549039420916994,0.6028451393927723,0.5894521811059854,0.5720709088139438,0.02257692224822519,0.11314678879951685,-0.16076165107378818,-0.16091826057082081,0.08153892265353485,1.0834910066416628,0.08165114001152408,0.20628563975111677,0.6374403900179452,0.13591974506622562,0.3054619458662836,0.3658809773349169,0.2845660742798639,0.2070036431180277,0.768367939772267,0.35189612952650035,-0.013531061846347562,0.8619944079968609,0.18040130749118452,-0.03932525405776493,0.4512547790952004
0.5631977949635703,0.5160722653490324,-0.5774484669548413,-0.28176988123885083,-0.2374345235612818,0.8307668841466156,-0.5391094279996165,0.17326008660605197,0.1988731817566075,1.2915564798314036,1.242722443759914,0.9963672905720534,1.1131112377770243,1.4245205770269453,0.59801408562134,0.9299198202598051,0.8208737406570926,0.40685878451457325,0.6991525540614856,0.6270631924379195,-0.38166011644718295,0.8412838923701037,0.5491482976384339,0.662905556659181,0.09056017664399622,0.22542952800228402,0.2504629575283212,0.20221025896624248,0.7020046603468988,0.8371859117438435,0.49296096919696103,0.45142444393338527,0.4724192724756988,0.5351750061031841,-0.8724181998394743,-0.2760575821098077,1.866130513177859,1.1711674736349995,1.286766031700416,1.5704240682391333,0.8693627181994096,1.1547512149300563,0.46171404673573857,0.5830026028423335,0.7220785105328223,0.5420210684629565,0.45112615804469913,0.5020627648181542,-0.27226959884852714,0.05185843661501612,-0.07797520566577018,-0.14679351380190997,0.5032445596051601,0.1597193096117073,0.4163655420167027,0.5310687750706105,0.14891661867487677,-0.04894728894640872,-0.4285969256406209,-0.25659450600351275,-0.19532962252104533,0.2483453178589318,0.19043821746627704,-0.21943643049156428,-0.6309986656831557,-0.619446583477034,-0.010904164849230503,0.3830316244342095,0.837110702557759,0.8057971915419566,0.3650838881085472,0.2503677105647592,-0.12128666460995476,0.5610824756474776,0.8954136348137162,0.2527424080643129,1.245670150162636,0.783154047294726,1.4021095934118206,0.37294739622350875,1.5659180114405573,0.6121524395802627,1.0362977043331618,1.116891655829447,0.8457224453878012,0.06666443937488667,0.9634341936599315,0.06577492033492478,1.1967028033542138,0.8528384837435306,0.020243535469475778,0.012351875994772766,0.2790804064269451,0.7148381302298455,1.0773980733139497,-0.0420545015975716,-0.17687972297577606,-0.49469143608624166,-0.6264827048041798,-0.21743373824233844,1.2651978922608131,-0.012748628093847964,0.15741204404642706,1.0808005953905417,-0.405793167446976,0.2974163579003443,0.10060301373019123,0.33262572873808693,0.2618728452408544,1.0604462178455247,0.12251321771540379,-0.4608568377205047,0.7542469285862456,0.3922271932141174,0.021490531005366693,0.401894225171181
0.8982867959539457,0.849261867790225,-0.9861293219229269,-0.7531476277966729,-0.5516252741534258,0.5287912683284594,-1.0908607959686074,-0.29388490428236547,-0.11463083220900855,1.2489234287919668,1.5928310193696702,0.9688057251779165,0.9936719715075187,1.2808603146836015,0.4890050660834555,0.7992246961996774,1.148846104546144,0.552892823253252,0.8858714082615142,0.805881646500743,-0.8403875569500575,0.7777048385663073,0.31800529719515913,0.26821103569778754,0.2127923804041867,0.22718353448932338,0.2981083598809992,0.1666512118306635,0.9681333012800354,0.9787396810301006,0.33778201887319853,0.15451784550081685,0.5419524068495719,0.4737500628336579,-1.339842720689074,-0.5892491430041098,2.38589462936319,1.498405911566818,1.588072761320986,1.9885467098345166,1.1363511323400974,1.294106218438761,0.7336518365960326,0.9115759929108952,0.9724952847728929,0.7930907270976006,0.7869825900859496,0.877145453129392,-0.0813951617192196,0.39960223209577245,0.3458697055228976,0.3183123406590835,0.9520622526512822,0.46691487988174163,0.6778804748453768,0.8303037968225421,0.4571162541042672,0.14912812293502886,-0.25669084584000235,-0.161073587302403,-0.061486183103916445,0.07006862878237062,0.4598247581601229,-0.25796481915583264,-0.9428995139560087,-0.8895137187564,-0.03180222234375941,0.38808652386265685,1.226584203051031,1.1573137499456798,-0.12031798139235748,-0.288999324183188,-0.5160615991826156,0.37008305682243553,0.8281644805124484,0.14681775742589573,1.6054295651661237,0.8799071833624568,1.5345135861240302,0.18710664694647688,1.8020799456476926,0.43486187322306685,1.3293072474308059,1.2069449826208802,0.9764362855648459,-0.024659751508802365,1.169345077237647,-0.10970448103167062,1.4224587286748795,1.0179350457396257,-0.2396100225521092,-0.12472564849069306,-0.0011012055097831186,0.7528393293717064,1.52743730043608,-0.16663470440775704,-0.5392397959794379,-0.8050159000283365,-0.9814477574256179,-0.47412978166689246,1.427818046257014,-0.14032111401969222,0.19268511466772079,1.4543949461886299,-0.9758775666134619,0.27975716261939265,-0.20233618443966064,0.39472907021626047,0.19727962405286695,1.1979667155029277,-0.1710797821381666,-0.837701663214812,0.5584827345453236,0.7122690856567335,0.130913855538815,0.297520690287817
1.251396920458914,1.1918243006651394,-1.2698033759267124,-1.0948700606959445,-0.7508970314296199,0.1990572015811539,-1.4906050796856294,-0.6711450957836742,-0.3839456892249839,1.0982513054080336,1.88855322459744,0.9498580122181243,0.8711434476535762,1.0697522993514719,0.4364545698927563,0.7007208154423684,1.4083283341938853,0.7115433982788946,1.036633592230724,0.9455976478889369,-1.226040907303595,0.6985527914547751,0.11735227093854171,-0.11446969827671982,0.2901002818314464,0.17147936702205582,0.39800105036275346,0.1603436601667092,1.2357254708517007,1.0607392923846282,0.21552215686218015,-0.15364186692910917,0.5797345259589457,0.36219007960842686,-1.70276581078479,-0.9583026365496788,2.6369885425710264,1.7097470937621024,1.657361109558454,2.163327103845676,1.4966932913074538,1.495765196582454,0.8952439747586372,1.13136857628359,1.0604291905109924,0.9407731003878314,1.0459175942795351,1.1826031067129459,0.15933006862533858,0.7843404895854592,0.8066821973482584,0.8648406965055193,1.3478992780563992,0.7646773162714285,0.9699114682677608,1.1097496595965943,0.7825012182963591,0.4144516639026258,0.06037006633158255,0.0671027792495813,0.23017552355520135,-0.0531421116919692,0.7779154687767603,-0.13345810080138096,-1.1483223256753554,-1.0247061583070942,-0.05983113389056835,0.33903920182031344,1.4682287828671294,1.3660247914964692,-0.5338183002029679,-0.610762425237956,-0.7934655132579704,0.1615027444742702,0.6092213889773667,0.10342174780600485,1.7944229968006775,0.8884358416835212,1.4931490989118932,-0.005269845976725682,1.8720687520340549,0.24636329577135668,1.6076205705868984,1.2439099765393957,1.02967003747727,-0.028208926813902635,1.2478176287613836,-0.10829607627831368,1.52586920188418,1.1480182888198924,-0.3606590181661654,-0.18229547214420497,-0.09441900862283338,0.7102678074506016,1.831046080699118,-0.3335019755328355,-0.8645925797470763,-0.9851029958408043,-1.090603980148611,-0.5860133737589475,1.6038627864040034,-0.2650531968090324,0.35705520564115345,1.6723569909785823,-1.4191124350290472,0.2704047463813198,-0.4437595234480587,0.5006784181534428,0.004296695686529426,1.1403752799075966,-0.4428300694199507,-1.0059538009846865,0.37527241428895863,1.1012116876405522,0.2629648739857683,0.1748423394516782
1.5828037442394942,1.4869161407804228,-1.3367390070294074,-1.191160498663014,-0.7525048318176001,-0.03214366626557503,-1.6112934569127946,-0.8236239485851284,-0.523846861747915,0.9124263444283227,2.1189625789758457,1.001572541988329,0.8368950906692362,0.8939263537170421,0.4988696047863925,0.7016219435802873,1.551363896246397,0.8632722699368468,1.1518505277886664,1.0410193864139152,-1.4514110570761258,0.6296615600686445,0.02946472630754109,-0.36464686534932667,0.2967569591044078,0.06302306638912973,0.552602108371519,0.20435084746042584,1.4657209341045612,1.0810005833370409,0.17529605155607442,-0.38593547328016586,0.5959184452409565,0.24753819459223714,-1.8713261516265294,-1.3117995262832338,2.5770815496301656,1.767179113891436,1.483049683098561,2.0587440058307744,1.9158802542551676,1.7673325687347101,0.9120169046681516,1.1963620753820887,0.9716373919303513,0.9633275476053474,1.1730603023260315,1.3539960673463414,0.4014363221962543,1.1261705298904128,1.2114470118297975,1.3776322685704487,1.6192630334027052,0.9948143715481608,1.2709090622674628,1.331228600725411,1.0618676529775715,0.6976250571830961,0.48339453024917706,0.4085747808831674,0.6565117396123945,-0.06361528660489804,1.0988208080023358,0.15718863728256083,-1.1860339220809721,-0.9866851901560973,-0.0709697889192114,0.26386973834342015,1.5186175817102863,1.3901659807095708,-0.732242577217946,-0.5706722656422188,-0.8529651128132156,0.019899577959296005,0.30533978242222215,0.17035157622583405,1.7623662952253143,0.8161482146354246,1.2937299444553856,-0.14390378340082718,1.7837279074358834,0.1138705799512386,1.836945450908848,1.2383418382466522,1.0312562782517525,0.08765165683710804,1.2166098446402698,0.1184333132971947,1.5253957263888687,1.249870799235262,-0.27131105528027655,-0.10745276049111581,0.07056410423412003,0.6132239601791437,1.9182353113115265,-0.516307392419015,-1.0511870277287545,-0.9550381922944241,-0.8860406791939025,-0.48222513956498936,1.7950076150148562,-0.3514544015486137,0.6524189723797698,1.677224014484505,-1.6100515976863445,0.27692023378001956,-0.5401256657668891,0.656665049959816,-0.2933604639844166,0.8815484335413194,-0.6204977740034999,-0.8783116652221544,0.29182511695733127,1.4878611260497672,0.376252862007991,0.0670828300723026
1.8413800695522335,1.6670031947752888,-1.1389869400293084,-1.0044081343367806,-0.5243615973962152,-0.09186841335761108,-1.3950173603053622,-0.69611112147642,-0.49110708562960176,0.7433009221768794,2.270342365493526,1.1415086971757038,0.9427699837691901,0.8186494244333675,0.6923054594152284,0.8105835707021968,1.5330759024586658,0.9688576350179149,1.2194680121256438,1.0766309715189635,-1.474746956527526,0.5642332333153157,0.09525331665727994,-0.4278367001603222,0.22904561233061227,-0.0906803845363616,0.7430492710691344,0.2933238969988593,1.6003270437911965,1.0254367828046507,0.22112522975900725,-0.49735470057858744,0.589607869208479,0.15953757219581077,-1.79278749588275,-1.5773338159779768,2.2257830564965486,1.6561616091275968,1.1129206566338716,1.693383858014002,2.3186410899639203,2.070661184171966,0.7785404366436446,1.0903467591122136,0.7291944170340854,0.8638155258183451,1.1389983714938823,1.3521961957608981,0.5938249527906868,1.3502598048545866,1.4772482857934275,1.747433259849298,1.718119499603157,1.1116306852052424,1.5530495514770444,1.4666639048684653,1.2302478927188178,0.9300878350582705,0.946144878449797,0.8092857283014644,1.1507336719393397,0.047205333515943526,1.3627611969111861,0.5579917579459872,-1.0232328742830348,-0.7801566765999723,-0.04511244653361006,0.19049270958966702,1.3673550058417698,1.2172292009285786,-0.6281705602272356,-0.13622224340388683,-0.6591592768537939,-0.0040515382596962,-0.002772650049586817,0.35559875535846047,1.4951408123459413,0.673683046155688,0.9591066562041584,-0.20015831957697028,1.5548639553290609,0.07102965815391557,1.9702540785573843,1.1844303376444958,1.0143847325137227,0.31299984027290645,1.1100928259125125,0.5405112616373707,1.4574534656469085,1.3199118860779373,0.03331466841975742,0.1145414479715566,0.4665038624888063,0.4999232070074671,1.7540011134457296,-0.6836701985162659,-1.0341665727051534,-0.6838643563339194,-0.38701358975021666,-0.14215442661453453,1.9621267287529256,-0.3754915923717671,1.0320707664529742,1.45301276764741,-1.4890961542297054,0.2948390257886379,-0.44508589815289196,0.839371718945841,-0.643392071803798,0.45102411567580003,-0.6657755237309179,-0.44113965704424357,0.3571595805196436,1.7849746975057492,0.4248785360321508,-0.007255039992148802
1.9714733095128916,1.66765213905905,-0.6853986684948168,-0.5833258605520246,-0.09440427070740932,0.018864675515693013,-0.8677321139609467,-0.3264493576105373,-0.29593366445216274,0.6056702835189908,2.3228229162936294,1.3354551033574933,1.1834889766265442,0.8541630696281922,0.9845706109077271,0.9770600977407783,1.3207413273722646,0.9773338140119632,1.215170450101621,1.0281688484477258,-1.3072028178808193,0.4664301165170695,0.3033482584953363,-0.32597872830560004,0.10322523444025344,-0.28004639233120876,0.930176076258971,0.3939587759167068,1.5765932473165394,0.87164240793491,0.3115653616152869,-0.49451696304869913,0.5473257085220828,0.10298016015083315,-1.4650385765819487,-1.697269036714996,1.653049524497877,1.3873456612924562,0.6403932484506477,1.1327000721745637,2.6042214795293304,2.3297884567376266,0.5133132138249017,0.8250525472252833,0.3812238162532656,0.6630211076912451,0.9408510227981867,1.167721601881038,0.6916070121953983,1.4006910123893588,1.5450871713472498,1.8925497157651234,1.6252768390426504,1.0890552227939931,1.7826523452343033,1.499123707193792,1.233300816717491,1.039204681972668,1.366851438827147,1.189738522923775,1.61410154432966,0.237165897432364,1.5082306552020912,0.9670943171336528,-0.6643024235869962,-0.4493827218536256,0.02412924314563237,0.13677893784966133,1.0337575723845667,0.8624932263388483,-0.21288110374690675,0.6054024275988208,-0.24842726216686742,0.09121671325540148,-0.2402388876762485,0.6255897499170797,1.0179346197666692,0.47246202819124344,0.5133268958573258,-0.18346214593688243,1.2061096313871482,0.11136089430981543,1.9597865416937854,1.0643131651625355,1.0063268134798462,0.5990204091626695,0.9662365358268525,1.0580074956364847,1.362730213090064,1.3415189030984074,0.4919992274834068,0.4553069937977443,0.9758250870621967,0.4092425340590164,1.346750671694049,-0.8023782325527414,-0.8029584248793534,-0.19848868948129986,0.30648539948337483,0.3991429876910497,2.0348348375276837,-0.33239413785153016,1.4108449026859309,1.0296389852475096,-1.0801149772967094,0.310850746148151,-0.15953482343562828,1.0012114653367408,-0.9751712110010042,-0.08947399820254123,-0.581197926683689,0.2430462256251552,0.5708658844522683,1.9114609985213888,0.37170804255999007,-0.04979497438192217
1.9238552441499022,1.4445683796005888,-0.0423436745256486,-0.04387648923828885,0.4556107200081708,0.23155382082091963,-0.1317993863163175,0.17216642259872508,0.002506222214745847,0.47830538582092663,2.252191710354734,1.510370464465652,1.4974623417510005,0.9593799992348947,1.303906770161027,1.113107435362545,0.9049074051853223,0.8411171821011396,1.1100047976250835,0.8712635464871044,-1.0055828115201435,0.2883513226313924,0.5945532342965105,-0.14034450023745462,-0.05400074341676739,-0.4929244913115829,1.0610724674290186,0.45275468194304697,1.346514532602968,0.6004395723999495,0.37651596155384626,-0.4257946348046438,0.44832772225904016,0.06092687205232573,-0.9391970029424037,-1.6414336586996945,0.9584786383494753,0.9945914397558843,0.17983468710021366,0.4725508348867062,2.673012969747677,2.4544108629411765,0.14911284714595757,0.4327509040111818,-0.015527018343509369,0.39007654079311443,0.5975322809660898,0.8181696021088595,0.6635716688541075,1.249534242437485,1.3877909562418655,1.7721803152291298,1.3496408714611654,0.9233777304291563,1.922927873407465,1.4220305668476572,1.0391188981638566,0.9666207744288275,1.6635377439782912,1.4623494539784994,1.937618081668177,0.4303897853857585,1.4871642719185356,1.2656081799006236,-0.15293282985237314,-0.0641524731859193,0.12386826990921782,0.10588402686699236,0.5591556131371819,0.364282022939859,0.44260696245327147,1.4754400233130827,0.2869007017841812,0.2603981782106487,-0.35242085863925254,0.916695523305894,0.3911211117274013,0.22547917517782728,-0.017129947930991696,-0.13300565187288224,0.7597638665966526,0.19767391426641936,1.7737440124997061,0.8613422402155623,1.0183550336689267,0.8743171887566494,0.8159020139958979,1.5324542830345054,1.2733844726903494,1.290287837100877,0.9978870913011401,0.8507780945418111,1.4299843451668661,0.36779079250924396,0.7497121322999678,-0.8407002368983509,-0.40305987200358584,0.422046184024089,1.0424593262116557,1.0587504832106607,1.936538992598575,-0.2387755980855696,1.6874579535642495,0.4778202143535815,-0.4852902410576463,0.30860886859667364,0.2707861376224147,1.0841052751753197,-1.214074574236563,-0.6543061515368922,-0.40376057002528337,1.0519903199503262,0.8858899712269903,1.8141208288372241,0.199929981861823,-0.08080233867504598
1.6679812617612053,0.9885853617656946,0.6782734016676113,0.4680696492541082,1.0093494472708715,0.4385200314208303,0.66032626278422,0.6508608556319181,0.31404970335550425,0.3192997801325915,2.0365578220695713,1.5814253120763575,1.784793834355246,1.0624715575087007,1.5585565379716573,1.1276628213750424,0.3085356019074878,0.5332167371231072,0.8818193267035269,0.5930630133585654,-0.6539213968897893,-0.006603986338731995,0.8791015739611415,0.023468842343028602,-0.21763436318940843,-0.7139968864051139,1.0804716570317627,0.4111934028495741,0.8963369798635513,0.20973428016911547,0.34411610135702947,-0.3580978290157708,0.2740730126959055,0.005548521174046327,-0.3101114718372451,-1.4140000982023273,0.24793712674299462,0.5296090903670811,-0.16262877380993196,-0.18151568159505213,2.4567141192543045,2.3702360933457314,-0.2768978570783699,-0.04323357265414519,-0.4105689622062311,0.07445875784658595,0.14235513220150273,0.3410543664275616,0.4973566968316456,0.9004012405379711,1.0121056047080235,1.3903223453262685,0.923016378482612,0.6318881964215106,1.9390862238850328,1.23798492437891,0.6467316406723796,0.6846837408214012,1.770063742352887,1.5523010680266518,2.0282002304581646,0.5453044012853583,1.2785747067885371,1.3524878740144377,0.4336416838647136,0.29966201517545416,0.22287695154139875,0.08754746905264708,-0.0025789402005341965,-0.2227233591575643,1.2072300559764417,2.2565884216510756,0.829105942507881,0.4285565616052175,-0.31203156995309406,1.1548158706280254,-0.30056672384910244,-0.050603333074518794,-0.5978931587592504,-0.0993973049024349,0.24300261559642877,0.28150769158669187,1.411212152097421,0.5752846936791804,1.0414514922780704,1.0679827692946682,0.6766203155527853,1.8292934036634931,1.2041706266523,1.144442207163042,1.4303151659522344,1.2177101869683573,1.6647480135174428,0.37971379472508804,0.05402113741990423,-0.7730481169154149,0.07674683908023211,1.0643657852680295,1.6578391262769323,1.723987780852334,1.6149359491252047,-0.12787361876304268,1.7720685590314662,-0.10486876711438513,0.14130557599129695,0.2744470266588711,0.7678014412743972,1.036544879575775,-1.297433504985533,-1.1471685814169463,-0.1894895356957938,1.833023069902601,1.2225274086054403,1.4823930863475778,-0.08050117362030783,-0.13151156064650704
1.2021197045297052,0.33350086072084234,1.341503227048234,0.8188433443198331,1.4428131234456594,0.531374443991284,1.3435939996733912,0.9716761271277101,0.5431994067233409,0.08831345434840354,1.6658069842660983,1.4827381955981547,1.9367490276401258,1.0891964771030267,1.661335240708856,0.9600974720032025,-0.40999743180221954,0.06050368975863207,0.5258472252198892,0.20158717298480666,-0.3396113248175294,-0.42293835075006664,1.0612984868707374,0.07428350692381545,-0.3735849563039167,-0.9250919139286028,0.9450086953266487,0.22444890796018518,0.2578058812215836,-0.27588294220615783,0.16785174811821577,-0.35009265475365886,0.017770913957586967,-0.08881410466428816,0.3036721986606604,-1.0529524912863613,-0.38684948158369015,0.053955139788334425,-0.3157708401769103,-0.7347364976353967,1.9427258283487685,2.0456857334544942,-0.7300229313186412,-0.5570652175045174,-0.7689894456202617,-0.2586285236331576,-0.3840784814054903,-0.2150764613056648,0.2014990215002589,0.38663109563382425,0.4556093329821609,0.7912460452943785,0.39240595473555373,0.2482994129011283,1.8046784079525198,0.9579347198268282,0.08898488822842268,0.20613525956557052,1.6493208002009352,1.4159416862866139,1.832275602615217,0.5228835804224191,0.8961792835880258,1.1741779096176235,0.998004132759316,0.5787489202174233,0.27895930320062073,0.06371146307155172,-0.5941918184180907,-0.8353352549259899,1.9241323540816326,2.753968846877557,1.2690473311684618,0.5165344575445957,-0.11965733491157701,1.2761131443820701,-0.9636487013548509,-0.334427123092652,-1.1818572721154432,-0.12396070605321421,-0.30809336796387304,0.32375387378163434,0.909201159835797,0.23175842564465218,1.048458566074897,1.1306339660192049,0.5512365973225829,1.8568910182672396,1.149199438754623,0.8954739716357492,1.6873244258795612,1.4738641496841802,1.572684408919344,0.4231823460390628,-0.626694714787343,-0.5867914095065135,0.5269581823781814,1.6054217972196314,2.0191858270400576,2.2759040255504592,1.0661481381864664,-0.038874344748238934,1.6109629714107787,-0.6143409912583131,0.634556786389931,0.20094188612394998,1.2393730594459034,0.8282852739759954,-1.189414685081768,-1.4786164389424044,0.0045790203347305415,2.4370401380810742,1.4889303310342528,0.9519131278410292,-0.4333869025173073,-0.23261222044308077
0.5583318852554401,-0.44624324501282514,1.8176771336346658,0.920875482031501,1.6522271585063972,0.43622453983833076,1.7791879828754154,1.0458765329799076,0.6151568127416857,-0.2331991535318639,1.150651375142619,1.1911139538509636,1.8681092263015429,0.9886708740362737,1.5527225900250663,0.6014659581217608,-1.162675833584926,-0.5318127396717416,0.06053280884569487,-0.2712975991273959,-0.13049099418662558,-0.9226721612567207,1.0647935462689517,-0.03557063892981514,-0.5212237715743777,-1.1069632045578452,0.6370390395476476,-0.12161015687749074,-0.4931132876531586,-0.8044921556283936,-0.15526914743099454,-0.4315379340670536,-0.30980204731339617,-0.2355966273726136,0.7859637116402136,-0.622341980562133,-0.8821642844277652,-0.3705926040717482,-0.26129537491210425,-1.119764271857714,1.1848764493375634,1.5061921336701969,-1.180539895059577,-1.066213771070263,-1.0738309943129296,-0.5894152943878849,-0.9389506280662528,-0.7987803966981197,-0.19603279190797832,-0.23502163993440653,-0.22055496004608435,0.04900625998617938,-0.18839212987151155,-0.1837569677723558,1.5074608358012438,0.6006408599712012,-0.5713384245250119,-0.41577466340775027,1.3005899109833048,1.0515754028267608,1.350389613279957,0.3452616528316724,0.38726949757598816,0.7400665358930251,1.441261397508787,0.7350114405448994,0.2504837869575571,0.015564992285528568,-1.1625570364176858,-1.4103245738508192,2.4500554070109133,2.846703960822846,1.5328065793797974,0.4659681930413723,0.19996040191888115,1.242648099715728,-1.5133168199178624,-0.6015318434789567,-1.7093360962387287,-0.22338663279116427,-0.8473569044398466,0.30836368177029444,0.3383290565298311,-0.11921999111383619,1.001544807171434,1.0462837144953145,0.43048103864687587,1.590196827565621,1.0845556867520882,0.5543006404085538,1.7095827714204106,1.5562420463052182,1.136428539207802,0.45543809504329164,-1.1783179211112556,-0.29041886167254793,0.8430233369264714,1.9378118961119453,2.0522988328379506,2.612587390071653,0.34353199208543894,-0.003653674461534316,1.201573702559473,-0.9626182137295775,0.8629620060440919,0.08755126795220891,1.5983818584327067,0.4586105147843659,-0.8918961650346671,-1.5853438646622342,0.13486248723747582,2.7489312261800007,1.6027601416469686,0.29610470353563534,-0.8037650909437907,-0.4024282154331911
-0.19942881081533848,-1.247924782873932,2.0102688663071593,0.7499349336394738,1.5765339365316158,0.13494601221765257,1.8851667820340225,0.8534415920142946,0.4953876333345499,-0.6309528475580678,0.5279130566519675,0.7353744082743584,1.5432974577866891,0.7485549066227186,1.2168901575475362,0.0971870431415474,-1.8463647611090033,-1.1665907360969787,-0.47331870592526426,-0.7747054815822109,-0.05860396753641389,-1.4295913587072664,0.8520842314921014,-0.29913864811547225,-0.6688454347994849,-1.2423925758591507,0.17396784446396582,-0.6004370067067668,-1.2502811559837035,-1.3062591584710321,-0.5810427484234458,-0.5950962622371369,-0.6803972675439024,-0.43216996417697706,1.0485061388698755,-0.19936827352682412,-1.2083563081680986,-0.6919991796540286,-0.039178120654065486,-1.3070749309161558,0.2964193949691701,0.8316729812291425,-1.602560919933433,-1.5342204990059678,-1.3226475621473217,-0.902564574098173,-1.4799418375722628,-1.3616256214578482,-0.6525287024358021,-0.8937738339889191,-0.9417276200478937,-0.7459047315297275,-0.7664050582655533,-0.6177051694561252,1.0532920935119132,0.1919518886510473,-1.2516624609069706,-1.0968479687018577,0.7595550354935783,0.4999873819529264,0.638957911609745,0.039257327907079594,-0.17721080567011643,0.11981022773259178,1.683177324301624,0.7596121997946036,0.10847420727089511,-0.07077398313858994,-1.6639013986061897,-1.8927895617669996,2.689593318499307,2.517084646926505,1.5942530066544414,0.2564588426296727,0.6033164416407859,1.0491025236577751,-1.8891270892387584,-0.8286127369763105,-2.1152427832611194,-0.38485504569721857,-1.3223612702300847,0.24466525385630794,-0.21242710350770685,-0.41609856635922443,0.8627241129944158,0.8320728100910145,0.29796661602153746,1.0731765237568904,0.9757224967000904,0.15041346188381716,1.4903483377181321,1.43310686004767,0.4335675353462465,0.4252599535718204,-1.510559302694506,0.07974518863864151,0.9477245492068748,1.9902351678453138,1.7543072980343934,2.6673679774941013,-0.451906334438353,-0.03577157155976778,0.5941652588748899,-1.097662238970338,0.765223999986867,-0.06111871391924286,1.7782981932735473,-0.043211201058856404,-0.4485170327716123,-1.4469055652865757,0.17836326429219723,2.7081945978128084,1.5090856916928772,-0.39156066017076724,-1.1305563646769445,-0.6385683176882191
-0.9841080311206936,-1.959882375494983,1.8768659232879703,0.34357069705724974,1.2098455965095438,-0.3324478761334572,1.6519742527195038,0.44047035518767186,0.1980405716862686,-1.0592254178583969,-0.14041534929376642,0.18915770754424047,0.9890653731651516,0.3961055923183992,0.6870954116252651,-0.46831841352293546,-2.3631801827770524,-1.7507381198619454,-1.0196671324438435,-1.2497849444209033,-0.11440407670543992,-1.8473881435163588,0.433748664179414,-0.6629189694262576,-0.8246296285193908,-1.31980532908979,-0.39039527634237586,-1.145581526780198,-1.900378093549906,-1.710218754402958,-1.0294957098283088,-0.8019983272805727,-1.0542329462561537,-0.6625915334442594,1.0495253724991382,0.14048334829305972,-1.368633367320029,-0.8766495030521462,0.2610519789089616,-1.307846012947279,-0.5735780256741329,0.13809320146939155,-1.9712287381984475,-1.9311854445488164,-1.5208926568047938,-1.1856855912909448,-1.9663091822018444,-1.8614626404397463,-1.1174439051300846,-1.5155147787123162,-1.6307597155788194,-1.4998787439101469,-1.2952183693487533,-1.0101540068340153,0.46736920563537987,-0.236561064857956,-1.863976494519211,-1.7386567701409594,0.09132631495511041,-0.1648056748692933,-0.20113570810412199,-0.3348880729003323,-0.7187144622129312,-0.5756381886814647,1.6791165908342163,0.6688403250791167,-0.15435652387870463,-0.2015519437545732,-2.0666267265588734,-2.243361781376162,2.6158345661697435,1.8513401740466076,1.472290850065569,-0.08935945991518704,1.0336209079729286,0.7199762639776978,-2.0655594834790927,-0.99904703993846,-2.342169581089752,-0.5726374080053726,-1.6830584501274235,0.15867054361315702,-0.6576887443638308,-0.6058417207413496,0.6048555808948352,0.5276509535198475,0.13619630712925893,0.40133665510588473,0.7879134426562651,-0.27544387277671356,1.0708738488530056,1.1078023748676835,-0.386660018318397,0.2890701846675256,-1.5778263121810985,0.4581801308662416,0.8057805030014539,1.7393623481109752,1.1874070296172357,2.418728933764124,-1.1960407736160277,-0.1262394523484518,-0.11956462297958208,-1.0155984573486891,0.3686454485487118,-0.23792908009492997,1.7423922582087383,-0.6240432862574555,0.060007900298885655,-1.094891152105281,0.1319707023412341,2.316495967185079,1.1911086722911495,-1.0194880334284557,-1.361174579722981,-0.9158149961029465
-1.6995748988206725,-2.482934733539256,1.4383245442765977,-0.21560333060973816,0.6017587019749376,-0.8828483323892582,1.1399646049036156,-0.10166921339374636,-0.21835041221549334,-1.4533793198588638,-0.7750477822367801,-0.34958899695584855,0.29032106596322743,-0.013477533121179594,0.039482267133780065,-0.9985942177633557,-2.641706409693041,-2.196521748004804,-1.518364316249875,-1.6432645568098534,-0.25238305834594293,-2.086266630679048,-0.1342402970130823,-1.048883575336318,-0.9873547450456939,-1.3362105017462171,-0.9739893995118036,-1.6630031038086606,-2.3484153976832567,-1.9630669216669183,-1.4073161352699692,-0.9981469040453858,-1.389658118203783,-0.9048086963747761,0.8007089063075894,0.3369316285705659,-1.392160702671902,-0.9148219042807118,0.5215398598734479,-1.1688404793271279,-1.2744032828584624,-0.4512727883121825,-2.2604993682608363,-2.2332234188222957,-1.6751072813326666,-1.4285468267820793,-2.359469807359428,-2.2635396506695358,-1.5400625949356017,-2.0330036762276045,-2.2180581468019853,-2.127457016581985,-1.738165756236479,-1.325281113124655,-0.20702308730002064,-0.6497206922467854,-2.330335647969537,-2.248186137583727,-0.6215463875190257,-0.8514119890978399,-1.0459270043645528,-0.7042990081435615,-1.1687913526862466,-1.2228521871327902,1.4297300182894386,0.49468117177148313,-0.5200747104097847,-0.37566121696877725,-2.3519670380678437,-2.4429662134280443,2.2729043192675173,1.0137173552222645,1.2165736365188686,-0.5130955718583856,1.4262212018949478,0.2996231147312314,-2.054979159091422,-1.1075365631056204,-2.3555257052011935,-0.743047792847675,-1.8927649451328337,0.07797993650822506,-0.9376772876314968,-0.6638203795844122,0.2208873927651938,0.17953766166420562,-0.06746719763208305,-0.3083274005098233,0.49700325770644066,-0.6819343591519034,0.5247760928110554,0.6147980119370124,-1.1462925023686288,0.025631407784128542,-1.3910523074436325,0.757384369548904,0.42880279433984003,1.211682543125762,0.45836200637551616,1.8909875081660092,-1.7728428228403077,-0.24822863064120576,-0.8272205995815023,-0.7620399081164932,-0.21621041173305358,-0.4349634631458147,1.4856780503128626,-1.216670366930383,0.5294451215186927,-0.6106929230473515,0.006286063845417844,1.6321684543448765,0.6723907180602633,-1.517922689857367,-1.4642229076542228,-1.19095227854973
-2.257019515214748,-2.7487103548714655,0.7739174018129662,-0.8245833440658378,-0.15388962124263472,-1.4158849854481605,0.46058246813148657,-0.666738568481511,-0.6662515422284107,-1.7486279993526195,-1.2928548543411404,-0.7854076914623975,-0.42969276994458855,-0.41608413490159446,-0.6230265061736234,-1.4140167941096236,-2.653386239475536,-2.442303760662888,-1.9170389916187118,-1.9190771047999555,-0.4060794495555539,-2.0896611121198965,-0.7637690846736063,-1.3813493666019214,-1.1410017860621877,-1.2983843443117105,-1.4829382237884858,-2.052235404066371,-2.5387876350410825,-2.0438148893314434,-1.6341243912524865,-1.1341200160081342,-1.6532266373271218,-1.1387718144791135,0.3614689600655441,0.3546692610011031,-1.3234372742508318,-0.8212102090607544,0.62550688495824,-0.9597810199279122,-1.6892289763581585,-0.8364554944225006,-2.4431802681770085,-2.4220437299336575,-1.7881907906581815,-1.6233013733770163,-2.624134150013059,-2.5404639436542262,-1.876433426922915,-2.39403893294974,-2.6490111016104665,-2.5596388928484726,-2.0689184220762296,-1.5371687915415782,-0.9116201703965285,-1.0114028784989282,-2.5962198426281606,-2.555727567636489,-1.2931738443741867,-1.4689453627469309,-1.7741712198470996,-1.0059531489346403,-1.483529739304694,-1.7159162073271548,0.9809381054115933,0.2740489893945557,-0.9481408020803042,-0.5866129915372343,-2.5129694921150074,-2.494040942492051,1.7609408900946362,0.20206953992666732,0.8884207987410359,-0.936899557500601,1.7149052707937853,-0.1605827114470471,-1.9021992489181383,-1.1618572475785975,-2.1555859947073763,-0.861774071675704,-1.9377031074586974,0.017076476276888485,-1.0333108231685906,-0.6057688992824749,-0.2702894301317878,-0.1730591446206381,-0.3156193577026327,-0.9494618724630833,0.09870628452450594,-1.03689657977126,-0.06265667176831338,0.010240438566682775,-1.687543731897785,-0.3552402340301992,-1.0167999559573198,0.8843669549115002,-0.1288927388868043,0.4761179041952701,-0.30904385342391577,1.1469246621436884,-2.1023615800391995,-0.36929277836280944,-1.4199088866399416,-0.4217778730605823,-0.8237005765086857,-0.6432228798150165,1.030730512457519,-1.750107226454956,0.8524177339705483,-0.11078968868272937,-0.18220766702958083,0.7544213101349327,0.01133034917512376,-1.8515778623858603,-1.4367678315807662,-1.412870630886682
-2.590360836352379,-2.730903023932478,0.003563094264487776,-1.3846945450504224,-0.9389486936862178,-1.8415278539104438,-0.25329476186420996,-1.1633178603439853,-1.0514166125072102,-1.8985862642893359,-1.6227482159923659,-1.0501041937981124,-1.0394412514848823,-0.7580062234541005,-1.1928822838021815,-1.6730059666887318,-2.4194170839019655,-2.466882955459179,-2.180540948766633,-2.0645013432493786,-0.5079463859587626,-1.8524755383683054,-1.3546529010773833,-1.6092890930953738,-1.255777785438981,-1.2217724972507291,-1.8324252519415292,-2.230906551743688,-2.46634392812829,-1.9693738012314352,-1.6646689613730008,-1.181845741047624,-1.8268427749984573,-1.3519662966105137,-0.17708095377947827,0.18851804395554114,-1.2100535393616287,-0.6297221600873788,0.4883008551510059,-0.7551099871603709,-1.7624263074866668,-0.9646132157858182,-2.4938427858424532,-2.4853698507317343,-1.8578369709847091,-1.7653023171674287,-2.7306414105326082,-2.672137410076819,-2.094493437951795,-2.5666974129085545,-2.8880063111834673,-2.7493570596985935,-2.2701294022319334,-1.6303971810002968,-1.5776257591540206,-1.287441348204779,-2.6390726000135354,-2.627146269158236,-1.8476249326856617,-1.9425079749896648,-2.2912367457052047,-1.203429672338125,-1.6508395815787,-1.9893681506768748,0.414027231948748,0.040184651090888854,-1.3830791515924343,-0.8244229779296978,-2.5524615128100936,-2.417783420462491,1.2085945922467733,-0.40283512823189893,0.5439244385798654,-1.2832896241374534,1.8402049231079378,-0.6132971866705528,-1.6718754523238488,-1.180620503041223,-1.7818634354259537,-0.9169703371661352,-1.831430479737669,-0.030701554714601186,-0.969448411937615,-0.4864780875135558,-0.8224616022035453,-0.5059238788445096,-0.5971180226758144,-1.4504774483508276,-0.3860552614767772,-1.3227111188854461,-0.6138682760472568,-0.6397856887444157,-1.9133033947278988,-0.8125555117629831,-0.5629664276199499,0.7636757423151264,-0.7815129956674076,-0.3699943347752332,-1.0007457986336814,0.2750585656788724,-2.1573012768086794,-0.4663393479904572,-1.8137334662019273,-0.0990733289743597,-1.2766846197911936,-0.8502104418852441,0.4201520174929528,-2.158246940549941,0.9416148004309446,0.2779902525261655,-0.4170001364151808,-0.1981123683631802,-0.7098835602951639,-2.021868718029289,-1.3041341449982145,-1.5346198340675474
-2.667548190049046,-2.447559000832518,-0.7387450443252611,-1.8201596048280015,-1.6350821408050755,-2.1011282684123835,-0.879959371064397,-1.5352407559603551,-1.2964585003899636,-1.8878226706845878,-1.7200048275158926,-1.118483368237322,-1.431264989149148,-1.0091315986878266,-1.5809564139123151,-1.7792303727946726,-2.005923860314397,-2.2933863716828453,-2.295647548516444,-2.0892086483531425,-0.508306870637748,-1.424775764614605,-1.8164679016221568,-1.717480415274986,-1.2956903929433625,-1.127352407078835,-1.9666264071318151,-2.155962122419368,-2.1748238318260706,-1.7889314823066285,-1.5005665323347055,-1.1424250290095956,-1.9097313352279608,-1.540214003546056,-0.7135089398178606,-0.13580498857585208,-1.0910516158106605,-0.38348523482008073,0.08250928000928182,-0.6138085993895285,-1.511509930954063,-0.8406721617804314,-2.394110523272064,-2.418348342281352,-1.8779918467206878,-1.8537827783801706,-2.65861625219683,-2.646517258180413,-2.1769375584576225,-2.541497123117406,-2.919332855778063,-2.6748256988507317,-2.3313988439182567,-1.5996227708182826,-2.131445832124305,-1.44860401882598,-2.4705371129322584,-2.4682925074742927,-2.229222398203663,-2.2233188546188214,-2.545751923684158,-1.2933224883338998,-1.6888084173866025,-2.028644549483903,-0.17201597334819635,-0.1818447823391703,-1.764978443009764,-1.0761030130046079,-2.480703615727964,-2.247946546870384,0.7409348846490955,-0.6812173778123196,0.22412668756794893,-1.4926603147345687,1.7599343057158154,-1.021104094978173,-1.43180256902122,-1.1872870286876718,-1.3074767932136842,-0.9232177649048054,-1.6120803535319357,-0.09112091846811117,-0.8050449798526027,-0.38441536756976324,-1.3658630341141875,-0.8091917962978404,-0.8856831331975493,-1.7842189980672452,-0.9110267366392755,-1.5358025322411484,-1.0722889652241239,-1.2701681425557516,-1.8083901575853043,-1.282523910510108,-0.15372664260664123,0.3611865478063454,-1.427196343402032,-1.2179007876023553,-1.5319951465197612,-0.6250990699537358,-1.9643368073228487,-0.5370292784650347,-1.963869623313618,0.10673292292884742,-1.43352740821861,-1.0366495599482988,-0.2909594545492934,-2.386225526826154,0.7507695392211112,0.4476756949303638,-0.6833206754128167,-1.109184116060074,-1.3990251877628697,-2.058894435637535,-1.11231663474291,-1.5238095444429742
-2.4955169702903404,-1.9547627840276003,-1.3341504740807135,-2.0873969094222105,-2.146906257009807,-2.1767263663116028,-1.3361538361982186,-1.7681922209255545,-1.359997049232879,-1.7350436067217887,-1.575414019650477,-1.0112396298110609,-1.547183943110925,-1.1663072792138456,-1.7352088640703784,-1.773468256125119,-1.5083426853672703,-1.9816088339867381,-2.270181054903572,-2.0179355597493873,-0.3880363829851695,-0.8993765136567764,-2.0870907126859373,-1.7244831490112562,-1.2304713641959608,-1.0373549228223733,-1.8724190663236657,-1.8358415929815615,-1.7434175783009107,-1.5685042923016175,-1.1884232151738396,-1.04292514856754,-1.9147988977416555,-1.7036504612382442,-1.1572087531144215,-0.5647625620318282,-0.9881837064314634,-0.12280619560765038,-0.549802309096666,-0.5624097814301403,-1.0209254642306365,-0.5224425052047218,-2.138922473237581,-2.225544509436156,-1.842276576870317,-1.8917946773897536,-2.4014542134509154,-2.461440801177578,-2.121967139609727,-2.330909090344337,-2.7460573773190524,-2.3414276981108046,-2.2480100915389643,-1.4489368961029292,-2.5020225674123378,-1.4736231246203098,-2.13231588899904,-2.1212583574519335,-2.4086903815333778,-2.292552160131839,-2.5358886786813195,-1.3006936670111107,-1.6359667934299962,-1.8665285636722793,-0.682001271264958,-0.37549306921251524,-2.040276492606515,-1.3245583333391862,-2.3132632258854438,-2.0226191158294435,0.45102571010345155,-0.6006427201046305,-0.04627825599208984,-1.5339803423575815,1.460538514509733,-1.356335167002596,-1.2362913149399566,-1.201998865534147,-0.8243601864917613,-0.9149383809639557,-1.3328318079366215,-0.1976957518042595,-0.6132427313695544,-0.37653823013597754,-1.8163324521367659,-1.0801347461664645,-1.1416191002231497,-1.9621943400520572,-1.4102586836201159,-1.6812150906059986,-1.4072507443199347,-1.8246377346874327,-1.4370839397000648,-1.6928359247944773,0.10074434199161468,-0.29857854566579395,-1.9646865929498467,-1.9637210437516799,-1.8564930998031504,-1.4567812911483775,-1.5914269272620654,-0.6023672750802095,-1.8690570305511296,0.12435910910266222,-1.2256321907121925,-1.1744540450157572,-1.0401013216942037,-2.3951945776382453,0.28842770806796886,0.3356610053759504,-0.9658304193560602,-1.8824091863602286,-1.9677161655078654,-2.0064183053866964,-0.9152736640207825,-1.3688709616000292
-2.117851302694994,-1.333890820114988,-1.7040378802162108,-2.1751198925760513,-2.4192815410386768,-2.0877560064338097,-1.5924782663043595,-1.8826241253738536,-1.2468810645232868,-1.4866881492448756,-1.217069217161221,-0.7851567078782767,-1.3917677514734836,-1.246798628084579,-1.650810046530835,-1.713863655363177,-1.0289033758829267,-1.6109887242423704,-2.1272877577986495,-1.879497226608436,-0.16164853113728245,-0.3868339890250302,-2.1440330411000437,-1.6700304874893344,-1.048076382838121,-0.9710513092733987,-1.583238326230471,-1.3304268220692106,-1.265300103387142,-1.370236931169546,-0.8051599433121732,-0.9238162969135776,-1.8608843123499088,-1.839792870067297,-1.4447617142678886,-1.0236255681524462,-0.9021009747718123,0.1251198453418037,-1.3020288397917077,-0.5865010945767288,-0.4197703937377715,-0.10239150362068992,-1.7418564653241912,-1.9227037405487744,-1.7478779314333146,-1.8851602845023474,-1.970549900357823,-2.1270080691312208,-1.9423376613014054,-1.9668231643771137,-2.388109901023392,-1.7822418331895262,-2.021438840620537,-1.1914875616856302,-2.6299567702975533,-1.3522639271860888,-1.6868456423385694,-1.6538948551049522,-2.3849686088621915,-2.1596925817700674,-2.3048672464208235,-1.2665085063132724,-1.5366139195961956,-1.5680246244240372,-1.0450239038293905,-0.5303277061748991,-2.1706470264718605,-1.5468467208007768,-2.069323021877549,-1.775965427228612,0.38156676269318085,-0.2188931300862785,-0.2536669564309132,-1.40671033018494,0.966143458531667,-1.5965314865663556,-1.1138189178687716,-1.2336934503572758,-0.423103875644714,-0.9317776184125882,-1.0484422231874193,-0.3754967938444154,-0.457802157626878,-0.51136007588682,-2.0893378586459295,-1.3135901398454264,-1.317162593722171,-2.0176305332140614,-1.8089160160502746,-1.7649716380399179,-1.611244067594925,-2.259778581252811,-0.9195385959808235,-1.9788250506671266,0.13236803436193498,-1.128018207741441,-2.308733458967666,-2.521282845359117,-1.9652134337054596,-2.136769922462388,-1.1264442477966463,-0.6987097454421572,-1.56705382674782,-0.07308250640748158,-0.6755921304446584,-1.2280865402671977,-1.7596997722697552,-2.1666205739780833,-0.3792166583864982,-0.058294842046723375,-1.2441254158486337,-2.4514514547914668,-2.3435897031047515,-1.9051011686028463,-0.760817482648284,-1.0804801206620565
-1.6056547538540804,-0.6756118956166264,-1.825274497844454,-2.0976694944125285,-2.445257529416631,-1.8782154741839447,-1.6737344344333016,-1.9171959343715117,-1.0071724157031197,-1.2035317749847614,-0.704566348782447,-0.5142645593684078,-1.0291111366633854,-1.2751107570241258,-1.3696159727106618,-1.6518579988453244,-0.6529747762191607,-1.259070703688256,-1.8969698727233613,-1.695944612389345,0.12946988607323784,0.014666426000851772,-2.0065498271660225,-1.5974825136070983,-0.7635907755609486,-0.9416953663007331,-1.172030338032809,-0.7388647378544215,-0.8240279711575382,-1.232865082756353,-0.4350797255734019,-0.8218767039064101,-1.7637979603183551,-1.936871610327933,-1.5489763378344763,-1.426563435036264,-0.8146114811128097,0.35130308444367386,-2.0251668576172883,-0.6342353358177836,0.1504575338697488,0.3181706773896173,-1.237590208679908,-1.5372991521761319,-1.598467076063721,-1.8406065385715038,-1.397814039232306,-1.6674449549469474,-1.6631145019348548,-1.4964123856785851,-1.8803020703403095,-1.0565904412310445,-1.6616580066927715,-0.8493095489832971,-2.477868670840736,-1.0882040034642926,-1.2048742424311014,-1.145209779193828,-2.1831290882498795,-1.8571572535962495,-1.9276995969790425,-1.2320231472909549,-1.4257049558039223,-1.208932173739295,-1.2292646606068158,-0.6388530086346009,-2.138548770996068,-1.7134046620313381,-1.770314194080514,-1.531887818685016,0.5197664598453366,0.33643472904932015,-0.38779959701092864,-1.1348465608508866,0.3414343777150371,-1.719047030663236,-1.0620249117691436,-1.2751257797818052,-0.17286149270039208,-1.0013749601589461,-0.80202056665849,-0.6264878547869702,-0.3735379085590426,-0.7893766861394422,-2.117098907355833,-1.494747074124979,-1.3651898909324252,-1.9848520105728642,-2.0375086853106508,-1.7874923036941952,-1.6923312784066187,-2.5457671496186753,-0.39529078389773004,-2.097365045359551,-0.06645351420157876,-1.9882176944415604,-2.402266885655204,-2.8302901742499285,-1.877925495479658,-2.602733254569599,-0.654205739116822,-0.8618768552341493,-1.1235423247832605,-0.46229556692528007,0.10828437799532899,-1.160472987558374,-2.3786369237743603,-1.7066151224459092,-1.1379416869709187,-0.6691563117804386,-1.4888961613834515,-2.782257270543216,-2.47965298018348,-1.779484283790136,-0.6790595890255168,-0.6889743248676848
-1.043450963778211,-0.06397255982194662,-1.7321998768197875,-1.8850665166164149,-2.2632921233464147,-1.5997139367013131,-1.645117228077978,-1.9092095861881633,-0.7242208962857519,-0.9445751886665691,-0.11717502207358958,-0.26771081341095726,-0.5652076439625213,-1.2684494597864109,-0.9694368787053772,-1.6120684382017083,-0.4302879387310073,-0.9815340531242489,-1.6076383571070174,-1.4755276790457834,0.4308321170468313,0.2454409864856326,-1.728664494437551,-1.5377444972247025,-0.4212605741838663,-0.955255175815069,-0.7349882398433679,-0.17836023000036547,-0.4741401524609696,-1.1595617816841768,-0.14564146983518947,-0.7548643679423478,-1.6294275473198245,-1.970654962553437,-1.4801086806662282,-1.6897460364376231,-0.6966649946221413,0.5631417691874204,-2.5623823453027703,-0.6318913706319259,0.5697785185479214,0.6550807431562147,-0.6801023194305196,-1.1070540733735788,-1.40517337494835,-1.7635922649768645,-0.7350978029464046,-1.1212203666994973,-1.318391641665468,-0.9765826367005986,-1.2701643141581371,-0.24555414944505158,-1.1901411592300062,-0.45278443257062495,-2.0403537718658993,-0.7011511610026664,-0.7524379305990734,-0.6698338013801168,-1.8490724711162838,-1.4329742432839911,-1.492814002267378,-1.225156203227125,-1.3177995193640886,-0.8545062158607019,-1.2476044682839411,-0.694231277604359,-1.9488090819667796,-1.7896906859099184,-1.4385888236272009,-1.3010084328148497,0.8050743305086526,0.9053685214899281,-0.4362963847941415,-0.7563396543783553,-0.31472193755047834,-1.6985676607713114,-1.0511783236215817,-1.3027384626217091,-0.10658300988124508,-1.1257777362556123,-0.6159816804478092,-0.9221191794477965,-0.3570621035620385,-1.1578117733660591,-1.8655472322449949,-1.597550245849703,-1.24993277626591,-1.882752431929866,-2.046794254324274,-1.7406543563423,-1.6653864919745336,-2.665376188479695,0.015181888594078388,-2.0353946498347604,-0.4396469612034881,-2.71563968526216,-2.2240412419191156,-2.8601145944927113,-1.6318579758704606,-2.8176719625754973,-0.23825129244134188,-1.1095271046046165,-0.6177890933199554,-0.9755815073686519,0.9588596119424468,-0.9429702822831999,-2.8260345447452733,-1.0495714082413332,-1.8463143868862646,-1.3788651694847884,-1.6614036922898312,-2.8688996403186406,-2.3602848753999006,-1.6326691272322031,-0.6763868822166694,-0.23929635787553172
-0.5128629352147065,0.4366400424551306,-1.505167129965152,-1.5730433558460428,-1.9447626697009655,-1.2960170055383036,-1.5888340970555865,-1.878512335886721,-0.4946136404848194,-0.7526984655840175,0.4612299621861687,-0.09043129607394568,-0.12073848217835566,-1.2262342198107845,-0.5458977395605282,-1.5826797041467766,-0.36562517778306236,-0.7992739812764595,-1.2802309230925124,-1.2117820905169607,0.6907549145736741,0.2986476498243329,-1.3852157132503995,-1.4996322990779838,-0.0883037908144577,-1.0109324819528078,-0.3699710837694797,0.24099405781634892,-0.23097207197271413,-1.1171127172608015,0.030717523249813642,-0.7135687569937175,-1.4514023825422675,-1.9068133344539382,-1.2802430243570433,-1.7460912243984759,-0.5200717225660231,0.7764382351131405,-2.787424316978586,-0.5075148346381196,0.7669241180477725,0.8605617143558503,-0.1361610739766948,-0.6760673497176645,-1.1853114005362344,-1.6565009585278092,-0.04970182962706415,-0.53851027059607,-0.9471078719288087,-0.4670882271988399,-0.6147960987924048,0.5564374736689306,-0.6417144457009379,-0.038887676101229944,-1.3509567225592523,-0.22733352342651006,-0.3796359800026299,-0.28463087792736486,-1.4416770396016012,-0.9427248757771156,-1.0827704054363994,-1.2522858171457867,-1.2032340624900737,-0.5438334213388515,-1.152534400669459,-0.689656437458347,-1.6263062070399896,-1.7408148408810515,-1.0958652862180263,-1.081402985008403,1.146465524587072,1.339402180532585,-0.3844662676864791,-0.31220229947521655,-0.8856675606232892,-1.5100636391103137,-1.0350124349209557,-1.2819312157354066,-0.21504193493197052,-1.2763348105242356,-0.4894971062736884,-1.2061808693402953,-0.3705968059116417,-1.5220471216261913,-1.3467758352880372,-1.5893859616714505,-0.9573146000782724,-1.7077354018071358,-1.8200402455306068,-1.609500128006879,-1.5453742990943127,-2.6129414749000346,0.2404143232578212,-1.8116198344604657,-0.8809837448906757,-3.157826716478052,-1.7910853422870938,-2.6104301715396923,-1.2716406003984109,-2.7724136673415685,0.08879968036337324,-1.4288204915400546,-0.12817234093423585,-1.51638073748014,1.690813605198409,-0.5670986727077045,-3.0395416339876524,-0.2592982764768342,-2.363625609650196,-2.0410335371134507,-1.7177837950788202,-2.726086788631232,-2.003504661209223,-1.4498903676331707,-0.7361596748276272,0.21512666087248772
-0.07720869067510552,0.7898097992597842,-1.2486065859091682,-1.195265136595353,-1.574881427310856,-0.9931402756969749,-1.5779053579691977,-1.8194290176982908,-0.40450336653636937,-0.6454917390076514,0.9572109583683115,0.008534209565379805,0.19851408439770765,-1.1274398624311905,-0.19124052898549615,-1.5192370432405458,-0.4209410687511269,-0.6958257341287627,-0.9264089062909965,-0.8889594311751232,0.8732662097153137,0.21873986655568978,-1.0543487663831437,-1.468903459491934,0.15848751329634642,-1.1028329122824045,-0.1546686630404206,0.4396858142504427,-0.07195121545145118,-1.0467634255427973,0.10325051694119333,-0.6642562986552524,-1.2141666460349967,-1.7088877099755155,-1.0125517086589209,-1.5592214410303706,-0.2696864205100234,1.0042107436983114,-2.6367926638215455,-0.21565655046637253,0.7333240906023912,0.93101948002724,0.32520412727322795,-0.2887593740449438,-0.9592069019283563,-1.5178006085278788,0.5839537495740109,0.02423953330847134,-0.5881336945519187,-0.022598027017104873,0.02421183223056025,1.2539829924397627,-0.06341485685627998,0.3524540871057894,-0.4833356530639458,0.2825590719418782,-0.11308008891524148,-0.01982993183952071,-1.0230902747016113,-0.44130511370553815,-0.7579039923286394,-1.2966117886261141,-1.052466065295857,-0.2833797651058627,-1.0212107533612667,-0.6191378129380374,-1.210350982768523,-1.5385171835766807,-0.7613611939464244,-0.8624601576953665,1.4442884928609032,1.5396515080245985,-0.2210537513511745,0.16093455924815636,-1.2608884228011434,-1.1373918658776083,-0.9658706969917074,-1.1766004331559405,-0.4505131910535576,-1.3989063684063414,-0.4025087991788384,-1.4073048651666287,-0.3571510219131221,-1.7707066484406255,-0.6226741998329833,-1.4401741595543496,-0.5020144742472106,-1.4376495660042816,-1.3794778107240617,-1.3778123502043895,-1.3444772565014733,-2.3943532780243353,0.2721976551396682,-1.4715869644121946,-1.2610421208043483,-3.209055158581694,-1.1558915806065828,-2.1100052061840766,-0.8429624827379812,-2.4866263487394824,0.32556419343183485,-1.7743023948835757,0.28010181664215644,-1.9805682186234241,2.1443458146188528,-0.05447331042042895,-2.977866203708905,0.5744430203900728,-2.5788005395990985,-2.5122729127410106,-1.6179813129367493,-2.381725731096533,-1.4591373699513417,-1.2091517028884282,-0.8253668582802169,0.6187459632887156
0.22996972549457897,0.989806674615285,-1.063910437290867,-0.7787254428848038,-1.2314729591300293,-0.6966258544211552,-1.6540682960170503,-1.7023931928376796,-0.5075135044125731,-0.6129027465070573,1.319717543951008,0.05740233475263702,0.32624204042355465,-0.9368212197576326,0.025182831082789032,-1.36037729977292,-0.5279040712257157,-0.6253828827964325,-0.5509257308477059,-0.4919131602542382,0.9644492057965236,0.0848721193364502,-0.8003179933509779,-1.415187581962291,0.25031512626321456,-1.2217617656385606,-0.12944292955121148,0.385577289698246,0.05161394182961393,-0.8834438238788326,0.11622799040781558,-0.5609123359382877,-0.9004500095240834,-1.3499047426509694,-0.747384990601589,-1.1335077040838522,0.04766694305477722,1.246416930225069,-2.1269382310349014,0.2445683104070544,0.5208143864747835,0.9019732264573752,0.6454301066557415,0.017499977024017538,-0.7459531948350457,-1.342512377517501,1.0953916023988286,0.5120783711334649,-0.27505279412884487,0.3154664203196465,0.5881141541009308,1.7657322796755954,0.4906164672210299,0.6839581523528933,0.4554577012609146,0.7685878504339527,0.04683308942804122,0.12397179400726231,-0.6481531122928845,0.025111493071183533,-0.5458090176697299,-1.3223079953906947,-0.8271837419923918,-0.050449545567083386,-0.933819339244207,-0.47886949894492337,-0.7468165430270756,-1.1688393407805175,-0.44980049079389045,-0.6304368522416477,1.6115179271181892,1.4793012671057808,0.05241894409497762,0.6329749390505371,-1.3619815794702161,-0.585176848204058,-0.8099107533270367,-0.960402786728633,-0.7384968806819614,-1.4278167330298976,-0.3244058811628552,-1.457386666205079,-0.2615747813640873,-1.8070247743200352,0.2029527909046719,-1.132526790287749,0.07123134320340355,-1.0444758135412762,-0.7847730437590207,-1.0354602353131892,-1.0730982572724475,-2.028004600839919,0.16167380432279985,-1.0775257860283294,-1.4603329565492393,-2.8363113849470314,-0.3988220443137077,-1.4143176679558356,-0.39013778793661513,-2.0078576520812965,0.4946354212595757,-2.076988185732845,0.5637323804826376,-2.278407784215322,2.2211983081777946,0.538914247591962,-2.634253457356595,1.3453476842225325,-2.4336225429747764,-2.682808417698232,-1.3373299421692801,-1.8720256485033253,-0.8025198709522834,-0.894753680170069,-0.9049225536158944,0.9202582609263202
0.40997923372989886,1.0586318977234959,-1.0234844133767824,-0.3423769694390779,-0.9664716276405415,-0.39538171591597476,-1.815117356929267,-1.4840909991815867,-0.8090875059578273,-0.621512626313073,1.526623766146561,0.11247976244062394,0.2494740414417779,-0.6181882265202532,0.07066603003069385,-1.050400431823806,-0.6073588954080767,-0.5287749306501559,-0.15694931913313426,-0.017131434300020208,0.9712847735800053,-0.015361264328988891,-0.6601148373404171,-1.3038168497814653,0.1438802644891796,-1.3562349042806097,-0.2885324692282391,0.10064915912582326,0.19600681642331177,-0.5776301048675371,0.1313233424864867,-0.36327796727482303,-0.5006994021391875,-0.8243173192648996,-0.5472836348889799,-0.5172183989553476,0.4006382012738601,1.4843949333568753,-1.3517299779553844,0.8240448542749821,0.22412447843434208,0.8321848369129334,0.7886397207322549,0.21960348446689018,-0.5592246494661923,-1.1240195883161983,1.4298063381491481,0.8802499183392685,-0.031456467355288974,0.525802810376262,1.0297507467975866,2.039278137251386,0.9676951859662714,0.9277039040902231,1.3399038706656559,1.1698155896509803,0.12342611113084741,0.17265181510931069,-0.35455162441142196,0.42607193380980035,-0.4384312705523716,-1.2827731006093497,-0.49498300450405436,0.19513914185961975,-0.9502542520240683,-0.2684149136509251,-0.2794790738070485,-0.6383828992282784,-0.16975809456782787,-0.3739962627064584,1.5903135426945538,1.2052600975031957,0.41304533838436697,1.0778513416225395,-1.1634599686944835,0.11038877850726049,-0.5580239971642084,-0.6265276792114799,-0.9942642755783833,-1.304313341697659,-0.22440366578092927,-1.31052049762374,-0.05027020262707008,-1.5772363681453985,1.003488642255067,-0.6696371958338571,0.6932423179082408,-0.5110056796396218,-0.12310034530580391,-0.5849953611791466,-0.743201708187678,-1.5455144474931508,-0.00015542880445868152,-0.6950814357677342,-1.3994597226171521,-2.088279356224422,0.3832928853014721,-0.6016834303687665,0.04406990651057516,-1.4073204488341533,0.6308381248643569,-2.2616499629258926,0.7059441471975337,-2.3521608175130098,1.9050278017304298,1.1269259440473522,-2.045569495196529,1.9457135772678074,-1.9349946011199164,-2.499373634479672,-0.8774512956442545,-1.2398201380808973,-0.12372091047618133,-0.5086246210369842,-0.9405082898201732,1.0790152507292792
0.49619403786131777,1.0380065075463356,-1.1520043279278354,0.10145946344304269,-0.7944486819072812,-0.06998743630971942,-2.0143747294127174,-1.122822372613806,-1.260960157887634,-0.6238462900859906,1.5847129352857274,0.240670447082582,0.008956140678251595,-0.15065836834174953,-0.04547599284511315,-0.5616824003822485,-0.5907665314715224,-0.3528363132742732,0.24771564076064168,0.5187395116119708,0.914640434899571,-0.013764058768671842,-0.6365294186208039,-1.1085914791026164,-0.16555844492349955,-1.4924405553941293,-0.5813983065310232,-0.34360070883034866,0.4051597091111058,-0.11352342286965887,0.20491172851186995,-0.05460821759020212,-0.02146023000788688,-0.15661372291185288,-0.4532912930838751,0.20307144176795808,0.7385988761950574,1.6821858473396236,-0.46084354948209305,1.4328846143746194,-0.04691052883331051,0.7819337278326971,0.7502744716097971,0.31386774857283506,-0.4043468411088789,-0.8569862147233852,1.5578001910523713,1.1018374676688627,0.13213420313116464,0.6108439659233416,1.3216124650486831,2.062202516837483,1.3265565158242913,1.0713002126649422,2.047112320932231,1.4344690274987357,0.15637179308352464,0.1699702133321899,-0.15585763637573824,0.7512909331574246,-0.3972455170069499,-1.1312141291234088,-0.043587828442429206,0.49456495038018616,-1.0910302598849355,0.008550203755301586,0.1576526003997316,0.022707857238048107,0.07703032266468199,-0.0883132977801816,1.3614181983953397,0.8200378553397488,0.8132303719260434,1.4689850624794987,-0.7017608136398764,0.8767567201365803,-0.22927968882101504,-0.19306628836789044,-1.1404285294608385,-0.9941213225015483,-0.08066999758275283,-0.9570849009932086,0.2767589778328835,-1.087766587491033,1.6559728556870408,-0.0787287453878515,1.2821513105254483,0.1540528825685785,0.5074462645489969,-0.04545917404804362,-0.3716535081496751,-0.9905111917167809,-0.11099985850226841,-0.3794495510565506,-1.0582512354136484,-1.0846950995610898,1.0909285689867239,0.23313844098573325,0.4187711770405609,-0.7712185832581617,0.7683493099721102,-2.266781498342153,0.7169293874633001,-2.1855432339704026,1.2626372455156332,1.6066855808448446,-1.2917922123294865,2.28525612718931,-1.15386656992362,-1.9754986087895166,-0.27275387796095474,-0.534843318797132,0.486913824948557,-0.07519030919847919,-0.9109759156918722,1.0713711538907373
0.5434889308652552,0.9777000719635939,-1.419327295569853,0.5436466574228965,-0.691029561496836,0.2971753854477055,-2.1720484291831434,-0.5947672080952531,-1.7675564010444411,-0.5703663923562085,1.5234044636170623,0.49785225515024617,-0.31336763263879275,0.4571914587459207,-0.27574610471775984,0.08982100207792676,-0.4384691770823746,-0.06797799861175571,0.6457387261729646,1.0757841757457873,0.8196685984000279,0.11725841941671197,-0.6989716383837011,-0.8218099689598125,-0.6390346840727259,-1.6136956190494869,-0.923838267522898,-0.8411391473689956,0.6946998109616016,0.48149456436175486,0.36764464123780755,0.34696164891113157,0.5099577971557409,0.5963410060123445,-0.4752058570808816,0.9166746053531271,1.003795301877963,1.7945379655655522,0.3750809790526409,1.961733605569212,-0.1978593303858408,0.7919179577989994,0.5595309526978337,0.3173610789066236,-0.2775640772621474,-0.5408847763883229,1.4806255562158022,1.1723181491652253,0.21874061157735597,0.5954607406030401,1.4606241999645018,1.8657436383114407,1.545748030703845,1.1214345674352038,2.479853751937543,1.5299489307011604,0.19067387758978963,0.16525925529936658,-0.03961066968557354,1.0108348861448972,-0.36550842536003153,-0.8319973219615848,0.5092139658279287,0.8729832274050183,-1.3278702637536224,0.3436739532829638,0.5452314651640521,0.7620962119928455,0.29485702299446337,0.22297688143188962,0.9455895406452837,0.4501467271166147,1.185506063864019,1.7760375841092688,-0.06881904994788363,1.609909738967325,0.1341154309525446,0.29774520910819363,-1.1220601061067237,-0.4992073169781657,0.1138908174345718,-0.42917307863935766,0.6847522766663106,-0.4064952538335094,2.068237250817148,0.5905083340697513,1.7586589126031786,0.9073435757033308,1.0174196198631655,0.5475852711134618,0.018505036284655323,-0.4142070580011064,-0.08661181560012204,-0.16359442166482277,-0.47943793020009284,0.010927405971142945,1.6361719224186162,0.9888380120531055,0.6973059750398358,-0.18762641521227164,0.9296165466760198,-2.0612367239806875,0.630281272098983,-1.8033950413210393,0.42730596903405,1.8789960719510452,-0.48337372522013633,2.309897325037431,-0.21178556879356025,-1.1875750134783876,0.41033110809091505,0.18643173708259653,0.9547737558229011,0.3621252089999155,-0.8122422606011727,0.8963722580498792
0.6118555749009168,0.9225039615700851,-1.7468737702157815,0.9737501850893381,-0.6018443629458781,0.7124422016179836,-2.1955774433178803,0.0930631668419731,-2.203763663341391,-0.42165268741753686,1.383894668031654,0.908471890927102,-0.6162526912602244,1.159838639958079,-0.5465130437059442,0.8405765895322146,-0.15053960317378906,0.3205992359209508,1.008465699897488,1.594451854208498,0.7071509954506604,0.3560466677020608,-0.7918467770022259,-0.45907073797359355,-1.1982594895696623,-1.7003788205626533,-1.216447529464132,-1.2736828939456772,1.0441056404643723,1.1385964958785069,0.6127381695057057,0.7875449390263513,1.0461422385374262,1.3506347688713713,-0.5882387730291302,1.5091355954052448,1.1472149568495402,1.7791732816461185,1.0033560864989963,2.30891194540582,-0.1748719553715773,0.8689914167458272,0.2744110823628438,0.2644716449654107,-0.16780023612939537,-0.18327400197595187,1.2295252919247899,1.1096939780658066,0.24252895841711203,0.5203720571369412,1.4676676261649375,1.5190918326064695,1.6276768676486004,1.1031135500893945,2.5861147451984974,1.4502277484481807,0.26421275611060135,0.20008324920830936,0.028339671940682046,1.2300787275064746,-0.28501860502200566,-0.37121048425008113,1.1127186016877215,1.3263418637910347,-1.5873454820452224,0.7231729862304969,0.879406246162297,1.5109444611761988,0.49161223231766654,0.547972993151298,0.39773043369319955,0.21037334747762104,1.4552142966370087,1.965449799806864,0.6087860139048953,2.189741980406669,0.4787448958549872,0.7864276518163874,-0.916779856069271,0.13923977688926853,0.3499997299155421,0.20391791167089945,1.1132203428665577,0.35193026145419243,2.199157646025799,1.2717554125289332,2.0609820884127843,1.6714790703322375,1.3437976184958937,1.145672928946589,0.3996964186249192,0.1321455164922403,0.11668650587288659,-0.05110234897202716,0.24282091467176548,1.027490752300033,1.9554722192237401,1.5709103067514871,0.8520364254027217,0.26910709084340234,1.1182691220561742,-1.6529344655496807,0.4957768385946823,-1.2626462458257075,-0.4308708419206017,1.871093571286998,0.26165831691065433,2.0159056393127592,0.7414754725119563,-0.2584825182111381,1.0823131310232574,0.8634928347332637,1.2351054429532695,0.7515668554848662,-0.6560585916540175,0.5795509439646035
0.7479571758617585,0.9008446663094211,-2.0261804532105865,1.3758418932450989,-0.4600471670249469,1.1640418176321448,-2.004134576120976,0.8964871227220709,-2.4410270604244944,-0.15851340285296667,1.2064177743044795,1.4517174890286555,-0.804970983707953,1.8767534402638044,-0.7756493532339673,1.588334394502568,0.23228828693927517,0.7710245857081368,1.298067333108755,2.0053977407086534,0.5884526176048542,0.6376955685598039,-0.848729814620437,-0.057888302730903084,-1.738948042722968,-1.7311637320119981,-1.3664544578100586,-1.535658198065294,1.3989208102099573,1.759948252400209,0.8964443907227438,1.1879102036682327,1.5258012131862375,2.0078360649262326,-0.7376198215895473,1.8843928828909775,1.1435007930604473,1.6095601985174437,1.3225657763375875,2.4056127267528695,0.021762802444623384,0.9829167365669644,-0.02984082825057479,0.19918174444625927,-0.06038354016108549,0.1983322577569214,0.8593934921962255,0.9501119756378569,0.2242664481280134,0.43167912144510107,1.3814704889516436,1.1148242857854571,1.5968180344734755,1.0540515758270899,2.370134964312317,1.218542375223885,0.3968442615150925,0.2971498989376457,0.09371055818910358,1.4400493390922542,-0.11353576161347453,0.23540711461154182,1.6887708123468512,1.8157012274719546,-1.7676688978134232,1.126893672439486,1.1683233582157928,2.1930135240036233,0.6752288677165974,0.8683344733297329,-0.20446086735213526,0.17351837872296083,1.5577324643852508,2.0054016575854545,1.199490148015492,2.5033267682833484,0.7550272186858955,1.207680847191386,-0.5384275993232978,0.8471064431073948,0.6041520533142314,0.8488070787536871,1.4912734924237794,1.0524492747736705,2.0661198180960603,1.8908287734342863,2.15575029198649,2.345670494010895,1.4614793875164924,1.6938198898236116,0.7437217579768423,0.6061927648301106,0.4911201796027243,-0.015642355657355746,0.985274647974159,1.8217095306900395,2.0188605463783187,1.906872507994363,0.870326500049424,0.5527523374889282,1.3173271847266144,-1.0876360926503252,0.36925795807424544,-0.638047098023519,-1.1407336323558355,1.5558640990145443,0.8446325934328471,1.454968729865369,1.5547153885851186,0.6669631820259448,1.6464462351234888,1.437679243694711,1.3212828874029101,1.047017656278342,-0.46458547655314597,0.1731179254853748
0.9694001004595809,0.9179879124519906,-2.1455191085790846,1.726091874797862,-0.20810042450580557,1.6194861665702263,-1.5516001785904714,1.7363549025611864,-2.3766140872363226,0.2118034485382533,1.018868980544655,2.058511993252485,-0.8149157588122224,2.504106824134022,-0.8920098155713244,2.211892652606351,0.6379055492057195,1.2129679380940852,1.473500504611338,2.2433671694715094,0.4652251169188817,0.8727118884217046,-0.8093444062319924,0.3293726944999565,-2.15056400311966,-1.685826726770633,-1.3083200784669942,-1.5565989417138901,1.6825523769191761,2.238900980037012,1.1502600625597141,1.462510403557534,1.884449335843805,2.472545814598095,-0.8509816080878251,1.9837499803908358,1.0001332796112306,1.2843226836901291,1.30269311892244,2.232279007163827,0.3386476007863416,1.075108454008916,-0.2763947945323312,0.16482128937162224,0.05839262833823562,0.5770448553770755,0.4383774925161391,0.7400806229528206,0.18603180813972195,0.3693389732955009,1.2482958615251722,0.7485197944311627,1.4923961944752901,1.015177626240684,1.8917319882323265,0.8842211913796963,0.5840598121254555,0.45446320101034005,0.20018453919316503,1.6654939216624463,0.1615391706500682,0.9393336627635126,2.1449708899812285,2.2712383782939316,-1.7651429074658602,1.527753402328176,1.4252628437109756,2.735617114984836,0.8499729785326222,1.1620441244423916,-0.774879164521218,0.352901239194099,1.4551676646998974,1.873843945666188,1.5968871604472579,2.4707009590075653,0.9306383083185972,1.5036253894094678,-0.03402746801903751,1.5311812864573173,0.843560934396975,1.4065655465737672,1.7541102084422098,1.5706631848757582,1.737455908793964,2.376012389178176,2.042386395356483,2.824659793233183,1.3856711415710656,2.13845831865465,1.026381815493386,0.9820566138096983,0.9797410612003876,-0.00785415762205421,1.6224835743312422,2.304256459266713,1.8342115194795368,1.9603306525760076,0.7594530902705829,0.6542356086737515,1.4930153262050239,-0.43868321060884896,0.3010179824004137,-0.007177961183064457,-1.5645976394748973,0.9622074759899946,1.2087130415529723,0.7274218363426996,2.102100828469105,1.449456091327934,2.0181531080092743,1.860232660233756,1.2442867344836406,1.2202865658891602,-0.26284831219333166,-0.24907699614237028
1.2562536626300222,0.9557258407012581,-2.018611144393607,1.9934450824064283,0.1818511508355507,2.0282403025729683,-0.8426713203380837,2.509585743067349,-1.9597276578274034,0.654580677432147,0.8299149865242341,2.621444820803841,-0.6274862575490292,2.9342421759900223,-0.8525529948898923,2.597231609549705,0.9802979392062262,1.5641913212570036,1.4992492779398738,2.2619196333575546,0.33336781822438455,0.9729601816647773,-0.6356800757562374,0.6465773328870832,-2.3387110209995634,-1.5492994112634237,-1.0189038959398808,-1.3162610674071467,1.8150209785123685,2.483445009266514,1.3008924510490096,1.5419989190860577,2.0673932150712013,2.671573451164045,-0.8562652700946726,1.7974430498110003,0.7574833488803718,0.8304538573956517,0.9881433318686857,1.8220365375818328,0.6841137150880178,1.0768609278930914,-0.40312853052867353,0.19373794346720313,0.19710143479229472,0.9199666979209277,0.03567736050420665,0.5270486099617142,0.14657802438303386,0.35769131712604146,1.1101007775784872,0.49723997394143377,1.3574731029815674,1.019522914978686,1.2534724213055526,0.5136516741125775,0.7971945097398817,0.6463406010769579,0.3758227115591843,1.9140582744711157,0.5170522287084538,1.6629064410851406,2.3932573565390687,2.6058871782747373,-1.5038690644772699,1.8924247756011219,1.6604076531633083,3.0805884232711467,1.0136302418827592,1.4064239533235094,-1.233985150845734,0.7009581028733004,1.1476242242928334,1.5669730626698148,1.742257120885071,2.0665799422568774,0.9981507240498239,1.6358313923424432,0.5252376963361075,2.097261150588483,1.0327754794682076,1.7926716595738796,1.8562642888856669,1.8210644788858035,1.312012169112153,2.6687626549126686,1.7504889732127193,3.0220668428975923,1.1648677249009025,2.435616602823627,1.231199952090026,1.253883458816858,1.4905185835912234,0.031184651064904003,2.05198144503982,2.451808543877988,1.4459035287318243,1.740242269189364,0.5481936808712539,0.6022634140604413,1.6033824288049834,0.2091735741606747,0.3247574644784772,0.5614777995826579,-1.6250604233108836,0.17333205376548533,1.3494953837234422,-0.03625226732010088,2.3059050545577198,1.980481682373188,2.14380525078936,2.1003660184369717,1.0629182103504962,1.2675577146498938,-0.07156294573384503,-0.6025732633148011
1.5527168571515328,0.9785998322226703,-1.608796636098627,2.1439234069348947,0.6946543367715038,2.3298879849638787,0.06180571223556672,3.107431274884741,-1.2082705462444057,1.1122962160538914,0.6287392590180714,3.016717777305443,-0.27457469654574945,3.0789592858851,-0.6532416165851912,2.6639771879984493,1.1810976130198798,1.7513694628341958,1.3550017480048957,2.0454365178067335,0.18945210125887077,0.8777536026425788,-0.32356121142835165,0.8464309496196343,-2.245815004237279,-1.3161273271003442,-0.5242276112238802,-0.8492550583548069,1.7343776917094864,2.437805732167832,1.2918982473525438,1.393131223248183,2.042172532622361,2.5706498478798747,-0.7010859281395865,1.3664783596087025,0.4789393171622328,0.2993320197188447,0.4838854301014379,1.2507797362301487,0.9528069547747285,0.9317317338062573,-0.3760714125454445,0.2992351463087652,0.35632060403136273,1.1936892468352556,-0.29024854745975553,0.3502070273301871,0.11820196907247191,0.40034234710306765,0.9941888473298864,0.4019041509616385,1.2273458846113519,1.0823863235972608,0.5782043742598806,0.17666419955169138,0.9903437346209755,0.8308615265823902,0.6230924925402209,2.1698408340248276,0.8975709756470145,2.3104965346353343,2.3699872366405144,2.7358878015714816,-0.9609452516923732,2.183933005192701,1.8737223491554695,3.193376523427597,1.1563294258344006,1.5808352454882737,-1.5222057552389223,1.122898790353305,0.6759328703445953,1.1052776688244526,1.634176074206308,1.332009435429025,0.9746453688880461,1.5933757270108717,1.0573915319801923,2.4685706974638304,1.1408667502119958,1.954327167927304,1.779108960471349,1.7759003632164407,0.8917448552064421,2.733481404085687,1.3316025776385585,2.892587362426875,0.8666707107061646,2.5579397627438523,1.3512200347712928,1.4338558597520616,1.9186487941946087,0.15263862674111026,2.212749073396,2.3042888876106096,0.9279483202185275,1.3021447008288467,0.2836293578171909,0.45476845541363886,1.60976620310364,0.7776139424608635,0.4494122348431176,1.015663363626409,-1.3192350052783117,-0.6872750495959226,1.3103278576174817,-0.7022134710773089,2.1514128163437207,2.2012823269153325,2.014358671231351,2.1509160651668724,0.8471830996565924,1.208111880001666,0.09752535618142265,-0.8084452906608283
1.7791732211765692,0.9447490231811113,-0.9426280565580188,2.147933927344308,1.2699918194010276,2.466656983515437,1.0520041107430067,3.43738783698526,-0.21159578516833444,1.5144743825606315,0.39173154025100815,3.133670062174237,0.16929898637831164,2.891342599444905,-0.3309831098844232,2.385874154940049,1.189832192062038,1.7296437575443036,1.0437899255150538,1.6152409321551346,0.03711108507667812,0.573100148111087,0.0933460643991584,0.9017358819628253,-1.8657314646952319,-0.9941347955407616,0.10351010227040464,-0.23818067225557324,1.4155653898045804,2.09725816279348,1.1007183683565684,1.0305681821180972,1.8074491944826752,2.1845647196814,-0.36868524984234774,0.7746562295923672,0.23344198125525234,-0.24339835181660394,-0.07134969961863122,0.6172038602034415,1.0536757443881102,0.6153644885280463,-0.19717281554294527,0.4715317073138445,0.527541733613372,1.3704764469743103,-0.50119380820214,0.23317566102639542,0.10532037470814033,0.48030011531233463,0.9069449708353786,0.4577047011622073,1.1203361621563757,1.1954959776163867,-0.018028772641944385,-0.06907669585389019,1.1121643584953473,0.9613512152964707,0.9151670643154223,2.3933823082891963,1.2278023260333666,2.7858181664292303,2.0527773229624384,2.6031037843535163,-0.17995342449894233,2.3662326881916216,2.051179926701753,3.068573280939483,1.2612766061096568,1.6686927959783902,-1.6098501682896693,1.5008938788226134,0.11522126233112687,0.53494038354398,1.3239559660060085,0.3721242498842182,0.8936724591558074,1.3949260460961008,1.4848587678290883,2.6005232767410114,1.147946660353514,1.88144542297349,1.5321178205201453,1.4703538552798163,0.5551804093569218,2.5646601301341496,0.8479215056676243,2.446879882802714,0.5604346789926501,2.4990826678922184,1.3885781607449819,1.5449437704388678,2.1717494078022685,0.3830198802856453,2.0941177629548746,1.949857872753598,0.37228152030544115,0.7396574057308679,0.022935438316087072,0.28309794539271044,1.4881409244851698,1.2100499612758804,0.6557793060675791,1.322215976360253,-0.7179472442862078,-1.4794230505195956,1.1643314580198048,-1.162261226965973,1.6907495961134045,2.1125118080787173,1.6699602421388695,2.029624701447178,0.6594371993485056,1.0761498452263565,0.24256973400844772,-0.8117049045549903
1.8519419496942715,0.8181428920199882,-0.10888589169610129,1.9888198433423225,1.81280155106423,2.3976927220494217,1.9878810344658675,3.4437787906129222,0.8826117069710994,1.7911232870218503,0.09421380679786759,2.904577594801835,0.6051415420429952,2.380596186916513,0.04426671762045202,1.800032688173954,0.9975308982767855,1.4954072371523286,0.5960274763996722,1.0278604993574891,-0.10911379931990232,0.09905789097805907,0.5486551813821676,0.8125656119774588,-1.2486505648190338,-0.6060132950631841,0.7583060323327799,0.4033642269097661,0.8816227294847189,1.5123633183190786,0.7464259978569734,0.5170954818613396,1.3958621281582497,1.577568000608226,0.11383982969862934,0.132708662629902,0.07542838168353774,-0.7313569609046463,-0.538201805627982,0.01877335318630328,0.9341322279034606,0.14657007390412824,0.09531064592096761,0.6786462083917709,0.6939374059093851,1.433457729939904,-0.5849281198570658,0.17991384317153145,0.10452444700584555,0.5648323855269236,0.8332204790085442,0.6149338028158817,1.0334553234907593,1.3269871264527173,-0.4512242011698494,-0.19201861818621546,1.119301858195055,0.9983901615402678,1.199562358494115,2.5283928828745137,1.4307119590878596,3.0117409011738627,1.469587907252604,2.192818020907588,0.7318542430636944,2.4100955685512697,2.16568060151576,2.730666185657586,1.3072724636841109,1.6587093404823567,-1.501873482466842,1.7223914602648611,-0.4390305555651947,-0.07645959922949995,0.8994988881883804,-0.6606009296916827,0.7924297717838973,1.0841095001979588,1.7484930895361488,2.488612478581234,1.04963532127721,1.6085703234024473,1.1488263442073552,0.9927772681231374,0.3391227112016488,2.1894578907182063,0.36076428907842795,1.754111086129742,0.30128839951727987,2.274288937770632,1.35220605487178,1.6105203592181478,2.1917320456034033,0.712566462865223,1.734537703231445,1.50210062203072,-0.12633710516973048,0.1670096265176772,-0.17859442128196312,0.15310390398605128,1.2370046107063102,1.4811009587421764,0.8989725286855651,1.4675624169395427,0.04975519353143542,-2.0741750369004675,0.9896650047609752,-1.3578588765718258,1.0338238129034218,1.7729085142295138,1.1933518785666044,1.775277881667092,0.538595306871439,0.9087752716937633,0.36881776366356966,-0.5974535829102579
1.705716707963391,0.5787409349915572,0.757609543745474,1.6702364627036137,2.2143316703534173,2.1115518998449128,2.7259273635570835,3.121909336286909,1.8955396659661543,1.88728352511873,-0.2764964938944607,2.32649766720303,0.9332922933785572,1.6155154873355317,0.38573034549248053,1.0021484093543576,0.6399299830469394,1.0885574017651751,0.06762523836796099,0.36537877550978354,-0.2242979495745952,-0.45673316477738657,0.9569041632217926,0.6074294888105127,-0.4943867903184152,-0.18791654500707555,1.3200797885756632,0.9543613274224744,0.2035836827058444,0.7809756957910117,0.28628296056653973,-0.04826644524068486,0.8696201527510695,0.8529604686292158,0.6775421984776449,-0.44204178289659357,0.028378543913920164,-1.1108799137850278,-0.8083784274583322,-0.46947408160288,0.5940518397926353,-0.41407615899821515,0.4340994636624824,0.8721596247899954,0.8328153176632939,1.3794902788516035,-0.5561026290647558,0.17472765220352754,0.10578489999477746,0.613495444375138,0.7415737168370952,0.7903286131822128,0.9442271360194553,1.4276580132155259,-0.6864470630377155,-0.19506731460219723,0.9877724158680882,0.9189654488100453,1.4084510455355779,2.5138575718482965,1.44654403093702,2.947794361915331,0.6970456707565729,1.5415797526843422,1.6230801891699072,2.299077745226081,2.1827087827028975,2.2296965695348487,1.2726209739484071,1.5455909222452633,-1.2364428019300184,1.7059746581837398,-0.8893632744388469,-0.649695009760769,0.4626744963560795,-1.594698457885754,0.6985682305618933,0.7191013366639447,1.8176461177592573,2.1677710421602274,0.8582722292655491,1.2067910300704339,0.6791709332042063,0.46226284953133184,0.23328049135494333,1.6642295337883841,-0.078758884105689,0.930141439885601,0.11941200806198735,1.9168207548203797,1.2545819145907828,1.6442737517039085,1.967810579169752,1.092831665033518,1.211725583684074,1.0746080473243893,-0.4864296003161272,-0.3039371935232064,-0.28058123814958724,0.10835584579334215,0.8791656133080297,1.5984395072379076,1.1165689980914055,1.4575578133343998,0.8236243409564502,-2.3798843261370894,0.8465952788281578,-1.2928427429155354,0.32709396274362434,1.2869036591937293,0.6926874134783103,1.4395667743856124,0.49186180596076134,0.7342939724865133,0.48324253794172073,-0.1997670934865913
1.3127027906387856,0.22802299755938882,1.5039906273416193,1.2200246516250086,2.37878960777693,1.633489129723131,3.1481008847076017,2.5220777201332103,2.6531341088561478,1.7757866213689115,-0.711052716289611,1.4685502290701915,1.076787372347107,0.7147302929314683,0.6104900994876158,0.12822119344008281,0.18926798671212428,0.5834421987686067,-0.46817029774712887,-0.28005649800523597,-0.2785423983480537,-0.9778376651770486,1.232696618525651,0.33782282797494584,0.2653228722158933,0.21506203375224164,1.6782008558953445,1.3114343886367141,-0.511918300891353,0.029237502259219186,-0.1977094389741475,-0.5515868282473544,0.3093413322149752,0.13358971100457817,1.2238883843238135,-0.8463325563538261,0.07731831646832729,-1.351175066063043,-0.8277915211771124,-0.8075898731132526,0.08592381115491247,-0.9781800982609562,0.7366225109767994,0.9968773213587231,0.9194232471030283,1.2190910579018557,-0.4519911659379961,0.18656228918148454,0.09459771279320692,0.5873472442436609,0.5941563805465139,0.8867263615251262,0.8184191263834368,1.4424749819417715,-0.7421557036174656,-0.11530721983089011,0.7193279473076047,0.7206151952197851,1.473522567595744,2.2989877828965284,1.2478768723567704,2.6009645300165096,-0.15243462443405056,0.7324276732992286,2.3301499524557925,2.0341305099405513,2.0694507765027996,1.6326504020382604,1.139859702738494,1.3305881701090845,-0.8774060503085074,1.4192770403777284,-1.1555251127399289,-1.107604282311415,0.10608112429607773,-2.2737803415262343,0.6210698586397335,0.3590179591046302,1.69438252056417,1.7035633166489286,0.6003469209497975,0.7671630060826291,0.18004042569937348,-0.0008927406341192212,0.18844797530296886,1.0648210263115923,-0.43534244891330387,0.11345457331735588,0.01682133907336578,1.4711230380588476,1.1087699362394827,1.6440700856613502,1.5374924016673808,1.4450660457843303,0.6270348363604272,0.7580846393488266,-0.653821445117279,-0.5867013738780685,-0.26802728568391027,0.1601595818195416,0.4566208605222454,1.5969786741377718,1.2411051012531993,1.3169370250270507,1.445279086263466,-2.3604408263134387,0.7636828435067229,-1.0311058173299887,-0.27609234101906116,0.7829628701434825,0.27749622491604004,1.0769915714627276,0.49627943763391796,0.5646685920465865,0.588516630059607,0.30055229039024706
0.6931468656669921,-0.2110868471241849,1.9923768111207183,0.6890237838189326,2.2486516312317586,1.0251797056675631,3.186234521433436,1.7421502504115052,3.0227079521874294,1.465416249922118,-1.1746923400516256,0.4617267859211869,0.9983368090161324,-0.17495782431330195,0.6592277326953553,-0.6733626429824539,-0.26325753080193376,0.07098970825164692,-0.9338665468043287,-0.8239057893887645,-0.2460490856430736,-1.345685003117996,1.310499830158561,0.06708632546280927,0.8921839074277725,0.5557231066174282,1.754143287136541,1.409733845989907,-1.1450852186704839,-0.6143803870384124,-0.6185252420382619,-0.889582534472959,-0.20162148851853084,-0.46248123427194976,1.6448257006317575,-1.007909057346393,0.1729484638665348,-1.4490380959873528,-0.6063059434542674,-0.9921306605641715,-0.49880752694699004,-1.4522869383259982,0.9225916621997867,1.0026126007407852,0.931621654928206,0.9736950021649532,-0.3236562871062943,0.176906873672704,0.054960491727187824,0.45744274595235496,0.3588527242470775,0.816863558281232,0.6218976972318562,1.3249607686047622,-0.6806235776491039,-0.014191437081261882,0.34134932159389314,0.42019515646729777,1.3422359506803518,1.8578323761005842,0.8470728211059534,2.027028962977955,-0.9522689184369009,-0.12153191814617259,2.71378105366131,1.635600320954674,1.8050994852911841,1.012434150204499,0.9005777215835711,1.0222385856236602,-0.5020701883792505,0.8854173745779926,-1.190950349473043,-1.39019911175675,-0.10574902931578481,-2.588831549979341,0.5481312051965644,0.05067699108414728,1.411224038184248,1.1774981097383888,0.31061867379094016,0.37944620043783484,-0.2943021070211902,-0.3043253966798622,0.13489851808597614,0.47218734577376736,-0.6908985845394218,-0.5652956155037576,-0.02822004169413666,0.9845969145188518,0.9268462496011153,1.5923307668815043,0.9757943250690301,1.6778725316537055,0.08724358162805382,0.6043263768838175,-0.6105640809136201,-0.6373783713339546,-0.1558319422051085,0.2870409931641673,0.020054626804584634,1.5270967131771698,1.2145848290714596,1.0869966083438638,1.7904578054356388,-2.0417723045713467,0.736524199409584,-0.679345674909682,-0.6473701723257641,0.38644267381766234,0.03374878889328683,0.7356769788857875,0.50945365787961,0.39436213158534217,0.678344212834988,0.7904811761772411
-0.08582900379158033,-0.6992238532291594,2.1297597979315612,0.14445949088567567,1.8217220007825998,0.376172420241681,2.836125875620788,0.9100754198566801,2.9416925240626175,1.0022772711060473,-1.6121263592843311,-0.5270621582318968,0.7068239186961055,-0.9078047051878706,0.509704330127462,-1.2730785546418615,-0.6297987457709711,-0.3630146352748763,-1.2629700419663623,-1.2049028679768718,-0.11504838243262411,-1.467846171252492,1.1598901786246545,-0.1440949709006121,1.2690234079509783,0.7924292209514406,1.5182963194798194,1.2347619011992017,-1.5902137752026948,-1.045986968928548,-0.9049231603317371,-0.993114380012886,-0.5939004334416809,-0.8454798726477564,1.8462922546562808,-0.8958966019826076,0.24643541075941425,-1.4274185916639521,-0.2126082498838642,-1.0474155642020866,-1.0534564981017331,-1.7630096902453813,0.9318260712358318,0.8557651306323092,0.8547348819738217,0.6711647541367047,-0.22417688423011037,0.10975570455543127,-0.02705124112661372,0.21110138603492545,0.020571009949691885,0.5259404980643969,0.3335790456316828,1.0511458402597311,-0.5871210373871644,0.0398585980925094,-0.09936650310669518,0.0485231017600148,0.9918428849816069,1.2001518846803383,0.2944515353402629,1.3218142719216837,-1.5872277462335274,-0.9009507487474928,2.6906259453034997,1.1418528143705824,1.389631022435944,0.436758241323539,0.5594340158302088,0.6372906800878322,-0.1866301059457376,0.17688051040083205,-0.9934019174971835,-1.4678199170208701,-0.14733929887574032,-2.501326126014646,0.4525009426871027,-0.18081781729159907,1.0231067522716062,0.6699890367785292,0.0243233939690744,0.11129295505377843,-0.700531702759515,-0.40494650061574206,0.00503081800222167,-0.043604880205083074,-0.8423939632842367,-1.012206361473965,-0.051079420835647885,0.5001096764967732,0.7201201716990523,1.4633307225233023,0.37614004460713557,1.7098448772197963,-0.3134172884238729,0.6198438564385466,-0.3767973610991085,-0.46171500034533486,0.014460648777689343,0.4434828038201212,-0.3836648493727483,1.4399356178620488,1.0020733831979844,0.8195708901790492,1.7935620330460316,-1.5054705169737665,0.7376831993351076,-0.35894942731505725,-0.7102701606603508,0.19237068168671925,0.004367096210914128,0.45130692978202697,0.4859585027258605,0.20550055865817285,0.7357081437239773,1.149107159599004
-0.9229975090568016,-1.1885956852562682,1.887580264259915,-0.3411212813042797,1.1550887606991493,-0.21180871847522229,2.1581120310092285,0.15991152987520993,2.4315673931578954,0.4633039889575084,-1.9597198124835291,-1.3307888905629142,0.25230291903931334,-1.3695060642951242,0.1805261562159258,-1.5876032377239004,-0.8471080064630377,-0.6576054782481229,-1.4138479593077136,-1.3951604334834284,0.10496910434585786,-1.301313473494736,0.7923804201434261,-0.25221382884078936,1.3237447311095,0.896001318535492,0.9968618139560466,0.8224382656394508,-1.7808061668015096,-1.2077326956972831,-1.0180990145833557,-0.8429355940808442,-0.8260024104820209,-0.9711676558993239,1.7698591276554216,-0.5235482369882519,0.23054143262575244,-1.3284694010368139,0.24385832831842422,-1.0109641294769909,-1.4834477012139637,-1.8772581766630785,0.7384157704266415,0.5482312406048778,0.685665878375833,0.340807036181799,-0.19642119860930318,-0.038569148310381565,-0.15962959943965127,-0.1449889930021513,-0.41137935937570047,0.007511565219196451,-0.044164650047174396,0.6294521223625061,-0.5437730907823071,-0.008142501635700313,-0.546955598281124,-0.3568615075615319,0.43780225964792135,0.37552951956859837,-0.3322601581553205,0.6038154549136556,-1.9768590125242016,-1.5053231868148835,2.2521567808535568,0.6044621067806414,0.8485602618177474,-0.040995029939004966,0.13644408591502502,0.20134590971242097,0.008103988050576817,-0.6014885078878293,-0.6073247941834232,-1.3488585331990923,-0.03406991810975653,-2.0516100373574484,0.30223062765892433,-0.3353375068737674,0.5953284099977444,0.24476141794083622,-0.2305883500646039,-0.0070555343785859495,-1.0121213193045633,-0.3172586129146871,-0.24625490517269344,-0.4371670181272192,-0.8974988213072961,-1.1899408634858735,-0.08821850621129658,0.05085606138587705,0.5005911300676494,1.2352936600628046,-0.17160579328176126,1.4913978834377564,-0.5087417326897113,0.7697166273738189,-0.005298793142387275,-0.11068906021312079,0.18509682958687013,0.5749120774114338,-0.7220099312446492,1.3735089207612055,0.6013965278919636,0.5666074364584294,1.4590931500660957,-0.8712969708918145,0.7326063429416227,-0.17418151739145066,-0.45592382183097624,0.2442291510675273,0.1799899610058539,0.24485495367599505,0.39410758976750576,-0.022841486993042833,0.7348196094688958,1.2761783398012803
-1.7040788255943358,-1.6315488454686777,1.3068658407644718,-0.7031835380468798,0.3546500437945621,-0.6448850504569279,1.264375154960682,-0.3937465304512474,1.5934906113090053,-0.05757340375051765,-2.161614224411805,-1.8194096267750277,-0.28827424672603025,-1.5017289449279558,-0.2752097608299837,-1.5967804696425172,-0.8911967887218956,-0.7891640157361397,-1.3787708518367312,-1.4026696331699702,0.38165259449641203,-0.8652351974568108,0.25853764812351426,-0.24180033542694462,1.0443557502606178,0.8546560270571918,0.26693855065330585,0.24785203535596204,-1.7056863162462805,-1.0987553145932403,-0.9601051021009706,-0.47403810466184615,-0.892001353613478,-0.8480298854467788,1.4074210702177659,0.05583052700407927,0.08080462685730835,-1.2027260814268887,0.6393161218959507,-0.9189159606206696,-1.729923678463675,-1.8115689663324182,0.35791500229122625,0.101624544480453,0.435300271418154,0.009178754496975226,-0.2631120264506649,-0.2720431933594085,-0.34221254439724846,-0.5850225051134265,-0.9019262503104462,-0.6913693480841666,-0.480934183562189,0.10347073117540054,-0.605538812154628,-0.18229882667379277,-0.9480114205754924,-0.7584265408677677,-0.26568295892474975,-0.531092183606011,-0.9445590969658444,-0.008644690199739067,-2.091148363836604,-1.8730265381629723,1.4665024696095192,0.08072172696046866,0.2320694912178163,-0.3875856130087149,-0.33321630893037313,-0.2515313894550444,0.048220535390359386,-1.336109612828645,-0.11664574239144446,-1.0793995020511973,0.18467690627685693,-1.3502032905605077,0.07320903592287283,-0.43422793996224707,0.1900228059673098,-0.06211336379029308,-0.4391932907072159,0.01113047932306166,-1.2217782884787092,-0.1069086022533008,-0.6285401420263499,-0.6957386175205895,-0.8697972958115088,-1.1233532339703136,-0.1658830238419523,-0.3416925414593972,0.28233777669741594,0.9031550006830875,-0.6002438898937258,1.0201691394417611,-0.4716466227237584,0.9899893434004471,0.4297886898849976,0.3335477257231684,0.2968562886583649,0.6341345528241196,-0.9821471314457708,1.3432419687653863,0.04652831383131952,0.3672279070440646,0.8574602213957098,-0.27249065841371556,0.694799822469079,-0.18512991266498435,0.056177825778138,0.5240486421444054,0.5020329280215631,0.12319097827251839,0.2276114388287513,-0.30459056199027856,0.6467249884992483,1.1175747601511117
-2.3254735401671507,-1.9874799866073694,0.48866421329945875,-0.8978375443191687,-0.44720834440382934,-0.8571882992283405,0.29638697999017105,-0.6777499411179452,0.5865854965292634,-0.4682644365000209,-2.1850983614593726,-1.9292551535427025,-0.8299972790085025,-1.3148464716939816,-0.7837150653307002,-1.3460337956975934,-0.7815859251115339,-0.7738271381811103,-1.185677122743765,-1.2660358847878472,0.664949567767575,-0.23974162068579136,-0.3631056058992834,-0.12948962910481895,0.4819313058521471,0.6764531596467526,-0.5591410176327926,-0.39366047480087923,-1.4114182660081565,-0.7731797758379849,-0.7720338195470728,0.03227123576460556,-0.8209824003887376,-0.5330874675762021,0.8053064236187348,0.7578546804798516,-0.20948856430062188,-1.096730045578868,0.8645497406082474,-0.7963998164331679,-1.7831339892847944,-1.627504473004704,-0.1542409881981396,-0.4342220006153079,0.1284888268005246,-0.30226213389745427,-0.4214314796624883,-0.5718151233139598,-0.5637140532076138,-1.0671033934537655,-1.3952860912831895,-1.4772239037763037,-0.9214645826672478,-0.4538713496070512,-0.7850040248290486,-0.46675531567494677,-1.2611928330932436,-1.12307719573566,-1.0334082681975265,-1.4122157340479538,-1.4616588805390216,-0.4212236338607129,-1.95453613440328,-1.991470140627252,0.46356180687258147,-0.37505046416511073,-0.3917098513119898,-0.5919249397379551,-0.8022298910934771,-0.6809031799400554,-0.06661345184088249,-1.9288939491489032,0.37143248543586954,-0.7339358550842607,0.43887227450483496,-0.5535588270413423,-0.24038511900770326,-0.5111953276383921,-0.14592586351276576,-0.24651906081808855,-0.6017108557256026,0.11371920323364171,-1.3398837747996553,0.12852489064136208,-1.112646114944717,-0.8388109861652148,-0.7751474942002266,-0.8896303522778074,-0.2929344170575415,-0.6668358177966096,0.08147235392153243,0.4872021522637756,-0.877065629318163,0.3460135637463439,-0.21917075296639152,1.2052061590869592,0.8473742979396373,0.7771471405194541,0.3039911656636985,0.5942260870487042,-1.1697070927013724,1.3395373266375192,-0.5965411956745795,0.2366242585177686,0.10635936843002604,0.1711312487736356,0.6147384942179757,-0.392801682568286,0.7126617341352803,0.9568009098907492,0.8770689024743273,0.08085980661648147,0.008262583394761519,-0.6390607844826846,0.4477520573015742,0.680819326456064
-2.714469726325427,-2.22680391782196,-0.42705084356387313,-0.9107426016374928,-1.1201226569215454,-0.8263403173997304,-0.6020881494429773,-0.674238390051483,-0.4059723823473917,-0.698419066414341,-2.030573335322471,-1.6773791283489767,-1.2981302308007687,-0.8853786000743011,-1.2671216502170481,-0.9333408170608534,-0.5740115759147127,-0.6595689854764196,-0.891811345360204,-1.0430653981912024,0.8979034473837617,0.44961393105344444,-0.9818341605425818,0.04034079320758254,-0.2589578551026632,0.3892081371006471,-1.3562940453045829,-1.0073270140927173,-0.9899210678133745,-0.325877747306941,-0.5224172945804105,0.5666488792264626,-0.668057591554824,-0.11755420993280165,0.056643100531583356,1.4789829739348477,-0.6048404973983653,-1.0417573420963622,0.8504040898608862,-0.6552114869769471,-1.6816889505280948,-1.4138643388845298,-0.7128853844793944,-0.9882705857096699,-0.19857439959118892,-0.5771462051252221,-0.643332720321214,-0.8981892796727792,-0.802367368010594,-1.5380541223724116,-1.825039754103688,-2.22788909674054,-1.2963299231404235,-0.954124611496088,-1.049912538977713,-0.808043500040478,-1.4626093997693177,-1.4236513973197007,-1.7634812200614753,-2.1563897674144825,-1.8259963908873555,-0.5831705219938706,-1.637208976968314,-1.8951148606828172,-0.5921634170755602,-0.719611509841946,-0.9479623539185905,-0.6634668261499052,-1.2168123603849645,-1.0439865803373223,-0.30289533761261317,-2.3158807838214868,0.7489741505324967,-0.398635720469716,0.6544916464436541,0.17054817119296373,-0.62057226496785,-0.6000333141562004,-0.3886770944399565,-0.33316191529622974,-0.731067009115623,0.22436141208859295,-1.3890400021741078,0.28659095076989793,-1.6367566027020855,-0.9089076897786414,-0.6300733734398903,-0.5956338108613786,-0.45923075958392773,-0.9213776183123055,-0.08596206072009042,0.033895329659179026,-1.0061504650258484,-0.4358516108585508,0.1900285093159098,1.346898909912814,1.1740156121104062,1.1344457992652714,0.1855316973505976,0.4544205261131015,-1.3016694181912352,1.3330903478120546,-1.240919340497615,0.16186178303333493,-0.6573569592798842,0.3772532361542984,0.5002190309461544,-0.7404118769991769,1.3726418020520692,1.4286481853050443,1.1991352162116493,0.10179619921512134,-0.22120786238702045,-1.0077060836605454,0.12928519188848733,0.03620224946190342
-2.840972417391018,-2.331952571831059,-1.2886124561055994,-0.7600422969759965,-1.5633678907063842,-0.5798866113502227,-1.310480075691969,-0.42329703182996237,-1.2150719646276995,-0.7156609320347942,-1.7328447578552324,-1.1569156553928035,-1.6406787957040008,-0.3379872187591353,-1.6580628310008294,-0.48352560465179534,-0.34345074922222363,-0.5103590259218177,-0.5702904379812282,-0.7961049828351814,1.030230320207441,1.0591234109011025,-1.5110128346268206,0.20785240362504426,-1.0401799598602368,0.03794267039536878,-2.0102567823057136,-1.5156066483646748,-0.5542105759491333,0.13050067330342854,-0.2886013773818976,1.0162268478020542,-0.4988355733501433,0.2943525068015856,-0.7162622148515425,2.1101962630138975,-1.03470470922027,-1.0462402306302656,0.5849755886645075,-0.4980209703134652,-1.4974688420706355,-1.259986317907409,-1.219685008172145,-1.4795417221775902,-0.5031878088679947,-0.8021519543580942,-0.8814494466670341,-1.1974918044879512,-1.0273433402057026,-1.9391864693028804,-2.1267035471844125,-2.81688442810244,-1.5378652922810019,-1.3123360443198824,-1.3335502313849676,-1.1285601045482738,-1.5461572856788013,-1.6381510983215386,-2.3548800998173482,-2.66837793137757,-2.011610587660849,-0.4979476840995992,-1.2357577591005666,-1.6522630291109281,-1.534030388792598,-0.9267295975636151,-1.368499359255063,-0.6276294916446788,-1.5244128082373165,-1.3012891039221517,-0.6001832102481246,-2.4757418138960188,0.9317302989457282,-0.1507627775122598,0.7700040296963634,0.6803492849792715,-1.0261476803306187,-0.7222908964529359,-0.5387504981908234,-0.3654776452502704,-0.8459400801353504,0.2643094018193151,-1.3957144585255554,0.2884370776381247,-2.1194100945182464,-0.9554744563662869,-0.45201411255931595,-0.3482790517973736,-0.6391980408002225,-1.1051649305419247,-0.2075489758061853,-0.392237813684484,-1.0211862173419388,-1.202193453809998,0.6661789702006935,1.369004587844748,1.356238939114763,1.3439583470039764,-0.049342100843643245,0.23820963024855238,-1.3958697010871184,1.2864129394195574,-1.7944825061201586,0.10783026319824138,-1.3077468771927327,0.31799852505098175,0.3696879846531155,-1.1301895475403438,1.8996358111718064,1.8149549620934284,1.37513083400397,0.16109641586022272,-0.41147793338595834,-1.3754418702283773,-0.29325298192560767,-0.697074198202354
-2.7184816529357185,-2.29648183741473,-1.9599296119693046,-0.4925538563875928,-1.7259561661107823,-0.19017381050566184,-1.7502522544812127,-0.013611802166416997,-1.7191540891174566,-0.5338723444910807,-1.3529076419843458,-0.5140082027610388,-1.8326516851383914,0.18443608620804777,-1.908801829768589,-0.11589261195632553,-0.1619544226967693,-0.38671640611131175,-0.2924901884831097,-0.5776475330699439,1.0311420530417992,1.4602923954410645,-1.8811941163278083,0.3151382121511887,-1.7160938695588608,-0.32014203631293614,-2.4364125032927495,-1.866556450177334,-0.20856803623166345,0.49179664428403264,-0.13557767522584008,1.2899347706516047,-0.37105468855527424,0.608783644333531,-1.385252577520007,2.551878380072902,-1.4100301107390651,-1.0938051322940214,0.11910285689845924,-0.32597735119616006,-1.310102211736226,-1.226930176485032,-1.5826023162737217,-1.830675246240222,-0.7423814894306532,-0.9641539099733895,-1.0793431920815235,-1.4125997450153078,-1.2022159619463206,-2.21279435449909,-2.2500657601076637,-3.1390768095523103,-1.5974143356036747,-1.4669366957434342,-1.5544777071316151,-1.3475848902341157,-1.519648717583149,-1.7483300057904667,-2.7243659746265085,-2.886288075403664,-2.023377536587544,-0.22180515793851346,-0.8480844330665993,-1.3444720053768946,-2.223509168587052,-0.9900833944020937,-1.604090004770152,-0.5192479295647657,-1.682411625961081,-1.422997288579927,-0.8843521989215539,-2.426635647376447,0.880075722271464,-0.039188406861980045,0.7497010592466857,0.8917250924803579,-1.3987644726063166,-0.8779883629389331,-0.6151540661179874,-0.390411931110926,-0.9606086901440168,0.17683566112283813,-1.3808510075883178,0.10215521001667335,-2.475881253388353,-1.0161899804195687,-0.2603190672533994,-0.2254631404840892,-0.7988224161014674,-1.216847236246643,-0.2778773530515779,-0.7235743594385857,-0.9709238965508024,-1.8257639724024162,1.1057568495967576,1.2571010390832802,1.3689805867962703,1.3778495176390493,-0.3622441008105767,-0.014402856457425893,-1.4606967521205527,1.1680875036264755,-2.1763611730595853,0.0327245428364485,-1.7536706855972448,0.026562515428955737,0.24279577310999953,-1.4505088138041942,2.1911877968226765,2.011184853316893,1.3479356133406133,0.22814121892632339,-0.5228686310315244,-1.6953702118962306,-0.7747944661879022,-1.3762535879618583
-2.395237399923743,-2.1238058356561647,-2.342389786264333,-0.17410127051848123,-1.6146214064150959,0.24184330149661956,-1.8937719373829636,0.4371018588972013,-1.8655590881199704,-0.21100068476936887,-0.9623030546622936,0.08833359790882726,-1.8720819955238277,0.5557153202593749,-1.9938415467810195,0.08664965970027248,-0.07736812232899354,-0.32786853109662434,-0.11050697787062619,-0.4195562914149101,0.8982153369356799,1.5715614634804913,-2.0479268745466,0.3240835427205435,-2.1603717559902162,-0.6231441341972701,-2.589824060338954,-2.033178619275914,-0.02118929368231637,0.6857779625073656,-0.09758029277500915,1.338964915810253,-0.3182060220100477,0.7626592183746879,-1.8398372408604764,2.729093559246656,-1.6445012389871447,-1.1476117927800389,-0.44142240997618537,-0.14582778461120646,-1.178487660954745,-1.3244969547174577,-1.7341809161078523,-1.981515594274236,-0.8795548754859243,-1.0482900381761309,-1.1839680259661693,-1.495095409025982,-1.2902067557147712,-2.309520443418298,-2.16905777432278,-3.1322967954786685,-1.4594275620937405,-1.39558846859734,-1.6397435259459552,-1.4039349786416773,-1.398814289364671,-1.7394096219473065,-2.819431460272446,-2.792040780460637,-1.888097254409513,0.14983488980613113,-0.5491048371962867,-1.0444338483571394,-2.5720879695432664,-0.923060484331822,-1.6330803843431587,-0.37534770165884257,-1.6664109899687851,-1.394909994763206,-1.0844597179558788,-2.213423427252434,0.6113209943509875,-0.07117157067068934,0.5916631015153175,0.7967920244064601,-1.6728113554129558,-1.0419762195317959,-0.6438105216568812,-0.4414849723152366,-1.0744050017412368,-0.05170285206356754,-1.351941784006722,-0.24455767845414267,-2.6344954576288675,-1.1014627815835232,-0.07656444033502212,-0.25500767153230186,-0.903718710853462,-1.2513434632837257,-0.29994235605658226,-0.9066622489650121,-0.901165415966992,-2.2005405319149953,1.4125796560482482,1.0297711692947291,1.2192380484887646,1.2440957899686758,-0.6918344211654631,-0.2569437971416948,-1.4886269361140276,0.9653680604988105,-2.3304024684659677,-0.09184457708180578,-1.9505612334084828,-0.4081541815707598,0.13295476010951565,-1.605430116209499,2.1989999907556625,1.958778033855637,1.1120493937866986,0.27231270546882236,-0.5374333440832912,-1.915308527521334,-1.241062637321563,-1.865411534568486
-1.939097430204794,-1.826657393775646,-2.387804727567424,0.1237602929671219,-1.288133961305986,0.6100746842335649,-1.7622804793162687,0.807761789275966,-1.6753303044546268,0.163524626132144,-0.6246478305215201,0.5102498755616844,-1.7706730238346098,0.697447795481801,-1.907305219224592,0.09856395630834902,-0.0990712444161393,-0.3404149426277468,-0.04436233189777758,-0.32834133287615896,0.6600102263016739,1.3799843299293677,-1.9939868431517693,0.2292755225186193,-2.2883569801131056,-0.8139599263968084,-2.4655290083945403,-2.0067302960543643,-0.006935696613374315,0.6872275258742091,-0.1674593365911834,1.167585804142589,-0.33994051291830646,0.7364499383575211,-2.005865375315648,2.6052838007394827,-1.6749629966909607,-1.1601556875545926,-0.9564346946617514,0.02644167730191536,-1.1186744435072649,-1.5016410919662813,-1.644866047934911,-1.9003957805215221,-0.8905056102906586,-1.0384971555697324,-1.1577444199930313,-1.416477973578015,-1.2607950754273853,-2.196499343802387,-1.8876622818414859,-2.7905615971156545,-1.1484889990497409,-1.1227016553063816,-1.545173967703466,-1.273723157546807,-1.2016195697348995,-1.6019506354169661,-2.6253223947264948,-2.413412993871294,-1.641243034851688,0.5050471146366231,-0.3737871321751702,-0.7985521704595275,-2.551358020660905,-0.7559783054253641,-1.4645686504984916,-0.22869923819379837,-1.4764144387225908,-1.2225742835752722,-1.1489014750880033,-1.8902296965786716,0.19955541472418598,-0.20961307752165564,0.32893931175418484,0.4646156307138351,-1.7870650948191575,-1.1675368267653017,-0.6440499329085256,-0.5249761166133147,-1.1647286199647322,-0.3806477439105055,-1.2991771070978528,-0.6662254497755339,-2.5501421913760245,-1.1877285635143904,0.07672999632840223,-0.4073976972657953,-0.9262944236885146,-1.2002346862341635,-0.2836860293914697,-0.9163363510155338,-0.838524632506387,-2.262560525663222,1.5179323133718832,0.7320657162765548,0.9443979718151563,0.9820075370283009,-0.9639398527807593,-0.4454053699478031,-1.4562930793228348,0.6912132329768816,-2.233040378764474,-0.26378176611291115,-1.8984996140882007,-0.8588523022067621,0.04499965591243853,-1.5386396709503327,1.93513937072268,1.6592055940299681,0.7174362528181941,0.27104903847871104,-0.4626177823350567,-1.9850480481385615,-1.597097180969709,-2.063432088315362
-1.4210255867267667,-1.4273918929990772,-2.101175753846885,0.33763809645242676,-0.8397495125176949,0.8278143170099523,-1.4145006707083159,1.0000027724676437,-1.231170765302821,0.48895467731691816,-0.3801011826778218,0.6681515309069094,-1.5437262168733958,0.5974381700365547,-1.657887503968341,-0.04363096001199112,-0.19520373886451756,-0.3968876187593237,-0.07775597990120481,-0.2874372086516523,0.37131176543541483,0.9459854519412381,-1.727353080433321,0.06130839017989784,-2.070920390471951,-0.8506281342862709,-2.0913808547781043,-1.7892944638160073,-0.12522904992856898,0.5210428473025629,-0.29734380576168795,0.8314170127310115,-0.4026332883009272,0.556226490553028,-1.8562139215591331,2.1911679028449984,-1.4762988563998458,-1.0863106110695206,-1.2818877316269879,0.16655855249994403,-1.0964774075989223,-1.6554827383020603,-1.3286069839966654,-1.5910247249286809,-0.7679562263171232,-0.9211738396498443,-0.9876139301778948,-1.1758152556861685,-1.09677557965599,-1.8653478024781467,-1.4410278325043127,-2.166283582002605,-0.7269417560215462,-0.7161229942176358,-1.2675852347828331,-0.9779865526643297,-0.9448023204160295,-1.335656521054992,-2.1657416328043615,-1.8179561473603278,-1.314661980971348,0.7414140108721342,-0.3122470913700555,-0.6190585063321767,-2.1909292347027445,-0.531481896213955,-1.1357908927909062,-0.10351244890760407,-1.139192732469401,-0.9324430208916955,-1.0562545930732343,-1.5046723862095732,-0.2385208017844313,-0.3827752642264632,0.02327960897657386,0.02294129890661276,-1.6963759513359427,-1.1973314530024672,-0.6182804843302516,-0.6144410978318978,-1.187587985898105,-0.7190358125922124,-1.1976876781719683,-1.0371611758363855,-2.2132681488085097,-1.2231106677686776,0.17888592933973435,-0.6050162123015108,-0.8509628413911524,-1.05562329785473,-0.24233285810106933,-0.7623169673023705,-0.7814977617124024,-2.001855905086821,1.3946476909809415,0.4226649842820643,0.605030701793358,0.6526263725382506,-1.1043455865014509,-0.5442657589315907,-1.3319485985592237,0.38353122721574495,-1.894998306499701,-0.4440136205029832,-1.6298777985549568,-1.18688428824676,-0.021841129761979848,-1.2460348158566894,1.46384867531379,1.1723829630282188,0.25919838693304215,0.21789907473659306,-0.3257307552451428,-1.8641586047149685,-1.744279089400562,-1.9233506365269095
-0.9017893958091585,-0.9583459480061156,-1.5343021920111923,0.42377099285105924,-0.3725353702826054,0.8465351964317801,-0.9294410788288184,0.9587192231838584,-0.6523403837424341,0.6761688349272625,-0.2377242620718258,0.5517232936732571,-1.2039927294682997,0.30966264045784314,-1.2643741716921737,-0.2551833789692543,-0.3027558293869307,-0.4450979326069551,-0.16409072755056062,-0.26574104803756254,0.10131822329658295,0.38828221517639855,-1.2770432749646599,-0.1217020191337912,-1.5376469886468536,-0.7155472037124168,-1.5176474376435443,-1.39060115385133,-0.29406534860353445,0.25250676943082884,-0.4114924129869207,0.4229967031448082,-0.4508026745491846,0.284246777695287,-1.4126907490131544,1.5454455718190543,-1.067790647285122,-0.8964919952590492,-1.3047655407770424,0.24674921791689328,-1.0390461148564067,-1.6594596470648275,-0.8396043962560898,-1.0934786489968709,-0.5238375612523124,-0.6913103388996338,-0.6889872124881886,-0.8018319317905234,-0.8003724254691015,-1.3381692691924671,-0.8915251518078469,-1.3610194204459007,-0.28307114122081567,-0.2731198875232946,-0.8462432669720841,-0.5778499247034247,-0.6434423997221594,-0.9537799604963356,-1.4981255946061196,-1.1007818560029667,-0.9299861703157926,0.7886863408517119,-0.31833641975187993,-0.48770894039641294,-1.5665207446695844,-0.29881370770091376,-0.7047142065505176,-0.014133503913539285,-0.7056700102941905,-0.5693730587520028,-0.8176186025967074,-1.0890946748882895,-0.570152923240883,-0.5051680414243838,-0.24820113963691143,-0.3757233753262257,-1.3819893688052967,-1.0798926983316373,-0.5494471674578965,-0.6571760746003114,-1.0878806679428146,-0.9467596245104724,-1.0164152443435326,-1.222583647715814,-1.6535230629797568,-1.1453177479526044,0.21434669435247664,-0.7464639896736129,-0.6772335375876903,-0.8168996942379906,-0.18841842459960806,-0.4864681267701708,-0.7028555322027735,-1.4631572227054384,1.0612793114192305,0.15770912605177956,0.2726017389121303,0.32583753191652115,-1.0532763045212716,-0.5297844920321648,-1.0888108243221688,0.09677140841382609,-1.3579617800386872,-0.564761600481699,-1.1931184632615752,-1.274418863558408,-0.06812448746096787,-0.7747559281535907,0.8822681283086267,0.599752575815817,-0.14607364366409983,0.1269670649955562,-0.16219309180716818,-1.5305409451443908,-1.6036843147714066,-1.459549365149844
-0.42485897816702006,-0.46111889279586327,-0.7728727265995365,0.3646794527555651,0.02587289028463853,0.6639854162449234,-0.38810026160361494,0.6822784709574226,-0.06337005184289762,0.6679801548569113,-0.17803334283067485,0.22015763716390588,-0.7621315007593684,-0.06488080321182534,-0.7536783462348703,-0.43216074812589567,-0.3480900532600264,-0.42613027306532075,-0.24164980834781896,-0.2301270389642017,-0.08312697134559167,-0.1481732239612555,-0.6886824430919977,-0.25282177822496826,-0.769266117909353,-0.42113013729218285,-0.8074300738507351,-0.8311160063825969,-0.4165707844610611,-0.03287839636612253,-0.4288662203215387,0.04762179593429783,-0.4267294908613871,0.00018547521066996508,-0.7402143908497614,0.765406241971871,-0.509972560132965,-0.586614865805963,-0.9746028231504535,0.2425064931811671,-0.8630035060686905,-1.404688042045997,-0.2609606156490054,-0.47875430867422075,-0.18873761208089562,-0.35911326055982085,-0.3035754083031523,-0.34867239585104903,-0.3967536502714889,-0.6693202096543223,-0.32003295287738914,-0.5065857253721971,0.08776539491807915,0.1013997083300734,-0.3537994667105111,-0.15852764671984895,-0.3131380971523503,-0.48628409347456475,-0.7050309461755155,-0.3690852772280181,-0.5000254217024604,0.6224611507523946,-0.32917673904332106,-0.3695876911475157,-0.7822091612677305,-0.10744136812882073,-0.23973840197171156,0.03329847735034018,-0.24324298614475173,-0.19053408403271035,-0.47010892347953237,-0.6610420052941446,-0.6803201384491572,-0.5046128003149118,-0.411527472329405,-0.5959274408967878,-0.8591155767881328,-0.7879109993808675,-0.4082911264571362,-0.5925045246082177,-0.8182066359744868,-0.949448992832085,-0.7319069425360798,-1.1169954133269215,-0.9377575429712102,-0.9071938919252923,0.17522104001572636,-0.7400663953379343,-0.42084629372038784,-0.498437258970727,-0.1315870075364006,-0.1519126594679715,-0.5637823322579533,-0.7356907362906197,0.57521062883416,-0.02482645964421443,0.013703399021969112,0.06614051285459281,-0.7801576503624328,-0.3920075054484381,-0.7204165596549785,-0.11177936223046815,-0.6880620653913029,-0.5512728309739534,-0.6391570074880562,-1.054913609448583,-0.08928842448425116,-0.2101047080791363,0.2958161561750778,0.05657078009836527,-0.3923671284613256,0.030667965495426257,-0.002837344799187389,-0.9892756816354867,-1.1406911856501354,-0.7424362291100929
-0.016147360952717998,0.01610842190682846,0.07956320611346458,0.16989482410113776,0.30238990858384557,0.32019557077552085,0.14126366100434298,0.2201538691295469,0.4352117967959455,0.45222555193298797,-0.16443861346932634,-0.22063391909859262,-0.23327351427034668,-0.4109797155459212,-0.16155869887529992,-0.4871665833538352,-0.2719901150847742,-0.295996973464214,-0.2539528713757143,-0.15851994614893544,-0.13538999224510098,-0.532532312956321,-0.02064835411332431,-0.27968335873273126,0.11881108600942678,-0.00967224276735071,-0.030064511147150856,-0.14917762944982801,-0.4126210137702738,-0.25463752193092454,-0.28962039614917395,-0.20464279781480701,-0.29257355425656373,-0.22221970206890676,0.0647089314588277,-0.03164999714406697,0.10722889126548858,-0.18208267911570986,-0.32285661259709325,0.13936829759359115,-0.5098960561213656,-0.8423505593755392,0.3122662661094341,0.16250430547281738,0.19187600264643725,0.045657168848203714,0.1085186643801951,0.11388459720043677,0.06666157174062966,0.05896039459002316,0.18664909549931083,0.25973256238276543,0.30472820728864947,0.31929073287794474,0.12051377232222103,0.19325601673778273,0.02670475595190322,0.01999322665080995,0.1168754133040191,0.2738371840933346,-0.03679674735873484,0.2661245465962176,-0.2895116713059194,-0.2322136282422429,0.04880449173651989,-0.00033232555362747455,0.1913123319374597,0.03734379579206265,0.17574760210083448,0.14341584105447494,-0.06444625687233993,-0.23129838696761126,-0.504680634687419,-0.34764386415568566,-0.4159063886834652,-0.5581249390055218,-0.1800609937743458,-0.33318978327759574,-0.16846627038566675,-0.37697734247599485,-0.3610235786539024,-0.6578790981073251,-0.34292445117443016,-0.6798856807264527,-0.16232593107953586,-0.5015659056399592,0.06241866737660778,-0.5369752466265041,-0.11289699080463649,-0.13494151081263872,-0.07921782389108313,0.1723701627262342,-0.33544510864430643,0.06503759919471652,0.016984297851159277,-0.11611729808616943,-0.12622527161611524,-0.08083663554419436,-0.29613403900454727,-0.13686036112846706,-0.2525739780901868,-0.19723804874536463,0.03232893709546732,-0.3501270602838016,-0.014931067859000745,-0.5341709178153806,-0.07494041885872944,0.3453846393627817,-0.20536946277114798,-0.3588979299983342,-0.4162515047041277,-0.029998542245045265,0.13444577785067552,-0.27987223180465315,-0.38368147298167105,0.11708774878338381
0.3111150477706859,0.4235440206603436,0.9174616636260705,-0.12871052072174277,0.4465159436520879,-0.11606991571979973,0.6109608201475573,-0.3409984151577499,0.7867876850832112,0.06499509396122834,-0.15908594593230133,-0.6520380573923846,0.353868368833711,-0.6354194307121985,0.4655665626230903,-0.38011036748584054,-0.05138660012909242,-0.044240425139863614,-0.16935592351526488,-0.04966841459888622,-0.04310089305944655,-0.6844242237674442,0.6596112896879865,-0.1844767373750369,0.9984397552663149,0.45372466655351046,0.742803303131238,0.5932675639954397,-0.24599307164167286,-0.3605128330446645,0.022398619146247554,-0.28319846571271234,-0.047726535676275925,-0.33665496466152617,0.8889633302478733,-0.7322999705683093,0.6827598169867175,0.26565024989336083,0.537047752954461,-0.061809218310949154,0.02438529753487496,-0.011999472024622544,0.7919487528876206,0.7353826871343291,0.5646504164238515,0.47428142499665676,0.4807611639181717,0.5136442456725495,0.526191030893121,0.7478090170769777,0.5506687011400149,0.8210299240004068,0.32056287437873016,0.33014883035699993,0.4909921229116964,0.4119365371169568,0.3505787393091122,0.5053735894406789,0.8691444485133173,0.7430975944609941,0.4383830422190662,-0.21805348289265258,-0.1728494270433636,-0.06309007638905774,0.8212509650739738,-0.007188526772322806,0.5309993761037983,-0.0022523489134807736,0.48711510362068006,0.37843289867219587,0.34816756497841556,0.18525604404489066,-0.05253032329480613,-0.05479405489081287,-0.2504378323462269,-0.26329871344237044,0.5688869960776028,0.22692246400308033,0.17612194246896196,-0.007838918530179243,0.2538017831195085,-0.07914792690747949,0.11969705530523561,0.042580334482096444,0.5600014034085548,0.02426144274608663,-0.11444690107133736,-0.15300343960793264,0.20343730246734879,0.21912544126072314,-0.039314355293671215,0.42676682741582556,-0.0198233801654478,0.8187865828442231,-0.5290499312995559,-0.13949925853154577,-0.13577510716383395,-0.09880666328582503,0.3393068811030879,0.2113989060782464,0.25339603100453584,-0.13988495721423994,0.7137801310080839,0.04605648899367457,0.6355884880084763,0.20450141085029933,-0.013636718314333492,0.794968182200389,-0.5635088629263414,-0.590511297189249,-0.21899789792352164,-0.02042207637769294,0.24552209087640045,0.5212625498437651,0.5703480193823044,0.9893297722136216
0.5496478689006526,0.7167305328163059,1.6465341554325614,-0.48512862121665185,0.4856311027829025,-0.5653037344566005,0.993841694177738,-0.8988430137045803,0.9847127293969152,-0.4163761322634457,-0.1372148007878039,-0.976883388494383,0.9504265827840628,-0.6949994125001283,1.0702502598160357,-0.13335922120218235,0.2895469520483901,0.29695789842517517,0.006286906021219405,0.07366988283003856,0.16597081430467409,-0.5948111338959882,1.2802776865192318,0.00709675612955036,1.751876874209743,0.8944736599577403,1.4404398239416112,1.3120675084408648,0.061669002828840386,-0.34072563019967095,0.4687568310222417,-0.19031001151975052,0.26499124148024694,-0.3375271559775667,1.619098814000509,-1.2504301227840178,1.1255030026882888,0.6895407502343615,1.431588825190205,-0.34211020246538837,0.6783272925092267,0.956419899441605,1.1137706496097732,1.157587456077789,0.8778260037209767,0.8659593321530361,0.7536468439349269,0.7898134069858532,0.9130981518024923,1.2988604868074864,0.7179526803673706,1.1026732137375335,0.13335352687929025,0.133534019663667,0.6939681705152313,0.46942070516922896,0.6275380409283728,0.9058300819008501,1.464356386874772,0.9840120714706704,0.8885212240107883,-0.7449131577069954,0.007845227478552357,0.12091695784326453,1.450361854007539,-0.13836025044448977,0.7395641877078055,-0.08630689455442245,0.6467782504478078,0.4767180842816789,0.7247778075357162,0.5615563370302632,0.5876940974378512,0.30024901156853334,0.047391183865527695,0.2046431187317496,1.277981505345881,0.795102070376189,0.5989998411203377,0.46452700179690654,0.9438648040869362,0.6922529908553444,0.5928612855144294,0.9187533940170746,1.1174116489576258,0.5715300563733011,-0.3377982440143551,0.32918473992220737,0.47887834548539276,0.49814315731067366,-0.02377144844512943,0.571928442323876,0.3391172983761222,1.4204265556523892,-0.991866995871362,-0.1440621491482662,-0.04321703899125655,-0.006026038981091204,1.0213374665003225,0.6084968028426263,0.7091610376625335,0.04781964584263691,1.2697239140778072,0.5871137561627966,1.2655781818281409,1.0139729032002864,0.09818631734410968,1.067144755442034,-0.7605230994256496,-0.6365656028792885,0.12895779242386204,0.0720471573263056,0.3334201760014777,1.3063354300857135,1.5677118461826938,1.7489087759908624
0.6930492777286812,0.864482486549866,2.1931406351294997,-0.84858951904156,0.469813153450205,-0.9542681279600906,1.2771960553468622,-1.3588227604830925,1.0641708723438978,-0.888945830579634,-0.09508363800453268,-1.1433774822984266,1.4876930545888547,-0.6076617039058405,1.587335805677789,0.17422487496734632,0.6830757500620649,0.657032660611776,0.22830793610800826,0.16971988405756427,0.42843098910760896,-0.3248938353720047,1.7719345637929462,0.23179127616176165,2.2917246755235263,1.2452028937038238,1.9976234390329106,1.912124563421185,0.4349529629750964,-0.22899190943693545,0.9616226933515445,0.02046088725792325,0.5673454143266505,-0.26094098360985435,2.156898500830909,-1.5443249757862283,1.373635238302605,1.022063395216744,2.166934733916816,-0.6650652830333685,1.3370716297132574,1.8703755696407007,1.2487389537930311,1.3747783689383326,1.0915320872059138,1.1601512625630717,0.8868722904450862,0.9046215506249882,1.1682209456054318,1.6341902216429514,0.6701118948926281,1.0859899093853465,-0.21206742204499207,-0.22069319201250082,0.7005340938846595,0.38058023556185194,0.8257278373987731,1.164882524674813,1.8383092021562137,0.9801013433508281,1.262493127013888,-1.224713341712612,0.2036323339541273,0.2761584573990483,1.8791299450375032,-0.38082469402413516,0.7990586042247397,-0.21534568998734016,0.6391220950063918,0.42414150944839585,1.0324812814356317,0.8570385639870468,1.2635469465841502,0.6086318663835707,0.3948297216705212,0.700349906599213,1.8314944928567976,1.2518505488321554,1.0396555539484003,0.9412933611001072,1.5858605374941097,1.48959169072154,0.9925821260574329,1.7580243940492697,1.4183786085932235,1.011793880147178,-0.5831958877377975,0.7798054199864989,0.6663139408918897,0.6409048821731872,-0.04978377436620544,0.5930978139531681,0.6596537365784764,1.7943684159137678,-1.3244155643825057,-0.19014020230537856,0.08756855670203476,0.14649975858550143,1.61452182769107,0.9912966077623345,1.0186658773756945,0.32180546252776465,1.6267312227953712,1.1722154905606788,1.8193076560906642,1.7139010832718644,0.24675106159014115,1.127460589993262,-0.8152001838224111,-0.546155714594157,0.503841286228656,0.22745391299732623,0.39777165054592767,1.9511414735085029,2.426949855408909,2.2947569043633536
0.7347816143693183,0.8561783647849126,2.509760265003546,-1.172125872194502,0.451636069008143,-1.2282443965030188,1.4544205136838733,-1.6539667804289986,1.0835486928404718,-1.245375731774702,-0.04920963536913156,-1.1527835862554876,1.8861173744036288,-0.4439632972140109,1.9518023399685727,0.43237799199715393,1.0357628219497814,0.9443713219729959,0.42437107319670053,0.18999597755624942,0.6593697101972352,0.01585015106467977,2.0765038852452404,0.4079895936974053,2.5740369759452406,1.4613567713209612,2.361478665918286,2.30657684864301,0.7660238199540164,-0.09005480882478534,1.3845186866674475,0.2604091453796867,0.7663061248883436,-0.17286142241005722,2.4324665016129763,-1.6230427536054024,1.4077112949667725,1.211100324220173,2.5764617653068482,-0.9808072158208068,1.8643924450868163,2.5250150658901127,1.20718733381091,1.371260834814426,1.1864831109095584,1.3112951993602826,0.8677839192609477,0.8505719197514784,1.2565129016019996,1.7143986329946705,0.4304361799122792,0.8110065271687741,-0.6334977419887554,-0.6440213323031195,0.5209587570246427,0.19675790685848307,0.9200097798230686,1.2464142536903247,1.959869333130547,0.7559346785391083,1.5051214867966534,-1.5797501866609862,0.34599662752803195,0.3460849172088042,2.0806737794434653,-0.6980417800431579,0.7142385779359623,-0.3866620132457233,0.480126186606761,0.23401372372281265,1.2445921192325518,1.0240602210638519,1.7919400677145367,0.7568029930026321,0.6794215287503536,1.056751725646306,2.129611310874145,1.482043721386135,1.4148646811288093,1.2973799940009567,2.0427106515942763,2.112804989034977,1.2345122096666907,2.3569097541963058,1.409478594266868,1.2215540587012883,-0.821126566964397,1.058316563515167,0.7299503815773354,0.6086824163853248,-0.137824781149198,0.4980788756074267,0.841989450284595,1.9022105362082127,-1.5065566987950367,-0.3306822664093243,0.1711602818152851,0.28444667505869947,1.9782957559060281,1.2838591788497833,1.1031443601001958,0.6146941532192466,1.734306716663633,1.6738553754571883,2.2305075982311386,2.1317673874786447,0.3956216363436741,0.9811867632528767,-0.7724987325003554,-0.4013939311661355,0.7609425641930192,0.3921297759127839,0.42580580769158893,2.3380884383575853,2.978660028486787,2.5637506424692664
0.6716420110556952,0.7063764920526358,2.5772273444706406,-1.419145166049863,0.46767794524654277,-1.357102483426316,1.5187822820768504,-1.7568217819577614,1.101749309044007,-1.396702552531683,-0.027796437080508468,-1.05050052672432,2.0716190987783123,-0.30247605065290833,2.110108207731821,0.5351104072621904,1.2553433009886161,1.0721979736758314,0.5154909598773433,0.09568357437230085,0.7726688393051758,0.3047345746771851,2.1571288127747836,0.46156050609444244,2.6023456772387723,1.5310466898724746,2.499723662539507,2.4381947309951686,0.9469681945190319,0.002375877169570247,1.6231019319660802,0.43168074218865604,0.7814897865897135,-0.14776590390378452,2.4134550524081866,-1.5403061211857916,1.2540694899286295,1.2323269338172846,2.562757003991033,-1.233702558858803,2.1430957277346656,2.76027005325909,1.034678925547372,1.1735489042166165,1.1685734065709028,1.3014608600302493,0.7144189489169367,0.6520704622163674,1.1771952058939101,1.5497006486996903,0.06172597346969964,0.3675329353127035,-1.0293232361940992,-1.030021025414382,0.20044947675670802,-0.01034849306689013,0.900328170183962,1.1449740760503742,1.836405691157532,0.3734439418454239,1.5726604360604173,-1.7568165953111348,0.370522946001832,0.2816087064428407,2.0568693583458546,-1.0350918863526073,0.5105502646466342,-0.5908291962976705,0.2146696652382456,-0.05371204454939782,1.3354522514428409,1.0200162354925841,2.003337589198198,0.6607223358892281,0.784837821892086,1.1319292263821734,2.110466036055266,1.4039670324521618,1.6401355182843969,1.4154810477746211,2.1993873012895726,2.380774017679133,1.257664855244471,2.5522549782582105,1.0878491832840909,1.1188750489075916,-1.0199956140437119,1.0552590856989748,0.6533342146581899,0.3994803753119213,-0.3058905510441896,0.3110963547361772,0.7979192940913558,1.7444567061737648,-1.5417118256712694,-0.5939049788452118,0.12244008353688891,0.3263683407043169,1.9987572198285364,1.409416374408788,0.9244743678734417,0.8503138388916665,1.5731629067974076,1.9718531061000824,2.4284558111027854,2.1449309621804393,0.4885019977548339,0.668117698171264,-0.6891313912359824,-0.2913368847196548,0.7747833365940635,0.48927072599434474,0.3903121308634333,2.382933433677744,3.1062919613403306,2.5366779948116718
0.510149281724332,0.4549435908516821,2.404553885073537,-1.5674368699391255,0.5274074301808612,-1.3356957307645767,1.462272309753892,-1.6813673902786201,1.1584037729810426,-1.2921565230072292,-0.05761479544508135,-0.9051232312825882,1.9951964319757611,-0.2771514860568517,2.032445121089915,0.4153669350648225,1.2786862737705942,0.9856275164724202,0.4413838367360314,-0.12659992801663614,0.7027311956657571,0.4428940790155411,2.0067587369369915,0.3499182367968858,2.422182739266505,1.4760725967288628,2.408181605412131,2.296074193477155,0.9036507466178555,-0.009379898321941697,1.5972821292424664,0.4556774457065832,0.5714491252128103,-0.2438138946615803,2.1095063620187844,-1.3771730964849638,0.9774510561873154,1.094688533006839,2.122253796908809,-1.372430567527724,2.110078673993189,2.5069773041932226,0.8008317607852539,0.8455695009949374,1.0676954630725366,1.1467420795209446,0.47249071954955424,0.36120427405289973,0.9659766493367256,1.2001129359798073,-0.3446248346868859,-0.12379479979076627,-1.300821524269863,-1.2790745805482766,-0.19198707447986985,-0.16937214223772706,0.7777547926909376,0.8902420928021042,1.5131041340803235,-0.07877684178500316,1.4483384455826267,-1.7343057213847777,0.24006654474168082,0.0609460182126628,1.8345823859809811,-1.3290718414254388,0.22976393511550192,-0.8094390702846987,-0.0914809002047482,-0.3779787155570821,1.2787572304586383,0.8212385545784403,1.7863319672619813,0.294003344726554,0.6219919687742228,0.8502334394655423,1.7673045337403173,0.9936186896468062,1.6549999999626481,1.2221759694173122,1.9972936541390987,2.1822264060154053,1.0440431926334486,2.2665678399693188,0.505162973841957,0.690299549341342,-1.150342725014076,0.7266621597504395,0.44431628244578925,0.05304566335361049,-0.5611278285556688,0.06560502690195522,0.4816848906493471,1.3581650314865221,-1.4498024896774384,-0.9721843922630087,-0.11825539186481078,0.20412896555417887,1.6196901951678417,1.3072619362969564,0.49992894694040224,0.9615413311486961,1.1610066814092037,1.987207809214259,2.3524901487344247,1.7136967482317031,0.4616362172394895,0.2525917120701678,-0.6197392800669238,-0.2852846708763903,0.47606093357732243,0.4398496478981476,0.2574061632350978,2.0589310421959346,2.777067911749527,2.237267942275099
0.2729548983936339,0.1618579543775668,2.0267885099177025,-1.6102877855666617,0.6122933427554672,-1.1800656117763664,1.27998312889542,-1.4750612074201133,1.2623774863193493,-0.9316615419545566,-0.15077044860245212,-0.7828771122197541,1.6502952706903486,-0.4262649891292027,1.7225595089563488,0.0681816258850008,1.092668850620388,0.6819316222370629,0.18313279393277007,-0.45443985941550863,0.42272907870011756,0.3836258802420405,1.6528493594448783,0.07704471674444693,2.1076186482437316,1.3438359138999334,2.114869591826307,1.922109145938037,0.6213432211953679,-0.14639745743010188,1.2856160385843933,0.2961309539403254,0.15112996053990482,-0.4815226027114942,1.5713557687356687,-1.217652766179092,0.6645259493023927,0.8375675684911508,1.3458759635012572,-1.3605785611266785,1.774994779838112,1.8082586352389884,0.5835556997771493,0.4760833030551424,0.930666316043746,0.8949951032373401,0.20687034109074412,0.04847970978980618,0.6879905136666352,0.7636005585832919,-0.6866070275377664,-0.536716465103141,-1.3736159287500664,-1.321131671003293,-0.5783501799694503,-0.2284041235729536,0.5856890199734153,0.5436865225445593,1.065593417424033,-0.5019314413708217,1.152528099633224,-1.5234912006703585,-0.03978553085883722,-0.29763104755161546,1.4604871699844058,-1.522759605803184,-0.07608557260184014,-1.0152882448546423,-0.3634959078523027,-0.6662165678868941,1.0522162040055563,0.4343065073923197,1.1215812991612693,-0.29797111729878295,0.15815374748843516,0.22671309521844105,1.156212145523848,0.29797568711920847,1.4443538796707927,0.7152828214054785,1.4568723340342142,1.5107977445140173,0.6280528237069491,1.53265251548292,-0.2384069309436965,-0.0002417809243849755,-1.1895004609178381,0.11079519780073055,0.1356656339514647,-0.35567062969320545,-0.8912704816849394,-0.2015153743893445,-0.0873684274840403,0.8119240990003298,-1.2589635191838735,-1.420159189359953,-0.5627249999848563,-0.11647919812363118,0.864728931774769,0.9511624380241069,-0.09600617632662028,0.9077037192037857,0.554823156732565,1.7059235673341433,1.9722170433193589,0.8970517421877717,0.2636343605206938,-0.1878395428044641,-0.6064950585289828,-0.41258855733431116,-0.12460131286773014,0.18879552650724982,0.0026296982901238756,1.4115899508041094,2.054454075344781,1.7261940925050334
0.002074296384282051,-0.10271291613897326,1.500844983828425,-1.5545392954849546,0.6845546288515753,-0.9211275597454023,0.9777941149880849,-1.2033303520324565,1.391049625973431,-0.36773114371392535,-0.29576028241091423,-0.7253053716760055,1.0822748098487254,-0.7515006825913119,1.2220043495649713,-0.44399425231995715,0.7418351854327853,0.21776569254177822,-0.22357745268263624,-0.8281881821031815,-0.0447605632122619,0.1448133753752839,1.1560846478673517,-0.3044149520040938,1.7430584929412158,1.192793368907192,1.6783844041804077,1.4047481996124351,0.15476104207312702,-0.38302899477376434,0.7351861414826754,-0.02907307450731731,-0.4047991899823953,-0.8320633724302616,0.8843306520285006,-1.1235775317560603,0.40243537578660227,0.5207241866139899,0.3960794772373139,-1.1852355106847938,1.2174703012118813,0.8104709422035028,0.4522065486102954,0.16079935759153022,0.8098901926721124,0.6151953193164375,-0.010729153974935188,-0.20975182806397352,0.4229033720862393,0.3544887218179613,-0.8728136361777183,-0.765490208624181,-1.2133479117221733,-1.1311013337123539,-0.8864136864631426,-0.16721413763288798,0.3752132132683629,0.18758398016118238,0.586791322281257,-0.8061152656448469,0.7437399029781806,-1.1640664352550747,-0.41750945235469017,-0.7342135456225627,0.9948488891476249,-1.5779696927783227,-0.35176534168369916,-1.1753129816924357,-0.5308847595635721,-0.8465051023060448,0.6478029518006199,-0.09887332502770407,0.09590750916832605,-1.0021629070232039,-0.5643500056447204,-0.6314909884771225,0.3913651428810225,-0.5668038181741186,1.048841708771762,-0.026369845263654868,0.6809551219274681,0.47406470689548097,0.09246992185062494,0.4904505576202873,-1.009761295024537,-0.823058028681022,-1.1254570909044592,-0.6772342785105655,-0.21913064308212174,-0.7330073361149123,-1.2591745526375906,-0.4535266571570699,-0.8180116430435882,0.19829066099223996,-0.998011243082974,-1.8624401100538608,-1.1617302704334522,-0.6199990404994251,-0.15644504906429635,0.36398227786995463,-0.7436390496376715,0.6874520940466783,-0.1517353353233536,1.1859023101640787,1.3073139045594568,-0.1537314875693576,-0.1230582480148507,-0.572788824743512,-0.6728105709950526,-0.6539415646691409,-0.9325956921935084,-0.2713646635244514,-0.37041466900694636,0.5584180881799412,1.088144359285499,1.0918922341799953
-0.24355361675647852,-0.27112735645646857,0.8989650835475703,-1.4158614256279656,0.7020864905142462,-0.5972936636977726,0.5794955691156247,-0.9305686285932052,1.4995555923240738,0.30442993479886005,-0.4560975300260295,-0.7365531032045015,0.38573693266178805,-1.1927938814868375,0.6067604852606427,-1.0046991688188294,0.3202929603045948,-0.2994735868377251,-0.689420481901244,-1.159802739336025,-0.6275190924143981,-0.19697416978961627,0.6022500119314109,-0.7039738970886247,1.4045849108961515,1.0760213035440334,1.179576016142519,0.8610434479023542,-0.3807686008808669,-0.6504181358374249,0.054162394446537004,-0.45008682306378156,-0.9743888551624194,-1.2189008425286563,0.1563956145442171,-1.115752068824016,0.2577491398389563,0.2101261690163257,-0.5328789985420385,-0.8611576407193092,0.5646331802072042,-0.2729872457953554,0.45338404250039965,-0.016977861538585846,0.7506551608246024,0.3811932339508246,-0.11538288301584548,-0.3448792961732821,0.24600381843132452,0.07735903037170082,-0.8419080810740426,-0.7463261224638753,-0.832066585687572,-0.7333835330064284,-1.0613656459856466,0.0004259089193718546,0.20542852115933496,-0.09127737879313604,0.17019776735522807,-0.9277943892259547,0.30921972206587334,-0.7147760185641767,-0.8056108070947564,-1.1575069000785243,0.5041678682937923,-1.4846275091185857,-0.5462453531989246,-1.255726777849608,-0.5399804156289343,-0.8602927152680893,0.08350968730710184,-0.7043066920827573,-1.1086772757382257,-1.6599161076941251,-1.4272874938400852,-1.5472924388601306,-0.37286354213236744,-1.433194803559281,0.5601027504477575,-0.8550117051311181,-0.1636267262912844,-0.726776736962047,-0.4486551936602496,-0.643570086718003,-1.6656199630345094,-1.611452654947845,-0.9588843068597803,-1.4710405221417207,-0.554524037600541,-0.9883791537588719,-1.6036780207025312,-0.655927678443469,-1.5602600850351498,-0.37712750505895365,-0.6912383980709792,-2.2090177411798924,-1.8063451692307488,-1.235517574672818,-1.2619542317165915,-0.37721027631799076,-1.3015989697123023,0.3433966719476796,-0.8375174601109954,0.5444976504816939,0.43896666176914,-1.223562084458624,-0.6668112862319595,-0.8279142347916576,-0.8202671893483909,-0.9461387052040359,-1.7866067038271025,-0.8877011277538408,-0.8170600273338682,-0.32902205556299385,0.08307014720038816,0.43910533160900883
-0.39710075720444793,-0.2911104372682224,0.29971263898197026,-1.2122994673822804,0.6345194727038082,-0.24719944501136132,0.12946712633063692,-0.7025964865328418,1.536462698861088,0.9670357781298248,-0.577698585345228,-0.7835427364568535,-0.311548025775861,-1.6404892812045722,-0.024115347152550978,-1.4715108584210748,-0.050526486447719204,-0.7347717221275731,-1.0879528044403284,-1.3506895518803166,-1.2148342188569636,-0.528279252439838,0.08804908971907474,-1.0137953179211965,1.145133935673776,1.0277157892989368,0.7073215407205998,0.41109430916516887,-0.8354696838002428,-0.8531397525939131,-0.6112584355396733,-0.8605477922449735,-1.414267015399227,-1.533142858533088,-0.4983229797404723,-1.1671418714177935,0.26106584742523303,-0.03639348619453534,-1.2605555118088347,-0.42901442626632297,-0.04368691123759669,-1.2145163224214515,0.6023616368774317,-0.00299055342658916,0.7803137976680327,0.25417013573858127,-0.06125828888074495,-0.3082534029702003,0.21019680086684087,0.0030383478984551226,-0.5756362754066889,-0.46946897839472024,-0.28412158057011105,-0.19478427989957292,-1.0725878682048313,0.2341367160074321,0.13103325709470384,-0.21947633705478548,-0.10730124536962027,-0.841577251374569,-0.053210146401129095,-0.2409234351842627,-1.1011222262178528,-1.4643264327568495,0.05260861076681509,-1.2626698789864452,-0.6197661134400444,-1.228279386653162,-0.36330709360993363,-0.6734937386731705,-0.5891053820442432,-1.2875415236267727,-2.2505652090918047,-2.1022595084206857,-2.257176027594772,-2.314066027181038,-0.9707093579512155,-2.1136809913487755,0.10087080111707644,-1.5860832638118996,-0.8827680626693096,-1.8421908763158246,-0.8763129766027806,-1.6269435284979497,-2.0785601747198035,-2.199794694836873,-0.7029435269098496,-2.0914394585638223,-0.8048384365382019,-1.0553896428374399,-1.8486154835220638,-0.7786171807536768,-2.137223252943656,-0.8105244297282719,-0.3566089855194449,-2.374855740703507,-2.3459952754270947,-1.8444065816482387,-2.231019219938078,-1.1496043418781419,-1.6370320446058255,-0.04388649977412328,-1.3706426578809434,-0.07070794222091827,-0.4940701391881407,-2.0787194525575554,-1.284481042038861,-0.8930380557779637,-1.0276703022002007,-1.1990279934118966,-2.493671398830246,-1.5507990275815948,-1.2514230322080695,-1.059026928193322,-0.7458254773827419,-0.12474997374556969
-0.39828299495559927,-0.13609383423748914,-0.22285016713039968,-0.9579442019905807,0.47537929686809616,0.09649873797096212,-0.3113698585031973,-0.5352445301039251,1.4608898837484936,1.5057216334927301,-0.603517374691843,-0.8085102198469251,-0.8754324253485188,-1.9620049421366443,-0.5661180347877681,-1.7111885529978998,-0.2528171613937215,-0.9577637987088946,-1.2849072390972156,-1.3148131117312765,-1.6788062066901743,-0.730212574155413,-0.29663736754498704,-1.1336452789390117,0.9866664364549597,1.0561204747596291,0.3410882117756852,0.15103298826222314,-1.0625299876517529,-0.8948277410322135,-1.1099866254608715,-1.1424811598875233,-1.5930799541555716,-1.659407042273746,-0.978449139725415,-1.2106790393280102,0.40100186060955073,-0.1802406796263843,-1.660087116724789,0.052232681859941794,-0.4916425752438833,-1.8275113058327024,0.8816353062428656,0.21747505799628197,0.9019887592069658,0.2682874506465139,0.16960825332068957,-0.08004103921786629,0.33348227610780506,0.15275531282296073,-0.10231864592291466,0.020570314074716264,0.3470705905646317,0.39205670578924307,-0.9153595479523435,0.48093754113118786,0.19006750939536532,-0.15237202829687477,-0.19980569371238185,-0.563603350293145,-0.2578746025924707,0.19862761269465273,-1.2113201295357323,-1.5634611957132887,-0.30721360613162213,-0.9560590737526985,-0.5498414738551619,-1.0763436217297149,-0.004363182151553252,-0.2839682323698742,-1.286424096816087,-1.7515967679074398,-3.0818878038946225,-2.1903865284356607,-2.8648697572530866,-2.744453011405343,-1.2595807814268327,-2.4399768248335785,-0.20560186112425474,-2.042833442184204,-1.3014888685529575,-2.6334189834313455,-1.0955800613036646,-2.2489009898904135,-2.1615269356830304,-2.4611411086279356,-0.3811456258264689,-2.3878683865930093,-0.9174524959011672,-0.9069019677557427,-1.919202293109948,-0.799206394521307,-2.3886875651768884,-1.0176910019066796,-0.007494141568905413,-2.2993029321848533,-2.6207924258720956,-2.302132404556643,-2.850707970707545,-1.8070522061776173,-1.6558655529219064,-0.3725084036477836,-1.6319814431962592,-0.5207440118978885,-1.3177478765294535,-2.518930393473414,-1.8551824970003623,-0.7302610765673115,-1.252062722423669,-1.320293835300432,-2.8739669654596267,-2.116402644664674,-1.5620828036925007,-1.4629940324790038,-1.2225991415905466,-0.505185638566807
-0.20987573215411603,0.18889897409343828,-0.6101623593779755,-0.6589178346494534,0.24676522198587666,0.41141357827707936,-0.6760423267674662,-0.41217821592363807,1.2561590264029838,1.835264280351482,-0.49132850733250966,-0.7497645594415955,-1.196455444280827,-2.036426585502538,-0.9296044731008583,-1.633006344217734,-0.2041224568526082,-0.8761667891912128,-1.1735364980340652,-1.0016412572665738,-1.9021082758803787,-0.7111928460563202,-0.4862817175392117,-0.9945381652695539,0.9205676479112003,1.144107062839744,0.13433554651994137,0.13121561998723025,-0.9574420574493111,-0.7060220715522675,-1.321317527435053,-1.194882693967126,-1.4245048746221018,-1.506099962201351,-1.2134523786770346,-1.1599802883470467,0.6289697464183215,-0.20790676417582007,-1.6826574943117623,0.5171573981263258,-0.7154555854688305,-2.009753895647207,1.2463013639172904,0.6171646382920383,1.0941706605212376,0.4230319168892163,0.5634661233094672,0.3266595721909689,0.59495409495474,0.49433942582072055,0.5098062836911896,0.6364006903150374,0.9678302737789741,0.9303214543143528,-0.6083931920957486,0.6910322518299693,0.3946006704915325,0.11624105640023706,-0.10098312890801063,-0.14605877835943962,-0.25270976014630636,0.5620072219791225,-1.0780744379174594,-1.3981008644001087,-0.5425350836191736,-0.6206752066241655,-0.33534628016788576,-0.7995646319315716,0.5027320157151899,0.27611599816821575,-1.9051096853511027,-2.0171988886163397,-3.407225963003572,-1.8514709250476415,-3.094729967363778,-2.7154366147890854,-1.1530648021597585,-2.301925317984266,-0.26883043007064267,-2.101717673913478,-1.3081644270204373,-2.9303572978956485,-1.0597219797053292,-2.3805510624573287,-1.8858003224832214,-2.335297896340775,-0.02389867697789371,-2.272816106122725,-0.8644769893902114,-0.5606832812226119,-1.7619817769458577,-0.7072275849195401,-2.2148394979825836,-0.9515556186981715,0.3431785603237475,-1.9608639767538225,-2.5010922245979437,-2.470622686834289,-2.965581759047047,-2.2121820769456373,-1.3259686134563247,-0.5436468276711125,-1.541592486801589,-0.7132432511290973,-1.8601805473318689,-2.4241241809021354,-2.2477156294747513,-0.33165720956495814,-1.432788322274681,-1.241492072624876,-2.804493765168294,-2.4399961650277953,-1.6405379890965441,-1.4374372740030446,-1.2513282898477376,-0.6368299666818443
0.1683915431564853,0.6467910167094701,-0.8280110697115418,-0.3134373571752748,-0.004679218387325688,0.6871377298041018,-0.9057209580126321,-0.29262626802171726,0.9364535049986596,1.9185450445764398,-0.2290633553081153,-0.5641771480451676,-1.216659416194095,-1.7882226579591687,-1.0580501747171578,-1.212192998487876,0.11859916513049748,-0.4618007543368861,-0.7068135934898494,-0.4130649107272675,-1.806265397145822,-0.4324694220424588,-0.4529079901419221,-0.5760060509935119,0.9153289871118949,1.256293501601933,0.1031295403091324,0.3450660245867123,-0.48894001449582225,-0.2666064100378749,-1.1839628609609403,-0.9595555898213566,-0.8915446427602146,-1.0325248865868073,-1.1770594970067738,-0.9372991557904093,0.8734808767660397,-0.13110798958642736,-1.361722083634011,0.9071025702797312,-0.7152663295589273,-1.7644642955873369,1.6344641936323354,1.1326583497194675,1.3160783632220414,0.6839914590309125,1.0764489557431978,0.8670938525569387,0.9401597363181693,0.9511925902135798,1.167553763268966,1.2678859137312393,1.493859349851109,1.3402741666743387,-0.18860509555807736,0.8305161855149206,0.7263914041511249,0.5520737739088265,0.15517027705913453,0.33545625994639583,-0.03350119172502537,0.8299171842746731,-0.6945801427321627,-0.9614750527924353,-0.6456138172465912,-0.3097537099534661,0.0021987016722449437,-0.4160207357437137,1.098411241304672,0.9437670313228139,-2.343035435002838,-2.040261412459239,-3.132774271381545,-1.1005491761322963,-2.869426407803612,-2.1983868437885707,-0.6444331762693207,-1.6770093204481014,-0.05775072922337894,-1.7261507533725395,-0.884678895027806,-2.6731409218731823,-0.7824836500390705,-2.0047918888166136,-1.2881826272684254,-1.8410358976989063,0.3355712748707368,-1.7417054491574373,-0.6499350507794068,-0.07481829705763307,-1.3623867975997712,-0.5076561223087017,-1.6071166328818267,-0.6147182474312897,0.678484510791522,-1.3836828076394787,-1.9241581738287747,-2.253856796522282,-2.517577194051011,-2.2701323080110924,-0.6871163189785587,-0.48810354755847235,-1.0817348302053502,-0.6282864465645226,-1.9951145294822614,-1.784296893752505,-2.3541398492000845,0.2753502109908028,-1.5002996473642363,-0.9381836526486443,-2.2506582852912196,-2.4149326164491143,-1.4140194534710426,-0.9729711796519992,-0.8388636299355715,-0.4972506248097516
0.6932695212640557,1.1734388187585858,-0.8710319592642073,0.08351238137738991,-0.21921735210038196,0.9240786485131192,-0.9635399432077809,-0.12691958545823545,0.5450691154985681,1.7737890340521945,0.15756258948144844,-0.2444936306241578,-0.9443146306752029,-1.211230409410834,-0.9396505251049074,-0.4980089390174234,0.6692435221891848,0.23775471089582884,0.08275014547274197,0.39050720395785743,-1.373402563333658,0.08015171226029415,-0.21168288960467543,0.08644920371313777,0.9287370028164083,1.349902663733906,0.22331391406643025,0.7312991765188597,0.2871082379058792,0.3835657395103637,-0.7119357144698043,-0.4384124723790198,-0.055634470439176145,-0.26563553926236166,-0.8925774271268114,-0.5007524862436267,1.060279150550551,0.017978790707025478,-0.7975360394546536,1.1816485045224727,-0.5480167091256546,-1.1944755495658828,1.9800235045378936,1.6769619957477646,1.5173328470608543,0.9917372498584565,1.6413141592354743,1.4714324586335257,1.2944057425408828,1.4215807606788924,1.772438610679492,1.8062847469608911,1.8661601742425586,1.5750480781117733,0.2955312089735518,0.887685472237015,1.1385035678426556,1.0860741611117521,0.5019513098827646,0.798437964570097,0.3534523927453383,1.0049179521966363,-0.1100427010828089,-0.30191969818519954,-0.6338205171115854,-0.06122355080124135,0.4208037422620928,0.03876894635778936,1.7066681656245941,1.6342434273980944,-2.5232084115606663,-1.8218415094559317,-2.2927396427202704,-0.042305054567704954,-2.2162958417982255,-1.2666772900199017,0.18589555736655733,-0.6426436156942213,0.38728312670494347,-0.978965141098381,-0.11388278686421736,-1.926531670502241,-0.3346075022667192,-1.218541532566607,-0.46504031532983714,-1.0702911200613958,0.6653285834754519,-0.8744437660104928,-0.3100787868433378,0.4655126092738465,-0.753850967464396,-0.22173424867410946,-0.6560943167423233,-0.06246928893409348,0.9750117627948179,-0.6339327622153736,-0.917738054704945,-1.6272417149187286,-1.5649370117075696,-1.954384241241803,0.15547796346018306,-0.18822279967201336,-0.30912434585159665,-0.3235006563001079,-1.6787652016444123,-0.7046973795951421,-2.1194739894487196,1.0274920005875015,-1.3906031273386663,-0.43852357640445316,-1.2775441399234113,-2.0030815800152135,-0.8718553466770192,-0.16092932254998102,-0.09323767387762623,-0.1145450232914431
1.281891504428312,1.6873963602918427,-0.7617363843437005,0.5320930705177844,-0.3396356444229071,1.129726236252348,-0.8441318427134773,0.12460137810579901,0.1450192811104764,1.4681323610757788,0.6081843241429408,0.17386322273859528,-0.45209734669526475,-0.37628386204026376,-0.6091965665942282,0.3953138319416501,1.3402367795785788,1.1054336961957263,1.0822499642850005,1.2973429454008227,-0.6552292544554383,0.7413452625853539,0.18250381954908199,0.9050816664162751,0.9208023244842334,1.3859493316046392,0.4373462297143019,1.1887758964824595,1.2353838963931483,1.1492606849299338,0.006564526440926014,0.30186221552111087,0.9523607376287873,0.6985243870994878,-0.4283685880441839,0.13702139657530035,1.1330013988827166,0.19484487743407639,-0.1275304797686616,1.3255685493513285,-0.30428851523525513,-0.47185921660423963,2.225094954336826,2.1563071783374324,1.6496093634631341,1.2765672427370334,2.1783037928385,2.0558248458746555,1.5807408878612825,1.8033418015938159,2.240540513310133,2.1669378747451162,2.060016206402569,1.6275894981891779,0.7910287155828194,0.8720711651581405,1.5627660542214457,1.626745728400577,0.8547063997450073,1.170078166186947,0.8215280237661623,1.1048962834926135,0.5792271945861317,0.48415729215873315,-0.5440710340925309,0.1094275007073246,0.8637447112966877,0.5161203327336362,2.246510706870834,2.254430402738864,-2.413724087858858,-1.407649199236703,-1.0455022567706036,1.1483742257884106,-1.2660572176301292,-0.07939305322371246,1.1821956190873322,0.6332157625756125,0.9614102172246793,-0.009575355130563627,0.8383981863819435,-0.8633815142844696,0.17500285812984798,-0.20714630123100702,0.44636828437698906,-0.16648163413703995,0.938381025824096,0.18100415390547134,0.09395201880372676,0.966591780587446,-0.014649934800689175,0.11613806209697629,0.4669873226258087,0.6059110518808131,1.203739940928633,0.19309602398309125,0.39657863961582007,-0.6519963672483964,-0.27397125817609375,-1.3168479645079538,1.053210281210989,0.31106140340559724,0.6491966105670289,0.0840614567040069,-0.968086147875179,0.6153838858164092,-1.5585145967709626,1.8318626160826257,-1.0639058610843333,0.1820867673689809,-0.03781261601825436,-1.2488877401425706,-0.07621342082623335,0.825821189525138,0.802277987823442,0.4346353678497336
1.8265474193395672,2.1032601615591013,-0.54445530735353,1.0189114938101422,-0.32675628305443377,1.313352967548692,-0.5762997005347825,0.4749890188699816,-0.19547024035971625,1.0992476994236973,1.0414360087549577,0.6188208743565203,0.14093157731738828,0.5802498319163956,-0.13961177701662042,1.3126416804358954,1.986210243781376,1.9781569021021006,2.1183427173270704,2.1642650571492705,0.23409459667299629,1.426578561882968,0.6466331139285683,1.7541137161298261,0.8638188185195655,1.3378301107877442,0.6691833677993416,1.600096946031983,2.169409653382008,1.899126688539682,0.8272614934865218,1.1394761486058402,1.9577867600635541,1.7101395310396588,0.11592748924490237,0.9043026778425102,1.0687680928670005,0.3523458648042306,0.5086965077901728,1.349618277810137,-0.076787413108267,0.20857037866653524,2.3297885833159575,2.487932913387569,1.6775711520206058,1.475429030349349,2.608428043600195,2.536298325196834,1.7381865813334947,2.017825053002241,2.518263186036868,2.3055037937588807,2.0857835224197343,1.5278135327674456,1.24710829338125,0.8076898743562761,1.921925705089349,2.0768289943383205,1.1296745101367522,1.4005245220529243,1.264456042272926,1.1529783818964623,1.2505400720309248,1.2703681148971429,-0.42292241744109016,0.20898403256477108,1.268176250072154,0.961231002872427,2.644269480809586,2.7183315071239504,-2.0377609701537924,-0.8771066551973725,0.3599571662155531,2.262649634838954,-0.2228946602899175,1.154221149781581,2.1433618628622093,1.9227314454762954,1.5201344059231983,0.9812800160118771,1.7627352615519984,0.2784191211466199,0.6285509530528247,0.8020275799671075,1.295710693573134,0.7074042348194134,1.1355577079401273,1.2390097555017139,0.48980753993317167,1.3458970787554558,0.7474933221043757,0.4651403120951413,1.5503158635523566,1.2663303791215559,1.3343846489318791,0.9918403587594609,1.822176442960901,0.5307357958196739,1.1154642580784047,-0.4785658210779107,1.8466610641300312,0.9060244721858649,1.6178239832971968,0.45401191281994563,-0.013422197868309978,1.9252662654243244,-0.7547808075229478,2.578888683724893,-0.5230017700473897,0.8187125383503834,1.2607634564892085,-0.27244496856497724,0.8470983695216142,1.7737888769272712,1.6331195532752822,1.0378650165120777
2.2176326031906513,2.346816083981364,-0.2757778128428728,1.5112103711077742,-0.1706377325791429,1.4806101857606622,-0.2180065138186235,0.9016436982180642,-0.4189245252601698,0.7699593520156868,1.3756478921814335,0.9992077837288712,0.6987922621332298,1.4851158623452123,0.37492649415297435,2.0915665742499883,2.458089174036274,2.6825274032444093,2.9943181382750037,2.845459653617732,1.1403758374094748,2.0021441252578085,1.086697282617391,2.49201260937014,0.7472613203842876,1.1956797469989617,0.8434100696300139,1.8581952165206201,2.894036353821704,2.4951824303270764,1.5810462831135894,1.9203036636282513,2.7788785167613588,2.5950908890159,0.6296008410819137,1.681646575097084,0.8843535262888154,0.45020904017119756,1.0004020038277317,1.2850335534584874,0.06942869184085075,0.6795693515227843,2.2778192348153423,2.6154354768736194,1.5865672350725575,1.546701852619661,2.8668717317554497,2.843129291622109,1.735552324561704,2.0269972509189413,2.5905421218438844,2.2241833675006735,1.9821304783823628,1.3314037593469665,1.6209969324157985,0.7234590730388388,2.1443899727344,2.351409755403348,1.2625693793366017,1.4702261997175061,1.5820546365785293,1.1672139155757892,1.7825830968090692,1.9258972573308346,-0.315110794329101,0.25956089275631183,1.57520155929631,1.3217984811183472,2.845077095920099,2.9618957201030938,-1.47037334042365,-0.3249328561335366,1.6392129329611653,3.10201189375913,0.6864669782865351,2.2203955258811474,2.8651413790431923,2.9844339854481983,1.9160058315604653,1.790188247619933,2.4569292970947196,1.254232232110675,0.9309897671442809,1.5947106452105038,1.9504193806812258,1.4032200814069489,1.2475020921876887,2.113961828672219,0.8107075456329804,1.5487382760395256,1.419024505798962,0.7866031787422345,2.3919354089722336,1.7952463680068156,1.342038787492171,1.6662683507567408,3.1246809735377,1.7259453031117424,2.3427502691761295,0.39727520522121684,2.4006108774757275,1.4534097521451803,2.4089355407358806,0.6651401922016353,0.9740952152421379,2.9767207458456424,0.15803338848277954,3.160203581166849,0.175182524812836,1.3619679510829703,2.3999480331982546,0.7569177214478722,1.7359667075174354,2.4808700244219706,2.204287512344627,1.5687491785429835
2.369496291309054,2.3695242888304455,-0.01348859600644253,1.9568597223228106,0.10566827740258307,1.629494089135643,0.1554617879072025,1.3479038007813375,-0.49208209384174373,0.5625411868174717,1.550945427729668,1.229144750681537,1.1019777544017886,2.167670865207416,0.8404447261607209,2.597981705215314,2.6391830636930664,3.0744839761947955,3.5356985001170624,3.2239178450563406,1.9020199556731026,2.3568768050064803,1.416853755310359,2.988059194669092,0.577235000147102,0.9664180916571293,0.9038389017016258,1.8899650605498814,3.2517456330247225,2.8251872067954773,2.1113846391956623,2.489501891444152,3.266039069534947,3.1922424540176806,1.0132051092052,2.326805396449437,0.6311375486968379,0.4627738086367435,1.2854440840502233,1.1732561254803,0.11564817663893541,0.8425979585905511,2.0772831012488093,2.5186326326351893,1.3853104620749936,1.4789840906017886,2.9139507083157983,2.9328879328329953,1.5771474098835632,1.8393421822875389,2.479663812678015,1.9666361514192754,1.8038046942697463,1.103477213117022,1.8822351173389036,0.6439718883803794,2.178724761174865,2.394114891953979,1.2223187899754153,1.389981560166118,1.7041034858941362,1.1532522069310973,2.0834323866744646,2.34287845986264,-0.2536119404706938,0.2874661412250356,1.7395157247720956,1.5564650850896087,2.8218164994972312,2.9542852857645805,-0.8223504999343207,0.1598450476937868,2.535791629830836,3.5199472307272575,1.270815907844921,2.9455821299872778,3.1854027179032256,3.615075054325248,2.037253836423416,2.2603024644699388,2.775122209607011,1.8710811632817466,1.0352085128760407,2.0195997423341763,2.322379380640301,1.8166488648994026,1.275767412284894,2.6571939356279817,1.0110629754519944,1.5581586460130696,1.9057639178116548,1.0518360146731944,2.846504422107776,2.095387248209554,1.2141609278597407,2.14570836979698,4.079306894516198,2.725234575743035,3.18446602636173,1.1434148698955504,2.632575704386965,1.8019346710949409,2.863846993369092,0.6506182512549025,1.7725295441876536,3.57634900457779,1.0268369775892503,3.4882145308952524,0.9211687796560805,1.7236012615221927,3.196816774911092,1.659666331779913,2.4302481717516624,2.805491542706294,2.385331630256205,1.913114535409298
2.242625356323682,2.159429120297146,0.19409579967653956,2.2913726507979555,0.45100601998890777,1.7487836591523314,0.46781370886471874,1.7351769896406566,-0.41352236874183995,0.5193001760640906,1.5464575950478023,1.2524208299996253,1.2764446758768664,2.500731908532831,1.1843259793852063,2.755456409237656,2.47415208301704,3.073186518628999,3.632891087515212,3.2380166640128794,2.384812844888046,2.427306830949574,1.5769056428585375,3.148490048186095,0.3719970648234556,0.6706590232456359,0.82710089704387,1.6720389524864974,3.1610653078450395,2.8295159117102022,2.3092426236576107,2.7252009946360354,3.3344874499141928,3.389801977597861,1.1982136750472878,2.707202879522921,0.38024158555151805,0.3836950836363586,1.3554549684339745,1.053771291969807,0.09157936677501902,0.6894715965037213,1.7568746074883255,2.21594339602594,1.1029963420500355,1.29170278769874,2.7413976841045766,2.7955955152594636,1.298943026431137,1.5033469530731496,2.2352043303308284,1.6031684996346358,1.6069774692981045,0.9013357815056874,2.015084564162497,0.5831426051210614,2.00486211253502,2.1881973498047995,1.0165681719443855,1.1939900337463927,1.6060830488326905,1.102181838553599,2.1117749877830927,2.4591778355822016,-0.25350135696052384,0.3117109122982392,1.73675825903975,1.6412642331560976,2.580016906802377,2.703239406273822,-0.2148032120459844,0.5122518165845119,2.877800044367926,3.4513818105329794,1.423552367799671,3.2304202607427683,3.021815329185439,3.695036545922894,1.8375537278907084,2.3180803535128724,2.6623091518111885,2.031224866697208,0.9537143888736161,2.0207818175296985,2.384207236758343,1.9046585451530684,1.2328624372899677,2.7854014623766616,1.076844896394413,1.395958192299661,2.1526979039201124,1.2468042526625658,2.8560727370202255,2.1161113943144625,0.9559009596690439,2.393419665410667,4.517420167842176,3.351819954472469,3.5029633574982717,1.6278256197445888,2.5277545168599054,1.829289314045379,2.8896898264436883,0.41503957000896247,2.203227019455985,3.62476689364166,1.7138260305758783,3.5134685882493324,1.570775202067179,1.8558934275229824,3.5397267928060137,2.28736832367431,2.8105502321446076,2.699733130081556,2.138492857622837,1.9933241333599114
1.8561028680132696,1.7458316120158055,0.3166482950827398,2.4510697417056146,0.7984634298093283,1.8195483024019268,0.6589628950895143,1.9824896261436487,-0.2136315643005353,0.6342568102133529,1.387397036471226,1.0598655797378655,1.2108634786375287,2.4323577026425407,1.3710703796136912,2.561581146889601,1.9834564746968861,2.6804356165375918,3.269563055995075,2.8964997839287325,2.510011087585284,2.2100441698073077,1.544695204244178,2.9371219527841705,0.15589845652999634,0.3381800585199198,0.6279601100303632,1.2356342785215269,2.637234988164158,2.515503319921071,2.1372629813153794,2.566505572605644,2.982595421258041,3.151803611993333,1.1596886578892853,2.73180216496927,0.20217483472222256,0.22687173180429132,1.2476494415646098,0.9536221805913309,0.06084257675471986,0.2996112476546387,1.3587753382894123,1.7589827849222943,0.7818370843917558,1.0278504435772116,2.3727958561538527,2.455468124980885,0.9567241793577986,1.091211526031015,1.918245460457089,1.2106129762979958,1.4357131780999675,0.7606698235483711,2.018984108277351,0.542110203922701,1.6395381878537865,1.7602297194470498,0.6879708054681779,0.9282923110519375,1.313115892772975,0.994290695638852,1.8859946694947372,2.2711853430036544,-0.31058172114668925,0.33617153739209493,1.5672762895206669,1.5728447386834257,2.1576944923293744,2.2534232797436453,0.24921163423146755,0.7030225082899002,2.6146978476203104,2.9237641242595047,1.149097882443987,3.066262481473131,2.3926354078704226,3.216233911929662,1.3484858664477575,1.9878788104365335,2.1653222164378345,1.7501848710323031,0.7535415504002865,1.6453694173787967,2.171498808637206,1.6887091415579187,1.1408826771026748,2.494898223008182,1.0278832706975471,1.1149601347272535,2.1532204219993285,1.3722819438898601,2.4577780068777986,1.8639373248963644,0.5923650526132724,2.407196370529847,4.361700425542498,3.4988894768877628,3.2735458458037194,1.7837854953063752,2.1373135535923664,1.4755839765686802,2.481677208886424,0.02906773119833043,2.174114309896331,3.1344749968504657,2.126105509131513,3.235876981390478,1.9772696376725105,1.7602425163500897,3.406541925476762,2.5553509227528077,2.826796706117233,2.217883043113707,1.5236936881099117,1.784719100618505
1.2865937585461265,1.1961818227616061,0.34657384832911203,2.3896308905774424,1.0818212261420046,1.81977562929802,0.6989033114296896,2.0283670053999034,0.05288453586675398,0.8577464721675994,1.1394042033248772,0.6947960418934036,0.9574346744392113,2.0000585606179624,1.408348243193834,2.087456774566293,1.2596970881892722,1.980470516016148,2.528847126519073,2.2778541961581555,2.2687373709413303,1.7588642881962036,1.340636758060817,2.3858512125709517,-0.04622140247423904,0.0034053816223120164,0.3549594953477611,0.6595963683422058,1.7898380823017344,1.9556557957412675,1.6374772499783774,2.0291129886404042,2.29177419555252,2.528049428965693,0.9191657709960389,2.3743341410792294,0.1470061031986605,0.023601651763946994,1.0279690696958268,0.8818295384445415,0.09543798781643324,-0.18543021889435404,0.9301904525932582,1.2209813649720185,0.46729447894514947,0.7415836866794636,1.8584032149958858,1.9653005904248688,0.6103885448308232,0.6785042337887881,1.5849721589330288,0.853030397450264,1.3129282903431538,0.6887569376817118,1.9073888906257357,0.5115656879460356,1.1347541056578876,1.175714732049949,0.3030548552113529,0.6386708934837856,0.8920662623929835,0.808072699067456,1.4790379896931438,1.8338433216067715,-0.40451279278435187,0.3483292027150116,1.2559280503815222,1.3683134852957657,1.619968977962085,1.6782558328921398,0.5084484640669839,0.7414093611820137,1.8260249550335639,2.048407121357809,0.559199596959162,2.5318971089491504,1.4151247065139065,2.2854162886134017,0.6713670610655177,1.3810869977232902,1.4179123480448483,1.1457031381973217,0.5358230930991751,1.0256372852885303,1.770967015975994,1.2448206910139794,1.0284100036760566,1.8595428056469168,0.9113412608167305,0.7850495268462112,1.946019636648396,1.4396290036172832,1.768207197831239,1.400742302020359,0.1673288839548889,2.213722768024709,3.6421722988051086,3.152123932377015,2.5841220028371343,1.6226738237149165,1.5618034086945425,0.7641422477513247,1.7251050342951353,-0.3949468239416059,1.7001398658609481,2.2234172524814286,2.2329915486936813,2.7066050753763307,2.030574751615698,1.4834717827735557,2.8621230449689747,2.4583666731578626,2.508679524619146,1.4988046171120468,0.6801862391335683,1.3202568179456453
0.6535899609613499,0.6053310179557221,0.29873823722606774,2.0939659396616443,1.251538106806542,1.7314439085341249,0.5944432543820808,1.849359229828313,0.319775976260861,1.112287777914712,0.891152292828474,0.2450643784760093,0.6156069472630878,1.3232902819023402,1.3410520480591814,1.4604858524606847,0.44698476490671646,1.1201478664654787,1.575341880710572,1.5140246619840225,1.7196195113841453,1.1682048630835105,1.0228356728382295,1.5919314909439986,-0.21314140766764533,-0.29839020752919226,0.07731486392337167,0.05312902750263086,0.7980793365054332,1.2705112073096616,0.9209153255082991,1.204708207615054,1.4082819544134908,1.6449797796912355,0.5372897809983234,1.6822419220000884,0.23085354848675113,-0.18331785420617985,0.7716662383247521,0.8304886364962693,0.24820381489851273,-0.6025535398951181,0.515705890018352,0.6820902376362089,0.1988678422376848,0.4848069457724699,1.2658954890346341,1.3961002568862204,0.309662383270472,0.32646120353849883,1.2749398709282644,0.5690216347602163,1.238090034199106,0.6663604406846759,1.705491846948905,0.4774927971903219,0.569594032077956,0.5276838098785697,-0.06257730798606873,0.3622865390786171,0.4349893761112065,0.532343540713521,1.0007493536956877,1.2484066006938417,-0.5052747299728437,0.32532731859021985,0.8484212465846732,1.0624502093955444,1.049209831670048,1.0671191819681975,0.5558025334032927,0.6690968439265635,0.7005808290926776,0.995368540388597,-0.15968936812175735,1.7723890260080866,0.2814855986737665,1.101673441345996,-0.0487738862067328,0.663744118698288,0.6046858173012752,0.40205335891009975,0.4057448604573036,0.34147045888883276,1.2978113971527128,0.6844964526292098,0.9257972830619126,1.013896416763987,0.787948269943435,0.47709233955423835,1.6014038227795453,1.4638102386361018,0.9504501936547185,0.8296280704574557,-0.2613568374859051,1.859732610624546,2.489990186292668,2.3915957330184714,1.6086334080237583,1.2263831560863103,0.9254024442825234,-0.19689023258071936,0.7764464099764382,-0.7373772074621374,0.8954235171506502,1.0865886999753451,2.067209457258868,2.0191899995022182,1.6926725649200356,1.1036104516383607,2.037479138877267,2.065918449389287,1.9552854739969525,0.7276422506414036,-0.2094727889897058,0.6824808711019144
0.09418387030499183,0.07895693771508906,0.20492580670332944,1.594833738916577,1.2858662963623668,1.5484157873118465,0.3866266254323501,1.470191543201275,0.5238639563285762,1.3149678481321354,0.7297313530830066,-0.17624888751290152,0.3026593452394543,0.5756270235394817,1.2342550577814984,0.8345607899701866,-0.29134485244737807,0.27468017326487215,0.6173266678651314,0.7623013437610412,0.9713012717490408,0.5483164332140135,0.6731329548342276,0.7013623773920485,-0.32982714355510384,-0.5342685102979663,-0.1337619179442885,-0.4681424013692501,-0.1300206946383704,0.6008064208307713,0.14185837232958526,0.24401567732001214,0.511489392448446,0.6795966372898279,0.09828432728849179,0.7694555772064013,0.43228725022116493,-0.3474259229613834,0.5465288740585628,0.782016321063416,0.5324252728245055,-0.8115978134998391,0.15208735095937714,0.21506677222611406,0.00383221880474485,0.2966486646138558,0.6692189779571699,0.824505055955565,0.08559996571993156,0.07203568970254398,1.0073763427276818,0.36894161825911254,1.1919164236959698,0.6574634493188134,1.447145230964508,0.42828887023647977,0.03700996401484478,-0.07930608091290321,-0.3385848912016607,0.1255681104138414,0.03884881835078978,0.17791212537380455,0.5724277297554448,0.6411955789210648,-0.5812575804624337,0.24538058324469375,0.40507390283546213,0.7032692246649759,0.5321863997339789,0.5105739619253896,0.43538097253521274,0.5470462502908254,-0.5085622759639845,-0.041557738859083725,-0.7984487198502921,0.9654176270104295,-0.7824028792639494,-0.08682444540005865,-0.6594227350194581,0.01242018445234796,-0.0859368091483385,-0.27966674324149443,0.4412247921509417,-0.22649781189375537,0.8680459363709953,0.131582757831637,0.8595491365653447,0.1259701950354446,0.7145403578363648,0.2488955527266204,1.2015817260393153,1.456127493657403,0.17378350800781553,0.2712087453297813,-0.6290732792620027,1.4028967626658622,1.1108574355065892,1.3734913827461028,0.5623228533154376,0.7221291644282378,0.3482873794955416,-1.2339715677426173,-0.17187871504467575,-0.9047503379810112,-0.059967326883865996,-0.047433455070279254,1.7104775112437225,1.2910271653018714,1.017831904809084,0.7092572701455037,1.0971715944961193,1.4996628804908638,1.3071314155286378,0.08767809387225435,-0.963401984445916,-0.015069835290210127
-0.2668342152828498,-0.28583608767072055,0.10415660361050758,0.9681972539635958,1.1941315117776725,1.2826898029049207,0.1391374832821638,0.9622731789986368,0.6177925187124645,1.3998108084345802,0.7156168105945655,-0.4568747534103034,0.11902202696055438,-0.05683143556296717,1.149577144737584,0.3546493219175443,-0.8088781414140706,-0.39231890992950375,-0.1413231732543339,0.17191487176233367,0.15532093258219973,-0.0009357373465188946,0.3766785667283078,-0.11932359349065802,-0.3889897856633156,-0.6768058033846219,-0.22459780914129834,-0.8076863005081858,-0.8045159282680214,0.07592165978372348,-0.5370382409005645,-0.6730370520300907,-0.2240967525075578,-0.1775938256996777,-0.30970513855624415,-0.20506860978767605,0.698819616193268,-0.42725792259702494,0.4014764410514106,0.7196204614261712,0.9146633241404125,-0.7321695749630017,-0.13401374293138996,-0.12585284457610885,-0.10501337220403066,0.19809169296911505,0.13761599061083812,0.32052059923561477,-0.050296943743384254,-0.07263098235705334,0.7855584070531507,0.24157987344895018,1.1460470759139227,0.6234198878229896,1.1709073419400644,0.3606052793190836,-0.3721102721040897,-0.5467885758241697,-0.4708121939016454,-0.05218335145444566,-0.21366518566597345,-0.21556445233414206,0.29987918452723655,0.13818189474976458,-0.6071079927048311,0.10031663533891139,-0.007259185565984279,0.3464176107382741,0.1460638976877602,0.08610926475753815,0.22497122451363863,0.4384176746147359,-1.5423895562466543,-0.8819201412004798,-1.181820182413382,0.2825989677921755,-1.5661428134665603,-1.0369448480372578,-1.037210767690746,-0.4292976568908322,-0.5074333129331725,-0.7319101219706718,0.6688932931708181,-0.5411806179493365,0.5723311062302059,-0.3004485601457275,0.846919835649682,-0.6347763904960113,0.7274628708793547,0.13595891070373162,0.8205296719161558,1.4190643466425905,-0.4233931597376101,-0.16449701938227915,-0.8737385766359259,0.904112489054996,-0.25590282535056696,0.2965544359316894,-0.3489459262808602,0.24726204106235952,-0.07642380549133193,-2.144988537417924,-0.9345639928461853,-0.852929182180723,-0.9684237528115116,-0.9653085906904506,1.2679577335446832,0.6390488882349172,0.14935259088718394,0.37771270449661426,0.2034787917556632,0.8999781849022664,0.7086660046876636,-0.28486887573758385,-1.4413264909335,-0.6527961614708364
-0.3448085002631927,-0.41919448297557127,0.03128141103935603,0.32512369558746435,1.011474427409653,0.966380524882297,-0.07944933119369725,0.4299456134058757,0.5780051069236951,1.333786325439794,0.8643048812054899,-0.5122513699926267,0.11804031239160158,-0.42078563648555484,1.1221186886801935,0.12398302396107375,-1.0079760683921735,-0.7647477178488774,-0.5477329763442114,-0.14720373096169861,-0.6031546152405203,-0.4110376320947852,0.19965424996441952,-0.7176731590261913,-0.39214202437717605,-0.7077553446381001,-0.17443346219186862,-0.9096880923585217,-1.0954671204184556,-0.214058618967258,-0.9807028939788162,-1.373895624737923,-0.6648518490201067,-0.7624589064015574,-0.6135917293070899,-1.068256579399103,0.9603996294142849,-0.3948761756975673,0.36060457457343564,0.6365943931118325,1.3219714847500768,-0.36398979242881724,-0.326218823248843,-0.3114701580389987,-0.12813671071962462,0.19178808900196495,-0.27377324357576477,-0.06259679498547799,-0.10056576644186552,-0.11338118527879998,0.6060512696341473,0.16644219359239837,1.0739869613060549,0.5365696813510367,0.914889976880848,0.2814000898256859,-0.5850745443726987,-0.7987409465253467,-0.4278121692087621,-0.15287187816435027,-0.26877569859144745,-0.5813762350049637,0.25103883865890986,-0.15944088996521283,-0.5696878543306335,-0.09577776630590633,-0.32466952379357794,0.048260454520716416,-0.05481124479202908,-0.1536564462728774,0.009191388688295134,0.39142058140933006,-2.194000035622693,-1.390631534254202,-1.2136778003985855,-0.1461489923278769,-1.9208167469366728,-1.5632577452755767,-1.1160249949069438,-0.5826447042192429,-0.5886224410286623,-0.8594898669732576,1.0538059896746688,-0.5404901416274088,0.4570948162839452,-0.5276934298630549,0.8918716171660035,-1.128489521943823,0.8311508193313772,0.1477137073297834,0.5084844089400256,1.3447329675166004,-0.7590456519277703,-0.40400262746644977,-0.9461912231233237,0.4213310676153648,-1.3840699543086332,-0.6391324772786843,-0.9726059287358498,-0.08609261997350541,-0.29718110648501467,-2.7451281891869406,-1.374071807065925,-0.5950785741864046,-1.6643628867838633,-1.5126260023016587,0.8387783293562239,0.15523848448331087,-0.7093424276993542,0.1568982481452479,-0.5147079245746147,0.39102785222479125,0.27158973199508674,-0.33194027723613617,-1.5730474438581519,-1.1310185347358883
-0.11484022657089539,-0.29294389406291466,0.006948677638014448,-0.2090159042045641,0.7867894223859134,0.6476859553422198,-0.21482255573851733,-0.013014487562620731,0.406562763620957,1.122294351828966,1.13988547948788,-0.30735275828659286,0.28886859331482767,-0.4337338816765514,1.1456232673482818,0.18132915754497095,-0.8606301527676716,-0.7977505061906423,-0.5341599065512094,-0.14684569056484986,-1.209406789588072,-0.6560974340496554,0.17085140365594967,-0.9889280454116441,-0.35017406117465544,-0.6220276702853266,-0.0025909273520453814,-0.7720374244114195,-0.9605216650987038,-0.23666461789387805,-1.1106645762600125,-1.729109650723961,-0.7447256449541094,-0.9714455356382761,-0.7693841928742896,-1.6669543962951519,1.1451114399441893,-0.24323894693027168,0.42125022225393366,0.5403479675769647,1.6600722024644394,0.21343305656014255,-0.41791141431440365,-0.3394852163542488,-0.07629467010646589,0.26532350884450373,-0.5310165414304994,-0.2953515492621933,-0.07343586944738627,-0.06438477991928726,0.46787778263817004,0.1260462237686468,0.9593773704265184,0.38862037434630686,0.7103295357948053,0.2048896008095788,-0.5612484101404352,-0.794285702981522,-0.20364546846684892,-0.15593897088888217,-0.11008014755468779,-0.8377981913714297,0.4426887905243978,-0.19419426253025987,-0.47104956830330874,-0.30570134688894646,-0.49662732180639446,-0.1425773823672421,-0.049361137602007846,-0.18904527457942857,-0.1481488295138978,0.4260867864316603,-2.353092642126788,-1.499721964232,-0.8991340630915619,-0.2580084479024389,-1.7915293315144694,-1.5774290723335844,-0.9007106275338336,-0.44703783130590974,-0.34779217052435873,-0.6586082249602828,1.5055470738022332,-0.24948553414607091,0.516771965536298,-0.5095562258810268,0.983199052763267,-1.269984284202219,0.9948379814058271,0.26830222444656976,0.28426968074554204,1.2171168094643654,-0.8172401423863077,-0.42772774206566494,-0.8202602680640257,0.004126344301329623,-2.103733986054305,-1.2725369410618814,-1.2367701050500108,-0.21750072857622454,-0.30881947506982815,-2.9108148264498563,-1.4294163270064597,-0.19449406233526353,-2.0515322525118727,-1.623388295149488,0.4906308244741161,-0.11213036073245561,-1.3438011597235633,0.054988008781034,-0.9825859409561417,0.05314296966995718,0.04863538919889536,-0.08387749314074312,-1.3688249337681246,-1.3914781386679973
0.38114262633915913,0.07222887703172554,0.031807276551543154,-0.5219416197686001,0.5675042868285487,0.38091713899599644,-0.24211967986121874,-0.271204941100037,0.12715793234540004,0.8033859846907545,1.4625610107732125,0.13159203424182267,0.5575809420679816,-0.10514926847862412,1.1713828518317388,0.4933954249910902,-0.414225567343968,-0.5245315156493312,-0.1320132926232827,0.15043892643702525,-1.612709925529632,-0.7528176978688729,0.2724207361740698,-0.9005219856242153,-0.2829128714626614,-0.43100521481834775,0.2346468075735375,-0.44758928748178634,-0.45239959424949716,-0.022188767800608956,-0.920776064745808,-1.6795937917887487,-0.4773618275220832,-0.7829363731176687,-0.7685253221498208,-1.8983972237514617,1.192699509286842,0.009039821073068789,0.5547992602605922,0.4492478787503105,1.8364877306780891,0.8609399539215676,-0.41235256599905384,-0.2325252882452046,0.032305760881746415,0.39556622311840084,-0.6258478205409107,-0.3755322262888199,0.02404048762365109,0.059471933241296474,0.3771687248461444,0.11323511144749189,0.798961699088582,0.1911635696157046,0.5746027793316999,0.1450778648565844,-0.30131883554217453,-0.5349523473135458,0.18174877181609406,-0.04039553083279406,0.23939329159157996,-0.9084986883609111,0.8385221602117301,0.03751958381747252,-0.32805240567635124,-0.47721928650468,-0.49626082929517557,-0.1946525934703488,0.1445203783585593,-0.036743068813669004,-0.22334851480864393,0.5284879487928995,-2.0268071326455672,-1.216925635294864,-0.3385209757129499,-0.06733688270040938,-1.2291556014249978,-1.1056177164843284,-0.46433476198173507,-0.09361521756562313,0.114595718856515,-0.21317687620956388,1.899140302431115,0.22850693441953746,0.6983714959516238,-0.25563472262147247,1.0951393670828486,-1.0437550488401242,1.1583013843688559,0.4603707871297219,0.13637352294346008,1.01719896275094,-0.6423190134997424,-0.2742588165678362,-0.5005486532542439,-0.3116437779936467,-2.332547002136713,-1.5133290014066139,-1.156411503150448,-0.14977496106679203,-0.14868115504454987,-2.610863532096303,-1.1266359745346954,0.2535925086113624,-2.119026712565996,-1.3294031074499475,0.2451830918526831,-0.16703806180090391,-1.5855356119799828,0.040000752369368335,-1.1870431241724086,-0.09131486728199069,0.02423780786186392,0.3523185836389368,-0.9108474879120357,-1.429445433523778
1.0416434363964193,0.608748756036304,0.08667856629187605,-0.5417559615014423,0.3856493929446273,0.2127840432690349,-0.17265654762616972,-0.29249489559321257,-0.22289833940717094,0.43343739973787926,1.7284223531512126,0.7188689922098029,0.8065558416822471,0.4648419911581036,1.1221575610032186,0.9638739805883008,0.21877237185765996,-0.04561580755170585,0.5370894580754901,0.6574302773296075,-1.807217049760547,-0.7503073721700498,0.44306518227287195,-0.5006881588407801,-0.2169440102358006,-0.16377065205050437,0.4569920935773386,-0.03295188786631841,0.29482496254089463,0.3449739717247252,-0.47623205142926506,-1.2492337161760212,0.048662139656928914,-0.2611813143754078,-0.6357573592935232,-1.7309691050210696,1.0635435980883192,0.31732920037823403,0.7101573476548396,0.38344846368854246,1.7825311784985711,1.4144362476343522,-0.3238325117867547,-0.03342587085799345,0.17349755983675638,0.5522619917023455,-0.5771335476423209,-0.32806871367399276,0.18806330468403645,0.24493292807014636,0.34515971796576966,0.13101080282768857,0.5998804485716599,-0.031250292835387564,0.505391919695754,0.10654657670707657,0.15004584856135245,-0.0653641782033299,0.6837917883198829,0.20691363905543253,0.7210873602952391,-0.7459888217875162,1.3583585708323036,0.485730345925923,-0.16892947141300002,-0.5579152010028131,-0.32841968131553567,-0.10227568986028021,0.4707534710535086,0.2521666002126097,-0.23720283422982624,0.6545914339859745,-1.3322884753277986,-0.6204607864387438,0.3040051891053987,0.3415928321320787,-0.37850972321377774,-0.28007305006825456,0.0694589559375905,0.35750962640237555,0.6420327506596999,0.32941075325258523,2.105575932919906,0.7389434887247512,0.916810778629848,0.1754652633581372,1.190392495691173,-0.5062638500198905,1.245387507176091,0.6707405010775922,0.03163224770280618,0.7295145320472421,-0.3209721486448746,-0.030076659122923847,-0.02569017225010021,-0.5086898669786015,-2.0888042342766973,-1.358527322496321,-0.8192221403874952,0.05629126625018559,0.11395971777294941,-1.9168048268249382,-0.5689871827841844,0.6452087789658537,-1.9334660784906867,-0.748095891501051,0.0781036773244471,-0.06205786276088676,-1.3609757825227484,0.04957707640310534,-1.1712052785837153,-0.07622082075703591,0.12388899389680025,0.8225615269748292,-0.3294416580137095,-1.2931856059103803
1.725986051111103,1.2135293323439729,0.13870726453069532,-0.25669681390660076,0.24915587554158902,0.168710706490467,-0.04998335193395537,-0.08293311638596752,-0.6021589513064537,0.06932519403406567,1.836583983712992,1.325372789161084,0.9071772063955362,1.1096062679695968,0.9174417038501586,1.4567723520687708,0.8850261610369312,0.4962251048340273,1.2908776858195665,1.2420724775244547,-1.8216898305629723,-0.7130298000967782,0.5936143767595126,0.09206946499839332,-0.1813745171834059,0.13493889217870764,0.5799300835033406,0.353204500480582,1.097124474022459,0.7465648719725454,0.10377386331303674,-0.5395694821158056,0.690419061467034,0.4582245631436678,-0.4197452932915545,-1.2106828234386864,0.7429706122190426,0.6164652250594407,0.8208056324944747,0.3535227382976921,1.469651435196891,1.7258390204945133,-0.17913209558219403,0.20131502538693166,0.3173016863621343,0.7002718244800238,-0.4288741367647575,-0.20108430979192787,0.4143606921245182,0.47706684455106774,0.3804829666982164,0.18569113354627126,0.3731791251188894,-0.25226373995932955,0.47827768898652673,0.0772960583756703,0.7094147926753741,0.5330148783963834,1.2363098946066098,0.5796247586525667,1.2501449173095849,-0.3508010873798724,1.896094453170402,1.05757876921884,-0.027616124546855178,-0.5120788523837833,-0.032873670210169986,0.10958412092872576,0.8433012091151328,0.5999566666076109,-0.242913742589586,0.7436730436056759,-0.4630016973997295,0.1585262633896277,0.8480416308557426,0.8374847681980111,0.5545841165463121,0.6931080261041219,0.5547221585870168,0.7695228727135617,1.060566632331199,0.7968045917441781,2.0244901828551853,1.11469210827382,1.0770693158381937,0.6860705969052789,1.225240986915804,0.22513872361977105,1.182261662182647,0.8375605038533707,-0.07112410390979904,0.3486064383804465,0.04262119619713794,0.19299024949218213,0.5347031648425424,-0.5911118190318263,-1.4835545820555094,-0.8904843027980277,-0.35658707399112777,0.30180844334019447,0.3930331247135308,-0.9891343166937905,0.09030938028568622,0.8901052497078575,-1.6113138696513893,-0.051998992160041134,-0.06648257139305619,0.11661540518630659,-0.717480771899985,0.008975281328011012,-1.0181428064641196,0.024350470905245693,0.23908535973244893,1.165155714282763,0.22923463827922755,-1.0703306766222063
2.2837005648366313,1.7669984676554347,0.15170485890237628,0.2784974373370052,0.14071942226301265,0.24333309801399067,0.06384263395472042,0.2930209191196991,-0.973409605094536,-0.24730826942660572,1.7167109635700868,1.8064779136586162,0.7571552386401056,1.6374740074312057,0.5024602939301528,1.828360441324176,1.4234005872360722,0.9492629342203103,1.929534787390069,1.7567152981260745,-1.7026190531690462,-0.7015438149534499,0.6312239135645518,0.7169050108040437,-0.2020144116109371,0.4104405159549086,0.5363595933101742,0.5976723289486949,1.7622461958327758,1.057642905364062,0.6755101546190065,0.292664496224994,1.2826509338733265,1.1983516397652656,-0.1793488995438255,-0.4515374542079086,0.24210268263695003,0.8322152462289881,0.8161788599464852,0.35168996821576637,0.9175971486908844,1.700399285962277,-0.017704588642136674,0.4093076709683125,0.4279239747939519,0.8011705077951352,-0.24426180546691764,-0.05816685504308214,0.6904358420487995,0.7327947245166896,0.4793224117441322,0.27700243493095056,0.12678594405976212,-0.4544384396793856,0.44970960214401007,0.027105592165696392,1.2677015342613223,1.1545059322866233,1.7573441940762289,1.041848243260257,1.7290647562264916,0.2204108106605153,2.342268801483049,1.6363045182427254,0.0630614750173415,-0.334027696294372,0.3195746839650147,0.3866877431231559,1.1613561984446812,0.9153899469473301,-0.3016665698203749,0.7383584430232675,0.36264575343514843,0.9624138432647337,1.1475990243237173,1.2751676664397291,1.3499127795619208,1.5826093863376276,0.8559773664388024,1.0226070681076493,1.2210389655325182,1.0354869525658292,1.6109265573414004,1.2172415637863763,1.0977369775140668,1.1575021473742049,1.1562863501981255,0.9947863349579013,0.9161829681950111,0.8989661256459807,-0.20603978195180161,-0.11601731664426992,0.35282429843165874,0.2870302419243432,1.0899104500105534,-0.5833036702279143,-0.6932559115560093,-0.256170828768446,0.09213306008373369,0.4786863632741356,0.6032114774153965,-0.042005079821012745,0.6858622986440224,0.9293546845893779,-1.2802750427728702,0.5727065593962533,-0.25149153072384095,0.27183050385971264,0.18275636270584678,-0.14676708737571853,-0.8276266789781418,0.12144790816659962,0.2606787283103724,1.2504691755765915,0.6361068151514355,-0.8641455866241112
2.5865043830109897,2.1561333742023012,0.09760236749531341,0.9519590775381257,0.024385180911580394,0.3983472899144893,0.10782352598480928,0.7275615554089269,-1.3089966122375973,-0.4993469002933837,1.349541445251737,2.035645169185886,0.3122600040414804,1.8802274796828058,-0.12829748968454469,1.960083252765657,1.6998392002265423,1.1867067919534964,2.2820573759316125,2.0702340119948817,-1.4967734696761479,-0.7560726929658715,0.4856025577360645,1.209232979508347,-0.29523201316755415,0.6068329867601253,0.2944446786028515,0.6196048433073619,2.1321214404875044,1.1745629472190005,1.1049510006181282,1.0701093075450652,1.6741848762925116,1.779847387420008,0.03065157142247906,0.38849656790250003,-0.40359689784505276,0.8968982062151513,0.6366489741196202,0.3494422885468056,0.19338937446235213,1.3210259668460311,0.11117872563975682,0.5308706804788416,0.4653999387818477,0.8157116704215278,-0.09568761840840485,0.03262102019789856,0.9877272678944699,0.9755029190328603,0.61815400847603,0.3899628454937488,-0.13875877293178182,-0.635323649583237,0.3659525660927592,-0.08684125161782262,1.70949230224003,1.6865874441550253,2.1586188122212993,1.5251634155674092,2.0641786041309818,0.8616697177713453,2.6062434263080116,2.1047240582668767,0.07812126920607541,-0.053348201929741955,0.6387062321603667,0.6543400442022655,1.3291616689521824,1.1105594020452187,-0.4543915883015418,0.6057443474517867,0.9570380086068913,1.6373939393912298,1.131089387455046,1.5309093119913806,1.8223622246738562,2.1854396911683596,0.8785518922590406,1.0413102662456175,1.0352625851089052,0.9496258866811111,0.889312653181817,0.9708674137666399,0.930351165685352,1.473657833527438,0.9481119548255602,1.6384930933361914,0.4303568753114462,0.8030204145583993,-0.38776437304177075,-0.6377148664581793,0.5441270722596813,0.17647677532198378,1.5434965319300276,-0.5240134677971162,0.08102337116752475,0.36802854243855293,0.41310430731785064,0.4997947845965281,0.6772630353429829,0.705689125115624,1.079047076307258,0.7457185439768308,-1.0410648192813023,0.968694212940514,-0.5200880973043851,0.3201606019771666,1.1011722516856344,-0.45205756815288983,-0.6910467728656486,0.1385382308537248,0.11115078484612029,1.011476491084235,0.80551142850944,-0.7656754701530449
2.5555962923841804,2.2966685553420976,-0.03442246286370476,1.6178602692641602,-0.142126587864515,0.568887205595321,0.04150855763041501,1.0960685919612023,-1.5922950229035684,-0.6950958514086166,0.7745378507658508,1.9354186447478632,-0.39650138489090275,1.7360534922518933,-0.9208080512203026,1.784711756089409,1.6363349021946023,1.1337578985458314,2.2447199612351203,2.0957197942934864,-1.2386571845089456,-0.8871320579994367,0.12975675785843271,1.439985862532042,-0.4631024779345785,0.6771907936820761,-0.13306665682836413,0.39010011052697624,2.1161912361317627,1.0374343623995534,1.298172153111791,1.633249351761098,1.7605145956000794,2.0599197044906545,0.17076695708061093,1.1405989156564944,-1.1377677505346058,0.7655392405035887,0.2494585344059174,0.30295366752478,-0.5988280056336385,0.6530296626654628,0.15536028592326312,0.5179728221923033,0.39037013268694537,0.7085109048867072,-0.05145651908429219,0.011654788416840842,1.258252218256985,1.1548774939047726,0.7530239341697492,0.49264171850755567,-0.42982468663778456,-0.8066591886944324,0.17662741599374893,-0.30787640328584737,1.9352423315342864,2.0293548869505305,2.3585821207009796,1.9359555309237555,2.182412870524476,1.4387478621670557,2.633204061584383,2.3682893188805445,0.005897252303275493,0.2699033852575825,0.832623070206254,0.8324467496101348,1.2764826043777315,1.1184271874802887,-0.6997994645958016,0.35267155474916695,1.2086310264045832,2.061672702115606,0.8197517311801654,1.5309954126854102,1.8625670393819649,2.3725354321100944,0.5899521711928014,0.8097108824117396,0.49762064826713115,0.5256912176962961,-0.04923544540441981,0.38165926155253793,0.5701232865252963,1.5456146159792925,0.5809607856136361,2.0147963181438393,-0.2487884669836752,0.5179424484621956,-0.605132427339434,-1.1743728925115542,0.5935838614989926,-0.16184182452077264,1.8112269103838887,-0.45653004960629345,0.6584365007268999,0.817939495144186,0.5416619571646424,0.32234179514580474,0.5800126880184742,1.081230576723733,1.188495549585377,0.3657227032549474,-0.9401579905224094,1.0409940589637354,-0.8756368113614736,0.21214965424623278,1.7844767546207332,-0.8971835745131189,-0.6700602886473436,0.03301687898304635,-0.23334316854340348,0.45827244370096104,0.7098945980572288,-0.8291833162994098
2.1779270845074614,2.1495889696510573,-0.23382139813714506,2.127776246779156,-0.392847813284502,0.6772982105919099,-0.14163531019257844,1.2879709477031567,-1.8157006318436504,-0.8614640259815529,0.08211074368951135,1.497492653132648,-1.2654339765502727,1.1956609105841984,-1.7683406561781376,1.2999144269695972,1.2274356503433057,0.7821664042358187,1.8025184387544386,1.8074658271941746,-0.9460285806660416,-1.0754443013615116,-0.41076989587517115,1.3451936505539785,-0.69124563005574,0.593175975602137,-0.6904516211585586,-0.060539427337702956,1.708166567036944,0.6421037890882411,1.2203500506592484,1.8735623793325933,1.5051306961308533,1.9624701468594143,0.22266985134219558,1.6598097143468988,-1.888957330565863,0.42819923507402546,-0.3383936370392906,0.16490198800489675,-1.335880503853801,-0.17240515672387877,0.0704117942897271,0.34266144413101424,0.17226160051935238,0.45523141887242613,-0.1611588188883067,-0.15959700790618642,1.4390246167110186,1.2141079321422368,0.8269405662510143,0.5414926546159015,-0.7545136333631939,-0.9872445550152575,-0.1503650953660077,-0.6645711311209204,1.8818403834071895,2.113669812795699,2.2974551068346694,2.172980484631931,2.0451998115574317,1.8195521319380548,2.412541338792448,2.372822196370134,-0.14874206264231574,0.5589420859606639,0.827939598468484,0.8534558113032173,0.9749525364932708,0.9072604310723089,-0.9869788925817381,0.02904096602564305,1.104680089389381,2.1659710857518983,0.31955284284217256,1.266326306902129,1.4591826852885952,2.1154483576615015,0.02757323107814765,0.3716095292784603,-0.31312562338669264,-0.16329914912274676,-1.0659027061013593,-0.46307610613306605,0.05597537770165353,1.3317908581993403,0.05731910161740817,2.0317140057794174,-1.0537720653491487,0.04080245435429009,-0.8231941460933669,-1.674266257532288,0.5214095276586744,-0.6923435988085449,1.8375736960086138,-0.4177597143982615,0.9167161352298258,0.9794903714850298,0.4713935943455021,-0.04167753404003257,0.3156747783344494,0.9986452204331127,1.0049555319746792,-0.14658079949057004,-0.9605992013913551,0.7739624825613194,-1.2756553688339884,-0.057264277077450104,2.033131935827925,-1.4263366097890182,-0.7837552973189152,-0.1939958230747892,-0.7372138025785399,-0.32629786197852517,0.3808336099320115,-1.0575330627042019
1.5077440119984697,1.7282475252484788,-0.47060628552789224,2.362697048205273,-0.7407442835625149,0.6512188324829454,-0.4111235616874524,1.2337130827667502,-1.9764626012487432,-1.0321638020121882,-0.6079063429335793,0.7861339035698229,-2.1402513477889773,0.3447739028576225,-2.533982178472539,0.5668010271644011,0.5405748329455428,0.1896440681432857,1.028954258012171,1.243675743546815,-0.6234790993214625,-1.2805645065102462,-1.0627064737344,0.9384378256692086,-0.9500497115510308,0.35206350720033336,-1.2908877178178377,-0.6496914509599483,0.9829786145196608,0.0393419099596534,0.8991038205980934,1.75372168633793,0.9449782244218671,1.492655896884163,0.18939735840144445,1.8536055372134483,-2.578999738100326,-0.08507818085248875,-1.0743327155160391,-0.10070283049301354,-1.8989612857449922,-0.9917932873162221,-0.16812722524761586,0.0036909277795103396,-0.2005105121158899,0.05105465268743777,-0.44271341492756383,-0.48880296461640993,1.4647672966036307,1.1035644817350936,0.7839193892828994,0.49298741342706254,-1.1148070899976894,-1.1923564783817269,-0.6166337071924445,-1.1569196225594813,1.5369046527844694,1.914452679355541,1.9513880039278964,2.151376680195218,1.6565775735588824,1.906002576147865,1.9763698449540388,2.113232395207865,-0.3640608148392814,0.7392783095535324,0.5876814251504804,0.6786894756893272,0.4460825148404962,0.48842267346020163,-1.2261387880248662,-0.2835823376726553,0.7258267721974775,1.9423825013948117,-0.21083869132002828,0.7897213266874366,0.6980364994586826,1.4880095960811612,-0.7089873245849635,-0.18326765129465597,-1.2521758281849942,-0.9750598862866918,-2.0046243238786077,-1.4145818345497907,-0.5393962338037551,0.8487699552019242,-0.5938728223593339,1.6642127966129625,-1.8871959275397014,-0.5974874549414281,-0.9934180801828241,-2.0852821055876185,0.3800157364986583,-1.3294363799691853,1.6071770095880793,-0.42953898148847147,0.8153620131611962,0.8134693945247644,0.2479567768293497,-0.530276973254652,-0.07352343320649206,0.47907565469350566,0.5878318192466739,-0.7029649758879356,-1.0324927655676803,0.22879977699778745,-1.642376038017918,-0.4506856759157316,1.7576729888553584,-1.9485164235368932,-1.006973387650954,-0.5017365072614962,-1.3169646140239766,-1.2079626761469902,-0.10247982374187516,-1.4014407163887908
0.653310770139435,1.0946382790953233,-0.7024851337487916,2.2582989309178005,-1.170083392796731,0.4417528096466472,-0.7074972652107357,0.9209345921619081,-2.0721186747824403,-1.2346606071296689,-1.175978384990784,-0.07630971929298502,-2.8521827509016875,-0.6573619229341883,-3.0827093599569695,-0.3051965506441141,-0.2996129137421043,-0.5349868338027794,0.06522732043543142,0.49497108880214696,-0.27126506449326876,-1.4549068131829304,-1.7222080629166872,0.30380373307538727,-1.1991076783882963,-0.020321668748911538,-1.8351930269619443,-1.2615311620428118,0.0757495616899033,-0.6778704403175994,0.4124512901440276,1.3109192936847138,0.1794520537705935,0.7330673429720697,0.09128089879709742,1.6984327413573372,-3.1332562296591124,-0.7081730189504262,-1.8641077358968074,-0.5048922939001016,-2.1981076593922633,-1.6506318263570747,-0.554219797945619,-0.47017739348911336,-0.7111713651788749,-0.4820535630125525,-0.8745284123010668,-0.9482918318238265,1.2861731283889521,0.7971668313023098,0.5856535418231489,0.31786223331057195,-1.4992416414604903,-1.4237534074571443,-1.1874859688624801,-1.7484865262857086,0.9432224322124783,1.4561968713413411,1.342192321491678,1.8267284509641717,1.0635220692629923,1.6589776854596343,1.3893767054636534,1.6316648614723244,-0.6041778431511853,0.7579753934682284,0.12242702032801343,0.308878216024221,-0.2413997411927271,-0.08463168750511206,-1.3149461408128464,-0.49580535183227037,0.21540437134895296,1.4404009208580992,-0.6064376040094503,0.19769076739052158,-0.26057518565503374,0.6434203036337632,-1.4792398877960355,-0.742628724028404,-2.14239001995188,-1.7324477650796302,-2.725966984254348,-2.2962426884221414,-1.1263026285451767,0.16988506673089707,-1.3167525227544439,0.9594977629271262,-2.6391756114871554,-1.3326983261535925,-1.06916002315762,-2.3653091147177965,0.2349535534112554,-1.958459971982056,1.1489361568318857,-0.4945591331763187,0.39912950702852146,0.3613368715117692,-0.04908839691843063,-1.0492152817486688,-0.5173761379391741,-0.35385876489913604,0.04579960472326013,-1.2088120077950217,-1.0589769066073809,-0.47600255869053965,-1.886546339095421,-0.9013061664864981,1.0066548051100814,-2.358757212309315,-1.279484456208251,-0.8254011539553743,-1.8656744235866085,-2.0331163105115464,-0.6334718984118293,-1.7726337382292294
-0.24772362735321557,0.3458843929534081,-0.8848655904853835,1.817988650265616,-1.636009079424404,0.037386806357456955,-0.9588551493969409,0.3961373452746591,-2.0972097306158752,-1.4795406893138712,-1.5329110786041478,-0.9381804425242851,-3.258734263058696,-1.6174324556278545,-3.3141215180313006,-1.1826170026100018,-1.1390042676032208,-1.2568579282566774,-0.9148684019744665,-0.31770428069428047,0.10490385295391627,-1.558236289536759,-2.2791288674070853,-0.4276017301950227,-1.3939444175532787,-0.4715109540961941,-2.2324751801745553,-1.7733560469092144,-0.8509536543295059,-1.3952169722953092,-0.13406208241887235,0.6439516040967556,-0.6536147194495665,-0.1768052698693094,-0.04020119582986719,1.2413683265895932,-3.4909826163708084,-1.3506131638026377,-2.5857884979220205,-1.0251604960945986,-2.1924441860471506,-2.040671939102713,-1.0461570762356651,-1.021589195480819,-1.3095420053700078,-1.092246569709824,-1.3956533001412834,-1.4773999665878743,0.8884063694953543,0.30603320552489016,0.22556603722244142,0.013208716055569995,-1.879317840214596,-1.664025412858988,-1.7946967118014754,-2.367467044454472,0.19180606569861422,0.8091626944580811,0.539455768849592,1.2120689650162437,0.34811814659253454,1.1096014997058208,0.733152734707391,1.006011561305509,-0.8245162781835301,0.5980711624664375,-0.5082864656555074,-0.21378316251639495,-0.9845730349338965,-0.7262308878764459,-1.1724564694663346,-0.539649727565067,-0.26614823426326467,0.7520376484160685,-0.7430641053516346,-0.3971465091986893,-1.219852699750991,-0.2264654393550994,-2.131835259104423,-1.1980448108019577,-2.8147076128787254,-2.266122990107476,-3.1356717134377914,-2.942356339806998,-1.6172669321535953,-0.588534601368296,-2.0330253348934777,0.029337355619618463,-3.2070768963217104,-2.0741866985136186,-1.0215447088236707,-2.4907684504216747,0.14347268265515103,-2.462682693614886,0.5320075857920977,-0.5974238666990462,-0.21764121855663907,-0.2684601312004869,-0.330399962217728,-1.4966547477067567,-0.9340725117197173,-1.3024215565002282,-0.49226865754502414,-1.5814648233705544,-0.9491595636482226,-1.1946876282626684,-1.9362287435071102,-1.3324556236840446,-0.042447429263050715,-2.56392949418094,-1.5229763021879905,-1.097327610157881,-2.282372016723747,-2.6630629884475723,-1.1017640834515563,-2.0670630066670603
-1.0582246384468459,-0.40581493239757155,-0.9807602023181532,1.1111661261640342,-2.0715200336885733,-0.5298540390791601,-1.1006655477378167,-0.24796743436711696,-2.042408949704611,-1.7550527877602682,-1.6422261214698877,-1.6540684917885422,-3.2785157644068974,-2.3549369978507855,-3.186960108269,-1.9353214208479577,-1.8270264639381542,-1.8442414385136132,-1.7448364320005563,-1.0698306541612899,0.4871810494982803,-1.5678889411301469,-2.641527148643835,-1.1104473153034637,-1.493633106460702,-0.9290920193719251,-2.4177133232503274,-2.082490471680959,-1.6428508945572302,-2.0007185580055387,-0.6338963401424511,-0.11136210787570808,-1.4086492607818921,-1.0723344703699014,-0.16872291807897438,0.5873947603894142,-3.6136912561545818,-1.914133557151126,-3.111736268002147,-1.604622139493625,-1.900974611791208,-2.122829888231925,-1.5694565187977048,-1.571477576346518,-1.914275506078883,-1.701228107706455,-1.9151629104769923,-1.9918505353169356,0.30364001964804804,-0.3157526631260755,-0.26448553075701897,-0.3918501903278819,-2.211706973740684,-1.8775882430866822,-2.3479521439074635,-2.9172498005272347,-0.5953597361926942,0.07662167101432367,-0.34684788539423295,0.3821357054157179,-0.38708671895007296,0.3536358086412586,0.08912337770013866,0.33189112842787577,-0.9791747049549412,0.28429360703139844,-1.2050793059280285,-0.8126481594052943,-1.6668302363931542,-1.3352061179481507,-0.7697767214628531,-0.3936992369649142,-0.5874163188915177,-0.009569334528524792,-0.5718534452805071,-0.8946309659828711,-1.990044087932738,-0.9386844031988266,-2.5365067660399006,-1.4679011795518413,-3.1452779523713117,-2.4546110624179707,-3.201085463625919,-3.2327543785680697,-1.9442996766423442,-1.2905713281203717,-2.652017136889589,-0.9694505521982191,-3.5134615719213276,-2.7177974140169128,-0.8506658505989617,-2.4605894696778567,0.13683004342380936,-2.7490712326819917,-0.14574576871280467,-0.7097627960283436,-0.8809511151695435,-0.9291389268645583,-0.5201855308954924,-1.7873008286507681,-1.2490305010968592,-2.1399415850330845,-0.9083222697881247,-1.765097213090277,-0.6480204814298433,-1.7863678365552538,-1.7606611231929723,-1.6774101152128515,-1.1278249136525158,-2.506079941833222,-1.6612309459325745,-1.2665507438720702,-2.497400474479329,-3.0019308515532157,-1.4146633039358423,-2.1915564690420264
-1.6696256667835856,-1.0552123532478097,-0.9679491626993229,0.2573978084876487,-2.400278195381151,-1.1878851425421222,-1.0928678551375994,-0.8956553141042517,-1.8963632241257258,-2.0281146310531137,-1.528922497649671,-2.1179419623327314,-2.9111546605944016,-2.7444827312635307,-2.7290718596438897,-2.4608650699802976,-2.247384248396638,-2.1952838594691237,-2.3002387011706693,-1.6581755910549458,0.8444283511989428,-1.4819257722721728,-2.7540381674351484,-1.6185097491443012,-1.4677272294654327,-1.311383955727488,-2.3625874136589666,-2.127382706163618,-2.1840486902593677,-2.4058021850794034,-1.0023771096246548,-0.8117002402532529,-1.9623940317701962,-1.7990604334833296,-0.2585588542789113,-0.12443978277541873,-3.4898816060701052,-2.310287024227589,-3.3343306081435773,-2.1599602855207913,-1.4002871833699984,-1.9300625530066406,-2.028536121937821,-2.0310869856876494,-2.4236271530205387,-2.2149761795505385,-2.3296616887975743,-2.398888081121325,-0.38742109809403774,-0.9763643168802046,-0.8175436050478214,-0.8393192880579731,-2.4464289049164254,-2.0185226513188637,-2.7529490441375737,-3.2946370133011404,-1.289317449227864,-0.6244786479157477,-1.1831262127234605,-0.5376299994562691,-1.0376798349642875,-0.4699077212176018,-0.4759953799342496,-0.2974956815185229,-1.0290125245762756,-0.12171068099299472,-1.8468351411426516,-1.391254762905966,-2.181236106699762,-1.8149242529044567,-0.14729905055699302,-0.09551023183805411,-0.6791853131886524,-0.732546147731386,-0.132151752210693,-1.2288447366933537,-2.4276154407492254,-1.3615153100124726,-2.6108873532853587,-1.5120992280707999,-3.0806988518458627,-2.251976751111583,-2.952606397666962,-3.1158440070048,-2.071021676863823,-1.8089696222505407,-3.0857045726965593,-1.863514798968947,-3.519044170056365,-3.163131479068606,-0.5885882270293931,-2.2944300257885435,0.2110183727973816,-2.7666567151933514,-0.7753992571345657,-0.7977147756069082,-1.4337729723730759,-1.4713263914611419,-0.57326610978189,-1.869762859249209,-1.4118393454459581,-2.662125956674716,-1.1211263156418716,-1.7390916537340786,-0.15493589157604232,-2.1418894990508837,-1.381337604671373,-1.8937767386419027,-1.9718653256618277,-2.1772759290737773,-1.6387098721887374,-1.31089098746473,-2.486985366115854,-3.012278795673963,-1.5124346133320694,-2.0865595838139175
-2.0217541132965966,-1.5232500513997953,-0.8418013786754109,-0.5998250068789449,-2.552350078211496,-1.8373958308836376,-0.9294030625033236,-1.4357403680199579,-1.6496535662583656,-2.2513967135459234,-1.2722144387449477,-2.2854594834248183,-2.2372064360288126,-2.743143200659916,-2.030540993079297,-2.701253188500281,-2.339778377790112,-2.256752766349301,-2.5206462034317094,-2.0184157494115507,1.136844100316147,-1.3152180487246583,-2.606015681178702,-1.8705425754609981,-1.3010851244260255,-1.540566504518014,-2.0778514070943257,-1.898308876566525,-2.4152964594235398,-2.5596680983133,-1.190603858319391,-1.3338995343315152,-2.2368350848960548,-2.2436029513571003,-0.2790733755010878,-0.7507745955659347,-3.1356094972421156,-2.475655395651925,-3.1899909423737354,-2.5972700572838434,-0.8084184678774395,-1.5507713580927476,-2.3253531884725938,-2.3175177044307165,-2.73361116165926,-2.540405819919656,-2.5454024190799323,-2.6155307943269097,-1.0671855219604276,-1.5623795416682558,-1.3447377597464607,-1.2541725651829498,-2.5391529896464693,-2.0433422197284776,-2.9323894459095454,-3.4119374420102737,-1.7796276650824188,-1.1855117084187872,-1.835889634996992,-1.395795268157087,-1.5161063072527896,-1.2107339077474413,-0.9194173128868939,-0.809051870445109,-0.9489979552944443,-0.5358572552045815,-2.3142986447477076,-1.8525661463195031,-2.451576504443702,-2.092459899288811,0.5877237640212802,0.26355885640342913,-0.546184242047856,-1.324678857924567,0.45956516611449244,-1.378132465263434,-2.4621208705928477,-1.4417394583710565,-2.3365630069338876,-1.3364471087139216,-2.646242088033231,-1.6968783687538012,-2.47149940617892,-2.616122241296969,-1.9979621714716913,-2.0522941166397484,-3.2664870359389186,-2.4959817493176883,-3.228807188144208,-3.3324274816179456,-0.2933078429503373,-2.0259722889531333,0.3279612620535099,-2.5139758984148957,-1.2582791114620917,-0.8303382534130131,-1.7511289529128418,-1.7771101730756973,-0.48281707360948545,-1.7338325670006927,-1.4075131675148616,-2.732606747309177,-1.1023827396825019,-1.5187121430396164,0.4736375568002005,-2.200903612293683,-0.867268777108044,-1.969119568507487,-2.3552303812637945,-1.6226485539248086,-1.4337352311452372,-1.2389122931966678,-2.2741911570577438,-2.7162487548473924,-1.3753362175687809,-1.7391244695533379
-2.1103003050794245,-1.7696206050847458,-0.6135205118754861,-1.3238252105961203,-2.4793338858972476,-2.3715256617062663,-0.6378516298780151,-1.786549947045203,-1.299601270554901,-2.3745800076027246,-0.9839320707835084,-2.1801557760133976,-1.398052238882105,-2.396674757545895,-1.2220524136417745,-2.649542457573967,-2.108364742627875,-2.0314195487865288,-2.415050818115788,-2.132548340240832,1.3248071383821007,-1.0908810384840297,-2.2284380124252037,-1.8432717093948507,-0.9956342202937997,-1.5561432449797175,-1.6075606560459936,-1.435815103088561,-2.337900373374188,-2.45489920411199,-1.1884677005725912,-1.5955454067281083,-2.2107368737314053,-2.353794481546417,-0.2085086787046206,-1.1734276806048383,-2.591399943847941,-2.382202563472667,-2.675890082495772,-2.8328288718081773,-0.25769198824670964,-1.098934679716956,-2.3809576302732007,-2.3699660201752484,-2.7600028677779003,-2.604617562732059,-2.4998304254051864,-2.586300817380121,-1.6043343799919454,-1.962478067843646,-1.75526869768142,-1.5621192677352091,-2.464248539596168,-1.9251709287735397,-2.8450451255481037,-3.2180144174341314,-1.9956746364907383,-1.5262452742736852,-2.1979509928673164,-2.04797592754128,-1.7665876206709763,-1.741860432387826,-1.224996990567921,-1.1613337127204078,-0.7333496790498397,-0.8725048943452838,-2.5143893567277953,-2.1188706344417207,-2.446649233180944,-2.1329701675189368,1.2836943936780043,0.560632810414766,-0.2560894650857188,-1.72462536980587,1.040553993438369,-1.3621585603936395,-2.106226030965441,-1.2112855146298913,-1.7612838461145803,-0.9873047160762242,-1.9363080499680716,-0.9016145644171847,-1.8685370050729513,-1.8259508161385074,-1.760730891697963,-1.985055362950661,-3.163824019885178,-2.7579117097513706,-2.6906789741616284,-3.187468016234375,-0.035517019098417084,-1.6937854323614971,0.42637962798165835,-2.0352011437259554,-1.5272509250379578,-0.7878516646431349,-1.7663048968308404,-1.7848833002781361,-0.2783070046906393,-1.4077203651382013,-1.259567766960188,-2.312385997170888,-0.8806062980470948,-1.1486807722401844,1.137181594566714,-1.9578203888610994,-0.31675088664310225,-1.9175420726701728,-2.1762995064061226,-0.9316091164136465,-1.0639524818812192,-1.0826642568977909,-1.9176954370296686,-2.1839497051450034,-1.0225763143207116,-1.1835282149989774
-1.980965682253463,-1.7964298968105499,-0.3048673866430372,-1.812986498372089,-2.1654401489192097,-2.698109371396729,-0.26990990381042645,-1.9123886256966856,-0.854365310129891,-2.356872330756448,-0.7779706548015223,-1.8826342700854917,-0.5608000478185439,-1.8238446310412444,-0.44404723541930063,-2.34598175386524,-1.6159871259774146,-1.573387311019483,-2.0514007802868557,-2.0259092860213426,1.3793173829404004,-0.8306897959752323,-1.6815675989477505,-1.5696357783878983,-0.5688752188189109,-1.3262716844224,-1.0171103934124248,-0.817984221795095,-2.0046082136900107,-2.124405081666571,-1.018255477986783,-1.5657165392137473,-1.918415758892035,-2.144485146459393,-0.037133741669583366,-1.3225618456767128,-1.9164794423986056,-2.041417743277634,-1.8548282528276938,-2.8140264015973577,0.13729154710001187,-0.6805058945792599,-2.154667477839064,-2.1631124699372046,-2.4590101255658428,-2.3721399083280668,-2.1769987206730046,-2.296406578141373,-1.883241524340755,-2.0928564978638624,-1.9780508405722164,-1.7085779814168403,-2.224632621495181,-1.665112698487682,-2.497942217759612,-2.7131903247086893,-1.9191033930782697,-1.608803609302878,-2.211371850733778,-2.3902185073221736,-1.773179482187722,-1.9882082077184695,-1.3998839985964848,-1.3479772084889057,-0.39726896583300253,-1.0665071612405097,-2.4001021539400127,-2.148189873736296,-2.184978854534562,-1.9462911910651246,1.7818583915402226,0.6751291475589364,0.08863819484689099,-1.905171879797054,1.4436407360410832,-1.2283711887376179,-1.4480640279586192,-0.7730312845313632,-0.9873611821667176,-0.5389581501986032,-1.0904362572611694,-0.024596328307197168,-1.2591934558855427,-0.8844291930040645,-1.4217143467170457,-1.6360179013968736,-2.7949794422667096,-2.611348941349673,-1.9871367755924871,-2.7405988351539734,0.11816229573644045,-1.3328486094117824,0.43918542508579367,-1.4072204532649182,-1.5631278253806289,-0.668429422330826,-1.4830609948933924,-1.5001792947912493,-0.01519790600435865,-0.9478004203196098,-1.0241719520156702,-1.4667488543117022,-0.5326352311539252,-0.6916253710303599,1.7157636954896824,-1.457648970019703,0.16813818946797288,-1.7695995452199622,-1.4795436696412603,-0.21989111728334265,-0.5833154545100591,-0.8848266014352751,-1.4929919385696737,-1.5135448527340138,-0.5049706078295562,-0.4906377850737693
-1.7126177481848974,-1.6427971819804585,0.05865447961157078,-2.0199821407064724,-1.6319803866235079,-2.759411421321817,0.11393357446472623,-1.8279466396262078,-0.33496073082391953,-2.1775796399065834,-0.7386342183376995,-1.5064132516659665,0.12295921955163092,-1.183556219373671,0.1857638378358152,-1.8654020637366626,-0.9665498628821574,-0.9733145683561161,-1.5345810918884468,-1.756006335052039,1.2910744207022016,-0.5479996746951661,-1.0375777258776748,-1.1240567255395089,-0.04984788156402496,-0.8546641304916016,-0.3782158372731493,-0.1402570645399997,-1.5016597921630888,-1.6315579553969046,-0.7227389577891371,-1.2655554125146724,-1.4372827071118104,-1.6888776096552063,0.23057641872654866,-1.1887913592468269,-1.1812103829010823,-1.501835992771864,-0.8459939642604041,-2.5348074341934113,0.3082580049557651,-0.3658950865739516,-1.6558036878957418,-1.7142537103834392,-1.8411652045268943,-1.8555868415547137,-1.6125561881428976,-1.7768896184111045,-1.8321686970145827,-1.9176986518131363,-1.9791722069756568,-1.673433214809354,-1.8550354624940666,-1.2970178508831005,-1.9477995454079926,-1.9538153649611556,-1.5848879980319606,-1.442733565787627,-1.8814796490395824,-2.384132310343511,-1.5595937531388442,-1.942073670867623,-1.4668849189727524,-1.3930562968617586,0.025336078454894165,-1.0904792193810227,-1.981571699473925,-1.9435959821041409,-1.7292627212694973,-1.5842779685238413,1.9584338265537502,0.5249367085339078,0.38595847999109123,-1.8699897438054232,1.5393665106564687,-1.032824825855861,-0.6285455509380525,-0.2704586467465499,-0.1492693558162505,-0.07720064636188816,-0.2611663647409516,0.7666086561526584,-0.7407623832991355,0.051755940988859876,-1.056664794795501,-1.0921868990836088,-2.225691163914847,-2.0979211787121272,-1.220896225993796,-2.056472395190213,0.12127164744885804,-0.9692013707005337,0.3128362364343368,-0.7215437976073864,-1.40116186412666,-0.49168651967538274,-0.9716706589631618,-0.991007203381669,0.24070318002155996,-0.4245229694405167,-0.7764566587646468,-0.3485612954998003,-0.16459532376465918,-0.21417870824549393,2.0997593864920074,-0.7838924321194372,0.5067744777328816,-1.5594824921402954,-0.44467322180236624,0.39346181692041543,-0.07124004001576541,-0.684987265683588,-1.0720182149274229,-0.8087271464149233,0.1061668286269564,0.2498816700538369
-1.3943935829992848,-1.3722485102574302,0.45374657462532614,-1.9575696349613465,-0.9342704567894067,-2.544695687823483,0.46065492979788336,-1.590224824461433,0.22557454260605914,-1.8420337289958988,-0.8962889298200306,-1.167337737762799,0.5539395871258708,-0.6335771603162846,0.5986724148972717,-1.2991535978555846,-0.28049020252548496,-0.3375698734974213,-0.9793132001093569,-1.396826240556809,1.0754571628033893,-0.24558585893484547,-0.3634202894670413,-0.5996274643649778,0.525894075305302,-0.18161926823819025,0.24539416513119075,0.5066331645948687,-0.9275362675649779,-1.0564482134267448,-0.35243846417546615,-0.7601989025967893,-0.8679909983766336,-1.0984412448975092,0.5752341041374126,-0.8219482968587661,-0.4583688201693346,-0.8403385295473624,0.197479137894214,-2.0406144647087796,0.2503636673753964,-0.17578698992019126,-0.944666608415672,-1.081973163744034,-0.9743187129245556,-1.1165587771874372,-0.8867065311426227,-1.0998739130541442,-1.4426852342527179,-1.459173490994174,-1.7702833052665066,-1.4770407693527994,-1.416936565448577,-0.8833837184009856,-1.2902242940614175,-1.044360916018713,-1.0713276579360345,-1.0804732532624604,-1.2779034155987554,-2.066860199247615,-1.1814202405758494,-1.6616869016349745,-1.455060140355719,-1.3403310686831045,0.48780834261009975,-0.9621935381964954,-1.325605628122348,-1.5531323994584791,-1.172037822884638,-1.1292725676634807,1.7602375513953197,0.09466895194096701,0.5652562148507011,-1.6466972603992762,1.2684953944679656,-0.8214924633443262,0.19095397608504777,0.15061284157158575,0.6142934023482635,0.31724123801264204,0.41857918068523614,1.332624643490529,-0.3754726094335067,0.839529322447528,-0.7383407172210966,-0.47913953187256997,-1.5588503931798545,-1.3298244199914486,-0.49672932123090485,-1.242725452046168,-0.040677248645180866,-0.6187147020400325,0.023822229551584313,-0.06541844042089426,-1.1241527356430068,-0.296767378083217,-0.3499978117940471,-0.3694787230271785,0.4305842916024666,0.09198979113857428,-0.5916903512001843,0.8375686145026678,0.11409261244312063,0.22614229101989566,2.217232583800264,-0.0411821008105583,0.6584889560027919,-1.3137034508100354,0.6609345022221186,0.8096598819145633,0.38412710385396975,-0.509281167052268,-0.7067466843993616,-0.1589238531012266,0.7313920562255399,0.9490213860256357
-1.1029742221032637,-1.0563075869097138,0.8622516983657663,-1.689923985213205,-0.15184364260769126,-2.0925929879181733,0.7369828410517291,-1.280624400446563,0.7857913712080214,-1.3813933891364225,-1.2171176068349416,-0.9546215534348236,0.70776749238026,-0.29150079173415067,0.7885568449749982,-0.7358342714175474,0.330466853101174,0.23357595244264612,-0.4848092457717526,-1.0225910890216825,0.7714865912413194,0.08090119255349087,0.2911297195551536,-0.08394993786528818,1.120408899119806,0.620897376613548,0.8079124140764027,1.0545817843395642,-0.3736273896300934,-0.48142786734737325,0.04412643831857425,-0.1446415502428469,-0.3122834556888383,-0.4967301325534349,0.9636134715416108,-0.3173205071976159,0.1860643676395935,-0.1485062285344184,1.1197602983362815,-1.4201674078526478,0.022468325612083534,-0.08310539617212442,-0.12221761344118794,-0.35617784453879464,0.02573901400375367,-0.2560693752030957,-0.106911428552721,-0.3645091095436303,-0.7749448834870554,-0.7942091330067135,-1.4054438764438029,-1.1753049054371816,-0.9857162941577021,-0.5024597490216559,-0.6384416029527382,-0.11784746377039809,-0.48188610641701307,-0.6047274923491144,-0.5215278203481518,-1.5426155033323052,-0.7131102588749152,-1.2533388969211143,-1.3911828484842326,-1.239649647221377,0.939022634681373,-0.7394680737996615,-0.5434400562879699,-1.0599317285892376,-0.6158734950755829,-0.6760196965141563,1.2236617322528225,-0.5526632991487674,0.6052084635930826,-1.2791551950156455,0.6576121986702441,-0.6177903615416388,0.8632842047054002,0.3785103469189109,1.1876444670720008,0.5823387705589727,0.8612892760273432,1.5912394385984756,-0.18208506623266338,1.3764786997921106,-0.5202449605598208,0.0681940052542854,-0.9127333243702853,-0.4644857838383758,0.09756186018725117,-0.4303224463607067,-0.34504076869585215,-0.2893528711718953,-0.4116758682930779,0.49384136803625667,-0.8420566968776964,-0.13389834421850008,0.24587426956390665,0.23566430916236558,0.517669716062428,0.5439659975477313,-0.5252608549840604,1.8813338168657117,0.2184423207249175,0.5903169140199351,2.052165311427519,0.6642481353815092,0.6303574454025836,-1.0447069788433505,1.5538205463786432,0.9699908590663592,0.7053079391974062,-0.3659819489909437,-0.42046886048991433,0.3739227654622747,1.2947172977640593,1.5344006574113453
-0.8858606307658343,-0.7584000933667485,1.2699400160485879,-1.3123013682404328,0.6254523391751978,-1.4826787257277725,0.9342103284541678,-0.9821892944727368,1.3013055100598727,-0.846500548364558,-1.610181065369095,-0.9104741408448134,0.6372042647619949,-0.2076445217886954,0.8091745210507831,-0.24511423034736957,0.7835102436747117,0.663842844805739,-0.11673171735824982,-0.6942712698324296,0.4343589769769275,0.4351197891779021,0.8970643532554206,0.35961182859639274,1.6951417788563512,1.4588481982661494,1.2844974433392014,1.4671391580557702,0.0895649578733707,0.021417653137168355,0.42537722645740134,0.47359341319203857,0.14638516588436262,0.006681497385561404,1.3514405974143833,0.20693259827541882,0.7015575216476424,0.4837021091627671,1.7951378866115475,-0.7850859159687178,-0.269985883693084,-0.029025837392045593,0.6890987907001105,0.3584083011425085,1.0153059844180057,0.6034600827871061,0.6149403195581365,0.32321047006683085,0.05279711979345642,-0.03885243579769049,-0.9671924550187938,-0.8448306986983384,-0.632902904902091,-0.22919741426375934,-0.0965963600661418,0.6913976106063635,0.0764935195211098,-0.11097633186639182,0.2402011683707895,-0.9572296579680734,-0.23304110394950128,-0.8417741616886758,-1.2941424328464377,-1.134154403995651,1.3318737497985713,-0.5034066570046648,0.23089033781459367,-0.5643183712548043,-0.15247970384739842,-0.3109437597359758,0.4709237873401899,-1.2850593653621247,0.5343197920385984,-0.820969484669025,-0.1854686089509952,-0.42005060801079624,1.2849095324496782,0.36155004427133675,1.4988920013243106,0.6834381203200183,1.03851177313438,1.5315759791661314,-0.13684876443782368,1.6183326130093076,-0.4241228671966191,0.437429860510519,-0.3938240771434055,0.3311716717853728,0.5072412285295927,0.2528605289990351,-0.7344490177021786,0.014822456417403937,-0.9372504330244948,0.918286381548545,-0.6622000287850884,-0.05043800084354093,0.6943988002213883,0.7090761179479478,0.4962255532933275,0.8938846525782475,-0.5961316515447128,2.6118084982330023,0.11100503206342197,0.8613686657123978,1.648711890170859,1.2427559442988128,0.47315808659557823,-0.7512014840286786,2.0104416448585853,0.8681224953522992,0.843309821647199,-0.24752991395088347,-0.208032254198647,0.7602255181823,1.7329545890441573,1.9593367971882327
-0.754542657760014,-0.5218980091679707,1.6615736325013104,-0.9249725443481689,1.3119921782373707,-0.8183420106106017,1.0644352993926811,-0.7580806558901457,1.7306705849405002,-0.297639304628977,-1.950314864031779,-1.0224687097150857,0.45322893016896765,-0.35617894104482134,0.7554762302160299,0.13198291943460178,1.0359841797236675,0.9114857444373146,0.10041707158633781,-0.4509245656733498,0.12308684698126601,0.8107908755745471,1.4409551783281827,0.7004156928114579,2.2100812549082587,2.2282906518605095,1.667015957146932,1.737793764128373,0.4192287917326082,0.39923506151576427,0.7571806718163444,0.9922353758152467,0.45558149023659933,0.33653384254646945,1.6875854928387732,0.6356507806719898,1.0596579996931454,0.9837427095534915,2.1540337760973185,-0.2423254375568642,-0.5048001495574103,0.05297289634314028,1.3686936422207145,0.9614428118262299,1.8489418468540426,1.340392325772996,1.1846773233355279,0.8717050315036217,0.8878820999165226,0.6757029100167857,-0.5457280736449053,-0.5622075996316369,-0.40810338258459455,-0.11479863963966566,0.26524096136645997,1.2761863753112224,0.513533953427486,0.31082988003802026,0.8640781677826685,-0.46174806542952684,0.189989576792287,-0.5366573666236047,-1.173355563509532,-1.051355400320255,1.629759138674569,-0.33441426917059003,0.8669789594265931,-0.16170553546575803,0.15474079906735538,-0.09352795441866496,-0.3165987051034951,-1.9308231233476996,0.41549061240264423,-0.33071791923770805,-1.0951396982087236,-0.20946693317320061,1.4135919634213174,0.11733867819323787,1.5302528574839165,0.6163280224846447,0.9801530838368607,1.2109346503669243,-0.1831066417030901,1.5833169320657425,-0.4346918491306827,0.5652931270699137,-0.07145345918045357,0.9178062174149316,0.7200513479620408,0.7093453844566241,-1.126368363259974,0.2899216609393617,-1.4651587296754482,1.200916801610153,-0.6578120660772749,-0.07504233624444646,0.9166153907307545,0.9742347580748272,0.39193438944612546,1.1273844606920866,-0.7784282449541061,2.930957804642821,-0.1859799043432413,1.0415636476765986,1.0999301085324322,1.6346875461376773,0.2669659620290049,-0.4249262203763811,1.9264507386421705,0.5520624251097203,0.7893518873295393,-0.13749771724482146,-0.043802217474060254,0.99962939028756,2.001918090503142,2.204043777169311
-0.6885421539501854,-0.3649093045183229,2.0143417647220634,-0.6088337279659711,1.8382480026033226,-0.20520612220674406,1.1498778984983091,-0.636954418267025,2.0401475824903876,0.20683278841542105,-2.1109753357175998,-1.2293800933746246,0.29016574120704913,-0.6459075397531385,0.7334528006251051,0.38474385028302865,1.0863608070888593,0.9712042046110544,0.18018102361235896,-0.30662064923703924,-0.11351967494963688,1.184717236841046,1.9136042952315369,0.937287988740556,2.621536730486863,2.827990671381552,1.9545701919918053,1.879295937090146,0.6004936712091105,0.6231992770557037,1.0108134109891003,1.3300019954808306,0.5980945226063851,0.4626615604556694,1.9193494687632884,0.8799814853129355,1.2570338005661033,1.3081384837336236,2.1951155948562198,0.1327576556063306,-0.5770227399754241,0.21284294202200746,1.8197524120108495,1.3743428695416031,2.4057724706406467,1.855047432943276,1.541586694220707,1.2206771563693806,1.5742825072761697,1.229321463105964,-0.21711995922870456,-0.3834089467989372,-0.325714527086074,-0.170599095420417,0.4272165927851764,1.5788410845499936,0.7699956217356053,0.5915235155921492,1.2407655576637242,-0.17433186610682772,0.5062244381464736,-0.4041012324982614,-1.031053771991364,-0.9998232880762458,1.8095788385180234,-0.2878792967068373,1.2634911032614842,0.0785946015200809,0.28100613291032533,-0.04427365679721954,-0.9419227536333575,-2.3208616633519563,0.32061596959821864,0.13180905749874416,-1.884644721639166,0.03455282128725135,1.2708348585262599,-0.27602181445778257,1.3164567296207736,0.40523020480455935,0.7607002451365054,0.7361740158247005,-0.24733996024436436,1.342649562836054,-0.5037237278607996,0.4518396123899903,0.038568830109137836,1.2125393785016108,0.7663220828448634,0.89347454583905,-1.4282703847095282,0.5302299565240596,-1.8930752297215585,1.3595754370409476,-0.8441542994212317,-0.2052574307287846,0.8924292018974866,1.00817643044085,0.2531363463186021,1.251134556600845,-1.0046283749730454,2.8281973890472485,-0.5937990466263949,1.1446102222970873,0.523557563198675,1.8163897990918403,0.09992342847925213,-0.06148999862322463,1.3426153649264276,0.11465143192484857,0.5770190367257189,-0.019651210114731005,0.10580424296045658,1.1120257989238471,2.079128999752249,2.270400862221013
-0.6482699815287359,-0.2825474651679166,2.2929058839469034,-0.4093381015268869,2.1579148562086727,0.26957237355608077,1.2092100118677198,-0.6090437671456673,2.206425667985108,0.6198785331002328,-1.998353724012743,-1.4382103965539739,0.2647046582932599,-0.9471850386211834,0.8264480638007279,0.5268827016209725,0.9662007950287631,0.8682873850441819,0.16251924853370822,-0.2526694414735204,-0.2486309851183714,1.515186782660291,2.2974651146728577,1.0858768079757457,2.880947673977511,3.171015776912063,2.1428480803689873,1.9088347203916043,0.6417032366803125,0.6892143815263185,1.1606894930407552,1.4380161106313734,0.5878921894717599,0.3998140595993637,1.998650062798278,0.893356492225488,1.313826529197761,1.446981942966693,1.9799995865628752,0.3144526654965258,-0.42761410709748726,0.46664956495459814,1.9848777738626433,1.5520018811714518,2.610102930579404,2.0852091314420647,1.6643693033778988,1.3493951867893574,1.9835016819849116,1.5350645781579815,-0.02668470602766813,-0.32939694908848727,-0.3605313665821788,-0.36141870176517243,0.4221187587714895,1.6015582138896889,0.8238018684964264,0.6921145494807193,1.3161544515171215,-0.15059465275896428,0.6889372071815988,-0.45105261138868674,-0.8672737014228765,-0.97166338028985,1.8611481196501847,-0.3768604515159623,1.366998636336935,0.12839135814505598,0.24130248602084875,-0.14228793372934997,-1.2419901405408438,-2.333079671071738,0.3036565377653096,0.5095446905568217,-2.387360318860218,0.31749089199083647,0.9293876734561766,-0.7037864843572368,0.9323993093867038,0.09686855074229017,0.47655050981528463,0.23513113293529822,-0.2582341092268013,0.9995792998375411,-0.5632183744478161,0.1583782892280346,-0.023493615344395175,1.20245757562315,0.7092810936017527,0.8210945079038188,-1.5559024766600795,0.7283725491854933,-2.1256106740599114,1.4252362648029762,-1.1701935500268419,-0.4036128709595325,0.6610882135509745,0.8421170730515461,0.13506662570471037,1.2865120780273158,-1.1812213800706337,2.3737000233618417,-0.9963909772796959,1.1857127657784567,0.03129631606540657,1.7980272608290835,0.045134298549244514,0.3285694399282669,0.43015462473096805,-0.32614644056320863,0.2736857887401054,0.11410649915604366,0.26926854866446714,1.1259497262346612,1.9632039988469059,2.173409556918402
-0.5923040435880408,-0.2553606347890936,2.449357854517763,-0.3325668191844703,2.2499493575437057,0.5521964866384163,1.2459472000623053,-0.6337828781399435,2.217283311674628,0.9110492158053816,-1.5777112454335185,-1.5480823034598123,0.4405931897067921,-1.127698372661126,1.0674312290371863,0.5855105314003597,0.7262500331915013,0.6474564892950768,0.09755027956950924,-0.264146414652785,-0.2836919389485067,1.7470850393485633,2.5585143517932076,1.162009069556083,2.937338880435349,3.1947091531276985,2.21691311748338,1.8351559083855784,0.5666493377403836,0.6149047809044486,1.1835938273600142,1.3050488708649286,0.4599642707658025,0.19760142284572663,1.8888644687899412,0.677380374603537,1.2671950213446477,1.4200460955768086,1.611970789319164,0.3300129543451593,-0.059334190487887094,0.7906810296233343,1.8525969099004764,1.486728861709624,2.4422417722443703,2.0130973803615535,1.5671901258213012,1.274789939957125,2.0383155889558617,1.5524881328392692,0.01799802896966077,-0.38222714671728475,-0.4540783225602318,-0.6113003275091576,0.3231668301763433,1.4020567267843607,0.6876177513846571,0.606106601017246,1.0994660024654002,-0.3706297638545078,0.7329065172984939,-0.626900656184023,-0.6857223729011114,-0.9494868130653955,1.7843593867314291,-0.5672445837192371,1.1800923047476266,0.005464021031613861,0.08245923804187555,-0.33320989274177737,-1.1300819851885076,-1.9268270664209703,0.3805039514982411,0.7531135860682979,-2.493244227148188,0.6180421096229344,0.48986337173575795,-1.0467591368093534,0.47336293257777634,-0.24820368879670296,0.22033037162896385,-0.17448315052066152,-0.16469098215613734,0.6620818307635055,-0.544677788584708,-0.21058075113020636,-0.17348705197489392,0.9399798768875209,0.627624676862605,0.5643449464580985,-1.4513972691129413,0.8770757307956925,-2.0963808633519405,1.4284138126948864,-1.529649238824076,-0.6049197073495152,0.3061476498872666,0.5482678264613455,0.08157697236261177,1.2608674216475326,-1.2140774186794208,1.6937345900303928,-1.2710973116209965,1.172957778357475,-0.2996300658293477,1.6145947444970716,0.14120634772278934,0.712781290494539,-0.5600076717132506,-0.6533532908786723,-0.03693056693967601,0.25950151274026706,0.4601933255831002,1.0678858112256198,1.6706111688173666,1.9329564884818462
-0.49368178874641744,-0.2609175698564472,2.4301009480015647,-0.3532816292205819,2.116764953916611,0.6281836326240541,1.243446009765219,-0.6564541184366848,2.071054445473774,1.067146933400862,-0.8849737891405846,-1.4756403889799192,0.8093097255494824,-1.087967615340867,1.425654223874481,0.5885596252860422,0.420744893825609,0.35962763036616485,0.02921775632149276,-0.30915687607993025,-0.24762193836195762,1.8227514583502173,2.647026539808152,1.1677196326414443,2.744979052530361,2.868953937866587,2.150932462710337,1.6527781595881317,0.40569064167949065,0.43349604668425584,1.0601749752258585,0.9556802851824253,0.2573456967781242,-0.07624310892263728,1.5717977409569999,0.2773073695442476,1.1611804473382035,1.2657568530461376,1.2048565891571281,0.24699392082105967,0.46349830233433553,1.1278113091033461,1.4544139819123432,1.2044419413854528,1.9380621670313916,1.6632889874179562,1.2886566657970138,1.0407798855921346,1.7245220502268568,1.2899583864053084,-0.05703718179693111,-0.4928269041927191,-0.5305036560590549,-0.8212318963105371,0.22059166291540777,1.075868835472507,0.3996197791812053,0.35520384253148163,0.6565069674557994,-0.7466948221371721,0.6486863648888889,-0.841771160815136,-0.4985135827994149,-0.9155703252748842,1.5862366087736481,-0.787164463510993,0.7572145549086609,-0.233264048879414,-0.13164459030338388,-0.5455151273830392,-0.6193370216941653,-1.1575095237782496,0.5216698502284162,0.8268364023742993,-2.1722187579831154,0.8868594209152966,0.05313028941397403,-1.2132401901443362,0.032501893143584454,-0.5660545338647218,0.058340185068918624,-0.4113171454619052,0.051194311247264306,0.4158953692465646,-0.39939824713994193,-0.5366998246263908,-0.30702817587649894,0.522453791920677,0.5945944753007499,0.23223398539654602,-1.0975334509083177,0.9714155577982887,-1.7857610354557945,1.388130941385877,-1.7894513169269497,-0.7337553161896397,-0.07041567124510874,0.2169094789554438,0.10999326792595962,1.1988608007864123,-1.03724727855815,0.9358846258929516,-1.3227284544374782,1.1030879630966037,-0.44422764549404,1.3133644583481148,0.38147030836939133,1.0372388755188495,-1.3690874206482728,-0.777765866015931,-0.2765059628674087,0.4006438683145482,0.6733579853494879,0.9554214260579444,1.2308946094841027,1.5687680640352824
-0.35033149759698645,-0.28470186129712516,2.1892744254273975,-0.4309979515892903,1.7806156610172579,0.5189194033378545,1.168955262792588,-0.6285627178003513,1.7761494302527256,1.0894890936059929,-0.020528548396833626,-1.1764458618006073,1.2924810791772865,-0.7877304243014198,1.8124100307085318,0.5544853530529408,0.0939482064240184,0.049791537324213486,-0.016980946336483803,-0.35881661922452673,-0.18925451522111808,1.6957636944017729,2.508742417925088,1.085636216762051,2.2757304385785364,2.202490329140066,1.915838752392041,1.3456783098818026,0.18758499429756884,0.18556813086879245,0.778538994007526,0.44199481923255757,0.01893550756050609,-0.35475683896076793,1.0537914020249421,-0.23089676172938622,1.035202077687264,1.0266409310341542,0.8511343011199832,0.14854437727333739,1.0302767107505186,1.4034774939319261,0.8544009282688142,0.7550721462781671,1.1785577679520765,1.0933043183617295,0.8782358393705333,0.7027157726515223,1.0891245231670297,0.7968010120917539,-0.20542463847811518,-0.5981115334135897,-0.5180438532870641,-0.8948966662493083,0.19380002497435592,0.7302551861659586,0.010658978789937877,-0.01967965227257084,0.09029003822066722,-1.1498189393956018,0.4550809160348631,-0.9959655191996595,-0.32804674512934323,-0.8604337945570926,1.2797671015842167,-0.9481253658980664,0.18965739582114785,-0.5085499330269342,-0.3379225793385246,-0.7109390125621845,0.17970198603394588,-0.16641272854415495,0.660091028373101,0.7148557652377481,-1.4793686150293348,1.057255281545456,-0.304100780073207,-1.1625077056926858,-0.3192912804677584,-0.80063777684686,0.01619209670807739,-0.44607363888665774,0.3692156023123382,0.3045533523860869,-0.1140567072206776,-0.7206873905401762,-0.32824383694812814,0.06254632615989406,0.658902121132481,-0.05836112047222525,-0.5246554728025129,1.0104861775071796,-1.2295989016430569,1.3071914269166534,-1.8280143097859103,-0.7273891596148848,-0.3772151728615486,-0.06956327594329388,0.20413367891811293,1.1163992884616636,-0.6368429252244263,0.23418589949860066,-1.1110878892132485,0.9633321279331268,-0.4315364965695601,0.9418091301387704,0.7151352847990035,1.2360449599936452,-1.8023583101515988,-0.6590513662669513,-0.3921003052010411,0.515423715456569,0.8873453663682722,0.7958396305923918,0.6817078896192371,1.099821519718258
-0.18663710208860826,-0.32668265490959797,1.705632945030539,-0.5277560707357389,1.2799678353193151,0.27102560647484447,0.9860790313911408,-0.5253752419641329,1.3515732099502469,0.989978908621679,0.8731624284280493,-0.6575916779655635,1.7654236074228775,-0.2567471032353983,2.1051745955134167,0.48724632792379835,-0.22793373219232893,-0.25138151445489343,-0.039380672084863254,-0.3956348542690173,-0.16500855672841888,1.344052817128315,2.104113414050338,0.8844233391381572,1.5332201597766968,1.24641119756749,1.492868939445541,0.8991592803443057,-0.06627396250520902,-0.08976907838684338,0.3391678607090865,-0.16887655011560718,-0.2287994526775804,-0.5879890332577977,0.3695672486941493,-0.7582621552337948,0.9142222716389031,0.7361715251760718,0.598585096778131,0.10459926353972737,1.5098911771082562,1.5462600627880219,0.1348411194090934,0.20039018820086338,0.2727952120573478,0.3801826017551069,0.3846807632309611,0.31206551953800765,0.22684158420262596,0.14864520215084054,-0.3781353587695148,-0.6421874719227432,-0.370214188360669,-0.765779106266248,0.28727944052888504,0.4568655125425987,-0.42836157269560055,-0.46924980780910436,-0.4855570555574703,-1.4479975385012998,0.1727156475920959,-1.011490836649784,-0.20495337195203983,-0.7882192051124314,0.8851664013285246,-0.9716604666153649,-0.41616854493470573,-0.7410395755869824,-0.490385764640202,-0.7834765005057684,1.087542319589561,0.8526406758557622,0.7119986240236829,0.4258378889229547,-0.5411815326530972,1.0648888354130976,-0.5443305221104976,-0.9140442438726695,-0.5466602326922934,-0.9144944969441945,0.07563529306417473,-0.3038389529533078,0.7354686992096419,0.32135601840339295,0.28303008811712205,-0.7097239715648681,-0.17596870710857213,-0.3419310202799517,0.8324513138544871,-0.21368786640324877,0.1921426349730048,0.9978851913081322,-0.5155321819266133,1.1754072238130078,-1.5722164863264645,-0.5570160751148466,-0.5571341534199636,-0.2582176395374314,0.3181483228906304,1.0188432070755913,-0.06200970487019977,-0.31667549252852967,-0.6637155971539307,0.7388839845346119,-0.3303235301573137,0.5394618541679197,1.0606937474153961,1.2483296250710596,-1.7803790753029654,-0.3157049496670918,-0.3687626024442225,0.5836523423369013,1.0724747493933027,0.5899309746485071,0.06490454932972402,0.5475729725209236
-0.04578315464094233,-0.4011703553342192,0.9977358312568523,-0.6211320993801934,0.6666582300459234,-0.057423113052814015,0.6718809409101266,-0.35482870078368745,0.8284802705449343,0.788106136340063,1.6443190602095492,0.021562970040540634,2.0948371679127074,0.4125310503867794,2.183860038879257,0.37792461241615033,-0.5377752070066436,-0.5305407800824781,-0.0577100465188949,-0.4180672092919343,-0.2247738620985184,0.7791005785813674,1.429862709941162,0.5339502390262051,0.5642269000571949,0.09332312397662622,0.8884011751863833,0.3153736579864581,-0.34386782016288747,-0.3622313254776113,-0.2399766049143914,-0.8078633069650843,-0.47437418844866613,-0.7526287513077916,-0.4177896858573566,-1.221068709258692,0.8035607605577708,0.4116208654979482,0.44224197008822663,0.14841858315703105,1.780803205906244,1.5072709792051542,-0.6181419723217693,-0.39721269497588374,-0.6612943694087091,-0.39304694564538717,-0.15031459315014867,-0.09389140921215089,-0.7404741750781906,-0.569204880016516,-0.5393990003471434,-0.5949510704260488,-0.08063569315349683,-0.4179965653912325,0.4973581413893525,0.3103881688522895,-0.8754348809067484,-0.9453900844575679,-0.9733913808955119,-1.5448566207026366,-0.17883989902088668,-0.855873918765559,-0.16198050345087506,-0.7170086459852043,0.43258316313402384,-0.8135752492053168,-0.9615481944197954,-0.8725313484527489,-0.5706300770239903,-0.7515792598966359,1.9027120174740784,1.7015886734104608,0.604849513543258,-0.005414745588709595,0.4733885257893411,0.8699201969508327,-0.6716954452563099,-0.54054058701195,-0.6533362435187117,-0.896882073809992,0.1829404969209786,-0.05342167377393169,1.075196402711059,0.41518789851878773,0.7270447991645337,-0.511750011229939,0.15934403812992504,-0.6305847613919916,1.0880080282518012,-0.18755715905278372,0.9459397992672128,0.9410102769040563,0.23368325257431785,0.9795013965955555,-1.0219256737330389,-0.24006810448602878,-0.5990750882020771,-0.33683336133663466,0.3904783890632174,0.9035863382970065,0.5819657983299329,-0.6726572901432717,-0.06987020035625302,0.42342461082108196,-0.22377859754778093,0.13537652794553803,1.3283691828257351,1.0385098929796195,-1.3552329835545582,0.1791261857026867,-0.2312806621385829,0.5949967695889267,1.2011099256431228,0.3390237629461884,-0.5756045518665263,-0.05915576179774293
0.02477909104474421,-0.5295722787720339,0.1317180815175023,-0.7081522284405584,0.0034288871006742955,-0.40942547709905114,0.23271987458872165,-0.15471682251599272,0.25166533868087493,0.5099430349534838,2.1665821632630067,0.7611628767474903,2.17932429946363,1.0884662070807416,1.9689602307430127,0.21233451895909025,-0.8416353987258197,-0.7887854475131353,-0.1038671254588079,-0.43965716798579213,-0.3991288128454378,0.04909098787844106,0.5352233500082918,0.02507668176587392,-0.5376720099572745,-1.1294665133376867,0.14447428194554027,-0.3736828747893682,-0.6401772118753554,-0.6141650163779142,-0.9195182716580964,-1.4140849958786708,-0.7178672345959004,-0.852851664874506,-1.2220482781269737,-1.5559257420156694,0.6903123828931942,0.05557471417913684,0.3337565200519122,0.26635378876294896,1.759151196223212,1.2734379825693385,-1.325774728356361,-0.9821852792730296,-1.5141359528191778,-1.1477319399730537,-0.6922564636415349,-0.49445335160215337,-1.6858224768821053,-1.275633840202063,-0.6754040593232828,-0.46198464515625903,0.31303741510675404,0.10551385868855265,0.7737751269022745,0.29858071837377487,-1.3005753955613686,-1.4069269638488586,-1.3111754286868647,-1.4071085123987892,-0.5793667293282093,-0.5508754630756711,-0.2247961416476418,-0.6734913469096725,-0.03606402261103594,-0.478519702237688,-1.3737826297008677,-0.8801392362074406,-0.5896483548457737,-0.6398743673515426,2.4540846081577037,2.228400194658114,0.3038874593759515,-0.5206569662120045,1.3897285997591862,0.47398675738105916,-0.7221993871666548,-0.14688757360538032,-0.6753848874371992,-0.7669587305129573,0.26658229256555555,0.21309256602315377,1.3111600015683171,0.508524947773854,1.132053438929498,-0.19230216945882084,0.6322012706199572,-0.7897888239354431,1.3673017899656457,0.007847120392039513,1.6188378945230437,0.849616113463619,0.8868059694349243,0.7156676292615942,-0.2545144737700042,0.16116373472536139,-0.5350475677487307,-0.3320791182977181,0.36396676103835374,0.7654759861126752,1.1583038041428588,-0.8368112504395331,0.5427101300701397,0.028600529392928065,-0.18182818671234882,-0.24946383598374713,1.445381964490896,0.6133960735507604,-0.6881678214517302,0.7154289116821335,-0.034845785448445354,0.5536174429109108,1.2566512557667069,0.052113753429145315,-1.194407850837515,-0.6804159318703958
-0.009623770142155909,-0.7280011525964777,-0.7827625937357507,-0.799409075007533,-0.6394034734932511,-0.7370969955558049,-0.2874206071213847,0.021045232761301255,-0.3209609302076375,0.18865375810796753,2.367066324449807,1.4428131037354797,1.9804633365821902,1.6338682626910523,1.450317323373536,-0.017908698034313646,-1.147942248136449,-1.033860261548931,-0.2085949298146568,-0.48248220042598655,-0.690370124332251,-0.7646878408892502,-0.4742707186412471,-0.6132810974677667,-1.6397381874250863,-2.273695164715246,-0.6597053262811678,-1.1013648001509397,-0.9509261597583951,-0.839461746347825,-1.6373747732869903,-1.9395497088976064,-0.9629978264423757,-0.912587679210286,-1.9447070768267511,-1.7291502919615998,0.5514529350859715,-0.3343042975742486,0.204955538846212,0.4045078228949105,1.419705720387456,0.8719277638261016,-1.9230709899628062,-1.5083299562731924,-2.197030862471633,-1.8152474958539861,-1.2092394301193634,-0.8799178657330007,-2.495536742606368,-1.9017728122617232,-0.7928886982047032,-0.28226411608696106,0.7376342304503751,0.7105760727817384,1.0356415807865367,0.3858182605540484,-1.6829712998293744,-1.8205102829618924,-1.4803779296146513,-1.0722969974105807,-1.0027676408984163,-0.16368923792531423,-0.40181226223156313,-0.6830345624826492,-0.468726867847532,-0.020536572622272858,-1.6160752739370596,-0.7793151103469917,-0.5804223026884079,-0.49963852957086474,2.6435677751847715,2.365053989529486,-0.17112396433057991,-1.0455196238573563,2.0633778666017455,-0.07392628090274529,-0.7456338132017187,0.15912180249021846,-0.6660551301509935,-0.570088955700211,0.2598158819292437,0.4054469380675359,1.383319902563027,0.5228250483767563,1.4125990004275344,0.1457024274214602,1.1528874883516202,-0.8470895574685758,1.5972892593483443,0.30814036037777837,2.1062355430897837,0.734241549180006,1.3343264913205914,0.39935830509944475,0.5921252864456299,0.5550174456937575,-0.4244936599651168,-0.29585466304587527,0.20602462164748944,0.6025704583300441,1.5353440519589134,-0.8451434043257167,1.0416421819751862,-0.41162638620585756,-0.240047904441462,-0.5972964904994278,1.3765004288671276,0.029612794585548545,0.0033939086185100983,1.1734927542455027,0.1523440870344274,0.47741391219490736,1.2380278177954183,-0.2500061794053658,-1.7446375891473884,-1.2648474625082569
-0.15655692348696523,-0.9937733805832701,-1.6097106570307427,-0.9065433616676554,-1.18947776944982,-1.0043043889437384,-0.81049692534296,0.12237821981646176,-0.822894939918401,-0.13531711011425268,2.2410313445491292,1.956582576739406,1.535021927436724,1.9410331852751768,0.697521899720013,-0.30466885315387876,-1.4552901647105032,-1.269784817238958,-0.38777091397252483,-0.5664027917473629,-1.0688239005775821,-1.557597491623078,-1.4495009000937318,-1.3070340166596088,-2.5895806465680598,-3.1903242469062816,-1.417318338061445,-1.7728684207018124,-1.2643783665443298,-1.03777532725227,-2.3115515179245185,-2.348178636464725,-1.2075199432401136,-0.9618509274075614,-2.490510385108501,-1.7393034244871761,0.3664836987917111,-0.7509297934060418,-0.0021355529487238557,0.4903551775833297,0.8059497971560262,0.36554828065137723,-2.360901171695015,-1.937211812852907,-2.6492333611639185,-2.3385668219485867,-1.665900669123413,-1.240949910621769,-3.081566139825312,-2.392934153178841,-0.9084986582853374,-0.11413340104257319,1.1033739694827744,1.273862948545927,1.1970657149712853,0.5085427787564593,-2.004184399330871,-2.157466600231911,-1.5010932902332736,-0.6344960682778217,-1.4114120600155524,0.21585025410378914,-0.6759685917766999,-0.7579399035333324,-0.8099071268873717,0.4705443884088504,-1.687682419923489,-0.6151508388734518,-0.5834332962123239,-0.3906435446726454,2.4670689111409274,2.1419507201688694,-0.7448532882701849,-1.5006685203850578,2.4067337006067135,-0.6848867362826826,-0.7852319447912413,0.2966096283974841,-0.676322384407924,-0.36682116526959196,0.12248107119843638,0.4590834563621202,1.265255400498286,0.4045256612256099,1.5058247767683735,0.3939088729702674,1.6097518716586792,-0.8531849754593505,1.7102367353567056,0.618201270229848,2.338727956256021,0.6049890377761071,1.5141263769193882,0.06758292769929378,1.3531510414605517,0.8457603984062053,-0.33163921706421734,-0.2846096857461492,-0.0775467684028291,0.41987805508091836,1.6248431334414872,-0.7486031778518137,1.3245810496290504,-0.8441402893985094,-0.39132871333907604,-0.8894120904753058,1.1335447457673589,-0.6129062684415012,0.51263241568577,1.4534737921021188,0.269266344025608,0.3917279393669698,1.1582045274746677,-0.5355158098167583,-2.179040368196578,-1.7539553236440644
-0.3895551217237089,-1.295979413757534,-2.2143204295308014,-1.0289361828592225,-1.5807391119715823,-1.1854459988320325,-1.2405507532958207,0.12199750273685525,-1.1884853090065093,-0.4167033141873137,1.8500163113754482,2.2260660011016418,0.9447282687695037,1.9588792852733177,-0.15198128449766227,-0.6170396191586831,-1.7431768136331078,-1.4873805528141184,-0.6322697154067013,-0.6973927498520879,-1.4750204825023034,-2.216105013237989,-2.226135758758893,-1.9444267995557132,-3.24342472992099,-3.753742871871406,-2.0131091424169854,-2.2824465159623433,-1.554387699597707,-1.2061520843105022,-2.8481398066406802,-2.611400492447504,-1.4354552681732373,-1.0216655978350815,-2.784874463443124,-1.6130292722182578,0.13058828849267373,-1.1648532077010592,-0.30872742569634726,0.4621629037307955,0.026949074977591494,-0.15894991018137586,-2.6056456345032877,-2.2350368896225112,-2.8405314543615945,-2.672169850663626,-2.0199368645461035,-1.5578845700715622,-3.3875174754487847,-2.706796230611422,-1.0334617828619432,-0.014044984916370717,1.327962902436304,1.6739455383250295,1.194754662752848,0.5977314091910519,-2.24107602986581,-2.3893156446203445,-1.4172847863269997,-0.21284492005866026,-1.7541895253945747,0.5037305983457036,-1.001670180872806,-0.8879442460012645,-1.0117844859301055,0.8927995016709104,-1.615802884793664,-0.4451035595164335,-0.6295521710081351,-0.3598616539157809,2.008481197062988,1.674186585210094,-1.302277980158253,-1.8149880725356862,2.401346194561544,-1.2485983767257611,-0.8613808365959889,0.2340450293268774,-0.7365778719234546,-0.21637091728050353,-0.14375141446314246,0.3522443874732828,0.9733416183675562,0.14450325398601255,1.3884572495523264,0.4730439135596508,1.897390452297388,-0.8576830685906375,1.6623965133895797,0.8423779200531886,2.2961075517680647,0.4708472563834575,1.4251619734961674,-0.2281847257893514,1.8774046957433435,0.9610781405021461,-0.30352880992238795,-0.33845149535881064,-0.43979804034574016,0.22986102613175471,1.4100632249706673,-0.5976284810194276,1.344844932170676,-1.206908580007462,-0.5916782068569687,-1.1050235856878445,0.7710766750691148,-1.1913299211173078,0.7035624210635061,1.499521021084791,0.279166550013573,0.319615234409345,1.0375659596565665,-0.7672197451602322,-2.4533668841660234,-2.0904168301396635
-0.6514511635402079,-1.5748741148153291,-2.4942447257188833,-1.1458780013571737,-1.763930864037472,-1.2634646940673917,-1.4886459909324756,0.026156653044092204,-1.3662502349623462,-0.6120438850467892,1.3043727185657952,2.224517133984146,0.34696989031190045,1.704717812241996,-0.9246182024789381,-0.9027997176607103,-1.9696613653004136,-1.6594507418054432,-0.9047504424370082,-0.8592764746514302,-1.827772240762067,-2.635114298212661,-2.6624811290714683,-2.3984201070339033,-3.4968000696502513,-3.885748921691153,-2.3476302935646594,-2.5372086206353974,-1.7783668555441008,-1.3317280454811535,-3.15480683597301,-2.70422798845269,-1.6144527832367217,-1.092815272695101,-2.789194547246507,-1.3954904408735833,-0.13652065648791747,-1.519130473793866,-0.6851981466987839,0.2959431989897832,-0.7598973650829051,-0.6067979831619542,-2.638929014517656,-2.3712585100714625,-2.771023943290724,-2.783226905156126,-2.224329687320812,-1.795300012397922,-3.390352773240782,-2.811682403693054,-1.1602862120862234,-0.01528837745002826,1.358994226382629,1.8228843218233288,1.0092162151417152,0.6015922751992033,-2.362589769593506,-2.485529975282027,-1.277963787011452,0.08649219839298866,-1.9716616733806722,0.6458376832369734,-1.309388599463884,-1.0371604091276032,-1.0467831464232737,1.1590847112718534,-1.4427214091442881,-0.318999834020655,-0.725947304155423,-0.4238942419804283,1.409883995855883,1.1236988618660955,-1.7174233584482899,-1.9382517557140841,2.0945158062452047,-1.657865487803499,-0.964132698874914,-0.0017611384206133024,-0.844990958719061,-0.1587740286070976,-0.49129694849861105,0.11216545886927985,0.5660510148201446,-0.21482343818425245,1.0844623369052362,0.35943370568022165,1.943646462784572,-0.8869661745616184,1.4465118953165694,0.9139032190936821,2.0098439425487413,0.339464526669924,1.1250356724241335,-0.43645614216037115,2.0641000061963615,0.8733788475293415,-0.35564544740108256,-0.4666070706824408,-0.8024000336122052,0.04999935814987083,0.9539943500451071,-0.4330929113941072,1.1209999378316895,-1.4430715436080161,-0.7767281914617726,-1.2238028151316345,0.37016649421005254,-1.5893978297139915,0.5471666723031355,1.3120800831118684,0.17887766790082357,0.2724752840862166,0.8951443599893203,-0.9112018532872765,-2.5324237279138657,-2.228471241870682
-0.8679724761275748,-1.752526913847421,-2.405890729731251,-1.2183349086037805,-1.7171206651050699,-1.2299572002067467,-1.4991369641812096,-0.12716314104235907,-1.3328200416548883,-0.6899692518319468,0.7347873748092781,1.977373472457327,-0.12442077759333058,1.2572265911536453,-1.4539742586547069,-1.0987162466907758,-2.078246981611349,-1.7434735242793484,-1.1452627289841837,-1.0128203792883959,-2.0377691181026765,-2.7361748198709765,-2.676672189557917,-2.559104833932668,-3.3097336092171865,-3.573912393179318,-2.360332968130454,-2.481134689072077,-1.882899386746835,-1.3894639519611944,-3.158590589569195,-2.6056056044115907,-1.7002490127628693,-1.1526804562222994,-2.5098027150336684,-1.137712286389359,-0.39014469976797306,-1.7363563862283986,-1.054759470030719,0.01989037059256354,-1.3791895489951,-0.892567770479957,-2.4591757002131085,-2.32135708009794,-2.4693852249073536,-2.655867037493196,-2.2361889873602334,-1.9054791205669046,-3.100078867003155,-2.688261755453468,-1.2577910445546687,-0.11421475122726936,1.188168764084612,1.689494459412773,0.6730118627357211,0.501720923663063,-2.3333442744570534,-2.416438308692515,-1.1209256685393503,0.2023527906310722,-2.0090597207679393,0.6297486199884861,-1.5186652389118271,-1.1501439931120148,-0.9170462441307021,1.2195664092376854,-1.2124432545417603,-0.26287110653327883,-0.8501136583688205,-0.5612020793935276,0.828274103941443,0.649081869399871,-1.8866381187945416,-1.85052180770225,1.5829099572264709,-1.832385666452231,-1.0564090676726583,-0.33267301832017837,-0.966592799942053,-0.20126218383562297,-0.8359017697177821,-0.1915073925229341,0.13265588205315004,-0.587702948155403,0.6615352893772359,0.09474321507386878,1.7284772665131602,-0.9321543207538535,1.0949766253325108,0.8141315994738523,1.5534940492936626,0.21714187420114497,0.7121874571006737,-0.5221357167538783,1.8862304529811922,0.6085166455815749,-0.4689759601098649,-0.6434401353390742,-1.0755139182227098,-0.10115531910490876,0.38386307549913906,-0.2839671055957955,0.7284797209610694,-1.5141291350392134,-0.8824273934074333,-1.2308545950291765,0.015970928818588265,-1.7275380398804963,0.12386601983395325,0.945330589252367,-0.0017610023997236728,0.24511756298719256,0.7415942891802791,-0.9455298084849526,-2.3978017165727192,-2.1436696663812835
-0.9684743790853704,-1.7534077814811306,-1.9776340285951934,-1.2004686170636192,-1.4531943282297677,-1.0883060821033854,-1.2684756751463804,-0.2821044322311828,-1.1028502279695362,-0.6421670530511422,0.2598743119456962,1.5506926372833558,-0.3763781687710531,0.7325210752793658,-1.623952660926062,-1.147926965350325,-2.0134693124961442,-1.6925283644842009,-1.2853749021232816,-1.1040778447862984,-2.025537069291826,-2.484206991804952,-2.2720298345646333,-2.367152658619239,-2.7193267200161864,-2.8790599443573175,-2.0455329882031905,-2.112668912722475,-1.8172788746734214,-1.34746396971277,-2.8248713956335867,-2.3046561953584597,-1.647985579822615,-1.1618576157104838,-1.997604465354095,-0.8838762325371601,-0.5703157353473461,-1.738072276086519,-1.3145195369918223,-0.28993538908315897,-1.6770389330344222,-0.9566342422271032,-2.0849841035332064,-2.074108695113833,-1.989787742264936,-2.298006930976372,-2.030223305686376,-1.8410232449802895,-2.558717867459666,-2.3356409954695376,-1.2777424270542617,-0.26906541168040793,0.8532921149074985,1.3076677646167287,0.2633354287812955,0.3179822934875858,-2.1243432741158745,-2.1619294520744763,-0.9641309912918056,0.1344902638240399,-1.8341880370265877,0.4815593252883281,-1.5576414884266654,-1.1667596850150173,-0.6565899805141686,1.07405025304652,-0.9604077242076265,-0.27160423679383305,-0.9548139308082603,-0.7173062417766155,0.39253001080511885,0.3591085033899344,-1.756436650071718,-1.5659728924940706,0.9886335919260328,-1.7361033627200448,-1.0865933795819591,-0.6505576114602394,-1.0442261435917637,-0.3140325399438139,-1.0780181520525625,-0.46506222630207467,-0.22709623431185075,-0.8675767629374048,0.2170973663742693,-0.22499301600345667,1.2895675777067634,-0.9520177457958604,0.6727672323216104,0.5756392822441203,1.0238308945805894,0.10884952042340737,0.29822257474712116,-0.4783350463188485,1.3953490815341199,0.2394074022359111,-0.5982838617013787,-0.8157013390775352,-1.1820863772588484,-0.20772068958547127,-0.1442599889170783,-0.1691934993060224,0.2767044695778079,-1.407939995837366,-0.8629778086268002,-1.1217354560578916,-0.22366082667914894,-1.5844311032222187,-0.40667488231503074,0.4908937073385882,-0.20945727715627788,0.2179143216323827,0.5770725405176909,-0.8661674551521754,-2.055156746905693,-1.8394016993072124
-0.9080929848172596,-1.5295692072474512,-1.3052691302294097,-1.056901357612503,-1.0213082642042857,-0.8581213283230699,-0.8496001521510549,-0.3854664394034884,-0.7305258300468379,-0.49042406527490406,-0.04215872231166975,1.0297663874899636,-0.3809202356223845,0.25036409874627724,-1.4000812014131785,-1.0197067602655105,-1.741428882185993,-1.4722527497219091,-1.2679416893556672,-1.080659626691033,-1.7412373222571738,-1.899721845031744,-1.5419751763913139,-1.8376882301446495,-1.835637401497806,-1.9283818794052552,-1.4571687082062816,-1.4908467305313209,-1.5519717410203273,-1.1794719076445392,-2.172650864524772,-1.8110836085915631,-1.4276334554543009,-1.07881781078177,-1.3379194902382123,-0.6617486719595835,-0.6200892155492644,-1.471722888190625,-1.3679812481044022,-0.5324922837857418,-1.5622548155238218,-0.7785199652868711,-1.5584413500685987,-1.6410827322897237,-1.406661346749131,-1.7478471988510622,-1.6124029183826452,-1.5730678355736238,-1.8381091886193341,-1.7797231263324105,-1.1717532030964433,-0.4122354889015832,0.427677463682107,0.7674270707980491,-0.11912688112784664,0.10088055366370768,-1.7278590671235474,-1.7236177000623727,-0.8066418606986153,-0.06080186871809784,-1.4541595956289721,0.25104621132682525,-1.3845198290339817,-1.0419800922401352,-0.3241880400150225,0.7714313383991461,-0.7083290651807902,-0.31224593005757006,-0.9832333710936505,-0.8219539214554898,0.17304966961635973,0.28489644619503623,-1.3376528186886436,-1.1300010494255124,0.43389278793849967,-1.3845656340485708,-1.0065617207829094,-0.8473004647576456,-1.0188277796531855,-0.43818099545488803,-1.1315395567260522,-0.6167989077723826,-0.4283206212589605,-0.9586745363841724,-0.1433308100884733,-0.4784636139745357,0.7128834459863888,-0.8904064765748174,0.2617727658080054,0.26879178251233327,0.5180248834749422,0.018187858919992504,-0.021124741827269422,-0.32877470316963775,0.7073369189330786,-0.1335884276535347,-0.6878243140776311,-0.9183767835062073,-1.0794375237191474,-0.2588817509067155,-0.4901218126579122,-0.10037196114021049,-0.1209532035042201,-1.1395539095489196,-0.7011687395509963,-0.9052011978534455,-0.3125800080719147,-1.2032365962467741,-0.8576744518491207,0.05264087279073538,-0.3825852715001032,0.1658972828613959,0.39500450968485323,-0.6884171612114646,-1.5385096866385015,-1.3486170545024352
-0.6844624299545029,-1.0823659183617533,-0.5302956364672744,-0.779104245808556,-0.5005774277641765,-0.5774509695293745,-0.33957717785679414,-0.40586002879395006,-0.30049616708699073,-0.28547930320042697,-0.15055071402951814,0.4956475997884239,-0.17994241663533375,-0.09914630997009484,-0.8405368281920942,-0.7250549405701233,-1.2689340625333065,-1.0788597863688045,-1.0672937532985038,-0.9113039078592974,-1.1821749191239028,-1.0629396539518945,-0.6515347981078389,-1.065777193167086,-0.8211696578510038,-0.8938948328295282,-0.7010241891626322,-0.727685362964366,-1.096107946818073,-0.8806678467352019,-1.280697205355148,-1.165014393700759,-1.0388614330095154,-0.8777906859705455,-0.6330342946767455,-0.47878741937298647,-0.5072911854684785,-0.9362796099617396,-1.159119532313978,-0.6160743804427384,-1.0384964305845974,-0.38447312781614157,-0.9454794820016484,-1.06426043621939,-0.8063892473768055,-1.0760312149756155,-1.0284356731487247,-1.1087641725459438,-1.0347903501184925,-1.079400028297513,-0.9126879766866834,-0.472177884222775,0.0002880069453385923,0.19137849952261465,-0.3789330684874836,-0.08588139589587408,-1.1709812206403667,-1.1356854759813735,-0.6374701006254394,-0.2925375382201328,-0.9238927939203695,-0.007410856500575124,-1.0045731255128152,-0.7641501867950052,0.011499696416795093,0.3971182553675407,-0.4645074947730171,-0.33634435772073334,-0.890044355913844,-0.813169460743379,0.17143396525015153,0.37932694175725695,-0.7021719903357589,-0.6101149797331522,0.019219755355270506,-0.8414107227799381,-0.7897456646226855,-0.845417028832867,-0.8531307038070652,-0.5046792579037449,-0.9523135390563627,-0.5843697050293535,-0.42522854475384253,-0.8080156718852225,-0.33086378803694544,-0.5576325878147214,0.11048691232685709,-0.702093380494202,-0.05963525621999385,-0.022951439233478654,0.11314002428569105,-0.05270982811291236,-0.18776460941427475,-0.11985669218676975,-0.026569754484237342,-0.4100318459874207,-0.6890525614318518,-0.8944675616489767,-0.7718928979231064,-0.24984404342189145,-0.5691557525341193,-0.08291316226454729,-0.3756969667015633,-0.7459399364615641,-0.4097695984430831,-0.6026503001416915,-0.2508871532019602,-0.6804981384704542,-1.0727193617921034,-0.2804482553959046,-0.46742466829686125,0.07148359243906464,0.19002502490105644,-0.44387595064982915,-0.9095583234164993,-0.7305909871932416
-0.3430256880005607,-0.4724544639416675,0.19298423983178187,-0.39429118112267375,0.013530883554414374,-0.299370775037377,0.14598786078012504,-0.3440567759890981,0.0904064062676613,-0.09596786255402244,-0.10302455986294383,0.007998471584709291,0.13010561994340103,-0.2779238111412477,-0.08397703371512678,-0.32168947233507617,-0.6541054670395814,-0.5517466208481077,-0.7034189621023353,-0.6020423932581915,-0.40294649302190494,-0.10649565565342296,0.20052634985264825,-0.20969247698227547,0.14135920186458176,0.040092653700822205,0.08409238974835834,0.03221795617026673,-0.5069144669501223,-0.48035809476989877,-0.28045459725732835,-0.4405295651251451,-0.5201408909755307,-0.5635216323133613,0.01761946356918093,-0.3250439418978079,-0.24220032854331305,-0.196342667904176,-0.6972568326310843,-0.492047144617352,-0.21583232086865545,0.153691279622036,-0.33079855410143544,-0.41743038739566063,-0.27605495581446404,-0.3802824047571911,-0.3627229920983492,-0.5010890165135212,-0.2601656521480981,-0.3257847399081319,-0.5123608362418811,-0.397782334925424,-0.34745689233101484,-0.29662540578800645,-0.4536798723543839,-0.18678064288747354,-0.5216127321635393,-0.4689016231880982,-0.44802143053008564,-0.4660212489091069,-0.3411792979236692,-0.25008004174018705,-0.4764154195900978,-0.36484077709269574,0.2898275164825981,0.05213227841584462,-0.22860694368896312,-0.2971236339801383,-0.6615273569653777,-0.6604914946018505,0.33076050433370646,0.542836581249619,0.03586789833974621,-0.08268752402382842,-0.1919112242104061,-0.2054663447268384,-0.44384278780648917,-0.6208542970263556,-0.5509689869956376,-0.4591300070010319,-0.557793815143221,-0.3558106430912472,-0.22715706239759853,-0.4278268214512468,-0.2956499989949925,-0.4035242932208782,-0.4082597611593414,-0.37709387236230124,-0.23654818788938559,-0.2300133499900143,-0.1468127955107841,-0.10335010531786146,-0.18991108391082637,0.09419434195993427,-0.655882248235058,-0.5170827472063748,-0.575316470239125,-0.7135537304550119,-0.311081307284072,-0.1821265375085857,-0.37482758388306187,-0.11532810604504097,-0.4429746877960543,-0.2779364939139737,-0.026043218781862575,-0.24504936214572545,-0.0703686094561737,-0.14116474003911128,-0.9716518747671468,-0.45634642255806457,-0.43167663321367034,-0.06467477482872563,-0.033662171086394514,-0.17435409788270137,-0.25125243274905396,-0.06378188047927859
0.03207664925620379,0.18742415984157576,0.7321134129149519,0.03719367775522189,0.427350829765524,-0.08182744928441875,0.5035193891192039,-0.23078612095636153,0.35588933146467394,0.010390040062757417,0.019868468878641524,-0.4000356093530279,0.42834711273730786,-0.30422359483819983,0.6826604983654467,0.09534745789399036,-0.00288930314683298,0.025171321499705048,-0.24443912719634606,-0.20242338747721614,0.486221309150149,0.8047206445698977,0.8289042301076355,0.5451531257238557,0.8853205599454049,0.7135280207227818,0.7524834765729617,0.6409270692176997,0.11458798949425872,-0.0449470000705225,0.6651251979935571,0.2612410654476893,0.05196763342856825,-0.17720151173744386,0.5340098264592863,-0.18202061278883166,0.11635889314443704,0.6229741044736412,-0.06431497467115332,-0.17533770319368155,0.7064704345126803,0.7305658127071498,0.19339328168029782,0.20141473820164166,0.109152766028227,0.22824154824330578,0.2737940466258059,0.1540307912760184,0.3744821942068676,0.368447113256968,-0.02791208606858023,-0.17708444192627434,-0.5615470473860648,-0.6017600845686151,-0.3324350858708759,-0.17259016476163333,0.11760890509916479,0.17615170972222363,-0.24281896353669224,-0.5123571586372679,0.17261473993615511,-0.4500795864089544,0.09633760620899086,0.08434883668511377,0.4729251473349726,-0.17080123549688359,0.000995249627996287,-0.1661893059514097,-0.32739301705686663,-0.3794752368169399,0.5607846583082535,0.6654258633276948,0.747936409952739,0.3813753042186354,-0.18118144941170974,0.40847696672740974,-0.014252044090513089,-0.21158190968551893,-0.1648548086828472,-0.28421105516034845,-0.03062324700261067,0.022402940782674716,0.09968251244781293,0.09988759785723086,-0.04147787743698155,-0.02738436939854585,-0.7637558882143105,0.04669861978603939,-0.2516124008128451,-0.31657405632277086,-0.25374840656987224,-0.1352040853630148,-0.05653556618053992,0.26700454721348527,-1.0650606731791432,-0.4300540913075198,-0.3503279597273848,-0.3846320856995446,0.2157048460800598,-0.06418174934095626,0.023433499264652484,-0.18796253172471375,-0.3291193620900893,0.206916897166206,0.3966758951064618,0.130627847901323,0.17580994290287028,0.29274719512156455,-0.5725459535084338,-0.47162249021726854,-0.27299780121025224,-0.22018425692424293,-0.25773963341151457,0.07509043647119129,0.3436013318085462,0.5637288038766308
0.3401313627840609,0.7571574751963555,1.0033575861718906,0.4357913515502544,0.667565210423264,0.027052350936193993,0.6671782679338084,-0.11341675745273846,0.4407980402080377,-0.012331791718788829,0.1229498866703834,-0.7145781207148943,0.6051002108220258,-0.23814421544465328,1.2683037623795685,0.41660573603255824,0.5501526008060663,0.5363632028777092,0.205315671357198,0.2019781733071536,1.3349844064050194,1.5045681061260623,1.1054428951618185,1.0323531858650974,1.29223829335722,1.0226828469660039,1.1799894754710896,0.9790352921143068,0.6432070507550091,0.33261764694933266,1.3933602469982376,0.8297781512162237,0.5747683588386369,0.20936114957938015,0.864691556067224,-0.034617180893488,0.47104710993876703,1.3620545683406817,0.5990434434550193,0.2566814354476062,1.4861090357960716,1.2292889496327695,0.5433171355803645,0.6866151911254306,0.2973369353983134,0.6447323150724703,0.7650154486181113,0.7344291972425417,0.7764446467570802,0.8891022012339755,0.4471022326532456,0.15609334485952017,-0.6265087591148069,-0.6792723715996752,-0.05912274178173743,-0.049125424197480554,0.6282112009967699,0.68715713761792,-0.04404696561229002,-0.40734033686073917,0.5020301462196428,-0.5941519613045475,0.5875560617403773,0.48834986165132627,0.5523721968939566,-0.2085685763876023,0.21977228039676336,0.055122254864490544,0.04097928143473446,-0.03199120246603474,0.7687503587257744,0.6691971945846147,1.3196522801232329,0.728896442050062,0.023703096036047804,0.8913486007434137,0.4231428252128684,0.2905187076483669,0.212330699550188,-0.011563816225754543,0.4970189864309987,0.4537832825684098,0.44735215236030496,0.6400075496651126,0.3717778239581378,0.4900974453888529,-0.9234700996294133,0.48880991143003266,-0.12923370095809827,-0.28705894354878836,-0.22933007280271253,-0.15225398111886393,0.15839950811299772,0.370640752690127,-1.19750337602822,-0.1802242603122313,-0.04920414421485884,0.040113154775613995,0.7053402001141615,0.08733480870435792,0.5051362615971088,-0.28293297581805205,-0.084721519730441,0.648782964730795,0.796868568612132,0.4837419174519154,0.4249863303158702,0.5309542967341235,0.01488626151130108,-0.3701247169056894,-0.02172300571289039,-0.3574819519465041,-0.4518807583049174,0.2621801021448626,0.7866981874599048,1.0650851350754744
0.49297669473445654,1.1055812338062458,0.9846409404174028,0.7235353140539326,0.6959561367238573,0.00329705782636919,0.6221172931130498,-0.03742138499679616,0.3337000157470622,-0.17248074980814254,0.12874310633013392,-0.9269174181302984,0.5926965155568467,-0.15441519322742936,1.5231235625345778,0.5486019402424331,0.8732036382231623,0.8602641075726546,0.5297384693915387,0.5098598510413934,1.9806833133108606,1.8614134539241982,0.9878338656421128,1.1476577583663332,1.3129921988530053,0.9401691146541918,1.2893452901704032,0.9828945305634837,0.9604162960833638,0.5555997000921208,1.7769071667141358,1.1694438082451912,0.9406644124609281,0.5102453226701895,0.9879180579736894,0.11811014892402469,0.7113160445787187,1.8676959062441314,1.1257921330015823,0.6873920339134496,1.9025959187773605,1.5493261922870085,0.6608524164698302,0.947111745875727,0.2677992640345123,0.7923074576960052,1.0153882373073666,1.1188807628367017,0.8898095498443237,1.1456378391354787,0.8053972493982365,0.5300353670186796,-0.5651892490948976,-0.5412336172098111,0.28022895544035964,0.1461952303965737,0.9036773714918651,0.9657049146061034,0.11216516658406143,-0.17496782433639063,0.5688832561296312,-0.6742261164549583,0.8798644922156162,0.7539433365092136,0.5462699125304599,-0.04168959664099866,0.41227444779514505,0.33304904379629857,0.3468596947303246,0.28863281098056426,0.8862539247362178,0.5362113273525917,1.6727250981007538,0.9321850558768741,0.35524250562854703,1.1599133207736056,0.778256786130656,0.7621994934382075,0.47053917991317823,0.2821688525829864,0.8756767506944917,0.8154365126285631,0.6955355736478654,1.0388022696364865,0.8399020043615505,1.0214320513387167,-0.9045026991378805,0.8487809242849194,0.07158815652861128,-0.1783562377143849,-0.11368721920548178,-0.16164118324331578,0.39459949086663343,0.39819728579864505,-1.0637643455269346,0.15248879828334172,0.2676973435696895,0.47243085893111725,1.0612643883177835,0.24651713464923594,0.936915332650137,-0.3763345228593837,0.21206080610333064,0.98812005655304,1.1111737912809327,0.7712943358215217,0.6154373092452506,0.533864327339253,0.6210237108035975,-0.229323258794079,0.26251415970172176,-0.43869818636491065,-0.582510442514315,0.3518630767359986,1.0089419491799092,1.3662851894892096
0.4420563736665746,1.147693322206678,0.7133552611165134,0.8448152854937547,0.5172544348004479,-0.1443746936452095,0.40256386607330785,-0.030292348599426124,0.06830183987057643,-0.43589253824164614,0.003563500107647058,-1.0214921600205207,0.3832021658463963,-0.11327138400080486,1.3744018388933958,0.44208128645882316,0.8724803433341087,0.90130469642789,0.6314737345144502,0.6316112370568564,2.2831490992334453,1.8097000933870575,0.5265590889885994,0.8762717832020562,0.974583544956048,0.5183173474143836,1.067404622269548,0.6604100537885144,0.9873405625231377,0.5517776871401319,1.7529810977049942,1.2231338226158108,1.0626360420827696,0.6477897266607558,0.9073327840134344,0.25773366810395104,0.7471972099114089,2.036660013872518,1.3653169445383453,0.998364968259145,1.8219525134370533,1.6322307732395913,0.5277617564523974,0.9288483939039207,0.034256630439564034,0.6401685595406574,0.9733940982526078,1.217713688194132,0.7087264784642902,1.0945094669055493,0.9556959129187761,0.8552012290195143,-0.42805210290156254,-0.24833880449500226,0.5824725120995039,0.35843411492170535,0.8783716702286136,0.9533222606875509,0.18665201239315415,0.12370215878837455,0.3557122020052904,-0.6801983288136176,0.8957945746172147,0.8157775377313964,0.4890251920796509,0.3018269285301298,0.5523251308348043,0.6083442822293103,0.4948626101157415,0.48349826143883634,0.8852662240731081,0.31262237039824564,1.776101001494357,0.9910343456973294,0.7192787938466765,1.1716837236256905,0.9680296001564964,1.0794828066937379,0.5142992217357165,0.49524024461050364,0.9791724401790112,0.9906584313552169,0.7470554696840301,1.1666309535642416,1.2387876767294603,1.4292721206892474,-0.761276796550012,1.0382957575302032,0.27412522758853536,-0.04230479314171801,0.04607419851870283,-0.17394071828351867,0.5996839445519297,0.35938449532549205,-0.7327094905376432,0.4603675739962529,0.5270008131029366,0.8057539018108052,1.2128235245419896,0.37917731250590836,1.2103679314063462,-0.4426577857521703,0.47692795507847563,1.1694382906661995,1.2807924591692905,0.9503892300159099,0.6945196696939601,0.3179767447498872,1.0634473821025163,-0.1378914154758075,0.5005659467849942,-0.44282165905778775,-0.6251108915873185,0.3197979928346546,0.9729005165864544,1.4181599519357062
0.19431784615833017,0.8707702260363549,0.27204733510260015,0.7803256181295206,0.17851381511349748,-0.3753875601441098,0.07713277867078672,-0.09395170026777858,-0.2860203491912826,-0.7338766132142623,-0.23140408534618473,-0.973790449388453,0.028784075191491607,-0.14042679884815598,0.844412757334872,0.10857862016245495,0.5210292782464313,0.6191168809689447,0.4596204532028486,0.5153580268094783,2.1585328812574893,1.3682246937641285,-0.15066095822813072,0.29586314861802937,0.3720306052056526,-0.12464838549929892,0.5700101129178055,0.09075337497764938,0.7090529527723526,0.29771153223842395,1.3386640817336253,0.9877963523176013,0.8972022645738995,0.5740633087627548,0.6463243048958762,0.3495280292454572,0.5407045216922345,1.8475496981989394,1.2250553383411136,1.1078856600637395,1.2400376663088613,1.4771691040594985,0.1728851080633085,0.6308980493642771,-0.35677955158445845,0.21361591048314477,0.6464514185962115,0.9982168927852981,0.2814369150026966,0.7532858611806579,0.8499559469431841,1.0500661841660732,-0.2758527429133223,0.10974136928427601,0.7569450248987478,0.5345582461626065,0.5485131800587554,0.6496170908026293,0.1514015785937878,0.4110851587807907,-0.0866842274846855,-0.5991940787483921,0.6193897468563795,0.6546154213989939,0.41837879534735106,0.7532823309425604,0.6090153738253458,0.8112561650344358,0.41986860028485595,0.4771518978336638,0.7804914385836915,0.08905015069320106,1.6455835515914998,0.9289569769204268,1.0138827800328731,0.9318941018975305,0.9370767899912296,1.1480394186344827,0.29324964195827863,0.5311140299393149,0.7417793961104888,0.9012652499497765,0.5585178238855522,0.9559752833453244,1.4560650550277934,1.6054565313016562,-0.5632123067208619,1.010877716825676,0.4059230047775748,0.07388670585128948,0.20401324517355218,-0.20233257562200233,0.7351059618576216,0.2727182145231874,-0.30906540774839036,0.6367267814458601,0.6585401822336466,0.9405774324709667,1.1275002372397822,0.44745725343799275,1.2674289253565294,-0.46046312029041214,0.6397496286621419,1.1488570453040579,1.2601582651839953,0.9842525837990709,0.625350382784822,-0.052034949207325425,1.196481783705421,-0.17033188426383217,0.6097428605408689,-0.37756530875505145,-0.5750272031642316,0.15592281248356507,0.6807816984799594,1.207419821131625
-0.18874746188294775,0.34052091442063126,-0.2330052492877765,0.5501059800782884,-0.24005521480915576,-0.6277296109274274,-0.27283966919532965,-0.20767574095883645,-0.6415366698588938,-0.981850127485476,-0.5078865237413704,-0.760645816557455,-0.37475702699278046,-0.22280959134508846,0.04587136809347154,-0.3806005185945448,-0.1281176011436271,0.04557115473245141,0.026246411406239126,0.16348799177226409,1.6034409410599106,0.63895351144129,-0.8721770154948615,-0.44586367556962986,-0.35247708746550177,-0.832246723163564,-0.08795967110730829,-0.5929864468447531,0.18184073336519077,-0.1696718392080087,0.6279343450365001,0.5168660036237416,0.4583713553592516,0.28512829436332077,0.24400607836143176,0.3536354363689284,0.12369345027856804,1.3699697171498797,0.6992440055305805,0.9971961848023502,0.28899875465960906,1.1406864674590727,-0.3303277507376883,0.11005192673392446,-0.8321105415539096,-0.4071953944390869,0.1028123550510793,0.4972134263199927,-0.2972178588781671,0.20029222688444,0.4992202178335874,1.0645320458661516,-0.16118964403672228,0.439246846916707,0.7508832995317707,0.6411969000268809,-0.02198208385046708,0.1161910198213338,0.0016693591403797313,0.6156384615307099,-0.6508826629445431,-0.4227119858472931,0.10165435916434724,0.302199739265127,0.36405084256844944,1.2188110609658367,0.5570969058166277,0.8806641017948151,0.10889342891921124,0.2407720457393744,0.6191908288920728,-0.034749956555371136,1.3338830619721123,0.7847480335136486,1.1509577261355262,0.491207848473678,0.6723694996841199,0.925546991716658,-0.17833536539275988,0.3298041768716333,0.1807133350594057,0.5303783631000467,0.15596100961841403,0.4231039071663516,1.4213185133493078,1.499952522322037,-0.3704461005744746,0.777906408373914,0.4196390202904981,0.14194479909729218,0.3192557843362065,-0.2601225732777146,0.7746388486213676,0.15808595094206454,0.09546488710877268,0.6046729468681742,0.6124499058229977,0.8116469366905197,0.8143440039881196,0.41822672492894775,1.1072365534062865,-0.4179655360512106,0.6588429310873972,0.905433144850468,1.028062976761921,0.8520382014054169,0.3929368303647448,-0.48134134274316526,0.9504989536923203,-0.3653543629694229,0.524040477513915,-0.28026805110302205,-0.45205212690340824,-0.13162966510233884,0.17623608490877837,0.7641607678099694
-0.6089676333069103,-0.31514863115560604,-0.6952469757768381,0.20555557105387878,-0.6414043759220418,-0.8348385210724265,-0.5751957293810893,-0.3391400123484158,-0.9128515935838748,-1.1030593259480783,-0.7344909460887109,-0.37857709580996,-0.7163775788998278,-0.31995243412565566,-0.8443330345301193,-0.9128993780113959,-0.9492188218992966,-0.716525248933477,-0.5932933253982399,-0.36527168947103716,0.7023272351650488,-0.21460524223298372,-1.4648668505594233,-1.172353959617465,-1.0390779281401452,-1.444752238290601,-0.7567915747953885,-1.2346959789917162,-0.47918538227839236,-0.7584534550311405,-0.22890840723885947,-0.09114473829691404,-0.18166324160295902,-0.17574758173137026,-0.2467918222521645,0.24092738063547461,-0.4050470872109589,0.7472747111830262,-0.12378399636799027,0.7156931529302335,-0.7967327339566763,0.7202212744972454,-0.8763416628413152,-0.5284849199003164,-1.3019563584781237,-1.100438897241186,-0.5407577581797017,-0.18348890341178645,-0.9040629101412129,-0.44126607174422555,-0.02694501091538347,0.8937496440797736,-0.1142545814102358,0.6655714670071757,0.5634287486513029,0.6746264240579452,-0.7134386191794563,-0.5356902523365417,-0.23873509791964562,0.6897438902980414,-1.2008377769065517,-0.15847889128825118,-0.5516677466390946,-0.16806770426789333,0.34062502264391326,1.5998294527056907,0.38833430211524256,0.782134636095006,-0.39123737650426005,-0.197487590047225,0.4625241472789139,0.011711759378760882,0.9146323559844572,0.6013699798157242,1.0757527692422828,-0.06534753382385011,0.20813085792694674,0.4309919321841497,-0.819522119174454,-0.10977057139615867,-0.603236423988487,-0.07063818060485236,-0.36988161531318003,-0.3332123127361371,1.1257965257907183,1.1317427985425597,-0.2159093396659696,0.4050566713659522,0.30651996609627025,0.1574005932489806,0.3572085371872669,-0.3567404558481459,0.6998892050851315,0.03185652389751978,0.3889994984379965,0.33763283067047645,0.3731303631758276,0.40945033026890726,0.3192505456808372,0.2732694901728301,0.7758344048752298,-0.31718262581521245,0.5263704470262416,0.45283519209674344,0.5983353663414185,0.5594687543485574,0.009322851935997224,-0.868279898877922,0.35155734617490175,-0.713822824652386,0.21434136703245768,-0.2066974527431699,-0.29657582401328125,-0.5133969879546859,-0.4609134456120291,0.16249631704347411
-0.9605108933948304,-0.939922281823368,-1.029057354480014,-0.1860494211317223,-0.932252050511027,-0.9437153091601221,-0.7834118062462575,-0.458250201446789,-1.0363064037465275,-1.0505317651135955,-0.8285707491793418,0.13905118012038806,-0.9021140716571523,-0.3848125942854829,-1.6270960833423034,-1.3645964986934604,-1.7703538879127398,-1.5137920427169067,-1.276407873741762,-0.9685085859288256,-0.38506955236728224,-1.004614507646774,-1.795312598101786,-1.7257187563438692,-1.5428252842667434,-1.83360761324253,-1.2858565975179428,-1.6920882243847402,-1.1282446988710546,-1.342495643925895,-1.0580120168429143,-0.7144943968704517,-0.9057405144455575,-0.726387256701809,-0.7613509006011265,0.008034044171495254,-0.903875284679208,0.1577858978196637,-1.0785537606582802,0.3637481968038144,-1.7448870046724183,0.32631435306536033,-1.3479768908599308,-1.1528205662761002,-1.6733044022416768,-1.7256202460813475,-1.1431350530072342,-0.8983913365673252,-1.4127815886311739,-1.0310169355130998,-0.6171063201496308,0.5785500807515817,-0.1363941438841718,0.7491973743967036,0.244652442630319,0.6598502234990807,-1.3772918444720728,-1.1705665047876699,-0.5212881512348482,0.6188275951480982,-1.608091424671384,0.1592498102847433,-1.2060729954985252,-0.6607068770236005,0.3453258322046617,1.8137475294713397,0.11956122646828743,0.5197570312748088,-0.9830302011018779,-0.7578858278058717,0.3640930704938607,0.2410472108763763,0.4645830504625339,0.4148431683506288,0.7791368627953291,-0.6358031244085316,-0.3802546105539496,-0.26034738720601847,-1.4992803144702944,-0.723535677212432,-1.44764409515076,-0.7925544256214642,-0.8873639465181492,-1.1553314236548609,0.625260198000252,0.5801989328491204,-0.09935900000417298,-0.009092455466351488,0.09839499651125463,0.13516839785895413,0.2907220259182866,-0.4931921473831265,0.49795698125158044,-0.09522287228362944,0.517170461938105,-0.1339106871274003,-0.033790721538480506,-0.21093699813584088,-0.28556062130441806,0.017661921343163363,0.3454995981865448,-0.1755245145824901,0.2647098628786562,-0.15410701853595504,0.02532467805744843,0.14536699728138638,-0.4841965724378087,-1.127714729365878,-0.4829323135438136,-1.159472733277725,-0.29723828864865853,-0.21153640384462827,-0.1584991880631446,-0.9382777605873784,-1.1266957575387022,-0.48821800245970287
-1.16057032033841,-1.3901312045865892,-1.1853537148960707,-0.558975382067664,-1.0437577095341477,-0.9287227663585582,-0.8841574052399254,-0.547922457223293,-0.9840906825050715,-0.8211701693161512,-0.7451082466682863,0.7158003724163385,-0.8823066614382091,-0.3847723670346243,-2.128594561209691,-1.6329470454159447,-2.412429953058828,-2.1765792911493564,-1.8812593353690281,-1.5234839226620103,-1.454409740327572,-1.5621810899540727,-1.7997693029150377,-2.0064047548499104,-1.7629377821155336,-1.9275058886277399,-1.5591394549806417,-1.8697284849826898,-1.6241067098954998,-1.7911251248873314,-1.6985367551890869,-1.2343502303584017,-1.5757123610357033,-1.2628473866581866,-1.2271741156970501,-0.3141593744296514,-1.226785399952436,-0.2339073588230007,-1.959830478017556,0.05932220065042294,-2.320190130896667,0.05219822721634966,-1.6404566678756909,-1.633442375965508,-1.8650855378679259,-2.151749208404501,-1.5693952734621184,-1.4913110377509464,-1.7200895699273442,-1.4436880310783635,-1.145498432538848,0.19302969763749836,-0.20254307542855568,0.6911725007255116,-0.11952344097810053,0.6394946097474012,-1.870530059580504,-1.660252184397944,-0.7847006016262591,0.42097228077434035,-1.7852994579253716,0.46742309724313813,-1.730262269740674,-1.0812088831501143,0.3600962644475124,1.8105825663707924,-0.20593465365341707,0.1382615602657589,-1.5416669838729704,-1.3282961010499474,0.35173328213274146,0.5984997622327888,0.04812641075684857,0.24607909394917452,0.2991485395553643,-1.1211395595406664,-0.9916242040225742,-1.0338864737185924,-2.0670798185661377,-1.394000454846179,-2.1670051324213633,-1.49249941844586,-1.2592901486825057,-1.8654226432452714,0.024823686621477298,-0.03837475745147604,0.005593768004261974,-0.36383737799988786,-0.14243867594333318,0.09948573601006588,0.10324592738566533,-0.6585325988059124,0.16417128662806915,-0.21818851033363418,0.4683237585406005,-0.7306442673005269,-0.5439565553138214,-0.9375522574947662,-0.9147998510654635,-0.31732325749203744,-0.10773207202648097,-0.02405607411812519,-0.08378696670031774,-0.822852923840563,-0.5999019267606731,-0.32030581650973816,-1.0201412334395907,-1.2094638032739131,-1.3710634459538027,-1.612001792266823,-0.9342563381536446,-0.32755213881431006,-0.08281741362213127,-1.3378463511255305,-1.709925966990249,-1.0616717055288583
-1.1718557558303184,-1.5709222788621142,-1.159021845129012,-0.8629345814558118,-0.9473081059527811,-0.7970263893753475,-0.8950799357966924,-0.6078110624893733,-0.7701684367898135,-0.4582038942848838,-0.4930727255711323,1.2424991049084833,-0.6660848972904888,-0.3145437819200329,-2.241444283687034,-1.6607514694309593,-2.7304082678817485,-2.5578873502648922,-2.2792851209281517,-1.914594223584858,-2.298887190162743,-1.775245664370883,-1.4957826776435514,-1.9936973981939896,-1.6624371699506864,-1.7243874168607018,-1.5227019119920109,-1.7391645698716818,-1.8621929210593982,-1.9989903624767036,-2.0341773044047438,-1.5584553268456631,-2.061200042298236,-1.6808037700277776,-1.5717774397125523,-0.6623801814631198,-1.2646518825308388,-0.32119524998070526,-2.5710215233824036,-0.10032269341441527,-2.386703515074326,-0.049933057764258985,-1.6835388389794972,-1.872223633946567,-1.8228594097914421,-2.2844207807417733,-1.7205747917850491,-1.8317126712764122,-1.7665479052564486,-1.5973038194724478,-1.5023003065582474,-0.17631544422990872,-0.2709858060509245,0.5280271750628669,-0.43171656410570775,0.6566748397919568,-2.0882633354770137,-1.9125333651539433,-0.9710835161212428,0.1390584850341111,-1.7071062242072832,0.6836374032080903,-2.025198682458584,-1.3556305392344143,0.3570037555102795,1.5824070746917729,-0.5248357154807041,-0.2853545399786699,-1.9457048068361922,-1.7913645393278654,0.4177126756757674,0.9749101642061376,-0.2925630950138197,0.09806615107810145,-0.28857759653227477,-1.4432785738463052,-1.5196896791777101,-1.7598574846285047,-2.388936008174674,-1.9763790601153381,-2.5972851458784665,-2.0251959248437563,-1.379108873913327,-2.307952425523776,-0.5495590040824722,-0.6006056548991374,0.1350662268790345,-0.5850916039899843,-0.34227031822538245,0.07332253872105483,-0.20582435051052947,-0.8289671033205206,-0.290856485163249,-0.3369103946880047,0.26707749525358254,-1.3442378957211552,-1.066290970779209,-1.6250005875468643,-1.4833339389890527,-0.6788292475163602,-0.5214441005721893,0.09788483505652096,-0.46961674464510533,-1.4383194177271794,-1.163927578129005,-0.7483820043708456,-1.5144174016001193,-1.107893539733936,-2.1091170391990928,-1.9687411747254326,-1.5769123982259032,-0.5509448888968886,-0.09679704596113876,-1.6358074487516259,-2.110886466482659,-1.439299886762243
-1.0100648254092877,-1.4574087361734165,-0.986639077409141,-1.0699315858265368,-0.6609120677416123,-0.5843910091543214,-0.8542826847465842,-0.6501630005870914,-0.44655727195922185,-0.04130010602953832,-0.13431277689758161,1.6028818068030508,-0.3190249581841182,-0.19680487936352223,-1.9490161674187831,-1.4468509986193674,-2.646094405155966,-2.566389301866319,-2.3841366832027893,-2.058004508982809,-2.7529662269865276,-1.6112408517262686,-0.9729078960592874,-1.7421472294483378,-1.2734698845053811,-1.286890227754919,-1.1959346797815396,-1.3407796568216517,-1.7953440506333618,-1.9082250353693206,-2.0128393480399414,-1.6370182224879244,-2.266101043458999,-1.896137416244051,-1.7335852518204733,-0.9537632403038524,-0.9766318184234911,-0.08268633640987823,-2.7711715158522736,-0.0692474481731647,-1.9398231896599298,0.020666674070927343,-1.4563267916403895,-1.8236843956574722,-1.5299859819869484,-2.085375617285522,-1.5553715018357113,-1.8448521623354275,-1.5470520772776086,-1.4699157378031134,-1.6182462601161272,-0.4532965910897144,-0.29694399238986147,0.3187771945592095,-0.6096497997992105,0.7379473932124182,-1.9858372387452035,-1.8894754898569859,-1.0410575082698927,-0.17102709809678043,-1.412631504630269,0.726318558279595,-2.0430846789852497,-1.4420916583373047,0.30606662598307194,1.1644064963090532,-0.7664866394674936,-0.658523637761571,-2.1062963661653864,-2.0518061306779227,0.5203169027678765,1.23856629468134,-0.5400824195521228,-0.0406474699262474,-0.8886721725926978,-1.5575576790991421,-1.8738538417319779,-2.3188080973608596,-2.379062874548175,-2.3316331465454776,-2.6344905772713183,-2.273391281648341,-1.1976514219825947,-2.384561939148913,-0.9840677824443527,-1.0034142399303592,0.3157940206759748,-0.6423893063762461,-0.43802100783450854,0.07156022733480082,-0.6155465658691553,-0.9705868879243844,-0.8338578338889685,-0.4542254913539325,-0.039583778255615515,-1.8622883382412743,-1.501965157253943,-2.128115921568334,-1.9176230551631004,-1.003931999549795,-0.8557921185088398,0.15140083392120574,-0.8473557424831336,-1.8871175866950098,-1.553572606596888,-1.0500580122458143,-1.8814896333873268,-0.8607069019634351,-2.5196557545850373,-2.138981007867193,-2.0859163464465253,-0.8382740856558929,-0.20286368726725612,-1.7614289583767588,-2.258038863885863,-1.5356619862318166
-0.7346873864760263,-1.0956638309369202,-0.7345955028448882,-1.1733198012579429,-0.24371828119506395,-0.3430848334918076,-0.8047528136729531,-0.6900973495026392,-0.09031801822128978,0.3332462261032877,0.23400449198494655,1.706698639448845,0.05540684682330946,-0.0715322804418383,-1.3267023626248537,-1.0409527134981744,-2.1644077377055417,-2.185074176086755,-2.1702463246149333,-1.918027181076914,-2.7273060534838858,-1.1192907071341982,-0.3653599502228655,-1.3566810133722242,-0.6867010818651391,-0.722754515417476,-0.6629892034978306,-0.7675343061733946,-1.4392544881407352,-1.5181462207612315,-1.651290872900388,-1.4682213780338644,-2.1467335011388875,-1.860461413101274,-1.673492617681839,-1.1064897884585132,-0.40228453111599777,0.41467512543139096,-2.508443338764292,0.13392603672342246,-1.1005666303168136,0.2180846904382863,-0.990900391218496,-1.5027748719364151,-1.012275197823467,-1.5796188428079436,-1.0983024672088868,-1.5277361735293127,-1.108733233160633,-1.1007891530018807,-1.4773820938709559,-0.5899301824654204,-0.24570000284479718,0.12839234464058552,-0.6075259399098291,0.8823342617814317,-1.5852432055128685,-1.6110944504733287,-0.9830398630194651,-0.45243899854939995,-0.9897548407720902,0.5401564528612548,-1.7926992527261871,-1.3329443021282488,0.18453254295799848,0.6281431820944688,-0.8682265742221411,-0.8936866514645114,-1.9868387163193488,-2.05647264453005,0.5965234888622999,1.2762871506057387,-0.6974615010756895,-0.1873127579551925,-1.407117494914446,-1.4577873599768247,-1.9954700290544916,-2.623180529280387,-2.0189314752128773,-2.35770200052778,-2.2574299939341875,-2.170834530086396,-0.733708590224547,-2.073072238421543,-1.2044511329331118,-1.1822660076454703,0.5506012834919143,-0.5497267988300368,-0.3955088566870435,0.09988903192438518,-1.0807851651855804,-1.0456016459944593,-1.406256303623521,-0.5728796187839098,-0.3979977429675262,-2.1912304759118273,-1.7657469044397,-2.337012460915879,-2.1646015906775244,-1.2348877386538315,-1.0942587365069605,0.10888176933532864,-1.1823599695867815,-2.0845334404926823,-1.6813132008083866,-1.158793476829011,-2.052041092665893,-0.5374515498373695,-2.4932753213954943,-2.0646744662303105,-2.3340271964228156,-1.116481935500688,-0.37912015562992113,-1.6643238465250991,-2.1194938153236795,-1.3178064679123398
-0.4269379702372361,-0.5846136092916437,-0.4799938784023611,-1.1809828010121293,0.22050165181470346,-0.12590771599336323,-0.7780743236627269,-0.734499918442824,0.21622297997669623,0.577330988724254,0.5072978666987169,1.519118387415574,0.3454898356323054,0.020994665543383233,-0.520085533546738,-0.5259527940181726,-1.369638318569657,-1.4714359339877314,-1.6769735092068017,-1.5123116984681872,-2.226648471740443,-0.412746899820961,0.18578031101521014,-0.9554935691016688,-0.027231420543623538,-0.15544192131782436,-0.04690066240358654,-0.13623163505331815,-0.8632368904872425,-0.8815756929030101,-1.025543779717405,-1.0936072136714041,-1.7179255018643818,-1.568801397309436,-1.3837346277954443,-1.0623125598349885,0.3490091185680747,1.036515552655331,-1.8315492358626457,0.43397427911881137,-0.07653119709243583,0.4666735867458517,-0.36362712684455756,-0.9772136116826253,-0.334167556397081,-0.8481674932440584,-0.43218997251446695,-0.9467639196181976,-0.5372362052426637,-0.5763627429524811,-1.1156012263432222,-0.5748449016835327,-0.10153742204477476,0.012411773498577805,-0.4266866483384172,1.0602131970179882,-0.9651994591830927,-1.144529590616451,-0.8140414037907164,-0.6568680767543741,-0.5468387767084198,0.11876393795585613,-1.3316067766034836,-1.0494227414741277,-0.01385231476070026,0.06892714303304566,-0.7889704545648758,-0.9273732887954963,-1.6081060450465121,-1.8024036170751896,0.5818653285251839,1.030707868664906,-0.7793057516146155,-0.3542546155753869,-1.7699030708322008,-1.1740134844587455,-1.866390050088772,-2.6310763410832294,-1.3592856773054023,-2.0113905883866647,-1.5295197694210751,-1.713575586762063,-0.06684116782235133,-1.4273338049488886,-1.1902693652069827,-1.1175121906127934,0.8137707133527801,-0.35210844351730297,-0.21853330232859308,0.15864820028270013,-1.5353596479947826,-1.0206250462432365,-1.9295591299605186,-0.6912449325117707,-0.760128662300731,-2.2717396953750058,-1.8043288753944273,-2.2040094196471034,-2.1976843418433005,-1.3335211932023445,-1.2386396285530439,-0.03526950872338783,-1.4519875638971094,-1.9964104923241266,-1.5066737664553171,-1.0482189389495384,-1.9885974905032215,-0.22069234051541556,-2.013836361977542,-1.7325921092970915,-2.2371851342774054,-1.303121915458413,-0.5866501217016252,-1.3270791700739244,-1.7071913525018096,-0.8131020599535732
-0.1625304249868618,-0.04535833878009214,-0.28900741167194194,-1.1062211751687343,0.6464515843922068,0.028832078373310137,-0.7819954738778598,-0.7739527196187511,0.4074341197354365,0.6346180770007647,0.6030197224341769,1.0761988517794905,0.46369011668056676,0.05684127554172196,0.29373984975784134,0.005902279974903853,-0.4034764117513628,-0.5404450509325928,-0.9978006562839449,-0.9056524868063972,-1.3467448800132775,0.3618227259683283,0.570336820930662,-0.6329006945765916,0.5767003877935494,0.3072210041505823,0.5255928357016665,0.44458317492156,-0.1705950623360974,-0.0902796046505735,-0.25086520595836187,-0.5857967509992427,-1.0465327080258982,-1.0584477944675383,-0.8911186570607726,-0.8040026429435395,1.1278758701342781,1.619076367430596,-0.8764863463035855,0.7250531671430311,0.8969332865521962,0.683722988232989,0.32372999076142334,-0.34690760460205766,0.4134891021849015,-0.008246617584607306,0.3230044328473199,-0.21807949559230902,0.06476513599634369,-0.005473171492095511,-0.6067528845964422,-0.43073120652319163,0.12956872592127877,0.006339126959888719,-0.11329698131937126,1.2224102034459225,-0.23874996829855732,-0.5829025742713584,-0.572202442389191,-0.7500912559739153,-0.18087387573379038,-0.4832123676038807,-0.7489917524318198,-0.6322920759980891,-0.271793653092739,-0.4102390476448835,-0.5174254988318371,-0.7330529761416146,-1.038434742404909,-1.331893795195964,0.43102747398846714,0.5215121840620188,-0.8020047942164088,-0.5400647980751776,-1.934736215087035,-0.7646842701468571,-1.5088044473291105,-2.350234073019514,-0.5053687216183054,-1.3163876919451467,-0.5802500841659495,-0.958254827544935,0.6842730862069585,-0.5598159258705564,-0.9730349551647907,-0.8298532740314699,1.0579102102228157,-0.10447247944210243,0.05358665723647793,0.24881324247152783,-1.9019025113893056,-0.8746874117244241,-2.318635485792033,-0.7986980458929178,-1.0894604431221946,-2.084396292639298,-1.6069683030401352,-1.7550713305517958,-2.0195119006275917,-1.290434482351449,-1.301278505478776,-0.25714708565651373,-1.642369785576249,-1.6491440900272012,-1.0473347415944345,-0.7408187708691867,-1.6945853410783436,0.015490225430014319,-1.1612945910891022,-1.1755254144214191,-1.7766252324068914,-1.3304468635059683,-0.7805353814888699,-0.7722570892581849,-1.0733361481679657,-0.10302671250890316
0.01169956144730024,0.4123433594727767,-0.1986787489104967,-0.9602153732453458,0.970099378535943,0.10727767457986842,-0.7956377352291029,-0.7809275305947411,0.4527659268161541,0.4967858917097955,0.48304880688179674,0.48064381971842746,0.3726864155895267,0.03868959117583489,0.9509137793016288,0.4757180992815026,0.5688104459594214,0.4638591439686243,-0.25769403849160677,-0.19472421720998084,-0.25161999936834245,1.0601145693012752,0.7363555833752174,-0.4334822595821747,1.0238126149941382,0.598084149439972,0.9577069249357522,0.9005718734988049,0.5252817371867674,0.7457098959815741,0.5429711126420941,-0.03217718710830984,-0.23496334206973907,-0.39992605938196657,-0.2533116326191068,-0.36217835740220045,1.7849657079888608,2.0130629554411157,0.16746529594089518,0.905795023304159,1.6175297319877686,0.8007507354282519,0.9681029341309721,0.2832153736885194,1.1315905632450087,0.8138177207192857,1.0392073964311832,0.5234266820890632,0.6010943878747943,0.5088601019791698,-0.04137508612548888,-0.2027693542589766,0.42347328205833773,0.1215442640890324,0.25552719245961,1.3163795540006824,0.47469030411106605,-0.020637887656604053,-0.3040259156398162,-0.7137300699949984,0.048423759607929724,-1.1535831400168117,-0.1445702475554005,-0.13221440218777755,-0.5462706374371321,-0.7157049493948692,-0.0732899594313875,-0.32505208954117515,-0.3729527164968059,-0.7174513224457405,0.1324637793687326,-0.1565348399251001,-0.7766071841264863,-0.7261387822205928,-1.8937706639352667,-0.30556971141531386,-0.9774882432049671,-1.8323694280746954,0.40994594846132487,-0.356740301504395,0.42778457183311497,-0.008895018176912428,1.3912015689923845,0.3870682483291548,-0.6205890620637546,-0.36870835690523607,1.229691798427451,0.1484563035612105,0.3587340997017111,0.37663772906661563,-2.1067618489569058,-0.604652162669196,-2.49943772994828,-0.872557873183285,-1.360347198113452,-1.6468215233616115,-1.2059904500053649,-1.082801979827028,-1.6609617307139546,-1.1264481392001222,-1.297132127937852,-0.5023178726606139,-1.7431423531290218,-1.1240925154877288,-0.3763563938525872,-0.30468398311320577,-1.2139083906813977,0.12432651804996347,-0.09210154978277046,-0.46308843514535686,-1.0055646706388583,-1.1657692808430016,-0.9207245680941297,-0.06140125309199497,-0.30020841592046954,0.6956513502141721
0.08989893186448333,0.7165587522094342,-0.20762820262533263,-0.7488997199235206,1.1641326057440755,0.12257495345039228,-0.7742726049384688,-0.7154073762370075,0.3662168688433227,0.20804671903099017,0.1631041570222149,-0.12181735154075615,0.09735372472808727,-0.0038613975585923637,1.3394649576670146,0.8333996452872268,1.3949556495774742,1.399756937104829,0.4153411033901597,0.5121224923251918,0.8627865191459866,1.570928522801361,0.6995824036598305,-0.3446121179599042,1.2606608279090326,0.7029885961676128,1.204758964269929,1.2044721193140464,1.1230163022857986,1.5193266530973808,1.2354763354472662,0.48164902453689856,0.6004907433036808,0.31727003216669164,0.4509292579641438,0.19061719775821218,2.2093415858936734,2.121006148850055,1.1030930646654191,0.9119977476845355,1.962144053437023,0.7779939378534213,1.4878079108114344,0.8287747833677229,1.7324116919454482,1.509729462913839,1.6091307967582085,1.157399780387939,1.0015372291017905,0.8931003580070968,0.49534007072504893,0.05743115953634526,0.7456828081986033,0.34729751559920163,0.5927003725716101,1.3040702574243912,1.0749907161063617,0.4674916951267856,-0.05093954832975164,-0.5446229090998659,0.13117525297955723,-1.7425621262287754,0.39095433046667205,0.3974421451854023,-0.773427835664769,-0.7790362161320807,0.4978747769276045,0.2464568590598739,0.2912112641229597,-0.04218097043034106,-0.2873969205576644,-0.8581720147784146,-0.7067045367855869,-0.8800554972239011,-1.6682600241068548,0.12245997982175287,-0.3471138994607179,-1.160003216865189,1.2573745715102027,0.7412566933615228,1.3369218567669543,1.0039740942596023,1.9447423830902757,1.272721455313081,-0.2140186176103886,0.2016198319039944,1.2886035956386255,0.38412362572973086,0.6306161499061448,0.5541787512217153,-2.0962204114174208,-0.22660851857500006,-2.4260879568931437,-0.8788408067792461,-1.5532128484762988,-1.00574290781636,-0.6676903482954548,-0.32324500101067943,-1.1762669663925363,-0.8860918779447473,-1.2375289965834746,-0.6934216483860453,-1.7430771790593764,-0.5369175024837017,0.3940299163049592,0.16126274759888376,-0.6209430806055164,0.0976472535326753,0.9972205260863465,0.314766429549352,-0.038412003269038514,-0.8218641102482857,-0.9796611830442927,0.7143196166975961,0.5142616156695553,1.4572252656347098
0.10448344052466867,0.8455997439349342,-0.27870328200714645,-0.4751415591339848,1.2414027884526602,0.10982520681191202,-0.6629538545752055,-0.5367415809309843,0.20364929315880745,-0.14359749740673583,-0.292620495953931,-0.5792233772712343,-0.28107676762505934,-0.024143798580403213,1.4218504838278334,1.0625075219338795,1.965792308794595,2.153948522297889,0.9172046993328605,1.1151474416924618,1.809541799937643,1.8356217687547138,0.53294799071084,-0.30834907079936363,1.2881886296797007,0.6576974120946935,1.2789089535073674,1.3734625537761984,1.5489875849244397,2.143422288568167,1.7338265409659335,0.8855470257749972,1.3509535628287133,1.0005776684198977,1.1348763035755287,0.7566926668518669,2.3542573134554594,1.9184568291438686,1.769879893758047,0.7365972971504015,1.9073482214814472,0.6097599742555128,1.837587366493739,1.2424569983601208,2.155585118708936,2.009192148576337,1.9672228351632723,1.604166638842436,1.2324113293457988,1.1159393026641875,0.9401901395841346,0.3067795525174022,1.0604720146653503,0.6568925984010643,0.82320777048367,1.175578706862938,1.4982014672004902,0.8380514483674905,0.16015420270202826,-0.25369909171816396,0.10340320641608149,-2.095451861861467,0.7897996836593073,0.9043279320116862,-0.8811678518022978,-0.5697239740136846,1.133613315622243,0.9069521011727438,0.8762110160760797,0.6181784080946501,-0.7710054214019595,-1.4269118302914932,-0.591595868261872,-0.9648158594005904,-1.2984245912965,0.4453228038060706,0.3020050797062934,-0.42933139622851463,1.9382297603690064,1.8333576679857115,2.027396120139386,1.9467389414808252,2.276302187410441,1.9851302716729355,0.17496742160946493,0.8136461436730423,1.2217992054946694,0.6023168369449539,0.8173582220222687,0.7947229339934028,-1.849600771864639,0.22681741611250494,-2.092571762766487,-0.7783408309261082,-1.6492451158071633,-0.22777839458171684,-0.07681733676840961,0.3768731929769548,-0.634810763843145,-0.6252216375266739,-1.1268496468303737,-0.7463101948199192,-1.6291538533541436,-0.006734357472074701,1.1374765865585927,0.5501708032728005,-0.0038712775428763496,-0.03353112135684568,1.9139255529412684,1.066840476140157,0.9744865276083731,-0.35451602226538464,-0.9452861280952954,1.4499386158048209,1.2720577591103914,2.0736836323159586
0.11001970831771891,0.8241792760115535,-0.3529606374176287,-0.1449432968125182,1.2456292701083538,0.11515666871130827,-0.4155818180110745,-0.2184859021688241,0.048030713609443144,-0.44658853451310476,-0.7891507376499004,-0.7731712556004471,-0.6473862237672873,0.02483041684169778,1.2362768577713417,1.174690040037571,2.2320660748355476,2.6566734428701015,1.1866663699443394,1.5392905503055943,2.446600100934618,1.8530692047433561,0.3397872978975387,-0.24760788138508522,1.153243426658002,0.5312733915699863,1.236364062329893,1.4534360948439684,1.7645999896938538,2.56055363018313,1.9834527492498937,1.1337552350783202,1.9311801476039705,1.5684129526024801,1.716891445103636,1.235809444328065,2.2434321552578718,1.4545447964607037,2.076637033384024,0.4310663260080248,1.521632129551431,0.32131676950026444,2.012149032946535,1.5171940885007096,2.3762965141584576,2.287859949165119,2.0975043265162028,1.8368876683206508,1.296153032176125,1.1873172801524712,1.2593171648948756,0.5197274815791668,1.338266922582037,1.0150353056566255,0.9013252162133816,0.9540191077735772,1.7214685081274363,1.079234271579275,0.3193793590858808,0.13431452460520693,0.028646142653280634,-2.090533679086903,1.0135000312390872,1.338171846297886,-0.8076962245929482,-0.10286668448834468,1.7643117198850036,1.5717636328053803,1.3355737103714758,1.206708103013317,-1.2446430279343734,-1.7368520763806028,-0.4329750733311909,-0.9509542574306868,-0.8328644151299696,0.6062614413052384,0.8965672949473185,0.26675870402404533,2.4003155917126695,2.7817815417183316,2.4371570800022893,2.703600523860634,2.3670296294668214,2.456770871950189,0.49924552431903496,1.403729469587566,1.0496063274684995,0.8146048239064225,0.8944629552422376,1.104314443120902,-1.3856851852327434,0.7120276140640571,-1.536011255673257,-0.5377776239808869,-1.6279482540495256,0.6085861777833085,0.4807601514362819,0.8935286988389591,-0.11096576575392719,-0.39641463519667697,-0.9627546175686272,-0.5918433360373047,-1.3903309159363577,0.37650177742241764,1.7401763619501671,0.7725980770735487,0.5536969155575132,-0.20959934115899376,2.5097376258081256,1.717452490259859,1.8794742116886018,0.15163120027463847,-0.8198387157643023,2.045367527431168,1.8887231654681924,2.474412258676759
0.15959047735615078,0.7063555287040203,-0.3707534593408016,0.22527160836764168,1.2327282861426643,0.18188601524230227,-0.014054603468029354,0.23819758780532965,-0.013834008088540465,-0.5928617980786453,-1.2251473215853899,-0.6504637341037446,-0.8851398479730178,0.1723239786723266,0.8778759343897493,1.1970229479820198,2.2053439821239396,2.884168032612442,1.2125297415841514,1.7433390340151225,2.6999882122664802,1.6708201625200783,0.21926255619346885,-0.09738510472061108,0.9287905401067228,0.4015513367547081,1.1523667292626567,1.496284877448126,1.7655008192686221,2.7452054357511466,1.9706625444435497,1.2084289058223106,2.2880897239707543,1.9600000160914282,2.1306133802773695,1.5472993344772457,1.957036337918384,0.833517722067386,2.0147858688689806,0.08845748371070884,0.9350493620564149,-0.040088216306366026,2.03810236811489,1.6762692165682933,2.4040659702265965,2.362305398165499,2.0274395193220065,1.8775126002147413,1.2213394616168272,1.1454020277319492,1.4457376393908068,0.6889789712232154,1.5592712637012212,1.3839560212897504,0.8189212232022579,0.6897836863628938,1.7567604537035013,1.2016206798682274,0.4293241790127487,0.5803949450905008,-0.028188489209347068,-1.6725875499170566,1.0522708287286555,1.6512808653022855,-0.5218277079889196,0.5598078509335108,2.3213315028289596,2.15928833034649,1.65495189436215,1.688240695322453,-1.6363807871381797,-1.7250010039003438,-0.24216707794561831,-0.8277175428702074,-0.3212366954042417,0.5740738064461831,1.3790991292902415,0.8519175042709508,2.639482472766853,3.4747993506732717,2.56473428136473,3.1912078209027768,2.2436452603049966,2.667392884377159,0.7401837375975745,1.9142322335134538,0.8196424225544036,1.0281469008995996,0.8685358902378916,1.4723893954406106,-0.7608488799831342,1.1810187448793932,-0.8308264052088986,-0.14357420104566543,-1.4694199488009823,1.4193209275946301,0.9327920154700019,1.150831099560063,0.3261985230728709,-0.23635566738765582,-0.7398504777755743,-0.19808978348230777,-1.0253533127655843,0.5763632533552484,2.1218222055031086,0.7776363234619335,0.9876394214944553,-0.3614581540244753,2.7092113366967627,2.2169737408328714,2.550737768819532,0.6043492140993479,-0.6161522563681889,2.422708171594962,2.302862156171025,2.6341123969696163
0.282052081958604,0.5522573404629331,-0.2933649577780489,0.6037808026960702,1.248966339058997,0.33722381514644034,0.5182997366767289,0.7969365180700492,0.0830649638268806,-0.5052882252656298,-1.5171296417010345,-0.23775569011698428,-0.9105881944021651,0.416650554872546,0.46641447022536486,1.1574842881346041,1.9450170045662243,2.850820892031296,1.028746452354179,1.7216091686996402,2.570407777094602,1.3662953305712053,0.23459814109018726,0.1692528448200762,0.6895881365906847,0.3303212206279144,1.092692345916542,1.537909631554838,1.5751426765669214,2.7002484629209427,1.7188452579470757,1.1183846443123775,2.401654647125679,2.140259294714453,2.3309665425731003,1.6461052195878378,1.6028123384562318,0.18394239404615687,1.6506630220293912,-0.18601252159357795,0.29777889320515344,-0.41694848352274233,1.958018869103575,1.755012750941204,2.273558950403329,2.2751702518049823,1.8114702570424557,1.779539484641087,1.0476538968830316,1.0371209307970024,1.5098413803731459,0.8187244537928564,1.7129320177713778,1.726851167403435,0.6035306327097358,0.4457230307001449,1.6376270250308882,1.2244392752784572,0.49619647200549305,1.0314467086668844,-0.025527816255137493,-0.8728878882585703,0.9196592197649351,1.800854578311166,-0.0392861560789912,1.3165622190213797,2.742697383005419,2.600807581687609,1.843332731165541,2.044973203584365,-1.891816044851051,-1.4058737288354075,-0.04478677950097291,-0.6099117100594342,0.188162875844321,0.3479890200740911,1.712092339304711,1.2736685690358331,2.6881903965644636,3.838933016600264,2.456546109437932,3.3654957171531157,1.9635797607621563,2.6353999539895523,0.9005386600310556,2.2927338787075366,0.5915244782384708,1.2311209461857369,0.7712115666295164,1.8653268810866597,-0.05956258869019063,1.5872210309683468,-0.07530907824447253,0.38589782263689426,-1.1611021542799957,2.1204971671495274,1.2299086512483135,1.132698332840041,0.6216808587988497,-0.15876937127749471,-0.45579304189790376,0.4133753619078651,-0.5518946659358124,0.6175331522052228,2.2461515109652064,0.5641028762666144,1.2612932810521036,-0.43269596519815307,2.519944424789645,2.544279519788621,2.9122081414165937,0.925920861038331,-0.3535461281944958,2.5386588099572744,2.4806716124259043,2.5681232859157292
0.4682915571136909,0.4070017152493984,-0.11838766839391839,0.9438688495999638,1.3128907596742525,0.5827692773038089,1.1135899116904666,1.387370769764931,0.36095455915660035,-0.1588723035707391,-1.6172737777425408,0.3648777025199786,-0.6979266651257461,0.7214085754527346,0.11062929004753622,1.0738969326833592,1.537004003279622,2.5961090682121606,0.700508664664077,1.4994756793986341,2.1237902285495673,1.0238441231857152,0.39360759346865387,0.5285678724790771,0.49082428622439467,0.3454452754517633,1.0908276418200475,1.5839295292609696,1.2360051447192606,2.450666544675671,1.2806988997139384,0.8943897448571888,2.2804059137370225,2.100557004365403,2.2963621234343656,1.5293486137587553,1.2820655655797066,-0.37506522660238484,1.1009522368364724,-0.30740781478919715,-0.2592182385193523,-0.7532520664535284,1.812825704413318,1.781436240558061,2.0313245701569134,2.076560388262097,1.510856540678483,1.6045741252845285,0.8117752147259042,0.8997469055843871,1.4677855690223263,0.9140946639951957,1.7944583158715095,2.0087869989953817,0.30780435295651326,0.27775211780239323,1.4048686263324812,1.1635277514392939,0.5212256960536351,1.4235079632853893,0.040251902500439855,0.1905591880591821,0.6456118498984696,1.7545944675112046,0.5707200227761797,2.0397675402621056,2.9770348316372273,2.846297946969441,1.9194767741288918,2.26841823652635,-1.9838620496940775,-0.8657701533102486,0.11956370217589855,-0.33821192547062445,0.6470332219059773,-0.041718793436032284,1.8780566438027695,1.5047553011362123,2.5964491539515615,3.843851893075628,2.1845894178605394,3.221558827748608,1.5948480683690531,2.40272553686675,0.9905658427671735,2.4914121940448295,0.41745422413659644,1.3866076993015843,0.6458108188510597,2.2262665794116714,0.6203108679787123,1.889680274767441,0.6262583450537633,0.9942274176071929,-0.7067156347240464,2.6346951715450397,1.3487370580139868,0.8792557487546059,0.7408320016453929,-0.15466133661425965,-0.11797316386527353,1.162670477687136,-0.012969498997681876,0.5729300887357102,2.1203411087682897,0.178827826818796,1.3658068711037337,-0.39797278770481437,2.0233606807159674,2.7017704930347954,2.94581906514535,1.070099863608251,-0.05496229431137016,2.3900221781382376,2.4161342041844884,2.3186446829621388
0.6715307129604784,0.288778354129008,0.11607319213298217,1.1904085263398339,1.4066423906061636,0.8912481603640499,1.6685087753039676,1.915992511542899,0.7888592493721894,0.40959657365105717,-1.5208362590409983,1.009672734270611,-0.2885122536757437,1.0228295594920478,-0.12041936652331076,0.9500117757502454,1.0712834061101972,2.17194640847062,0.30629193521903436,1.12523916221012,1.4701587051100278,0.713943264084744,0.6470023283119563,0.9106092770465918,0.3556400523984133,0.43467505368078335,1.1376087666574528,1.6073671794835989,0.801453078695785,2.0374879986992744,0.7288515610256568,0.5826308172395572,1.9548407293104109,1.8569300768565162,2.0285636140682555,1.2328932242116,1.061268420894564,-0.7613468356741243,0.4993856624793286,-0.236653971411324,-0.6508575700262142,-1.0043357939770763,1.6289493989281205,1.7631831575937236,1.7232532915665797,1.8083971755193453,1.1769666551372144,1.4011629946770894,0.5393865436118906,0.7502161558879205,1.3329216107120372,0.9719390217358493,1.8006490158247979,2.1965041124581894,-0.005875825560803878,0.21702312894537062,1.096380042022713,1.0259536052776836,0.4966668761423281,1.6896869810066704,0.13538209084839373,1.333995430417809,0.27069085182416935,1.499323426926725,1.192435787587032,2.5959819992481927,2.9872745610610463,2.8671635356828973,1.8994243344486097,2.352223688281392,-1.9151634706558525,-0.23964599834120046,0.20358684254292245,-0.07224649571333562,1.0052525360990059,-0.5377177346064176,1.877095223547097,1.5403044316809866,2.41254180389474,3.5018519733486557,1.8227997015576973,2.789035402941566,1.1971950283632096,2.0194610706029623,1.0139107264764202,2.4695611172266134,0.32537757683974,1.4388540854188308,0.5314370385011281,2.482905316314937,1.1841413217568226,2.0556503568931928,1.182029573436986,1.5904939092852894,-0.13381561461777325,2.89894447986406,1.2901880364069804,0.470798408714485,0.673040667934265,-0.19923930984207702,0.2515831137766766,1.9214636874010795,0.5233939428667036,0.5337918410098929,1.7860724846429894,-0.29713206638975664,1.3148158146610642,-0.2714257489443678,1.3495285109925328,2.705845124704479,2.6861266609778927,1.0300178782377494,0.25402732515277443,2.0120395435557423,2.128443315367645,1.9382142679936267
0.8219191173479289,0.18937979439604602,0.33999397677137727,1.291731829043837,1.4794083294537144,1.2106529400970485,2.0645111411830857,2.284794901718336,1.2859881668989372,1.106174140077957,-1.2623833524883443,1.5391490926012088,0.21878655838290517,1.2463806020358448,-0.2113375762409223,0.7795483182653242,0.6244411015551158,1.6344173321074416,-0.07905579600795519,0.6609370567682732,0.7373715959402016,0.47967866650361274,0.9044606874216837,1.2191113068192863,0.2743077999271538,0.5523056746505813,1.1858916833833182,1.5588094126046714,0.32981019733886996,1.5135267943006663,0.14642768473219472,0.23775994799018127,1.471536321577015,1.4472299324653168,1.5518304769510265,0.8200720321377173,0.9575125733076789,-0.94427451661194,-0.0357886394388444,0.008126661710238658,-0.8468070945455833,-1.143589280163966,1.4144730579231262,1.6855582622635303,1.3866009415199247,1.4966886389483605,0.8430693182754515,1.1928825072032474,0.24569002122758044,0.5855939941331987,1.1136559818744176,0.9774146474119008,1.727388661573709,2.259109877698386,-0.2809440065427407,0.25948704551058266,0.7438816484932812,0.8130893712352893,0.4086700775595713,1.7728201543760038,0.20409172571816353,2.3460903536653386,-0.15726257707861113,1.0503251467259056,1.684398871240746,2.8691279204708975,2.7553808873393266,2.657485599186726,1.7898244791665312,2.289468448320841,-1.713853367134828,0.3226291243536179,0.1638740855966575,0.12262443571116187,1.2125157603664989,-1.063722891335144,1.723862136131451,1.393583049402322,2.1701946579533304,2.8641030558221985,1.429726593176989,2.1257759966247805,0.8100419525243573,1.5335343154762038,0.9597460280331508,2.200703137331166,0.3104655359630965,1.3312220826009864,0.4498015171665123,2.5625526461410084,1.555860573900524,2.062364697343688,1.5277817943599188,2.063403693759335,0.5035819208895106,2.873748506850631,1.0752852703917561,0.005185501040961382,0.43317485982485765,-0.2627262898590583,0.6153678754879673,2.5369894420731285,0.9734711745521206,0.5728418375532287,1.306834668186713,-0.769920331666014,1.1366908426857418,-0.10183905496590417,0.6433370882172107,2.576909198282352,2.2051031452458725,0.8359790460754574,0.544895392990308,1.4706148343006165,1.658300280565633,1.4769818518294473
0.8507205238459535,0.08578804901025008,0.4707616495519979,1.2139257737071742,1.4622940758703489,1.4752760805420393,2.1947699984788582,2.413589562227751,1.7386217916112228,1.7981293768814688,-0.9030546558453005,1.8259757616243548,0.6935128928346558,1.3277938719810884,-0.19691419315620842,0.5559277812571548,0.2505599477170258,1.040849849701884,-0.39652941862160623,0.17389961767475917,0.046489001869162334,0.33319877803327935,1.0631740294534437,1.3606561884402857,0.2141972795558632,0.6360946442346579,1.1682401384948466,1.3857911033021384,-0.11960154234961659,0.94060238276194,-0.38200017796849206,-0.08372081874334282,0.889133155884061,0.9276826816904814,0.912199996288874,0.36654530701792765,0.9410479247129231,-0.943823628336904,-0.42545361489364897,0.35739119015882337,-0.8636894624048739,-1.1652481767844762,1.164858321684472,1.5210759125956972,1.0481078150854075,1.1532512135075323,0.5258829287335802,0.9788016399057858,-0.05695190743782037,0.3936039406941119,0.8181253516956625,0.9084057008515853,1.5702968622458895,2.1711806698882565,-0.4782325220363009,0.36639902666847934,0.3758461993823622,0.5300806276705556,0.24610402179054117,1.6404389144309908,0.19307848562869556,3.0345415393734068,-0.584588395988847,0.45764774572389916,1.9106212148958255,2.782948048555074,2.288151417862465,2.2349808655710217,1.5891136465114075,2.075736902612195,-1.4247543164601237,0.6921155253445345,-0.024714253396655384,0.19226827905333904,1.2258127668382917,-1.5355361685142943,1.4451808579908163,1.092729393783304,1.88563326720749,2.014836974390916,1.041847504025302,1.3115226051707625,0.4499895337824448,0.9878110488456588,0.8050668068286025,1.6833173323987762,0.3377291318500047,1.030272705106445,0.398946975810314,2.411143300005199,1.689498620787606,1.8988845456565964,1.6360572967387141,2.303980254874713,1.1294670260494273,2.551627180007472,0.7407411030166712,-0.42460381427650906,0.06097127260595466,-0.3211255614503938,0.9249889781905605,2.8657096147375984,1.2553448511761622,0.714035506704272,0.7556979519869013,-1.15535335729271,0.8673049024058825,0.04432995946687236,0.031219755368494397,2.332720076509753,1.5929273025107724,0.544802994785935,0.7859821830329525,0.8502961597524835,1.06401104863536,0.977765225505823
0.7159920497876995,-0.042576914831430106,0.43807541426259583,0.9535106279803989,1.2906472718495527,1.6213641949939777,1.9916098609965072,2.2604165484213294,2.02667978448987,2.342207936987927,-0.5132317220613899,1.8039541154022982,1.0085631696455206,1.232172764052299,-0.14368578938115364,0.2832251127898188,-0.019747641924516928,0.450199614075855,-0.6090419140071237,-0.27036205642992467,-0.5062051173763228,0.261721333741816,1.0401255515403,1.274318016065839,0.13656518284675412,0.6290572005388004,1.021928941650035,1.0553568014013046,-0.4900617087246634,0.3863450618449466,-0.7794376499376809,-0.32968948641041845,0.2754279833088708,0.3682672738720204,0.17650891067612018,-0.054367284816962895,0.9524823850986814,-0.8160497289414614,-0.6396264474021974,0.7108734326494248,-0.7465675723926108,-1.082981368833501,0.874936987605976,1.2465297036498713,0.7270485993730395,0.7846196671473834,0.2341464842443998,0.7446531483052382,-0.3488368452634036,0.16810400002103912,0.4629092201843473,0.7464166505296095,1.3284809320857522,1.9184805276934227,-0.5811414759119735,0.4758361054678414,0.023100180441713424,0.19665881210579872,0.011513723153141442,1.297608177345175,0.0758526130433512,3.2696201148242956,-0.9534180367834829,-0.19458132608214565,1.77516380375394,2.3185181761931757,1.6225257455755473,1.6416745508668922,1.2952698662131963,1.7165085996804637,-1.0986465047660405,0.790464247205828,-0.35584107525470343,0.11042912213440201,1.0220559386311794,-1.8734962231889125,1.0784760558975204,0.6792856967956395,1.5636335372947878,1.0631968325016974,0.6772476948728219,0.4415820104698023,0.11713157541583451,0.4233010339916667,0.5269338810102706,0.9517082776334496,0.35478322272139445,0.5471557933956742,0.35566703753856316,2.0110047198103334,1.5753993677674212,1.568479521318676,1.5179924440922554,2.2320000462270566,1.6572790608679198,1.9629724749519653,0.33531973138769705,-0.7473260612371633,-0.3820494512392296,-0.3632587402436467,1.1309937217994246,2.808772412517932,1.3104346727768879,0.9206610779070266,0.20599193972793892,-1.3959104743870856,0.5448846238878527,0.10672764886137137,-0.40315763616525163,1.9871473055820703,0.9403625486863024,0.22425190330563413,0.9441675172322823,0.24023909269006002,0.41724508322254295,0.4787212783983315
0.42094771248404556,-0.1982332129835405,0.20747383877394965,0.5443698390551757,0.9276050365814139,1.6036983374145357,1.4475102459133358,1.8344595769052712,2.0535391835128665,2.616417637518113,-0.1557028755516767,1.4819082344715284,1.074334699771832,0.9652370796859167,-0.12331520927516829,-0.01662449943919113,-0.17508425970837724,-0.07689778899611684,-0.7019310159065041,-0.6143062708170118,-0.8583389326676935,0.23982192740870242,0.7985799509212855,0.9529436483188756,0.014381876927539772,0.49951386814376353,0.7135901169355002,0.5725635876220532,-0.732435589477897,-0.08159433535363943,-0.9858652881441409,-0.45855783418165363,-0.29638854649133123,-0.15419660995262685,-0.5704273572480114,-0.3826526815184221,0.9277647723962746,-0.6304670710109395,-0.6932550770519456,0.9668757689200083,-0.5478618557627892,-0.9246092711632036,0.5514145495178643,0.86068109005218,0.4401028836659684,0.40316892277035227,-0.021134251333007652,0.47914667480639433,-0.5960828973111046,-0.07759947253144595,0.08094829488253463,0.48963284176808625,1.0097497056466633,1.5048819679214518,-0.5941468346332767,0.5217796172989068,-0.27747394786113416,-0.14659098999746323,-0.2709699012705119,0.792606028460287,-0.13241853783512347,3.0135099327254724,-1.2057430495326782,-0.7983245636933244,1.2513008122745768,1.522874196900454,0.8275991102452501,0.942991654061331,0.916244850954278,1.2352643909071195,-0.7820690927629194,0.6068258128452895,-0.784231102527475,-0.1097621809542653,0.6118173475264712,-2.0147274716663657,0.6700564906457078,0.2074755332498964,1.2080954640904409,0.13162164485737715,0.34542314856224,-0.38093509322391306,-0.19350576319182425,-0.11570917252798125,0.1202203235702619,0.08204188102329053,0.3104520262173828,-0.05271001368053199,0.2855849453118274,1.3917345756878838,1.2405083055817443,1.091196946624757,1.2181856710485655,1.8195999119513653,2.005937337415692,1.1769568951759073,-0.08347451786043682,-0.9220076359731986,-0.8190659129743556,-0.39195193968674336,1.1957397849015199,2.3398522484105935,1.122511424534419,1.107115263752717,-0.2749552887115694,-1.468038236556288,0.20692738835816205,0.05376215101214866,-0.6290235033503961,1.5539635382923536,0.32628416281160416,-0.06321565368936759,0.9894070479516222,-0.27961493173780344,-0.20253136650592957,0.019586443321922938
0.018454153833582832,-0.358039810519272,-0.20445078991352725,0.0559698453178883,0.3819421333472637,1.4088036614621136,0.6238520913709258,1.1975177796004564,1.7716390909724948,2.5479210598787154,0.12637907904578194,0.937205970022346,0.8625659197842636,0.5730874901662727,-0.18651119188364013,-0.30387213184548456,-0.21764922768477318,-0.4816473361952144,-0.6796434336848586,-0.8141481445157492,-0.9824978270302425,0.24303492883490055,0.3612341035963616,0.4496880334214713,-0.15472754930589414,0.2533900438066726,0.2559181344613921,-0.01153876965019083,-0.8121053647684654,-0.40483508025446235,-0.9675634265830154,-0.44535839822376616,-0.7541910202110503,-0.565850469336608,-1.2325108861364884,-0.5776635042238932,0.8221455316200167,-0.44661284887443703,-0.631107230272687,1.0516565344410373,-0.31107538847220323,-0.7240886921033174,0.2200198551654414,0.3953369990715788,0.2045249128795073,0.03483535263527603,-0.2203583455110014,0.1882330319495588,-0.7517765124216778,-0.3058956167812326,-0.27626629880170195,0.16247965518523438,0.6346664115905698,0.9578389345312259,-0.5363955719276884,0.4549171361628636,-0.4845895853944042,-0.4407122446003639,-0.5551377128261157,0.21181229733798546,-0.3756179289261225,2.327796727030508,-1.2911294597196699,-1.240912613593235,0.3968067425094422,0.5058842113801838,0.00037690823411109435,0.2233056564022905,0.478158907291188,0.6780369260520973,-0.5095256362179748,0.1983606420227865,-1.2277531949799663,-0.4136635953755507,0.04812837360464877,-1.9234977061764753,0.2717953764554342,-0.2580276097642124,0.831306442567891,-0.6599042008517086,0.05715794905915891,-1.0559239705325727,-0.48048652529700997,-0.5795168264990223,-0.3864251865355847,-0.8111072464229924,0.1730838227372292,-0.6573484164174375,0.15741022340586364,0.6299183343117638,0.7429453157210637,0.5054807668293045,0.8042422419229225,1.1052728692006548,2.1166628396349045,0.2958008339289432,-0.4538452986274946,-0.9383542068391646,-1.168507509443678,-0.4194745843387904,1.1055375619167642,1.5169900832803231,0.727372867744967,1.1708526474437189,-0.6305814839342642,-1.379277354523157,-0.11184487979853518,-0.10370535287345686,-0.6637658280875184,1.0530859830393697,-0.18880688424836836,-0.2735037004234309,0.9017491044340574,-0.6501774490499522,-0.7160744773639062,-0.35438636143446034
-0.4004155779783869,-0.47680808551180026,-0.7281496414913939,-0.41787129981030485,-0.28557103871754635,1.0610382822739715,-0.3557646706015523,0.45305980067277224,1.1972718781884877,2.13043611240933,0.3144124609750876,0.29157898766751145,0.41345604968842503,0.13046094406428493,-0.34546649060757756,-0.5288972349926021,-0.15920111083703936,-0.7153032879409347,-0.5605376854276266,-0.8453489223920727,-0.88197689190494,0.2578333884758675,-0.19348987371698378,-0.13229342408038627,-0.34476441967214816,-0.06494205533445947,-0.289066318423173,-0.6061665563337802,-0.7165604436833201,-0.5456932480719141,-0.724641294990276,-0.28691250964425125,-1.0365374747108123,-0.8077029667427048,-1.714207604146581,-0.6199830890113944,0.6252977816367236,-0.2967537339185232,-0.5076487765063193,0.9406044509941186,-0.06358917545489584,-0.5126473847283312,-0.07632081679243201,-0.08512141401657868,0.03733117597324115,-0.2805717479020286,-0.3364175080891682,-0.09876345030319465,-0.7664387841497046,-0.46148567322570794,-0.5451993636067173,-0.18321155538823658,0.23690668101083745,0.32947205229590143,-0.433316234658526,0.2587349132340882,-0.5603203001520874,-0.6203053456719377,-0.7812863571298484,-0.33670354780976797,-0.5732957142697344,1.3573063436444495,-1.1772184055807295,-1.429686836130244,-0.6503758087146361,-0.5756181074059447,-0.7464194849596639,-0.42354669003415774,0.027202161863736588,0.11117072028103592,-0.29914553299711755,-0.32545091631817386,-1.5805386809848412,-0.7144260477361511,-0.5751796837131194,-1.597889454135392,-0.06477252466377556,-0.6479172096343043,0.4573410303335262,-1.2126547862636956,-0.17067073911353572,-1.5004257643673558,-0.7290907496958586,-0.9170823901296463,-0.9240228471454621,-1.5900317547763105,-0.05742672670730469,-1.133172142276517,-0.043451566969462674,-0.16365698402847628,0.1619042996663389,-0.13268066213080731,0.3534351323902543,0.1931791791868287,1.9665907679963164,-0.5580907960909289,-0.7166405485025994,-0.8113498561045602,-1.3580656095720918,-0.4593619344340842,0.8778333463732516,0.4738776690574235,0.20867625024802397,1.0331989575688152,-0.820275318104316,-1.1583100421736392,-0.38157254193647716,-0.31271308052070557,-0.5570462436723953,0.5156502483212713,-0.5646406041597618,-0.3880186748239298,0.6789797728393792,-0.841121067007522,-1.055143029430806,-0.5955334661262282
-0.7306444624602925,-0.5010600323327922,-1.2540369336981108,-0.7777496560580179,-0.9703196206089648,0.6194866752295265,-1.3271477286383844,-0.27468448403198614,0.4105326541214357,1.427019331599111,0.41222571948710357,-0.3229500130661872,-0.1753980878037509,-0.27884759695268857,-0.5697460617695862,-0.645548793390967,-0.0195250516618016,-0.75036641103284,-0.37126363434380205,-0.7069663836217851,-0.5846293915932788,0.2847824187850023,-0.750686602192206,-0.6642412243004601,-0.5082901729572005,-0.3836646121333188,-0.8220621928091276,-1.1008321342797465,-0.46089894370264595,-0.49730504400700015,-0.2941081476155612,-0.004348713722739499,-1.1039654511041437,-0.847255246605002,-1.9368977196115922,-0.5107687197982406,0.36314289399545757,-0.1795575032994715,-0.3685737279203367,0.6652316911179887,0.18133400397367636,-0.31136737617978444,-0.2882592705721046,-0.49667706522919386,-0.04949749135358765,-0.4973487718063904,-0.3432429373075676,-0.33396474038461277,-0.6050343357955316,-0.4880049422526564,-0.6650645009795321,-0.47760608606793103,-0.1414098630579745,-0.30878266134023796,-0.30924353933560605,-0.044185908888101,-0.48169657521681986,-0.6316956898612479,-0.8919568520338407,-0.7475871009186962,-0.6475478432477436,0.29494409381549924,-0.8601363372368213,-1.3156608629984343,-1.697150857733329,-1.5449022262457308,-1.303709026386721,-0.908691974174513,-0.37648826816959924,-0.3885853067586253,-0.15205107076965885,-0.8304907014564694,-1.7353623191907506,-0.9124786661269129,-1.1379827198305659,-1.0711710514152186,-0.29664266025528885,-0.8982092510317021,0.11819289930419691,-1.4676410995481255,-0.3175229345916625,-1.6640607478375768,-0.9117479527193756,-1.0862433265118367,-1.3912138059135752,-2.1196105756511496,-0.34790366627697283,-1.3607613948048534,-0.3065973513783786,-0.866998419064613,-0.41527168530516867,-0.7542906014702001,-0.060751327961965924,-0.7638439470536562,1.575937930176386,-1.260929112334766,-0.824897288363578,-0.5731282969586495,-1.3396794657619255,-0.5178443583488535,0.5603075568411203,-0.6082649091775858,-0.32023045253226573,0.6739823613171956,-0.8256919438360438,-0.8430128303629422,-0.5797159765806656,-0.4931040101135417,-0.3703337348432159,-0.015236476820436362,-0.780673137738765,-0.4136671605660024,0.34219986272904596,-0.8539795591342617,-1.1747822322663433,-0.6650022110207086
-0.883044045453333,-0.38818766021095713,-1.6576183690777255,-0.9407974238877492,-1.5457257422101878,0.1659532715403828,-2.117892168361575,-0.8664211589110427,-0.459985975170902,0.5575272042476926,0.43903704127172527,-0.7976362434325578,-0.7745230917998915,-0.583263509726044,-0.7962854781201849,-0.6252483972478428,0.1736667816358581,-0.590852917886498,-0.1415298602127324,-0.4233595923488856,-0.1373488081886408,0.3343752894896031,-1.1882044051748242,-1.0235791514570256,-0.5920118683919615,-0.6232873424270668,-1.2313386403450202,-1.394205953448897,-0.08830194891537596,-0.2883121718918314,0.25398374333460666,0.3589084180713059,-0.9489260195603181,-0.6865193362497826,-1.8566883614114424,-0.2700485716161368,0.08648209636943384,-0.06626270142835815,-0.23944836732484437,0.30387903121030835,0.4167152056918729,-0.12737891536527166,-0.37611957425667597,-0.757662025942657,-0.05554431868965378,-0.5776359125310162,-0.2284819806171544,-0.46537723813802767,-0.2644695596967946,-0.34914252753374725,-0.5969192197368367,-0.6512057161547948,-0.45881576807276875,-0.8781098943608834,-0.18313029832244632,-0.3978732268247972,-0.25174578789783364,-0.4513531195766874,-0.8498249394781727,-0.9441776773126215,-0.5504961530710468,-0.6628092097225907,-0.370916761415743,-0.9091345866702428,-2.5364834164262886,-2.2393537458926827,-1.588926965779991,-1.1653687134765311,-0.6717736238299905,-0.7497082718559053,-0.05509337313876135,-1.1905078614555655,-1.6104288948674297,-0.9207418402953079,-1.5190763357701742,-0.40706702838861575,-0.3980694092651251,-0.9627417854867705,-0.15529416821471487,-1.4187676646905274,-0.36739126684443957,-1.5416146254534417,-0.9958156640472273,-1.0666311724772566,-1.676995660736941,-2.2981900985852977,-0.6411359182868938,-1.2707147097179439,-0.5966460800557492,-1.3745922105270232,-0.9065087136757671,-1.2858393427322163,-0.3796330564037933,-1.5948703013969958,1.0068083920879247,-1.7093502017261353,-0.7543640878254462,-0.26473474800839486,-1.101559358873687,-0.5880201637900688,0.22118136463097887,-1.5413514105524053,-0.7438484275645086,0.14681463691855298,-0.6568250200249516,-0.4712608646263558,-0.6933204030207543,-0.5626576402520552,-0.15891618297550386,-0.4894914480300771,-0.8351081726761032,-0.37616961082731903,-0.0632534746295131,-0.7199284188804504,-1.0642447733035088,-0.5486023443830099
-0.810450766896479,-0.12438469659172569,-1.83063040604444,-0.8608297527613281,-1.894153571530237,-0.21328473742033832,-2.583561193819188,-1.2320256875069437,-1.2644233095784607,-0.3264801545012063,0.4205721612183397,-1.0706012492358805,-1.255080869644048,-0.7400356917219844,-0.9499826156955585,-0.4669224534724811,0.38549337031135733,-0.2770979455975561,0.10031117749452761,-0.0418308136809211,0.39800357775752954,0.41771576714485115,-1.407884373982579,-1.1245251134009033,-0.5560667109956343,-0.7194811971250533,-1.423878411548037,-1.4235888628986508,0.33613344910511844,0.02079364679953878,0.8281545841360975,0.7445199600772797,-0.6009036259417326,-0.3634620011344004,-1.4788419325259745,0.0654471619139624,-0.14910949035646476,0.08280550678624093,-0.12412282701987841,-0.041472176313010374,0.6331965665009297,0.04497047554913841,-0.3254611418990188,-0.8131290441500388,0.003264586177664781,-0.5059450432872821,-0.004973240480399738,-0.45600886252150447,0.21559711890571936,-0.04659069835251594,-0.3406355877353984,-0.6568670476734814,-0.6854542119273208,-1.3086351608375861,-0.06792409340227298,-0.7292153696229347,0.09478442049454015,-0.09794369271528748,-0.6513810897470937,-0.8984699475234673,-0.28232139670146533,-1.3581322811778145,0.22543843013928655,-0.28184223970124356,-2.9954484681868796,-2.5448862790332565,-1.5666638814950387,-1.1647946913730072,-0.8125436008044985,-0.9230341977753468,0.013740559092713336,-1.3163808174809413,-1.1739086361907347,-0.6891648887173556,-1.6258890937779145,0.3104756548848461,-0.36716949286694955,-0.8248821648537318,-0.34340254268680415,-1.115839147905378,-0.3185893834033302,-1.1780200506482386,-0.9561859499858641,-0.8700268337980438,-1.6928520000374978,-2.085629669501392,-0.8732337109025766,-0.8679849248556619,-0.8619354911189692,-1.6224842810974605,-1.2467397857569174,-1.660838948001953,-0.5661788550966156,-2.1484665643470193,0.35337099070425115,-1.8410457700054912,-0.5119769891095297,0.0707107190874674,-0.6732868745156002,-0.6488848909846493,-0.06708490892638744,-2.1730552873684066,-0.9734911543637177,-0.43128861102021937,-0.3547841878343088,-0.07694844145552812,-0.7201645323640996,-0.4646362256236204,0.038529591870637994,-0.8598901741888106,-0.7442047174977012,-0.30884739147041723,-0.47312916716099207,-0.4925068885485259,-0.7529059549855206,-0.27047076661669284
-0.5224073338116928,0.26486351417550485,-1.7100082752994605,-0.5414504427846396,-1.939088282470349,-0.44763117110269857,-2.6395726576366574,-1.3278404646195654,-1.8645088437142876,-1.0738673951004851,0.38116001577941355,-1.1349628630162223,-1.5196378922630995,-0.7427849556686933,-0.9684323006371692,-0.19939816961747944,0.5770904401271424,0.11815927574633797,0.3304661314086957,0.3742682539945664,0.9481402170729304,0.5359019642920915,-1.3606240212013432,-0.9395799137833378,-0.390545703962575,-0.6422285300495836,-1.3538772600983922,-1.1859192047243594,0.7375093513117906,0.3498363639463421,1.3330822530690274,1.0908595541302173,-0.12423249406144571,0.05441202544956402,-0.8636834828546182,0.44526911391958823,-0.30479893318500423,0.2967597199484709,-0.011996393939914961,-0.2758512330951584,0.8139073031460805,0.21797965700036842,-0.15619970756722887,-0.6538366016624717,0.09476148986019955,-0.29888593606185765,0.2842454514371322,-0.30084890211639465,0.7542205580677758,0.3723153781125022,0.05695873266971568,-0.4881549189518576,-0.81213059161827,-1.5559688532523968,0.027316545514073767,-0.9699461530042673,0.49428639534354196,0.36685560042204907,-0.3310238801000733,-0.6388056439649884,0.10677320160533128,-1.7017458749462353,0.8396378905821636,0.4461577646348905,-2.978062851995708,-2.4230551136431715,-1.2608850412051866,-0.9261129766822943,-0.7817892338176994,-0.8952550751604872,0.07826269443178785,-1.1754212407253837,-0.45953711982762563,-0.22206124730342752,-1.4204002058314666,0.9909907050594635,-0.2278192217924432,-0.5045663894100866,-0.44399189258488875,-0.6548818610439046,-0.1902245526199888,-0.6624360245926365,-0.7884528944221945,-0.5433258759048318,-1.40441780181274,-1.520034175966419,-0.9935988366330153,-0.2361945934925416,-1.0494077728327946,-1.6037630285105766,-1.396510473396279,-1.8324244483262973,-0.6073112946456418,-2.328311617511486,-0.2749817656930003,-1.6496148515445017,-0.13892055065864983,0.39304611385600247,-0.12169915044503694,-0.6697937917767841,-0.2462058091378534,-2.420316714307527,-0.9691331422147239,-0.9130479379799445,0.011897141467737855,0.30926861767075126,-0.6682242182261541,-0.1889298559365949,0.2013789667703392,-1.0936874599398474,-0.5414117946882971,-0.24038200130806983,-0.8157305961895202,-0.23645805329355657,-0.3081192841589295,0.1027346429085452
-0.08396858336467862,0.7155518275970825,-1.2967378634098796,-0.03859743049355477,-1.6696237535634215,-0.4993256594951494,-2.281376906272118,-1.1636789187648822,-2.1642781766901718,-1.5660052753276645,0.3385630565006225,-1.031381508875428,-1.52368908885317,-0.618872896750635,-0.8233636131520253,0.12444357412206088,0.7116359799948789,0.5029491632699093,0.5312692229165596,0.7560462017805699,1.4332096825437919,0.6722705239472802,-1.0589907396804086,-0.5066543426384807,-0.12334764003809377,-0.40551669989780037,-1.0397564088291666,-0.7432560763251265,1.0462467553935706,0.6167540904253763,1.6888990888163307,1.3458220841107653,0.3919099453959229,0.48327562910732297,-0.12040121608198698,0.8098934086460623,-0.37361478888081456,0.5749688115937316,0.10990569449144832,-0.34060967647663415,0.9349697652925624,0.40111742153994234,0.0785523530514372,-0.3234589776694462,0.1768476574568656,-0.005904933733905405,0.5705851928311086,-0.03535346186802581,1.244606787302344,0.8212595643610224,0.5072400646436003,-0.18712680909851573,-0.8538686852307699,-1.6130808207202614,0.0944632160742004,-1.0776292129755665,0.8661920221674481,0.8501338991608328,0.046721777874955524,-0.24255365850367047,0.5314507875732258,-1.6845175915330326,1.3751159378201632,1.1322137326427084,-2.491373856885213,-1.923752737479207,-0.7541657110054453,-0.5166724014909381,-0.5990289995724919,-0.6944184269867323,0.15678107669348282,-0.7969437889610341,0.4317989168519474,0.4167181715375612,-0.9333929305085236,1.5518096260472336,-0.025348832701881877,-0.057680462821808144,-0.4727502953035264,-0.1569666485705141,-0.021793177711135852,-0.11121962720594894,-0.5178752686774865,-0.1616873742416642,-0.8514782348252066,-0.716857885648423,-0.9812025853898497,0.4805636489263751,-1.1210818741347586,-1.3698437084532125,-1.3468077550066622,-1.7843641769605052,-0.5124738193501198,-2.117717329377251,-0.7741031482860872,-1.189586588339431,0.29414125507943395,0.6686119323637447,0.46205925708534396,-0.619274182582076,-0.28719227665542063,-2.285277941295773,-0.7478158013939888,-1.1659013305562593,0.35885077245665736,0.6571846872773841,-0.5535655281375074,0.2202424618170201,0.3218693708621264,-1.1818410066664533,-0.27505291368644036,-0.1854428265308459,-1.0273647789798577,-0.014653909576400444,0.17616350163863434,0.4715895003090709
0.40098934866823027,1.1375562924338185,-0.6590948977149356,0.5486112381657899,-1.14950542858932,-0.3733060541067079,-1.587840892908053,-0.7987645001654243,-2.131261992907418,-1.741659073968732,0.3020726128349229,-0.8295043388906859,-1.2834022359366926,-0.4186120455166982,-0.5324332504748356,0.4398179631805257,0.7619840118818146,0.7859240790977897,0.6909304939460873,1.0410844831280224,1.7745947525827819,0.7906521167199427,-0.5744274789100805,0.07956651400104411,0.18398042488445682,-0.06455624243567154,-0.5636780504091767,-0.21001169552239007,1.212063724738655,0.7561007444345855,1.8468340288416534,1.4769205392327465,0.8496092889811758,0.8398745260232636,0.6118231994740286,1.0977463479230347,-0.3835289698318133,0.8771755913363375,0.24561149579829228,-0.23273825838708145,0.9711576081761408,0.5912174040010298,0.30434730765365337,0.08892886243892695,0.20881814037388446,0.3002169315919625,0.7740840797859145,0.2683002841024638,1.580337588508786,1.1951590245256272,0.8985655395650817,0.16231502992454033,-0.8460447559259675,-1.5135303969840317,0.1245155899513483,-1.049160111712277,1.1312569350289732,1.2494307342333395,0.4050308489971437,0.184439483113834,0.897828253067435,-1.3700432286032351,1.748407285669785,1.643048207783686,-1.6471134005566566,-1.178919003568814,-0.17265894044737037,-0.04116093833204122,-0.31827932893755945,-0.3852763180518611,0.2563472941633775,-0.26380094597912146,1.346686553072355,1.1129757613667761,-0.2619054634925586,1.9302251916540933,0.18369417109390412,0.43321715220731855,-0.4572591796346163,0.25952988669952204,0.13492144649985935,0.3568602924875428,-0.20029964188028954,0.1872251214361596,-0.1477909869177058,0.15153630834992876,-0.8520680515092607,1.113953809404162,-1.0668391985365868,-1.016811578194467,-1.1199140955385392,-1.5376240350370642,-0.3098148995681487,-1.5860305439822446,-1.064719703270725,-0.5690752209459708,0.7000193638712263,0.8728248998306986,0.9813550063607508,-0.47569361905635604,-0.1976279864101397,-1.8499397563347346,-0.37637632137254895,-1.11401935753583,0.6038499032299326,0.9353915610871456,-0.39730919722016833,0.6731048820048857,0.39789217587584075,-1.1420849833368576,-0.0031984773858590135,-0.14117529357326308,-1.0678064016024977,0.12448216298631397,0.5985733488787736,0.7269745138675817
0.8171858908978572,1.4356454709016084,0.08120694795609329,1.097230346819747,-0.5066011656039918,-0.11709614169922095,-0.7062928579797116,-0.32814388966319935,-1.8029621671332619,-1.6090204779062833,0.27346662043934744,-0.6052045892638924,-0.8687106573992979,-0.20033266707419775,-0.15781634872097391,0.6848270997379565,0.7175417066499032,0.897914567374225,0.8018483674912285,1.1843520442055167,1.9059700966871753,0.8408873051809783,-0.019930576737847684,0.689551194734323,0.4519494474515723,0.29879835918575787,-0.05244989680521316,0.27545607634725294,1.213004510317884,0.7330733556668729,1.79674210429715,1.4756058499208198,1.160952624654694,1.057979988660584,1.1922772273885913,1.2545750891529888,-0.38705511874266624,1.1273683208974201,0.3844993376592491,-0.008258279799175174,0.9043572671391634,0.7660378489490575,0.44485943502811415,0.46968052095084184,0.1642894408354961,0.5409439127543242,0.8236312028655065,0.5170623548449553,1.6850809067374264,1.398510749130944,1.1243257219817921,0.45472339989217825,-0.8337478400054944,-1.3244031855928273,0.10819678179601072,-0.922633929714566,1.2312890426434862,1.478475171066349,0.6771799536874707,0.5358635536807994,1.1327355733215632,-0.8720721454900462,1.907500146625664,1.8847322885960316,-0.6374392822828222,-0.37689476849832465,0.3405311482026144,0.3789211986170613,-0.01653242875257131,-0.05521088380064222,0.3703070738820232,0.30736217341780375,2.108443743807388,1.724553204595737,0.4508532918011901,2.0915233619169413,0.3455003427212471,0.8753808008525134,-0.4273045627209616,0.5059647631276477,0.2294594780730731,0.6470957255953625,0.0865916827173323,0.4239427356004402,0.5417184694600776,0.8923134147919309,-0.6555914952200889,1.5154736164260907,-0.9092731262590159,-0.660287675498151,-0.7661430517539269,-1.1500457962878645,-0.04111918084071092,-0.874005153249455,-1.106870518378238,0.07006833436636098,0.9938954397301972,0.9920525559529954,1.3542023769400788,-0.23651569089269342,-0.01893124614895165,-1.251342772223362,0.0490972283237944,-0.7639003452576228,0.6868306837538117,1.1128177370328531,-0.22247768069896295,1.0575279899909302,0.4281601607407638,-1.0141141701005139,0.2148403891729654,-0.09054629615252692,-0.931148238109742,0.15658497454342005,0.8732856973575246,0.7803967098878194
1.0684767755248579,1.5336808924812033,0.7769125900173826,1.4861999776582702,0.09604627723712779,0.1897119540080473,0.17823420977614368,0.13729164815712078,-1.276956717488855,-1.242012776994691,0.24991077554770666,-0.42037414507618853,-0.38428436024357554,-0.015749129804538513,0.20826420540465168,0.8138781515952619,0.5879167367500123,0.8093685133766291,0.8585364286440997,1.165785961192588,1.7861411221829149,0.7706468239590613,0.4774394134316734,1.1887035389128247,0.6060742212219561,0.5982607644076527,0.3557155730505113,0.5875196528843953,1.0574429686755435,0.5494856224419581,1.5647666780028202,1.3549632006480374,1.2652344121475463,1.1006233509277643,1.5104937471487896,1.24400999876164,-0.440747340250072,1.2316373596413952,0.5034114132648668,0.23177348643163553,0.7318155359254773,0.884513058677937,0.44336732868687445,0.7093915145736848,0.04129870181050662,0.6527479229161243,0.6774845471613461,0.6210014544380771,1.5366376181091976,1.373466742863147,1.1124388468564852,0.5916878417230306,-0.8575116258580027,-1.1302428195120702,0.03891846535227993,-0.766960284506885,1.1446973098910427,1.489821913825865,0.8262472372275153,0.7325296618397673,1.2060034159383697,-0.3236253380286488,1.8431029452297518,1.8230318721520722,0.3098310562624422,0.2780812962561321,0.6575182543899007,0.6312301275724675,0.22452699833832904,0.20592890373179296,0.4801772732716473,0.7923337488804993,2.5554220960161333,2.1124200134923647,1.0488363292791332,2.0319766274537185,0.42297564498723034,1.185952405564598,-0.4050669867771259,0.5425325736437392,0.227477762440921,0.7100327958691752,0.2604466210467098,0.49708133012278966,1.0414542815684005,1.33618345152764,-0.46070602615836836,1.5956676993439451,-0.6987633294714228,-0.4055562947707461,-0.3562987618771932,-0.7078130983815788,0.2440074531983418,-0.16056834606188428,-0.9061336201989117,0.581712303555887,1.1136424396074949,1.024609325425795,1.5299377071433022,0.0769806561469123,0.18548507073536696,-0.6440678347462886,0.43084196778387673,-0.20572844315649874,0.5861368378938563,1.16359302804904,-0.051368707946899905,1.2700715549153263,0.4117756923964665,-0.8480427919925044,0.32950405308375985,-0.01112967926690908,-0.6483836078360947,0.08586939778601377,0.9509738789714848,0.5919347865469993
1.1032404987958984,1.3956544378346207,1.2902776514155767,1.6230171415294825,0.5009332782175402,0.45438927424436326,0.8832382332584922,0.4932878390059082,-0.686981760250503,-0.7615141451889045,0.2276664570228427,-0.30993415645864747,0.056604578728755815,0.10087939275235146,0.467302519465924,0.8066218365452272,0.4017905582177678,0.5387649288840006,0.8565638407538501,0.9932734967949496,1.410635517324909,0.5407134325682912,0.8074400729693063,1.468058608899833,0.6001152742008499,0.7665683292227883,0.5495287766349984,0.6480592499017727,0.7793807408911905,0.24084242271742667,1.2028207956078256,1.1425647041766083,1.140947149243587,0.9657795066355134,1.5132892088083885,1.0571094858020706,-0.5817653426470856,1.1056758975196523,0.5753071649341471,0.3692563764575195,0.47147198917703326,0.8954236456212018,0.2799753409382278,0.7319974275441569,-0.13428844091098593,0.6049629423828635,0.3378410185964766,0.5188480524273308,1.1772549304957876,1.1188908180875181,0.8473840274933726,0.510398539024536,-0.940005872617163,-1.0118345166379596,-0.08314030709381659,-0.6621458036290215,0.8932981480875177,1.288033253130423,0.85550486291641,0.7419315056098278,1.138706072442114,0.15439379520826801,1.5897163305300972,1.4892413508217257,0.9854928362429743,0.6125555515102714,0.6955535096845724,0.638138864162849,0.3388850995473269,0.32715430716844157,0.5615330110330197,1.0863891374548826,2.5796288070846156,2.1735059626427207,1.401312286766046,1.7769171797948986,0.4056015719208787,1.3107641331162156,-0.3984929049065381,0.38456368216472453,0.12188154370438128,0.5517162724279433,0.2558135474622467,0.3967059017492098,1.212282389766723,1.3779243689345018,-0.33587661014850784,1.3472024623685273,-0.4999623564033942,-0.32101633304278604,0.02998136216823432,-0.3091376110892559,0.4947478698685451,0.38131849670112167,-0.510646146673712,0.8485695337210802,1.0359776932131135,0.980386655887923,1.4986606238597837,0.42152743057620284,0.3476134037477608,-0.1601773575259095,0.6958248573094482,0.4097212372152876,0.32568635346640745,1.0736943181145808,0.09630926894272956,1.2457413772991452,0.3511510922697832,-0.6899229583008352,0.31206120005825755,0.11405215715957721,-0.2804253401107004,-0.05671750380043486,0.8316996223231596,0.186038534480049
0.9277701740146846,1.037832562621398,1.5262814962021074,1.4655213074915379,0.5979571858202222,0.5943307905525431,1.269554082571253,0.6632497235021196,-0.17077416824047428,-0.30556609564170506,0.20537772270365567,-0.2778798090784015,0.3590427023687355,0.13795970049884526,0.5412239052055448,0.6708984701458596,0.20096099639438156,0.14935996487865988,0.7935596045496379,0.7008421834834716,0.8184005190981345,0.13978408042947785,0.9032976696795939,1.4690242552846857,0.4321249605809981,0.7734662152768381,0.47686122433400224,0.4491765014324408,0.4293675544434414,-0.13365129560788255,0.7742397325682094,0.8719962994168907,0.8102055727662544,0.6850045274752116,1.2193285668714036,0.718075176124827,-0.8100636300721149,0.7041851140926018,0.580423584084276,0.303792082024823,0.16244676605064823,0.7534866029333321,-0.02058251380055655,0.5162294998158236,-0.31395829936765823,0.40931894741077646,-0.14535403536452746,0.19779631487324276,0.7058354467247611,0.6940278823291449,0.3776702928700584,0.20361004780698513,-1.0780793857043827,-1.025124905336566,-0.24775675235654443,-0.675655686997198,0.5381727942320851,0.9295560723344153,0.8058081860818584,0.5846302164979754,0.9949186462664629,0.4781700969938957,1.2162945524052229,0.9705471458132497,1.2490439970869214,0.5258543457017657,0.4372797951708487,0.3759331051729449,0.2933266850554894,0.2736426345457149,0.5921401543175842,1.126745443150188,2.1558385310174395,1.8674597978727894,1.435576549304211,1.374818924617149,0.31192686021275856,1.2370175361615154,-0.3997401454902237,0.09488357585498254,-0.06342464592400265,0.23030800829223091,0.04431744535817031,0.15719492352576941,0.9915411304558389,1.0028114653964628,-0.3287015387610685,0.8453944346938342,-0.3735493723021341,-0.42199822574179713,0.31896037767913693,-0.04276407003130791,0.6665840228147806,0.6283852514215557,-2.7855725459678814e-05,0.8109743239508177,0.7834721262350527,0.8787135361753244,1.2914537278581628,0.740385686468963,0.41297797895507865,0.12253440099286154,0.8132694630538142,0.9118499239928414,-0.02986859652020228,0.8470518028099233,0.20475929394096581,0.9776221640753595,0.25522889392686343,-0.5693180879096242,0.16253293168021227,0.28771332798905236,0.09678609284129859,-0.2217048164591919,0.5652859398113701,-0.3511164513892278
0.6039156515087922,0.5282611893139333,1.455300048528439,1.0337406339560538,0.3557784022483267,0.5592300951070576,1.2731834778371882,0.6141712037333793,0.16258981798941288,0.0047918813396411915,0.1857412702178628,-0.30172595403238317,0.46802671554957526,0.10591941056690281,0.3948817246362011,0.43975209712984487,0.03088885555356055,-0.26547464299806484,0.6722329916274083,0.34259681616799664,0.09057099543519015,-0.4052953301241704,0.7574487739991722,1.1967087000631347,0.14762071986867975,0.6331236271199634,0.1609172534395105,0.05658514656743791,0.06412775222987697,-0.5047647705227571,0.3406154233313575,0.5765024792968099,0.3348681785249404,0.3160131396812491,0.7160535511284316,0.28345720978070793,-1.083220397943135,0.043291006313003415,0.515060782376678,-0.014976131284040758,-0.14035509445176542,0.438660518851545,-0.3931604159726659,0.10340538610012255,-0.4395126880899159,0.11804863284630772,-0.6832239780058516,-0.2983510240159913,0.252905544412492,0.20479751914975175,-0.19421464656532186,-0.27515837009824984,-1.2427799861901248,-1.1855534960278595,-0.43391718227594755,-0.841160563947568,0.16525414763739354,0.5088673375275936,0.7404576272562893,0.32602099779208005,0.8596343786880651,0.6147386307398167,0.8090991375787381,0.38782105141176354,1.0619080418200566,0.017041845377362405,-0.06382993553733253,-0.11702117578569127,0.09677448645207624,0.05579666379114728,0.5596627791391079,0.9060625950714382,1.352953283253327,1.2305893667095826,1.1551400935467986,0.8888262240928103,0.1834847360579527,0.9962471911050702,-0.38892158793642995,-0.235179108600481,-0.27870191427701735,-0.1600029620697165,-0.3526389903646169,-0.15155330777427978,0.41384687895961714,0.29183148473459364,-0.4510512624406763,0.22637354369339416,-0.35856892234964394,-0.6690056358251026,0.45825990117444027,0.03403083787682779,0.729189861925651,0.5384541112345789,0.5310556374444677,0.48322645983900725,0.41970882898698453,0.7445276686985985,0.9714665864508719,0.9766108207042613,0.35488416374875165,0.19535732537346276,0.7984267758571225,1.1573787741951627,-0.3914661822822895,0.5089525225462496,0.263324928994878,0.52050417061787,0.14009095827008228,-0.4931712477770717,-0.08845330203441715,0.4946737986331003,0.4108986157684092,-0.3541525619040838,0.23798131967116148,-0.8931346626659009
0.2312807795337691,-0.02714896314424268,1.1192370645431486,0.408625482277858,-0.16660479092900798,0.3465106630020887,0.9202673117130563,0.36442089369443426,0.2580729385831425,0.09617119112810078,0.17474615988403921,-0.34314146557739766,0.37973075796779737,0.031642439877079535,0.048269918000975194,0.16368999421054414,-0.07004968217634479,-0.6051955629375769,0.5040088085331547,-0.016706547716461687,-0.660063271865894,-1.0272553050706315,0.42232608183311204,0.7187797037603694,-0.1720527535620784,0.3988999719414093,-0.3052553681765971,-0.4083693182577223,-0.2626380341705145,-0.807131600768727,-0.04672119103373789,0.2863974760887255,-0.1949095686096212,-0.06900929980712135,0.13826478802590159,-0.16669073932908304,-1.3268530213648277,-0.7915706226763625,0.3944104361390567,-0.5662907069968742,-0.3774099187010435,-0.027973787065566795,-0.747824052954931,-0.41100554638966713,-0.46046617857843625,-0.18935247456359033,-1.1676951202570272,-0.8756194197043129,-0.05554019755542291,-0.22419748471971282,-0.7371936607200177,-0.8231035180570693,-1.3873749303580765,-1.4618382003215247,-0.612402326540787,-1.1453309043384632,-0.13603179346810093,0.13398864613570327,0.7221064717477843,0.055955225986940284,0.8095958985750917,0.5825490140791186,0.45124403985987077,-0.13344934940328818,0.4954748850087793,-0.8103842901516435,-0.694542615460768,-0.7455530194319405,-0.20083832106091046,-0.27234051000472304,0.46633242786047846,0.4743308555805728,0.32345565399298903,0.37297989906959317,0.6382656857363214,0.38733973784440945,0.07153794529096641,0.6562631915064899,-0.3420053422015302,-0.5108834134063459,-0.4614889187703435,-0.5137183529460299,-0.8632894304524624,-0.4426327112809331,-0.3939605308500675,-0.5960544976061473,-0.6741801304891593,-0.3507037397499177,-0.4605067490062033,-0.9804679655446618,0.42951725821027087,-0.08795111134882821,0.67324545047465,0.16053773778136818,0.991152211342461,-0.048051622052001836,0.03328106661726334,0.6035942648135936,0.6180011795771377,1.0875159816594424,0.18148801843449852,0.11275261620719555,0.7020386379731922,1.0712608045590346,-0.6694217350544647,0.10529967804522382,0.26791783070498454,-0.02267082122737911,0.0260191823333743,-0.4477861200000992,-0.3852710974316717,0.7044967971814424,0.6101505371885207,-0.40864834762139957,-0.05168237329167448,-1.307964346271077
-0.08151044078212925,-0.509332091334999,0.6194989333174115,-0.2828895421083178,-0.8322521814488069,0.005400801419935624,0.3210359581054172,-0.018732225745671204,0.1266807710356789,-0.0376390845291232,0.17857744295944425,-0.36164904848451923,0.14010774760536723,-0.05029466556025966,-0.425019659008572,-0.10001022353666934,-0.08011705138919133,-0.7878961883520478,0.31106924725112817,-0.3132734506888288,-1.3080411224933002,-1.626103651972608,-0.004091571594284335,0.1498552170228518,-0.43348153427257224,0.14690609946901298,-0.7851015194865418,-0.80382882349443,-0.507142715100321,-0.9907899301554617,-0.3498651526221568,0.029479917160479645,-0.6777505268808904,-0.397235534637504,-0.3669867600154759,-0.5450334747983693,-1.4581907062916015,-1.656395863033317,0.2485096181135416,-1.255003001435634,-0.4996882975367393,-0.5786789339188871,-0.9931979110266527,-0.9004924805208598,-0.3509328021124246,-0.42749932151561676,-1.4973232552353306,-1.4100542784042611,-0.13543652548392324,-0.4845441340421192,-1.125667057777093,-1.3135307985765066,-1.4609730525270357,-1.7812482485341803,-0.7512963667946095,-1.5265638590552482,-0.29589578677944217,-0.10261738575804663,0.789041366635748,-0.1381177266686157,0.885976092597704,0.4398188081680942,0.20401766478009326,-0.49208362356431207,-0.28791435162585055,-1.7683525129422564,-1.307313305563623,-1.3760795711434133,-0.5203355040991503,-0.625408075329554,0.3289693884851028,-0.07139156080366933,-0.727631152936779,-0.5414934749828552,0.017290047637497506,-0.06487847175495157,0.020414006937110346,0.3036622771532024,-0.24074392862847502,-0.658797530986079,-0.5544282464733449,-0.7411747658001571,-1.3786830446654952,-0.6357285249398306,-1.2430351195576368,-1.4605850640675027,-0.9354632523484854,-0.746764081327156,-0.6485841363110318,-1.2562734227647416,0.25442169557915256,-0.36411607790568545,0.5141590706486108,-0.37958786706578534,1.3086274731415077,-0.6443905992226268,-0.2851526682244381,0.47796623017424655,0.3074591336357349,1.0562484040264382,-0.0658655215809983,-0.03192349491171729,0.5894325258677571,0.6703965924027379,-0.7981119191128073,-0.30279579451414435,0.22246609913268675,-0.5276316613712145,-0.06759889738276045,-0.4076868296272375,-0.6594851267419928,0.8792892473560504,0.6741506345345205,-0.3624076508679033,-0.221290290716924,-1.4952888755586797
-0.24861438932367635,-0.8158045888682649,0.09004972080876618,-0.8941323335918425,-1.4603753257329917,-0.3726336176319459,-0.35651074544733824,-0.4324775247548304,-0.15901837334171687,-0.3329650882551956,0.19944006752500335,-0.32779751948999686,-0.16850347025158932,-0.10735587740521903,-0.913230687780114,-0.2988651785175413,-0.0002557772681956601,-0.7723420224984134,0.12487279134724112,-0.49640370797244265,-1.7395633016320482,-2.0868024533506717,-0.4042622863468982,-0.37532618876084256,-0.5602016999361589,-0.04702609942695143,-1.1383920882309013,-1.0098485806130328,-0.640125635049399,-1.0289310446739237,-0.5439036084998722,-0.1679694969223603,-1.020842920618791,-0.6088921127349182,-0.6798531701538153,-0.7771625645479957,-1.4153973571051814,-2.3772573645577206,0.11313709879407836,-1.9286615797189148,-0.48384864845516395,-1.1082473469836172,-1.061608611820877,-1.239888751717289,-0.12082923818857393,-0.5290736412420414,-1.6025854058538052,-1.7772211331644454,0.027803256849512858,-0.5159552581681757,-1.2730217793638778,-1.6285401195463376,-1.4238395160857429,-2.0459634567952327,-0.8230109587593709,-1.8869603673355957,-0.2831723486266237,-0.1500675158654525,0.9387369522580468,-0.1970254268376279,1.0776031106041877,0.26432316073806633,0.09440270488650222,-0.6332281264522502,-1.0761726643460945,-2.6253149225642645,-1.7545670613170459,-1.8649547245192277,-0.7732425689535625,-0.907428753788391,0.1743220154982321,-0.6075995102621542,-1.5874043608178439,-1.328679277355524,-0.5553936077318751,-0.41404675806928376,0.05253606161865031,0.02130089561905085,-0.08182755589754706,-0.6449393885795038,-0.5229711015601752,-0.7911794219421889,-1.7773998179523893,-0.6794789759822284,-1.9301374928018324,-2.107106583723524,-1.1550827137497974,-0.879352098273551,-0.8631594121854576,-1.4056345827907817,-0.008656356535297057,-0.7044667842533089,0.29094804255260703,-0.9146646322488523,1.443773022286063,-1.1501603667808484,-0.4661770981252331,0.3828103454379074,0.09591826158095519,0.8970727343491018,-0.32276945844793503,-0.14104208652133685,0.5164021112606282,0.06315984374529095,-0.7542375233154902,-0.6486411442237772,0.13968084888503388,-0.8810458193504387,-0.12698514826325313,-0.3476984138242482,-0.8456170479627885,0.9840816456047923,0.6160331618776399,-0.22257388856674226,-0.22876381829927586,-1.4153350019470459
-0.23253225415898787,-0.8876171258775148,-0.3372548537595634,-1.2911389648688023,-1.8737359840049104,-0.6760822599536864,-0.9275291383538972,-0.7612096212795447,-0.48523023035583634,-0.6725499921788983,0.2323087696978105,-0.232346583454507,-0.44932648442727346,-0.11741387615554959,-1.2925866908195065,-0.3955216120633825,0.14514131440200037,-0.5699335360930927,-0.019501306153299227,-0.538885330184031,-1.8772246477611396,-2.304342532190731,-0.6717953809638153,-0.7339379110797232,-0.5177775901320181,-0.13027325393823896,-1.2626588236524663,-0.9652738977905301,-0.6496716661249848,-0.9212664719614129,-0.6156551655901555,-0.28213139937290654,-1.15881644877556,-0.6685211731698096,-0.739944540020716,-0.8203602077273277,-1.1824213264040233,-2.7909491860919027,0.019161890402930017,-2.412527096653372,-0.3422609550481809,-1.4975021720104178,-0.9291495177768528,-1.338839729150071,0.18261244001259572,-0.4647237522595664,-1.4639121044512609,-1.8838451563903227,0.370876075344102,-0.32554695338687095,-1.155205947518928,-1.6902395481258565,-1.2601104701001822,-2.1575004526870996,-0.8109358666679546,-2.115747045708999,-0.11478329081680295,-0.014366705481371672,1.1247652904948129,-0.10731511733782871,1.3207025937955066,0.13007717225697732,0.11160884583409783,-0.5583829803423038,-1.6606305238380517,-3.160129678114033,-1.9239547421580794,-2.0911144273135807,-0.8851706323407758,-1.0362981220643397,0.03128985988550771,-1.0113619096977915,-2.0828085956607385,-1.824381478752216,-0.9453080916382713,-0.6227429451140378,0.16008122288581167,-0.13308397521467044,0.11777446197787,-0.4817770764920267,-0.3676066935212632,-0.6631174797780854,-1.9559071203703475,-0.5661208637758632,-2.289961382941314,-2.3924000560050134,-1.2581099221964294,-0.7425743559136476,-1.0314025947832186,-1.3718000790893157,-0.2779713335572202,-0.9955219021025193,0.059465035391741444,-1.2824595138595656,1.39443468129229,-1.4324530350858997,-0.47854557735288267,0.3251042855493099,0.007730042627047593,0.6525743042827069,-0.5182866463910909,-0.1464028311313919,0.5099200898110082,-0.5765932681046888,-0.562854457161709,-0.8723466148248762,0.0401679966063709,-1.0089903882039426,-0.14634340216535865,-0.2536748168145965,-0.8963931535608777,0.9966490997657236,0.4761563083341588,-0.024993908964473344,-0.0846706051049471,-1.1001211316770836
-0.055331088688643705,-0.7255911118843367,-0.5658889628300336,-1.384216693902775,-1.946828752711169,-0.8035798016966383,-1.2364640875276487,-0.9046746198232245,-0.7286268902506158,-0.9183182770140044,0.26441303972019137,-0.08899306785851217,-0.6164045743498293,-0.07387780168058944,-1.4582956430435956,-0.3750013757078894,0.31350324169580324,-0.24244042578350825,-0.09212487498706555,-0.44311675917731513,-1.699175470355088,-2.21093367793155,-0.7388213618827268,-0.8447646044747115,-0.32622261359419347,-0.08918537165037838,-1.1234016974784784,-0.687100994075796,-0.5424674218260672,-0.6929248141224766,-0.5636978227551339,-0.2956940402797159,-1.0678474300278633,-0.571730401383299,-0.5613329988860598,-0.6752108813833341,-0.7997731539989322,-2.7875719014891205,-0.015987918923673197,-2.555006298899374,-0.12304253554074539,-1.6453987968443342,-0.6245117993140054,-1.167182817784415,0.4846760381573328,-0.25276784886683445,-1.1173493322521801,-1.6932847273336449,0.767938628556978,0.012463390582835503,-0.8172862574558641,-1.4817947715986128,-0.9842657916152291,-2.043793342660633,-0.713932138636503,-2.119119706613764,0.14780643601034835,0.24242902415393855,1.26932132281555,0.09518095782630748,1.516468620832083,0.08690967416262563,0.21327260295531386,-0.32114294213874317,-1.8881119036489407,-3.216667476333651,-1.7660870535801998,-1.9857676809791782,-0.8165438366986404,-0.9659940724946469,-0.07734422202388191,-1.1882534171592325,-2.120052729743461,-1.9225508615787665,-1.0679141264918015,-0.6735099391960361,0.3064330538725625,-0.1409232894079416,0.32178347093444837,-0.222336053035972,-0.12620719256262083,-0.40507130585025836,-1.8564383317252782,-0.33365193900414336,-2.2379746920324037,-2.258152990115446,-1.1958908800309933,-0.40501695978938274,-1.0872747430856546,-1.1469993522994704,-0.4692917906803527,-1.1310095283694805,-0.11956416888971819,-1.3706151280056653,1.1941169461746517,-1.41536283225336,-0.33512925872284,0.30390092970355037,0.03284077335557408,0.3830968021159972,-0.5941399756272636,-0.031121099167717794,0.5600200240959758,-1.055810422502167,-0.28893497989358097,-0.9336005002320281,-0.05086605813750167,-0.8939461602742506,-0.1275138471750818,-0.12812223760198876,-0.7937152370237379,0.9138723771388612,0.3094721848858072,0.17584649660320628,0.15176223978551256,-0.6434446027689459
0.2087612485328289,-0.3902123189277898,-0.557791805227948,-1.1509989216281138,-1.6414653912180897,-0.6945065998572502,-1.1972690190781303,-0.8053029362678606,-0.7916732130986806,-0.953060144936252,0.2781797998569577,0.07007835338277445,-0.6172659446215399,0.013384718454041804,-1.3530232789709102,-0.2474958673279332,0.4547621096530621,0.1149534057471582,-0.07758059749112205,-0.2408847755805921,-1.2470765528447278,-1.7981298866895778,-0.5928766465953034,-0.6882891897418261,-0.05456657065965575,0.04764886586819204,-0.7634066012569416,-0.2652509077926087,-0.34317757117891856,-0.3891340511952868,-0.40007128826595323,-0.20410813072198078,-0.7716167102199867,-0.3459383624926025,-0.22524844482718281,-0.3861117817780565,-0.35591296021537094,-2.3433338341733574,0.007747566737525396,-2.2722425653609633,0.10199313679145465,-1.5002296331748408,-0.2229722796403138,-0.7645216933290014,0.7028401534480072,0.04511265377346805,-0.6457723517955597,-1.2375143560161872,1.067581707904848,0.3783188022129662,-0.3602961298619733,-1.052106903749237,-0.639256595555725,-1.6820488375769282,-0.5474632429009592,-1.8490289591388342,0.4154592674787995,0.5204318859201849,1.288721509523953,0.3373168439967824,1.5623308925171704,0.14806198326634365,0.3396542364730505,-0.009802916298042879,-1.6991230536070976,-2.745891891898188,-1.3076153383930171,-1.551774996714503,-0.5747012623466917,-0.7003472888041343,-0.14090835141329516,-1.0951903801820086,-1.7064238409258,-1.6024501170525765,-0.9070893796392127,-0.5710832011097199,0.4376474800335898,-0.025365223629288555,0.48286208597453917,0.05692811456645158,0.1354215732824224,-0.09821887721068748,-1.4843721334150135,-0.054151807646904415,-1.7919203294971702,-1.7436216517347027,-0.9608395624462931,0.013626348821885521,-0.990734143135197,-0.7736627653733369,-0.5193872495831975,-1.0433188433563263,-0.19576448601919297,-1.1473252539840244,0.9026530943461275,-1.0993247950952507,-0.08686728142645606,0.31138620877999135,0.13307157567744998,0.15085152386706277,-0.5216203201263971,0.1672479277330838,0.6254392294966477,-1.217531480215124,-0.01680522925963292,-0.8219271128676036,-0.1092942497260713,-0.5765124680848546,-0.0779399663207287,0.01088289914284023,-0.5530185602860465,0.7526645068093738,0.16978649007317081,0.3230889229573196,0.3922553818895743,-0.17239249140123494
0.45806019525143044,0.015941068772117494,-0.3405296493359945,-0.644670386245204,-1.01925862280242,-0.35114974218281614,-0.8172854627169516,-0.4674267628963774,-0.6321756064442606,-0.7196990931947141,0.25693593695212325,0.20446970876609738,-0.447476605180412,0.12126809671500179,-0.9853646247800018,-0.0460845715820527,0.5251895896076191,0.40134642571040346,0.01832738722991976,0.013937926886854562,-0.6193161178095252,-1.126673540857969,-0.2789588320146502,-0.31193531785640405,0.2018945459396311,0.2202761579660045,-0.2879164409359271,0.1666945018855636,-0.09129605364304826,-0.06638447128836251,-0.15223852157964965,-0.02142530437938346,-0.33709557936209067,-0.044589664344027655,0.14764557490413466,-0.029918056876973607,0.039300110490585904,-1.5335480828547166,0.07438069271354869,-1.5794412437774739,0.25920024032734035,-1.0796982671034956,0.17399832395881262,-0.2302466647854065,0.7715148664747088,0.3420314532340338,-0.1574124156413637,-0.6114572008530454,1.1419721276542143,0.6445383834898697,0.08864245236290684,-0.5024123272702243,-0.2863911281587991,-1.1106650448163253,-0.34100066844217775,-1.3226629214671761,0.5979358816054557,0.7133961361602386,1.1245446422498226,0.5330089009052532,1.3880413520135517,0.288817395697424,0.4320822116883228,0.2786086321138453,-1.1425115934407162,-1.8239689882977124,-0.6457835493252804,-0.8670726385384215,-0.21331091500651198,-0.293914508077762,-0.16260486192430115,-0.7527646256158808,-0.9493001305614853,-0.9374935396393498,-0.5164475816374502,-0.34317652267655957,0.5008336448629587,0.1583598567040173,0.5567254353190627,0.27962808952749435,0.34304649328436676,0.16824148519865084,-0.9096543348442965,0.18880169885284387,-1.0658475241940906,-0.9741431592010675,-0.5905028177124385,0.38030970716963824,-0.7411173775550424,-0.331808339637037,-0.4056069086859753,-0.7264963161138496,-0.14418037031182457,-0.6691619936400006,0.5909763601258983,-0.5603802262536084,0.19275137471512702,0.3341507950104967,0.2551720265133891,0.0028361018237745375,-0.3112334550528144,0.3730888493259211,0.6510065223892351,-0.9900549379615732,0.17619494205995773,-0.5615936502061973,-0.11898333932689455,-0.1426380460225853,-0.008403657816550466,0.13648222033664745,-0.2204207714353455,0.5450430742996596,0.09463182964838662,0.3750032941942143,0.5488450331854322,0.19110271021262143
0.5982148535755581,0.3787618450747204,0.0032061265364211953,0.015902452479824043,-0.2265657368934146,0.15530373716763077,-0.1975028949428724,0.038158980974783756,-0.27820186519762713,-0.2456880336193175,0.19152624613322217,0.2785395698799313,-0.15292608483450051,0.21987300919898303,-0.4324185050756885,0.18036992487183692,0.5007298502408783,0.5407583007793029,0.16740830404727017,0.25855741998855547,0.050305207766998705,-0.3192293246110241,0.11375449456703399,0.18140538908612733,0.3548604123404402,0.3592461707072463,0.16983270557324476,0.47612300190529155,0.16495160903207226,0.21860492975548312,0.13709776723678968,0.2175231066863226,0.13974729106235279,0.2644163306489442,0.43683587894923354,0.30448739557392035,0.29067802057176284,-0.5206190566305997,0.15742151384273192,-0.5985546033458047,0.2980519034598254,-0.4723572663832539,0.46836253244649567,0.30404266562176513,0.6645462342622834,0.5530535735548747,0.24281224829359577,0.04977691170890424,0.9330378935325804,0.7187184420121274,0.41443518350386466,0.041556538786206756,0.01049996819830228,-0.4255952122127486,-0.13218731836737094,-0.6258417224175206,0.6328229927696796,0.7443113581066801,0.7700934297162058,0.6124782638110795,0.985096240480926,0.45622437588857956,0.45053837857007845,0.4657676702163145,-0.3623935613313291,-0.6397861520514281,0.07489892525391105,-0.06989115802917577,0.18153787509688796,0.16118021820391362,-0.1565615054913852,-0.24330349258071354,-0.03207120437670099,-0.08195374798162348,-0.004067938750520316,-0.03882990393925321,0.46365207256713714,0.3416165664238022,0.5180836807960938,0.39236700345293235,0.4380307341589332,0.32429398829760836,-0.25114172794010786,0.3268232469151983,-0.23820954856422807,-0.12838146216720991,-0.15951653515171788,0.5894261872150621,-0.3807134651352553,0.08353871451660112,-0.15523657729010606,-0.24299101507210824,0.024318254246268493,-0.06369936539590115,0.32317638802207777,0.07024694938699635,0.42784961478254546,0.35482563535023215,0.3468226402662648,-0.042467870013017994,-0.011690544912158693,0.5028160024213388,0.5906885616635073,-0.414806892566054,0.24348740548228706,-0.2091112477950307,-0.07774196325454613,0.29924829643874995,0.06857733936994288,0.22254101008935107,0.13656887658324973,0.32886593350497645,0.09462897594749867,0.31809386875038353,0.5636052893036925,0.36684913012210413
0.5756215611092929,0.6068566828475191,0.36081942599818506,0.6732177946069998,0.5448212723272334,0.699087206628962,0.4927523993729971,0.5879861152632817,0.17735901869911147,0.35739134747994944,0.0854833285237837,0.27303709867315407,0.18184637297117895,0.2806847744175363,0.17615968465062107,0.37801283280205156,0.3855844650381973,0.506022903381645,0.3249594486906834,0.43712530607859534,0.6238395798273385,0.4644002835835891,0.4770727387182913,0.6594898665575807,0.35531591304606047,0.41101566346689045,0.491448461234159,0.5766813912629399,0.3773318003767157,0.4201607941961259,0.41448288359013896,0.461106284554492,0.5557590406123153,0.5139885689194353,0.5605956903940009,0.5400674941026717,0.35040188530133404,0.48161233440474377,0.2276959451648254,0.4630317238949186,0.20993782263335728,0.18171374324463613,0.5954425094691846,0.7119927066839379,0.4075654049259963,0.6227064602903672,0.48113409855955896,0.6052083595243992,0.4790112472758262,0.5766442968895494,0.548459208702452,0.46374207201177436,0.20219252021138223,0.23977620776374323,0.041108014662129544,0.10285840150184761,0.5073969325827944,0.5932117549666444,0.28189760469938424,0.5465019452355405,0.418664821330485,0.5869795805408876,0.38516930833155,0.5130879487918172,0.44012052345518965,0.5476129646465973,0.6985059363832266,0.6721208298653603,0.5151470225129534,0.559489597628992,-0.14139640123514932,0.3065304206862357,0.8285195716918505,0.7634157549857719,0.4954013284676234,0.2773516399213914,0.3279963560512324,0.4640658137423182,0.37265365116995575,0.3799805526326407,0.3978176468002501,0.33997408868593393,0.3524495453248885,0.32875115099527763,0.4969594297288885,0.6071693289643297,0.23886278458278043,0.5940079412177924,0.013458376541984075,0.38821121333452885,0.1595906235117547,0.2897686278810089,0.26181883579442794,0.5082306955304564,0.14043985182697763,0.6407620759219399,0.5596333498413681,0.3549215644475981,0.37129140332091753,-0.00010655839629696023,0.30219962325412825,0.49799696254012543,0.42798171892665,0.3578976924125656,0.18279693762426308,0.15728633532640404,0.00030038029642917883,0.6451971338514747,0.13976828837559113,0.25228101570012795,0.4432390131689685,0.13747844659956884,0.15079001944882078,0.17151793534223322,0.42870795066841316,0.33949204674343614
0.39729343675257345,0.658142976381257,0.6228113966496117,1.170038138146208,1.1107213120524952,1.1331361781502043,1.0619373111186683,1.0371064924035123,0.6029662227802641,0.9226248420915008,-0.04338911271172166,0.1917273279334608,0.45748001157306273,0.2846843835648686,0.6905715473276702,0.5005616361866182,0.2126061360798821,0.32744899209704653,0.44199946216827085,0.5150000479202637,0.9924320062914971,1.06479783363396,0.7142009376572312,0.9956794758617257,0.21239573720276586,0.35746229376418714,0.610035300801902,0.45801381299134586,0.5076579995710262,0.5129083114294034,0.6252547542962819,0.6516545531081297,0.825215335096749,0.6536123047250716,0.5006554262786905,0.6320684835561023,0.23463198228854482,1.2593259892487003,0.2613750950333163,1.361003447204082,0.03264117139849343,0.7267836367320858,0.5440239068634718,0.9084333907336445,0.07435634903294824,0.5431513102258384,0.5336107305614333,0.9446579313679858,-0.09099361958182842,0.27264576351783115,0.4877921613190228,0.6881899101827182,0.2674143566404329,0.7476865498011718,0.1493182791287543,0.7053381821309008,0.2649449801185728,0.3064367493348022,-0.23023670188044984,0.35689679221390164,-0.18440919327465563,0.6283283154286636,0.2580157453860982,0.4300610106941818,1.0612171128388839,1.4731842367984236,1.0971335379952556,1.2024616571148412,0.7111818421633368,0.8111129773592226,-0.13287910492411498,0.7563520728795825,1.4349138691366605,1.4003730089063193,0.8550057966773994,0.5363035849041049,0.13207983576299434,0.491472535061648,0.15976451495490593,0.2681521615309835,0.24500423671089244,0.23302225483604377,0.7775197637761885,0.21024000486103686,0.9818063039393198,1.0845317956163896,0.5172558437410054,0.41735311908750267,0.3488666753838073,0.5306763823050381,0.4418842779287996,0.7313001188432243,0.4941471475157016,0.899729491256517,0.05191312316800082,1.018687945309306,0.5607953130712006,0.3196504121418409,0.31711276966658836,0.08713509819881886,0.549840294683597,0.3493214182534857,0.18587768255526727,1.1077233989711264,0.03494762368988418,0.4548954855498974,0.08777594652916097,0.8208805289808758,0.19242777658889465,0.22334040800105984,0.6347126187272661,-0.007817209943006415,0.2216908761097678,-0.018642783567215878,0.18956917605016682,0.16033860374944914
0.12895992232873824,0.5496322511617021,0.7143620681668823,1.3911147535221662,1.3463441392588227,1.333654403903511,1.3518572723361884,1.2611148128501657,0.8691939504670887,1.2794119402657615,-0.166198570987903,0.06088164815625658,0.5900756657450027,0.22848576638411225,0.9824936452691302,0.5211223794543228,0.03440008388057778,0.08231269629589998,0.48079699718787305,0.48730745098689293,1.1025847733202152,1.364068044075497,0.7671419302501863,1.1041660251842238,-0.009609346258333663,0.22179962816490023,0.5279975548558001,0.18823743120598438,0.5370443637391543,0.4969636170678347,0.7267545908689168,0.7410916054940223,0.9013072954519704,0.6619351307917941,0.30432148416485966,0.5789911621910561,0.016774555939696234,1.653448911011329,0.24652931658458502,1.879898882039209,-0.16270050637573077,1.0343658196670562,0.3590898387790458,0.8725340951070591,-0.23369433082196703,0.35608427186370567,0.4297820595432911,1.0175436771859143,-0.5964515152922127,-0.07862877794653196,0.2923877235846579,0.6969726990523837,0.21830010158861066,0.9941317590250562,0.17854463992720085,1.0471637324189906,-0.008407559681187216,-0.017797690812081584,-0.6341043788915854,0.10903623324134204,-0.6704998416408585,0.55597187513943,0.11422489088402626,0.26742214525183766,1.3506229697568353,1.9362287050547837,1.203671697447852,1.4164336256586505,0.7337328627752424,0.8670371220848142,-0.13863852641658284,0.9897026723235036,1.6593576005002304,1.6854974251127717,0.9885243359340508,0.6802901715282688,-0.06121327469623269,0.42416015375541416,-0.0571116288601103,0.11253355577401991,0.040623250717695326,0.06059782987431378,0.9473392966479492,0.02717410353069615,1.1346687539761882,1.2294723703338957,0.6184993382232938,0.14131514191382588,0.5436097812230345,0.503936269375794,0.6003295395765763,0.9607654849280928,0.642788940112581,1.0205337214321408,0.036175585067719125,1.125978566138458,0.44205818560260723,0.2443404503873744,0.20058190203850318,0.16446555485864128,0.6679023731747719,0.10208830342038064,-0.07789899215167932,1.609719645209859,-0.13182066726464445,0.6172000043288535,0.15264204791862226,0.7998747776428321,0.21645385162939257,0.1483030019295499,0.672979713594666,-0.09965379112812438,0.259520952960933,-0.19341806801871725,-0.07062170332791283,-0.07313535714535507
-0.1289931303148423,0.3471971210459189,0.6165101603626928,1.2966275440481538,1.221634465353684,1.2428844918787518,1.286891744711364,1.1973067891173448,0.8922174957584028,1.31296995777422,-0.25056648026547,-0.0782929543938541,0.5391937341312267,0.12673113225674043,0.9844496069464804,0.44037080245228555,-0.09269851445142932,-0.13203628103947035,0.42882353516397476,0.3792885961818209,0.9683181910335145,1.3193071341945473,0.6333825010613824,0.9658335357960067,-0.21625552182888513,0.058404286161417025,0.31024877159684766,-0.11279902166490934,0.47179793289040517,0.3977207290073776,0.7016308416398456,0.7070443937859213,0.7887449196204253,0.5527814270726412,0.06344910833378971,0.4208635269388458,-0.20077537762756326,1.603262817220381,0.18693334223424343,1.899009873794975,-0.29817135207554163,1.0408312046898804,0.12557920090034524,0.6510873218149805,-0.4196514343741397,0.13736477245715317,0.24021209049808334,0.84560337194915,-0.8678359295139771,-0.3439885712048117,0.061065196882903135,0.530926824576691,0.09616963763811955,0.9413293488383554,0.13490846952725316,1.058897155613187,-0.2132652608457466,-0.2639445822444222,-0.8182120463242457,-0.11125821994666608,-0.907527554813689,0.3835835767781459,0.00558010590623572,0.0975768455015939,1.2542071899391145,1.8577752862405732,1.0290246855791763,1.291043152032814,0.5976710597343227,0.7335103941725922,-0.15692016496686867,0.9490483308245006,1.4795153719847336,1.5717069477072856,0.8743013862651782,0.6798987483890566,-0.18658320427805547,0.2939703622433004,-0.20996787352112067,-0.021799177498877147,-0.1368848347001092,-0.10217204229544936,0.8521893365697487,-0.14499954068724882,0.9674943494352999,1.0567752820964593,0.5331720612638015,-0.12451774860416946,0.552424747950483,0.34489455120533474,0.5814106514514219,0.9178708785685442,0.6522762826981713,0.862503680541178,0.05361157385411595,0.9603527713191556,0.24954776611196575,0.14022011252100838,0.06057198843390733,0.18605026364972257,0.6296181123913581,-0.15941484505259293,-0.2892864380255132,1.7079842140507304,-0.24678744019128698,0.612901010896026,0.16979314687107153,0.6109835115076606,0.2074172339870679,0.05133145543594054,0.5598667987919873,-0.1407276542161164,0.2303032231990057,-0.29881084887015946,-0.26006921841566777,-0.25341999881912836
-0.279313330944961,0.13956077874458528,0.37072074848413317,0.936738725346371,0.8093696973241479,0.8948437078129005,0.9008840510712314,0.8708416689032985,0.6654426210157215,1.0108145290176087,-0.2706557925646637,-0.18208473619311621,0.3240667593811541,0.009506370215412003,0.7141361830158699,0.28832545597991494,-0.12672585831311772,-0.23234698568897258,0.3058290873740623,0.23828898502356224,0.6658606853423767,0.9778964774091239,0.36681566775066105,0.6364047495039389,-0.3207501372617087,-0.06930503206220254,0.05642225207189508,-0.3199128641249729,0.3435909941881954,0.25985173405269857,0.566350531043379,0.563564070549788,0.5433441242667111,0.3723446368074,-0.12168387367465887,0.22542379129431267,-0.32567074559619197,1.1659862006805228,0.10208538006123703,1.4374592511861068,-0.31907955609050426,0.7680442157087445,-0.06138512259060197,0.3414030191399105,-0.42396505365168735,-0.030017549958161718,0.05215258704920148,0.5157049254457488,-0.8100972805849626,-0.42197016770290957,-0.10507338243634884,0.2738028252881641,-0.041276469492040634,0.6334932790186115,0.04416138734617994,0.7621078711952705,-0.2729707459680198,-0.3418036049124648,-0.7323780567825918,-0.22822843232074272,-0.8310256198343084,0.16052448428273228,-0.028016661918311193,-0.011028624945437174,0.8300453951933069,1.3069946365695133,0.6586059390618931,0.8945973480516756,0.36394178321069465,0.47086491828985527,-0.17948069380624068,0.6569056022299979,0.9875799208514895,1.1255094227516655,0.5628501816417785,0.5463770111098227,-0.20118399479159207,0.1514840522778474,-0.2495496279079443,-0.08323332428679604,-0.2196956852396921,-0.18925709896900048,0.5522370973539917,-0.23858882850334645,0.5767558240264519,0.661997786884662,0.30471248139283724,-0.2817320510061379,0.38401733190428955,0.12201816575073202,0.3917015416806691,0.627753633071402,0.5134043319866305,0.5002874316463136,0.06547207866828547,0.5966928145140036,0.05298821387326648,0.03599340358228558,-0.05313821573782073,0.13367601348028427,0.4544027751406711,-0.34311756135866656,-0.3835669404698446,1.373284611122515,-0.2622906834752974,0.457475025953258,0.13139118280990714,0.33176378705996606,0.16932850004164876,-0.03772763548407864,0.34102739313636743,-0.13704960966699217,0.1306694107683097,-0.3018974594376856,-0.31106879527893794,-0.30212738366688663
-0.2650612176385888,0.006427540127840697,0.06522511129995999,0.4404444422047996,0.2628471552702573,0.41188157996044245,0.33074213162633037,0.39406904053601666,0.26681516658167276,0.4766407095581429,-0.21648016042759863,-0.2179044001833723,0.0209548336335369,-0.08540215423334278,0.27367520877553786,0.11787723747717062,-0.054118212985691874,-0.17869621847538614,0.16018478240518444,0.11952808129302853,0.3118277401169806,0.46793879891852797,0.061972871493925656,0.2324280077634079,-0.2792855844501416,-0.11382819712209437,-0.13658723271502146,-0.3507816609693459,0.2025299454359413,0.13621934168310554,0.37041226057741494,0.3611029465435364,0.2573455622296587,0.1871894531815251,-0.17988490132497756,0.06640413256854148,-0.3100325176769261,0.5043124355463087,0.022675498660158444,0.6598704466265749,-0.21530577869503978,0.3193353907606634,-0.12927608690402279,0.05962694476623511,-0.24621387584151447,-0.0847342167733907,-0.05865417816230827,0.15420849433650863,-0.44240088793196225,-0.28212460461884525,-0.1386041358943412,0.025102937476106906,-0.1377274429992155,0.18827138029707388,-0.054482485760669296,0.2691107230052472,-0.16263884695404215,-0.2211559419300309,-0.4101414853910987,-0.20308934808026274,-0.47106646957568366,-0.042523036793686526,0.02734566658885293,-0.0169613279556021,0.23170359650088682,0.48543721147544716,0.2280603581349186,0.37062169989154176,0.12085165744966155,0.17631609568132683,-0.19679914865820514,0.21390693974191252,0.3666563046574871,0.5114941418349701,0.1641447283477038,0.3330448298943539,-0.10209069267987522,0.04824372967023072,-0.16359434608004797,-0.050735658078668235,-0.17520992670414545,-0.16678619997759397,0.16143259951730554,-0.2176732541049663,0.11143616176553381,0.19204121262669313,0.01910165597937857,-0.2763474874236835,0.10236115634595722,-0.085049313836536,0.10038837361875973,0.19875145497757604,0.2719846683456817,0.06688189224374116,0.05187852203981706,0.166658436315367,-0.07370393315508933,-0.027969103401720555,-0.09534394071869691,0.025348936527343165,0.20399707492969865,-0.3841657620731826,-0.3290939349101639,0.7220029304406408,-0.17074797234887504,0.21212738515580548,0.05136283295463064,0.06779187502549236,0.11532966146327078,-0.09049455329587124,0.09687092323107822,-0.09276349708657429,-0.006658599203711445,-0.20035293589630457,-0.20443789892885206,-0.19795188242806333
-0.09162707181830707,-0.007783066760636779,-0.1933245649802965,-0.021248948527147555,-0.2312386542324896,-0.03142583448060335,-0.2246496693175395,-0.06525886190519659,-0.16356803563851893,-0.0983236053560609,-0.09922865949319003,-0.1749952234155168,-0.2599903124554603,-0.1240747661079605,-0.17939173607699585,-0.009811292517555966,0.10521906035964904,0.011836564946455864,0.05383825193978859,0.0693432344385447,0.0297714591616569,-0.0364613222222518,-0.17482824369389516,-0.10331324889516043,-0.10899472690526225,-0.061289083462052765,-0.20753120143353848,-0.19687456703735376,0.10348319878716375,0.07355518449978617,0.18411861810404012,0.17327870895643832,0.032911055880023854,0.06507881239029328,-0.09393888334955167,0.0003450151041905064,-0.16667386327397005,-0.1582394110509941,-0.018467887787433655,-0.1661865146370282,-0.025247340706338404,-0.1502290506296453,-0.05246363464505168,-0.0957368853155919,0.053053971823837476,-0.007534380215200859,-0.05116597657779308,-0.11075896867320606,0.10350871247128526,0.02259010107931199,-0.028308922663296168,-0.1303060663092677,-0.1558657197211745,-0.23691294225056672,-0.11982764296379665,-0.24755293797463387,0.08035271927926758,0.05551696095770362,0.037429885470047865,-0.047680665475803116,0.05175449814719829,-0.15655088107917903,0.1547837427106289,0.08128685373718854,-0.3383296960151849,-0.3305550340005922,-0.11636933884818258,-0.10254337754051249,-0.04354967982727136,-0.04534461392589295,-0.2029269441494901,-0.22926548287363632,-0.16307453522898777,-0.05547873969794918,-0.1844381774352766,0.12200283989638973,0.07141395556778578,0.019834982344950767,0.017435593490520374,0.06065179430741992,-0.01794142493124084,-0.04401559495838536,-0.18480368877568362,-0.0902141132952856,-0.2724706250328225,-0.19789957175863812,-0.220018299555407,-0.11519382499493312,-0.1910909370737608,-0.20856813084768372,-0.18194874732475613,-0.21010735446054934,0.016820892889510976,-0.288855457354221,0.02049214415768641,-0.1799509164531448,-0.0756633539668817,-0.01337571464561721,-0.04086258604922148,-0.09091639987286905,-0.03526080090922444,-0.2701612224644008,-0.14044800048418604,-0.015575117426885499,-0.006866205738170818,-0.032262424005681106,-0.03862500297503772,-0.07900352472780384,0.06488991378439438,-0.08749262942943087,-0.08025044558328812,-0.010039103365807173,-0.12314748681045763,-0.022881040751871685,0.023307218338876088,0.01703215404985497
0.17524057648746766,0.09396611686837013,-0.3149469376051772,-0.2893904727459894,-0.5115697222617981,-0.2685159651439605,-0.5700647740226247,-0.3401241052026247,-0.47071028039285734,-0.5009726411386674,0.04963635470585628,-0.068805712044339,-0.4128947213121984,-0.08891388291408014,-0.4832207640363563,-0.04518400376042693,0.3035863985527908,0.27194352817991907,0.03940374670605847,0.11024407857913933,-0.08686259615168804,-0.3676143069982001,-0.25989747962353926,-0.2486056546869528,0.11946433200774213,0.06488239498298294,-0.1477567235688736,0.0752653031107576,0.08832897108206128,0.09795392498231058,0.07664837733857742,0.07262540993211153,-0.04993204225951,0.053104685893267084,0.09597319726758645,0.048762696583102644,0.039015978069017236,-0.6046533520636314,0.001666041386126604,-0.7540832760279833,0.17926263598009048,-0.48246136826346847,0.14017220008012476,-0.0744310656365417,0.3720963169372551,0.17334923968155344,0.0695921510049818,-0.18915779042579145,0.6288461053713899,0.37597113446026076,0.1795095560283785,-0.1471666346247231,-0.0894661761350753,-0.4955726076767648,-0.12290774326335657,-0.6097954053156184,0.36928443485693424,0.38797329937672903,0.4569630429130181,0.17999429801897227,0.5629110217737627,-0.13904789692679506,0.312686118166827,0.2464887103856583,-0.6927515767057901,-0.8753572791778699,-0.26268716013473387,-0.367115512994825,-0.07015408949401947,-0.11545362899948282,-0.19790115554544008,-0.5202968277767335,-0.41557730196756926,-0.37904783593588876,-0.36228742257633817,-0.0025385576114765867,0.2525765730560521,0.07487423168134578,0.23009831159809577,0.20737361094922555,0.19582224136181328,0.13140893668639328,-0.37077589765513475,0.09580854475169097,-0.45831290790675033,-0.3898040780411278,-0.32518890008856466,0.1393038891794129,-0.3907920512911853,-0.21256508471213478,-0.34339108756163217,-0.44419835981006217,-0.15165113788203674,-0.45026165536534,0.0009069771253422187,-0.32283958949756536,0.06194636533354331,0.09780932747825241,0.10442375524535312,-0.15727370083540315,-0.18013466711960655,-0.04660491185850069,0.12386095300024819,-0.5722707625016887,0.16601171155725314,-0.18392588182517156,-0.10107689060163033,-0.04519628151025947,0.0375265809171668,-0.02477625746446998,-0.11782763455383212,0.1055179912250935,-0.15870698146685952,0.17910360562649902,0.29280575409425513,0.2553098483742406
0.43486352521160104,0.26627296825657437,-0.2576300847206131,-0.2724832644262064,-0.4950382841890654,-0.20551483893342912,-0.58394155177142,-0.32712805489853003,-0.5419359022271427,-0.5776559949899553,0.18594851823980763,0.06272081696697865,-0.3772851490760617,0.012133200466281562,-0.5296428353458735,0.03024816203974056,0.4800718753698303,0.508727728411636,0.13683531733020152,0.2320032445253933,-0.005253466399706016,-0.41971587638649,-0.16209205915073335,-0.14681473758759836,0.3120671930412519,0.2150680698787144,0.0023151166670883306,0.3528620507714607,0.16916541656171033,0.2042880282815906,0.09049730517498622,0.10253254033920325,0.03837522157281888,0.1595499708515755,0.31079279103053004,0.19108642369347342,0.21782717242731875,-0.69577642432036,0.08503283950034116,-0.8992898776867508,0.32098122019602515,-0.569584880901989,0.37657837784937115,0.10971575278764174,0.6031082786649168,0.3929925707155681,0.2559551791632697,-0.059374348203977426,0.9422939255603745,0.6440910742967858,0.4009732189040837,-0.032292540398872846,0.03416389133679694,-0.504056136711006,-0.059318641929815036,-0.6965180542037728,0.6002818132926795,0.65578550263096,0.7062508544320361,0.3967689755500266,0.8926966163816118,0.007869934636314455,0.4493636373861682,0.41711262391968024,-0.7218597841484199,-0.9821380507740141,-0.17018114764042658,-0.3399311387996811,0.05022151796365238,-0.009476320179700647,-0.187157804053803,-0.5595208770429198,-0.30597551707051,-0.3503098398861096,-0.3088776017972759,0.013231532157146826,0.37355358992210724,0.19283911119069783,0.40020535440014116,0.334603617762413,0.3886371923835267,0.2918381659321616,-0.33929149687619164,0.27048413239062624,-0.40308808391006046,-0.3381400210605416,-0.25785569804355035,0.3929245454106443,-0.4258374864261859,-0.10402510271736895,-0.3160520024578068,-0.41306743073295277,-0.16192254709153406,-0.37174213210237605,0.02618500046125533,-0.2139516273155426,0.30268607960741556,0.2880012801843324,0.30095639903146554,-0.13308335092644483,-0.18011012736867726,0.19998377352818103,0.37875066961571874,-0.7425316920842198,0.2805865601295278,-0.18385064831679343,-0.10835539050520648,0.16724791165893607,0.04494468830927224,0.08201292907800545,0.0063078763778334,0.23721072244679237,-0.08125332624077984,0.3458571005438368,0.5102402354597639,0.41950740248001434
0.5907195223382153,0.44016182292273076,-0.04421629025189869,0.01637340864274397,-0.2060834211166197,0.1349703240624043,-0.26765475255918486,-0.032249251618522635,-0.3530214333042762,-0.3000022321425833,0.26558111372226584,0.17051395381737755,-0.16634535860032246,0.14396388087270862,-0.30810181623949107,0.19240006651532962,0.5794471787250106,0.6372588732652207,0.31935758740685677,0.3922590358363524,0.23313912506789888,-0.1886511966571453,0.08226889604568302,0.16637723643411637,0.3917829776934149,0.3341379701406305,0.17374372479778763,0.5240178444259455,0.3191585296315691,0.35405804455855056,0.22164456275548505,0.2560260406902329,0.26259726717150367,0.3465534690169814,0.46511914130810317,0.37098379535638476,0.2941302324966306,-0.4217174602222695,0.20699746791951182,-0.561625170923636,0.34713566861969936,-0.3945497026184785,0.5676938896105336,0.3829045420766316,0.670425314197916,0.5726214999061943,0.4345506412994199,0.22169541787293884,0.9353923951238794,0.7284708941507582,0.5481205469626763,0.1593521044358435,0.163090046260882,-0.2752106312705921,0.045829350442465125,-0.49130694676493075,0.6917805455313711,0.7643402506185791,0.7068945209171381,0.5243996296883143,0.9370805969428492,0.2336495058441002,0.5210065967399139,0.5297494128208703,-0.4330836000988528,-0.6432113670808243,0.11418950039134383,-0.045902056263917544,0.27115412795284166,0.23087154582334535,-0.1787348052209871,-0.34044631703577494,0.11169127829005876,0.007944790633369761,-0.05042520571053552,0.16686226768038886,0.3926889313097725,0.33109704393567807,0.4695194423508209,0.39642165456628176,0.4902413961345971,0.3748397690048708,-0.11466745510567025,0.36762672365438565,-0.14940911575608648,-0.08395078317143467,-0.04741738753409251,0.5530451747660908,-0.28951917345771927,0.06855867010921789,-0.10845435452882497,-0.1315131288014007,-0.0050033216548266615,-0.09528716043078853,0.10993433724708458,0.10027671572772688,0.5639582408440201,0.5001403014981841,0.48397228667062975,-0.017264769938559424,-0.03840053828390063,0.37513744651013115,0.5396867246202066,-0.4662392535259531,0.29202436163406914,-0.03200046616635358,-0.05577185995958364,0.48375069820357486,0.08486248327211379,0.1986094637828348,0.2478486227782002,0.353199366719084,0.09168095911479957,0.42596572610218164,0.6010596593639327,0.4419449588558769
0.587816706072606,0.548547212734513,0.24273563804148734,0.4575242074166759,0.22975066005329664,0.6126867277925822,0.24787561401563799,0.4223563049145523,0.016922077303731454,0.21470480243926068,0.259292001347685,0.21078827640920414,0.13199577372012922,0.25339747989445893,0.08431735909324947,0.3780099218567257,0.5696820448057778,0.6110577434906858,0.51727049999891,0.5284113439691357,0.5232844001013752,0.2209832854314196,0.37746535007822496,0.5682171101128496,0.3315996848781078,0.3828359267834439,0.2973120170564687,0.5235398468166496,0.4772603106315269,0.485081680582568,0.4152419208076066,0.4720022016056626,0.5304203064896911,0.5389900169517983,0.5006042376914103,0.5150327142949043,0.23645121689797388,0.08872868075408061,0.32098215760223314,0.10788117992750587,0.24958805421260202,-0.041171611130413434,0.6394911825455264,0.6355597253300769,0.5576855081022974,0.6467101719074212,0.5318005530590434,0.5352993796609496,0.6275086239997713,0.6052008238104855,0.563104414024901,0.34443502086539163,0.23930761188405597,0.08230870669003197,0.14461883601313752,-0.09380840230933121,0.6157498443326294,0.6810847066887625,0.4752162693169052,0.5178710274594907,0.697442166773998,0.453590897473554,0.5065539841264763,0.5417057146645887,0.04878516351417117,-0.01735187838691164,0.4686295159907817,0.3849926147230831,0.5043134153133649,0.5083868230521815,-0.1795258676568473,0.04169876605797117,0.6558649200903082,0.5423654232335201,0.3036165457579991,0.3937589035602372,0.31092147792317326,0.4390528845670281,0.4168443576521842,0.37147458979171505,0.4632919301934233,0.34621270706064455,0.20152921113528813,0.3489209072544623,0.18980378651115815,0.2586049906138293,0.21423188576225913,0.5602177490529419,-0.04584098305358209,0.23053922042784936,0.1914844251406965,0.27850024751412694,0.25531376514511744,0.2629512738302425,0.23148080657825915,0.48928944789645523,0.7412740923809084,0.6516774046767686,0.5831446578871254,0.1457723285891846,0.18537057369207208,0.4130962912793346,0.5512399131229794,0.13848809698482836,0.19566609403084134,0.2067471824232759,0.034263148056629646,0.777366677653117,0.1398378366963917,0.28027295615095826,0.505055303896134,0.41176661022359823,0.2920934004563193,0.3915433568337508,0.5367413844810993,0.3122817521721972
0.4333783452349832,0.5495133533140638,0.4893521694972954,0.8645866412528184,0.6298222229694707,1.0189933698242721,0.7473337353534106,0.8401440658613443,0.41241365941825203,0.7439584841940158,0.165442243875456,0.1618778055572459,0.38703736671651723,0.2884975855479525,0.4767759074260532,0.5056247710575673,0.45289707631306153,0.43867593361271917,0.6426494804950822,0.5793633160054306,0.7324231491303327,0.6298700251009143,0.6009377267392774,0.8904305985149809,0.16518488397446024,0.35119441149279285,0.32831780514293996,0.358235474073447,0.5690992053458306,0.5329301516328929,0.5825525716545298,0.6545377709602335,0.723848740674746,0.6501582580117643,0.40698958631755977,0.5587505303477055,0.06863926615607112,0.6110986902373285,0.3746248833407419,0.8162381633705929,0.06764607189529859,0.3345850271011813,0.5599853044290886,0.7607840591385964,0.3132291237351522,0.5854533209676046,0.5005576944365078,0.7427560960268267,0.15876592286517135,0.33304045458551723,0.43982540328755443,0.44154763911250733,0.2216896482235579,0.4042156650406649,0.18508253735932115,0.3157924123047163,0.40770718534633377,0.44699443875547745,0.11701677360093661,0.38138085967799573,0.2816390605867621,0.5786948618913647,0.41421357354576704,0.4458940843976381,0.5252739831413379,0.6253292997258523,0.7384711160273222,0.7621097475249381,0.6506899309000403,0.704138145633079,-0.19162134718454044,0.4221955576057019,1.082661789153894,1.0223271202416897,0.5987787515110791,0.5890286877754034,0.1696893604929842,0.47534697141847215,0.2652638690865451,0.26876827417050403,0.31712681814276966,0.212651678601865,0.46597126199757344,0.21813841181579086,0.4712112178702744,0.5417632425046962,0.4060835557215765,0.40789954264423467,0.19381438426247663,0.3075590693814128,0.4494204461028257,0.6328261099970692,0.5044349509183088,0.5544593452560619,0.33972792643555527,0.7838056083119744,0.7475266483403952,0.6660299163640911,0.5494910578154187,0.2828008260827304,0.3952747008371569,0.30272805993122326,0.40815278007321265,0.8142617155475468,0.028594360733611685,0.42435323691963206,0.12047904430218458,0.9152345207009609,0.18277408155413477,0.2871381252042072,0.655446058697468,0.377765325362447,0.4270487300673122,0.24866596221040066,0.3446559890203701,0.08140894677204086
0.19237895041060424,0.4398716609707296,0.5944365812842798,1.0561885557424113,0.8237540212774479,1.1628230702506581,1.0163722965650468,1.0298436828178674,0.6642222070004216,1.051413867264486,0.015676081757580958,0.03538289128367373,0.4818063369018585,0.22227066883110128,0.6946790758580205,0.5090722274138265,0.2662149735074749,0.18040446461409054,0.6282881934094082,0.5109730102886089,0.7518516623220428,0.8518670630857204,0.6519160126087908,0.9863423321152915,-0.03009436675501403,0.2591255354607495,0.25944721298310475,0.1011151703917784,0.5388656545192796,0.4583396389206503,0.6361431388035698,0.7112592609569393,0.7460642637857436,0.6173188825592286,0.22292144195350533,0.47164586513635853,-0.14255877427016006,0.9112558513143585,0.33327395369947677,1.2443397879481517,-0.12745953409739955,0.5659815625710081,0.3517453577972053,0.695424955162324,0.030986321638304126,0.40531158795360167,0.33940169284765576,0.7407262939915181,-0.26963833041830865,0.026244115356734824,0.22463358811972237,0.4024631550257022,0.10532610271200028,0.5388678763870689,0.13638976987721274,0.5506834127025392,0.15088355358844788,0.15799604530371789,-0.21445099562763845,0.16578160269703132,-0.13710214625950656,0.551382183658486,0.27742268862224595,0.27272782066459006,0.7998347705689745,1.006525352780655,0.7955874203584433,0.9083022073169699,0.6400894222296274,0.724722455473798,-0.2096812030203333,0.6323798589853314,1.1865877261301978,1.231114147264227,0.6985338498590307,0.6527393111970157,0.03074764124706615,0.42275356948864157,0.07247510754750601,0.12222421368395293,0.10444585400017439,0.01950966598573458,0.551485613016536,0.020367832327521377,0.5741818199404479,0.6386864302499325,0.4303526019017206,0.14447370487472064,0.3181500292729945,0.2553426131819884,0.5440453101151344,0.7643488561403838,0.6260266838321852,0.6560013581769366,0.37730268791022087,0.8439121306068628,0.5545491115990374,0.5114855193619363,0.38074198306905116,0.3267104546854702,0.4972297570438593,0.09221089556742539,0.16151160725364894,1.267252299904242,-0.14585275386324395,0.5149590654752298,0.16138967451534156,0.8172729283427729,0.1878495845599387,0.20275436601030752,0.6096782334811739,0.2450881245333776,0.4233916659780256,0.03990019256339225,0.09729056741298042,-0.16069688962175216
-0.04010158770565387,0.25485227120389364,0.5127446062999811,0.9328701449686227,0.7229592536568072,0.9586918057480359,0.9343785791292449,0.8913719551713467,0.6632726071639234,0.9927265140444475,-0.1308902528739085,-0.12431136344616721,0.3704388279186758,0.06995104080033508,0.6383690420741568,0.369970984757455,0.07138405973268995,-0.07379994186857183,0.4642190955166358,0.33482305465224815,0.5456272211924912,0.7717558091535242,0.4975327057671282,0.7974765270756212,-0.16985074012147547,0.14517293797594968,0.1189037701712958,-0.14223898745097505,0.37892318104319744,0.2692903450510468,0.5299760735445966,0.5959138528705119,0.5657793354235138,0.4328088709425239,0.01745757869607209,0.2716769643028893,-0.31722440667108043,0.8431772180865006,0.20084701786570952,1.1856325987952279,-0.2604242378692777,0.5466623520221856,0.08499837686512637,0.44846633764907,-0.1859742265239765,0.1640459206435411,0.09704105531457555,0.5086646663492591,-0.4833770435834678,-0.1960350016876575,-0.003623490068635605,0.2327888314639498,-0.07138922673579456,0.4162842567743465,0.009093725252066346,0.5007329907514325,-0.058878015325465695,-0.07591973390678654,-0.3814855909373762,-0.051609949851629186,-0.3890179580492567,0.3724757491878492,0.14201661483528893,0.07834163972231303,0.7576091687718649,0.9529996733941052,0.5932260970988465,0.7359630295598292,0.4634743066847385,0.5447137157094185,-0.2208014707057953,0.5734633370933102,0.8964461557635808,1.0600749560515825,0.5471168555980392,0.5400416328651639,-0.05288908085657402,0.29541130957873707,-0.09207240330010409,-0.023027565919040347,-0.09803693608036054,-0.16571970187499363,0.40507128956128835,-0.17377593225061802,0.44870068456747153,0.49389502805163105,0.2621123930682754,-0.1428901339828572,0.2682901274344542,0.08122386192097736,0.42750713114509425,0.6034519526196668,0.5575946777839376,0.5214524229718659,0.3140056010934761,0.623260289702832,0.21784718444303505,0.22907597793851825,0.13280913894765423,0.2539422348284304,0.4405007862317676,-0.129960919106209,-0.09415891009045896,1.2942547101057351,-0.2640585012525823,0.4260083284910325,0.13632653234971687,0.5019692373242992,0.14257580745781331,0.04757909059967606,0.3598057119760778,0.05291325428515345,0.2710729047021189,-0.1640180996804548,-0.11505334721578932,-0.32374754238589487
-0.17771740823558108,0.054502261717767765,0.2777231795186545,0.524515885666218,0.36021384454656385,0.47379495244943304,0.5316762133740712,0.46684151255271517,0.4115246768624832,0.5856473483847279,-0.2065712294713074,-0.2548032310432267,0.10629436650778643,-0.11127931793532107,0.33269071862445687,0.13234218666991074,-0.06481559387083899,-0.2371257638718722,0.2114129947571041,0.10959483969125022,0.1733310191695145,0.39894640287840233,0.19375562624201856,0.387191795495343,-0.20098971528863757,0.04955971040248472,-0.043180918540252945,-0.2792000464204581,0.14078551659255076,0.025179255107930894,0.2851092467271696,0.3345459879404198,0.23755220297836266,0.15442919462335353,-0.13856912413659922,0.021853657397660695,-0.3953897594133077,0.41535510768779443,0.02578076939999884,0.6438382582203233,-0.2811752100832384,0.27927592876765367,-0.14703953318189003,0.10302579451253739,-0.26443767182775757,-0.0584927738534824,-0.14210388100733107,0.12527087375195656,-0.4104898611177402,-0.2601273682991653,-0.16525600586381928,-0.0076289865785013605,-0.2377485089356985,0.08436321086679283,-0.14231977638325397,0.18561582559764883,-0.15184442082294766,-0.17566686469511414,-0.31881693010897133,-0.1967014422461903,-0.37599595721885026,0.10568256914665902,0.04977904667631374,-0.07629243266887427,0.4149020153340305,0.471187936932226,0.19132333677430868,0.2903514239705694,0.18209982680923098,0.22362848908192534,-0.20866172010826686,0.26416182837932806,0.31845744162071915,0.562165093933335,0.20106578794476418,0.28977370146778414,-0.06049591820198673,0.13494408180045273,-0.17386200163893703,-0.12666674970455963,-0.2179576649526967,-0.2783731892126036,0.07767818458936875,-0.29376681075868233,0.13791752088843529,0.14840751077900982,-0.030356461607275776,-0.35767861051797334,0.06885360221274835,-0.15394332424737092,0.15483134249924407,0.21859898529462812,0.3242808515688325,0.20428670809714103,0.17000958403477479,0.197795190462539,-0.13319592027936097,-0.07005308730713526,-0.09338071336568586,0.10317147017530111,0.24287086184237114,-0.270706232256485,-0.2520367307421542,0.8759673221577496,-0.2872431685542119,0.18925377625870857,0.05770219932907367,0.09250668876944411,0.05521630056453462,-0.12196259947367058,-0.004758146142133299,-0.11831183844239483,0.03927115001914519,-0.2845663808140154,-0.2175920888221015,-0.3548637599868341
-0.17612414593943107,-0.09792434033736222,-0.009989497436184934,-0.01727195264747276,-0.12166601992417138,-0.0948109193293436,-0.020557286954207943,-0.07282317940188564,0.02249506719428524,0.005726580768383705,-0.16294975452312116,-0.3009830004442586,-0.17917507133759902,-0.2443279158329381,-0.08140430463472258,-0.11165625013978304,-0.09384412381565288,-0.2571815081055184,-0.0196909525772484,-0.07944275547087482,-0.22841737326918282,-0.1308699003595268,-0.13372048121874938,-0.08041460964012569,-0.1227158264883267,-0.0004533374232278299,-0.1735335725364249,-0.2666550835959549,-0.08235017534554627,-0.18325318803702598,-0.014172859583157204,0.01966518523792952,-0.11573086988385854,-0.11401554698423187,-0.19859046330305294,-0.1918783701057154,-0.35890986041877493,-0.20879049934719923,-0.115418349112737,-0.16266240000212595,-0.18399800339617212,-0.12431228927531598,-0.26234014369985137,-0.21295182342733038,-0.18653776389778584,-0.18782344903877862,-0.28850410603386295,-0.25911721222839595,-0.10738339983813554,-0.16422317765667244,-0.20962831786408337,-0.22727798426601056,-0.3187545533797652,-0.31002766433775586,-0.24088786560807524,-0.25231667028133964,-0.10933328193338589,-0.1217981958234764,-0.05842581530127439,-0.22574422628063484,-0.10920612659867965,-0.14579075373237188,0.024830403964079727,-0.14705737520930154,-0.0867515455141717,-0.25378062845541166,-0.26321644640713154,-0.2640792731898795,-0.09453804502444219,-0.11470155004430203,-0.16225610662339277,-0.1646078007681713,-0.30340059518325746,-0.06561330023083638,-0.19140992074959048,0.011902831598412648,-0.009440866505715417,-0.004054487278204798,-0.1526846566550196,-0.16525508117847293,-0.21410931712217163,-0.28078623782675144,-0.2936854090304739,-0.29560844614782245,-0.23741120916981756,-0.27392888221372985,-0.31120278759721526,-0.4277075467531898,-0.181515626676565,-0.3581357255561998,-0.1383625984853402,-0.21016020333973365,0.030166406482959818,-0.16314941770955743,0.012129469146657211,-0.26084742192197274,-0.3442895063892173,-0.24594267383004667,-0.19089568342885557,-0.039503362625750875,-0.015056075463085737,-0.2707445481272405,-0.23456273491751775,0.1882275782222403,-0.21500911485117338,-0.08870579418260498,-0.03368521019558658,-0.22929477883581417,-0.04678738819520693,-0.23335898224704218,-0.32908436624042053,-0.17730216396661566,-0.15047743177291598,-0.264445121497002,-0.17780004145868814,-0.2578640892715005
-0.04704673488731931,-0.1574445953437605,-0.22633317672388947,-0.48223905750339585,-0.5304466077957912,-0.5078635401640357,-0.48739926218391877,-0.503842430168253,-0.33177348684077934,-0.49484594547522454,0.003198692524042921,-0.24045411007833264,-0.34110771859145606,-0.2680091760865154,-0.4135804935406694,-0.2613435120901659,-0.004177034382483233,-0.133966448018696,-0.1197229980695216,-0.1561571570881188,-0.5022365932781984,-0.6112658280208646,-0.3442585657931975,-0.41160452413128057,0.019025294991189386,0.002813881578307673,-0.23295537382009557,-0.12338361762493523,-0.1964699629798735,-0.2722013782227212,-0.254743057837968,-0.22779471654191116,-0.35404192888989205,-0.2663182453398146,-0.15378175726342766,-0.29388177620093686,-0.23393556556842068,-0.7811781591994459,-0.15287849443272825,-0.8981455998777149,-0.008878970465816441,-0.4941992523932167,-0.22118388177071152,-0.37805748088394675,0.007906132473407629,-0.1813240146294334,-0.28386788198938817,-0.4864824601825093,0.2766453393691416,0.030111829645737453,-0.13163500718341853,-0.34093604735774025,-0.2700445388582958,-0.5902812750960063,-0.22568593032807308,-0.6160468810022758,0.03521563668293141,0.044856706566759774,0.28863874060528494,-0.1393258406748457,0.30009139299100823,-0.2824516744572518,0.06769385935665165,-0.12070788202115237,-0.5423259308281452,-0.9377626129723511,-0.5964742039118526,-0.7124680933889301,-0.25493085046994385,-0.33449511867753584,-0.0858355765150547,-0.5293681546177991,-0.6987490268757119,-0.567971234714183,-0.4582892585279787,-0.16443168969387806,0.059398752297373736,-0.07411275696541422,-0.04705349560285457,-0.13664454667782125,-0.09149443606582758,-0.17632440336679694,-0.5477091989817073,-0.1791852430577994,-0.5291480901184228,-0.6159578958274545,-0.4417053205179532,-0.33176728932877486,-0.35895996162948246,-0.44764746886247836,-0.30334701078640935,-0.4777765500408362,-0.19158620976745286,-0.4275883970161145,-0.07839713444227357,-0.5603563169986486,-0.3075595922010031,-0.19655670161566777,-0.09785790691170217,-0.08541400742649455,-0.22597353276180973,-0.12971392426546263,-0.030328042041272586,-0.4782077253059434,-0.08246737202708214,-0.2764799691179551,-0.08949480002818574,-0.30652382048411775,-0.1275607198180058,-0.23100085854564892,-0.4633949867199936,-0.06886416115257815,-0.1861149758261755,-0.09523681797455695,-0.015890389522870935,-0.08636017950961689
0.15105599616784288,-0.11103694046512767,-0.2801580659711581,-0.6917018459484908,-0.7075965502169278,-0.594921165610331,-0.6777131310722574,-0.651924817617657,-0.501497118818105,-0.7057137621941604,0.23979530828756265,-0.0963270233454994,-0.29670850464458604,-0.16870555141034851,-0.5164504001958402,-0.25393331349752923,0.17240088853052024,0.08190373272550597,-0.03539731005680196,-0.08814236589753223,-0.5396248019569065,-0.8538076801942968,-0.3475849747396936,-0.47104570948489843,0.1582810284083426,0.049711249075387605,-0.20718444583907325,0.0842273218588023,-0.1514297852427959,-0.20368942115903818,-0.34382726797723284,-0.3113471716745077,-0.3821117223288076,-0.24163642367722285,-0.030964969118235253,-0.24939671765048746,-0.07561328669548208,-1.0780690274020102,-0.059881828200766596,-1.2625666413860104,0.1751664685001292,-0.6803900432403647,-0.04187875464794575,-0.329076963329964,0.24109106708746647,-0.044127515944233385,-0.12775030856129363,-0.46281503093354526,0.5753153006805688,0.23333674065709814,0.030204496205653287,-0.3066283304423736,-0.10313911631899719,-0.6358583616647143,-0.0878522209512614,-0.7492645095586814,0.21666579729429247,0.24787964154936012,0.583159245956542,0.02115348225742706,0.6904987697525623,-0.25218779776020084,0.15815080043911847,-0.016452569665408565,-0.7728994945655641,-1.3197596270249927,-0.6816929524788232,-0.8826728336917894,-0.23502153977244844,-0.3483544721894434,-0.0033589484313859795,-0.6794462227950863,-0.7003838662416975,-0.745650268441914,-0.4861587190971766,-0.15627697303508115,0.10731117408941031,-0.0526081949453612,0.09679885617149245,-0.05692792407263913,0.10114544718606121,-0.00768771609048521,-0.5752213403905048,0.010646439195330436,-0.6253334001369123,-0.7518911901434864,-0.3523754197953379,-0.10899913889648288,-0.3780200491348858,-0.3859148900004846,-0.2563499125296187,-0.4578198803208828,-0.24425755899642898,-0.4836584788266675,-0.0497370449997469,-0.5763862304087829,-0.02066265537261711,0.08291769726588258,0.16485485642001071,0.0052199722651801094,-0.3050925931827622,0.09311656088383809,0.29180053651437127,-0.8505218896381825,0.05620909330296537,-0.28418597940674317,-0.0799400781178635,-0.08816290496914841,-0.15800710375528268,-0.10643390096650386,-0.3387828188738869,0.18731978528152843,-0.02970786797040374,0.17030798356680307,0.2041681285649607,0.08362438822631028
0.33946238052027583,0.020452938034956708,-0.1541020752577858,-0.5732163789779035,-0.5946632300614952,-0.33235217288979324,-0.5281533780106202,-0.46958115284288454,-0.4264545311333991,-0.553551353008981,0.45433495724323747,0.07044188616642345,-0.069431858898141,0.010023544594491543,-0.3549771803751792,-0.09400310059805599,0.37089440323928496,0.309303775447363,0.2009477366133314,0.09730592559035209,-0.32997311971936544,-0.7681567065441472,-0.14622291360231424,-0.2424933806275601,0.24114684232310113,0.12091984795547564,-0.10922694001593024,0.27343751450394965,0.03400814449054446,-0.005072062393267642,-0.24903499217859193,-0.20087415727600447,-0.19183493624801493,-0.052554879268673485,0.12131237081774743,-0.07880890616906298,0.055965175167080675,-0.995170368147201,0.1292474680997916,-1.1238364342575806,0.29761187493139823,-0.6182670984198816,0.20580991920444153,-0.08872362369148509,0.42866086802889786,0.17203948643115927,0.1190432105812041,-0.20184629351010508,0.6805108114790772,0.3694894296039852,0.21129027183834526,-0.14391006033318163,0.11388549667155712,-0.43950710698123346,0.11767752763282209,-0.609066822913598,0.36772802611477556,0.41052091910687555,0.716119895507635,0.1915214917687521,0.9168089753629101,-0.07327881300152807,0.2642630688311639,0.12400230394500947,-0.7004083618466305,-1.26908035574704,-0.4929107129261326,-0.7183539682296008,-0.04663655400090598,-0.15591382986222704,0.04830347240772239,-0.5643911628766097,-0.32400781657098454,-0.542028055501339,-0.2738935313696917,0.030439377973473167,0.11879123987204601,0.050085533000280145,0.22490851977193047,0.0469004684499094,0.2902604909493811,0.1598341495213005,-0.3707678126819367,0.20048393263735603,-0.49724906735648544,-0.6380501483077564,-0.08241186344930616,0.15415957297674418,-0.23515488003564902,-0.20185100427989872,-0.023393853791014746,-0.16683064020310018,-0.1134832509871928,-0.3196746602707897,0.09056516099431873,-0.30987925024765345,0.4007213539976499,0.48375443537198837,0.4928186579299736,0.19602917142064757,-0.22751181573055554,0.3035703443404225,0.6031618463453202,-0.7929768845121782,0.14965260309981654,-0.10974513358505443,-0.01019051964660239,0.3373061337364517,-0.12818456071313117,0.09179555170295357,-0.0066758323043863725,0.49192600258660857,0.25378594665642706,0.4318611062857213,0.3991860718171017,0.18671042328246548
0.4503133290856885,0.19133494710852675,0.09032489709409865,-0.18599984311958054,-0.25255541964839395,0.15053039954061384,-0.12340257468048925,-0.05128697948851017,-0.1570479685879926,-0.1274859179515596,0.5510672528461803,0.18688383820844945,0.22344859123525024,0.1864483385670823,-0.017441541062467085,0.14894881518901623,0.5167730254447541,0.46672907832951854,0.48436581803863993,0.3242563657984091,0.03548353470353793,-0.3967771992335179,0.16699725987551572,0.16773862460287894,0.2468542727540485,0.19560870228328583,0.02658213815234816,0.3781996295569814,0.28008504261965134,0.24149831950711714,-0.010690515955981032,0.055939083866191106,0.13524946701356702,0.22057669060666202,0.25136865569334205,0.1507779108348613,0.11776983289460305,-0.5849306139516057,0.33167738570138233,-0.5662736494537453,0.31354502147657454,-0.3505294633344274,0.4274471882573109,0.2440865896240363,0.5094371993819165,0.38737972268431187,0.357920657162223,0.18160039741169828,0.5803458342783501,0.4035461482737723,0.34612936879728834,0.07576885934390389,0.284133352061826,-0.10602578386416113,0.29466305501187934,-0.2790376336852016,0.4432823366120844,0.48420832889510695,0.6487198227125354,0.30935867542735795,0.9037959503409033,0.1744654037936164,0.35317541416232084,0.2525692189072345,-0.3735388370488381,-0.8300503334646897,-0.11338541722626902,-0.29844306021340605,0.22890794552023203,0.15786846361569956,0.03682429864184542,-0.2504340217719336,0.24394592058579714,-0.06092280739692975,0.0704323417048158,0.30463846544626255,0.1058492034845256,0.19509459502870394,0.2952536856932776,0.14490078634196277,0.4053852429984477,0.26339437460691945,-0.03274314588454187,0.3165276150922301,-0.2078465048945042,-0.32735073479763555,0.23734846938009638,0.3562051190362282,-0.008206127916879694,0.022670729247072575,0.27384381864085927,0.2460410200749196,0.12998728859521191,-0.018200372171181638,0.2770994585129577,0.11589976392806901,0.7694704455427512,0.8258607258731586,0.740248034797464,0.3897803761905182,-0.03575978238581086,0.41251208053732985,0.7668033510939977,-0.35644853396273735,0.16761642243891445,0.16072471639606134,0.08249433581585335,0.7778347354279375,-0.05102209642025038,0.2768189495941022,0.3817538393119238,0.7047080475331214,0.5239152973109108,0.5798038902136651,0.49763561948483165,0.1920208691241378
0.4499992914216542,0.34656526123037357,0.34452873153919394,0.3106418704452529,0.17196607889497992,0.6371371499429219,0.35236808535529185,0.41676731231231695,0.1774827224987995,0.37269031484937126,0.4751226074596172,0.20034213119317948,0.4328346792672721,0.2791757436626797,0.3343827425810957,0.372721629736668,0.5542243953002185,0.5009181147083899,0.6867081908662556,0.5008950014857286,0.4057596542876729,0.10844444676122215,0.45417294123516716,0.5834730766905546,0.18984430458473275,0.2565690068740198,0.1563085540259054,0.3709504709792571,0.4825189915421104,0.43471782583128565,0.27718046554067816,0.3559687655221169,0.46517907332397146,0.46559140276052596,0.320725215304348,0.3526061931712079,0.09606970394272711,-0.02372660630206059,0.45415849526551033,0.16097494105543067,0.21986797029152513,0.0006933803379919689,0.5402576244532006,0.5366780535356166,0.4631313764805992,0.5232323085789633,0.49342203992278283,0.5248723060881257,0.3478108724521871,0.34530528803438887,0.3915314484708458,0.2618557830319974,0.3266693968227347,0.20462692584019285,0.352736165562666,0.08021074153084097,0.43078351716813895,0.4597021385921814,0.4200682695982221,0.3357369262557007,0.6679885285393856,0.3857865196242399,0.3999687162428711,0.33038037058118447,0.06303804147966002,-0.19042287739839983,0.303004836399517,0.20257197366256288,0.47788945271790756,0.4624013499275018,-0.04592810664549908,0.11817261803568621,0.741780495969446,0.48850925619622815,0.38592191028620937,0.5373564988469545,0.09454182040347234,0.3299179633914196,0.289750927902979,0.21059613517745415,0.4051212045003216,0.26596218080359524,0.2863213773222061,0.3134631904009779,0.12065592684266371,0.05673571543035174,0.4501854655049589,0.42004884000401915,0.18676720920362344,0.19051590968434204,0.48300728010753075,0.5774784086185526,0.3694058305173632,0.2867297698370746,0.4186765949754093,0.515275259042853,0.913154371202794,0.9416823592317226,0.7875087402905195,0.4795181087776689,0.183858808283144,0.3737698466900081,0.6992588055378307,0.2581386836212803,0.1096102439770606,0.39805104291183063,0.14915090507815124,1.0279319663542923,0.043819967296237196,0.3630371016500753,0.6472907354681797,0.7111380966057553,0.6361151240423927,0.5431595085594302,0.4656017160845162,0.10987564277193289
0.3473278081122466,0.4381952370519196,0.5037727599508731,0.7268817915823382,0.51291042268762,0.9249423680480972,0.7035391812115338,0.7434167294461193,0.43337834625708005,0.7339000001424463,0.24247141107173867,0.10226591573497842,0.4550896364725405,0.24567603918118647,0.5463266917174396,0.4875606511574945,0.46758335657537564,0.40377719074019164,0.7170643095277442,0.5582862362720094,0.6362181039864502,0.5525257956516133,0.5961700692520647,0.8386012371079147,0.10552356520473967,0.29156191178086266,0.23987587441637684,0.26683442175854855,0.5589265300543068,0.49759694798964405,0.5061265330507604,0.5842124586961291,0.6693021933613241,0.586756483490938,0.31363381010051605,0.45387796712415046,0.006302347685619047,0.4691426103587598,0.437528732763625,0.7618084583362089,0.05477262983785295,0.29284157559163393,0.504204671544685,0.6776438839542076,0.31203283007070254,0.5306776881976195,0.4731642636868543,0.6902019337913593,0.09391022040267238,0.23369231537302798,0.33976164056402136,0.3443627803563025,0.21656607329414482,0.3575378315533117,0.25482036772641276,0.3128766321995031,0.3464203553495477,0.3606250332275483,0.1242973700931055,0.2669046365619587,0.30376277785502354,0.4757950876296547,0.39282740304571495,0.33793194197538645,0.43648983294945726,0.4043361883567825,0.5972301152922609,0.5910733890343705,0.6032377886622197,0.6385007366927011,-0.1738988304875505,0.3889778866169951,0.9591092514829599,0.8880988208302585,0.5372348987788198,0.6260068174974849,0.10365614609263274,0.4075418642843003,0.21590154237953516,0.225556382223034,0.2913609598984819,0.16908733865994235,0.4520470496664546,0.19230237642491108,0.3620226982756489,0.37231592657830614,0.452865036026603,0.3234048454959796,0.25637947789187226,0.2333873990546883,0.5007183426193806,0.6731749602451816,0.5000543431854679,0.47216810510703355,0.44332491087363374,0.7251239566543909,0.7575167263370017,0.7603083609780482,0.6008760446046326,0.4074403060278195,0.34196325604265965,0.20350112246852142,0.4134287070335525,0.796578539780903,0.002063182259229483,0.49522361436613727,0.15542009853661523,0.9680407804140415,0.1222865198535408,0.30699743269937807,0.6687417879994884,0.4835168917368906,0.5190287664499857,0.32471862646265354,0.3182512112451877,-0.018185860435816877
0.18573891506770393,0.4384297504649714,0.5118247381504056,0.9169944676607139,0.6523867564763101,0.9121904506805952,0.8061929021459936,0.8129130123694358,0.5157812482763896,0.8228904929306514,-0.060399433364789125,-0.06748690278206755,0.2836292894837,0.10175838075593771,0.5417829817227595,0.4527985064123603,0.2872319485202942,0.2124742815512797,0.5632352185499855,0.4776930813469045,0.6469209190260024,0.7747813325410678,0.543506070980716,0.8453545480017894,0.029795310366413787,0.29266535724172044,0.2521841270662432,0.11180524962559188,0.4831122367411066,0.4086756139714135,0.5946323804540017,0.6583672463511125,0.6757553056267485,0.543038440953495,0.2383724521808698,0.4219683340255176,-0.11703131312544951,0.720263170400075,0.2850830435544663,1.017526125021316,-0.11857838436354454,0.42265477957013914,0.3355346513309655,0.6198966068678919,0.10894287875386022,0.4075216465918053,0.3086947839592112,0.6219412443709169,-0.08647480899047406,0.11353371627528018,0.21773305440623372,0.3015657863453372,-0.0006036937637639647,0.3042278492413197,0.03917809440654778,0.3385400421713225,0.22287744161027206,0.2269862644378271,-0.12959181218312263,0.1327106933427695,-0.056225350254998425,0.41452223428824264,0.3346003841038506,0.27795765117242427,0.6170018628067984,0.7487697139932085,0.6673760106350811,0.7312570819318188,0.5630181067535105,0.6260790639842059,-0.29422848102300336,0.4664153708969301,0.8299267682120955,1.0007537625960325,0.47486251851488126,0.5418271570550698,0.1297158956845494,0.4026429713848256,0.10004522021320067,0.18283670316397796,0.10685280333285052,0.010671872776081158,0.40677284732058755,-0.0002463281812685778,0.4370264898477995,0.5132549458088816,0.24668789258974,0.10680077570526707,0.17563399482705744,0.14078312830560516,0.3243692028650598,0.5015864541909859,0.47615230262567154,0.47762766032802634,0.33295844090501703,0.6734924120520603,0.3649553954841684,0.3478687961184971,0.25360800263626426,0.19867559114299638,0.3834391833892742,-0.0272807030094154,0.019820845789944183,1.0591607655625592,-0.11368341463141599,0.417999156136735,0.09941712768076391,0.6231176386455931,0.15846895808825193,0.12883917155339691,0.43965763561403653,0.1033979326433902,0.21574778529467292,0.005103320776710048,0.1126140041323869,-0.13953243914158706
0.024646896557891974,0.3469091751446709,0.3799079641525292,0.8289447118468434,0.5604271772904648,0.6316091255442614,0.6503147777615343,0.624218061704342,0.41278785590051986,0.6334605946664482,-0.3095890007364404,-0.2378408501991461,0.009314096828169303,-0.08701327696887942,0.3483106469433609,0.28983735866303845,0.07780449055040588,-0.005831560510566742,0.29516013294942933,0.2955355803074816,0.4486548942909788,0.7056506800120406,0.3320668161228098,0.6222942491007111,-0.016275975911639744,0.2565264417903119,0.18955293288393682,-0.03792247770146286,0.2927037733820289,0.20801118412930839,0.5155121896832552,0.5568166356374858,0.49360951904187544,0.36068196782571305,0.1218372389770464,0.2736980331698362,-0.23460013509770655,0.6616165270695201,0.06109987183006803,0.8641242145598897,-0.23703765485292713,0.36118713672602354,0.09839005885720432,0.39479384730687145,-0.08223951235613484,0.19778292201638456,0.06858890720254894,0.363723462981406,-0.1497055136309051,0.01748859507924381,0.07383605130913051,0.16414394731502313,-0.22826455473684804,0.09631837492643097,-0.19641072932099518,0.178582475187312,0.09626358495123974,0.09861955592351716,-0.25783742222364836,-0.01661547575703116,-0.28933135057117004,0.23567918741751304,0.24156260658093517,0.1719542740813133,0.5623061042807429,0.7471434520131515,0.5026402408066014,0.5910499891572655,0.38297486151412163,0.4430613525114617,-0.350188075564722,0.34380876356175677,0.44953239417886304,0.8158206039525514,0.24970541315297767,0.3379255258861134,0.14803307976633936,0.31941341508151105,-0.023188834963252494,0.08964437584262512,-0.08203203140603851,-0.1505536198104537,0.1882948556785209,-0.19055348746269096,0.33868753827944087,0.444012983734912,-0.06536487713293204,-0.14419977630264658,-0.004064359018780103,-0.03912168964471182,0.05016168127505655,0.16250885839608933,0.3253581081814216,0.32324133353022244,0.13136175551470225,0.402335291264329,-0.09216962297914344,-0.11827410718597453,-0.10396513972257085,-0.04881350054831177,0.3054743795913881,-0.22338194813453088,-0.31761896728416594,0.9729926992457695,-0.19736617260123487,0.2163232514716877,0.011934122437338225,0.15126790029026488,0.14235526191857878,-0.09637565494351724,0.06838462776341012,-0.2692751586232256,-0.1338552723079,-0.2883271971713517,-0.07517429788236125,-0.2117189859976773
-0.0820454504294645,0.19123380575482726,0.17502885651036992,0.5136067454643801,0.29516852313912445,0.22153394282235236,0.3285973651120582,0.27722895329995484,0.1891630559563547,0.2726963583155413,-0.3964390791494505,-0.3375415031647561,-0.22827991931934277,-0.23698753875066833,0.07339833078316345,0.06859081316181027,-0.08621751008709616,-0.17784729260358562,0.030632878822940694,0.08568651472320776,0.12983726323049866,0.3845712590404643,0.0604026373794301,0.2753382128358105,-0.029908508118787015,0.1872100711705873,0.07109533567633519,-0.13549743265256772,0.06902077906154437,-0.0227220255956377,0.3013451624976063,0.32167022702222464,0.20271812411036746,0.11723468977725746,0.0006444556951778462,0.06588960516882458,-0.3141640317154052,0.3424335835469746,-0.13877208891934137,0.39803591817623707,-0.26083023792003707,0.15414476180639974,-0.12070363063861352,0.094605857786129,-0.2058956059348538,-0.02498401815402352,-0.1516934215690928,0.03191895898047127,-0.10727747908756018,-0.03978759696141222,-0.04131255795033318,-0.003529675614646269,-0.36348293994863257,-0.1505902628483908,-0.34093313523641355,-0.06840202901070336,-0.0026390151105824683,0.005329251330011524,-0.2277853192467587,-0.12969388730007356,-0.3231691546989265,0.01763023426333741,0.13986917076117839,0.05264102802045685,0.3217738845483092,0.4334325991009504,0.17899272677373765,0.24292893530009582,0.14075052020577822,0.17100924579701765,-0.3086815508429842,0.09358788883164477,0.013972233658180495,0.4365409181141052,-0.020684684471873466,0.11710811940375287,0.1294086662340729,0.18886425245139418,-0.12070466669017967,-0.03159041576225845,-0.20986332420096251,-0.25714792112670964,-0.09567653242857695,-0.30702736807963427,0.12509690275830213,0.20496043203333852,-0.33188984962521983,-0.33425515091260255,-0.1858550681710963,-0.22502431677433143,-0.1794449536982071,-0.16991769118419223,0.12752475396518392,0.09101435282803086,-0.07677845173128518,0.03913689436891899,-0.41105721667748524,-0.43049327065417503,-0.312321391381106,-0.21292274416478493,0.15139048916530642,-0.3055860942383869,-0.4527045179509946,0.6045032405834893,-0.22361739764751204,-0.0060658801418691745,-0.060559314847383076,-0.23160898857728898,0.08088774474110143,-0.27290294537878645,-0.2763599056247999,-0.4678697082233767,-0.3613288228882375,-0.43489010257122734,-0.17877030151046933,-0.21677447861118593
-0.1027445887968526,0.020272166802503773,-0.013118612045144225,0.09606058431784886,-0.030385053628575437,-0.14525768824326457,-0.015298892232127999,-0.08098883128552882,-0.051486328115444326,-0.099191631660601,-0.27631244428020724,-0.3261022324524788,-0.3118075895783405,-0.2852370632592898,-0.15308808337501514,-0.12396113625509964,-0.14779104199532916,-0.24793050311987785,-0.11872473341524174,-0.0717798376718201,-0.18488117418102398,-0.062257892359784586,-0.15698736046946132,-0.053748356182638624,-0.019180086336365903,0.10003607531648132,-0.06495869025314092,-0.15525265319382064,-0.0996136066691721,-0.1954822617800327,0.029032704412834443,0.03898839685716624,-0.08284028421596114,-0.09341398986121185,-0.0883956852728574,-0.1273824471202277,-0.3365362206550459,-0.1028708660847664,-0.23021021904763145,-0.180458187623575,-0.18631482611782826,-0.10610443495917683,-0.24463208078838308,-0.16638370155934015,-0.22869551528724505,-0.1836218960095341,-0.2688212957372259,-0.2383882174677111,-0.003926180939442454,-0.05651359626242375,-0.09233302428504268,-0.13381974869099938,-0.3449832666114913,-0.31963362049354477,-0.32361882616943993,-0.2831355841566974,-0.052090314994266536,-0.035390879956745974,-0.06287318243893743,-0.17188697504937542,-0.15610102434124362,-0.15289454465179247,0.05961098754423293,-0.045329533870516754,0.005170887201810483,-0.05712683647701368,-0.17696269065660178,-0.17422189961821177,-0.06866079928490151,-0.08261171231637347,-0.17804416624282268,-0.17304311347302267,-0.2812992913167959,0.02362074882247165,-0.21315047349332036,-0.021180108372170495,0.06215354660437001,0.05709289047661646,-0.167732025930223,-0.1458076377633574,-0.2345705544424701,-0.2730713544028795,-0.3208240455979573,-0.30730932411113215,-0.1117150596623433,-0.10920745873411221,-0.4277346705661451,-0.39539531017009355,-0.278580043203468,-0.3403428076631838,-0.2497611226222176,-0.33708117387331327,-0.02812305911275722,-0.1172949712400899,-0.20441462772475202,-0.2643587215345228,-0.4522860773771854,-0.44785673063253756,-0.27642919342161615,-0.20892397601041873,-0.013249800291995517,-0.24285866645346774,-0.32280636983519523,0.11612595024227801,-0.18882797529119205,-0.1453202880710986,-0.08059813818341807,-0.3537333287686415,-0.0064423699122026406,-0.3272578923829032,-0.4455081947932332,-0.397563514670366,-0.353460403970792,-0.37241494307549894,-0.1652110626454765,-0.16398784538042613
-0.035922229445737086,-0.10962901241887248,-0.11018704683426431,-0.2754865062697598,-0.29662595880452525,-0.3378506537829137,-0.2508099319297745,-0.3211308431640949,-0.21464915437724813,-0.34207063108568936,0.00941088915661225,-0.21055676645497187,-0.20249909908675426,-0.216745216085548,-0.23890877653635265,-0.21855242929725172,-0.08746151959517091,-0.19480730585606018,-0.09559605291715882,-0.12187895721243193,-0.38422351697654655,-0.4718563390989393,-0.2376763356858033,-0.2460179396745523,0.007694293052217055,0.021734583470929072,-0.17066730110394096,-0.0954491214510515,-0.15404100245272825,-0.2506543570896242,-0.20903481789162112,-0.19430030123900782,-0.26057655212375275,-0.19874945303815936,-0.11723905308228558,-0.24161609011713453,-0.2963823117829366,-0.511611105414945,-0.1760586652435638,-0.654090492245937,-0.044305577753709,-0.32074486648820744,-0.23216984468989685,-0.29540322408005915,-0.14641733698246012,-0.22368619440306292,-0.24292690138277795,-0.34901004641042194,0.11243607309732236,-0.035374440504997384,-0.06895474533973263,-0.18319400771921016,-0.18096565204208712,-0.3477470595118154,-0.14770343002593728,-0.38212919646836585,-0.040947062992816016,-0.01716717442169866,0.17146820202891902,-0.13572152228054365,0.1464041280510581,-0.21698704591599946,0.02645881699734619,-0.09465349097485522,-0.26585175876915024,-0.5462513920177043,-0.4383591953624259,-0.5121248185613181,-0.17061615378621214,-0.22773155962438207,-0.006363706341360954,-0.35472374282442093,-0.33050145901214595,-0.27465783630380836,-0.2551955418873317,-0.026887079038426135,-0.03494653921833291,-0.031235228955226305,-0.1519943916691168,-0.21365704392575582,-0.1502950955628511,-0.19486373548384409,-0.4002423362530216,-0.19308725868865573,-0.28429794555584614,-0.3865649844681805,-0.3120231098155352,-0.3110365289868967,-0.24070833467299788,-0.34487612922193633,-0.13028061676516042,-0.27144175630401934,-0.08441421617278609,-0.22396832863478394,-0.1998876279572849,-0.39606122289543205,-0.20260518893298607,-0.16164623037729542,-0.009697607868837074,-0.031811242306810185,-0.1292794468493467,-0.06323950731429656,0.02176535314877552,-0.3070923685870687,-0.10949149451486064,-0.14607511254091912,-0.03875954457637328,-0.16603677087760402,-0.09462236512610683,-0.2395130078911527,-0.3756645917887698,-0.08179604745041007,-0.10859104106637547,-0.12398695565227492,-0.04479660977410058,-0.08178418983559321
0.0916525994222275,-0.15353453474178966,-0.08461619617145909,-0.4828161449856842,-0.4199736457625277,-0.314311248641999,-0.3082946437812529,-0.3785810645027006,-0.2506585837882366,-0.38824661315842895,0.3493626392455721,-0.04039901312813836,0.04569880764264138,-0.06771798317251879,-0.16401775097146354,-0.18823142884748564,0.07006249228911768,-0.03764352131600706,0.0815133986928769,-0.05419625365449632,-0.40885834651403197,-0.7031105110541613,-0.16086270978940428,-0.24750057406371373,0.04769141091333257,-0.017318848797696913,-0.20347877885672677,0.024864508184211893,-0.08519272362312759,-0.17772425500250924,-0.33712090173819764,-0.3047222104112101,-0.2765422681830731,-0.1730475587370468,-0.07474294449853885,-0.2436701211330067,-0.20130344596267116,-0.7508560591057029,-0.00020065837616591405,-0.8684233404433689,0.11369810360301146,-0.41980785434786744,-0.09109164766154716,-0.25360422082825407,0.015579406007755717,-0.13238300495930544,-0.08990238863428883,-0.27304986924757035,0.2104066649723252,0.019767613697792043,0.013444332216572784,-0.14542465003549412,0.05664882867358393,-0.2463021265062066,0.11219566662753001,-0.3468144911548453,0.028620135280365028,0.0548510872969966,0.39302402878487847,-0.041199920265890484,0.476288937732503,-0.1641314956166053,0.05204617580363906,-0.08330309974861876,-0.4022511926202745,-0.8754039914664472,-0.5227859734985189,-0.6655349057229984,-0.13719710765787796,-0.22345717020382644,0.13975196746741828,-0.3955440556322833,-0.1528537304358795,-0.37522720954312383,-0.15023961253422927,0.08328794028016584,-0.11856020746620509,-0.048745491057109944,-0.07681689022743715,-0.20540295365880876,0.012293118258358044,-0.05096705179461622,-0.31535516603771985,-0.0075512750634468455,-0.3397072515209404,-0.5363262561824632,-0.04208399563159477,-0.118930736584359,-0.0954993238550308,-0.2467661752525534,0.1149268103567204,-0.020896700143764293,-0.03674319386960557,-0.20201942621145327,-0.06765664121556736,-0.3229946814168322,0.22267128193298077,0.3020859537618136,0.3729281611735986,0.24182878607331723,-0.16478602689304217,0.16024193983114754,0.4391163677971412,-0.5278764450666534,-0.013972055436016295,-0.021826039293694605,0.04289158915849683,0.23976621040690932,-0.16020926401893984,-0.049212426884760574,-0.11107054100404977,0.3469806877066245,0.2632697355377785,0.21229205080412086,0.13487900512743076,-0.003699164504188028
0.23387951138987725,-0.0967417746329814,0.04443821849204661,-0.47549867148247044,-0.3755322212617564,-0.12432052724035507,-0.19429109669598715,-0.2664998073003655,-0.16541265244760356,-0.25564561773913724,0.6097215900217838,0.11636925861376911,0.3188161819921158,0.09472800433477631,0.022468631254529643,-0.055330255683128673,0.2639527992577454,0.1689828117463275,0.3301082009687281,0.09523910794795418,-0.26737921856015745,-0.6846538806588329,0.030684667232813448,-0.08203274331894486,0.09938837093228836,0.0019463806363720544,-0.14348408154502565,0.17123514568421205,0.06649648159929403,-0.015739365344553675,-0.3220575588899432,-0.2673633428460412,-0.14136427799842483,-0.04276913040956521,0.027318825751321902,-0.1423500293160992,-0.07139575935649287,-0.7572663259121516,0.22461345516638265,-0.7773268946675466,0.23479143671554165,-0.38094486101747843,0.12485403363661254,-0.06765871367125728,0.20691616860624235,0.05504886999108983,0.12777435460786424,-0.05750310324308538,0.2757040058247224,0.09904049255586247,0.12073944817555479,-0.047567680411302785,0.26800651203628445,-0.08118310273448373,0.34712092181682525,-0.21580702980782307,0.13680217905572098,0.16035265447178393,0.5290143241809783,0.07249688568120875,0.7188049011869447,-0.030802087485372415,0.12599175746428504,-0.019715541806141018,-0.3723751902873166,-0.9519213019415947,-0.41679884389334815,-0.6028374835730418,0.005829850609533087,-0.08849049305880069,0.20631844105655295,-0.2962977593097287,0.13598174860324247,-0.2786876508069223,0.03608069698713732,0.2421253673227185,-0.14441783459648228,0.004395711458741866,0.03650219190706259,-0.11615800908048732,0.19675814258531085,0.1093902476681056,-0.11349719420369897,0.18233139188830166,-0.27144584774137664,-0.5162885562000283,0.26057303912048035,0.10557648370637872,0.08777970306231722,-0.0920541096097954,0.3658099184953934,0.28609333406329673,0.07383564807514469,-0.07661343965273515,0.13495775376641062,-0.09386702645668105,0.6363897558228218,0.7423982021022606,0.7085707842818199,0.4922455457750284,-0.12161892969870451,0.341451780800964,0.7580103098703677,-0.4985656102508764,0.06823921715591294,0.15966488230322404,0.12414186696370372,0.6794985869751434,-0.1873453273610183,0.16493105684367457,0.22480659835136127,0.7078199673652633,0.5955942715379497,0.5052177263477599,0.3067157528270816,0.04481668240446384
0.3380746367290879,0.034092316938163676,0.2191340267850427,-0.2837109372527866,-0.19583976591569255,0.12448800022254157,0.025130491837934983,-0.05756867722373098,-0.006835114999788,-0.024948360046320527,0.6915824783404241,0.20388238699465208,0.5028493975299165,0.20447756922457752,0.23578432280146627,0.11904757329552133,0.4160732684970847,0.349547879845136,0.5401314479383498,0.2582053589298262,-0.02790581562648725,-0.43722244816135114,0.2530266473532815,0.16462195649948444,0.15455724544944513,0.07227937306937485,-0.00524413303534771,0.30044989682904055,0.22962506790235526,0.16367944155312536,-0.18590420530526985,-0.11529287117763305,0.07734849851855657,0.12658146395299627,0.15345179679543686,0.014279403969503791,0.062103549670229956,-0.5489550407619608,0.40755900677137347,-0.4445336064248421,0.2820419836177845,-0.2283852763815647,0.3330013195558457,0.1813021626877373,0.36147445800058464,0.263552141358283,0.3258074769216054,0.20205997222944597,0.2977758480790681,0.17819358239820568,0.21077259253307462,0.06637536152790338,0.37278619086472026,0.07195512190753084,0.46603719482556377,-0.050900426845482155,0.24362802869856576,0.2603588196050283,0.5350263479662782,0.1595073049974099,0.7872485610808726,0.11820231805915135,0.2134979470117389,0.06633963605004989,-0.20167846421150995,-0.7673901819592106,-0.17496248500864495,-0.3686715070354165,0.1913629704440241,0.11013955398217684,0.17845793276621744,-0.10262357792754029,0.3931790180463616,-0.054248605393104075,0.2162774914135153,0.36908091981662755,-0.09617177497470092,0.09895352086168879,0.14906201480719117,0.025055811926764437,0.33843876977197895,0.23324328956320162,0.12185193259534452,0.31094757647469046,-0.11251978696868926,-0.3420951415075466,0.4722750642334079,0.27743619609688447,0.23414655362865874,0.06018519536224915,0.5107906473380874,0.5115756602968,0.18665147491161704,0.09475321065983243,0.32085380007011144,0.1900296993324787,0.8649963574103273,0.9741379739685558,0.8595375474143916,0.6144602329569512,-0.02853652916960995,0.4164378230580113,0.8515564576274178,-0.26512118535012874,0.11564623332287474,0.31453983739706537,0.16872095275140686,0.9639056402858771,-0.17272292620510105,0.32002042868090835,0.48952587108873274,0.8525356408611994,0.7460386648034051,0.6444507049524376,0.4061439276364078,0.05353161736507611
0.35827484027646295,0.17421101064926667,0.3682580742844796,-0.005159564708417302,0.048890316767635514,0.3136183255137425,0.2593258953765058,0.15026424302717517,0.16181884780173014,0.2009739268469413,0.5720458351120896,0.2008566879716765,0.5392845366956358,0.22339886706612483,0.3994682939026902,0.25702203172970284,0.45394461612982023,0.4282299790674741,0.6169315864443519,0.35782835233005095,0.20844677188842345,-0.0642069197253961,0.4157813034125405,0.37875446084825526,0.19325321484914817,0.15472354369439595,0.16362589042096196,0.36965290517246685,0.3283700740046005,0.28201500590525835,-0.001900254660250016,0.06853879056301508,0.28057311776051524,0.254152840236892,0.2518893517274766,0.1531160838405303,0.16244658421989122,-0.21004742187716416,0.47493785730705684,-0.008598752006824435,0.24459632248791865,-0.016302918661805128,0.4472501990112867,0.38615525852411625,0.41149097630604264,0.399457426755508,0.42795165566725873,0.4007712771686771,0.25611126060603495,0.21536167160631772,0.24439617513745784,0.15496472186216026,0.34611558857051544,0.17049150259835907,0.4374889109722464,0.10106489726257957,0.2931563297915664,0.2997213118953059,0.4025272952731575,0.17913195056722417,0.6454671639900199,0.21435949306080404,0.2615019077491437,0.12854815658751947,0.047747952245927885,-0.38823608097071005,0.10279504738100168,-0.06279962276815004,0.3359629643408539,0.28282778821958166,0.08981665922627814,0.1198252319055412,0.5185092302671228,0.19482350139890206,0.3244983761367848,0.40711274873206255,-0.002815761501233777,0.18436169777568326,0.2103883958024236,0.1592734952125229,0.38343467583867696,0.2811524149824073,0.3112647361153103,0.3368101205646064,0.08433670260686367,-0.07722637813726017,0.5254109734803047,0.329790247426087,0.30267512483619574,0.16385991676054334,0.5019788374850883,0.5761180950644643,0.2502068053763734,0.2511641044884755,0.40450907636035865,0.4184747476644624,0.8204556210803314,0.9046573682391917,0.770542396757423,0.5662608846143125,0.07287251306361849,0.3672253886524825,0.6882774225596453,0.06013740959398023,0.11962937587855953,0.38302683815269406,0.162787812110056,0.9808546910027475,-0.12930018910536273,0.36163286959217467,0.5824005568280579,0.7278037243235916,0.6612203877238683,0.5825885042030231,0.38977328339282236,0.026851889174847206
0.26655274895645775,0.23993230769609283,0.4353684040303775,0.22771740336539173,0.2787882542350109,0.3519936508058499,0.429021854596238,0.26701922804172246,0.28804812211969283,0.3347456578762046,0.311593574887055,0.12541863272440762,0.44988374747879256,0.1517509545487351,0.47852344357821175,0.2890683785911325,0.3310931090976176,0.3509367762873117,0.5131678872184757,0.3328332370230251,0.34174760578575086,0.28559243347464425,0.45485010961972316,0.45678534004884824,0.18831245087708426,0.188619754957723,0.29946395550576305,0.3483050574178372,0.3064620705941049,0.2783911338177003,0.12569288521585806,0.1746295133151818,0.37118813123351796,0.26857649856735505,0.27022346459746266,0.19739023923799587,0.19860403616634237,0.1432161904774333,0.3958121799737386,0.3711363837958655,0.13850576539006948,0.19479112908803703,0.40455847004983014,0.44971119238097035,0.3051393767551207,0.3792015183295865,0.39052901532117557,0.46142002129568704,0.11847409025829786,0.15914774978365778,0.19455006639102543,0.1936257459866606,0.2270662124230421,0.22384535206091416,0.3018962943950543,0.23038888195184362,0.22680130448729224,0.21925410186376706,0.1553303431644745,0.10404449056143157,0.3126025803272604,0.20544939357631006,0.21324782720567495,0.11470332556766581,0.30656338763850227,0.07355356233323405,0.3059195888897808,0.19461711512414795,0.3679151792149734,0.34731218858121804,0.01063452488913693,0.31105103318532873,0.4910426835632159,0.36812539071613054,0.34220728965659725,0.34180046224651867,0.06644859681245592,0.20363769155619244,0.1711087434592913,0.21601062950106234,0.30404027987731225,0.2394802641919512,0.4116349203619743,0.25518891374050334,0.2697890737857371,0.19151029242899806,0.43625247290989516,0.23277665843711412,0.3063810062021735,0.20179202312722097,0.37426307511100015,0.49091201130753614,0.2396276472690202,0.3529305131693636,0.32927745196734376,0.5116699645528218,0.5274941200183462,0.5630935082239535,0.4853238633372665,0.3841890738530099,0.1426086362253975,0.2254396862604057,0.3392151396291912,0.3417742105164252,0.08459690713459761,0.352468425875363,0.12042046829132069,0.7355748643171609,-0.08707206554408921,0.2807773276118727,0.47901513222147823,0.3906252817720055,0.3954112780188172,0.3487983166930798,0.2456742187970659,-0.022388893113290294
0.06043510536208136,0.15810889650783683,0.39943215192660597,0.28987924445974156,0.4304362589257948,0.19508437180412302,0.4905086541576793,0.23307603595781212,0.3460669361790756,0.32712596619437145,0.026851530989451422,0.02282589614344204,0.32255004441505286,0.020776608444742672,0.48932945592817373,0.1748668092786699,0.03984567467420462,0.10285242059773078,0.24007494669363819,0.1554783019528229,0.30435819595492924,0.4700074447150438,0.3523147078973806,0.33586213036175194,0.11824642066521028,0.11452579895778171,0.34909311007103144,0.23018423780116568,0.1418863879235511,0.12612122566481768,0.09322540285169748,0.09985343457955942,0.28447438418462556,0.12718606605511534,0.17456202705396454,0.0895481443477008,0.15879669155743315,0.4019763386714753,0.18998381019515476,0.567879173445765,-0.0005415487819718101,0.3594217723234984,0.18499352889121704,0.3166859791043926,0.023672414831684085,0.15713573754905902,0.21470173939098666,0.3572472486309631,-0.14602311999122708,-0.03293467258406662,0.05233751807885861,0.17970130483655386,0.09848932078727188,0.2826743209616985,0.15147889001633896,0.3628261863254316,0.003107409292066057,-0.02447169899316952,-0.16134652054689133,-0.0753742763986819,-0.1484087243771546,0.06646618380877474,0.027287669563785585,-0.018427042774300153,0.5241008324782486,0.49813763963134694,0.3487219590568376,0.300123924784697,0.24955058110986977,0.25356422008874435,0.020034885895061052,0.4347719162346339,0.36232504220963185,0.3956586218777218,0.29785547400701085,0.1979161606513449,0.029084426509626293,0.11134167663334761,-0.0004924166492566894,0.14010048763733474,0.10687717265229851,0.12432041407083158,0.4289086834791862,0.09744516217228633,0.41538843141931514,0.3841500632211195,0.2931074226568854,-0.0009444612314042377,0.3047277856212069,0.18730125925127547,0.22307963046163778,0.3436905801565726,0.1581805226267123,0.39327580263598516,0.08278562938038361,0.44293381422022066,0.1005854593222311,0.07578303098697403,0.1201315253459985,0.16333837393497558,0.15277755536449067,0.05655784354860039,-0.05792550144243355,0.4647312877943338,0.024725577055338836,0.25578292312359807,0.07467934350880824,0.33699367828824195,-0.08807141535794026,0.11127163361737918,0.22981906245079375,-0.024704908855321908,0.07908960171117482,0.031789880987044807,-0.005990335835104564,-0.08048741008837032
-0.2350020666794149,-0.10498073387107726,0.2810273712151318,0.1033721607335539,0.4740097671303129,-0.15266551811941084,0.4432890144728291,0.029663012587620004,0.33993419121040397,0.1732937375289172,-0.15714311321627342,-0.055374303503563954,0.269076128628544,-0.12481818350872195,0.4860396937119546,-0.08491165305007985,-0.3857671668545391,-0.2839766852035555,-0.14164509250011667,-0.16070094599126045,0.08082761452935791,0.40274526519919024,0.1389898385236927,0.010454521196059424,-0.018708153176122424,-0.09965224743593122,0.2938586348468252,0.0400570897438726,-0.14934457993816735,-0.16126866057563682,-0.16736587462891198,-0.2181799781960243,0.007786482148029635,-0.17327569499231618,-0.035398125085967846,-0.1900434858470031,0.059656492141176694,0.4974214996083272,-0.08200429652599128,0.5244102110552613,-0.12928881810758575,0.4595076354584492,-0.1803720368215551,-0.00788693876077593,-0.4075996454308093,-0.2565136084522645,-0.05557672225439698,0.11608058656617745,-0.5461625710130429,-0.3734154517587398,-0.1702544307926083,0.12901424629259878,0.050124916391243314,0.4082406996612115,0.08968385494883026,0.5394782914145311,-0.38315520774992035,-0.43888250649443783,-0.4943695831512351,-0.3491642430052377,-0.6518703402947219,-0.1972626497630378,-0.30560588348179324,-0.2896149248914125,0.6818587527919037,0.792710884419832,0.1967578875300492,0.19716151650239613,-0.01186820538123614,-0.002175347181893093,0.17453220362492264,0.4857237357231146,0.21893412910099885,0.2521116702948388,0.24618047432740228,0.02081814797552833,-0.17404618993339654,-0.1105500540068392,-0.303838072889666,-0.08408694047920116,-0.16817836400888106,-0.02373514862716768,0.4095844870121605,-0.08111637227645467,0.5198303959103657,0.4533902279135947,0.21432599563374344,-0.3230158888512798,0.37467742766388734,0.15431259338313558,0.15661619881120084,0.25182355341735024,0.027690195988236993,0.3952434531238755,-0.3014078013104936,0.24140558656113448,-0.31099517666315907,-0.3930041910423269,-0.18847156797235565,0.014059575762255016,0.09321154247563868,-0.06662429137117287,-0.3575276833993196,0.36683219447317056,-0.040628485338744476,0.1508381581286327,0.06048022122392833,-0.05575710007298362,-0.17398187844702315,-0.08718632800733907,-0.069113179026691,-0.3670549307207642,-0.142252516520351,-0.2570445992630251,-0.3202419811159599,-0.13770137033743013
-0.5712341403539475,-0.5265971198571219,0.1324863433517543,-0.33613072599829763,0.41827513015937523,-0.6440918385633057,0.3229230373450458,-0.31929603270526785,0.29633895878114525,-0.09223842535932394,-0.15467208623461565,-0.0703697445269871,0.37572076069595084,-0.24422238441576072,0.5323672969775692,-0.4478856548034424,-0.8769805067838814,-0.7361633606871714,-0.5443379288868201,-0.5641103734994247,-0.2877029368073055,0.08362366920601436,-0.1188461634313383,-0.4669425964955168,-0.1979732393464961,-0.44102353112775633,0.1595453651029338,-0.16983647968819193,-0.5186057756780534,-0.5338604627642949,-0.6604714547618658,-0.7749098037894371,-0.4149125425403235,-0.594831767821587,-0.3222104082135155,-0.613404834647282,-0.05497237972145291,0.41805774922592454,-0.34112139336402,0.26538083918351585,-0.2098137034648653,0.5049138415121326,-0.6162038723292323,-0.4589901809429539,-0.9195885335943645,-0.7938487014875885,-0.34785187771122994,-0.19221238430123863,-1.052042532406709,-0.8312558726627705,-0.4413117938063465,0.06749631032456892,0.14212199863061312,0.6393732215805383,0.1886910488144262,0.7909336720542826,-0.8907706163741594,-0.9835848420369085,-0.7946414452769893,-0.6873538500000284,-1.111905340079339,-0.551546454082546,-0.7539511699510167,-0.6818646993746647,0.7915043518818785,0.914797502532741,-0.12243945452392752,-0.10713301232059218,-0.366554916209983,-0.37640940856007504,0.48494818251270755,0.4866453913746948,0.13820478794538765,-0.0408881287499325,0.24022114222158963,-0.14487650453374257,-0.5484047104851446,-0.4436833708623541,-0.6994903964885253,-0.42159453423617266,-0.4580200293168752,-0.15223687508898298,0.4173420528078447,-0.21974846644232612,0.6031224006992935,0.39802529688701427,0.2966743668330941,-0.6643483285572961,0.5744198926007186,0.14242273564279445,0.24717815103529056,0.3080367921613201,-0.12355843969857044,0.3976218741670197,-0.7535421477071991,-0.021960938462336595,-0.5817965460866366,-0.7049087074882121,-0.3364427898813768,0.016433048370093586,-0.02714131267522485,-0.09009870556507969,-0.46112761876091,0.05433654502829165,-0.09127220307421706,0.09321024293273446,0.09850160786035436,-0.29880281578884427,-0.368583068972539,-0.2508533302521238,-0.31576712402573953,-0.5269357650909374,-0.16865271518183297,-0.42380271856439145,-0.6392914239598417,-0.18856738626212344
-0.8864449296241532,-1.0291904413296544,0.01595399094716695,-0.9533566868038679,0.3036972736842004,-1.1985213194653979,0.1841579899971465,-0.7515305845298078,0.25166106876143796,-0.40676478002047317,0.0501891999587074,-0.006759094521134859,0.6664775276199764,-0.31099598207912255,0.671137915665092,-0.8399887061841209,-1.3452880676369245,-1.1569016580222142,-0.8803065925760779,-0.9776964821750024,-0.7147608948739218,-0.3997311214115543,-0.3428644714180812,-0.999674050853544,-0.37410534834021275,-0.8504296741278033,0.00703526564524763,-0.33456176610494537,-0.8964115786939744,-0.9168623398179347,-1.3152991773869793,-1.4895866923851313,-0.8940987778656585,-1.06485188564094,-0.6200274292663491,-1.1073227519594875,-0.12710115003375438,0.20858259220564704,-0.5159123456447257,-0.11570381368438182,-0.2198562439995967,0.5235980615215662,-1.0226670343571669,-0.9301209117048445,-1.4128270063878905,-1.3449189588637538,-0.5828725437884176,-0.4790329050001924,-1.5922472360641777,-1.332682242007135,-0.7140180416001073,0.02171898866636868,0.38273273489095105,0.9718287767197293,0.4609946745799648,1.117717518680463,-1.4360688803011097,-1.573141533638285,-1.0253397588362967,-1.04161132103355,-1.46070003051016,-0.9380002379345754,-1.249061080185753,-1.1397973679024438,0.8804163329082718,0.8789592985249349,-0.5265744648542664,-0.5420195928345798,-0.7362365297953474,-0.7896290539057487,0.9089978224412433,0.47689058862116857,0.1572962060681038,-0.42208249374696155,0.30852253623013814,-0.2696728452156285,-1.0348956053140306,-0.8344569756189963,-1.1142648731252982,-0.7940408177113636,-0.6928763948455827,-0.2132279274852676,0.5049649221739848,-0.2710572382591509,0.6922010004362584,0.26033609746795816,0.5749295773134028,-0.9530954974537403,0.914682669193545,0.1828909795773817,0.5017640756151182,0.5418751223273837,-0.26922076111109433,0.4364418137308734,-1.184860948097118,-0.2588744165082832,-0.649673341879664,-0.7911857672037467,-0.28612362686461196,0.19014874158644757,-0.18248333590198734,0.004364635085397103,-0.3486709172307935,-0.401187247314057,-0.10987339258749337,0.11418133123164952,0.18699865508057684,-0.3146280666313919,-0.6615281088997763,-0.3306252880834121,-0.4359953030369197,-0.4707155799560906,0.018647788239200092,-0.42135667000232735,-0.9060040623599515,-0.22882317043113162
-1.11998613896785,-1.5005065148750996,-0.022439253033824682,-1.6101702211833746,0.1866771364144027,-1.7132769798137024,0.08042317795116828,-1.1769546829711195,0.23791368822160436,-0.6936999547556145,0.39870437296078975,0.12607712110306968,1.0905751030044748,-0.31560526072640144,0.9025800031943221,-1.1738180765118993,-1.702128859725587,-1.4514888444297664,-1.0852841550460623,-1.317598470126796,-1.0918877567957144,-0.8987769845287725,-0.46852063514639325,-1.471626990519246,-0.4966771112628703,-1.2382690827340201,-0.09258582677204809,-0.39847946462780626,-1.2077283775911434,-1.2271482231200213,-1.9965940070250843,-2.2180221274498138,-1.3180842317103527,-1.4901559570209753,-0.8545609795436098,-1.568116611337173,-0.10545060958350576,-0.047185029620366595,-0.5642270062168617,-0.488571218934164,-0.1583695975932841,0.546041990078434,-1.3026636521110397,-1.3039319187326435,-1.781287072267605,-1.786333184146434,-0.6975003361612252,-0.6636431867285565,-2.0675733166331556,-1.77734747187528,-0.9356357032180392,0.011016827076037712,0.725953410092182,1.3564952324945947,0.8531339184140161,1.4837551548112935,-1.911180379731983,-2.095059631164907,-1.1660909646923814,-1.3507090594816065,-1.6597106672180328,-1.282777043229878,-1.7000131479938525,-1.578129951285316,0.9720576030356826,0.7464636518844354,-0.901474208923024,-0.990227519283745,-1.0354284852090545,-1.1465536582611622,1.360285997256341,0.49563385877887983,0.2644051969164158,-0.805414857533604,0.4446045155679402,-0.34349119461934097,-1.5228931647472685,-1.205662357630989,-1.457513093818576,-1.1025561254193479,-0.8152057126390354,-0.17863178059163629,0.6915178765386958,-0.2149664266679081,0.804304868887584,0.10910111988293061,1.0061085407423318,-1.1311744008426585,1.3476839176854174,0.2890486430856643,0.8598334639006647,0.9088167812103254,-0.38824147050609115,0.5287493406882112,-1.5082257135013843,-0.3915774581830342,-0.5266466482401203,-0.665497726303404,-0.07331698030667062,0.48802752931307786,-0.33595623103355854,0.19503630817146206,-0.07881198499132548,-0.8829050265251851,-0.08539239769371923,0.21058192395270034,0.3033420335174792,-0.1137059400620363,-1.001519322789073,-0.30347685452287565,-0.40219979040364806,-0.24297479892613585,0.3557035870195212,-0.2603368525158769,-1.0760326641788402,-0.251839707926686
-1.2276322026454076,-1.825325654797791,0.027382848892880705,-2.1408620391468296,0.1199703129667907,-2.079419891119306,0.04564950300915914,-1.4948836801461094,0.271404724238734,-0.8787844698985426,0.7770099495617631,0.29922507150460703,1.5357723610826486,-0.26278448049513287,1.1781732463600816,-1.3708858608106962,-1.8787976438342273,-1.5528899950577457,-1.1330846362437952,-1.5132662582263465,-1.3176361031110717,-1.2504935768434124,-0.4654952022545632,-1.7768459929230134,-0.5297729974719092,-1.5114125861854644,-0.08799807888567612,-0.3365772122662119,-1.3880951707013995,-1.3916487284237342,-2.5364169712648645,-2.7858425946159215,-1.5824406592659117,-1.7766529283716113,-0.9665631417800995,-1.8857751588007756,0.0337359586311754,-0.25295878088750035,-0.4847418936749022,-0.7265579737066946,-0.045416481525161666,0.5902155356269073,-1.3885473348076336,-1.4855091367746416,-1.939956782580152,-2.014242690791975,-0.6625268759371196,-0.6957321601044635,-2.376838262992809,-2.064643917535985,-1.0591065163447475,0.04262545494074866,1.0869892273650885,1.7143285354377766,1.2611557138651193,1.823500477657487,-2.211297063486709,-2.437837064210529,-1.2136545132627112,-1.5507872573538468,-1.7033676401497484,-1.5101894781592426,-2.0157582625439874,-1.9001787254088511,1.0697126980832659,0.6020057456861657,-1.1331982145620334,-1.3181259392267504,-1.1939727010464094,-1.3602453159202348,1.7294573293695736,0.564230644026341,0.4099120166236108,-1.1001101735831351,0.6098134139450239,-0.3722201018602225,-1.8824043041423213,-1.4758188210509353,-1.6441007751187233,-1.2580937003918808,-0.7957567380356786,-0.050143762217851155,0.9518732596729734,-0.0645781523294909,0.9347898904564604,0.014515179833377566,1.4814275705008242,-1.1660932442989713,1.7766478642534593,0.45233550472919476,1.214600447225219,1.306526171073532,-0.4652462240118747,0.6637588968758715,-1.6580126030107531,-0.37685471873115933,-0.2841998388427746,-0.40838342452334503,0.20952368147078457,0.8118656570286528,-0.44841189285607275,0.42796951266407385,0.2367891265400095,-1.260488856453871,-0.0163744679651028,0.3473148498946717,0.4126771507266164,0.2153813777975742,-1.3041974036488708,-0.17601519300980997,-0.23520172862595906,0.057324048895821135,0.7233467697087181,-0.0015219182869621046,-1.1263386821066752,-0.24733743966132882
-1.1931671212107422,-1.918286693166935,0.13298105456856138,-2.396323739931303,0.13524771604789723,-2.2023009908941202,0.08348563030860602,-1.6163185372562427,0.3469957077425649,-0.9064958334209936,1.05184678682351,0.47268261200917444,1.8611290776397358,-0.16719737885283445,1.4117741967597133,-1.381992254863011,-1.8417552454683292,-1.4395487981942432,-1.0387561517201216,-1.5240188791102172,-1.3244847109124926,-1.3283819146475646,-0.3466913465643699,-1.8465721442804857,-0.4667129049157973,-1.6014056913641386,0.029713284103989764,-0.1666664689444029,-1.3975344284168996,-1.3639238162548255,-2.7786430576440995,-3.033834622478548,-1.6174400985710469,-1.8508310970158937,-0.9305194019899192,-1.9715630777898747,0.27407492077319545,-0.3282003918096205,-0.3156915705737597,-0.7432434502546182,0.08324945275861884,0.6526991519268889,-1.2603135710576312,-1.4282951072992398,-1.8478118323880441,-1.9717954973993028,-0.4904368395967308,-0.5681925824758856,-2.4455889622321005,-2.121407386206941,-1.0545415979518171,0.11041766856003311,1.36837984739472,1.9605678976652776,1.5612114486574469,2.059041582537108,-2.2624677570761746,-2.5202678285291267,-1.1797590803903426,-1.5891912936607273,-1.615762517481794,-1.5597006311489559,-2.1278271302068807,-2.0217728715984995,1.1502492537248856,0.5250157930450049,-1.1403057008415673,-1.4114877993450394,-1.1747455224140446,-1.3739927996783268,1.910964457560005,0.6736962420784328,0.5289137364779952,-1.2323488446381814,0.7464933639642183,-0.3709827015030594,-2.0039706939758086,-1.580747183607225,-1.6172882492047447,-1.2085336648536398,-0.6420339875832062,0.1395814524611438,1.2214330551639516,0.1372036779643154,1.0541577564929356,0.023743261915237308,1.8598841231747447,-1.0561712182723806,2.082079045720658,0.6438868290471037,1.447430820573966,1.6090744070554996,-0.4906324475135437,0.8039236982643534,-1.6050749250092193,-0.21951508551204524,-0.02317721353005853,-0.13391025134767365,0.4450655401723885,1.0430665305815987,-0.488415903799537,0.6329956704320989,0.47310561592559147,-1.4254654560901678,0.08667729420916502,0.46955331860564675,0.4791608497311784,0.5394894760610592,-1.4741363625502955,0.01882233988771782,0.007367930969923389,0.3140740999314259,0.989796287596931,0.2655120658873603,-1.0584679039031821,-0.20360333991378773
-1.0324468724159004,-1.7474201789707773,0.2296076614730365,-2.284681567530588,0.2330999114310937,-2.0239795627485004,0.16706914529224368,-1.486674752729636,0.439530689480232,-0.7536611757329593,1.1109478109547528,0.604543135732336,1.9385304580220672,-0.04950539183791931,1.5048238816522284,-1.2000574468347864,-1.5994474230452198,-1.1401190906138678,-0.8503385839943971,-1.3478506649792708,-1.0966201888124247,-1.0819526942025977,-0.1631166131053402,-1.666336658114629,-0.33375650256135125,-1.4843032457939513,0.22099102845052485,0.053099100576118274,-1.2292447787452672,-1.1352945996924468,-2.6232487555143833,-2.862453182368863,-1.4059881646230032,-1.6781336576532533,-0.762193603843753,-1.7818632748379433,0.5598409488852698,-0.23043503130595103,-0.12178274456776343,-0.5154867402308899,0.18552371895556277,0.7090577754865712,-0.9499057561997075,-1.1452758775718717,-1.5190814967301158,-1.6631584484109165,-0.2308986613345743,-0.31710816851905205,-2.247784334160842,-1.9221398580041114,-0.9172325164521685,0.19722757994972773,1.487972399335109,2.029326580366841,1.6455932811317593,2.121413249879082,-2.0413906873876533,-2.312919482880063,-1.0865549916248867,-1.4384585287190907,-1.4413422565011762,-1.4021228060267483,-2.0071039131010595,-1.893859032914768,1.1704830639614836,0.5643020839437572,-0.8971468713341162,-1.2074620914958356,-0.9819203404625587,-1.1753214855411338,1.828962693234768,0.7828752916721368,0.5652907295678026,-1.1635181779872306,0.7963782394641082,-0.35763529445996867,-1.8328195645583427,-1.490929323345463,-1.3647643637759561,-0.9539135224540213,-0.3963574365931936,0.3352665602318989,1.4143452342940666,0.3292835506609623,1.1156839460831742,0.14528960251052347,2.0115375146241026,-0.8286589268131888,2.156350916719412,0.8209578219366789,1.4635265279163723,1.7064590553865864,-0.4615763292092068,0.8955572320332276,-1.3631240903640862,0.029004236965787446,0.160007687400273,0.04878190959676223,0.5273454934001076,1.0781618985197474,-0.4407285872857402,0.743200383719826,0.5316294712155245,-1.3206644625864223,0.2012806478014792,0.5200275509857569,0.47577076808386165,0.7252362864020936,-1.4342308606132883,0.23047620689927273,0.250601410572629,0.43107725926848295,1.0526951094827068,0.44999758969942305,-0.8960040745141039,-0.11253411392028309
-0.7882730071095344,-1.3416618688545605,0.24421577453631696,-1.7970243305614684,0.38351128945887086,-1.5416411982507772,0.2495536592801365,-1.1026558976239056,0.5121618471426367,-0.43668447679278705,0.8966919123656775,0.6595940275791135,1.691288615518509,0.06681855981881277,1.3785084502797265,-0.8616862644367881,-1.198963582420509,-0.7240496324227674,-0.6320082828477253,-1.0204009555619182,-0.6740734796433858,-0.5525900028850261,0.01378452325361933,-1.2781716145569255,-0.18108690671615066,-1.1860064871970823,0.41096980784303666,0.24168979701975982,-0.9109211447165851,-0.7378935326588878,-2.057221574815546,-2.2623331669677755,-0.9872702626135434,-1.273321037305841,-0.5127052496450455,-1.3317484360987768,0.8106063233551571,0.0335463010620409,0.026637781458905167,-0.0876825674677072,0.224055433298629,0.723103539386781,-0.5307236718385702,-0.7028581027626252,-1.0194550901706396,-1.1506717960289485,0.04463060228593731,-0.009501595741397856,-1.8134799675354252,-1.4958595823218332,-0.6695171446639332,0.28006622426085725,1.4009583654811757,1.891230155741864,1.4542283424031792,1.9701145919614305,-1.581532389403673,-1.8455973367613545,-0.9602813127423496,-1.106175837297404,-1.231521890219242,-1.0498828870942825,-1.6702102271566068,-1.5172636263269066,1.083952431893031,0.7233357715395244,-0.4417234503702357,-0.7141427510212912,-0.6579445078664795,-0.7985697589454469,1.4571633874005046,0.8298719090888692,0.4896188391758969,-0.900026136957861,0.7188065621238411,-0.3477865171544331,-1.3863414462271453,-1.2193564992051178,-0.9232993946545629,-0.545794153982352,-0.12376958443246108,0.4748136563969138,1.4497090330839446,0.44931562849726187,1.0713416481041915,0.34702370433087165,1.856997642491979,-0.5317601994808961,1.9363676688342268,0.936916670144879,1.2193129223229344,1.5375948857586517,-0.3833864366903465,0.8859876341416413,-0.9846269616431729,0.2870536028924057,0.20121943748844717,0.06799705524368675,0.3931782169990417,0.8598343005352225,-0.31060998596725836,0.7130879358580072,0.3692667983216486,-0.9555865765473232,0.29652681995805596,0.45674132578351956,0.39058287447353274,0.6806251789942045,-1.1523978838039457,0.40319799948115526,0.42389029344278345,0.35865797831192997,0.8682805321563208,0.4859930079051477,-0.6770473976136014,0.024554272864394534
-0.5174186806495363,-0.7811704051251697,0.12522314228846448,-1.0113610326142775,0.536486141940024,-0.8156098371964883,0.28219459742262876,-0.5177438298870854,0.5291669737241423,-0.009803566251106956,0.4244850805697391,0.6165535143694468,1.1199268926838288,0.1586341199586742,1.003477736938819,-0.43700760636097064,-0.7137239668449546,-0.28141661389723005,-0.44351323755802396,-0.6047718189911546,-0.14240832975715795,0.13863433571646863,0.11683790217257548,-0.7673033241889807,-0.06435273165429456,-0.772289621879222,0.5171535716631643,0.32245402079901697,-0.4982724394864297,-0.23877395656829042,-1.1629354391727735,-1.3217048967229859,-0.4455310634534806,-0.6995958174689627,-0.251349208234656,-0.6943174017574505,0.945314698254371,0.40965324092665106,0.07608181025754585,0.4423953193217855,0.17664016063655008,0.6615561496850065,-0.09610437835257496,-0.20027000724680244,-0.4486743980819085,-0.5369947255219701,0.2644123360682823,0.2771206016961896,-1.2206758203571133,-0.9183408791038229,-0.3557177192570054,0.33675575043221756,1.1108573298020525,1.5600073917776867,0.9935872263923112,1.6058584566112126,-0.9644168462678403,-1.1993374600300641,-0.8242626882224235,-0.6372812205759134,-1.0302617915283319,-0.5575001427381506,-1.1743355156608584,-0.9453721156745337,0.8620103773420924,0.9598855997685013,0.13375296178961527,-0.012393477100975535,-0.27069236630363186,-0.31568302236584495,0.8291106891362074,0.7544387750785074,0.30699315388870907,-0.49159034023663156,0.5042321964613955,-0.3509316181423536,-0.7499090895919062,-0.8175475151155658,-0.3709453547799297,-0.07211300997408529,0.1067686332361213,0.5080697653603828,1.2780743176416494,0.4517243297940428,0.8908166222560086,0.5678224916236942,1.3920067690934919,-0.2228203015600013,1.4251113773285164,0.9528568510043066,0.7357157934584351,1.1085190685117077,-0.26968475918843754,0.7423233132091394,-0.5470193493981748,0.4694062335537892,0.0844998334152521,-0.091398402681671,0.04177253698935861,0.3962078547128721,-0.12259002459190989,0.5313215675485826,0.009701366351235838,-0.40342728390223076,0.3403641089477201,0.26704207137308544,0.22931185244189384,0.3831705499124328,-0.6562537737161666,0.48994907876968385,0.479377462011184,0.10464911704989713,0.4615259930672465,0.35039697324658314,-0.443899282906475,0.19291170198061514
-0.27382912207790877,-0.17465591083734844,-0.132630163273034,-0.0742700649722839,0.6391324256623961,0.03729149569568115,0.23401319410852103,0.16628783093763178,0.46914349740391315,0.44589121668613196,-0.21824696629684487,0.47315144474588106,0.3087736349363531,0.20689929257521605,0.41771785703972897,-0.010851972791205887,-0.22587772218435792,0.10145905447630407,-0.32181629302939,-0.1753855546370503,0.38896153633162744,0.8266564352857964,0.10693081977174401,-0.23749146940122207,-0.023644866090387604,-0.3278507476919274,0.4813447480605977,0.25113119382879323,-0.06238055853418194,0.2736938429353939,-0.10150672355423329,-0.2084022590345757,0.11228753441461888,-0.05611533619000284,-0.042983672265698165,0.01450556440746137,0.9080858963940465,0.8104027004183714,0.007489832643512218,0.9509220194007608,0.043534291850461856,0.5087726791804552,0.26619447209127656,0.25845676883852986,0.08493794375622214,0.06162819545436319,0.37730728132263996,0.47704031941719627,-0.5747100779705646,-0.29298657802999484,-0.031608972736534915,0.35201605863220176,0.6676809848909708,1.08757227448042,0.33843570111596905,1.073402536943109,-0.299371527547921,-0.48616540168276856,-0.6928940723212225,-0.10741751058210283,-0.8623388487049016,-0.011290580975022198,-0.602691224902436,-0.27391773694792165,0.5113235792613922,1.1992277966645786,0.7064822604311995,0.7607060291941662,0.10495216755844569,0.1818166230604319,0.03677895076316552,0.5241579676961868,0.054505640597239266,-0.018286447266351966,0.17993151856159853,-0.3671400403926727,-0.0531900537730724,-0.36119165516772667,0.1907767703167819,0.36694139679303306,0.2422321613044059,0.4129001485077006,0.9003757315926693,0.32202989527656534,0.5770765066432896,0.7381735956663055,0.6910542001772791,0.04435786601712579,0.6961546983540806,0.8482392759468826,0.09537102307447044,0.4922633931702288,-0.14015620786574629,0.4661213369762027,-0.13288461183183203,0.5155481281938457,-0.15618039679167564,-0.38552702185952376,-0.4615583549321337,-0.23594063933307935,0.08582992447558901,0.22516837963673567,-0.46400664317348744,0.2190878739297426,0.3092339514394952,-0.025231187201358887,0.014831106666760898,-0.11178043247241211,-0.030666716508228362,0.464763469000576,0.4033904995043547,-0.2705373019542781,-0.08262615924637429,0.06908276191968733,-0.23286393748920128,0.3642238449880532
-0.09339660840773437,0.3686310178276908,-0.4780193280354507,0.8342135503851005,0.6533051059318996,0.8652668299401617,0.10599137493679239,0.8204908798866495,0.33397717592298043,0.8402830710124971,-0.8917744462743414,0.24803074654067941,-0.5886718272302285,0.20085134616654854,-0.27426021122358946,0.3390719206420908,0.1916349272374273,0.36318130136096255,-0.2704198054232215,0.19945778908926676,0.8137461006133953,1.3497510763575564,-0.012148588317869012,0.21722315553952887,-0.06781152784882004,0.06801618745592734,0.2937837257453782,0.03471515105001815,0.3257731203443635,0.7080893635258907,0.9242603975863819,0.8686317866569935,0.5832832049739429,0.5433150457939876,0.07244157590649009,0.662130175694981,0.6872464968015514,1.136800721572634,-0.15656780194267245,1.320241380046297,-0.15027339334255965,0.27613536809256267,0.4957127495838544,0.5911541296175966,0.49041291085965605,0.5429290726466636,0.36653677517818656,0.5536515834079764,0.01792036571001329,0.27360118850555815,0.24848908220331234,0.3212015342329387,0.15476656178867054,0.5502075090585234,-0.38392071913070447,0.45362348705489014,0.3020461832743079,0.17702590887175274,-0.568401255167146,0.3916500789886731,-0.7276825103303728,0.48944288089965654,-0.04512113628452457,0.37950738233100306,0.08069915104711164,1.356271565307003,1.1539043946489473,1.4427024924544487,0.40546663254214765,0.6044317727623436,-0.7832534372973916,0.1545126683860371,-0.2093621398873504,0.42982030739205634,-0.193626464316733,-0.38485603504877264,0.5649166896821188,0.06987148674413235,0.6597370570754102,0.6845015263198408,0.26029996841261016,0.20346234043320596,0.3732540047998876,0.0832139000202498,0.17260932033598841,0.8023631066090339,-0.11006366408475876,0.2301397602581128,-0.1203010156377724,0.627730730808551,-0.574904517378132,-0.18853384564149833,-0.015810277464884538,0.09887035312304422,0.19027511724329776,0.4100960630316956,-0.44823439365519635,-0.7249860246743789,-0.9985866776300689,-0.9052222783707473,0.27355221968204835,-0.1445202518878107,-0.9321730400835645,0.7827731075372063,0.19722536854264155,-0.36173547031511216,-0.21582256550551976,-0.683855874887414,0.6011622790204709,0.3302665840262477,0.21861315687339533,-0.6714358786860457,-0.6422665075514806,-0.2898008576766318,-0.06692759533156639,0.5011784577481999
0.014711798972848723,0.7639628562823005,-0.8125911913299105,1.5428181317038374,0.5677707640672625,1.5137562339367199,-0.06591205574837343,1.3175357394449658,0.15014281516243097,1.0945244317610436,-1.4375934818188745,-0.02156892437682325,-1.383078809838412,0.14136031890560344,-0.9228625074497793,0.5605515216031637,0.48874216835601086,0.4793278502054265,-0.2598793426755709,0.4716185753046704,1.0537106352258796,1.5934006557948743,-0.19330669516955767,0.5355452769296124,-0.1701470404259771,0.3611229667036162,0.00013645569345855884,-0.26624177091712703,0.60961971906452,0.988742310248552,1.7173277133836455,1.7079706385939717,0.8920948506737584,0.9950960124078909,0.09130513308106337,1.1297896526787703,0.32106184288140743,1.3025934438875908,-0.35773314345419177,1.4671656318811153,-0.35909044134051166,0.00237351056625812,0.5712390482724734,0.7552662012280815,0.7134386803562262,0.8397281222263759,0.25226366866499494,0.5068659749962942,0.47355876958615384,0.6947026311524818,0.44342927835091994,0.2507236026169297,-0.33170105367759073,0.03034516741628322,-1.0231178499631965,-0.15349191936702788,0.7499729327515268,0.6933090677944835,-0.44164514109185704,0.7714245479769035,-0.6036786415246773,0.8549347971774205,0.42080618155340227,0.901102799454445,-0.34653679215466127,1.3597953132339013,1.383165950190879,1.8833260103608171,0.5918840619896419,0.8840403168104842,-1.4749951977220779,-0.28615822686136055,-0.4200293794207652,0.7743856889276624,-0.5355644522409585,-0.38154575805067215,0.9916495904920791,0.41102325160878606,0.9552178830616115,0.8269195991044923,0.174407611494234,-0.07227346184711764,-0.20181077216992843,-0.20844602843766882,-0.24694883881286606,0.7348707036729729,-0.8475461122211626,0.315435648361012,-0.8666708473837408,0.3219294470063327,-1.132451166598763,-0.7914374326334184,0.08681501181060057,-0.28462872788810906,0.38480356883971184,0.18822761671771107,-0.7012248073065376,-1.0001404618701204,-1.4258907388903097,-1.4546976433012433,0.4056106644217873,-0.49697998588540293,-1.2700049442691268,1.1786027819512161,0.021215681843034122,-0.6613483659458512,-0.41711237260802636,-1.1782725296131327,1.1074571792316348,0.11774431603677331,-0.023260451248359668,-0.992357039417786,-1.088882199066452,-0.6335031115207792,0.04692364234100615,0.5659255574221197
0.06734167391735726,0.9669438054106179,-1.0189044482859182,1.927521398493588,0.40089574669369693,1.8606973220971181,-0.22102052731442626,1.5610267944782719,-0.038562786710873945,1.1587572465589777,-1.717833102052498,-0.2868070212348167,-1.894438005638788,0.041791124625404436,-1.37126656972502,0.6366812051231783,0.6447629600790562,0.46281663239722526,-0.23979011573132816,0.620396643165118,1.0751477611681035,1.5176026367873219,-0.36103861912041396,0.6998881637991803,-0.277375260562836,0.5318275557688625,-0.3118040644345434,-0.5540169765040384,0.7567801056854409,1.0709113690099366,2.13197025161351,2.1618185644978984,1.0051207555473092,1.2280244580432897,0.04480052013381132,1.3394948552010635,-0.1120897326888157,1.2550526868170748,-0.519549924991235,1.3605181200906205,-0.5268856277771616,-0.2558915889351784,0.5106127468985343,0.7526109567863201,0.744572514299363,0.930125176575096,0.08269376243333845,0.3690201341642984,0.7470485543687301,0.9198913636753744,0.5328771264991969,0.15534271724164828,-0.7051163009931777,-0.40112106159029215,-1.4419146669029759,-0.6509904468916498,0.9928645135770208,1.0034314632648478,-0.2971183011203088,0.9663726589862136,-0.45513453768431894,1.0252929881493087,0.7436928335286643,1.205494574251658,-0.6735655383899185,1.1720401597058254,1.3516553452023399,1.9797338011134542,0.6547689553349381,0.9863933339250317,-1.8960046550139562,-0.6911509636878875,-0.5231662233418732,0.965696507899186,-0.7642883245022719,-0.32888318965160956,1.165872690236273,0.6259042768366269,1.03399895617524,0.7832901948144174,0.027560492756241384,-0.34549570665352597,-0.7035933191692966,-0.4778378332075187,-0.5911316149942022,0.546124158229176,-1.3700085958633745,0.3029029100411248,-1.395487996531303,-0.018874057112148186,-1.4520210130855764,-1.1890955819052322,0.16012516175357108,-0.5944510028630414,0.4481256243265945,-0.07596747226758604,-0.8317472659064268,-1.111645948344701,-1.6113698123961804,-1.7402057631244903,0.46067295424624144,-0.7510375192356266,-1.3798682263864765,1.3425672042843624,-0.18086249233794696,-0.8399480339962108,-0.5435942410152077,-1.4470037199603365,1.380189668128749,-0.12095797113675714,-0.25643747877619855,-1.1436200022916094,-1.3179160172025184,-0.8690277846216934,0.11553605409930028,0.5302881956816252
0.09764815466092472,0.9773443457345841,-0.9986924429233799,1.9372209817459038,0.1933038034504613,1.8458585630513302,-0.2947831958025369,1.5079933633464937,-0.18471910636691818,1.0229654170512898,-1.6511195354307957,-0.4980918384140571,-1.9986173105702891,-0.07467342077218624,-1.4998207333694245,0.5850167327324894,0.6673953929486234,0.35399429637964486,-0.15878143452124596,0.6520028258086794,0.8932609837010544,1.160855264094915,-0.4372222920220843,0.7328053885618802,-0.328980983027481,0.5926551962328952,-0.5413910999878883,-0.7245167347866387,0.7626063553466574,0.9492139799600933,2.106285309598194,2.1682796018802324,0.9327408891887249,1.2175289093459276,-0.014869855562530721,1.2706388745207502,-0.5161562986373237,0.9876060339541682,-0.5719205070813206,1.0247464950346674,-0.6022075610007718,-0.44068479492869556,0.35995730438567447,0.6215118130692187,0.6155547398719036,0.8359111997831099,-0.08287275073580148,0.1914912754384939,0.8360561266944703,0.9418589836179413,0.519382818231897,0.05348865758822486,-0.9074920220488927,-0.6979299537399487,-1.5503493835956004,-0.9668340891929522,1.0238338159988654,1.0932795572271121,-0.12086588720266991,0.9491281146114651,-0.24922377790995148,0.9833908850028956,0.9046105673016293,1.2536900259066939,-0.8186674458667053,0.7988720893340795,1.0741216590000155,1.7011918388745202,0.6108130202540414,0.9145951698248507,-1.9517049093031047,-0.9466184718259562,-0.48864423574870136,0.9906429310618425,-0.8196244990731237,-0.2025185150472218,1.0875912691105594,0.7100208041549545,0.8974604531233749,0.583394656050249,-0.12289655396379003,-0.5463852238389949,-1.0239661188816374,-0.6522311432017704,-0.7801385402532847,0.2767607431910098,-1.5758984790558461,0.21347822448774192,-1.6058889773661653,-0.3366382568579219,-1.4568189801596518,-1.3008209025208777,0.2064655979049006,-0.750925159289843,0.4076924336744011,-0.2944564924991898,-0.7863131324707697,-0.9984799594983343,-1.4710700656438511,-1.6691773714612639,0.43461671873461755,-0.8459532559420545,-1.2165457177356098,1.266528091605268,-0.3593341387374378,-0.8339912040270153,-0.5607472336190663,-1.3904629436504625,1.3617274267565067,-0.3278281488196032,-0.4195355179406993,-1.0736102668963226,-1.2731919739739117,-0.9281435806014697,0.1539258797631949,0.3849322263737309
0.14000870786338424,0.832051405068352,-0.7091830061939557,1.601416437164142,-0.006523987905505862,1.486427840558829,-0.24331262954526064,1.1790134062561193,-0.25289084532875267,0.7185300599293346,-1.2359184512076284,-0.6173296632165356,-1.6633209953707304,-0.18088621911054575,-1.2639908967505393,0.44757203833199605,0.5859734933984393,0.20498721181412283,0.01399406713890752,0.5926411337348363,0.5645138783436914,0.6221839109292601,-0.36937178969981826,0.6815647441610706,-0.2801248074542964,0.5766977394799804,-0.6102135185209028,-0.7028597006239599,0.6477796229149743,0.6578984819718274,1.6744641482487108,1.7626312688461134,0.720671397011187,0.9890280327147504,-0.035528132580146775,0.9624479514973556,-0.8052163401802452,0.541760672613437,-0.474743057537344,0.5304401159748744,-0.5538895684723247,-0.5109824543026622,0.17690742940678852,0.42044509228296295,0.38631019733687694,0.6115047572870603,-0.19321459511925243,0.02706158460793938,0.7745922798922544,0.7933622191382046,0.4250006121173147,-0.03776354069782629,-0.9209889451917612,-0.8446045134327109,-1.3293806231628638,-1.0699969689356648,0.8767170153638014,0.9910148477436204,0.09116489728832468,0.7373516265239483,0.029127662372138048,0.7572574900953046,0.9155753244938969,1.0605125412252812,-0.7424289834663114,0.28876421828662563,0.6159129562770409,1.0976041936747263,0.4934898283742494,0.7041042991138385,-1.6226299290420394,-0.9699670705828012,-0.3190400679780613,0.8707360478664893,-0.681388532508994,0.006036227856457489,0.8109454442899316,0.6852813375809259,0.5891454763727962,0.2862527619458821,-0.22433318418987983,-0.6247693716137251,-1.0989927339575474,-0.6830470122551433,-0.7698791863620235,-0.016510324466597778,-1.4386586183275842,0.07986638680701631,-1.4697180456183332,-0.5799115547741128,-1.1400244472761605,-1.1131746368513358,0.23497063030879897,-0.709886611209373,0.308361167196094,-0.3952036546747865,-0.5565325527551711,-0.6562959919661921,-0.9966638252510671,-1.229743983371825,0.3397801112435966,-0.7582589291496848,-0.7994993462008102,0.9937178314227495,-0.4674245121661094,-0.6216321080442394,-0.4557403893214324,-0.9887548393421371,1.0596010516976533,-0.45517231773506794,-0.4725552889976401,-0.782076256013163,-0.9603842081275831,-0.7864891428933827,0.17846126999555434,0.14484970613032477
0.2151497741235249,0.5909917107911864,-0.18502588358530794,1.0194819691585773,-0.15839365563220298,0.8744318803510669,-0.0628124246922493,0.6536239584630786,-0.23180659276757812,0.3104579885877166,-0.5549352288553339,-0.6279422445866436,-0.9628355003295518,-0.2529519631321181,-0.7136545253414348,0.275952095236813,0.4419366161278947,0.0640529711330985,0.2734315494394045,0.47833502902723435,0.1702958999783364,0.029384246562524887,-0.15164350270742047,0.5974778721928546,-0.1199797998945834,0.5221282683927324,-0.4906754490797757,-0.4717710299430651,0.451692027544239,0.2633726050078216,0.956928498052441,1.0660690921408318,0.43453033776006694,0.6103773818198236,0.014442784741301696,0.5024337303640739,-0.9275665888485893,-0.0016661639957189615,-0.23304346051340127,-0.02429271124167487,-0.3825588526821301,-0.4565811141991403,0.013560177558591494,0.2093223967978954,0.12736495710136875,0.32763448479413565,-0.22042285187731844,-0.08598204089274143,0.6190978148367802,0.5361998277817684,0.2839375709566902,-0.10656413506938087,-0.7697729886330067,-0.8552595455837314,-0.837751793033482,-0.9765948285502204,0.6143064468467836,0.7561993171070472,0.32734983307729354,0.3903916467598815,0.36659504970280926,0.4119096246497495,0.8119491701771484,0.6902247923211079,-0.46436748251481025,-0.27808868234324663,0.0755029378801525,0.29008872227275606,0.3416226173713008,0.41182802442617517,-0.9762284370188108,-0.7419759899554824,-0.05052329820167666,0.6521497818979132,-0.3784441243329666,0.2798414299873755,0.42501738663223804,0.5887389249056986,0.1843218588592334,-0.03630543253533267,-0.2452751679880856,-0.5650175558215143,-0.9285514644947406,-0.5611780373825345,-0.5683821439029356,-0.2778625394477543,-1.013323533866365,-0.06092082783639471,-1.0401242619702147,-0.7161942250417442,-0.5708194370602971,-0.68427988743901,0.25563421077182774,-0.4796663836458371,0.1971594699938518,-0.3469564810738034,-0.18267546851935226,-0.1412357143323583,-0.2651986880208867,-0.5012239237354387,0.20074833544408704,-0.5097237545871628,-0.20925319780097132,0.6022765840637831,-0.47646236166847905,-0.2346902501299411,-0.24460854093175113,-0.31331056411434105,0.5462027521117401,-0.4789839394151484,-0.40744072400752046,-0.3217215665889055,-0.4467701934367249,-0.4713713864033342,0.20126517530272078,-0.15065972676180445
0.32103198688396595,0.32090186288700506,0.4626148116798197,0.3353534536349668,-0.2425697174845789,0.15622402539476699,0.20366626553588366,0.052290600517235254,-0.1388167854314695,-0.11748823831454648,0.24146146838119945,-0.5391098386382176,-0.06559908296640113,-0.2762830382149415,0.013630048150019223,0.11689847642950814,0.2793039472225382,-0.03533465435609265,0.57499873606393,0.34499224038157045,-0.20288054157863908,-0.49513988847839757,0.16903049267042208,0.5178569262973122,0.12121404170293298,0.4586922352335197,-0.21786693520485367,-0.08243020209979167,0.2237177275786922,-0.1491918787899807,0.13159712782102567,0.25578424198368827,0.14283756981575704,0.17582086165594973,0.13365000121904944,0.0046249728707824815,-0.8783083857321217,-0.5396310524569613,0.10161075930641697,-0.536063433105315,-0.12345783567471308,-0.30254205363638337,-0.09587321957946653,0.03427080413496082,-0.09712670261489201,0.05442955511933483,-0.1666801976685769,-0.13314825338262937,0.4318810546729602,0.24552622522393636,0.13352544866402924,-0.1481033923953962,-0.5122399134742989,-0.7663264775093616,-0.19967424695609498,-0.7443638604979164,0.31246664004294333,0.4644369955146618,0.559631926037097,-0.0036313879334094476,0.7196887493442615,0.03333757388588949,0.6415768834801625,0.2416229260866709,-0.06261037829843955,-0.8070196579059598,-0.4382991182402631,-0.5542050699088774,0.18956601870124376,0.10270922682482275,-0.15763130696361152,-0.3200747884489148,0.2545078356490851,0.39167066104579257,0.015527241459897496,0.5739468682795553,0.029474563198883964,0.46009619720101047,-0.22567465891768146,-0.3160884635586858,-0.18384480152005947,-0.39027053654833965,-0.5777656403819843,-0.3205143376067983,-0.23749003524217974,-0.4662958522894866,-0.4227024764631774,-0.17417361311526985,-0.43971978575395637,-0.7384249207361889,0.11799324485875581,-0.13042910244470374,0.27344368822541126,-0.12348693474686102,0.11055482149578597,-0.17036229539179065,0.25542035266444496,0.4419834330538755,0.5733047994991233,0.3587613795490974,0.0482754799085586,-0.16357367208132492,0.4310820686060492,0.1831381517567006,-0.3859875495873223,0.24351107566307317,0.027589209203597177,0.4856671231479059,-0.05653000094210886,-0.4048287693955745,-0.2491497022971813,0.21257887362931663,0.15292311849096413,-0.055713424253471096,0.22738472598202628,-0.44404347661773447
0.4328971343770803,0.08113044398816925,1.0713057622179432,-0.2957608706084352,-0.2638437541430367,-0.5011318220401277,0.47561842769708407,-0.49071938001788495,-0.01488144353557523,-0.48101366674505314,0.9695496679503823,-0.38234515384047285,0.8043090758458282,-0.24838881521513387,0.7252364821675297,0.002481736740903885,0.13690288638246823,-0.0784717388637417,0.845145522798662,0.2212524549577612,-0.4814089128256774,-0.8606790993148296,0.5045140672602252,0.4566872830833276,0.3793179743213182,0.4004460429223517,0.11989210835383551,0.3572802984353093,0.013990591786684594,-0.4925715675646859,-0.6065816242545347,-0.4758957617941169,-0.09707701143733063,-0.2146730205979655,0.287979010902879,-0.4164514047554306,-0.6966049298195448,-0.9682503373338224,0.44436476375749,-0.9166134751801068,0.16147152014810667,-0.10222377163035964,-0.13989193580829556,-0.08030557493962306,-0.2416167985630862,-0.1522175932731518,-0.0609961296327905,-0.12418851033063187,0.26652565621717167,-0.006705557198969029,0.005916747554188502,-0.16423913854302583,-0.2256851366978778,-0.6255342394480823,0.4243765591966356,-0.45680390467512344,0.04392158362513929,0.19108750525156798,0.7486797517027136,-0.34742029438522204,1.0233792843169864,-0.29099778974281143,0.45349504201691687,-0.1740499689976882,0.3446381784888098,-1.2081095362511647,-0.8286538565546561,-1.257491106399727,0.06128490557048447,-0.1631305167502204,0.6410050509748243,0.17397355466831255,0.5216486965750269,0.14283523743069998,0.39948668117363306,0.8225479638087435,-0.28791334934035834,0.3319309499118318,-0.55116346930033,-0.5010773094749978,-0.06573793913040565,-0.15451992957236033,-0.1589609609768495,-0.02805863953377062,0.12196867627325655,-0.562607948126681,0.17360070250489038,-0.23230367679567324,0.16940843742986422,-0.6636769594259869,0.7592818356212359,0.40203672801348916,0.28543707548839187,0.2549747988610622,0.06765917250724772,0.06861146369267283,0.6578188351024657,0.9647968095922358,1.3289515181620641,1.1491197706799066,-0.08705387155154996,0.19078473308687913,0.984394052472038,-0.18105955620454836,-0.22445945886543994,0.6957168047493266,0.2953383083627432,1.2140202941935585,-0.6043318705867664,-0.2643397203244761,-0.047030736106304205,0.7049399036480124,0.7019252920122971,0.3605256121606743,0.2550208739521031,-0.6707012408868765
0.5124499167240203,-0.08605446608399427,1.4707276168042727,-0.7410531859981163,-0.246372322584068,-0.9484915537962919,0.6585530819418008,-0.857334509114147,0.08850732414277711,-0.7126733234327258,1.4562667305621484,-0.2011875048028564,1.4230938626421843,-0.17763492927333047,1.2239311664515247,-0.05323600744219717,0.042912991947533355,-0.06712021863222202,1.002688062538107,0.12504740670696968,-0.617085808238948,-1.0208518088002547,0.7516571030095319,0.4061637273173333,0.575812305185013,0.3461407078173221,0.40925677493663365,0.7147001852551196,-0.13535630641163754,-0.6946077502182474,-1.0887019392169555,-0.9638769365185507,-0.2477489795655709,-0.4763709669265848,0.4235450715791606,-0.6698066136069136,-0.4490287278018711,-1.2038756088042943,0.7012956609050173,-1.1073691501990204,0.40065007050196655,0.0792353813237666,-0.1268814016507953,-0.1315414802537333,-0.28458121978985085,-0.25871405735859027,0.05250043892481302,-0.08552084309937594,0.15844351681115434,-0.1657306532634249,-0.07764046283607064,-0.16144125051835148,0.01294030885837267,-0.4798910298873218,0.8770334316173259,-0.20100125276230635,-0.13527047454984098,-0.0030793080273117334,0.8538363512798905,-0.5563427358477759,1.2081902729480947,-0.4905801724508539,0.28837847983798415,-0.4577108260134282,0.6313222775334029,-1.413304474059201,-1.0278939884509917,-1.6693272382747004,-0.03125972610395346,-0.34060563681236466,1.2266413160613172,0.589800621923997,0.6822184370502486,-0.05442196973250298,0.6713861889448256,0.9551922192603653,-0.4669562721954594,0.224707443310253,-0.7209507070235048,-0.56209295710967,0.06699647917089224,0.07490833365226435,0.2009637644919207,0.2364816910874015,0.3981184553159358,-0.5684753696318238,0.6195950822257608,-0.2179090004981409,0.626614254002096,-0.5248757805224271,1.1915601228708903,0.7727734923777868,0.2820657392157718,0.5398495609649011,0.07018339437636906,0.28100803187731244,0.9292862273006284,1.3060874974322412,1.8181976952684897,1.6742443948849712,-0.18033930623815772,0.46090731056053647,1.331060959262888,-0.43116566466084794,-0.03958096109778302,1.0002720164455903,0.48879983271653504,1.6822914985317496,-0.9639885306272344,-0.10361593125152299,0.14068376900372365,1.0454450354129505,1.0727648797762517,0.6764826928584315,0.2779982186266999,-0.7731916640857324
0.5227241585593894,-0.160025078723661,1.531913134358133,-0.9172388238338316,-0.22156660432310932,-1.0890379885333872,0.6743425007243911,-0.9718751975357606,0.12633082853124553,-0.7748099699668285,1.58199230164597,-0.037401489239699784,1.626165019552437,-0.07884236774621194,1.3623434797669984,-0.05186840751768991,0.011586765981432866,-0.013513752565869206,0.9843504582653847,0.0633531667637793,-0.5925339332750009,-0.9724531136903479,0.8249611342999004,0.34682197186553254,0.6434857101217897,0.28565393509876685,0.5497201427295357,0.874833177421133,-0.19774798607049535,-0.7127548668113188,-1.208399276027833,-1.105197826479826,-0.29450809498731134,-0.5570283928106757,0.487452773145474,-0.7052070385973753,-0.2051374055771668,-1.1996612890746723,0.7973612181446748,-1.0862916530623563,0.5340735750621634,0.18573816840095259,-0.0768965534387124,-0.13169558549558397,-0.22734730920705953,-0.25576798899215447,0.13058146844735596,-0.047985941571089874,0.12165625111753328,-0.20296007536873403,-0.10907897802551095,-0.14789759662860996,0.14571324429825874,-0.365227966884117,1.0438793596669529,-0.044846786603462856,-0.19464968450659048,-0.08228214283328097,0.8449821022854691,-0.5775781646249799,1.2207928795740837,-0.5255143426876451,0.17199814097348906,-0.5444147548145847,0.700274285958326,-1.3884569834859841,-1.0070993360334892,-1.6990616179256552,-0.08648569055824255,-0.40617098237044025,1.4555689780266206,0.7965683604999084,0.6900304349840697,-0.17901952208795663,0.755959971344705,0.9176652834138954,-0.48207052297768155,0.1464670911742727,-0.6957004127245414,-0.4937529090757825,0.1719578754150122,0.23869470815423668,0.3980505644121407,0.40512625660338314,0.5011397688891276,-0.49966564110932327,0.8023955728871426,-0.12563094465486788,0.814076250732748,-0.3587257862261755,1.2998390084418678,0.8824317869603276,0.2520980118781936,0.637342145691049,0.10753531846171932,0.3855316785065643,1.0029937954401709,1.382133661835888,1.911276101134688,1.7946142369357578,-0.21653904437883856,0.5761492194426243,1.3957274261903407,-0.5387912264424575,0.11864768441549306,1.0648902744195758,0.553326029898065,1.7554345952220471,-1.0453488355821263,0.0324282366470433,0.264362780973502,1.1566259570391153,1.1774308798327602,0.8169007859339935,0.28909087479260165,-0.7153617170401427
0.4430292491935033,-0.141909255628529,1.207511944793697,-0.8060676524800139,-0.21397798862025968,-0.9003526753129608,0.48839419158443154,-0.8176976744175495,0.07539525467111549,-0.6657690161036184,1.3110972361569129,0.0815833717108425,1.353705349982334,0.032233428557369215,1.085740869131673,-0.005258596678060572,0.041974271518861,0.06622467412168567,0.766114306707263,0.033890123830127246,-0.4201115616595438,-0.7450335701072939,0.6851088969771363,0.2608690564406275,0.5497341124327959,0.2088123659021319,0.4883636051594091,0.7792623064933143,-0.167449261859505,-0.5432323330928297,-0.9442443104026168,-0.8795824384707687,-0.24387999353602302,-0.4472265246825394,0.44850112388721136,-0.5209771379633943,-0.013965341864311632,-0.9545920737462396,0.6995488895413928,-0.8673889657425055,0.5318881370409988,0.18844727640679715,-0.011736550807940744,-0.09910430739507721,-0.08842158881614053,-0.155449483430018,0.14589794796122219,-0.03454992518907759,0.1508708207767148,-0.11894958676067913,-0.092577717861369,-0.13070005235985666,0.14746214560461776,-0.2992747177842209,0.8834099728061945,-0.01963091748823867,-0.13286715987408662,-0.04092927244270719,0.7125851805079186,-0.4022152573835021,1.0416100881189605,-0.39329208098201335,0.11221858522612879,-0.4179321526055704,0.5133067447216829,-1.138703171888646,-0.7777191517645636,-1.3357694397127229,-0.11001256714671569,-0.36025545647231794,1.2736459371141362,0.7272363431673909,0.5329567095527487,-0.22905797231657943,0.6258436276476268,0.6907798262559517,-0.3415706085166679,0.09556037423973164,-0.47566929474271097,-0.3113417840557926,0.22133200986564475,0.30370381646516653,0.38219036698173314,0.44221486717861236,0.39132792655205706,-0.37715759995464754,0.6805885982914139,0.03689546042986765,0.6876612602236645,-0.1941601008882482,1.046454368081505,0.6977518963065339,0.188644806773626,0.5054598568937138,0.1640581674203071,0.3370206329035414,0.8571246395867507,1.1677193163123327,1.567834311061541,1.4652212631072095,-0.1930043007986078,0.5071983420736491,1.1634090776336903,-0.5062972569758794,0.21587126244725544,0.8546988865541486,0.4663061870212577,1.3900340883166398,-0.8241062941101825,0.11443326834731886,0.2971189989099521,1.0128371131811307,0.9889989635567576,0.7518134336244231,0.2829166043566665,-0.4928698784025448
0.27829112653648524,-0.0514914355657492,0.5501942962673326,-0.45572930223318014,-0.23101957617232743,-0.4390320637303661,0.12409282392283787,-0.440573091129916,-0.05722656778494419,-0.4187297305479898,0.7021754742453823,0.14976671972196234,0.6694033540440466,0.1433174739146603,0.450183106116108,0.07017895980762082,0.11881042835926098,0.15694799365625461,0.37338397942956836,0.02760772584505956,-0.13625427312158447,-0.38771100617232795,0.35376108848301524,0.1426154437230353,0.3093183607957739,0.112455831959012,0.23926473468009526,0.44782088077683657,-0.061092106009315125,-0.22250807892865979,-0.363457442368799,-0.3519053781991054,-0.11924817050483917,-0.18173008667722973,0.3099352896944835,-0.16199966552258158,0.11037667510899689,-0.5135114939094856,0.42802360369317405,-0.49483172466956826,0.40410795087660695,0.09521965633322375,0.05287639758293324,-0.050382409572140276,0.10370774649630649,0.01457736381077671,0.09595552103950825,-0.05227897273800579,0.2266310768069478,0.059263359986905156,-0.041514201095858475,-0.11392040789937456,0.031173145944730394,-0.2794339884764915,0.43881644386303137,-0.11273399812504957,0.024173303936078427,0.09697467614065786,0.4726040775214009,-0.0674702381596291,0.6935849767321715,-0.12795063310905244,0.09956879401211764,-0.11443498279304373,0.1049570125429728,-0.7069059431295293,-0.3865574292575645,-0.6512770311251324,-0.11143020843013707,-0.225673587958445,0.7340223489984962,0.4031450398548945,0.23648386276240638,-0.21860810114982207,0.309884615739175,0.3002756324845549,-0.08172564517815813,0.06434237853847169,-0.10114089021309952,-0.045665299370211056,0.21065658040018956,0.27223158888423676,0.17182530084762787,0.3546593048578377,0.09286459689937412,-0.22002924384468142,0.294176972564855,0.24943814838084233,0.2887511489293536,-0.04515881179860836,0.483009329410248,0.26030686675871123,0.09351012858694756,0.16923168289655308,0.22532717884458378,0.1427726959149019,0.5204425471450578,0.7032499807740776,0.8505702498996149,0.7506360076055123,-0.11994774768836622,0.27458069167277543,0.682023254366637,-0.3617150908280543,0.2453114317625543,0.40546262977410735,0.24553879120867958,0.6486031924369068,-0.34913467234425805,0.13695918429416679,0.24162301986926468,0.64742999115731,0.5490852248927316,0.5042395053833791,0.2576584920928159,-0.13686868669569774
0.05916782769721764,0.07794322571051267,-0.2975632150886288,0.03156339261659904,-0.260938705621481,0.17316736934982205,-0.34112953652465816,0.06207957744975734,-0.23581367042992882,-0.09397470840404507,-0.10494749716500403,0.18208918228667137,-0.25398131875295527,0.24749081444510687,-0.39008518862653924,0.1573176468135249,0.2158675785911839,0.24671456298582514,-0.1233650379809734,0.031313450130110415,0.2064136195669557,0.04128097089465123,-0.09070622335760059,0.0017307005327975205,-0.018291775468950347,0.0027645749916215654,-0.11977675087884454,-0.025325817687132483,0.08579453640472866,0.17988351366033245,0.3938037926673565,0.3435652792275504,0.044680778226949665,0.16864131628342544,0.10933962419749431,0.2908081919326184,0.189158712729742,0.041608395305287746,0.05161815387552459,-0.034141654265367714,0.19802714731537296,-0.052060783877096437,0.11038440693272869,0.0033663525327261128,0.31665539616810195,0.2174451598429696,0.003103755302126998,-0.0912253029449961,0.32118077442428455,0.2851024378978448,0.025306554961218152,-0.09811337428031164,-0.15637877987610355,-0.28552603887655603,-0.17223285169848374,-0.27257447489375336,0.22982778960875477,0.2840905290429074,0.16445332416106342,0.3516447257111862,0.2389695734021171,0.20784560520770934,0.11105821542369128,0.2860181266778834,-0.42514271703073864,-0.16595971475414037,0.09379963648492669,0.2145625618611578,-0.10188986101832162,-0.04240712411995114,-0.014402006635212348,-0.07061098657720467,-0.14149797159285699,-0.17271033404452993,-0.11372071120038994,-0.1863654817334526,0.2417649221277966,0.042279589717212095,0.355133678468913,0.2624938362526672,0.15876481320399796,0.17966069732902334,-0.15220445083069806,0.18882390918963274,-0.31180806358559543,-0.042582064464996246,-0.2463361539657155,0.4818112639342406,-0.26656046133789874,0.08998357657955287,-0.2606190464008303,-0.3234780826088201,-0.0220132954035495,-0.284459379269727,0.28142958257358763,-0.1392038672567982,0.06580450177907665,0.08623717290043843,-0.0874857848514488,-0.1883984039861493,-0.01838178058819147,-0.05652044312363042,0.05171144111016651,-0.15114617936940136,0.22886243947073415,-0.18309247443019058,-0.05417760365628663,-0.3133914523935733,0.2682274185275282,0.11829636338458926,0.1280348840367342,0.14564610825721916,-0.04111548555553104,0.14405129309815695,0.21548001681349677,0.29103042668086876
