Precentral_L,Precentral_R,Frontal_Sup_L,Frontal_Sup_R,Frontal_Sup_Orb_L,Frontal_Sup_Orb_R,Frontal_Mid_L,Frontal_Mid_R,Frontal_Mid_Orb_L,Frontal_Mid_Orb_R,Frontal_Inf_Oper_L,Frontal_Inf_Oper_R,Frontal_Inf_Tri_L,Frontal_Inf_Tri_R,Frontal_Inf_Orb_L,Frontal_Inf_Orb_R,Rolandic_Oper_L,Rolandic_Oper_R,Supp_Motor_Area_L,Supp_Motor_Area_R,Olfactory_L,Olfactory_R,Frontal_Sup_Medial_L,Frontal_Sup_Medial_R,Frontal_Med_Orb_L,Frontal_Med_Orb_R,Rectus_L,Rectus_R,Insula_L,Insula_R,Cingulum_Ant_L,Cingulum_Ant_R,Cingulum_Mid_L,Cingulum_Mid_R,Cingulum_Post_L,Cingulum_Post_R,Hippocampus_L,Hippocampus_R,ParaHippocampal_L,ParaHippocampal_R,Amygdala_L,Amygdala_R,Calcarine_L,Calcarine_R,Cuneus_L,Cuneus_R,Lingual_L,Lingual_R,Occipital_Sup_L,Occipital_Sup_R,Occipital_Mid_L,Occipital_Mid_R,Occipital_Inf_L,Occipital_Inf_R,Fusiform_L,Fusiform_R,Postcentral_L,Postcentral_R,Parietal_Sup_L,Parietal_Sup_R,Parietal_Inf_L,Parietal_Inf_R,SupraMarginal_L,SupraMarginal_R,Angular_L,Angular_R,Precuneus_L,Precuneus_R,Paracentral_Lobule_L,Paracentral_Lobule_R,Caudate_L,Caudate_R,Putamen_L,Putamen_R,Pallidum_L,Pallidum_R,Thalamus_L,Thalamus_R,Heschl_L,Heschl_R,Temporal_Sup_L,Temporal_Sup_R,Temporal_Pole_Sup_L,Temporal_Pole_Sup_R,Temporal_Mid_L,Temporal_Mid_R,Temporal_Pole_Mid_L,Temporal_Pole_Mid_R,Temporal_Inf_L,Temporal_Inf_R,Cerebelum_Crus1_L,Cerebelum_Crus1_R,Cerebelum_Crus2_L,Cerebelum_Crus2_R,Cerebelum_3_L,Cerebelum_3_R,Cerebelum_4_5_L,Cerebelum_4_5_R,Cerebelum_6_L,Cerebelum_6_R,Cerebelum_7b_L,Cerebelum_7b_R,Cerebelum_8_L,Cerebelum_8_R,Cerebelum_9_L,Cerebelum_9_R,Cerebelum_10_L,Cerebelum_10_R,Vermis_1_2,Vermis_3,Vermis_4_5,Vermis_6,Vermis_7,Vermis_8,Vermis_9,Vermis_10
-1.4307322786681531,-1.4108292412060357,-1.332871780140147,-1.2949402480816263,-1.4770350344534624,-1.4977435636100564,-1.3881543230302205,-1.4005075270607281,-1.5593163809010635,-1.6131206845997392,-1.283771953773538,-1.4578484302089607,-1.4504020923190293,-1.0050988046541145,0.7413258585954295,0.8947080923358626,-1.4930751410566667,-1.4442014376329746,-1.5269604143616968,-1.4417352502991987,0.05982648381421534,-1.3925063522268843,-1.264522221982991,-0.43163737195731994,-1.0129300855343413,-0.436337623303339,1.1618724761954904,-0.8733102573591727,-1.3903956999013725,-1.4578356736025089,-1.3858733992312628,-1.3082429677087424,-1.5740964082377942,-1.5295101288312176,1.1049409838646764,-0.9044378686544416,-1.3527453338798359,-1.3572341384212088,0.31401576289084987,-1.422920423448203,-1.233377949307837,-1.2694991440875196,-1.469325037056547,-1.4747722930316398,-1.4558669882799342,-1.495234885775024,-1.4729182378185177,-1.5335755142402532,-1.630308332825265,-1.7190195592489232,-1.6651101934673322,-1.7012718220263112,-1.249022181725685,0.8519939540942123,-1.5274239629111523,-1.5611258198848492,-1.4793488720648669,-1.4683125582664256,-1.7907419297055447,-1.6646277035632537,-1.5658736106890139,-1.7387681000695214,-1.4635189053950688,-1.5150834397198456,-0.08197750168763981,0.585453521357919,-1.4408171157002625,-1.4911321571243137,-1.4925484901681951,-1.5251908448070945,-1.399532968863017,-1.389755516030509,-0.9993430153529806,-1.3706812288504708,-0.9751625720555112,-1.4306156409878366,-0.5776879316005104,-1.7315874724942044,-1.4147293546203727,-1.5674078010058492,-1.397416962894337,-1.235607466047887,-0.8611524919572866,-1.2589820610313036,-1.0907694227431537,1.3430392550284023,1.3144321334238085,-1.1294613252043617,1.1629558105595146,0.833821029903777,-1.630606221566789,-1.5909839851250314,-1.1724922401711697,0.9966181662444485,0.8476905177167942,1.2018250656058982,-1.5932870610827221,-1.0729853119109258,-1.5533117134806531,0.6040553387808917,-1.6284856788797877,0.8633946550839008,1.1444571511336574,-1.185546142945833,0.8047565613609932,0.00042381015635281345,-1.6412510104889233,-1.2706369397586479,1.1556164793318275,-1.4785442121272077,0.8165193760815261,-1.5608914016330726,1.0287195591042715,1.0912816058879677,-1.3885890779800178,-1.288546428953937
2.2132187957117186,2.2592420770188806,2.046713933042582,2.0095620327770107,2.2864084184920874,2.427943494669413,2.191387338951492,2.315161905189389,2.6567476287475387,2.946529072217098,1.6933348463805293,2.317761506664435,2.202866958658608,1.6038870736784736,-1.639663042486452,-1.8030056181155536,2.415699780770111,2.2922182453407145,2.4798930731078723,2.275172828134669,-0.71677215648433,1.93304375930695,1.8239867956085425,0.2837986395990448,1.353850797519381,0.3582399133841356,-2.051984744130099,0.7321028512847271,2.098944322003471,2.2746014842691253,1.993352951654534,1.8394315094238343,2.690925355919807,2.6776067565334096,-1.661905023974342,1.1520880618696563,1.9584057968572386,2.071236536042371,0.0524705541425138,2.208524468156014,1.6668359029704634,1.8458812768386756,2.411280208949641,2.4239672642857713,2.3554270289154795,2.4648845799593015,2.3990428160982114,2.5820338510668406,2.7704880706575463,3.0195831036440315,3.2991930631187456,3.4946561475547586,2.60851793595235,-0.7948834782154297,2.6035496767434387,2.8126573541953976,2.35963956289742,2.3753897587334207,3.290375483704455,2.885704406335076,2.5764985153048476,3.2670999339572173,2.4103114928721725,2.4676153913731937,0.5276960476394685,-0.6931683372320578,2.3920709221614174,2.5078415637886016,2.529718581838068,2.5859100110489286,2.0072486875293265,2.098299237682138,1.2956761105058117,2.1176009316578437,1.0821172771894714,2.3406861752049455,1.2168218763972942,3.1311938402556136,2.2098523285554865,2.8891541777864203,2.1058467771540568,1.7299644906204135,0.7318363915321886,1.7432392501011333,1.4392417868895546,-2.048339907273222,-2.116112556436373,1.3162249475431083,-1.4279641339726776,-0.9963915829929821,2.97342983793145,2.892652669557207,2.7527590260882002,-1.2153417932832027,-0.8157003186294701,-1.78158176542801,2.8799418457582933,1.817168100351852,2.6198736923090724,-0.29264005234458385,2.8993001877337696,-0.9963503512667801,-1.7510804719216178,2.0780127193130147,-1.070009579165877,0.20757796109172302,2.7298604781932974,1.9953618871966017,-1.5272242857641058,2.7703736208747034,-0.8300998464130026,2.5858478559998943,-1.1507194702852308,-1.3848053994834661,2.1593312448115904,1.9683867592651476
0.743068386276036,0.5896481200871336,0.732846704143381,0.6954671024711604,0.7699771369568925,0.5796871567674231,0.6461253761458675,0.46418774740001334,0.3727674372194847,0.05322853504486132,1.204322476242731,0.6290930277925967,0.8185256762796592,0.5458913494318937,0.5111659154721451,0.3297917248241097,0.5766567146797167,0.6438369510516412,0.5919240986880826,0.6772615195735298,1.1332113026102788,1.1579587991458222,0.9620687899919707,1.04886250626155,1.0299343761990896,0.9483283214107758,-0.09133313681872744,1.6574659096972801,0.8163846970657728,0.7353257178313996,1.0235991677338914,1.061817183614439,0.3831601922858214,0.26471007401504876,-0.6073145361908355,1.0570932831159228,0.9576994664257799,0.7662189290012721,-1.059672451153608,0.7148161007818405,1.0740575774929673,0.8801933811035605,0.5281643438743343,0.5247282609653151,0.6011591200157331,0.5280222120868671,0.5592129709443422,0.42288789786898046,0.41672191262692426,0.23838839356848537,-0.5345519445202456,-0.7455290169779015,-0.738691051333642,-1.4443855302587492,0.33272134402486536,0.004118831198709351,0.6503182415375861,0.578624227394718,0.009215314443171663,0.3063319051568593,0.5271313998626819,-0.1631240197440955,0.531477423595484,0.5422934932651851,-0.6423800596111098,-0.6064729396412557,0.4785582195608217,0.4342574104283449,0.3903809047483922,0.3981967262310383,1.0606347608645046,0.8451300851395599,0.9853802103649248,0.7207073965630143,1.3284062169616864,0.44711489152416994,-0.3033597000547323,0.052563653855065694,0.6982606262537192,-0.05221799478121202,0.8256583134564963,0.9299367692765658,1.5107386701346877,1.011808880760926,0.9818314955055747,-0.7587708969165395,-0.523361566040172,1.400892799816265,-1.3173242452616813,-0.9645729264517636,0.04862807139595057,0.06050720854676632,-1.0774757497747545,-1.091556098431102,-1.2998053621188121,-0.7562583269352564,0.08710557737533438,0.2555997488730819,0.40325013171304497,-1.576693447650972,0.17695535074797303,-1.0236308225738995,-0.6243247920682086,0.15973519541695827,-0.6991099550412638,-0.38134493897899224,0.5223105041716685,0.6157966751953776,-1.0540537833444938,-0.11526674697750275,-1.194449657193698,0.46592200844801407,-1.3371498421093764,-1.132972060270096,0.7408509269221518,0.7292108296011054
-1.2857119042478127,-1.3129722243420554,-1.218844760847201,-1.2421842782874424,-1.3459064066818385,-1.4317948066518438,-1.2906664943779729,-1.372380982107412,-1.5818498182568785,-1.823922387384866,-0.9731601479173486,-1.3240733323422098,-1.2630800649631222,-1.1591036488769637,0.9732515317626504,1.0069084511632607,-1.39947118654406,-1.3364871310292754,-1.4801803337860004,-1.348812728590572,0.3975415222405262,-1.17731589388809,-1.1915006057007198,-0.4026279756088158,-1.0117273233864363,-0.4933169292907933,1.1081439900166146,-0.5459336370136398,-1.2158240741754216,-1.3529807154674605,-1.219421736981203,-1.160468699216086,-1.6590788507666614,-1.6641276611049294,0.8499899446581506,-0.9315924962132771,-1.1504639549614892,-1.223694985573794,-0.23089658443948058,-1.2655663924777731,-0.938190399002637,-1.07770364788907,-1.4478840019362162,-1.458132315057722,-1.4455350841772066,-1.5010352389272947,-1.431729868983771,-1.5336453192979833,-1.678094976283798,-1.7893990644485114,-1.8164888637751748,-1.9891130719218293,-1.2701481153917902,0.5147727646899393,-1.4828651309453567,-1.4975437727761016,-1.3999811964318336,-1.4009140562165847,-2.0075172074858822,-1.7176678640848126,-1.4973590496270295,-1.9117167338915897,-1.4934426326653512,-1.4079647441590795,-0.4414026731075751,0.21188726020387144,-1.4618081898855018,-1.5289882104780876,-1.5241206694120264,-1.5595063181676547,-1.2616994906358499,-1.2853561236790434,-0.7693498321288975,-1.2423671144566604,-0.6975683814332163,-1.2484808728889054,-0.7135777644865263,-1.8116618245415255,-1.2919399374670366,-1.6846590133900872,-1.2196531542141407,-0.922208050237058,-0.32681824514985314,-0.9798500193596377,-0.7577071671194806,1.2000585023845616,1.2127846260560349,-0.7948177709504668,0.8693992514906345,0.5455378460890025,-1.8142172393625131,-1.7576589980220687,-1.7356944601515927,0.6340688470434281,0.351060222309533,1.0091165769628094,-1.7284925905304884,-1.0377267745085506,-1.5235625365497136,0.30785573540160216,-1.7678638597301508,0.45725257701178434,1.002805644706025,-1.1988602897472551,0.5188679776178595,-0.1346365676063137,-1.6364198421990208,-1.1863016085518425,0.8240938752687929,-1.6346706535576492,0.4169061278793305,-1.451698298121499,0.6340449638495322,0.8112680878244141,-1.34616891174356,-1.166887888655201
-1.3939706523170798,-1.2188947167032393,-1.3317880341646346,-1.2798269578153798,-1.43841860604241,-1.2444944607078425,-1.2664574912940274,-1.083755880017841,-1.058543411866365,-0.7531890338085235,-1.829390417513052,-1.2827044254983435,-1.4773842113941535,-1.023599008374187,-0.20591947828062845,0.023916415479616787,-1.24708219883318,-1.2914595872284707,-1.2729117282638986,-1.3245262377903237,-1.1816245121476145,-1.8262707202462332,-1.5431155813751476,-1.2785257642627599,-1.5108790946683817,-1.1679794551730205,0.5919010575897883,-2.100504040721151,-1.453582722142315,-1.3949160827776022,-1.658431195526209,-1.6642654978709042,-1.0678010725391995,-0.9312135476377029,1.1097265324960561,-1.516856809058088,-1.5857927871451738,-1.3788827312552374,1.2137927046146597,-1.354297989621009,-1.6584306865343363,-1.4612250397140218,-1.1800537249384035,-1.1793314833174369,-1.2520648588351186,-1.1948564558079438,-1.2158883693699714,-1.0997185200458859,-1.1354995506384242,-0.9883574137792944,-0.15949789156264252,0.051258902543910696,0.25994887112706594,1.8889510831922274,-1.0060105765459273,-0.6742409053638336,-1.3178561813389806,-1.2331263363943383,-0.7844814125036443,-1.0355234667861988,-1.2293945847488115,-0.5829142228496853,-1.1824152621853232,-1.215695911433046,0.6498735590448668,0.892977495250215,-1.1133647317285023,-1.0899105339229092,-1.043754941134454,-1.067802788490579,-1.7077022707127492,-1.4687255390063358,-1.4414796320602974,-1.3398730972066017,-1.8054241681069338,-1.0692589799847456,0.05372599526426864,-0.8027439960631885,-1.3362267697072898,-0.6104098714634559,-1.4608981898064917,-1.48997034831597,-1.9519969493655638,-1.5895014385668038,-1.4730500435833893,1.3746562685735464,1.1164205929706812,-1.9510829871306599,1.8984799092265228,1.36381037193987,-0.7471356476508674,-0.7386235851819483,0.6337342746805156,1.5781380105660594,1.7241496167270085,1.3018320302041169,-0.7879123509265465,-0.7526446438157222,-1.0855084039166107,1.9138780584731974,-0.9016661567152748,1.460695468966861,1.1339328417461516,-0.6729842294859717,1.0915398064978032,0.3984038403091681,-1.2595652626236649,-1.1873066143712263,1.6038387123470557,-0.5127460737456985,1.5881678157514376,-1.1570892546552403,1.8490750372318254,1.6526868100142762,-1.3577108619073857,-1.322232707267447
0.11598513252593311,0.21521298496234775,0.13831664734884272,0.23673401947618844,0.14046009930276698,0.29887604204325724,0.20017214853833593,0.3513431813857555,0.5086112353784147,0.895824909328313,-0.29621987942593103,0.16404393034813966,0.03673101778669427,0.505270769440933,-0.7475655627841589,-0.5586572745722588,0.24752400245319306,0.1952320763819152,0.33867770238507555,0.21868552444392775,-0.7964966367225762,-0.07892516031184339,0.14011339864248734,-0.08195662388745817,0.16370699724938265,0.07766221171310626,-0.3000831937848966,-0.546930775840381,0.03739310615100392,0.1917328562892194,0.014051124426526684,0.013843688511849288,0.6084200435805406,0.6973580088190765,0.15562859291474976,0.1767179183075664,-0.042452227448206564,0.10659020418670978,0.9992535434262454,0.0959577759052451,-0.2610228428539056,-0.04187317942836298,0.37500172156342076,0.38556557812224646,0.3775254180023031,0.43080457692833307,0.3375972892591128,0.4512179039189066,0.56973222144525,0.6652334973858254,0.915546427637821,1.1817347961740483,0.5561203813887299,0.5145077400079648,0.3874340661028969,0.4170474676950113,0.25838985461125785,0.28816109266016016,0.9778570140111206,0.6072793423797812,0.3309933913868209,0.9130726802392297,0.46097351709005696,0.24226127453984586,0.740732535136365,0.5345432972205736,0.44609187815611356,0.49891523158375667,0.494370959905158,0.5093862805329085,0.07077939538550439,0.15704114819646953,-0.21417249586188689,0.12936264940282824,-0.3660015101881592,0.1025878264896342,0.4676124741541872,0.7106726625668949,0.14986893923358088,0.7147570775798406,0.03074520899675856,-0.28672350345696934,-0.8761118060357685,-0.22236724014581144,-0.3698796110098024,-0.0890154097371228,-0.19152640289873596,-0.41945177442517056,0.31824297361198156,0.36668087049427595,0.863544003990128,0.8140321957958114,1.5477119519705822,0.4601058193787988,0.7725261812349075,0.046727096281289245,0.764963390009877,0.2609731311261878,0.40983692969033847,0.5563057631068421,0.7806141599788682,0.5689956782431351,-0.03863924415920876,0.4045584014562679,0.3341351559781568,0.3116570509546485,0.46657581842041845,0.19776695225107688,0.34770209477659125,0.7720771238519514,0.6051502213816431,0.27067423642630833,0.5402376604544987,0.28998378980924483,0.26225313652708543,0.10841158097857824
1.3389184015638547,1.199841220437975,1.2856035513591273,1.2865874768342433,1.3912150515676702,1.2580838894882163,1.2430227064281394,1.1264416399183554,1.1575362607843058,1.0273517773934489,1.6417774773404008,1.2382993039936463,1.3876468845429217,1.1955139169765199,-0.04458201011592852,-0.14171117048874604,1.2473565816303256,1.2663144091848113,1.3027389906172637,1.3073995247149592,0.9136326837389942,1.7342111350184086,1.5168556161083104,1.236037178553151,1.5175861450349226,1.1799051965400573,-0.6168445728015051,1.8117029727404386,1.3740080581031133,1.371989543306897,1.5664826295036833,1.5742848376730532,1.2082571383133793,1.1234684352079756,-0.9483227818289,1.5760847193153076,1.4730287288420727,1.3170165327732961,-0.7376971408779426,1.2870020261859616,1.4650208237572204,1.3462703085640497,1.2260925936421767,1.2291586086354442,1.3020959618729124,1.2666371521914777,1.2464713158874827,1.174216699855774,1.253184561998199,1.1441824884333154,0.4239487915588013,0.32237682888676966,-0.1272316553109038,-1.6146706668216764,1.0488515501673432,0.7258720076228945,1.3208635067667136,1.242943897285838,1.071585290645695,1.1669256920089597,1.2584181750636572,0.857637475632245,1.2726579496030954,1.2072084002299592,-0.3289293651765229,-0.617300939148704,1.1910968882046113,1.1874873134495458,1.134960122031469,1.1654072831055144,1.6442513727669075,1.4214370037723447,1.2730634416985434,1.3016531876202628,1.6003356989841548,0.9979996233478327,0.14702637559435092,0.9881379702037776,1.299543776274164,0.819535003146243,1.3751261042293514,1.2986337921700348,1.5388610197311947,1.4117823701261207,1.2292593668995935,-1.311036916874148,-1.1018774226478394,1.693819234506258,-1.7038713825253782,-1.1409579170428317,0.9891516437606594,0.9532404790783147,-0.06468242569826524,-1.3100181844750856,-1.3433292954332416,-1.1821416790597514,0.9939214298717325,0.8083273519973099,1.1384989748568157,-1.6419666156291948,1.1469508044011032,-1.1733379884254482,-1.0483330843994472,0.7470867618648898,-0.8888707154740605,-0.24777243434553436,1.345135805290295,1.1798695236141865,-1.3836438622959888,0.7332757954402074,-1.2702938951044405,1.1554832610841659,-1.556285577068803,-1.4517556388459791,1.3655647042102983,1.2843436523946725
0.9472085404559015,0.7695437033863984,0.8504021998636737,0.7035088058602722,0.9728528072914765,0.7259239915224863,0.7868966605813807,0.5684470465658915,0.45569021300149776,-0.04310194002087231,1.4999958945478025,0.8700035522758626,1.0766346255894605,0.20327556976132277,0.6039564363324907,0.24551334536939626,0.7942300206942665,0.840299442156467,0.7034321676022063,0.8121970339799017,1.274637460712839,1.2795295683382402,0.8888751301393262,0.6714517508155755,0.7321333038056413,0.45975241129870537,-0.35234780858251685,1.6620724647222571,1.0425482421102783,0.8774585258371012,1.1244726126696987,1.0849414921776341,0.3646199684087433,0.20574525546142552,-1.015152416693444,0.6725669670385699,1.1457671708126862,0.9132999451015328,-1.6472953413465088,0.9551529077389279,1.3648844436601888,1.0676810947687163,0.6013251905296759,0.5913772459157625,0.6112894602860165,0.5532502061031481,0.6569240850635628,0.5221119856115413,0.43550301519124535,0.3339853684566511,-0.20886281541776366,-0.5439665919248075,-0.06358716194345326,-1.5207822438965248,0.5688615726100444,0.4696851941574543,0.7859008199863634,0.7176963332745914,-0.05257547696266891,0.38345728778025007,0.7140630618725623,-0.051868256888102995,0.5001082937724353,0.7924617371535272,-0.9877313711359067,-1.1523328976991227,0.4847666506024798,0.44259687654345714,0.43706386867818,0.4423909569034573,1.0636385106606885,0.8888070875768124,1.1290781543498492,0.8862578563664962,1.4156790902596998,0.8713744590528452,-0.2348180386378758,0.2525158765279502,0.8941907294886844,0.14984069123452787,1.0574491872634715,1.3882747862842204,2.0055856586947596,1.327521016495144,1.38819893116517,-0.924525018137114,-0.7145229196729044,1.5798584583049229,-1.4570420306402683,-1.2039758011782051,-0.01628761296542655,0.023353589318663538,-1.4253605422383657,-1.4591387444920016,-1.7969649330053248,-0.9974275634360482,0.08854488475029211,0.44293411265194454,0.5767829821470277,-1.4611728041807448,0.11668909974075845,-1.4976841979508284,-0.8231296490349403,0.28120405339935867,-1.090418993131003,-0.495114094332817,0.599184636146363,0.696224431303691,-1.416116674444085,-0.02371442978152162,-1.5435313623771114,0.7598925560746144,-1.6402379525166466,-1.3191313589333915,0.7637574278631644,0.8719005833270767
-0.5322029271297812,-0.4903517423548107,-0.555077081458394,-0.669784230115612,-0.5623803163058714,-0.5702094122750392,-0.5354373986277127,-0.5450461691983648,-0.6144014112593422,-0.7958481362304296,-0.5911463440860569,-0.4536852898617673,-0.5067238269151959,-0.9662327881951741,0.22844648728974085,0.02099170696140739,-0.5213332811533715,-0.5155659512418306,-0.6241835252293414,-0.5770413016760272,-0.3064487049269299,-0.8354536981748402,-0.8227102445706054,-0.874086331382781,-0.9792888902774122,-0.9265600217833255,0.16115115033390642,-0.7427276874303812,-0.5302445659388587,-0.6115396139077599,-0.697452907250003,-0.7409906110377374,-0.7300761776037725,-0.7627001999414956,0.11091097232941513,-1.1565056438650458,-0.5779398697146991,-0.540077305162501,-0.31824534614519556,-0.47276628627141987,-0.4607956291930073,-0.5005153484287252,-0.614258834906105,-0.621140300667814,-0.6955109414362287,-0.6857514632544804,-0.5993499070964309,-0.5921428501865101,-0.710812497759311,-0.6422979788010105,-0.20874658426203466,-0.2983688955939887,0.37647548081934334,0.6023550833027989,-0.41111669601935225,-0.1158028592278549,-0.605046467724427,-0.559660524925342,-0.7924525932476945,-0.6413312023787292,-0.5643189596741573,-0.5949421908557166,-0.742162766841412,-0.4714813505230316,-0.2932811482820644,-0.2079369604995584,-0.6589815257343834,-0.6705044667392982,-0.6070091916492947,-0.6324588906969935,-0.827430770312045,-0.6643060175306467,-0.4665805497252175,-0.5696637985329106,-0.6802708861494369,-0.2167537598506281,-0.2516528859777328,-0.5366610009260804,-0.5365161007534051,-0.4883708300666642,-0.5223784007194437,-0.3138054082381068,-0.25355743616681525,-0.4432592811624008,-0.2324995967532176,0.5267995101374959,0.4454262143224189,-0.5938988282985982,0.6943687585057807,0.2847325200358022,-0.7164934503208104,-0.6424837941873482,-0.5868117018911053,0.26518773062440537,0.15979423114946703,0.3683305625150134,-0.6434276457574568,-0.36958395967635593,-0.5128264576807492,0.7370850699427628,-0.8655411784044846,0.14480172021147183,0.3362844612633365,-0.3504395708973428,0.06770823864090676,-0.08400094067323569,-0.7200300579921505,-0.5721425211150489,0.36869182115354937,-0.4665718451225508,0.2360948320515049,-0.42456614705668844,0.4397258049495633,0.5073168815864841,-0.700372778450173,-0.5701519335806379
-1.4091434261871583,-1.2043933549590944,-1.3016795601568862,-1.1898311254500449,-1.4881346078650304,-1.213869706840724,-1.2358619312286523,-1.01760219169433,-0.9548827283789346,-0.5314234442502904,-2.015155094148048,-1.298926216072901,-1.5499625570628028,-0.7598892625653207,-0.4936171139108197,-0.17092502362321613,-1.2762903402307442,-1.3087361336283334,-1.2150972743260564,-1.2906310589675185,-1.5034374050960084,-1.8758843978048867,-1.4604119837002474,-1.1330576711682554,-1.3156606823097683,-0.9365453177902712,0.565142552035463,-2.179009430002178,-1.5154401166863527,-1.3836868532332944,-1.672686330192772,-1.629615495780089,-0.9371963591280158,-0.7843537586207125,1.2426265290613454,-1.3130450569801195,-1.617735318122254,-1.3609295271248298,1.6366223931020674,-1.3975472757305065,-1.7830577519153212,-1.492533975498862,-1.087359688572459,-1.079466639684627,-1.124500570812199,-1.0668576994938543,-1.138313253956753,-1.0065175261031396,-0.9686168115030619,-0.8642621838358807,-0.1371463341001182,0.1485266291369394,-0.08304023299941263,1.9014918703191797,-0.9799275687548789,-0.7913105407035256,-1.2816514606158202,-1.1881708226037229,-0.5274461857804721,-0.8968093660923044,-1.1974706362934575,-0.46210812772071097,-1.0376416495788332,-1.2485378703346115,0.8384837915525634,1.1857175678134646,-0.9804630869394548,-0.9509913291439273,-0.921135883482561,-0.9413303837842072,-1.6365120264254622,-1.3847453475780853,-1.515930789365905,-1.3600287694455186,-1.9153054620086583,-1.2230237505965957,-0.0267147578431844,-0.7725709041177204,-1.374485333969365,-0.6860181060627426,-1.5350779835972932,-1.8429496364441487,-2.3564127157869588,-1.7851977160324026,-1.753264660184458,1.3538238658890507,1.0959058424749872,-2.041317754327141,1.930481192868793,1.4757932110656717,-0.5071144376329078,-0.515442163577429,1.0661708226729085,1.7575471166343508,2.0720714258919464,1.3582258179470312,-0.5598932251073391,-0.7789161907498993,-1.0379738471889444,1.8664183589987429,-0.6978073092029022,1.740034012719208,1.153109109515402,-0.6059925748557997,1.2667587038619113,0.4810270132662202,-1.1429229859459866,-1.1173626125834437,1.7934299415739112,-0.40277277350272844,1.8250233019401196,-1.1918027658199406,2.0217244905754237,1.7231960803929978,-1.310119111605991,-1.3305313115020327
-0.6553342767855037,-0.5709313642483047,-0.5286954681390936,-0.29562691262202295,-0.6909356573431233,-0.49295264961237284,-0.5247354039446378,-0.37525168838558504,-0.2919225882848044,0.2086208803844434,-0.8982695473276571,-0.6971923965324753,-0.7697580867841243,0.3964381210251881,-0.3741317751163779,0.17648210467058772,-0.5928230986038745,-0.6165469172037207,-0.44239146151562053,-0.5289597980192777,-0.4932279235648703,-0.49670087090334825,-0.2694316020194887,0.2534534610765061,0.07064672105186183,0.4229657103151171,0.48809651748165367,-0.7444712500884747,-0.706368038605365,-0.5452081947064525,-0.5893392471528387,-0.49925414232297927,-0.13905888981026163,0.026324582145986836,0.9989550120133732,0.36585403861178645,-0.7075291236947159,-0.5979414062171121,1.5160398437819735,-0.7122612278668182,-0.9260293556797969,-0.702083960771667,-0.3577371505767316,-0.34796867287516636,-0.2797778370299684,-0.2637473063353257,-0.412614549399648,-0.35011913803717776,-0.20622417001384202,-0.23749792057074112,-0.2723672161830351,0.0013889948827394791,-0.8094909145701302,0.7475976702980583,-0.5733016144493377,-0.8096595575841925,-0.49586345703956425,-0.489343318408862,0.14457629114363502,-0.2530005938490435,-0.507854607925538,-0.0060817171077493255,-0.1587713936041597,-0.6375442174930739,0.9451941913308753,1.200500709134991,-0.22105832971361797,-0.2016096991162814,-0.2725791474574538,-0.25993896458754673,-0.39428460019068307,-0.46123734434360003,-0.6482781258632252,-0.520449824784838,-0.618541603294489,-0.8824227670315059,0.22286857642198343,-0.2954532455498568,-0.6110021869485611,-0.2134009212895609,-0.7236416955237658,-1.076961112023226,-1.4170463695617768,-0.919453822804976,-1.1129900302926719,0.6136549257382595,0.5255243581668173,-0.9110849435500439,0.7085493012355392,0.8457248287403578,0.1202445943781666,0.008514871004481984,1.158041888009947,1.111831588791766,1.3471595038142972,0.7705984312788647,-0.03315759403554615,-0.34010849775938,-0.4704444169011742,0.4848711478391039,0.25189187738279256,1.1873630975533986,0.6712066757731975,-0.29914695200832464,1.0023195648665544,0.4625795329375928,-0.29606714863673994,-0.3361983582604939,1.0064958411073321,-0.11229867253538232,1.099353672462455,-0.6621509798106292,1.0443981887067395,0.7867599759028215,-0.3556399951118152,-0.5014946351073906
0.9476990696331985,0.7989393469162002,0.9265395506452107,0.9565936101725733,1.0584206716668172,0.8695837129136008,0.8604565244606852,0.7340792004279435,0.7216350151083879,0.612806259213659,1.457973536732502,0.8101589193513994,1.0484486072591663,0.9482166748953818,0.4261033881358749,0.4150061821408595,0.8855808325186696,0.8966409090006411,0.8929627376656166,0.9121372057404038,1.3106357421451778,1.5270589745218843,1.275685113597829,1.303125071136723,1.3224978542601684,1.2053185774139707,-0.16407491783867173,1.7303875956273302,1.0506911203203124,1.007868870036611,1.295255327234615,1.294655010716684,0.843735028799746,0.7991415875272804,-0.5579366353226604,1.5063498861726483,1.1203583850906103,0.9315434211422949,-0.740722456919669,0.9174537684540603,1.163670478732838,1.003506575136982,0.8044193034186288,0.7991990355301585,0.8800692009436415,0.8305985811907322,0.8182657871494589,0.7258680377005382,0.753798544797034,0.6542826261269058,-0.047633801117651496,-0.14635903542384052,-0.2445584053903044,-1.3224910698544996,0.5583942487714412,0.2820447046470628,0.9187751186866471,0.8303244362913231,0.5267700279191573,0.6605935431439712,0.8163114573979013,0.41797463580326005,0.8869740304944536,0.8250762304796726,-0.15350160338796132,-0.407160082203787,0.784274920743044,0.7677869620845704,0.6951140741080891,0.7201963055097532,1.3320242196470282,1.033651197214561,1.111876998601812,1.0062827721749028,1.545287981712521,0.676645556353981,0.2854213577763262,0.5877582192912698,0.9770313454308058,0.6635018552175252,1.0733712385217222,1.3161456488442758,1.5450522490444407,1.2610620161457848,1.1503180938967685,-0.8874917248654636,-0.685748585887997,1.4295177314506524,-1.3782555019631386,-0.9075395801516732,0.5041120839245966,0.4471410340730766,-0.3872945431619327,-1.0125061821511938,-1.2563277178512293,-0.8305452582709246,0.416512051504009,0.5320614690031932,0.6921543291603734,-1.4719923809236632,0.7726139184638954,-0.970256188241363,-0.6802613062107618,0.37705576856599654,-0.5837168268798323,-0.1685444972360686,0.8658156628097631,0.8290251731601245,-1.1385197246995358,0.2954840289162844,-1.1423711017937048,0.7313780205979815,-1.3253295035687782,-1.1820864192612208,1.0765976385305955,0.9710393979152296
1.5365907412012438,1.35612267054344,1.356820381218639,1.088389026149208,1.6812391222905307,1.3174875680049585,1.3261061625584987,1.0906323776011668,1.0196980979622643,0.38180952441329624,2.0485617499224085,1.526252013012411,1.7210871518344608,0.2811647703179698,0.5582526685313619,-0.1599301081230953,1.4488448147489612,1.4780897204202883,1.2826815736739947,1.3771603834403716,1.2268095319474819,1.5869094136641178,1.2322256045080164,0.4727466048944181,0.8247058406922989,0.24145855537857858,-0.8371871208531578,1.9802266985055077,1.6459665362475624,1.4512529300229902,1.6309091112013119,1.5192059744879796,0.9261025200842127,0.6905571428053822,-1.6767103107939545,0.5216135631056427,1.6675939843658703,1.446391597880825,-2.1829924387304738,1.5823402434497076,1.9278162412155995,1.5842337890778226,1.1199054834272633,1.1080183095757372,1.065951350129875,1.0274717703503957,1.1933689141318193,1.0813580352482204,0.9426440655324938,0.9439923121701903,0.6062804825411273,0.2674769357957951,1.0593444243361392,-1.7263172185301117,1.2698387382702863,1.4076148230255796,1.346409205368174,1.288198744900774,0.4413508195964005,0.9546708562669202,1.3107241281643955,0.5277282667750259,0.9335605250314704,1.4657181414231506,-1.190708982120573,-1.7267987396191442,0.9404641288153998,0.9200284002807826,0.9774632895323583,0.9781040708291905,1.3917752748633823,1.3351179121260517,1.5052764604297628,1.3602360066656816,1.6911467769275532,1.620376376015013,-0.03625994768319858,0.9877938534149938,1.497752072096619,0.8978642801206179,1.67389065951679,2.1784189800867826,2.6327719994484133,1.9688799547051623,2.1062841619521775,-1.4367444389789732,-1.2100084157099815,2.037465943330855,-1.7440497619148563,-1.6212749457211246,0.4080634387847931,0.5286770839385568,-1.406528493605898,-2.0345528016449417,-2.3699134271379276,-1.56714184627678,0.561526268883018,0.882962002205731,1.2051807876276932,-1.4533997975082347,0.3250148723734609,-2.056897708380619,-1.366974107275482,0.7835667243381879,-1.6537948209438287,-0.6427529452561132,1.0904958823660493,1.0176424206569228,-1.9746321103585585,0.6019742874695494,-2.0283821733648035,1.430040202089676,-2.0988948936308303,-1.735149252034201,1.2462412914527523,1.327551675020347
0.2617060763991496,0.2865829101976481,0.12934206653457048,-0.10101839262435147,0.1729627553697299,0.1686059640698419,0.1892038314536771,0.1624981409473551,0.1366881384783592,-0.20474077845785002,-0.014875348129206475,0.40989268452366784,0.24130231044522601,-0.6859913577366619,-0.35874725021385295,-0.8375975675257649,0.23121732657436508,0.24323841651165262,0.13258404048650094,0.1758164574669317,-0.715909986747694,-0.3738269573773016,-0.39805374907271845,-1.0993801499406022,-0.7414057624156027,-1.150005360452939,-0.6579277813739073,-0.43282874463282606,0.1857399624462407,0.10886673580691267,-0.1270428001913279,-0.19811957301874936,-0.13137603573509024,-0.26141995895477693,-0.7868026034760348,-1.181156245846718,0.16273796736759888,0.20964006265346996,-0.7389413581905394,0.3032102397818487,0.2782101350413508,0.21862756175410167,0.12474641988208152,0.12711932919618119,0.012519820828776722,0.046549601211433936,0.16846844269322125,0.19402981184852447,0.0980200526820342,0.18688817114887574,0.6506689716011147,0.5018997180119914,0.9228159818782948,-0.01531074209646832,0.5251278319521782,0.8572791709406288,0.1595973792212709,0.21032432656151714,0.006741682263117009,0.2053685644353008,0.26894943967856527,0.12319596274955887,-0.12125119375888853,0.31237323851427734,-0.834926518016949,-0.9109703128655728,0.008858409639524362,0.014919349108345071,0.13846316851649026,0.11770810284316056,-0.2809399906801832,0.018772582085274245,-0.058846254137316804,0.027914341799377518,-0.4179440236868705,0.5502816060779012,-0.4648781500847265,0.21166235724979734,0.15239176157277323,-0.09249911733915477,0.16161780396947412,0.03601722575267772,0.18400282492259393,0.07199000833516253,0.22905343312942675,-0.2923161263071719,-0.3459472156968688,0.049602809508408625,0.010238781039336169,-0.3043081054540814,-0.027853176644368635,0.11663200663470588,-0.4605835268902331,-0.521570567110908,-0.3820185716145064,-0.3933371108345176,0.24426025969312257,0.19146725627068856,0.3118447742588875,0.40229997398820777,-0.3891225727523708,-0.548961005999469,-0.42086982603809553,0.3109239202154436,-0.7207475489385555,-0.32719124582715886,0.09633447412145177,0.030022250531147567,-0.3197268423537806,0.2900862529872795,-0.28349501241514513,0.42753250992892095,-0.21074991529557396,-0.11284538339700255,-0.1484693904056612,0.07132068790182962
-1.4759880719304843,-1.2794797396804098,-1.3565238827316444,-1.1954169226007403,-1.7529374515701623,-1.3178346021663758,-1.2950663707643293,-1.0743095918118708,-1.0357553403769995,-0.5699305288733144,-2.15197135731938,-1.4032768971304352,-1.6873327326991476,-0.7353606373457455,-0.864610131173118,-0.3154496547931637,-1.4311096432536585,-1.4521396062117202,-1.3048148192793725,-1.3681214425943253,-1.661862454134406,-1.8036458187922728,-1.5289781232967028,-1.0807636908604947,-1.2722997144372479,-0.886989392666812,0.46836490220773774,-2.3240379445861556,-1.644071833446883,-1.4890139267233171,-1.7978478359603018,-1.7145955509138544,-1.1332894087795924,-0.9468511578617136,1.3251131070887112,-1.1562006815296972,-1.6457953685651254,-1.4016312608152997,1.81258972736488,-1.5086174503626402,-1.8574022952280331,-1.5265841407232064,-1.1210293885125437,-1.1071182942526785,-1.1165279661118297,-1.0610932759480478,-1.1724656404697305,-1.0497714541503413,-0.9550681858060045,-0.935102505386444,-0.4138569732619889,-0.18590072807138974,-0.8075152743319812,1.7044281877290066,-1.089406900410354,-1.1047636041422084,-1.3411713673769128,-1.253587934529945,-0.5074462248735069,-0.9182613230504341,-1.238693201992815,-0.5319815159586208,-1.0762871697575067,-1.4038130336986943,0.7331143216652601,1.300537169036578,-0.9944370362792354,-0.9771377357459115,-0.9862409285115668,-0.9939389411688487,-1.573722315021171,-1.3775328047576565,-1.584768911210972,-1.3808847403843227,-1.9610165586379131,-1.4016706703973698,-0.29258985674683435,-1.0185864645749991,-1.5103241448560298,-1.1315153024819544,-1.6860590495737522,-2.344709960307151,-2.666413413056814,-2.054700222699497,-2.117422157207953,1.325642889923185,1.0572529727896758,-2.079921415865309,1.7344517012526937,1.4870318453588076,-0.45774836679444714,-0.5324896215044818,1.1947767038172923,1.827412812815733,2.2267229123999597,1.4181175380311442,-0.46895760660965913,-0.8661161598002378,-1.118984850395308,1.6349062735903321,-0.49029041033119347,1.8222375426556854,1.1964276206693685,-0.6888915567667214,1.3263959476494924,0.4569252717686593,-1.079044238798054,-0.985900496774586,1.8592851916467885,-0.5723740505887867,1.935335810016708,-1.2703515226874946,2.027491473975924,1.7119639354934872,-1.4125356791410866,-1.3319270925896414
-1.489383063182395,-1.3773412546402706,-1.2232938496729464,-0.8399530464621218,-1.5075144066929607,-1.2552454605352306,-1.2626088351273559,-1.0906229119373336,-1.0491002653961663,-0.34539042589232455,-1.5355031350249189,-1.6219011380656811,-1.5638348405921432,0.1519591025771086,0.12731173026953496,1.033761461686937,-1.3935937376947483,-1.4222173033863261,-1.2192558690799469,-1.3053446212516864,-0.11729390648738772,-0.9193019873459024,-0.6680215145583223,0.5890830398010112,-0.09105941414141483,0.7647298059596637,1.3109224407222528,-1.0768319258449779,-1.472444725425747,-1.29395602632507,-1.171422091438104,-1.0371073063828005,-0.7386986384446372,-0.4531689105817684,1.9987972981075959,0.5261756182076279,-1.4799997765851118,-1.3702265975823797,2.0476548850708456,-1.5349275915232916,-1.7326826900510646,-1.4526607864947596,-1.0959769937279469,-1.0946063263798418,-0.969101344877758,-0.9811310277839951,-1.1879004233479182,-1.1428556853597949,-1.0024917550974366,-1.0782754615431673,-1.229000375910054,-0.9020674228830786,-1.5559044644204032,1.3618778708610795,-1.5745549104213172,-1.9132581683298604,-1.2841036695971335,-1.2786321360161874,-0.6270333202864152,-1.1023924572413961,-1.3673131715037221,-0.7154020278739409,-0.7554040982282207,-1.468469089419136,1.609109659426067,2.0571715404111006,-0.8653096841384661,-0.8641016965697609,-1.0209398859554175,-1.0076871601472375,-0.8919639229331422,-1.1281367150536945,-1.0629170729823705,-1.1046202335661655,-0.8795089236795969,-1.7138353600458338,0.46469221886420714,-1.0876134857907955,-1.3382876498905572,-0.6662399994437413,-1.4522885578633422,-1.529911493920406,-1.9800340080086054,-1.4951350583601397,-1.6610044501686896,1.4578133478410604,1.335600990990968,-1.588229042960328,1.3743893353028784,1.4693972250324512,-0.5084938305248602,-0.7242092762160321,1.2017512244905588,1.995761590350671,1.9870948977469507,1.586609963454034,-0.8970159920986969,-0.9562762144503564,-1.320856447979963,0.7630740889912423,-0.08928034088239684,1.9908849787645655,1.4776774949154492,-0.9905923942371087,1.901653980737711,0.7362615208962842,-1.0977716778536186,-0.8941863136041098,1.7634094727017897,-0.9155223141658176,1.6985738492918283,-1.554490380579712,1.7470170913277927,1.429118804303184,-0.9169421545389138,-1.1585933829916226
0.39708949825957196,0.27272136253074547,0.4454962232171575,0.5126299369354023,0.7820920887465166,0.4021437806563342,0.35585169136365913,0.2453603226381408,0.24549209953739234,0.21839747410809726,1.0935488067931278,0.26473394871823364,0.585883374912685,0.7673838880590785,1.2356892358816263,1.1715949181921137,0.4450470535228673,0.44845259005768157,0.4091230246883506,0.4134719719023107,1.6791629621551896,1.0213779721795053,1.0027924274395061,1.385944353495575,1.0883288479519935,1.3175819671071325,0.5744404379312766,1.609172760259256,0.6062127793905513,0.5546836903401876,0.9610562870912135,0.952404018255112,0.6143015561433268,0.5881038857063661,0.043222535210401626,1.3283737885414626,0.5599965211218454,0.3898063265001784,-0.46899933142783,0.420324442164869,0.6448181065375302,0.46019983355626254,0.2739122121730926,0.25838389486932445,0.3337707048439926,0.26938262207729075,0.26661706896326853,0.1737138207235439,0.15108305407212225,0.11754088560955885,-0.3357346049914858,-0.3212295267957938,0.04065046334297939,-0.6240766109989908,-0.0195486920177153,-0.12005805787447613,0.3879164278905577,0.3047889010740933,-0.055797521318807455,0.0614398728275967,0.21840954665615264,-0.07204306115280994,0.46620580676997125,0.3751305475279094,0.32293576197198703,0.017026573828173033,0.28795419212117895,0.2754283812801609,0.20684386889547518,0.2140150404869189,0.8245196420883416,0.5008012072030928,0.8007734979910182,0.5008325513999469,1.289581802130333,0.2012305898821305,0.6751077513350577,0.2819414213280009,0.5507567608669818,0.7535752787940334,0.6645085108889335,1.4417415704725924,1.4309014716036297,1.0693733921344004,1.0603594029222125,-0.2233108813767573,-0.027918835479181083,0.9473111411024011,-0.6177099441131744,-0.41398912452570796,-0.05964267039777146,-0.08254116212138381,-0.5862428639218196,-0.46477093256941315,-0.883748257292888,-0.2759926799847933,-0.30469928622311854,0.23883669260775753,0.14253772084671845,-0.9330175685461332,0.15631211303034806,-0.47650443326463127,-0.11990758267205123,-0.040732968953589826,-0.035106249374772545,0.04622263117738585,0.17770537555667343,0.18903752278515445,-0.6074853245272814,-0.0669009261835287,-0.771573830822249,0.13730001505920467,-0.7727008761958333,-0.6474918168322064,0.7178665604331373,0.4259415853702069
1.8795656896949193,1.6761027445274812,1.5844374842147229,1.1913088750935368,2.1015228143354734,1.6099091276046809,1.583998941109376,1.3392755500441786,1.3077214556427343,0.5363543361976891,2.28799486172023,1.968336191330463,2.0380637369168313,0.3014637379657216,0.45830273303334085,-0.5765384228123724,1.7838313839232969,1.8164358203932836,1.5849950535416126,1.6751156466376484,0.9852099196765084,1.5501091025256701,1.2573163417162938,0.021601812134845053,0.6675534354091311,-0.18637649397437286,-1.160736598145743,2.0026598352735587,1.9524817944555801,1.7329859211919643,1.7933042102436956,1.6380933823317796,1.150062665460394,0.8106223352057259,-2.2211518699887876,0.10307551685231789,1.9526905229347984,1.7329984912480938,-2.4261406102475025,1.9270739823563343,2.2727670653227596,1.8565567347065022,1.3716332400638016,1.3647421558091104,1.2663464234567936,1.2513585091059152,1.4742813915595008,1.3793929998498657,1.2401671628757505,1.30464814594891,1.2849649227591105,0.9475092133501709,1.722411245875597,-1.8589650621788523,1.7813455075186675,2.091848803777136,1.6488060535086546,1.5898082601068588,0.7470998417289603,1.3018417854091413,1.663412745795611,0.7810515176176303,1.090733426679063,1.8230126700246259,-1.7037900788869036,-2.326735144482365,1.1155231577382139,1.1092538322049375,1.2569791224373281,1.2477580289105727,1.4272925955569888,1.52189123813207,1.5566279019746285,1.4609816067340375,1.6126037996051046,1.9797206904738407,-0.20961295139626834,1.3687759081825484,1.7661605999472505,1.1016953786935517,1.9462164010065655,2.3451078150677613,2.890090927969818,2.1570740700729356,2.3026262146375345,-1.7652164410485558,-1.5147244973016987,2.2519357591365763,-1.8675032123915936,-1.8054348524209827,0.563795132522304,0.7931334480896453,-1.6159363262593247,-2.479077692312881,-2.6213786215694634,-1.9129205902110422,0.8978835169588926,1.2802455357177995,1.5584701500391827,-1.3182771395144632,0.19207075124684242,-2.4724198392667844,-1.7109180976221385,1.0813172443432093,-2.1690380686330837,-0.8306066096376336,1.3635351389950245,1.0935552096626777,-2.2685937484928385,1.0112124687505726,-2.250408786269672,1.814518361773043,-2.339665627010466,-1.9175144898522567,1.4044654434362194,1.517293204610004
1.042094518065895,1.0374366711668082,0.7886457620916925,0.46947344824993353,0.6510218867446778,0.843300662917586,0.8905776660358642,0.8460406481223949,0.8183574416951929,0.3483833026300593,0.5085805021070278,1.2167813699845003,0.9190139897656086,-0.49419626422080815,-1.3714588855663774,-1.906509076602827,0.898518897264258,0.9131348741447102,0.8247821692485678,0.8808496835212027,-1.2471567776285315,0.21457208548218248,-0.06303364736309619,-1.3750063530445833,-0.5272243195654641,-1.4505073793960233,-1.6674305552989042,-0.30963128475072355,0.8322140370089873,0.7551690733497919,0.3321745143846802,0.24733942991550845,0.23978155138542454,0.06497932161521945,-1.6862753908150563,-1.1340826417500964,0.9250441596114554,0.9563879026451385,-1.170021017580703,1.0239469663898506,1.0036116071996761,0.9619155659635569,0.8577842963277644,0.872879945844233,0.7411196632210565,0.803341807210437,0.9350485269401311,0.9724788631050961,0.9244245226603002,0.9692679561109869,1.2496102893730952,0.9778453673488412,0.9194974194767128,-0.8493434162701218,1.4027423051885402,1.6080220617931258,0.9069160216225511,0.9538085491660041,0.8226088295745384,1.0513442251979415,1.1145356651110132,0.8415486254938217,0.43986408804972665,0.9883709508582909,-1.5129485121695136,-1.603870500640335,0.6759163352693165,0.6829911556532023,0.8333244707150009,0.8301821602350029,0.3290608667602844,0.7159220656974697,0.34464000966555935,0.6986781584194046,-0.14429024683719857,1.2873124655271782,-0.9347675004407112,0.7385023746999348,0.7779538982370212,-0.04139340247314802,0.7614152811579704,-0.0006284038750085599,0.4079904184910846,0.38615433600669946,0.4524227514902034,-1.1971084348178047,-1.2387465914588933,0.676064646607605,-0.9005045648699368,-0.9540458809764312,0.7280383778882772,0.8631360318690438,-0.23403349990026887,-1.3085809642373978,-0.9289985863378449,-1.187052660385006,1.2258538192844783,0.6685288326668065,1.1111786198701399,-0.14883176493215278,0.32846650883295375,-1.2683040774896048,-1.2217367713313025,0.9283344979855099,-1.551143763064977,-0.6631244195274831,1.0180506003113012,0.8294421063897055,-1.0590866689324996,0.882805264938585,-0.8041678030337985,1.2924871782084177,-0.9408398407564809,-0.8087717126549483,0.35922704366861485,0.8054120285073019
-1.1056631309786114,-0.8905642109444296,-0.9182696384389026,-0.6825225482173098,-1.5820585061083736,-0.9281882790696578,-0.8639257727530805,-0.6454476810109013,-0.6403152171608602,-0.14551260676520436,-1.8355719088023597,-1.1297185703748331,-1.3171376309144818,-0.44241108066697754,-1.3489217086733403,-0.5709804023760252,-1.0786433841848053,-1.1029043264685467,-0.9196305528720427,-0.9746663735545597,-1.666990711817715,-1.1663136146560875,-1.0497804379723987,-0.5448033341415767,-0.7081820907190657,-0.41161431782239527,0.06573487073064123,-1.940822201598942,-1.28190741873649,-1.0962502514361574,-1.3804285551069915,-1.2605858532577003,-0.8164072433471785,-0.5540209950537783,1.1780758388634678,-0.46078832346936816,-1.237226514989548,-0.9907139906185117,1.6361986262755552,-1.15842484331965,-1.5357268534987263,-1.1128084343238236,-0.673182686990423,-0.6593867828600135,-0.6241230311216811,-0.580846105346114,-0.7399801559580258,-0.6291884010544408,-0.5368247661656317,-0.5914396715441358,-0.6336145293226971,-0.46520921986429514,-1.2509294165892855,1.1793952821260962,-0.8600181533016309,-1.119184594833961,-0.9393924019188178,-0.8483329565580053,-0.13451917943417802,-0.5343886204943228,-0.8544510024782679,-0.10983395815528453,-0.6125099038137894,-1.0658685272653114,0.9986700673423712,1.4896466277858098,-0.5036617447818904,-0.4933971128027006,-0.5824688733739156,-0.57084529410627,-0.9991225093544375,-0.8980403480775907,-1.1325565305018113,-0.8064691806498379,-1.433310389228354,-1.0651470694118048,-0.2515425599522442,-0.7831587063691999,-1.1104069419312652,-0.9434800630838138,-1.2998545370849064,-2.095135904740492,-2.4907122409381803,-1.694384214015413,-1.8029336403592688,0.9098451215652926,0.6272922625322412,-1.6560361350552382,1.1285740125858665,1.0428948831494107,0.056531260598116265,-0.11520107930083048,1.608030112964695,1.6263870207764364,1.9226230945604088,1.07105988664718,-0.03753719905033508,-0.944479121443553,-0.7431947646044417,0.9688267474848453,0.2533499884662615,1.667593997939495,0.8516957400295859,-0.3884886286859375,1.2521599101749883,0.5289041454743395,-0.6027938450332037,-0.3990210149406485,1.4858505382643854,-0.36518617073946924,1.6095352649297963,-0.9139840128766221,1.6213109491843247,1.25007217402447,-0.9945476162444346,-0.8481254957071274
-1.8915501275093143,-1.7493188269443933,-1.4858820075553982,-1.0042420305574866,-1.6619615772626692,-1.5516459327541283,-1.5714712600685048,-1.3907853878204748,-1.358299153272661,-0.5774542515750034,-1.7293868377528159,-2.081062369393582,-1.8643182036983699,0.23698858878898216,0.9127332049098079,1.903230078927582,-1.6975659813132558,-1.7220945513005332,-1.5331536147044755,-1.6249328255974689,0.41511529785681534,-1.0704443408363002,-0.6105169906400236,1.1780669443898237,0.08167058184091937,1.3331457824025832,2.0061133462444376,-0.801625203354624,-1.7368397489295067,-1.5508691758123587,-1.2392204522470744,-1.0757818903971583,-0.7807569314321573,-0.45235004692192576,2.613419407386647,0.8686907274470679,-1.8466593908430762,-1.7233728656268856,2.2445106812408735,-1.8783657658561392,-2.079372208637038,-1.802951069000956,-1.441806919727497,-1.4525549767304546,-1.2979958528376356,-1.3445917108026015,-1.5692034924876328,-1.5463940547849917,-1.4597620263798676,-1.5198334357888328,-1.7701391364485828,-1.34561702767407,-1.6249890518161343,1.7732668110644267,-2.1340380527323095,-2.451332825433355,-1.6495361852437451,-1.640438283389048,-1.1267030047320226,-1.5902021306784144,-1.8425209855723108,-1.1026342430877407,-0.9263177357381696,-1.7714421112178047,2.2987048570715367,2.6726532722815306,-1.1403824412143209,-1.1407520947867464,-1.346112641027431,-1.3442890787019819,-1.0841296695169589,-1.4202698315960056,-1.1022330435713246,-1.3670708443908013,-0.7331078762489677,-2.1076366776646007,0.9006661730963424,-1.3040848266271308,-1.5818913825515937,-0.4972349904737067,-1.6650322452157797,-1.1548356376951772,-1.8850041517172365,-1.415833226457732,-1.525066832563446,1.9812740922529306,1.8482991929364785,-1.7959009047747683,1.8241315846022463,1.7266927406681145,-0.9121090081329304,-1.1259685640913943,1.0720288652522503,2.4689557550914634,2.2011115261808163,2.024333958539211,-1.5248891642638114,-1.371663146630975,-1.75768430860922,0.8564890606530003,-0.4256596057811298,2.4497867084795155,1.9301216338619256,-1.2817695900937205,2.5427723958426895,1.1619505518441267,-1.6370005491681658,-1.2945386287153335,2.125316436334554,-1.2152384484566314,1.8635450695945892,-2.0689161912918714,2.0910347604983124,1.7244593636932997,-1.0605556431549708,-1.4999620808827225
-0.3693835189964581,-0.510680504702291,-0.3397409659998982,-0.30639355181192207,0.29849092208866795,-0.3592707785247881,-0.44628444771671055,-0.5543838192134102,-0.5350898486735204,-0.539828273755603,0.5006280092406123,-0.4193020601657534,-0.15332305216807945,0.35147626144872945,2.1330956136084134,1.903446361613125,-0.2890306872390121,-0.2786162212613855,-0.3541346025609751,-0.35539793039296974,1.917844917093459,0.11003939563708594,0.3119070325930537,0.9432106469598689,0.38009675212925276,0.9399408922394314,1.4306482942709797,1.114869497993793,-0.10793105826291649,-0.19786812372864945,0.2755037799110537,0.2412546661641908,0.018423534933805646,-0.06813224129059701,0.6100624483188188,0.5915183414555548,-0.2146280980754313,-0.39652363390339607,-0.09771994151055244,-0.3060601359867507,-0.0233516942237661,-0.31614300469841594,-0.5623390636381029,-0.5823086754794027,-0.5373870191532075,-0.6039161371753049,-0.565975596295344,-0.6588062970518861,-0.6813140413562034,-0.64284171721791,-0.4625750314334172,-0.3486030744963675,0.3008595564880727,0.2342760740382588,-0.7020209070186005,-0.5444595152726901,-0.4043283312686727,-0.493544790096884,-0.8489793635010905,-0.7554489822764006,-0.5914554066100147,-0.9025557822671134,-0.32233529922592696,-0.3456572187349175,0.2569197806525105,0.1062559775223159,-0.5629862025644025,-0.5762706129334849,-0.581829342520136,-0.6003123171813362,-0.042696185769133047,-0.323438985569026,0.12984357481263462,-0.4264861744814378,0.6148403296853104,-0.5220574112185298,0.7225089106963221,-0.3059846702789375,-0.20350640279515697,0.36473773332657794,-0.06060421924545458,1.0575648042535546,1.0989484354894343,0.47956390946375554,0.5404277461679386,0.6182085972077423,0.8251652355274691,0.2204143824601963,0.3679684045171123,0.34881672363636246,-0.9684643264734306,-0.9036003276420828,-1.1554803215231761,0.10082283373412633,-0.32098245116296176,0.45672644287082925,-1.2159223547413667,0.08800602109554148,-0.6555870919632284,-0.057633400536265936,-0.923797072604253,0.00900081371433286,0.6156780234731348,-0.6703498870568378,0.4333943923225999,0.1271972611461223,-0.7343100248348298,-0.7474643784687063,0.1125553620392699,-0.6472966015620905,-0.19698434663712894,-0.6512717093049236,-0.042805691523862786,0.13194778325739379,0.01781061114110029,-0.41568831594855604
1.581931427030668,1.343336928033517,1.1488087524162902,0.6680943527459854,1.669306108464057,1.2132979183885912,1.1858355801026985,0.9376428309345185,0.9206188789211178,0.1590085409163762,1.9303149978200818,1.7536502801245892,1.6581980808496497,-0.21485495239939642,0.2081295151997253,-0.9087875519932681,1.408529752006121,1.4322909041191068,1.2039791843415104,1.2941972209752501,0.6215940051135666,1.0178237637414795,0.5881402925552758,-0.8997656328785492,-0.0672253369571421,-1.0289584562410252,-1.1965201227190738,1.1837022161208275,1.5355340975819272,1.2948905519253116,1.2227878522672062,1.0257221025513952,0.6091906513930686,0.23693093721672184,-2.240986634352901,-0.739598608642638,1.619279573399981,1.377273518262827,-2.2312978630223075,1.580110587176663,1.9543324139800582,1.5089140444583593,1.005030346353309,1.0069256127776849,0.8752497749236177,0.8932494705908302,1.1401973640960388,1.0705604845203525,0.9914527626187171,1.0688330198839147,1.536277558211409,1.136065220286441,1.7465647501626531,-1.5763539640543944,1.6740039293510767,2.0989040941593453,1.3099080012312663,1.2443188863481347,0.5947419700362448,1.0840852100174807,1.4275587691298828,0.4980010844658923,0.5819514703789767,1.4342352503657514,-2.319845296303007,-2.7011758452162824,0.6861855187785277,0.6773914959040308,0.8886393749255784,0.8808084507042505,0.9449665954235161,1.113165304599132,1.0200270894703247,1.0133905773644387,0.8633065304504254,1.7100669601955578,-0.5411816525328158,0.9758364711126746,1.3235810500430776,0.5183485448748198,1.4794466961544808,1.4639886691059285,2.3249950840003324,1.4530075040940829,1.5937101697243046,-1.5713415206956536,-1.3059955887301695,1.7802654284884498,-1.550740437300377,-1.3972631014494041,0.28637223422876706,0.5142199079744837,-1.7238538030543165,-2.367795918501081,-2.284008402385201,-1.6804206848954693,0.7983713604577362,1.4996647673339663,1.2912576919117285,-0.7419960841624382,-0.13770364719428196,-2.439773937385572,-1.4963875247731138,0.7454172211071679,-2.3714262855808315,-1.3291257449408238,1.1738583065584356,0.7917558698205535,-1.9669875167164308,0.7050143962763791,-1.8349319406071263,1.6385900600776868,-2.034101171093215,-1.5380655875624982,0.9199731430926155,1.1557119890105776
1.6276192783310557,1.6298187708241416,1.3421734392052205,1.0300037816662784,0.9573814545816823,1.4006698936418884,1.4784593573248366,1.4339742163403557,1.4090912205777382,0.9366650714415634,0.9370429038899059,1.7469985352365869,1.4653503190647865,-0.31207263365563503,-2.254089395765886,-2.6563846042023465,1.4469047977370046,1.4472191008919106,1.3908083267467624,1.4445533931625965,-1.5529596129017211,0.8639404274488288,0.3385986735032441,-1.2812123006202845,-0.12297888533854072,-1.3800428600203,-2.4339944741804196,-0.14223759726794374,1.3336306869041745,1.295967019166425,0.7599765008228867,0.6805330140553,0.62397606450986,0.5062185314976281,-2.1741993368286145,-0.7278867935433416,1.4906161612172446,1.5332961239365108,-1.4037200675312322,1.5514765920181404,1.4714066233115524,1.524134415047731,1.4944619814419693,1.5168238432727166,1.401995586969797,1.4791810653635828,1.5775847193072174,1.6277188362660702,1.5895856785542024,1.5818867333813675,1.4624773173968761,1.0597616586958871,0.7460717602764703,-1.4987870015265146,1.9768237668138966,2.010772569692246,1.5083283551913549,1.55914012050755,1.4996962455596956,1.718417996394795,1.7651883592576787,1.5232934860310259,0.9971531702706583,1.515426910910019,-1.594004031902745,-1.7661846876690963,1.3070487022918502,1.3207743376423817,1.429578120397921,1.453870249336312,0.9518032839413179,1.3119293792799636,0.7523889616030707,1.3978418132216157,0.19773215957850943,1.8330661332704188,-0.9624130136941803,1.1644495568219086,1.3154177654429173,0.17724020987998654,1.2607985095657543,0.08044016139628972,0.5073427315853549,0.6815919514666365,0.6804490862550961,-1.8778836819005793,-1.924157814434766,1.1599983429989915,-1.6801791942856064,-1.493793408717553,1.471684410892381,1.5199856357958572,0.30159444721191164,-1.7664480058299052,-1.2884243011521985,-1.7446586526345305,2.023608390786648,0.9020708471965094,1.744453672535206,-0.7124722665158522,1.2271310172178376,-1.6995892124540128,-1.7880081701936155,1.3500792432019808,-2.064215418496684,-0.9914978238305202,1.7741441653740888,1.541361375241238,-1.5794106708723497,1.3208453449529483,-1.1358529553090886,1.9380393090799006,-1.466724969829707,-1.348076487014088,0.8108308316765592,1.4246133683189308
-0.2729119832416814,-0.022688775741659374,0.02708489452523054,0.33278574275383543,-0.7163194089550149,-0.01128162106243459,0.0610260967978279,0.2825618046498169,0.2805285482068824,0.706181531962256,-1.0670516828689285,-0.3933959690900224,-0.42631734115043607,0.35775009123195495,-1.5871890231308747,-0.7270801286986907,-0.18754104290423287,-0.20453061752239887,-0.01263966705672546,-0.06881503491255225,-1.4921522367528728,-0.14472975988026537,0.027351992689985685,0.5125699842325763,0.38746150299617965,0.5338785848891465,-0.45149877370328406,-0.8073608383445009,-0.3624174018309437,-0.1410180908685748,-0.3675431358165664,-0.20370775497697965,0.14607945016512328,0.43484410715199695,0.7166008917103543,0.6935943735635522,-0.3821618082617114,-0.10541895630736918,1.1809401646579707,-0.29463827103263923,-0.7277399459568521,-0.25076562857229134,0.2356895853332951,0.24564155224637205,0.31297782672603613,0.33173172872350765,0.14292123390242786,0.23368440363620196,0.2681013805325331,0.18449725579073945,-0.5783323552356057,-0.39067008086033833,-1.2022338547301847,0.38520026500237997,-0.21159949267439107,-0.6670567342386923,-0.06345636034351655,0.03537773424029904,0.558782284827999,0.24785497203560336,-0.05661606132367938,0.7144202060117278,0.39611655421787584,-0.15458165503894625,1.4958790895189455,1.6314373210257274,0.45404359853207776,0.4749397395920969,0.3144202995441081,0.3364722111625864,-0.03015727764628914,0.02478590780815801,-0.22493979320779847,0.16598339230636347,-0.31062826996573534,-0.2899029335302216,0.016837070658776356,0.08650726169168306,-0.161174308267297,-0.06903475365347461,-0.33900363049058696,-0.9183806198615001,-1.6358024687586392,-0.5816515922170901,-0.7389851278958142,0.15443146073464953,-0.14707646025296442,-0.7017839212583389,0.21709294434327833,0.1573660660413557,0.8766562937081284,0.7017521545555832,1.946413754647281,1.0565094898100396,1.2060600205536272,0.33086097822420996,0.6708295381355157,-0.9375371371854363,0.0750340148969578,-0.051714578510521324,1.1211457124135211,1.2301298490020418,0.13180917835723635,0.4104633637548341,1.056708312793503,0.98308932931796,0.17246782465041885,0.42746633274844476,0.6955431309241025,0.41902384154793754,0.8154792701076171,-0.1891709512267109,0.8434142210462107,0.3918809226356476,-0.07075900562580596,0.03595761765927452
-1.8743578954210884,-1.7215791814500205,-1.3940773445983565,-0.9037939712865277,-1.4391732441926464,-1.483805432840839,-1.5207506298421054,-1.338470430599325,-1.3290622469143567,-0.6044245460801976,-1.6862278463392106,-2.0424015489573293,-1.8134693356866862,0.541227471016631,1.416314988545766,2.293164369246128,-1.642929487482501,-1.646713728361792,-1.4780871257010648,-1.5609720950039936,0.622735894927608,-1.0834640952030112,-0.3803972221591667,1.570034365239583,0.2832852547231607,1.6804442578426007,2.259706030317183,-0.37876523078273683,-1.6221390105333102,-1.4659691349022506,-1.0468354845837,-0.8644987875902534,-0.5923981174869152,-0.3228087920690898,2.6532916109310083,1.0408630003834254,-1.792317338941382,-1.668706543088942,2.1404170634312427,-1.7918916492147712,-1.9637171354333198,-1.7409905940745802,-1.4434302002138713,-1.4617766292233303,-1.313128069310788,-1.3820704865265467,-1.5837719929152785,-1.5812847837030464,-1.5161077796099545,-1.5503800041495186,-1.8271961584515959,-1.2453681414327296,-1.4396308944982243,1.8409521039003303,-2.169820578351408,-2.466958091311436,-1.6319765241063884,-1.6210511139467894,-1.258451907163999,-1.659904902581871,-1.8940716724587696,-1.1957626187760928,-0.8450059814938472,-1.6821789277763284,2.482491527970474,2.754981729344587,-1.1233371856821404,-1.1314040227343456,-1.3189561150853004,-1.3409523935893968,-1.0838600673951313,-1.3788094227803533,-0.9322472572866997,-1.4199026225849063,-0.4381414063039812,-2.0654603416952058,0.8506351856548285,-1.1709020446440588,-1.4906684909611165,-0.2660990870861435,-1.537908439521994,-0.6573877991187747,-1.5198590018329547,-1.0695573942429626,-1.1430511184426362,2.0677485527279518,1.9255478900408196,-1.6656345699961546,1.9745954135045873,1.6688116071824006,-1.0550041465098348,-1.1791854473658148,0.7610149044568931,2.482917405909862,2.05843433454619,2.0030886062019517,-1.7369615304865564,-1.5470472853973405,-1.7842285730744354,0.7695119530874862,-0.7374299121551119,2.5486086217860437,1.9205670318994155,-1.1035041277883892,2.828575060158534,1.7731401558049642,-1.7848206544976661,-1.3657691021980105,2.0644525587982137,-1.1066866379560212,1.6358550253083102,-2.1390990962106446,2.0529195144747767,1.6412027460198007,-0.8881784229078665,-1.4776622652726459
-1.257451214074882,-1.4167146307248204,-1.2863985398395066,-1.2999179706009598,-0.5841576604017593,-1.2992378512250236,-1.3913341110255353,-1.498458254588912,-1.4914045739356336,-1.415753057237003,-0.3285696848879065,-1.2151835227528198,-1.0857424788447367,-0.3678973169921396,2.528269685810211,2.2143543125319085,-1.2160835120882876,-1.2047377501276864,-1.2930015380422883,-1.2874692015747744,1.8026806518734355,-0.9293870926055546,-0.6955113737665048,0.0812048649359667,-0.6251606249137158,0.17955547142485842,2.082397488083757,0.10133952437745739,-1.0464758760944277,-1.1755359040266713,-0.706377656793757,-0.7690706580279608,-0.9154759131544185,-1.025569427537696,1.1782152976988662,-0.4796179787812672,-1.10794770673447,-1.3107743435168846,0.35615206489456874,-1.1998519104807177,-0.8661304531109284,-1.1992050253289133,-1.5068753348540935,-1.5280184934331695,-1.5095727180172196,-1.5634933484895603,-1.495928095445239,-1.5771441081645041,-1.5538627217243908,-1.4885721263224918,-0.6746161752855104,-0.5161239633654192,0.21208001131648224,1.0872140261610224,-1.4456834700638392,-1.1227832848630708,-1.324916338819802,-1.416277074258848,-1.638844967661443,-1.6191959613993625,-1.4731646079536285,-1.7926005040579895,-1.3278689315751824,-1.2890453912617608,-0.06198758314319098,0.11493998014614665,-1.5363336611438563,-1.5693408539071243,-1.5049465514760723,-1.5448641658865159,-1.024741944892025,-1.2587591693221312,-0.693019293903496,-1.419050639822208,-0.40972275642805317,-1.3379458026541593,0.4203314234216568,-1.2133464577656676,-1.1648466109841495,-0.4504684514014024,-1.0263890015013934,0.010723619396734016,0.29135834641596436,-0.5573210453156262,-0.4121041452320065,1.4585081518054481,1.676925435117973,-0.7496292429265263,1.4037132657954878,1.241442256619479,-1.8484075270668765,-1.767748339051446,-1.5415939407727683,0.7748540175817217,0.3974750134743046,1.240234724619963,-2.055102224425278,-0.10476898017122019,-1.535914090272446,0.9205169223930261,-1.8915354654984455,0.5910679095695592,1.3688218639905818,-1.4487920939742114,0.8172994562766184,-0.08392593247034706,-1.613937815902894,-1.599550718063862,0.9407166806077726,-1.4583891270393148,0.5361814839786024,-1.4645585040419409,0.7765559594441522,0.9871485266037395,-0.8582930732994455,-1.3202457873943176
0.8943988271951734,0.6393640347370225,0.37809445724104673,-0.10907972251343338,0.8575505427561227,0.47007055670059134,0.4521324352370166,0.20403778841304576,0.21920667071111835,-0.4184091041743611,1.34001257466051,1.074150535621359,0.9466152335257771,-0.9860539431600001,0.15329749373556034,-0.8498963735258548,0.6882576219054136,0.6897956242729808,0.4716123397463585,0.5512788754315109,0.5229944654955659,0.3541205777678663,-0.2702471349677328,-1.68150091000645,-0.8480297173883737,-1.7030366709580878,-0.8469465860244765,0.19573331764804627,0.7539554895975397,0.5331520545238375,0.3857578781111808,0.15738396469934626,-0.18004127448057225,-0.485418271260305,-1.7396882575573176,-1.457358902031212,0.8872101134467257,0.6409123407596203,-1.7660114729452485,0.8231726193609438,1.1964252401490922,0.776839955454654,0.31948901717285466,0.3268777954214821,0.19536511511040078,0.23624760458439792,0.4675344611638512,0.421011270677326,0.3705866198728533,0.44147827548855506,1.3072934049828069,0.7488701177335156,1.45781190085435,-1.0167802926079277,1.078728365772276,1.6077693128016424,0.6118490524203658,0.5432257443789152,0.09830313263970487,0.47810236711570947,0.7987950614075323,-0.06641354343038613,-0.16745068468943605,0.6687307658658768,-2.5011922268166233,-2.5917640657476215,-0.017051217986422208,-0.023110314471845285,0.18967019314867756,0.19657960530917548,0.2865149282981277,0.39805145467113157,0.2922581295473183,0.3798317042300495,-0.04373599138124382,1.01855225410809,-0.4531347030702586,0.21238428382226376,0.5560946403527877,-0.19253182590635887,0.6803516706194928,0.3946925002833073,1.4709470730643266,0.4572955377608881,0.6122145416784108,-0.986399788726032,-0.7064777301161296,0.9904294577758543,-0.9834100894189302,-0.7128601173494853,-0.22637037260915097,-0.09120702959780161,-1.6503778120862318,-1.8463963263232828,-1.6002307722393367,-1.0235695650306424,0.32847724640676784,1.4847798037812758,0.6395310530431687,-0.01794725078140898,-0.4747848625711453,-2.094728412597484,-0.8609897930269389,-0.04576282059739167,-2.2984758330785455,-2.0850916366438605,0.6248473504767024,0.19088259873838404,-1.2664007003844069,-0.011276970866212033,-1.0450511897046928,1.0467881920302333,-1.37646522692993,-0.8037900420383778,0.10550096965003915,0.4495576500777822
2.0182358701970857,2.0128054160255786,1.7318841832267944,1.4507969868064108,1.3636890526741257,1.8032606375034939,1.8804552252920135,1.8298543839174877,1.8396032686924806,1.3313918420061766,1.3963597262601735,2.063976631402794,1.8978060010727256,-0.05556476579246758,-2.434679029963705,-2.7283296434860134,1.8579031085491857,1.8459429949198214,1.800254514059274,1.8411330490905213,-1.3739601693367072,1.3970555072988626,0.7690840315619093,-0.9039971821658112,0.3303054247855522,-1.0536078807912888,-2.732971509288153,0.29779443585329923,1.7427047510619014,1.7361653563050277,1.188499207652239,1.1129749762424845,1.0266198009533718,0.9396593885876126,-2.3924450202182594,-0.13778830146601717,1.872377755247109,1.9152228983423476,-1.5673320372884545,1.921345355814063,1.8264736544368656,1.8774339738352108,1.906816087459768,1.9338792706722419,1.8393486025737247,1.9149607573623253,1.9868778069638076,2.034036716256776,1.9696023154161364,1.9486479718204972,1.5734385945752893,1.053098346757036,0.755908924570458,-1.9083543046982372,2.2819275331347453,2.2760313720411203,1.9119050963327178,1.9563708255432182,1.861513489337762,2.1024712696567156,2.1720883645939826,1.9328751863696734,1.4491885286472228,1.9310109148183527,-1.446919821007162,-1.758188640718138,1.7321253896371138,1.7711938385791508,1.8170159930498475,1.8694572727612693,1.4248340540827344,1.7075160957780375,1.0228715664724528,1.854944815265664,0.6402713650726791,2.1577287186031966,-0.5623302697024638,1.590559134274533,1.7321089207481979,0.5269932216219394,1.6807911132681477,0.5341906964804672,0.8800430536001038,1.1164194570073604,1.0270198208481587,-2.2515061307243984,-2.2975908423048805,1.6195125124645413,-2.29020125215618,-1.8841106297272574,1.8702995201310912,1.8793637897655926,0.5416603292158972,-2.106481235390762,-1.5824576879801209,-2.0449811873325796,2.4313888532540378,1.1357243965635657,2.1237828984960787,-1.1515475352466433,1.800863852932485,-2.0733224723023937,-2.0453503228185386,1.590027049932775,-2.3267264581430553,-1.1417664797082747,2.193544697005884,1.8803036338938655,-1.9296428626167925,1.6356934299293568,-1.3427312143020043,2.2969638875186393,-1.8358832475040754,-1.6752264581712808,1.1074885927966946,1.7934352475917417
0.7335657461888684,0.9838890067714139,1.0856500389489898,1.3826112591410809,0.38040134487938254,1.0297995208164865,1.0921788989672736,1.3036133994851784,1.2723635022927686,1.5324600096672543,-0.15951221558586326,0.5872545389599584,0.603897485538395,1.2856153025024222,-1.7317278940016083,-0.988590468447706,0.8408384969821477,0.8418358291469317,1.0249299147537463,0.9766833354799261,-1.3709438527117943,0.8541385233643171,1.1348551459395742,1.388294835922506,1.3813431822976068,1.2729170574327193,-1.1066229181331388,0.4101616634236988,0.725141071739997,0.9275659337285395,0.7535463536030563,0.9415130047902821,1.1810093732745701,1.393824815469544,-0.07161735347680033,1.6410353990066555,0.6728515450423354,0.937222326741215,0.5319449615416997,0.7700106620775722,0.3455136470387446,0.7822344651632924,1.2234175341047477,1.2312583373643258,1.2998453170257986,1.2996669196240094,1.1256338699325252,1.1923890361200884,1.1983672412795816,1.1165502142800436,-0.14553865451418713,0.16246473924191057,-0.8133661961057873,-0.4805230082095119,0.6920420429089642,0.10843570987863783,0.94811100550274,1.0424686102167435,1.3488718213028947,1.1698976702718804,0.9043083830195469,1.5716411380543363,1.422286112621951,0.9215051020358622,1.5642340033019502,1.336233288413024,1.4465033447105258,1.4730392762326108,1.2980738944908699,1.3174367716648292,0.9343704147207484,1.031667245442755,0.6912626779554566,1.1033507774116782,0.8378393115445162,0.7028220255972579,-0.0056254168262815365,1.1508928880821756,0.909415254522672,0.8434321957875524,0.765599943780928,0.39223397972008334,-0.5260906442765292,0.689912916976434,0.4707946656266631,-0.758352033191115,-1.0637369599415512,0.41473050155502544,-0.7593309335362428,-0.804314388310361,1.669195378435653,1.5830964947020167,1.9384958716113716,0.22515320236701286,0.24825833762248017,-0.6168722916469729,1.4727958317408238,-0.7006368705156347,1.0406069018921218,-1.0413356558719615,1.7801544901059498,0.5756678133644988,-0.7736513006090266,1.4177176613965463,0.7182371377056482,1.6365543218971756,1.070885175109284,1.3134823191222458,-0.32227658741764414,1.3979843283814768,-0.1980569843712784,0.7324710389707232,-0.13087843585975387,-0.6284969097738313,1.0024724539333132,1.04346148437265
-1.4272583987571579,-1.2544200928789975,-0.9137688528789047,-0.46126657370412233,-1.0427814217449036,-1.0243533661089403,-1.05974397604836,-0.8763617067473732,-0.9198095468409712,-0.2545745515578494,-1.4534577423885278,-1.5459194656808983,-1.4055262701712086,0.9338175632484554,1.2184780118927045,1.917497639601261,-1.20329508552736,-1.1838179443958923,-1.0291468911760344,-1.0938879557706969,0.39116559547093976,-0.7921445278773296,0.04024623857531886,1.7789909567869002,0.611698348385204,1.8681264795966857,1.9232292135973121,0.03023072578544286,-1.1669401853713475,-1.034672783173514,-0.6120442791356021,-0.4160453333145524,-0.18553857920727013,0.028345132287516336,2.2083964533328753,1.1269597689701456,-1.3231379540977564,-1.1892393499554805,1.805750369557254,-1.3028992134257797,-1.4917211340472127,-1.237896852533129,-1.0035717561234505,-1.0280258711002481,-0.8966161668029115,-0.9723136912196605,-1.1451372973520615,-1.1505205852555436,-1.083279009771313,-1.118140438892504,-1.623329031912933,-0.869448004559013,-1.2258996147751713,1.4927290336095074,-1.702109283721583,-2.1052762116225683,-1.1846714509212413,-1.1650851379731761,-0.8957151350528784,-1.2376294678902768,-1.4847616867429032,-0.8290737564569011,-0.44840978028029743,-1.235191808168982,2.395382784880688,2.5269105791142916,-0.6970584662836279,-0.7307615229821736,-0.8607715439331983,-0.9116526653355578,-0.7443212678498184,-0.9231587702602007,-0.40945146545776956,-1.0295975011892924,-0.03333988013135788,-1.5794630300981771,0.3605220446890289,-0.8036558050739516,-1.0331786561420353,0.08755762124176206,-1.079377842948016,-0.22781728122798828,-1.1632837915130332,-0.5882216188670014,-0.5977611305238572,1.6346334662348179,1.4951932524644855,-1.2721252158386038,1.7895866390210644,1.2598461302464117,-0.6934994690366403,-0.7434480898755683,0.6941350854153026,2.1615325646759276,1.6339033469094966,1.501651114830392,-1.3907094161825357,-1.6278283448624769,-1.3314198848998446,0.4001443573333949,-0.6577267241415202,2.408318252316241,1.3745141207495188,-0.5480261640174731,2.690656220455357,2.2234233742662286,-1.402778093414121,-0.9091904145845557,1.602448747370946,-0.6280891107765073,1.0426706547208775,-1.7064220735666311,1.644034002258586,1.1321933084998204,-0.3100475399063628,-0.9933848070476754
-1.8798862293828038,-2.0137944269381047,-1.9199313955845587,-1.925199735878442,-1.3286476199501178,-1.9276039549637667,-2.005722705595332,-2.095634215684927,-2.0710641404571724,-1.8710983042739209,-0.9984568631727817,-1.80560679278011,-1.7427954255717029,-0.9618199231862723,2.451924889801818,2.1966013211303643,-1.8494946419845484,-1.8469312083266887,-1.9272098556373451,-1.9216830232241207,1.5158492258821359,-1.6129195095517925,-1.4019653342202425,-0.5149070205644399,-1.2484423536892584,-0.30601962744997835,2.450850275656598,-0.7406055989866879,-1.7342483548532193,-1.8418219153286457,-1.4385906202073535,-1.5071029951338593,-1.5621207211950285,-1.607366992095437,1.663361042704831,-1.1796182857677593,-1.781704644168303,-1.9460154604814999,0.7821830938172004,-1.8632277771393109,-1.5761632335462468,-1.8260481823659962,-2.08487663304536,-2.1069644936428156,-2.092960095182552,-2.132964900143155,-2.0760716120450127,-2.1363101447563304,-2.0977088575438794,-2.042574063607575,-0.9987271150859298,-0.9007048469114362,-0.10755052415330406,1.6182226257281358,-1.982201399475411,-1.6246168781452561,-1.939778871220312,-2.016302554977975,-2.086643595417837,-2.162637346075995,-2.066876079661558,-2.2776050413149593,-1.944056828565202,-1.9659011132307262,-0.03894050160973622,0.36093408998101073,-2.1149391931960397,-2.1617241518199553,-2.06815794707167,-2.116642488871951,-1.6436092382726177,-1.8587143841727916,-1.1722993540410782,-1.9598345647840025,-1.164410497436309,-1.945482460889154,0.24939462389599923,-1.9353769362675055,-1.826963144418413,-1.047710580857392,-1.7287755191238658,-0.921233648855116,-0.5400665045974138,-1.4143514871856064,-1.1776529863681633,2.003894013410951,2.2163132291078154,-1.5162401585145926,2.1264948188612784,1.8258565156277633,-2.2633558591611824,-2.2456016874819555,-1.4138763221639112,1.3509297469274146,1.0477387867680945,1.7966851057865,-2.511574662894442,-0.4080359155797992,-2.108283730911316,1.5408210475206918,-2.3021678097301717,1.1090443928148248,1.8630581629114635,-2.0004734771438946,1.034399673772835,-0.4413225002224928,-2.16896540750759,-2.0933164130113484,1.6058981320261616,-2.058388772735587,1.1383762150237366,-2.032598390361494,1.4243611343370082,1.6060167904877447,-1.504529008310976,-1.9179406848810794
-0.13837158629501628,-0.40503903726954754,-0.6920465863342851,-1.1287389201618163,-0.13647753890625566,-0.5790001427728019,-0.5933093289773488,-0.8286852337315583,-0.7487892713886602,-1.248092214819067,0.5537795475516615,0.01497953127674863,-0.061387490319785194,-1.8245270251085273,0.5113474738962015,-0.2525331108571462,-0.34515984318719983,-0.3745138313237218,-0.5683914338513366,-0.5090141068082693,0.6544881824086308,-0.5412609074236941,-1.2887466036835296,-2.305838495351644,-1.7210508141943766,-2.2534559639962324,-0.10930860420654129,-0.8643884949619142,-0.31270603331358165,-0.5098030457457207,-0.6697430664523217,-0.9169495939321758,-1.1458495029418012,-1.3695034043276333,-0.8239046918996761,-2.042811097390361,-0.18553485507608514,-0.43144180768751295,-1.0572858401688057,-0.2656134777496098,0.12091396485327628,-0.32006858554554457,-0.6920293063143228,-0.6783752922144691,-0.7959294948975161,-0.7410135028665543,-0.5441570316258465,-0.5699316677291908,-0.6019954433128129,-0.5248587142369111,0.8717675000190962,0.11542591388217145,1.040631757614043,-0.12658421118162272,0.08400024304508713,0.7962704950743379,-0.4220655536844588,-0.492300388996258,-0.7328243534302187,-0.4813100073152107,-0.1724094781281372,-0.9309062830110064,-1.1326803881481573,-0.3772502809468447,-2.3959238654917683,-2.1521883543577554,-1.006873482436532,-0.9903048171890697,-0.8283650741674117,-0.7958462215778253,-0.6263741354246297,-0.6361027078279609,-0.7556905473422321,-0.5823673569321743,-1.0559847391995703,-0.018416377514793487,0.022177606220854174,-0.7146276384086863,-0.5112642679369652,-1.05625171356146,-0.4012457760633383,-0.7145939117614672,0.5144486643675459,-0.696125343224087,-0.5708328339058764,0.004306427444321593,0.2633864081367149,-0.04348821543716274,-0.19179561579677878,0.2521984992457263,-1.0614424698049307,-1.0312114649724857,-1.6009812832834414,-1.0143092297837648,-0.6358459703933494,0.02605169995503117,-0.5064880551931684,1.3725433738137418,-0.3749221427907721,0.9219290608713906,-0.9745426149289397,-1.517982257752479,0.22270550434271721,-1.0957106011252011,-1.8297848337162956,-2.6534152560995037,-0.30629335487935144,-0.7762518031597166,-0.21428496808633257,-1.033267370956509,0.10658535903215423,0.06977732388174589,-0.39194861369120726,0.2845110632982782,-1.0787168441208081,-0.6139852880802178
1.6865243829249295,1.64067496808831,1.3870198403402907,1.1288669712961505,1.2187677890275208,1.4647129541353352,1.5234021248951972,1.4631405021596764,1.4755263159649588,0.9761788566305788,1.3227412820794666,1.70175123134053,1.6142410900002204,-0.15246080909710802,-1.8764454632801297,-2.0841770714968084,1.5321475398485507,1.515708476321563,1.4761079707954041,1.5017476654083743,-0.8959700157858567,1.2443915590390515,0.5760703707718994,-0.8375504607597783,0.15072826786700563,-1.0259595687109164,-2.3635393910439766,0.2492106383342742,1.4563440787049304,1.4352764431247735,0.992493539235139,0.9039178192776822,0.8094506293303722,0.6971427071166294,-2.062431358331961,-0.02723855991111048,1.5879479037619195,1.577172424720423,-1.3865992314401994,1.613051005153573,1.5957508544534262,1.529137895766884,1.5300754077531618,1.5603511844884665,1.4778178939058242,1.545491088993514,1.6117090328585664,1.6498434312487347,1.599053266604968,1.6043259855322762,1.5248285232871166,1.0067051902110415,0.8281069689836305,-1.5619019256092563,1.9058420596885342,2.0278455444930956,1.567157589570955,1.5924738718069953,1.5027515616290683,1.7372307821137747,1.8425387080789009,1.567467628782331,1.1445388708294957,1.645751740961456,-1.4354620116912913,-1.667957758661382,1.373487045391068,1.434075589208054,1.4275239505760466,1.4981854067596585,1.1901565710394428,1.3614360730415325,0.5838935326446696,1.4598037975688702,0.4934647905004636,1.8328061984481598,-0.10417733820280742,1.473995221066377,1.4181369832527901,0.4135428391993061,1.4081240054336104,0.565107278397733,0.9232927854848922,0.9949095308406268,0.796874105593392,-1.8652637828212748,-1.9150770030357962,1.45662002330909,-2.196457406816676,-1.5572820903351166,1.4471986804658856,1.4655747821862053,0.28205383694755665,-1.9060607793614197,-1.3999692179072702,-1.653466342331974,2.035198103511161,1.311964756670221,1.7520613078999274,-0.894186233299084,1.578285520526223,-2.007040399272844,-1.5842278912363756,1.1939041875284595,-2.027226614267513,-1.1327483906504605,1.8649670291107587,1.4805198720658936,-1.6714793184282242,1.3735672580949438,-1.0018956543493112,1.9640173722985754,-1.595868303126302,-1.3333507691883066,0.7943444581863619,1.420745680740407
1.501660458405604,1.7447057855218475,1.8921030563432337,2.158408191925016,1.21013801853405,1.8176224400740393,1.8650745944157705,2.056618745241429,1.9613430839929877,2.12130593067854,0.5201899353541238,1.363423256597796,1.3779334876093776,2.028346259736453,-1.7319165211615257,-1.1825280014356985,1.621504356371602,1.6532460098738757,1.8108022865253963,1.7736425612201387,-1.1959207031649963,1.6058619865664525,2.0016921920071806,2.04803956645456,2.141389058171416,1.8678361584770833,-1.5186491280747525,1.4180150439845123,1.5538954183254767,1.7345981663667844,1.639412790457959,1.8426059562230033,1.971980478170676,2.1072866290144647,-0.7116727078947569,2.240681974000872,1.5034733470035315,1.7432978451134056,-0.01277474880289695,1.6040041603429154,1.200605202310456,1.6170604672010807,1.956261560107531,1.9577506635712953,2.0233965431069065,2.001944113729764,1.8561014708635242,1.8945750092246505,1.8832510973084338,1.8042965790125909,0.140717055007793,0.6564825437486194,-0.4184925962197943,-1.130041030370637,1.3856166766011548,0.6713402680182485,1.7163305962471638,1.800529144488426,1.9014065983161845,1.83688650295867,1.596371481453414,2.149982635791054,2.1498287493553114,1.7131040487903129,1.5226172193126977,1.018085529817363,2.168973452269022,2.1780422556757206,2.0334863855197667,2.0326486141276097,1.6617299937347718,1.8123108164038433,1.5023723090849328,1.799223194234155,1.716604299222565,1.4538567253017638,-0.24965039203413078,1.8928182217384137,1.732468900951236,1.6256326932369256,1.6218589085271737,1.4581194014675898,0.3845364211765286,1.7033083057433873,1.4797959819605027,-1.4608459200909554,-1.7309125272929695,1.28049139766909,-1.3803377775682666,-1.524704326195665,2.207243509050638,2.2234294883037555,1.732575769143712,-0.4091283158363593,-0.531976783279626,-1.3730865223762383,1.9911885049415703,-0.5681511916931375,1.764875265448709,-1.804156270336116,2.0706362728368246,0.1251740020997047,-1.5514294750259827,2.1508679618864477,0.43733260055769974,2.1334420189232297,1.7304511132909641,1.9864924770191648,-1.1458385431815477,2.2044100435072047,-1.1142178487305296,1.4256437687864134,-0.9048355416092851,-1.4615864847951185,1.9845121329194915,1.8326735536828722
-0.3611355235001671,-0.15002000560971399,0.17984505517489244,0.5798610328846957,-0.17682741987328843,0.04756820784368001,0.032691740155956946,0.20978617463695637,0.14029908734696087,0.6759143845084076,-0.7502655913066661,-0.4545294321568158,-0.38875850870580414,1.5950630412120974,0.41952745507806566,0.8937752697821576,-0.13792116909696664,-0.1012422584228384,0.023733170606965132,-0.01004182126139275,-0.11211508773901498,0.018042993830641778,0.9530754766621715,2.1761380530087453,1.4399081648348349,2.242106779469764,1.0620543159132358,0.8667909104083257,-0.11376836189836345,0.015242792368169467,0.3274400796249456,0.5521798413906813,0.6925162295266343,0.8922728060700148,1.250412689509997,1.505381224731882,-0.28610902308463965,-0.1051443481670151,1.1170764378530995,-0.24365030427179515,-0.5015842795800153,-0.13153422749317428,0.08388173075901496,0.05364882609797906,0.16891721038282373,0.09158341444244955,-0.055992864417688526,-0.07165112546145172,-0.04873967467870992,-0.12285691425376323,-1.3402129594512933,-0.5347414505050259,-1.1071789074402254,0.4408770678329858,-0.6454848941513739,-1.3013496760037007,-0.10818981426734708,-0.07536399031340538,0.018292508003970236,-0.2173227893293029,-0.4674034323861786,0.12102872281836452,0.5442515202678252,-0.2179922320184631,2.3201564801150663,2.1418852301467144,0.3526966387699667,0.28857713056891754,0.23360805310029537,0.15472788079254593,0.1448646675748661,0.1394881945363476,0.7554753116788112,0.06745330632779463,0.8655461043248591,-0.5546282647100519,-0.31841853553824184,-0.06041837927305084,0.03903264950253008,0.7603124870866577,-0.03852385076362691,0.5177172125918241,-0.48847746149950305,0.3405174717209868,0.46042400532311056,0.5414644782256126,0.4326333548795683,-0.3423802857972117,1.0598513056170764,0.21315436864334453,0.2989623041330721,0.29584403077990573,0.9000827232275549,1.3249975236563394,0.7500846749007587,0.3786186804804402,-0.4052540403424443,-1.6967098539963603,-0.2616560501349905,-0.5775149692798175,-0.04048090716981784,1.849470150542146,0.18465865446388777,0.5513674702010352,1.9777834847684415,2.4837150170060913,-0.4314111841759913,0.1388003405417714,0.6037876589841046,0.2701036202335174,-0.07121901147033788,-0.7076071891290269,0.6766647320146244,0.028053392385005784,0.7608777053568823,0.12729129103399345
-1.6874453807107421,-1.7971383339364055,-1.7732094006887993,-1.8048655021489457,-1.3530173856551297,-1.7727757532684232,-1.8181016221702873,-1.89508500514046,-1.8276651731033726,-1.6873449072597895,-0.9950002455511371,-1.6083333556978108,-1.5958601629232354,-1.176245907542873,1.7472270586866692,1.524510149094222,-1.6876451610510088,-1.7057457223745969,-1.7832378594388065,-1.7633257195328453,0.9363242288783581,-1.6182177254334498,-1.508090092877414,-0.8978867400360295,-1.3605298025044705,-0.6880930028615813,1.9834188331025515,-1.0604823986940326,-1.620457843819564,-1.721567342016339,-1.504625759683134,-1.578123560799302,-1.609788254164573,-1.6145810823765723,1.3956788375143465,-1.4141806550083438,-1.6701378219685725,-1.7863702680070506,0.6587725718025272,-1.7443899459218242,-1.507639147237842,-1.6911985152716797,-1.867018918954832,-1.8830579526277595,-1.88424843129146,-1.8990182372950182,-1.845829478987878,-1.8832827684101994,-1.8587376674730562,-1.8304307722501256,-0.882109211374882,-0.9916759373047076,-0.30629667636963354,1.3485485372167194,-1.710783196375768,-1.377043250144455,-1.7546187480542754,-1.8114034988341337,-1.8170434328386817,-1.899914921501239,-1.8111797625098138,-1.9947435161182272,-1.8049272739781959,-1.815743137226061,-0.1937340719295714,0.23479640976224236,-1.9230164887984897,-1.9621588058283543,-1.860613658672381,-1.898264345756916,-1.5834173808477845,-1.7230640896479779,-1.1152940740663024,-1.7202538949385573,-1.2782599076701078,-1.7395329713081198,0.04891326326188078,-1.9221167944939996,-1.7051778680365037,-1.2883283316641716,-1.6579006829216765,-1.312315752179888,-0.7943827950110343,-1.6000569201192916,-1.3135221039940503,1.7267188763887558,1.9055269630988945,-1.512499301779793,1.9234183655329966,1.617045638986867,-1.9472777493107039,-1.9870577231752682,-1.060879330735286,1.1564486627805934,0.9932432017611554,1.5584450737737376,-2.108767087594289,-0.421494310075639,-1.8700063167241694,1.4783458216350644,-1.967240706022897,0.9139308369677782,1.6359829906458825,-1.7787061389827765,0.6512532593849069,-0.7550048910268378,-1.9214423182092972,-1.8511363963217906,1.4997484059888675,-2.054147338851377,1.1212758350093577,-1.7859960900989325,1.301631058796331,1.4814911052922415,-1.6283514307453626,-1.735706718894438
-1.0048727461861615,-1.2937132075791424,-1.6077797016683175,-2.0086520848703233,-0.91413689292879,-1.4581798268409756,-1.484309415466598,-1.703718082070697,-1.5897355595689793,-1.9805632467073722,-0.08052598915102305,-0.8704647184550178,-0.9028508172001848,-2.5199142018791743,0.904002665682989,0.3827967198727205,-1.2288345631106623,-1.2791167231274856,-1.432459994888556,-1.4043506113928286,0.880269447070068,-1.222989509830092,-2.152601279696491,-2.845425827514083,-2.5396811090055187,-2.7739727436229096,0.38605135731700596,-1.7910240742861978,-1.2130709949543357,-1.391629659123322,-1.5252600754807148,-1.8099838309234628,-1.920799619844255,-2.1254724337587425,-0.09541666241933985,-2.4608676759574273,-1.0546744872895486,-1.3206541914041405,-0.47761834151405946,-1.1424823868031297,-0.7311582421975388,-1.2479412990530696,-1.5589718078877697,-1.5357993771465748,-1.6463174544209984,-1.576682844854266,-1.408677800413324,-1.4076549227387907,-1.3907327732419503,-1.2786522929584174,0.7914568750075923,-0.0727279305940828,0.9742729440468803,0.7657012563610359,-0.7262226819322344,0.2318897548752455,-1.299669611494227,-1.3679511020465678,-1.3791316685059083,-1.2380152034858944,-0.9455154165481243,-1.5996855604130826,-1.949984877921877,-1.1935229031014913,-2.408020567300879,-1.8788698116904123,-1.8436892432072367,-1.7892344634178639,-1.7069702756065077,-1.6377923159289776,-1.3644387847472135,-1.5139838920686692,-1.8431804676296883,-1.4687118007666506,-1.9522580161850216,-0.8137317019920908,0.6375122806805288,-1.2855549873693888,-1.4171639321195877,-1.6959828216867199,-1.2970520990792893,-1.5141833616290796,-0.21450558521239244,-1.5873234796567837,-1.613873296009821,0.8606388509144206,1.0589247200270904,-0.8717225746203627,0.30335261921397927,1.1324154078393036,-1.7738934865319005,-1.8096776223995483,-1.557866280461553,-0.33970863119162775,0.15850808069699854,0.9433328123974868,-1.1693896593507551,1.5326656864574255,-1.2000798175932939,1.8239212340211914,-1.2959214725801407,-1.1122994911966249,1.199511166737441,-2.005108511682506,-1.3241054718279475,-3.0317574008857915,-1.0119087215637332,-1.5856636327215636,0.6257401361697398,-1.7358745470969195,1.1377763454299699,-0.6704933385017019,0.4427432539700031,1.2454227488653902,-2.0596875503907244,-1.5511209370114696
0.7779241872680769,0.7012963753173305,0.5246140621970119,0.34175202461911913,0.6211756711491834,0.6166983079020616,0.6257079298588707,0.5648515209274685,0.5670830851376777,0.2727157714336542,0.7862525060764409,0.7790247767739616,0.7779751364605031,-0.3592217402024869,-0.7479311092113091,-0.8284730498832178,0.666252013688127,0.6567872767012612,0.652910248537698,0.6334943237674446,-0.07641553857212849,0.7140162315734206,0.09260850980430112,-0.7132685240022658,-0.25431655400484415,-0.8507180865364397,-1.3171691088932167,-0.04901813570937773,0.6201971063483082,0.6202972166946156,0.4307388288585403,0.3339442119101304,0.32758526396466897,0.20945249735188518,-1.1088611189632964,-0.05547646399203447,0.7632261100684908,0.6950123813721394,-0.6873481950305659,0.7826378297379888,0.8044775731561229,0.6527518678868403,0.6242662537103147,0.6507696892492597,0.5967475831926786,0.6428196670193794,0.683993232975289,0.7160539788572936,0.7210944073862103,0.7778914742396423,1.2289599571646896,0.8994913701858382,0.9283441770931757,-0.5552743531721646,0.9386231003901171,1.2160564801762266,0.6784673134839699,0.682828262488272,0.7095202831351808,0.8374117156853267,0.9131700436402053,0.7258479691992519,0.38020240352432605,0.8065160287711738,-1.1041766190015656,-1.1926553395511803,0.5275435596139936,0.5960585094724234,0.5393312131011999,0.614221577464476,0.5654600667669619,0.553953043588584,-0.1792653534766329,0.531795675627274,-0.02761267272677984,0.9324231029813147,0.5288298684066892,0.9613979600998576,0.5791302210198414,0.27062068460596606,0.6287728708952903,0.38975056810968284,0.5890580113714816,0.5213769748817955,0.20355803863897565,-0.8631423544755596,-0.8957144131439806,0.7597570388048803,-1.4027104358911175,-0.6081747929203944,0.5796040016821121,0.6002947983970311,0.004369378411005492,-1.053466389708668,-0.648852053727488,-0.6488113851029017,1.0294270978998146,1.3157346652734554,0.8277350950123961,-0.14479768417047087,0.9265902771444214,-1.3052690439636836,-0.5803619104989102,0.25790891631646706,-1.1252059729812183,-0.9810828697549979,1.0014330214205138,0.5900591544270485,-0.835725300479881,0.7961298997518254,-0.19084043588327845,1.0576246204120285,-0.7542396062791855,-0.45042694889829243,0.2592242747172231,0.5006824116809745
1.501279889369875,1.7444591430366325,1.9700388252326566,2.2625311334101155,1.3251447078543157,1.8587983987092,1.892976661644929,2.0694524082009353,1.9627072353504271,2.173361144840958,0.5810742465436877,1.3737924340873857,1.3979166405221732,2.3971230044558416,-1.2907125436512692,-0.8857179073168341,1.671166078304772,1.7149376097030067,1.8506370679336372,1.8216107799053505,-0.9347844334563733,1.6321429574790205,2.283118877941406,2.511275155170168,2.4923247754715945,2.371308965694585,-1.0542295309101404,1.8899850932361066,1.6362560004084243,1.8001272523848808,1.8315433680841742,2.0706242542054327,2.150234054903755,2.2931182630930644,-0.5630570703586524,2.4258123862433933,1.539476723050059,1.763664557670515,0.045476652811142916,1.6329506445906412,1.2441929017337274,1.682040954869846,1.9584986255155028,1.946475978135272,2.0262352213540193,1.9782311007767721,1.8425633112368036,1.8494552508952513,1.8221036529214185,1.7325796784722074,-0.1930290663594854,0.48757469770690115,-0.5218617706641313,-1.191622752901618,1.2984013766977185,0.44965615377915547,1.7408454503341513,1.8038854553522268,1.7749747110808556,1.7203609595594096,1.482577702906614,1.9923746095880313,2.21047978059593,1.6762138714321553,1.8028283779483805,1.1915916737691377,2.1770873843120846,2.1480438339905357,2.0640132122575086,2.0238657477250785,1.7105525084145152,1.8802891086676587,1.918468326390904,1.838901566472457,2.0473206432551327,1.363567208870923,-0.48389681537783297,1.7838844230651432,1.8105017958602279,1.8696945298661645,1.716541238063212,1.782717984966256,0.6306866841723179,1.9400741235945966,1.8670256048553733,-1.3996080981401016,-1.584138970972157,1.3535856370515402,-1.0125893627550562,-1.5512918094174162,2.1099056164999603,2.1643746592088795,1.4752782029332627,-0.30120412174555167,-0.6038135032040131,-1.3848744079483044,1.7311296564016323,-0.9013999081966959,1.6956291453559573,-2.0046936739391032,1.729208741134003,0.37954739645511465,-1.6110169980708116,2.2260979985488043,0.630682721954554,2.5243219170040865,1.5682067193490596,1.9486977129653138,-1.1492799285706679,2.1489353086033587,-1.382569125940423,1.2718738330401822,-0.9462420367930389,-1.600527704328072,2.2786812028953825,1.9094620392106567
0.34752499141115856,0.5801756220839591,0.8576446839447276,1.1844180062946026,0.28249572172223386,0.6889650133266141,0.7234350397453212,0.8934717323942825,0.8175033039219924,1.1508007527953275,-0.34188404966967634,0.2757955820512766,0.254135500060355,1.7548526282314263,-0.4093694520792838,-0.11612428888839349,0.5363333916051254,0.5720710902339812,0.6329190598141227,0.6592863364811342,-0.7996095794557465,0.33047331626321264,1.3172979543231984,2.070548953089166,1.7690309177700518,2.1032122626285616,0.34452922843825123,1.176060641174414,0.5578358793655487,0.6391199946400349,0.7414309193578945,0.9809237590440807,0.9857515242362525,1.1884606758889376,0.47793419619228583,1.3988639472531608,0.35363846867325144,0.5789629470500768,0.444586830290786,0.38717388468279146,0.14132141721420508,0.5736612998662173,0.7630116643411989,0.7315625844038778,0.820823074357648,0.7542457116193919,0.6450774090737553,0.61772970180968,0.5676866506263464,0.4356767552909365,-1.3196326991968632,-0.6585875899510262,-1.3307715717691149,-0.45140381889988446,0.09099246463734463,-0.725053270635135,0.5737248646788001,0.6167899463759073,0.5136098187134316,0.4048137968050535,0.2091381164750558,0.6567847129070831,1.1014558381597765,0.39849105138634877,2.0062501595839337,1.743612393814837,0.9673348459104073,0.8790743407071008,0.9009829064867869,0.8007839431449679,0.5610180662950666,0.7437398193444384,1.4788565762567814,0.7928490652910416,1.3307789118600624,0.11720524786000842,-1.0916547030509982,0.16801037792645576,0.7030411908588212,0.7529331334013026,0.5710710099017836,0.6204123060762794,-0.16348726562224453,0.6862368298003099,1.005663098792226,-0.24559319156186324,-0.3435820648179499,0.21560012008364457,0.5542789475852381,-0.602934224065666,0.8683344221230279,0.8863812279456613,0.8870948475193746,0.603851850782898,0.06057520103447017,-0.47033064572104627,0.2656734195056364,-1.9058489285951041,0.41383643222670846,-1.2539842649565454,0.21755673753187632,1.2908651830332862,-0.6697791472832122,1.321562541743829,1.193619987694499,2.378542409344715,0.1382950586327459,0.7946236157590127,-0.08462827472023861,0.6100619623968321,-0.8743985853083885,-0.06673431907043262,-0.048182381926536386,-0.7396991248560737,1.1576537476828026,0.8738106652607784
-1.1310458268902774,-1.2281908628885136,-1.3252984575930358,-1.448366241419974,-1.077852897034547,-1.3044983195296507,-1.3053713613937061,-1.374376300307715,-1.3360954667514686,-1.4052049165946652,-0.7103548277719958,-1.0480636118868139,-1.0997945119148778,-1.4223115600487417,0.7380312346373513,0.5510549019019847,-1.2174430824834401,-1.2337177179420895,-1.3303967847813378,-1.2843815731372428,0.2920668593222379,-1.3043864404481755,-1.487580382028394,-1.420269879700152,-1.4876662561804594,-1.2937812411541756,0.872152157140305,-1.2578676446914074,-1.1804457695754087,-1.2863244897718131,-1.3248987883012184,-1.4302312245951845,-1.5124692720437443,-1.5508177566397785,0.6062024961197747,-1.6032741999802296,-1.1718952992373182,-1.2500032707818387,0.04743291238121729,-1.237788536216347,-1.0054723268144221,-1.1858422802338402,-1.3428358455890572,-1.342960626031331,-1.3799795566448574,-1.3619389609002714,-1.2897516117316754,-1.3017016784709792,-1.3083657861582734,-1.2962200489504137,-0.39536602975478025,-0.7237004859280928,-0.16885830321491413,0.8053279653641569,-1.0456284935965192,-0.6528120483025871,-1.2502344050427485,-1.2721352413652947,-1.295739796370765,-1.2745818123333608,-1.1508291336874847,-1.3930701047619065,-1.4442622659005013,-1.2543217144399075,-0.7886759285070185,-0.31603460861519234,-1.4449054197550069,-1.4540097380479677,-1.3817768635999046,-1.3851552548432593,-1.262748940905787,-1.3045172340155604,-1.0926042356808812,-1.2395196487382423,-1.2685056462734137,-1.0792551693519632,-0.16494893230842936,-1.4857801941475277,-1.2627608112076951,-1.4111973001067488,-1.252053441673453,-1.3898348063190926,-0.7005810814017591,-1.4510998055253983,-1.2743821388391765,1.055197013284148,1.1365221896767121,-1.0846942235949293,0.9921213667141512,1.0225944887557292,-1.4218203471601867,-1.4575930644286723,-0.8733121473352156,0.46818043963168876,0.5134689961852643,0.9338375610895965,-1.3003188080079608,-0.06245645716307583,-1.2497652294540744,1.1826246602574673,-1.3655010295207917,0.16149371930925224,1.0484513898612584,-1.3039328965285415,-0.09910488565966147,-1.2109051427562332,-1.2579001342716594,-1.2950912151637444,0.9217778558043802,-1.5655731492757063,0.8160385486326394,-1.0760098276778365,0.7792817300384961,1.058899794868925,-1.529249020468564,-1.2497594092063569
-0.9786192358881738,-1.2711931383830564,-1.5821678118826126,-1.9596926805546686,-0.8174604969106452,-1.3888722690760662,-1.4406364476140017,-1.6529660562466315,-1.5468888632802689,-1.8704624371829617,0.007087068366926213,-0.8684879663236906,-0.8453975490742184,-2.423237847352667,0.9845951980275357,0.6064995273238917,-1.199210958922819,-1.2434349118716312,-1.332367482274801,-1.3557378652023602,1.1624924122820068,-0.9355792363508963,-2.034840125425616,-2.689954249881527,-2.5004660035023334,-2.6533006515985136,0.21867717431199538,-1.764860869160598,-1.2034813952619285,-1.3234204070677185,-1.3782326505071796,-1.6760412900321704,-1.6841985384470524,-1.9140823105615807,-0.06800693160689188,-2.0877897289817375,-0.9834049311022669,-1.26824696817124,-0.28575645896293134,-1.0450948363552444,-0.6943800549383731,-1.2355317244559445,-1.4978134482090408,-1.466822368609297,-1.5688544778887934,-1.4964159339119532,-1.35846358667168,-1.3348647270688274,-1.2640072618708207,-1.1067285965890423,1.2195642869803558,0.427300863914344,1.389666669224102,0.9910288213326461,-0.6893617976987155,0.35346247814855913,-1.2565427375606748,-1.3166868218009222,-1.1772888790346356,-1.0887490728860003,-0.8458712419190687,-1.3913965346491775,-1.8609266037891905,-1.0700770540476914,-2.330726653079665,-1.8718140350737715,-1.7424970116889478,-1.653042101781128,-1.6528682316987082,-1.5487607783704438,-1.1766768450945397,-1.4297364394677383,-2.089607470194128,-1.4876196576718022,-1.9714066345341137,-0.7161808257842729,1.2378631443184513,-0.8451957254558288,-1.392302793101058,-1.3217539591162342,-1.231590599435426,-1.2035356396756747,-0.15320234610839029,-1.3622939377086134,-1.6462206211365311,0.867801146036076,1.0203001738416668,-0.7875511350939749,-0.006627864264870752,1.2435381742562805,-1.619290951219951,-1.6611585085767828,-1.2953938323124863,-0.2699735680085493,0.28374853704168734,1.0611936996350804,-0.9877352761092254,2.0094401063264917,-1.097865710329345,1.9438234675145574,-0.8682849904822403,-1.1338283183877702,1.321775177465941,-2.0849112474592153,-1.1067498517995835,-2.937377116291219,-0.7982909444556705,-1.5107449887208935,0.6199354960696151,-1.3979823626035748,1.4055660548428242,-0.519736270723904,0.5214704635773646,1.362647420143728,-1.8876773103711397,-1.5839944990844144
0.4965976817264779,0.4152880679866812,0.3813356347241166,0.3251761588775192,0.654494222494227,0.4716846015408349,0.41716343818685364,0.3577933492188106,0.4190765216049736,0.3820392345518007,0.7478805369684088,0.4711508916750371,0.5683313867361947,0.23277433729709487,0.16451689755447765,0.09504090314349088,0.4970891980828532,0.4774994462811341,0.5344259531135835,0.46310740572246034,0.6227638838146115,0.7769715056535483,0.45291825030549127,0.15991029030763973,0.24027332367778412,0.08417618151850587,-0.3739778341186557,0.4470118515776489,0.46599836283690604,0.502573541891587,0.6050616772394234,0.5460883642666751,0.6492655968915784,0.5706744003755786,-0.4257309243135346,0.5809854591445006,0.5452446739968274,0.4438969447035728,-0.015242814382249666,0.5717940447459137,0.5337357985034253,0.405059629550393,0.42286474910365457,0.4335844229822917,0.42807106308559173,0.4406409902917565,0.4383033834831388,0.45435713946359857,0.5191752777619709,0.6023032924742671,0.996213170323787,0.9324950904411293,0.9505044810204945,-0.16046156237647075,0.5283311366330331,0.6950359850013581,0.4810632163308252,0.4489023754099551,0.5712586762663157,0.5511058802306498,0.5526194538655507,0.5022589479289292,0.39023736700045514,0.5592021639255631,-0.28486679688808614,-0.5795690181859697,0.39717072874777615,0.44684961312765903,0.39128834166175563,0.44078872711631073,0.6064586301512573,0.45940713614035733,0.04077853570396628,0.3591749265496604,0.2657324323447325,0.5337782052547929,0.9918190373304201,0.9467335847645836,0.4379121929808549,0.8072380175171191,0.5285731525881865,0.8291743770579955,0.6797769241304996,0.721090958373569,0.44807918110633377,-0.4278035761768132,-0.37029726659213286,0.5860574739558074,-0.7103663817753644,-0.176254855049012,0.4382472782414271,0.4338265363773073,0.1667380282760168,-0.46529318365052647,-0.2618882455809519,-0.20496606448870236,0.5420913653286807,1.1207024344863603,0.5146177442176776,-0.053322167226640196,0.7743559222236325,-0.6062276599326465,-0.1755651969564395,0.031709469122681425,-0.34328487153140985,-0.3193581758947281,0.6818491726012906,0.33530319149976673,-0.45607368145841404,0.6580887579855422,-0.019501384570789943,0.6298693892090792,-0.4041064975231621,-0.253101168124107,0.5142654781329815,0.28179971368580564
1.0868149488848042,1.3285049581054977,1.6088816226104756,1.9442316321095792,1.0020408365735676,1.4569125882903786,1.4843726665241055,1.6628613195973896,1.5922801242764248,1.88086799349254,0.2627582700761165,0.9745878908641689,0.9847261787480619,2.3644099072775093,-0.8427489129077201,-0.5283624730541208,1.2976584652020804,1.3270161149560795,1.4225566032402812,1.4245152847085853,-0.8704652192278085,1.1187730813159389,2.062300980748715,2.5800541218650386,2.4418923558207863,2.5249764162185167,-0.2812062589263827,1.8293447333918125,1.29430543667028,1.4096361873463994,1.4917493188254038,1.7490506082977997,1.7815546557170707,1.9743374113423562,-0.07122936019720962,2.1348806143710783,1.1006870075189155,1.331787880397116,0.2513247728360108,1.1614566363134273,0.8314473635586684,1.2911234000532537,1.5401741448791684,1.513956029300693,1.6084909640873892,1.5449541393320372,1.4167764272749868,1.3969207185537231,1.3475727500824746,1.2248697469076797,-0.849066158577153,-0.13358019895652432,-1.0157056870767365,-1.0098788837157964,0.8209065169048949,-0.1032529484075543,1.340767736158566,1.3808934155151869,1.2795246430404383,1.190172594453348,0.9708668704503286,1.4511349130072593,1.874805734055758,1.1811895377760422,2.090967845340717,1.5619079703956753,1.7556569230637706,1.6860958126761774,1.6761681477586179,1.5917440551474134,1.2953536016089795,1.4836575716229534,2.0003557767472806,1.5210937749373827,1.947123589205923,0.8324117332839164,-0.8530313799719663,1.0682130239046517,1.459260906388444,1.4786895654301628,1.332516424074163,1.3865277085630805,0.3901385783371764,1.4992230691663124,1.705143498615033,-0.9565255678190426,-1.067504970643199,0.9356610665873142,-0.19399250886662037,-1.228793714039619,1.645331494362813,1.682340773035491,1.2500830095955349,0.07816225177964077,-0.37228350500219864,-1.07336572627796,1.077589841296804,-1.5424280753565869,1.1883641955433932,-1.8550322381632132,1.0315875503283125,0.8452195498274176,-1.3058089252065341,1.9585291596310521,0.8885310785300486,2.605312783624842,0.9583328270224946,1.511064290348897,-0.7371638371555858,1.5072306839562835,-1.365606570811507,0.6788003693948773,-0.6423350738250891,-1.3816586121195442,1.9190568033071345,1.580655806427199
-0.051223786141229855,0.1700785337603215,0.30464525126205233,0.5018891264472576,-0.3740058408044856,0.12409645960782215,0.22595197648192578,0.3885417754501234,0.24196571816450013,0.36156283839422854,-0.8242770227154105,-0.07313476927941134,-0.20663274219968683,0.6700456486222169,-0.8568905646534994,-0.5718448448530074,0.015688471431001758,0.06391940026177623,0.03653275129683154,0.12715731143392794,-1.3431990475235678,-0.41570277144264156,0.30379479591553044,0.7984372222887453,0.6890757403451583,0.830871768647088,0.011049730133312325,0.13999692663049834,0.04061323356271393,0.05819357001560121,-0.09828691592857912,0.09272038494754771,-0.02416342356439999,0.148403510689413,0.3208251137321059,0.19668509315796404,-0.10411300886548411,0.13684060637147463,0.0268227626673883,-0.09958629052684036,-0.21091060859515748,0.15564314549717764,0.24508544418711678,0.22706276527724356,0.2652840367952787,0.2291306210179462,0.17645271455676287,0.15717516436175175,0.04207614043327488,-0.11396483126467429,-1.5025444554456024,-1.1273087318063586,-1.5820200038063599,-0.2967121652592805,-0.16873416524849583,-0.7680837309872746,0.06905719602160162,0.14310769960733985,-0.059126615692627275,-0.038089288829134864,-0.13629094437170228,0.14352894967637106,0.37921304760459845,-0.06602130635081643,1.112374633526768,1.295565223347425,0.37174410624744586,0.2915950539391718,0.3320468236239749,0.2473393518069655,-0.15303603921334719,0.1442618295142797,0.7113405200307343,0.26989560457307266,0.46512786102965015,-0.15844232853196258,-1.6253901887838185,-0.5585291987956756,0.1551233472585375,-0.3750058261697449,-0.014162067123439922,-0.4313756457494487,-0.7012169997281675,-0.19313191623505585,0.1474994234795193,-0.015772018430324795,-0.1854589204525695,-0.24045826211394428,0.5168049279032647,-0.45163291454612087,0.27598585747312926,0.31836001310497325,0.3435815717244552,0.49999522253039763,0.11392321364194272,-0.31307862514754947,0.014197689675740335,-1.9564203361220587,0.01009158992772576,-0.7920155032345773,-0.3589540822456759,0.978311560653324,-0.46051901352058405,0.9205129673341998,0.716661451971031,1.5126277498377674,-0.28023207625401325,0.3620997381015136,0.1374875636346047,0.02961694599292989,-0.5452668281355246,-0.3312877622892433,0.15944785625333888,-0.32143238603122953,0.2297069742756337,0.42615437430625736
-1.0316797838366114,-1.144311500092598,-1.3494200641477296,-1.572447221105654,-1.1350416418421414,-1.2893418311287699,-1.2595997571518927,-1.3474805728110495,-1.364537145723136,-1.5843831779519661,-0.662242676944782,-0.9423930113992494,-1.0118312711562514,-1.937048837127442,0.2933656713497288,0.1741555358060841,-1.2046170528847602,-1.2022809760026831,-1.292642546848923,-1.2592547444930131,0.13221832832867947,-1.2035777127609097,-1.7992274225957172,-2.0648808866667157,-1.9986720973333347,-2.0178159417707078,0.1472235323553371,-1.7022946651075914,-1.2005331447015366,-1.282429693963221,-1.4421848167231672,-1.587719550694166,-1.652789332764327,-1.7556222122832925,0.18431227372404618,-1.8679051095041392,-1.061001910799529,-1.1590051330515254,-0.19500635805074515,-1.1019126240786383,-0.8705348681811227,-1.1213582606786183,-1.3013051472592017,-1.2824806048061292,-1.3548777261817555,-1.3108289436769658,-1.2202628742260901,-1.2042171841061244,-1.2089969645460572,-1.1620100570065717,0.1632527432796558,-0.3318741268639068,0.25778527430820175,0.83794595511397,-0.8204538303838741,-0.23246716761289257,-1.2109318867388972,-1.20483592025175,-1.1854896359508509,-1.089118276586643,-0.9415793369849726,-1.2355895681957771,-1.5673703636209473,-1.105203178002811,-1.4566111902356031,-0.8708048870000803,-1.435328104609748,-1.4010762354063602,-1.3916128349291605,-1.3439898123257543,-1.2668659496771406,-1.3007841489295775,-1.6103853233276924,-1.2949887338714348,-1.642338356809453,-0.8095075058068598,0.1064091304376285,-1.1633405218531359,-1.2944314787585505,-1.5133133385892295,-1.2461715798505966,-1.4739414808933269,-0.7298033952900101,-1.4565092904906993,-1.5509058992444977,0.8669714561902659,0.8634272869304237,-0.9771443216150245,0.32820597278202224,0.9226271741704943,-1.3599610846644108,-1.3723759173795558,-0.9679641440709468,0.1723300708312894,0.4495074412618969,0.8712859234716949,-0.9141140058658901,0.6071538824426485,-1.067386234213889,1.3833184847785043,-1.031101642480776,-0.3399422330727271,1.0072816129461273,-1.3924594838736362,-0.4693226511153081,-1.690315415565189,-0.9722814987512882,-1.2031137563159398,0.7496029524062325,-1.3140458264141446,1.1040387680517465,-0.7397529106692483,0.6988957562572388,1.1722683101190186,-1.661844951596778,-1.2761105103062373
-0.21914938426497396,-0.5022247328884138,-0.6878181122191553,-0.9536127170627583,0.16167632393018777,-0.46583263145176174,-0.5865212054632416,-0.7975482015616873,-0.6100493484949019,-0.7697845493359269,0.7862400566394387,-0.17134788576114246,-0.02761950192935976,-1.1864926162225622,1.1599029943547856,0.778889886138556,-0.323919751012651,-0.38511999959513954,-0.3727896664198146,-0.46866309237003007,1.6339639862737818,0.17159489363886576,-0.7424070195006791,-1.325325099138691,-1.205557158402831,-1.3323828242912215,0.17365767416131353,-0.5083827846836765,-0.3471350460080907,-0.3903210168117106,-0.2197724140930368,-0.4739644669447287,-0.35256173828959775,-0.5661614823212607,-0.23842414686653562,-0.6549198057357554,-0.16902428023164875,-0.46981401463730643,-0.02473077422481497,-0.1873345977539046,-0.006017281917437482,-0.47839903051688254,-0.6178866747834171,-0.5965101001828739,-0.6513890954365869,-0.6031335934083327,-0.523826339018948,-0.5015733051909211,-0.36236547581424655,-0.17625976652285463,1.7030652274252385,1.1608589353375887,1.8305793958910084,0.5512712321660529,-0.05444557021310747,0.7552936344480337,-0.3916359422196224,-0.48122731164678084,-0.23645936054710917,-0.2589382175664657,-0.11511813627419214,-0.4997518711569776,-0.8054736436324793,-0.22977178950856095,-1.514700801412307,-1.6196688396354766,-0.7922388935470841,-0.6993997108063444,-0.7321332431685545,-0.6312829007318335,-0.12471830157858499,-0.4885519375618865,-1.114233524056334,-0.6173029406382002,-0.8873747772549171,-0.06667171386188955,1.8814986182277682,0.2937100792609949,-0.5011978448703307,0.08106674378188752,-0.29887070513341607,0.14084585463966515,0.6294639855936368,-0.14454860868601688,-0.5077249942288232,0.27463117541160803,0.48939291121806666,0.008142167942717353,-0.36610673107562125,0.7913392770932582,-0.6576757976056296,-0.7259090516836362,-0.5787251248049106,-0.473167347984452,0.004858711756158755,0.6018329863698877,-0.3221910139777988,2.3090043300528422,-0.31319531681929746,1.243690749021751,0.12106249073495919,-1.1189658125908468,0.8037520211552434,-1.4187431998613582,-0.8786029185693076,-2.1068542743625454,0.033081550879758996,-0.731202243101455,0.07025522965921484,-0.42524266929448745,0.860572225742206,0.13942000527459877,0.00890224518878031,0.6458978639293538,-0.6630834095630319,-0.8188359245341565
1.0363198480697242,0.9901434339394574,1.1020718452526859,1.1824387221787795,1.3624625640617691,1.1561798276679998,1.0548246143830384,1.0285185075597625,1.1573956385066484,1.2858134095451716,1.2138942824702545,0.9795708787003305,1.1185168209242453,1.4485858446626612,0.3470753038207546,0.2046875376910151,1.1609153854637646,1.1198709803323499,1.2031328293929675,1.12812057519592,0.7608803790461806,1.3679705166409768,1.537676935284518,1.4516244998136358,1.505064393701076,1.4168979418509673,-0.03637264048756687,1.6000137663922762,1.1576527472938398,1.1963992224610887,1.450060924401128,1.4551810151747246,1.5545116902410478,1.5427334636943395,-0.3875894430046991,1.5584623553555168,1.0821266740959832,1.0172890411821667,0.0677758789351851,1.0977562065371338,0.9869148652263408,0.9846293087425474,1.0783372406191398,1.0677884672689508,1.111739528939166,1.0918300230402758,1.0499557362104524,1.0384274779110432,1.1118239580627585,1.1562842956156227,0.7244961000852383,0.9441026919126618,0.698329713019629,-0.695333094114759,0.8892749495930244,0.7066555187058577,1.1228775730627625,1.0608205125510306,1.1380035062510578,1.0366639671136795,0.9776125091279226,1.0369044132534575,1.257428876752906,1.0816832714661408,0.6703484524339682,-0.012216376543543798,1.1086917540759755,1.1163615860498712,1.1120994803762732,1.1084679245336886,1.3023344662708103,1.1512019393131823,1.2165552554461143,1.0923096345489862,1.3362544793402458,0.8549939849012469,0.7746423549704078,1.3267419964504696,1.162660086586253,1.6002490419230555,1.2100964092141198,1.6314191834127507,1.1985207844571917,1.4616192425309065,1.4289135087039726,-0.8276021269964982,-0.6790905339862356,1.0892182222469713,-0.5425271285174352,-0.6049405520763214,1.0773235304033852,1.0572425845906124,0.6508443590173268,-0.539019756459558,-0.61900500947642,-0.7010215920258278,0.7730656278316589,0.5515679168343455,0.9903396155317595,-0.8579934120303436,1.0799928473885179,-0.3221239309375262,-0.712008561836218,0.7699432815929056,-0.09251511752092874,0.5761453848903741,1.0559368108290648,0.8953070184823746,-0.8333496407894289,1.1134555618423863,-0.8594515534583682,0.8868310314110427,-0.8379955315467231,-0.9901818946513969,1.4130990881019538,0.9751643262660606
0.5605264026078494,0.8181418505266866,1.0014774034323042,1.2503730587637745,0.23310032478410106,0.797238546874974,0.8996396492026351,1.0948767368340253,0.9223132707692067,1.055426525720127,-0.3924408800932748,0.5084719244730489,0.3870296586865346,1.469987195801561,-1.148104011586897,-0.8385389468899411,0.6737246939588089,0.7301851134104957,0.7195168693148702,0.8040116029396084,-1.4598708764456467,0.19822227111970195,1.0866459126347985,1.525292397762724,1.4955676482606801,1.5142460831982212,-0.35178564664417195,0.8764321391687756,0.7006824067859945,0.7395744001721434,0.5967894648406512,0.8365474733937084,0.7110893938364428,0.8977039826847553,-0.027621662117056217,0.9453590888804683,0.5198228604613107,0.7925612482394987,-0.13325208503882913,0.5348722926253514,0.35908468699734963,0.7989731360060441,0.9302086948845323,0.9092049450697051,0.9630480427334983,0.9150941153031177,0.8414850032767106,0.8156864758253154,0.6828755696668984,0.5128156716679866,-1.4158709096631794,-0.8579755338309745,-1.554047679311529,-0.8105273400107926,0.37870031104565166,-0.42999732332260754,0.7309189365229576,0.8056864959921146,0.544427825646583,0.5812670974289625,0.44727038822582443,0.7892543447692283,1.1161486148599093,0.5748686126929627,1.4538723849667066,1.4203711275025006,1.0890604469774328,1.0036242196186895,1.039535895763499,0.9436749650524748,0.4674698308586659,0.8128121722779844,1.3810844529383655,0.9191957804584822,1.2155246943961644,0.3800446305354106,-1.7338491945615753,0.08155772259286218,0.8436179684306756,0.28247161973020446,0.6587557004395576,0.28031911633081447,-0.24104927924152836,0.5346562327699919,0.8680753033771678,-0.5829279682401214,-0.7605894905268349,0.3507777330632927,0.03403193764115347,-1.03447278191151,0.9228951309074873,1.0064322360979154,0.6036190504115334,0.1711435306394209,-0.3092457950052831,-0.8860203465766736,0.5965687410476161,-2.04616966732964,0.6352792434477066,-1.479427483845027,0.14140122772122926,0.8417346772471779,-1.0672195971070901,1.6517191650111798,0.6633947770826077,2.093906816872977,0.30498671867361216,0.984455787539233,-0.4020802434196512,0.7282381500228507,-1.1411689796212652,0.19110843751070003,-0.3323188218348861,-0.9505970099120018,1.0185738533842403,1.1227935808500566
-0.9920857713372997,-0.8018418485615956,-0.8291202139541092,-0.7836021759357386,-1.5257967293630474,-0.9908543443925107,-0.8222187300456193,-0.692894051965415,-0.93048886678286,-0.9905662951321614,-1.6763427355680585,-0.9653629943111511,-1.1692706884812578,-0.971215069605541,-0.9515369299834195,-0.5814299235182911,-1.0743050401245144,-0.9955678831041805,-1.0790079906682983,-0.9618647400570582,-1.5801075826952096,-1.4845783002245352,-1.2600718538573643,-0.8717257664355097,-1.0171248538177482,-0.8526995379284752,-0.10064800397860842,-1.452295925718704,-1.0674493196963988,-1.0707218308719686,-1.415608632838755,-1.2907372609557128,-1.4390105224924181,-1.3258697106072639,0.5225750323013226,-1.2588096971949285,-1.051336295450406,-0.8387273688365805,-0.008623284671366227,-1.0471151555123182,-1.038097234864977,-0.8070815305171868,-0.8322196439617956,-0.8293190444793138,-0.8478772269907289,-0.8511188027318445,-0.8505504039556883,-0.84629559261192,-0.988852562304145,-1.1203036863611964,-1.544733102162637,-1.510488628545856,-1.5775014523031041,0.5035151311219505,-0.9092776811208981,-1.1065436655930811,-0.996582325807839,-0.8842199247989925,-1.074448720946429,-0.9544706438337215,-0.9689119918970855,-0.8313150959077515,-0.9371292744854176,-1.0156444138398273,0.021642415823525295,0.788898414318482,-0.7714827707339728,-0.8191168913995853,-0.8161056705576866,-0.8541437698494802,-1.3028804348857055,-0.9733754434752294,-0.8111042997981011,-0.8643592370701763,-1.0066026172384936,-0.8541723641149868,-1.6240408071245573,-1.4540518700707543,-0.9924707368933379,-1.6637663569089969,-1.1278722137842048,-1.7329874436549901,-1.5724817927944346,-1.4197763917144661,-1.2659454781840482,0.740976358255937,0.4627402795417413,-1.1348191097859355,0.6845682361540402,0.2545932047420816,-0.7984753791484469,-0.7407860474281251,-0.40263280091902987,0.8165013597962613,0.7101837793260395,0.4865404067714377,-0.614612579098646,-1.617017746196999,-0.879044227682183,0.3159712646451101,-1.125501626074868,0.8777430013497121,0.3850387381185262,-0.15678083615589694,0.5568509736663783,0.44111639535779595,-1.0994719456279336,-0.5784237399787157,0.8517370468634653,-0.9032422247069181,0.5674782288223427,-0.9826872444401699,0.9056218508203467,0.7668010387726454,-1.1435745253099632,-0.6480941216723805
-1.0937282691745611,-1.2474364598972711,-1.3834951739323758,-1.5405740750734238,-0.9252681450596256,-1.2547316775695212,-1.3002792765283597,-1.421809370043377,-1.3210839042811189,-1.3673669534133803,-0.43547257286973495,-1.053911476621428,-0.98887029350176,-1.6593385839643837,0.8985750243743563,0.8225156124154799,-1.1946868394854713,-1.2288644011475787,-1.2124927441198874,-1.2671700564661768,0.8603577093914804,-0.8141296779645344,-1.4851908910719522,-1.5275154417267045,-1.7106751382935175,-1.4994774067917405,0.6028987550559506,-1.3705954104300098,-1.2282161659191668,-1.239368178073095,-1.1657524581256196,-1.320939183288627,-1.196632509667242,-1.292574655831691,0.5449959561126225,-1.2020284862309434,-1.0676556823909569,-1.2336711435955332,0.47367177681451345,-1.0670426606810992,-0.9531433507065277,-1.2415986305557676,-1.321206368887755,-1.3035372565736232,-1.3417045805874865,-1.30506194947817,-1.2642473307639643,-1.2349313440715748,-1.1389529685504092,-1.0279549890915542,0.6081152824575119,0.15900795768544984,0.7441027960485108,1.1727308962736294,-0.9151231152500467,-0.2800450003254099,-1.2184818670730826,-1.2496465651320356,-0.9978475415361964,-1.0595185069806947,-0.9803641588377003,-1.1521494756018813,-1.4611340951939626,-1.0968609013185737,-1.0065805760988478,-0.7248363619076535,-1.4082133151213727,-1.3494121785122046,-1.398006449226268,-1.3265030995752014,-1.002364264391253,-1.2517144692351525,-1.6479958837704967,-1.3116740726840264,-1.5839146171454965,-0.8925469843826757,1.19903780774835,-0.692848945646244,-1.3166939092118628,-0.8419767379340791,-1.1947908394861506,-0.9543850361228547,-0.5348835568417731,-1.1078438474158137,-1.3602573079947244,1.0538821670053842,1.116267365255081,-0.9434984330310944,0.5647485967799616,1.2883074324573047,-1.2161453159707531,-1.3051821522272609,-0.5099065042712371,0.4654452842473563,0.8705004442163803,1.2771099072190888,-0.9607220448544318,1.1832632150150821,-1.1044655268573147,1.6223000836081318,-0.5498599616589741,-0.12466210308648,1.369509757570465,-1.7590745160457824,-0.0573803537589199,-1.5756550199258583,-0.8567352778870687,-1.2538079063565621,0.9576361248078327,-1.0739104902967709,1.4981142270823489,-0.7693821074520426,0.9020671714673614,1.3575779955267084,-1.4430496430084014,-1.471609061932439
0.5930019108167264,0.31332422064039533,0.28796098051048846,0.18098722683677865,1.284116008792613,0.5235663104877715,0.31017170323152227,0.1224391010250148,0.4406998877363371,0.5185418849713982,1.6569185140604994,0.585558364285483,0.835022905573349,0.41763685498804615,1.5065455748445309,1.0581913695027605,0.651786057284154,0.54303454300369,0.642041822852526,0.48723088000473197,2.139430879299313,1.2428536392613787,0.7532141485842758,0.32894509744643124,0.40882273252725215,0.34195131663933803,0.46711782064347673,1.0073831533842315,0.6308599454993041,0.6216458416803823,1.043804951099908,0.8331907341584259,1.0683200168066418,0.9085188031129477,-0.27585464669549103,0.8709426467034908,0.6586232391605757,0.35338106529056795,0.2569950531975474,0.6484027620045272,0.6939334812188196,0.31514083021601175,0.31964465536817593,0.3224875082133328,0.327772300916761,0.3483739129193462,0.363615134443799,0.37255507195310306,0.5748812939854334,0.7722973128760313,1.9507114996850723,1.745183709959113,2.0624446018604146,-0.007795464554161447,0.5743280646940881,1.070834064179909,0.5497037768229213,0.4073408082079585,0.749566040404086,0.5680141910019822,0.6110758391796028,0.4038934360627113,0.3967500453871382,0.6118033670688676,-0.39134157732800723,-1.1159200598909877,0.21553931463310902,0.29307820728272876,0.27736424124304027,0.34618072779020204,0.9839041052045435,0.5054857100901994,0.19921380972097558,0.3623938220808662,0.44192175448786725,0.5036554865626474,2.3133559616111747,1.2569932257786378,0.5083398956654296,1.4695969485365112,0.7012539899398155,1.4702667214016298,1.4806253850357016,1.0366264751251022,0.790715708204801,-0.31718688196844935,0.02941981578725489,0.7894187550276786,-0.42892375130148386,0.3325725810395152,0.33388376653635715,0.22903817875716148,0.26546906579591967,-0.6522145949109209,-0.3962136719886546,0.03822871398667244,0.20970633758619603,2.2454628282477467,0.45608413477052967,0.38966566818099585,0.9564790467382119,-0.956954674949995,0.2014851831012732,-0.5793177309110231,-0.5915815463982971,-1.1424533512474042,0.8003307839185105,0.05145729671252117,-0.4844700855866246,0.49314381901597526,0.01816645784625762,0.7030649234798052,-0.572882675583075,-0.23868433736166533,0.6202189542902775,0.06137573122548031
1.592772857811574,1.5885757855966083,1.6520970686206078,1.6832803650827874,1.6920131939606398,1.645667207025176,1.5996611327387589,1.6135807480509876,1.636775141414332,1.6038867879383099,1.4365375930944864,1.5739874482879237,1.5972364865150894,1.725032831300228,-0.36714667799200545,-0.6016116539615424,1.6785440555840363,1.6730231286138655,1.6573356506583299,1.659396822473724,0.09256313922356978,1.4750094724356082,1.8080586372035687,1.3696169218709837,1.7843190404976275,1.3412356715945988,-0.735618265701405,1.826731286873103,1.7127476478165622,1.6880718086737214,1.7337529696502172,1.7541685254883501,1.6755178327772946,1.648230981283396,-1.0534140751074417,1.4007118178901123,1.5833339764080725,1.5881679770704984,-0.7677414187270717,1.5628872338992212,1.5386165224799468,1.5943009318505885,1.6132835100645035,1.600738239452126,1.6173610034825243,1.6001701208798178,1.6020962166475934,1.5739351012147866,1.5472986299250957,1.533774502127357,0.518696655664362,0.7873804641817955,0.4246608024968259,-1.4184732339265596,1.4367223646667902,1.1188719374165208,1.6506805041729844,1.616336191807581,1.4447059845484502,1.5015912124048505,1.492884796869938,1.4473087008655707,1.7007781879341421,1.5828811476298177,0.3799262723806423,-0.20025070671690345,1.6001767789328063,1.5842862449046373,1.6454499958406148,1.613018331220365,1.5430535726436991,1.6175171070851397,1.7703212997633953,1.6119845109275894,1.8432177102045353,1.3734802710881717,-0.2802484357572264,1.3654081823040132,1.7210102976392858,1.4860963070348534,1.6935803416461745,1.6905149404815374,1.4385634355354844,1.663804535982654,1.79267398888751,-1.4604914659169057,-1.3551921570505026,1.5279865188919157,-1.1726125506972507,-1.3638157583854777,1.4142667393522363,1.4891404970485214,0.38096284166421734,-1.1569457530082825,-1.4242037590293577,-1.554427497174123,1.2433447281955494,0.07788970638276344,1.5174706680209489,-1.5346228540449256,0.9859614607443119,-0.7443978531285174,-1.5151484410309426,1.6205209000277556,-0.6704028707497507,0.706491451725671,1.411840586447586,1.382228355909122,-1.4860279784064783,1.3371305639215278,-1.7254056435114595,1.3573784068373524,-1.4607103518782085,-1.6588930368898513,1.7820787443349664,1.681543979827865
0.3319817697656073,0.6109532096111593,0.6407326327455458,0.7143292095456052,-0.41030529000907384,0.3927439489161085,0.6071260525654937,0.7834594408673807,0.4413968155923239,0.23521167184813332,-0.881483317507712,0.33617057080207496,0.079125092117591,0.2687410320057245,-1.9216475517058353,-1.625172169850405,0.27438955410624516,0.39639105478375797,0.2661211186195221,0.4431763951250614,-2.232047004063904,-0.441564631275055,0.10992421684053358,0.1705569395565443,0.3861428886710562,0.10744951423875665,-1.1346566345212108,-0.1083560655562213,0.32090090417899086,0.3107103018648734,-0.14994650523297545,0.07240914954752749,-0.28355493901527407,-0.1613285507255677,-0.5168530513105571,-0.3179154233441804,0.2707161208340348,0.5772336172062691,-0.9158224713815895,0.2673644120267809,0.2338481924407948,0.6294358695135884,0.583156772587718,0.5774963616367844,0.5682476461723358,0.5403701863780491,0.5452160509985672,0.5167702786913677,0.2792471708625157,0.057099911710481475,-1.664622333191154,-1.409862022176826,-1.8793151087308224,-0.903886446100176,0.2889303662342849,-0.36504969925408126,0.3740891389118217,0.5111854803659698,-0.011173075396472824,0.27822221724768964,0.2684363554363875,0.3632689197351513,0.4734973431461561,0.2961129592560141,0.2941957386231205,0.7624199403717034,0.6586193865220286,0.5701838528166702,0.617703368898003,0.53707947402366,-0.1697222224760507,0.39323999925568776,0.7053215912583913,0.5392583728633823,0.4701024512485876,0.3605928722846795,-2.657496666612814,-0.5386164548817515,0.4400810264023094,-0.83448439199744,0.24031922846475465,-0.631201276694649,-0.6740559242086875,-0.13280878522963077,0.150710895993033,-0.5934824202465293,-0.9057583179311516,0.13412750465928303,-0.40569152032278,-1.2260721693539585,0.41348649777144997,0.5733947764561923,-0.2552877482965584,-0.1581779793496024,-0.5019437243387898,-0.9959182108585016,0.5569122249485996,-2.1441882823481166,0.42857075807249356,-1.2935551193915988,-0.43490972735687955,0.3272191991679902,-1.1390955656662753,1.4638463895928278,-0.002443468678362908,1.3410284143166165,0.02165039063333302,0.7697615530732187,-0.44291823318177304,0.22082927050535892,-1.0065584462708823,0.13949516109349303,-0.34217357667915255,-0.7218637253641313,0.2896987435039198,0.8924582352112184
-1.5359646507137,-1.3696189575454871,-1.3679501381228032,-1.310619227815622,-1.9926025004888974,-1.5022942598330289,-1.3469655757465948,-1.2647353182753374,-1.4434396375312646,-1.4542718001649837,-2.0129582778123027,-1.5363327229607706,-1.6661861846010033,-1.491797784951571,-0.521696925810082,-0.06844534100442912,-1.6267483794349096,-1.5681406195244942,-1.5783879705610941,-1.5041287098360367,-1.2105382830222058,-1.6854488846402043,-1.684823376881367,-1.0194944544010547,-1.4713763384669285,-1.0376883581660215,0.3628595826404119,-1.8169367464967128,-1.6424445048813898,-1.5984614957005137,-1.8157538062229057,-1.6908638729075467,-1.7616373302433723,-1.6387029534892115,1.0175513183222853,-1.3708997136223413,-1.5386602813862935,-1.3774457761338579,0.5850817680675745,-1.5074009280418788,-1.5574084365730183,-1.3697870801207572,-1.371830953979507,-1.3644304431815546,-1.3675522562049127,-1.3727129928317239,-1.398707954500047,-1.3842119428492736,-1.4567207883626394,-1.5647398291308687,-1.500092268572179,-1.5980310679702252,-1.5455871336305091,1.0768015795942323,-1.427190166495442,-1.5239107204666922,-1.5407140075731351,-1.436401549933917,-1.485101256702115,-1.4428674581562722,-1.4717212804074962,-1.3030454031364498,-1.4591540164848307,-1.5301415240947174,0.08242003436530142,0.8434976522759101,-1.281620562017798,-1.3169451054381447,-1.3734362467054384,-1.3851690774933212,-1.6262338047133027,-1.4552214136680062,-1.3837773141899259,-1.3789423485435435,-1.6074011817104328,-1.3063599357402729,-0.9454844781654149,-1.6452452765039767,-1.5762584801171158,-1.8646603878476689,-1.6465581775632188,-1.9980451429775703,-1.8871713148635185,-1.7079728396300617,-1.6951873233854584,1.2950041426855838,1.0277437736766957,-1.555939616325951,1.2359472452230282,0.8520009848055388,-1.1817868562828753,-1.2057649256957064,-0.30466854990120706,1.3213648511493858,1.4155480226373087,1.2329394991358875,-1.0378319683364234,-1.2946704618017475,-1.395227228095852,0.8917005257641248,-1.121370524105903,1.1834370618961638,1.068582530212863,-0.9373772149244349,0.9895620840545559,0.25478881843715045,-1.4710917098090106,-0.9932700274452613,1.4372112004929443,-1.17821879391102,1.3640356884185643,-1.417849139574766,1.4496863571087686,1.3789427154831673,-1.6254407869425267,-1.3179245013345329
-1.4589072247938797,-1.6362739129433235,-1.6258917976572733,-1.5911446384964927,-0.8482794348504857,-1.4434526100689735,-1.5982556047419514,-1.696936088397721,-1.4126878870900241,-1.0455286396443313,-0.43678605763701034,-1.4760136839927473,-1.2645417330587665,-0.9357604909303812,1.9294553387272753,1.9734616076134903,-1.3952116205312375,-1.5031109073113003,-1.3416045566027195,-1.5074414206812388,1.695778018650508,-0.6696694674804072,-1.0789949969399721,-0.5222279968307985,-1.1485522267859591,-0.4229510874966969,1.774040495291483,-0.9951181091109199,-1.4680219324973272,-1.414188222007147,-0.9967118033422196,-1.1461089159286297,-0.7014640944032079,-0.714115544426236,1.53070414689571,-0.2839785069208003,-1.4124301169518347,-1.6168477597396285,1.6912367164571065,-1.3779254704699244,-1.4197688560799244,-1.6833803712570528,-1.556573706540456,-1.5511616279633136,-1.525515966736825,-1.5025923954970946,-1.5531327229534377,-1.5058952961149576,-1.279490615180162,-1.09367395911644,0.7353698941692318,0.5434742302284085,1.0084852340183155,1.8753689821696313,-1.3704571820542293,-0.7712046962938255,-1.45818266181526,-1.5472069588319721,-0.906673738469217,-1.288939443084363,-1.3566822037279669,-1.2057246480319124,-1.387494262889886,-1.3923124243643883,0.1843958829026572,0.12760238708226496,-1.5416800989615753,-1.4679159008444649,-1.5581027790182016,-1.4884319593736381,-0.8787612231472621,-1.4107809360106012,-1.596481769255298,-1.517952078221269,-1.4477864138713543,-1.411322781656312,2.427306886265876,-0.487063550000634,-1.5324274141135892,-0.11611272111902386,-1.3822256541518994,-0.5603523604515419,-0.6128365041338948,-1.0049936514385691,-1.2559566054620148,1.65016346227781,1.8164570601145211,-1.316968986535371,1.4965423004439817,2.060537027081707,-1.1793652643397292,-1.3823372532204303,0.35629625019358646,1.312693703698664,1.6635753880778905,2.0270587975639707,-1.3868409393400531,1.2909705297433847,-1.4568484962622996,2.054132686619861,-0.25791763621571173,0.7727871727555968,2.0653724535675195,-2.1593050660315485,0.9915170618534721,-0.9556083124241901,-1.0781809936640303,-1.5629964645062604,1.59349140002153,-0.9862528258923768,2.045987719404249,-1.235729749093966,1.5096025044762882,1.7682341023043227,-1.3051543004892014,-1.8707663214977828
0.5388973716186712,0.27207244046151335,0.2466253966650806,0.20621796489480865,1.3617636363625236,0.4958589455662738,0.24573878313846395,0.12882131184797577,0.4538004397323162,0.7095711915446433,1.6114019639591475,0.5446722414425764,0.7720206973985405,0.8474477480821376,1.658575230063945,1.2464473663554285,0.6695589397034272,0.5565382304965664,0.629801300338836,0.46709917178745936,2.1506858337616865,1.0387583274065988,0.8490616793690637,0.49855252446905707,0.6272616817126527,0.6230756486143226,0.7271510790465471,1.0023097732094046,0.6390119964208857,0.615845771084563,1.0275885193431327,0.8000636287385686,1.1472947504535582,1.017505996440028,-0.043299511875021825,0.984188185577924,0.5413588730821084,0.2760051236003442,0.3689747840417782,0.5224711462424775,0.5824292836892876,0.23676271007703473,0.3110581551544914,0.3068868143447302,0.3168171728629033,0.3401432423177283,0.3454963017434427,0.3621152130201693,0.5459579522688837,0.7688271068150999,1.8346946775921718,1.854507762158859,2.1307960304499285,0.1553248088546641,0.5010449712100751,1.0084253843398283,0.5388881426170598,0.38670650640720855,0.8164546475544874,0.5481094791154538,0.537155018259841,0.4710856052678785,0.49252688437741987,0.5703166843856062,-0.04667901281063194,-0.7142752895773661,0.21903951811677294,0.3003293007437687,0.32000740526605176,0.3677372305933219,0.8917108460025417,0.450294249558375,0.27047272169732034,0.3211540312520524,0.6137828270260555,0.3190261766794633,2.2271530822674417,1.1503324099486714,0.5410448602931117,1.6472884559452003,0.675368095674637,1.4489141902721678,1.3553430224625191,0.8561407014407801,0.7214879878558871,-0.20327254287071084,0.14481492229396573,0.6054559594101573,-0.3351213431454035,0.4711453014621673,0.3135172563470612,0.242364195368318,0.3791118254731098,-0.4899304287444509,-0.4184680510840287,0.003604835470762194,0.08290057578132844,1.9402430807269544,0.4009881811740004,0.4534543439554714,0.705404090288366,-0.6812386686404315,0.22693436167317177,-0.40411215986191146,-0.44599128952868244,-0.9562848067106317,0.6555422161845897,-0.12521272190152413,-0.402249603226985,0.3749215249628004,-0.11571323545339077,0.5427885191270393,-0.4448338233865673,-0.20049715472435573,0.6839242186881344,0.11024914531022692
1.9403043233098451,1.9503331790960303,1.8857964318531883,1.7516184660393654,1.6977871685258576,1.8370477279244803,1.8720725044333633,1.8726663526691116,1.7324771638408505,1.3562835096846717,1.4925754390605885,1.9788755187420217,1.8652891967176257,1.2228998415412575,-1.1901460594287658,-1.5614222390788874,1.896424581677062,1.9563283680291148,1.7957058459033384,1.8988260093688463,-0.5551732459181328,1.3358717273182652,1.508078569774621,0.5447031078185519,1.3805623123870217,0.4857426332723157,-1.6825312199871467,1.6024090423741375,1.9724473509479814,1.880492948402388,1.627712189237145,1.6443758297855773,1.2652276094295851,1.164634725028049,-1.9223418831610706,0.6114561268623689,1.9113395952545695,1.9446301852367551,-1.8786807073253267,1.8418539412335606,1.9822826172362702,2.011350671035524,1.8362696598007962,1.8329840831961335,1.795202278829108,1.7876069372716434,1.873359782479068,1.8230798378756239,1.6735247114026583,1.5916255016177105,0.34319242621556556,0.4381294488249521,0.1781384794360276,-2.0817827798929396,1.8471765776552636,1.5512586039430523,1.8925215974123653,1.9001298095619537,1.3621140685880349,1.700018110431283,1.827855511458946,1.476926863562655,1.6647260107239992,1.8532940889750493,-0.6587845999021347,-0.9355004331016148,1.7260929484526348,1.6918198565014504,1.811515855682904,1.7709120447689797,1.4262223825806182,1.7696738497287583,1.784782488001603,1.7996469412389249,1.8035136783280001,1.8069760820136507,-1.4731588753779286,1.142207834023825,1.9587653941661454,0.8849809826613751,1.8934288494058507,1.371550620976326,1.564482576737837,1.5803664043994028,1.7353756043668656,-2.0063904542598086,-1.962797363048895,1.8898841279972274,-1.9793232818473987,-2.0586925752891663,1.3498687311073407,1.5470348792033513,-0.48693801313094914,-1.9448708620350008,-2.2230175460337804,-2.2888602472936785,1.573189153838395,-0.08095306570001623,1.8280361376060763,-1.9888535801589722,0.6023611704583853,-1.548969024104526,-2.1795231419519823,2.015190092736479,-1.6419826337851144,0.12351469771650808,1.5802299028193665,1.6200207614315698,-2.0845708221032018,1.1941726184667372,-2.3202777564651433,1.743991786328334,-2.0464865878991767,-2.072087160397571,1.7157184796515872,2.087295248767166
1.0087965907619532,1.2671589202861544,1.26349511140254,1.1813201462858625,-0.030622460256821183,0.969607895655812,1.260158633473894,1.33448688216555,0.925892712655778,0.31203936012844585,-0.3641028302541385,1.0187129522256488,0.7356895260744106,-0.020431408688367087,-2.5489227815513167,-2.444981318919098,0.8192576016256756,0.9669635689232257,0.80824908416275,1.0401123894796667,-2.5028202511356774,0.19324828498934993,0.3675735639311503,-0.02084279278424768,0.41786661586266916,-0.26281352240127126,-2.0713545331723417,0.33006848597620886,0.9118645240732054,0.8732019088339366,0.32082029319282224,0.5675627018743002,-0.09250924148625181,-0.05168855569877864,-1.4997709926254037,-0.4184570847089629,1.0213523258945456,1.2796930572309695,-1.750086980972162,0.9996811295978191,1.0190719130230554,1.3625383264268,1.138110547381601,1.142052928984821,1.1065981230087536,1.0757497859268157,1.1326845720638319,1.0754113751541845,0.8072825074630191,0.5206857542432596,-1.4164777928064003,-1.4729079363756503,-1.9578120320375325,-1.8169844942821969,0.9767493228340088,0.22637715451630747,0.9589574264212873,1.112611069911512,0.26933914359752653,0.8103188104359441,0.9339683119995705,0.6846645894155706,0.8011835551695707,0.9097623147074049,-0.5182071754427413,-0.17095253435550045,1.1480825754181665,1.0415285152036216,1.0868418541978604,1.0221908358281149,0.3494386301568619,0.9884437730227844,1.1367800612585308,1.1280945745166706,0.7631078316958276,1.1863912465811088,-3.112854762713087,-0.10905094075581882,0.9808155848682057,-0.936916981109327,0.840510674353264,-0.25732223329909293,-0.013623956164734965,0.5547418897338965,0.7543006291390054,-1.38854470652562,-1.6890888886961966,0.9633939152020106,-1.1679913670073458,-2.0932139977433444,0.8042014604295296,0.9897389755095509,-0.669875579975682,-1.0420893549576649,-1.2216682771715341,-1.6901865047135989,1.2124660757829608,-1.7699260213264492,1.0599210916031856,-1.9913315215366592,0.02002803560117227,-0.5944882152616365,-1.8744755069475698,1.8762859629286017,-0.7856159803700761,1.0908395794697132,0.6900297721934144,1.5034223029831877,-1.2288364828652696,0.7186969431734055,-1.56631806649307,0.908351998319069,-1.1841615756913229,-1.4266734088533213,0.6729451652850891,1.473393500898805
-1.1155840691852377,-0.9665053177331981,-0.8748625424036957,-0.7440594793299741,-1.420653064237742,-0.9864183888784727,-0.8702739999875434,-0.8156941984703024,-0.873643515680316,-0.7842787295571291,-1.482230271291448,-1.1705360250899963,-1.181560269606508,-0.8914195187958396,-0.3061112908066835,0.14643320914380917,-1.143102179397758,-1.1286839540145541,-1.0272854115966836,-1.0180946811094178,-0.8570792885018155,-0.9127576657866627,-0.9157398483303525,-0.1846126784412253,-0.7635179029231052,-0.27726026542879806,0.4197343556973209,-1.1318178489317905,-1.1794622571431528,-1.0900648968078144,-1.1096335975417384,-0.9903119630650692,-0.9060074319565649,-0.7702719356643545,1.0207484339633766,-0.4312072768328323,-1.0948525398183693,-0.9629945675894759,0.9368609539560541,-1.0070923732026007,-1.203789300538033,-1.002655349310352,-0.8858053203832318,-0.8844920450256972,-0.8561522133371526,-0.868142256866039,-0.9399902311599673,-0.9144872377810124,-0.9019612704625571,-0.9674401758488423,-0.9547849246999369,-1.0204791729581795,-1.1101696650855581,0.9352761014889973,-1.0704478007756981,-1.2500018363572751,-1.063341232460928,-0.9846490752206387,-0.8600771874626053,-0.9357757375731424,-1.0388446916433856,-0.728612006481058,-0.8385313085273356,-1.0444572077161023,0.6751415975019477,0.9834165958620094,-0.7451175457805117,-0.7637271482482888,-0.8753131737632124,-0.8693253156065847,-0.8794794652035841,-0.900526007955265,-0.8120506111171786,-0.8378626785972656,-1.0367166580321507,-0.9036012550682961,-0.05014860101234934,-0.8425289514770357,-1.1097701768821355,-0.9961681626761537,-1.122785097392663,-1.1368275463248463,-1.3878773205124706,-0.9464642125795076,-0.9746070394650853,1.0294458943945066,0.8015078744341997,-1.1420742506579964,1.1561052151043087,0.7234421832760707,-0.5285067638096785,-0.6464932797605144,0.49510184944062274,1.3018712663180683,1.4592904010070298,1.1785311193055281,-0.6321144125817696,-0.8734669042700495,-0.9476812475237215,0.7000090964509952,-0.20473414273705082,1.237614213918832,0.9491217809484069,-0.689356993110621,1.2651873206424078,0.7811688648884039,-0.9033474074066411,-0.49468797341481546,1.213692778456068,-0.42744880822178877,1.2433063902249917,-0.9909820891478163,1.233783822326058,1.0341796411053115,-0.9962518395511519,-1.0043945215476233
-1.9472682527391485,-2.0957889310398,-2.033644328401648,-1.8119268900799077,-0.9988934919927124,-1.783592001995534,-2.0351260937327744,-2.029441470650946,-1.6378302418206805,-0.8057229726803948,-0.7765193979010104,-1.9913059176884484,-1.7121071606046225,-0.45192819455484684,2.5167023643600728,2.7773199039729426,-1.7256801259685606,-1.8682363014235315,-1.6430526387218651,-1.886268399719589,2.0375110889089876,-1.0172959291316632,-1.0523409480183084,-0.07068320940545494,-0.9121763566504134,0.20023952079770146,2.6212605271977,-1.2391450936883803,-1.8626997640608869,-1.7520043217987022,-1.1997825398480246,-1.3828103097917892,-0.5616546905902025,-0.4867095996771177,2.474192945141653,0.14705575080889421,-1.9814966811059107,-2.127682716281702,2.586027322235668,-1.9025737268687886,-2.0653796080877167,-2.2474612996298475,-1.8773423066014574,-1.8835435412508676,-1.822223407574821,-1.7968779473108072,-1.9178551658993177,-1.8314693291151936,-1.550241104420515,-1.2862367606968603,0.7130336736707376,0.8509725560000478,1.2866697218976546,2.7304496896023074,-1.8900309016452264,-1.2091979043227532,-1.8285169448050236,-1.9317527100442498,-0.8922581509731575,-1.5712914272631515,-1.812600675619489,-1.2339143524309393,-1.4332992347318696,-1.7768743028263885,1.227026103739204,1.1414107512807679,-1.7756623949355141,-1.673460024489441,-1.7852878076432863,-1.7243444570777766,-1.1003010114532492,-1.7599239300779512,-1.8175965342916518,-1.857733699853156,-1.5391779011953557,-2.046723030246989,3.1666589817480024,-0.5975179954159859,-1.8605425758410243,0.33974960540149174,-1.7638095018908662,-0.6455988841887764,-1.1503432988445108,-1.4468426010115663,-1.6393725242178956,2.299929460793324,2.4458355392623576,-1.9856099555138897,2.1144406488375758,2.854249955801731,-1.2593658174207512,-1.5251492409738123,1.143682504468638,2.160566880535562,2.356927282083619,2.628150361070039,-1.8259034545282602,1.0563559302842351,-1.8670047577935016,2.6628426454853433,-0.32874667047859973,1.6897994509248906,2.7002225243453384,-2.4421471123824494,1.817481554537819,-0.5981523812626567,-1.4933523297291043,-2.074401570217747,2.259882864619352,-1.219894375546834,2.5191921602258693,-1.7994339781465012,2.2536969757570375,2.3249752079500903,-1.4407107703895916,-2.2891711440266347
-0.5983373675036388,-0.8299279965057335,-0.9024153436010632,-0.9109076223452127,0.23375757117946014,-0.6580887665982668,-0.9076582196856586,-0.9458357569509461,-0.6972031856706753,-0.28272742980992116,0.4846646557685433,-0.5446639097489977,-0.42241910255288195,0.2110025676250113,1.9340896363927262,1.6927894813267597,-0.46131028174533895,-0.5519965093978298,-0.5427393484008365,-0.6799555025022956,1.9941120869438564,-0.31190967258412866,-0.32347077774329386,-0.2831901115040392,-0.31431233239300144,0.016594558727140562,1.4806780105219028,-0.13285892830581444,-0.5009494793158558,-0.5357480860830159,-0.22967063905446966,-0.4333818268077477,-0.07748440386961813,-0.14986596682682102,0.8015393699172126,-0.030464707358774205,-0.6272298986272379,-0.846731984589032,0.8042062206012729,-0.7027744385933594,-0.5440463688582764,-0.86109230099849,-0.8038824620594878,-0.8048913430644654,-0.8009778223201863,-0.7725403302679552,-0.7686217736421094,-0.7463448111662855,-0.6035789203779205,-0.40133901381691695,0.9437064720043509,1.0874227374763177,1.4763800208818922,1.0746169447451044,-0.5684471638593869,0.049685653137155436,-0.5946876398837387,-0.7307468543322132,-0.2530564256908556,-0.5806738500221929,-0.5987566988983912,-0.6011006598871091,-0.6261323571254278,-0.6109904961373115,-0.1097640172809694,-0.19814915272745875,-0.8880064851548829,-0.8209701919331548,-0.7577861615034237,-0.7363168753917849,-0.4182117912980881,-0.7385872669646847,-0.8355477708955938,-0.8760682222386906,-0.44475528153423116,-0.8617777401036271,1.619839487825,-0.15640995335416258,-0.5737742592692405,0.5622986740915804,-0.5237846749965276,0.05865693149241798,0.19103858253968392,-0.5429511149816144,-0.6325525298446247,0.8199802821574189,1.1341563367572836,-0.5638463210242106,0.5985331298528798,1.3799460969465862,-0.8114120099000744,-0.8262339668858084,-0.2099201867438841,0.3506651257412011,0.30709568454768027,0.8044231207943112,-0.9564588154911045,1.2281887205225148,-0.7308347092020938,1.2424646713218226,-0.6200360807606472,0.05443062781883785,1.0772148914303228,-1.2000100966080602,0.01828783231100953,-1.3223371671929096,-0.5687121733653235,-1.2627666192902551,0.621702912319725,-0.8938545987237443,0.7105152779407788,-0.6362597897359245,0.5628417755919172,0.8598943834209362,-0.44047423685761,-0.856770564715731
1.376845724055115,1.372386559171224,1.2604430332592669,0.9887335078299582,0.8495083254756219,1.1251351546112627,1.2654982465003757,1.206898696049417,0.930467508246974,0.23334773730527122,0.8790449443685562,1.4611414427226586,1.2343553346697649,0.2222242793802432,-1.3180859697932934,-1.7428049965222459,1.1908216140176837,1.2841269519514589,1.0516704080679746,1.2307654546869795,-0.9150951491192825,0.614171111484511,0.5365432208816012,-0.37288665719586883,0.3666725179912864,-0.518277961341904,-1.6735054750515093,0.953358441805235,1.321855711230911,1.1716445932347466,0.7819944567493257,0.8589030044469643,0.1710642604561333,0.04219069533408252,-1.9635101243820234,-0.48466039571672304,1.4240828223921098,1.4125024688903427,-2.0879306954826045,1.2939045515814969,1.5959791991532906,1.5411347139886573,1.1284463217005725,1.1379498775897394,1.0709181862087618,1.061763071385207,1.201612561270526,1.1174283662533273,0.9113905263046369,0.7548519510656319,-0.3128046834616301,-0.4702106875416262,-0.6064712615563171,-2.0215118764030398,1.3678516883991898,1.066962846260643,1.2225611820698679,1.2420416045333953,0.4046972795024152,0.9484085718642755,1.2296681154218594,0.541779676985638,0.7233484592605675,1.1649392685357316,-1.5741669528472921,-1.4354022976698708,0.9594467378276068,0.8883912843279769,1.0382077950893087,0.9942761726710987,0.5790059941037841,1.0565413246320738,1.0639783158729508,1.0736478996556345,0.987607070904792,1.370106410559136,-2.3030265330776634,0.251680656749223,1.2498842229458034,-0.38805327287692215,1.210270687393725,0.4403711572060863,1.1805032217627323,0.957154929675535,1.0812040649258645,-1.6403653446974018,-1.5993161605686894,1.511360768138016,-1.5682862712860723,-1.9537719074591746,0.4609671071842373,0.7309256107073515,-1.6196549017017434,-1.8943281660717994,-2.017284624612427,-1.9340524981433274,1.0540804917746154,-0.32634255634883014,1.191089021595106,-1.7777231555544215,-0.29259455670884404,-1.683459879269678,-1.8830340431486057,1.4772983316667414,-1.8087090534084869,-0.26627006481928095,0.9270404370501837,1.1311294890162997,-1.7323319038367664,0.5300640588118695,-1.8709337686607503,1.2338862190957933,-1.793206615028614,-1.620426843449352,0.8833283780149087,1.531189725833069
1.8233333158901555,2.0389207737561437,2.0606769747892537,1.9105505753200096,0.7320594157704826,1.7518737157436137,2.0709530556550213,2.051009338010631,1.6812887784809676,0.8375867220315745,0.4789917554187495,1.7928649878488496,1.6042163092161787,0.15240341264129603,-2.7301120052467147,-2.7983068023789004,1.591337744430027,1.7297431227045739,1.6008139934796013,1.8289534775596301,-2.392509134629312,1.1753359098782277,1.099019957574065,0.37756992636513026,0.9057653854396474,-0.05635767754833754,-2.705369134291122,1.0979634088526637,1.7071063110470195,1.6600276442761084,1.1783012527630163,1.3935175309842889,0.6767688896696628,0.6497343955150948,-2.215831314494182,0.17369720644434006,1.871581597955377,2.0765425815352088,-2.207438737155556,1.9073714885614519,1.8824586445254383,2.1540834588260673,1.8836261471435154,1.8863671571584482,1.8451627469188263,1.8090489473464537,1.8892227971480706,1.8190365756999112,1.56337342029557,1.2932084651174154,-0.7430091504564128,-1.0124804375344092,-1.4262203720203974,-2.5285783392669114,1.7486551882199315,0.9652977348267312,1.731464066325944,1.875150505950954,0.909588082079634,1.5650866004086659,1.7383901847101837,1.3531937276971215,1.500515055690317,1.7556793154833499,-0.7066175544831068,-0.764353195788722,1.8688003684805101,1.7737140995470568,1.7758778528352874,1.7401247070842352,1.2763708639968523,1.8071156850715187,1.8905778993525313,1.9759850454401027,1.4479276583097356,2.0945095152320405,-2.5910148113605924,0.821801124560147,1.7354727843712001,-0.2725897090284369,1.6942158568516208,0.8028854330268277,0.9590622520695028,1.6156159060369957,1.7839866052120426,-2.1268639244340464,-2.4180266173691836,1.868652822598805,-1.9238871305483507,-2.8170817102224226,1.5123123817272126,1.6551512173224614,-0.43637630946740796,-1.7547804015146093,-1.7618491545080064,-2.2154292672095863,1.9266447951455745,-1.1286187838180248,1.8515029355564492,-2.5077148626918753,0.9599523170962416,-1.3008628817519743,-2.458988199192773,2.323625157110181,-1.2493586129297756,1.2477331839436832,1.5560083930735835,2.306767471750611,-2.0180405368553473,1.6720607500135403,-2.1424821681991606,1.792361151230035,-1.967117036618441,-2.1862707728063073,1.3781184833763371,2.095593138421236
0.27728571017252546,0.4087621078757712,0.5419557160492674,0.7486310818835576,0.2379056151713849,0.535023392813467,0.5374302336458696,0.5889957115021466,0.6992223624612942,0.959447156972183,-0.03515128718036325,0.16199859420510718,0.32219866433875505,0.4025656731222008,-0.4220292519176392,-0.09475888183141397,0.3648213700157401,0.34522533837791963,0.5209538145713357,0.45702572045541445,-0.3347864709517979,0.6971869131213151,0.7747555486229574,1.0444665848200665,0.7987890920592813,0.9594411411666229,-0.2455532265094985,0.24328085782449885,0.2930370890744238,0.4293235734920868,0.5809267486403048,0.6005267860533648,0.9121362966930584,1.0077379575954921,0.316000463512951,1.1488718858403513,0.23720002754116393,0.3786732059707541,0.5181771273029904,0.39331657517769814,0.02654667607192879,0.2775410344615882,0.596614541521882,0.583985614519605,0.6330388191734562,0.6208530619391676,0.5193036941015716,0.5694706995224127,0.6434823126650004,0.6551349403257912,0.30794345910277626,0.3738505060723791,0.17910771904806985,0.1487577388692901,0.1854695506096612,0.0003113118806006097,0.40750701227011776,0.4722356561302167,0.7888766784796156,0.6015671265569253,0.38393376949092434,0.90303249864209,0.830113333469831,0.4857453039042633,1.3769127520534128,0.9459573922368186,0.7606390491601274,0.7874090824537741,0.6362390801398792,0.6598090532320262,0.8392873043173065,0.6459032373636937,0.6397871626643472,0.7165596822304051,0.4845411339283827,0.40203288099920437,0.9567224042164738,0.8348461993013121,0.3981133466788208,0.9015626713012659,0.40346899881574744,0.6501868984829701,-0.16609527344376263,0.549859198878513,0.5300426064515433,-0.12992843602433166,-0.31694197547879643,0.1045826131311969,-0.10320308179504172,-0.0738481569836485,1.0664308055018903,0.8584092021163524,1.8250507035273236,0.4814234078854908,0.48118653835818087,0.09038754653349806,0.5895896970241088,-0.12269984778080383,0.49395342514368173,-0.12180912290369418,1.4551349672421816,0.6559242049337164,-0.04382202883244987,0.4020910544660824,0.8494202673030619,1.0603229005068548,0.5907224229003577,0.7633155703612434,0.026666248509689825,0.8862158717278643,0.05862567255504569,0.38486822646289826,0.14508153614231611,-0.21490903372818201,0.5617854870178488,0.2773897662717915
-1.5580562482733211,-1.6887075700434862,-1.654967507378098,-1.4078273562753663,-0.5783170676946673,-1.3589118438415684,-1.6679141935048667,-1.6029872470745006,-1.2071839629560615,-0.253648769417674,-0.5011835056346902,-1.5662453744902187,-1.357935711708899,0.19748233920770603,2.238586998018956,2.4828538922774053,-1.2944976265076504,-1.4365312240959105,-1.2231273420028557,-1.471233309659169,2.0045042041714667,-0.7972972395243091,-0.6487631471427505,0.13800377932172964,-0.41749332465471356,0.5444352747976071,2.386333847350717,-0.9250711836852938,-1.447491574665365,-1.3308895800765268,-0.8360107982645645,-1.0082772808373361,-0.19252387575226626,-0.10924827271000338,2.209672412571276,0.36540291627575877,-1.6218959987573225,-1.740803650077014,2.3673039790683754,-1.6074430067595797,-1.7608756443311218,-1.866642106330089,-1.444207305109903,-1.4504637049484697,-1.3862223363129722,-1.3533416575606112,-1.4881293883127777,-1.3929525131272842,-1.1018863476436038,-0.8547427016232604,0.8269478660430893,1.1706063214719906,1.2907114607300278,2.405396069234165,-1.5122181164450934,-0.9124445943235756,-1.3930859191078506,-1.4979259557016806,-0.3958516512097344,-1.1317271120177024,-1.4141505170299822,-0.7869377893367028,-0.9803022904410646,-1.4184375523677428,1.3232305432501186,1.197639821446845,-1.3508246403224993,-1.25376422330656,-1.3114177641632803,-1.272915819391789,-0.8291041863105452,-1.372697718136119,-1.4912979309011531,-1.5276267149905007,-1.1296584446550701,-1.7849160727442994,2.6672239339205537,-0.4031969308020116,-1.4156024053241199,0.6455916355970212,-1.4042573339687936,-0.5952441327799836,-1.1030817197804181,-1.3214043109641431,-1.5179963483390275,1.8806630380304694,2.0819555836721864,-1.731916517392037,1.7880478193542246,2.608414582811454,-0.8580781790630561,-1.077898767895089,1.3063410039001424,1.8836416369230848,1.8489311071855552,2.031324563502196,-1.4549344560120445,0.927669977848259,-1.4711611870998633,2.219665164020651,-0.22724215867829045,1.5791007766377165,2.214986435349588,-1.8717859735702351,1.581318054088374,-0.6432331989864966,-1.1471343836754628,-1.763357198041399,1.9129209871709136,-1.2096203088248112,2.032468764891005,-1.4900397216991237,1.9127391441853496,1.9289917435540431,-0.9808200080965059,-1.7621719475377013
-1.6142112480803745,-1.8083310387098657,-1.9405207334796797,-2.031908891964988,-1.131768696361156,-1.8076153979422118,-1.93549523752143,-1.9385810286419707,-1.8927163792287185,-1.6844832976961857,-0.7677501402285203,-1.4872364542142715,-1.599262136569388,-0.7026901711287336,1.648906318542896,1.52353090584371,-1.5868379885151747,-1.6344203778147521,-1.7196269005218325,-1.7717422558568097,1.1605702785359961,-1.7231646486307954,-1.7187012114116729,-1.3898314153039035,-1.5706304718586896,-1.0998074526146324,1.7796330866515215,-1.2512882591561207,-1.5983703924364037,-1.679377015592321,-1.648526672746068,-1.7236444406028044,-1.6229088752121978,-1.6475687569939153,1.1542613680094576,-1.4686117132504586,-1.6004831727460898,-1.8015672673874348,1.0292057341900167,-1.7525820318064604,-1.425711957334914,-1.754602162439056,-1.8941272079829699,-1.8791587036164445,-1.9003046003725592,-1.8677598475147383,-1.833820468046046,-1.8366537171188029,-1.7790553374812057,-1.6719706126490428,-0.2805233839922532,-0.18479635034310257,0.09438729881121824,1.4610244563280372,-1.4280698940443448,-0.9221640821492725,-1.675718969536322,-1.797368496773693,-1.5542320924795712,-1.742664134544351,-1.6486971398910548,-1.8641926952542365,-1.931133029748596,-1.7842935591949156,-0.8587465777759011,-0.23757056257158216,-2.011285469806592,-1.9967948345545614,-1.8659562556586387,-1.8720466487032106,-1.920401886728268,-1.95901991118415,-1.9818077092063717,-2.094513344194701,-1.6535264723635805,-1.849361499580463,0.21530562361986125,-1.5846488815935014,-1.6936388930805264,-1.152074229233009,-1.7004183138663875,-1.5624427018974716,-0.8797517537408334,-1.7814366702222562,-1.875897566720667,1.572434589392447,1.8349321410502575,-1.5030973112051624,1.5381430446563809,1.770070156081496,-2.075562009367266,-1.9464903964138978,-1.5611691231920009,0.8597877620291764,0.9745805075480609,1.4412926039931786,-1.7738846267877983,0.3791662367241898,-1.7886271639986528,1.6670117137337965,-2.156198417538347,0.43047647868228844,1.6096997435166294,-1.7991562944572157,0.16565309751655333,-1.4268617884198105,-1.7355565631821661,-2.1954752452584905,1.4577035942046919,-1.8618557844000363,1.5203441561461928,-1.6859760320413582,1.3290628954618775,1.7360942028890798,-1.6298538026786813,-1.6931189110890865
0.1769941025613836,0.20407642067388418,0.12177882221813201,-0.13533913560128863,-0.4414828937122293,-0.10265370661336783,0.13608589205344848,0.06968988955394968,-0.27715136892521114,-1.0335450368311885,-0.2942840862859991,0.2263192854560216,0.02066806341491677,-0.9454679868123054,-0.9525264764817853,-1.1859949978175266,-0.04743585100464853,0.06290201367975634,-0.18518007894975075,0.019135392666378682,-1.2159634009072526,-0.5181353064678595,-0.6555096215599744,-0.9905761535007674,-0.7700255907840519,-1.2380863104584148,-0.943603483077233,-0.13816436503646046,0.08972267509233887,-0.05915204370927926,-0.47058082009588315,-0.35944043400286313,-1.0148867755844486,-1.088887957480911,-1.0615744436914685,-1.2944215869833615,0.2380157696588873,0.2548394665446109,-1.4251098432842086,0.18187607893352759,0.48681611130502667,0.39837382157890516,-0.06453674915332917,-0.05308375669485108,-0.12216136193015499,-0.14180539544434353,0.002337511700211272,-0.08862723333294781,-0.35071123928764264,-0.5109261023753742,-1.1647333406825473,-1.476288894740293,-1.1930778174947518,-1.0552979388933095,0.22756263211890054,0.008034639124526339,-0.016809426546146523,0.02401376084764892,-0.8778393022222163,-0.29511511139658664,0.016523931778628875,-0.6347418805322355,-0.4857932517375963,-0.008587911813775585,-1.5586444715050376,-1.0137524918931038,-0.19263087045596067,-0.27075510450565654,-0.17559869410693305,-0.2099082514075274,-0.5788817980116653,-0.15231612662869087,0.022932183002783754,-0.0367116111328784,-0.1715496654501649,0.3072825066870006,-2.0924756375399376,-0.7618446921876405,0.012836998688796956,-1.4386984612690739,0.021683632040976588,-0.4612775616750665,0.3212282868135189,-0.017814534385585726,0.15713620673010906,-0.47335474944300937,-0.5694926774249872,0.4513825283468099,-0.4987745799375984,-1.1589310963819275,-0.6674593342746612,-0.418591976369778,-2.0927977508986397,-0.9297091675158247,-0.7694867236302778,-0.6425511068647131,0.0099201305492546,-0.7749192082585571,0.012793275033924717,-0.7880100813449943,-1.1884265137581174,-0.9577965689666811,-0.7743078266847857,0.3519807404791748,-1.0892945643427576,-0.15036731869275863,-0.26283190080539304,0.10071248880466509,-0.6167331644806066,-0.05374229483880442,-0.7028342348217905,0.09270477167925115,-0.6719832283621893,-0.46614959154930147,-0.3524411496817904,0.29721232835743433
1.6716027559519349,1.8657565480851854,1.986156096789884,1.9859600198286105,1.0212094323357859,1.7698180746544494,1.9762178953007665,1.9287693074977172,1.7752670123648442,1.29562028371357,0.7504110422289757,1.5524309807217014,1.643333964682925,0.27493078494938167,-1.7912996128612002,-1.7976280905748652,1.5603195396610483,1.6474252645984842,1.6430273238431037,1.7731646634892049,-1.3581090145778216,1.6234482243898625,1.5348419243481681,1.1080292952167348,1.3268935856938842,0.7325616811878998,-2.037617842886861,1.2784814254790453,1.6420639629616396,1.6541852211697181,1.559773974463686,1.6478942679879096,1.2802238714517047,1.2561243549853116,-1.496012956146561,1.055907771440756,1.6905426858814652,1.8833847606907228,-1.6923269191718973,1.8182712108752288,1.6126283020325531,1.8976853643705882,1.8517206235399737,1.8358505952780912,1.8333353841364317,1.7867104374569942,1.8145841461374852,1.777608714459793,1.6277591692964806,1.4656697500451494,-0.11550630533459176,-0.3641773537159383,-0.3852733548540868,-1.8047331762022676,1.4482289330357767,0.9182160109115417,1.6537413070111677,1.7950179915460374,1.1871349956389976,1.603782510217021,1.6316862503494993,1.5852651369178565,1.759466955793975,1.788688801766713,0.3369673248370024,-0.13559216592996712,1.9220461105542517,1.8800405542279597,1.7744969906656318,1.7677656540446975,1.8169884363718196,1.9525590823960228,2.0786940039091255,2.119231819507901,1.6802618306327222,1.988852715450123,-0.8178896505392718,1.2914578556576848,1.7016204623532478,0.674333495057013,1.7331445988508711,1.5155452745691387,1.1229037675171452,1.82713485449444,2.0244096408354944,-1.7053117498758872,-1.9830756910788483,1.7013492023222656,-1.7608645814595731,-2.1444732957127663,1.8116465148148657,1.7411670391689325,0.8591861221970885,-1.2014333324320612,-1.372926357806791,-1.6592884672538177,1.6653436310340408,-0.6273477331995883,1.765850951106248,-1.946484830345051,1.7803596663948127,-0.7849258492503934,-1.8331109926195996,1.849942069109319,-0.514717964579806,1.285896911706664,1.623869339267985,2.250734244294661,-1.7141520556501948,1.6887665024874843,-1.87007783528998,1.7231842910699364,-1.6277358751591795,-1.9427324448192462,1.4929628065865113,1.7641534710958973
1.0857560169975011,1.1419437333525373,1.270108728830863,1.4932872461588123,1.3204356836410414,1.3935666311778157,1.2496097198076594,1.280424824426794,1.545581031032367,2.000870159885825,1.0504275472337905,1.004647005239243,1.213695395572141,1.4001948030856142,-0.17711254311486313,-0.028854736820222965,1.2296358434347376,1.1637347596020204,1.4107535546402674,1.2794560993994957,0.5279898987238842,1.7068245604284624,1.7616515304177591,1.651830866562353,1.7257829538097191,1.7153770207906214,-0.43828725519834333,1.134588037842694,1.1477951646434648,1.2909981941579154,1.6376979368128557,1.576220646432576,1.9563188456547602,1.9896816273120204,-0.10844888616883562,1.9629114153674414,1.0511436296323469,1.1084792105952916,0.2534744357947096,1.1298825280439921,0.7500337978003252,0.9789837155285241,1.3859198343990118,1.3677542489538634,1.4328198627555893,1.432412129405148,1.3089308100770038,1.3765220090803427,1.5863222185017705,1.646187737973154,1.346725350190771,1.532449315282452,1.0258623190242013,-0.30408660673284665,0.9151742048204651,0.8028512052486539,1.2646699856147303,1.2889240638559138,1.8528418126071224,1.5078490130886195,1.227403135272928,1.7681567556060471,1.7209535571462151,1.291355545787764,1.5290956314911799,0.6467749788172148,1.5233045674849404,1.5722418383079668,1.4488010292652695,1.475911752515589,1.8442981037993862,1.535252705590704,1.3687147729439606,1.4593297745939207,1.38229167099173,1.0951778871092253,1.3823253909066204,1.6746609913421109,1.2409598011925038,1.9479723646149614,1.2390672518644092,1.4296297564059346,0.5431286380180488,1.2663256088577886,1.1540736691602764,-0.8342952882931504,-0.8279767956780069,0.80105774180043,-0.7682231781008144,-0.2800835870526274,1.9109470490990308,1.6450260007055864,2.5097031698855807,-0.08126811947246046,-0.41379879678739806,-0.684154793234319,1.1975145207343196,0.5775772461045459,1.274369548740864,-0.606819909754081,2.339499278723219,0.22999872404035684,-0.5821869152374102,0.9896752608313062,0.5101911297427849,0.7758039436204606,1.4808834559162256,1.4243689150662462,-0.6688888348833218,1.04117624944825,-0.6628574942312349,1.1878426448446595,-0.5962061469664255,-0.9510494784800749,1.4830372708188435,1.0253905808988832
-0.7234746538733416,-0.8807218349269417,-0.9772332857205646,-0.926104222988014,-0.1303324939803247,-0.7244717598809532,-0.9622249978094104,-0.8869178935008287,-0.6745600740313797,-0.13491046117585978,-0.04237225615860246,-0.6240787614076491,-0.7035717690686987,0.6119999594624029,1.1584619861579524,1.1948486273024903,-0.5759369447388536,-0.6741929725018051,-0.5942208209614793,-0.7585447008467132,1.1432772741148534,-0.6198340290760394,-0.4946935773942317,-0.37785464886385306,-0.34249962965249464,-0.027111782891492325,1.2872222046543442,-0.5001924005347582,-0.6932911079661009,-0.6436619683370534,-0.5567950184963171,-0.633516269222067,-0.17779222111061108,-0.1427669780568275,0.9004085732467774,-0.1399083712065672,-0.7645781502919816,-0.9126239782177814,1.5046069369077766,-0.8626893880663793,-0.8056596313860778,-0.9783423460130917,-0.7913988010858596,-0.7771344418243175,-0.7569708949699585,-0.706057540258639,-0.7766232837361506,-0.7161840334741852,-0.5110033404474429,-0.3523565365382976,0.7688187483787101,1.10688455997324,0.6839729214671892,1.0960000243524834,-0.5309898434822184,-0.19112351758705978,-0.6403986445948711,-0.7709551621577758,-0.0217566129393916,-0.506437178444131,-0.6242475388547029,-0.4205822651458232,-0.640295184184879,-0.7862472619888194,0.06668914684741896,0.13293545387025932,-0.8266673393270794,-0.7730239730312399,-0.696084281938888,-0.6803853597921846,-0.7710084901347536,-0.9085679059105635,-1.1644098015900086,-1.0834908936904106,-0.7830924180392771,-1.0755183986704393,0.9299690470864945,-0.24756803365956398,-0.7130983771488818,0.28671613517350164,-0.769236720318067,-0.6858806818635631,-0.6293951882571773,-0.9145911106460668,-1.1879677145269931,0.8061478304027482,1.0630890414456702,-0.9043263691010144,0.9863348763015759,1.4427442313181151,-0.6274224009510012,-0.6009263465171206,0.04449053897394833,0.6852563102047857,0.8317565733275671,0.8262693413412252,-0.6151052533320558,0.8796213997052832,-0.7358567415374795,1.1996317972638266,-0.6158123337298765,0.47447939163047476,1.000350863569467,-0.891007697147252,0.2767912836211514,-0.8185709693813913,-0.5571508791910962,-1.228154526213831,0.9535081998634376,-0.7144631758230136,1.180522770472106,-0.7634197555876915,0.9297433970040904,1.0779766398858057,-0.44672257685317385,-0.7956722714291056
-1.421902719417603,-1.5274914646600246,-1.7009329443045205,-1.8888851092789776,-1.392588028147806,-1.7170390309170844,-1.6670742515188715,-1.645683760413429,-1.8258541434564515,-2.038115729884329,-1.160272664735671,-1.323543687296397,-1.5514600951552897,-1.171096465360808,0.6008397264299127,0.5052875082737849,-1.4752627793175852,-1.4496587496334417,-1.6763045909084733,-1.618796164869741,-0.1856676808077219,-2.053940955289569,-1.9964846678857846,-1.8050375114198156,-1.87510965865295,-1.7356345294252513,0.9954948989492807,-1.411095915768371,-1.4657449002576177,-1.5759658072228753,-1.9334772082449903,-1.8996463293912356,-2.017518057581856,-2.0153273700248384,0.5398000469752581,-1.9833361133797494,-1.4312140563260516,-1.520815131051739,0.4930572794754752,-1.5140430573916583,-1.144574089661296,-1.4290709185525963,-1.7222037826955512,-1.6966989938043757,-1.7566509595523268,-1.7336956896918272,-1.642027970715972,-1.6794980012160339,-1.840864822361348,-1.8214881107786574,-1.0976623891283759,-1.1059313905209232,-0.6932315351245862,0.8495634707460356,-1.1496366480599332,-0.8932348626629755,-1.5561870057308655,-1.632806407130707,-1.8854480383637542,-1.743539781888786,-1.5234851061817534,-1.9186751189185738,-1.988216443689949,-1.6280974088680515,-1.39068250874227,-0.46147496765700247,-1.8645947085639427,-1.882837170381039,-1.7333754028025514,-1.7521958593161637,-2.2344057327014277,-1.9717083827586512,-1.9211810117266388,-1.9239253956704532,-1.7854832308143087,-1.5964457686010194,-0.8704433267926647,-1.7138946309916692,-1.549003789590316,-1.7487490086403075,-1.5799653376586353,-1.6690201142648335,-0.8625153930016325,-1.6627072812447865,-1.6420094565869494,1.2183842068053918,1.2790402006091943,-1.2260618933744978,1.2165791977016327,0.8819014026280835,-2.1693309730812746,-1.8766186323855711,-2.456105148144491,0.4306620972536626,0.9386345835272182,1.1142204659820703,-1.4239265161823054,-0.23812598360494203,-1.591155993142535,1.186758848538152,-2.637718489475988,0.02256214443438712,1.0254236983188536,-1.380743699629388,-0.37056649821107746,-1.0653680800745835,-1.7431427262165078,-2.0017520368364248,1.1271602082067966,-1.1138422482264199,1.2526241691231872,-1.5548857262255957,1.0886072202219426,1.485499251717146,-1.6875989064385943,-1.388344554951582
-0.30633611692771434,-0.19680291205838543,-0.1460970165261652,-0.23253217272697516,-0.7582601070138373,-0.3941222822273121,-0.15857228852800487,-0.2338421023220301,-0.47448399128554153,-0.979293062801578,-0.7048466120959206,-0.3830095309894044,-0.3293720957101448,-1.3738039319208266,-0.453487871732101,-0.4899681481773261,-0.44894088525594916,-0.35756767539974194,-0.5031885255391912,-0.33478892274370375,-0.8743469970456417,-0.496011741696446,-0.601055738734654,-0.39777862788644697,-0.6641838817146907,-0.6795069889409858,-0.38576093017119795,-0.37874535528008274,-0.33542984478109156,-0.4307560241572371,-0.5322214391170452,-0.47122203720074646,-0.8993120228850877,-0.9260062900244558,-0.1783283120951868,-0.7534080671628112,-0.26644008407133135,-0.16684771621770092,-1.019384529417295,-0.19132915748500498,-0.12272257018632464,-0.06926069423446504,-0.3380664024727739,-0.3471370348968411,-0.3851881957674503,-0.42891849903605783,-0.3300406716058617,-0.3989853538383133,-0.6462295576531195,-0.7690103366096701,-1.3065218108720738,-1.6502299559822804,-0.846697838069591,-0.2008287018336143,-0.4160700724461613,-0.5245078950140891,-0.4306425351348792,-0.3291779748175995,-1.0949994619836425,-0.6217280213947588,-0.445412203391863,-0.7323488758470871,-0.5277527083284836,-0.2953224682689023,-0.3998112569694773,-0.052214028790257966,-0.33867128802602814,-0.3906219740128126,-0.42721963017446307,-0.44912088966420877,-0.40015403952508516,-0.2621139304731415,0.05719337781422944,-0.08404463284902494,-0.2594250872934851,0.017873951713238485,-0.8573662342761761,-0.7463288977323798,-0.3442360301324483,-1.1277188519728452,-0.2834613211136467,-0.22248490402495136,0.00024398320738735235,-0.11836035210620276,0.1941549748677502,0.18855631576302392,-0.029923910370664473,-0.03511999739619917,-0.07286815526826064,-0.5567902662395041,-0.58612368107153,-0.5540011122048628,-0.8776799522979586,-0.05372339568300453,-0.0890197852806511,0.13111050490221876,-0.44006657722726256,-1.0077531573438063,-0.35605890435465537,-0.2625405522323557,-0.6054713378281175,-0.0717210144270995,-0.05162978592949993,-0.15094920965057623,0.00494331175627616,0.2770709698346007,-0.5520678757065025,0.041855126997800016,-0.04675742014140703,-0.19991525218162445,-0.28272795902636516,-0.28767216933620204,-0.06408448199377532,-0.04383865983624639,-0.6376691769962816,-0.2621275256242186
0.9596509809073434,1.0854603626437322,1.292679863808357,1.4474617398540854,0.7870465360046681,1.2083000262402417,1.243489471551318,1.16828642053791,1.2661756887519224,1.3093188958648447,0.7036046487154636,0.8572475359399568,1.1072262527033023,0.4075350147065923,-0.44198568021765644,-0.3603505876532158,0.9282774600750273,0.934391162712247,1.1244302393080743,1.1326352310721752,0.11184605530404268,1.6440836939826122,1.473461355376683,1.5000537819830824,1.3329066582914846,1.3521412994992132,-0.8321992958242644,1.0382464069793083,0.9896635212127376,1.0491384344705168,1.4599813100873948,1.4363394114813754,1.3431633220167791,1.3175897526639933,-0.32463259502480213,1.4546307444601887,1.0167269447058525,1.1061426208207599,-0.7886490083233334,1.0928231004632971,0.796139826833391,1.065278925220331,1.2162274611214243,1.184636602766968,1.2367943741711938,1.193758894357783,1.1394335818033574,1.146465635308494,1.2607922920506303,1.1904382800741398,0.513785145605469,0.332120353560583,0.260470121979518,-0.6573484273060494,0.6251654449429148,0.392476816614084,1.0318570790134747,1.1450530956122327,1.1436173872805138,1.1543136761385615,1.009453962619817,1.254613532446399,1.4274906138873587,1.1504784326004371,1.1729791556195333,0.45139805145734463,1.3588058103016352,1.3496725672114187,1.1816709359177098,1.191773682262086,1.8353895610458906,1.5701619826624993,1.6976522602616824,1.5431861603573724,1.4517125687633508,1.2986194291314488,0.5652032053547763,1.0410562315900742,1.0463287160031858,0.9870737512171649,1.122385230872662,1.2620472991507212,0.6715342558346253,1.3013494018042004,1.3865852000757932,-0.8064518987525394,-0.9136087531912568,0.9110640589459773,-0.9396746022174285,-0.7380382579842792,1.5940458383807377,1.2777244621064021,2.0160201045707873,-0.1958313872232038,-0.8408024990526184,-0.7607222534697913,0.8420438750655336,-0.19015373820966355,1.0817426673817248,-1.0245786767180052,2.189913264049762,0.14570994080090346,-0.6805495621344564,0.9610824623084255,0.596145844199616,1.0489275722529672,1.1932217291356768,1.7308052895679584,-0.8489810056353317,0.4641702006475405,-1.1245037754909912,1.1300033662832616,-0.8753697672304903,-1.2249688405723589,1.1019411763505615,0.9254293252042876
0.7995870333707402,0.732679551144999,0.7526280902427073,0.8763214737969304,1.1204816034978051,0.961075940219262,0.7513303343737884,0.7990821389397035,1.0503211035344218,1.5087998060714956,1.0461833015187316,0.8567691091497733,0.8557292128213085,1.6281520659584348,0.12736750536940708,0.1864415716966337,0.9037324659244461,0.8288493676251765,1.033625866699277,0.8801287262591405,0.7703032199410556,1.1835803759495296,1.2110395562852585,0.9385029303450305,1.2088529019165641,1.1524940359009175,-0.09915882057574797,0.8700271673983416,0.8314189903031717,0.9520020883093895,1.1450071129953308,1.0915855928338745,1.4298600183004353,1.4438459169200588,-0.12688926135595308,1.2702719925444121,0.7892782884837384,0.7220463497098377,0.6288453377075341,0.7252486890279726,0.5819732312633876,0.6161982307253835,0.9051233389789746,0.905194833250361,0.9645835252911522,0.9901091481678121,0.8730424139263406,0.9384641206365842,1.2293807185020957,1.3038690144352525,1.4890047253666274,1.748448029799175,0.7865677103693997,-0.2893697442983864,0.793677820680749,0.7465220699328234,0.9369527113017596,0.8747647980847563,1.6076256916152347,1.1663986336028962,0.9587139151739961,1.284305581696396,1.1450752452178838,0.8360129827740013,0.6974632849687935,0.0983306269409573,0.9507999298097437,0.990743289927618,0.9709531226774251,0.9970894206650318,1.1387590782538888,0.9446786442376367,0.6790184574685191,0.7576170932770735,0.9100037638268734,0.5734848406135665,0.8106578734419636,1.1661317201246564,0.84981260510219,1.4528531845006818,0.8144394069347576,0.7267214579260348,0.3435924956049319,0.7018358995584085,0.3914878481764927,-0.6533134859751344,-0.48016877146463216,0.5351643678126424,-0.40078029320117625,0.08870188334009173,1.2409613750242416,1.1186521133479694,1.4707960825835638,-0.19042138680433754,-0.3446340078454998,-0.5902296341820107,0.8881462980972835,0.9300008188062113,0.8818091942651476,-0.2934837956988669,1.3969927896885683,-0.03399347510292403,-0.38526879859215113,0.6615295474958456,0.031945242234808456,0.1672330768597889,1.0978424949957657,0.6931549905400478,-0.4158592659578362,0.4951138322758288,-0.2527052944667075,0.82518173419945,-0.40294749230834065,-0.5469636210691607,1.1750086566334947,0.7730862540018877
-0.2952628905543864,-0.4238416817709748,-0.6356632400278284,-0.741387515923725,-0.03471054676066647,-0.4662104670888767,-0.5776421645741142,-0.4580960078445828,-0.47026808322917074,-0.3587715791364894,-0.11084109132484318,-0.1974878614809484,-0.45041942891743164,0.47139430503715274,0.1458533974785411,0.08843835657326443,-0.19302601107309766,-0.22409794187408347,-0.3555082308435837,-0.42278509086320026,-0.08249820349195172,-0.9601279473807341,-0.6985809908301216,-0.9686839418093677,-0.5579726724380136,-0.7643097370746301,0.4781970368190272,-0.45630756858656035,-0.3087693715518806,-0.3069662352328513,-0.7370988320868168,-0.7176615880536753,-0.45435157364491585,-0.4086361269733755,-0.016275419161631922,-0.7164449096122653,-0.38741709371355093,-0.4630088569775258,0.927539983588402,-0.45579326113046026,-0.25985302999933424,-0.47560671647834263,-0.47712679940101116,-0.44303108891529014,-0.47824592319569115,-0.4226509355501844,-0.41342783543955686,-0.3921677869835644,-0.44242167463514026,-0.34321646397628214,0.12570498510603634,0.47182014227716823,0.12259026205617496,0.25597651395401194,0.05245323021798926,0.19086692913331205,-0.29820326586819124,-0.43321066618143345,-0.19326378628431481,-0.3443885213496016,-0.2863301923991763,-0.366888044306186,-0.6124952410299839,-0.4551350913497991,-0.832283710419361,-0.41579813963075063,-0.6020579846749667,-0.5715835453065363,-0.4052051487274678,-0.4059298272443761,-1.1398568518502696,-0.8920375376222112,-1.173123708749115,-0.8904453648502184,-0.8478099446613677,-0.7652462649897387,-0.3111963928229177,-0.20529421772179185,-0.3338732442509635,-0.09408262515439099,-0.4481787809112662,-0.6588516447539932,-0.34745258000021356,-0.7069618963745467,-0.8979554041472013,0.20090776865308965,0.33848986412715154,-0.3912801262944965,0.47664853873475205,0.39964028521132827,-0.75324010669709,-0.4487850582384591,-1.3455561059363312,-0.1409029998586885,0.5629443483448724,0.21139114548851556,-0.07488503552312896,0.5743248723644235,-0.3582982384637063,0.620079233562869,-1.4363295014694921,-0.35389970940052995,0.14940657093426166,-0.3215761901275547,-0.8044291285092809,-0.8452990238681524,-0.42354453411047654,-1.1585158160595006,0.38242218628007296,0.30501286923565524,0.7761611570925956,-0.490969768802475,0.46856033247048706,0.7209872315973546,-0.29027274164484573,-0.2445034731666593
-0.7689681463235328,-0.7343883878319944,-0.8380788752194013,-0.9899066662048551,-0.9733534586990995,-0.9758445035967653,-0.814948868380795,-0.8078337994540798,-1.0493906314199415,-1.438072155286616,-0.9988997676131226,-0.8125871643174946,-0.8837341810932797,-1.3668094114834575,-0.17140041149232257,-0.25892837799458635,-0.8023106773302175,-0.7516095552367554,-1.0012028011337466,-0.8814967191894687,-0.8249971341875059,-1.4236180534772693,-1.3128354724030857,-1.189539244584284,-1.261795421317863,-1.3358681651288664,0.18326057467049023,-0.9595971550917992,-0.8036925694057311,-0.9237675155412183,-1.2698367831718655,-1.2135151332102845,-1.40322165855807,-1.3963687082231149,0.051036325351147875,-1.3742042735299744,-0.8126594005914536,-0.757129946387304,-0.32156184131334625,-0.74856926292632,-0.5878032860345701,-0.6675782865566305,-0.9098482939540573,-0.8983255850652232,-0.9777073512933956,-0.9768755849849049,-0.8567520193977964,-0.9068707071048332,-1.2355573911763555,-1.255165957936761,-1.340421168770713,-1.426592345263586,-0.5458587683900383,0.3783889269725941,-0.629545386041416,-0.5186649875401912,-0.8868655477888503,-0.8707379658551232,-1.512373411707643,-1.1311932165060716,-0.9255656458546627,-1.2301084753864846,-1.196574292384561,-0.8430353260383261,-0.8944612880897734,-0.2161793987543846,-1.0006143609478801,-1.0202047634852691,-0.9356528038022638,-0.964043487398911,-1.4184469111425184,-1.1257420186196445,-1.0110880634757358,-0.9250170403072075,-1.140317823181356,-0.7057587774101234,-0.7885168778726487,-1.0253774559575068,-0.8102285456159186,-1.2607405262727656,-0.8290350009342432,-0.822259587655865,-0.41920529840567,-0.8321026204571479,-0.5651772766370998,0.6048753606812267,0.47800415639246197,-0.6029416620802641,0.45260946496691323,-0.027823451127938204,-1.3196425635240312,-1.0885745961150466,-1.7641602444346443,0.08509433154673225,0.4841889226762372,0.5649046832746131,-0.7438711669626217,-0.6835645762357658,-0.8499091810685586,0.45445557680433124,-1.7246287148735882,-0.11010175882052675,0.32633506223452546,-0.6390975145674217,-0.3281607456569186,-0.45566964392204007,-1.0860092445054736,-0.9577890937730899,0.451196474235343,-0.1905637071583067,0.42733570311196495,-0.8610578183478723,0.4855372015423997,0.6930511185609197,-1.1547941902712484,-0.7400786711210711
-0.15638835198724985,-0.03162194944009854,0.14395756432599224,0.18055284491815696,-0.48582664890408334,-0.08433227325409727,0.08949355856685832,-0.049748741821735144,-0.1267944737977731,-0.39893518133479977,-0.32663938710552,-0.24583243145832526,-0.026172217870889882,-1.1270922169650786,-0.030634772519506265,-0.0281239573033311,-0.30103003399993267,-0.2526229447089969,-0.20219756239087774,-0.08622693714953474,-0.06761249654205795,0.3356508852803284,0.041643787432349366,0.4001511130143972,-0.10106782431893287,0.14587939825155843,-0.28683063506466017,-0.024943420419802416,-0.16445600903122046,-0.22758113761821075,0.1309896855649785,0.12074834568607795,-0.25954829966190407,-0.3217840424137451,0.14185344948052445,0.03922742862031166,-0.05711178868584056,0.008107447287376984,-1.061916575967185,0.01119454671127261,-0.08926521919551071,0.06507438883924714,-0.06064668856696995,-0.09179422140241537,-0.08545519146270439,-0.1416341769850383,-0.1013537836807145,-0.14448721687718172,-0.18598017345358225,-0.2936719060435358,-0.6212409755763623,-1.0579732013189787,-0.35109648570448654,0.00357002124516515,-0.4577027829815102,-0.5062734656278745,-0.21496408845538342,-0.07367801362610538,-0.5443127060445083,-0.2532100452646117,-0.22404961525492642,-0.30811315330976496,-0.038252372562041094,-0.040017395789743955,0.38375111609946105,0.2561368019430656,0.023787089775300065,-0.018696264874662125,-0.15443599166636263,-0.16413704100806212,0.49002312785375846,0.32835264773339146,0.6726045867473792,0.36544736413500944,0.30011655737973786,0.37607300863365684,0.016571902822324507,-0.3898748732115552,-0.16282661226675796,-0.5942339863382878,-0.03613682926675749,0.1733730426745854,0.12777968706754006,0.24159410820536317,0.5224096641018423,0.1820489171252398,0.025834359216109343,0.026996501119369107,-0.1859211353355926,-0.23658736239035114,0.06426938666222952,-0.16945602103930793,0.592443976498235,0.26711674811438824,-0.38167578387735684,0.13104741496836286,-0.4266463396147227,-0.8255343511260564,-0.14657550169556968,-0.3162259070153967,0.6947290417650485,0.3668472215299132,0.15104122128161238,-0.11261172755318086,0.7525695069380153,0.5624783852714648,-0.14627830114139426,0.6632164492879825,-0.09277260655591066,-0.7434454972263418,-0.533698306605584,0.0345890203418698,-0.20347661189265046,-0.34697584764510064,-0.3370485572077191,-0.22460166656582695
0.5325920819232984,0.521170647519978,0.6992473096141146,0.8487070401102397,0.6040169914911342,0.7424852027249254,0.6537881225038723,0.5719196331204698,0.77469200586409,1.0253753758056323,0.7958162516078854,0.5688001573240419,0.7103590603353872,0.7993209800301491,0.34066835085458325,0.4209107720030563,0.4690831108564985,0.4495146451919478,0.7159458998049416,0.6503532124280865,0.9055698050636709,1.4326823074128774,1.1378006162225203,1.2082527058779826,1.025106763542242,1.2683102217839664,-0.1556885585440287,0.8567889039003258,0.5630654811987206,0.6542469138801926,1.1543064120945532,1.0898824664738422,1.069299713979471,1.0260343280681072,0.09842249127598161,1.1950563093224287,0.6412981858150345,0.5826008572134659,-0.06597892322230332,0.5717175168762838,0.44100967725700885,0.5300996683678466,0.663343225717753,0.6402857194505105,0.7294794480511095,0.6999212044616613,0.5987649292945468,0.622896709126057,0.9630274506611276,0.9238697414073368,1.0160519956737704,0.8649570443862815,0.23693865731486044,-0.3438778385549942,0.2641048808425709,0.14580976500601153,0.599342097454605,0.6325133879732059,1.0896087046931395,0.8259929573825326,0.6619990717103449,0.8632958148539533,0.9570810017275444,0.6274184029210925,0.8948330147096557,0.2455741860923512,0.7821384145811876,0.7761430784561751,0.634673513730554,0.6626026405356266,1.4530008176598912,1.073107561916431,1.1427865085565174,0.8632405217598947,1.1554811630551922,0.6715283571146557,0.6944842968635544,0.6153058121985217,0.5403529913417766,0.7667320335455111,0.6293986990078029,0.7297471162730284,0.4346890678340222,0.7704612326776104,0.582158184948544,-0.37075305187936486,-0.2880117474042523,0.5187226059639571,-0.3775439499928223,0.07425370222749528,1.088999393711856,0.7645196585504155,1.7583557937945005,0.08020703166834234,-0.5714389490957987,-0.37360874167281427,0.34261794656449795,0.3663555529028521,0.5816182171476737,-0.46649050460739705,1.7632228299792359,0.2576787960282234,-0.10162829306679491,0.3891234416462184,0.6210651937693967,0.5908043196573732,0.8218039545985901,1.0076958680924133,-0.35835102085264336,-0.3780238262942117,-0.4999226550190791,0.6996987482286213,-0.4607857013632449,-0.6752016663419357,0.8540981879916273,0.4806030934236044
0.3538384042267928,0.23104647624851926,0.1296637623769678,0.16274839444748435,0.7211214270350337,0.3799213377333755,0.16793162606519832,0.28556399248895153,0.4448349722156443,0.8392461319344264,0.5994949113893826,0.4356477494587031,0.2889260791110114,1.428160201243293,0.14980357733950658,0.2016524742203688,0.4936115843435778,0.43975715502876583,0.48139694332639976,0.3376440967921103,0.3766637536511339,0.19053612911958273,0.4163931571164199,0.11676043401053735,0.5416840785659759,0.40146945989492133,0.2654112204122803,0.3674032185685371,0.3840416634885199,0.4941424513456259,0.30666071030888176,0.2954354976919998,0.6976778402816503,0.7584384431168059,-0.06860407819624892,0.4698850029012184,0.28409210375908256,0.21420860466393665,1.096252753181757,0.20311494744268388,0.23959428423883466,0.1330830837965091,0.32756256493595753,0.34989432843870444,0.3799531848342746,0.422824450374443,0.340773073302589,0.39306318730458795,0.5470098879640177,0.6391596598955053,0.9381623776099545,1.3445141986054383,0.4196972522006289,-0.12160442440048416,0.5427867528115125,0.5319577234127034,0.44743415137824094,0.3169937196107285,0.9614349623586909,0.5636972587100585,0.46949379281601467,0.6662149771115051,0.4352000709862471,0.2853043735073397,0.0592844297092437,-0.059707060454914765,0.29595161985335977,0.3381460737004393,0.41600620916034003,0.4373085276820552,0.06820437255657813,0.07232876090375803,-0.22823357441673386,-0.017629220089571265,0.14868312621300844,-0.14754975758724362,0.28910106175385253,0.6580904796082858,0.3857067939743706,0.9679482127312968,0.2856317188691917,0.16123358878950025,0.021954899589278536,0.06263672587589711,-0.2777949810367106,-0.3079372292345066,-0.13967757272904852,0.17224906071071566,0.06702310203910905,0.25483736568065496,0.3728383543926322,0.4780255394585055,0.11857967213507872,-0.20916456670232736,0.25604453374390634,-0.24094336759582605,0.5789573123375498,0.947354632613684,0.37315814992834845,0.13909785026215288,-0.04246853584571377,-0.2349520973972601,-0.18568775544515648,0.2670227779182296,-0.4802504178478787,-0.2788858053379475,0.45372033291900193,-0.2897171661307544,-0.019531839126855834,0.7456637167523863,0.3872146580590094,0.20689887893095435,0.0673859063602153,0.12094251598063738,0.6977421856122727,0.42344723940836543
-0.3285000647523896,-0.33751240515339764,-0.5582284655703335,-0.6684834451310437,-0.23753100561309787,-0.4961816119932576,-0.49747874696133926,-0.342840259217653,-0.4727721668162577,-0.5120732240358422,-0.5841059988334558,-0.36149467983305644,-0.545511272365143,-0.15697405384513638,-0.4091344524816748,-0.43743103394475735,-0.16318617475972566,-0.1775879232155371,-0.423683278569388,-0.42647206467776744,-0.8597823106607465,-1.3407178818227017,-0.8676221630084385,-1.0512941164701288,-0.6787386082899557,-1.0019363207458243,0.22232877694260478,-0.7018885893920325,-0.3433246281981171,-0.3827780702644206,-0.9697843866952925,-0.9030943827491389,-0.6444043142253248,-0.5558414201257655,-0.11217318486126474,-0.8601486894181535,-0.49273654608770756,-0.42938392435693046,0.5677163954823795,-0.42179246162016665,-0.3465335180399008,-0.4246185142621108,-0.4138335061907485,-0.3826050551990789,-0.4648767898298814,-0.41180467762529,-0.3505262882970286,-0.3435889045195985,-0.6495778198180192,-0.5557756821371782,-0.631300828778632,-0.24014135063388226,0.0536069380282715,0.3646640732664278,0.030211205337815752,0.13690832414918197,-0.3251387261120206,-0.40512301055424177,-0.5873898617168186,-0.5006239221618821,-0.409279040497833,-0.44233547565661147,-0.6525806042376208,-0.42393466218655107,-0.6768547930926345,-0.12250525170082992,-0.5342664360645001,-0.5026507055276742,-0.32856021830577486,-0.3517426894949639,-1.3719580262750604,-0.9726025563025783,-1.1932937328158042,-0.7697196231069097,-1.0858784037729945,-0.6655231117082503,-0.4625543371501865,-0.18858437922308272,-0.28628744296818204,-0.18083325056770697,-0.43909462765935736,-0.5968883217116157,-0.49213563686932743,-0.6937240430000703,-0.6082415217533291,0.19645583320445606,0.15782084808173683,-0.46458544770723065,0.3702076156381751,-0.015378302209963201,-0.7749672279368193,-0.40885450220886915,-1.4863365284423844,-0.11764768262988443,0.7277009510331124,0.24903133158183804,0.024903800244806693,-0.04125438046004197,-0.32945699035090165,0.4996137960084404,-1.6347493042128465,-0.26195037282540923,-0.03394487741390525,-0.17055216902447867,-0.728635629641744,-0.6054405467858861,-0.5421571458344192,-1.0172305162964745,0.33536115367709735,0.8864814304517177,0.6259884604849797,-0.5577331362897353,0.4965297997690899,0.6787837925682744,-0.5004586793976957,-0.24569146738183165
-0.4613312289063775,-0.33563595569973614,-0.32887012677481225,-0.40417326131339776,-0.803172570642071,-0.5587438599071519,-0.34309717196441086,-0.39267665995924295,-0.6096741419813494,-1.0239946527880623,-0.8310318168662658,-0.5390516330082311,-0.4912472845121112,-1.4057031652921372,-0.3739037964282709,-0.43269319309296517,-0.5400410938129123,-0.4962564530084156,-0.6212066595303988,-0.48056704752235063,-0.7648572638386013,-0.7080521252696115,-0.7510826053065334,-0.5446811871559406,-0.8087365413418578,-0.8177508498585853,-0.23427769309434557,-0.6649296609639184,-0.5062564082668433,-0.6362408562078888,-0.6799313296371424,-0.635329933889076,-0.9317959071477521,-0.9595052072444765,0.0024402186238237154,-0.8034920180956807,-0.45426686135283756,-0.3627207839295141,-0.8584311357269977,-0.349104951194069,-0.36618624273246625,-0.2839075626685274,-0.46410923636499885,-0.47335420481541,-0.5377315921957118,-0.5556824116747902,-0.45347475142002436,-0.4980198113937144,-0.7619579819165252,-0.8128847660093721,-1.1265276197727627,-1.3669175167241006,-0.3814583472492878,0.2715723449803669,-0.48443858394919204,-0.43767146700564297,-0.5503053953653848,-0.4474225981178175,-1.1434716442255741,-0.7191027642134106,-0.6033212818728318,-0.8088017748217897,-0.6782566896410518,-0.4341359720613962,-0.35081507185860844,-0.015322315728486706,-0.47916721428425285,-0.5082069200955851,-0.5137324904655435,-0.5466561395478798,-0.6182916509784735,-0.43318867887478835,-0.25583763004886134,-0.28429714994287975,-0.5868518203246478,-0.0854486288257097,-0.5046248794221078,-0.7108471358757007,-0.48606869594889995,-1.0699402538796967,-0.4511826550077725,-0.4490810789350579,-0.24761485451499174,-0.3383235523333332,0.021061367380835628,0.35483642318769926,0.1784201443130896,-0.3695038925532506,0.06123104115941918,-0.26323144018444605,-0.6437572426137013,-0.5896102130706019,-0.6784894953332407,0.1661266031323551,-0.011605060006708535,0.29867383426490335,-0.530499915057973,-0.9851085724820343,-0.4749704500027799,0.048116722218894424,-0.5531809816513265,0.1468861275122443,0.14036899093272026,-0.2828370492320624,0.18516878257226718,0.044952502797067716,-0.6352563317429734,-0.082358315823039,0.13854346970719378,-0.4523601465557197,-0.1685734768404942,-0.3927063089915467,0.11686116156556782,0.1157778382431662,-0.8983618291497477,-0.50672942199004
0.15962981756360906,0.19561905384340655,0.4155429639226055,0.4677107649005971,-0.10055514768844,0.2540949386725164,0.35059869705530977,0.15578504842109311,0.18426941855278742,-0.005195339681588465,0.32009564234982496,0.19005783715576888,0.3695198550678685,-0.4153123625862052,0.29985317346973706,0.2722698778550089,-0.08079416413512022,-0.03727800391188659,0.15431747046221927,0.2249219063542724,0.5962065654676912,1.091911301910763,0.5208746345574824,0.7426099379916912,0.2777954766096181,0.5799703233426572,-0.3628110672121807,0.4639594166953872,0.1492144215309678,0.12866068349407156,0.6939040286044748,0.6428260737438799,0.19025634229889932,0.07015716890991676,0.028500203859402502,0.4296143614932952,0.3496885607680596,0.2959485957595508,-1.0106922253081396,0.2914630544285359,0.26798979321996874,0.3351216728176565,0.19270121955989153,0.15925834470749786,0.21787874134969892,0.1532034209634555,0.14055399888917852,0.10717538337373156,0.3277778660543067,0.19634400800822435,0.20031705557061194,-0.3533393545847927,-0.30771842924106274,-0.3830459096571654,-0.21544933350444298,-0.30810752158223753,0.09034040554485497,0.20814057446817022,0.08625963101053828,0.19427784172941365,0.18069932660804527,0.046094063757940826,0.3241732603067111,0.23958080159848613,0.3334290953318626,-0.05252161245216352,0.29432647562321185,0.24321317730207298,0.06911066608022559,0.08178735276721444,1.1216574507892711,0.7987008784314292,1.096940032343416,0.6265947564161014,0.8870486679309019,0.6441948957669371,0.1172040725457719,-0.18099594154682883,0.0700427443947295,-0.395944517411324,0.2557316028669753,0.39355826817460227,0.49228624362151435,0.5679092275826314,0.5947134306251877,-0.08464292454144012,-0.09662295624440256,0.38891554037947906,-0.3832535912910159,-0.12139554214485586,0.4316174537449767,0.09580838944051162,1.016900184300079,0.07983584920170556,-0.8402436840832146,-0.18046624875092687,-0.2793111599553552,-0.297511792227341,0.11969684537912845,-0.5214218137816106,1.3301801680969227,0.19062722308253563,0.06689952908149928,0.0390103380004224,0.6752952721370772,0.5494132268512193,0.2688607850985126,0.9544355043690224,-0.3340758896165172,-1.1955814914891076,-0.7300198755249259,0.41862303102968024,-0.5185953592547046,-0.6561771397090607,0.134293362216387,0.060851360543605335
0.584704296736085,0.4564996448032118,0.5402436975136901,0.6168033450841022,0.82181192292184,0.7104036597808644,0.5295834590964597,0.4816169120510128,0.7152501735155631,1.0251977201470839,1.057504505148848,0.6620951057886094,0.7122440938911978,1.145876392212623,0.5455917112951186,0.5525372298029232,0.5589796938560304,0.5396181396688331,0.7201803044042132,0.614530105601066,1.085749730575848,1.2089934701668203,0.9953284425916288,0.835863431141993,0.9372334066293871,1.0475931956182687,0.07232302218385597,0.9389558801782624,0.6305930350529039,0.749804697479066,1.0180582460912577,0.9381304094364397,1.0188441624720634,0.9865257945934575,-0.073627772619412,0.9561530930239746,0.6563329180288429,0.5364644476405644,0.323874769676574,0.5242311592767226,0.5610263349939543,0.48388107164005345,0.5734553887757023,0.5686035520537651,0.655652796560323,0.6434586720297895,0.548244575791085,0.5704165172040118,0.9126042362773175,0.9034580294257286,1.2007420807534754,1.1798041779538941,0.27337507115488763,-0.5354817678514574,0.42651939583704523,0.353883798755392,0.6317513449999178,0.569428905281381,1.1697667865640657,0.8165692567863013,0.7262939354633198,0.8324966999359632,0.8377427305756878,0.5845683897544407,0.4146010355671236,-0.09216643316659222,0.6164423512127064,0.6225536266141947,0.5592049864324166,0.6009300089956942,1.14807772079698,0.801040634281517,0.779860542311535,0.6018434087252469,1.0202023428506606,0.40102089202456653,0.5434879012478927,0.6526853493639228,0.5707741074866854,0.9605510322379559,0.6221331675798814,0.7204658847122227,0.578787239805385,0.6384699653109167,0.30509739780096345,-0.4442916989262407,-0.2683643178124467,0.6355453336199057,-0.29271369781437084,0.13537650444117955,0.8145388130836505,0.6113086937503476,1.003993035229141,-0.25105695889276974,-0.39946065064376574,-0.4212096615720454,0.42715397272284417,0.9481459312706765,0.5633288175579023,-0.3148129452075771,1.0654283552177206,-0.2022175074130623,-0.15777372923633606,0.28908715928682677,-0.011055876982970714,0.11870397303650382,0.7797242102250951,0.49799284521079695,-0.3595041739456733,0.0482594900801835,-0.18949308550709876,0.6105467875647028,-0.42117409957432,-0.434218007160376,1.0128808607655666,0.5877086265575722
0.09697787975600687,0.02109451192935159,-0.15856530689578788,-0.16315794685044874,0.4936756143931239,0.08193361257643869,-0.09983627717738901,0.08054031023705349,0.16665013874727788,0.5237390935415674,0.1130793806335518,0.07191612135351129,-0.05355750129514897,0.858424403875641,-0.06710073559966119,-0.03585839318217255,0.36040254752736767,0.29985874199598833,0.18218691502309758,0.06068300733180307,-0.1218060250370052,-0.5784399162750566,-0.04413632640055117,-0.31186379848326334,0.1875812831102807,-0.06069910772062805,0.4294746359290825,-0.049640332857555036,0.13566681935118827,0.20735499492733747,-0.22917205164740506,-0.21764761056918344,0.3167651459668711,0.4318894335344687,-0.02068535843004963,0.06535019244006221,-0.07925820202907316,-0.05907795183948991,1.1644263412451712,-0.05258499448952103,-0.052760180601440804,-0.1256173066252392,0.09157192543296341,0.12067118728255151,0.09603940975721544,0.1577144002777832,0.12957142753158332,0.17600076412726462,0.07962249068195022,0.22167517431152048,0.3045813226507289,0.8845191935386502,0.5479600663270864,0.23392277469317693,0.4003985787864353,0.4778215420666817,0.20557469911134202,0.06343684261062564,0.43553708563348703,0.1728986361002654,0.133226326416211,0.3604605531030127,0.08609052392908512,0.03924160851321353,-0.0154249493669121,0.1115746433430794,0.013605481809834254,0.07376350099382922,0.21846269950336983,0.22203409542969704,-0.5986492474107273,-0.43721572235437434,-0.7343106286236791,-0.31846165002044385,-0.4601324474103195,-0.4547585866737135,0.25187199405723804,0.5358555843929422,0.2115104465867823,0.9389250521835563,0.03784228803395262,-0.021182998218007128,-0.26972755917096947,-0.2693821427481809,-0.40216609303119777,-0.09738909327372858,-0.0237829968469915,-0.13786442728176412,0.2533130547942354,0.1763052146260976,-0.0176227094084288,0.2213967251674954,-0.45506932646313075,-0.14175600867648674,0.7121997794471223,0.025654721964963424,0.4879440135418846,0.6811457397726376,0.15016304823313412,0.4045970514896936,-0.8068598479288537,-0.21659050279907135,-0.12915146572470834,0.08337957729988851,-0.612025167812483,-0.4784466876838936,0.09119383277918311,-0.7005686097342515,0.18861469674543221,1.3290855463747189,0.639764844305904,-0.15069781553802566,0.3499144527163124,0.4564544250858975,0.3045563652567343,0.17796395315028932
-0.6549034448788074,-0.5380159979588107,-0.688067019258942,-0.7359436860329033,-0.7183606092449519,-0.7676806159121571,-0.6572596164768684,-0.5171592475076313,-0.7159025773390425,-0.8366610288860935,-1.145562284221933,-0.733184639864234,-0.850295634944249,-0.7146425026124962,-0.5754056400150148,-0.5133585430341007,-0.5121843281486216,-0.5260477044463989,-0.7245065388910955,-0.6770649396581286,-1.18468432356431,-1.5211248083857583,-1.063351390413778,-0.9252687486893473,-0.8865480650554826,-1.0407397014213402,0.17482110247561403,-1.0683435624870306,-0.6864197067131586,-0.7719276862164335,-1.1931976749307405,-1.0932028242915717,-0.9150428998166266,-0.8210894834081036,0.21783683942424045,-0.8866847235450306,-0.7970504223622789,-0.6625534295393986,0.32639051415125264,-0.6485337762508981,-0.7225061775671203,-0.649958231181609,-0.6095586033775026,-0.5931442431478929,-0.6862394230919441,-0.6463436293408834,-0.5787740893150374,-0.5722257529847081,-0.9370529639191778,-0.8618205321447866,-1.086038331352906,-0.7908405060743731,-0.06912402647962304,0.8039419116650509,-0.35038405237806425,-0.25288288472093257,-0.640805861124823,-0.6271175920410931,-1.0163352558592307,-0.8076905397736139,-0.7722243897395168,-0.7251727613658129,-0.859916978707767,-0.6664434223377228,-0.29243594373086446,0.28016044376575705,-0.6631777722585627,-0.6416828532145095,-0.5278631639137916,-0.5715733984825043,-1.485372661003866,-1.0563537723394043,-1.1865168985107761,-0.8315957020057911,-1.3074917427953203,-0.6860348442821026,-0.3732887742361432,-0.4731330020995508,-0.5871293796356664,-0.6405703764184301,-0.7171121255930012,-0.8544640938482957,-0.8529659651377163,-0.8447519733680394,-0.5814263145246403,0.5198169003756108,0.3664542732444573,-0.8476525997210874,0.5248577526537433,0.07659235425563167,-0.8416587768037885,-0.5369331082813719,-1.0580789060608973,0.3786269034650535,0.8123704594535011,0.5445258069675695,-0.28666428569152785,-0.7719190222109799,-0.5901549015705692,0.5769919623816583,-1.360963997499197,0.31272651815826374,0.21247759077632924,-0.2908271404154693,-0.06279602605280972,-0.23109405858540474,-0.8195410898649194,-0.8426843672669018,0.5782994560689787,0.37105401777696934,0.5612023435448502,-0.7672430069869269,0.7119562257796493,0.7188162363565379,-0.9858313626125015,-0.6228279427083695
-0.49509686004410025,-0.3712961927650726,-0.25598310677232866,-0.26899527941589985,-0.9589080091286715,-0.5439308760794139,-0.30190819765095595,-0.415414427137048,-0.6055234621742569,-1.0192654376504553,-0.716490551661334,-0.47939258109293553,-0.43966449372348987,-1.141985155931039,-0.17648239257387952,-0.13823661249070804,-0.7237573638904822,-0.6622114671221716,-0.6176177284156573,-0.4734566259406491,-0.44423972193359107,-0.17281477969797804,-0.5405403577318583,-0.16461057424271547,-0.685412767212852,-0.46003965184263695,-0.3177780166177036,-0.5328227722293576,-0.5570982200805019,-0.6595388072861221,-0.4150484025910646,-0.3701831488005457,-0.8504941703419271,-0.9202374419311163,0.1975151502208322,-0.5553275096177533,-0.3666869803020799,-0.33513458092057113,-0.9303592451966042,-0.34746685635625,-0.3602058323725311,-0.26369267474014313,-0.47990404848902235,-0.4997011377599828,-0.5101796906570245,-0.5563333120682848,-0.5066108465054469,-0.549578707238392,-0.5881967526353202,-0.7110276234395619,-0.840545227512498,-1.3064169876859175,-0.759366623250753,0.15582074548504096,-0.6572441737439371,-0.7119869891056096,-0.6065359484615525,-0.4561779339470024,-0.9636284392681411,-0.6271928115802493,-0.5750388128141659,-0.7858996345440701,-0.5821729953117128,-0.4569195740717735,-0.1664960596614321,0.02591980573869216,-0.41814519689084295,-0.47534582647175017,-0.5729497150521194,-0.5954828373111563,-0.16767261799038535,-0.12775055157774545,0.1051247029185856,-0.1828842589888089,-0.1818113685153699,0.03923843906920663,-0.5276771516576193,-0.8885993466699854,-0.6036791034632798,-1.4027372674944782,-0.4815853036895495,-0.5154997473161191,-0.20812226642317805,-0.2251487889146439,-0.009620687973294165,0.4224122438858425,0.284146524740272,-0.33710268948938266,0.0924885362005218,-0.041435995302080926,-0.46454822858168926,-0.5681763292007486,-0.07503022276517195,0.3966996082721067,-0.2771030190199797,0.2940369777677849,-0.7111203484687166,-1.0771803474621833,-0.5290586055167689,-0.09038659658838746,0.1205542119013697,0.42920731294478665,0.31570410333299803,-0.26464628458531625,0.6502856515467745,0.42224279662459424,-0.5645679947893092,0.225372192911263,0.1747455656510963,-1.3548663840161252,-0.2847266809229143,-0.2936589605516759,0.07555344323753574,-0.02476190254737261,-0.818784363705092,-0.5267888305557828
0.4999564670708338,0.4210981991813092,0.6053226856767574,0.6211075436941462,0.35250508789997786,0.5750119310460573,0.5612575530866474,0.3687565976990904,0.48253615498133856,0.40456933902166076,0.8953886847293938,0.5769060329867439,0.711153978167565,0.14698537298242345,0.4719310549026432,0.3892150903984332,0.2608424599320837,0.30934954135718873,0.4906573278768822,0.5105158230711953,0.9777510347379119,1.4256100633568323,0.8219426822485255,0.7696524553051212,0.5832689365631679,0.7821321101375859,-0.34643157074889686,0.8794005751980037,0.5052745126538277,0.5485088760491744,1.017343939125632,0.9272185531594974,0.5278494366184321,0.4016037020205351,-0.24425626574336784,0.5546946806740592,0.684810661501855,0.5679301024849238,-0.8191778363042905,0.5412119419994411,0.6439547316718979,0.5963997024865472,0.43406852978511434,0.4108984490350948,0.49469778576360757,0.435126599427223,0.40178978408326066,0.3701140776843731,0.6948129505286292,0.5606678440938346,0.6827000552198976,0.18306322698322755,-0.28616021600522096,-0.8640009790431482,0.12256263153098108,0.00033447187184457004,0.4292910679686026,0.46754321684684813,0.5998510357625217,0.5578992897432841,0.5781632884203844,0.4030765988913195,0.6242285009603599,0.5128263864450746,0.10675427258014546,-0.361368359844851,0.49304415232070825,0.4442965826789485,0.3044611227118881,0.3405076360948696,1.4139058936926068,1.0053059764338332,1.265148570235113,0.7888397815905825,1.2583696559070112,0.7274419343151246,0.03065019290352693,0.08584548658402828,0.38522019726443246,0.07796283505168529,0.5610170778036788,0.6711599470738975,0.83071132396832,0.7603153495271356,0.6037031604938429,-0.41221363474964273,-0.3161221809475596,0.7874334959150718,-0.5463411777707123,-0.19932262810730336,0.6215464733186483,0.2805536232723163,0.8658050217095955,-0.34509740648346643,-0.9657919135321528,-0.49140082537272417,0.02346480243267677,0.3730822815337724,0.40792594795704734,-0.6651267353925141,1.2884687351127535,-0.28135516597257537,-0.15798192276658704,0.19505939249625012,0.17720005015991355,0.3326716978778786,0.60037917239206,0.9271247366105766,-0.5804418163604318,-0.8149124429671185,-0.7218414847133731,0.6720123249686767,-0.7526826915379035,-0.7583754232882631,0.6924663242905024,0.46779818839526893
0.8969424934672852,0.7350817504922572,0.6916851040704811,0.6961360963916674,1.3372471274033502,0.9862995076909855,0.72209260689397,0.7429110917284736,1.0004386957960743,1.366628742423946,1.2803381664073252,0.8929878601490613,0.9407320683081467,1.2043905094786034,0.3461475681087674,0.2047242482681132,1.0473856931195678,1.001082524811159,1.012122226534452,0.8771067980840823,0.9152848413457834,0.9218861358157755,1.057657796250703,0.5592453754817368,1.0797326837979362,0.854641622736563,0.08014682201437945,1.0930248351849896,0.9711341478908472,1.0825891066787514,1.0321016881698757,0.9335666571715149,1.253026826999518,1.2579409600884723,-0.472732874332896,0.9012618219610502,0.8332935678147705,0.7532610622725323,0.428224053013892,0.7659393946309875,0.8183762200656814,0.6974128993948119,0.8497467358410306,0.8580236042397787,0.8975157117512595,0.9204754360711334,0.868729378077516,0.8953365024080678,1.0473942575209827,1.1245613047771361,1.2397474699208921,1.4992754564246122,0.8406203116276456,-0.6537787020825463,0.8907798851031309,0.9100357235850042,0.9811053470706871,0.8411519184130115,1.3571512849670915,1.03111837624088,1.0020571640047296,1.115285306610435,1.0208372479205052,0.8711511283296288,0.2068157658276708,-0.26798630640303023,0.7975735534407221,0.8402077100256694,0.8855232482387467,0.9240928117245771,0.9398350204124208,0.7161764060757114,0.5970133617582428,0.7163645714155954,0.8399105533979142,0.4504327510934631,0.6095348259123957,1.11882014748112,0.9756483646965068,1.6528735651758482,0.9227025147181601,1.0215025442841388,0.7451109437956747,0.7367507580300573,0.4785353533956355,-0.7759013652822839,-0.5932719044914271,0.8647736721202928,-0.5154833564538932,-0.21607128881158352,0.8830256374250377,0.8470362809134798,0.463626634105655,-0.7296209713636703,-0.2938376570448624,-0.6684876429938051,0.8823505829478273,1.3467003165893277,0.8931985770953402,-0.3162368905806816,0.5257163181243538,-0.7198261489002957,-0.5556506690182725,0.45395110905533725,-0.7420291792375256,-0.3657988872074982,1.0002334103698638,0.3211310772896019,-0.6140528767593321,1.2630188069792623,-0.1956312663871291,0.7610005947268744,-0.5959957836386433,-0.4868599548001762,1.2569143164386256,0.8756493466378319
-0.0455361430889643,-0.03202474144183199,-0.2210504580202153,-0.22222697631440094,0.30967157213449376,-0.07616037945656577,-0.17010819112715342,0.020823835636797246,0.026117697804347275,0.25123684262827495,-0.2518947404456936,-0.11690361183673355,-0.21956749753264182,0.49271849765928283,-0.2958628577282942,-0.2752009109722623,0.24909732359085546,0.17128635419433086,0.030237150018167958,-0.051867931179113105,-0.5025370826234702,-0.8674943502541397,-0.2523486690433188,-0.4033700294166436,-0.03769249923888192,-0.329611059356288,0.32906958069181075,-0.3279743324844136,-0.01946912857048001,-0.024489156243617128,-0.44256499008730776,-0.39393204658891035,0.13627984884053373,0.2508023590432533,0.03318410583423235,-0.003513350536969345,-0.2384932911179682,-0.1745358503686398,0.9845260000578925,-0.12345245449316426,-0.23002543716609242,-0.23529860513879766,0.0075910826990957525,0.03232286815594741,-0.03202470921980241,0.0371312198251263,0.04190107092512224,0.08866229384256598,-0.14559583257989916,0.030580916646578575,0.00034937394681977513,0.5908691658005125,0.7809281586717601,0.6020001934684476,0.3223725621763148,0.4652303829027504,0.06056440894117356,-0.027363699860908926,0.07619055238234154,-0.02447677004535037,-0.07991953587262655,0.14614906661434746,-0.1033636928527302,-0.05617416998198959,0.034100021188927895,0.22603363275074068,-0.06142190124174001,0.010033167502102106,0.15342525807834625,0.1339922193138101,-0.8783909269305819,-0.5787121115704784,-0.9389646770792552,-0.40057377305746344,-0.8170548978198918,-0.4238912878450927,0.3917892332962284,0.518145256048938,0.09461717745944823,0.6817625379984942,-0.0854873902539718,-0.12438701637808183,-0.41625528663087497,-0.3144021682926795,-0.2850514692137076,0.03563082938298276,0.028930977311054422,-0.360061200820511,0.24998591103037118,0.11594835759913466,-0.13491240320108822,0.1814438264140941,-0.5093562635862754,0.036506896177772516,0.7293601207709263,0.1665635501493306,0.4032730080047152,0.24073599210107333,0.04517527648497173,0.48869084178556255,-0.8303722329973169,-0.002992959523067824,-0.09728581432792807,0.05371813317519088,-0.43047071060755654,-0.4485875043490385,-0.07068366637213397,-0.6691293894062738,0.25759267487594384,1.2903579346343002,0.5529989849420017,-0.24348453314023424,0.42795760284573664,0.4529577686826412,-0.10617151750735637,-0.05607105508290678
-1.0587178592621844,-0.8908156794728633,-0.9167229413067235,-0.9065278013967186,-1.3793773988089413,-1.170411064562402,-0.9309054888537274,-0.8677504622575827,-1.1360668026419056,-1.3947406757004033,-1.4996416640519277,-1.0658688448215186,-1.1746704254821874,-0.9680630689267143,-0.4115180703881459,-0.2051871717146105,-1.109657930203775,-1.09291516344249,-1.1343232262457852,-1.038040409860752,-1.118614376833062,-1.3463751453512527,-1.2685660419361127,-0.7476951297293105,-1.1944856232734546,-1.0117915054000814,0.12777782453200925,-1.3627526942467558,-1.1311499171613264,-1.235855995921386,-1.3308372542447267,-1.2037011192648506,-1.3097931179832603,-1.2622817799436283,0.6367680814876617,-0.9520835828793943,-1.0585158571778266,-0.9590210576742931,0.10537898340137249,-0.9540315238751546,-1.0538341927095112,-0.9329470222115426,-0.9882105847732855,-0.9851855420413994,-1.044547359155669,-1.0413173647605667,-0.9993814876490122,-1.0036103072621012,-1.2232953975632623,-1.2338865192257775,-1.2873870289431282,-1.3144002467016829,-0.6500624124682077,1.0145761052771507,-0.9009172766293763,-0.8688955995601138,-1.1006933110253043,-0.9924520333072607,-1.415184102724891,-1.1603784764848863,-1.1712652588408516,-1.1680256752201696,-1.1878407867376934,-1.0389435034732886,-0.18030368670593616,0.4222575375630905,-0.9501107982314603,-0.9676288763846277,-0.9632163435660677,-1.0090824074686648,-1.4012312285522524,-1.0571362591031601,-1.0979320834062225,-1.027905908757192,-1.240645280915171,-0.7517109614554428,-0.43856299676198607,-1.0336926432228846,-1.0990035356854142,-1.5184692852444237,-1.1071560796042696,-1.2184273958418599,-1.0366824571052644,-0.9898034213978074,-0.7416584541792778,0.9330553052200664,0.7541447704474976,-1.161330462628573,0.7599634294541162,0.4161970261207371,-1.0447086289820438,-0.8905955342330562,-0.6466238025878105,0.9014867684147143,0.7088225186753006,0.8763512148188342,-0.8501527335374716,-1.3082073855312764,-1.0213175059164834,0.6212228381760969,-0.8842618107232701,0.8619230748592169,0.6698553805533116,-0.5205929989045229,0.7272717159913344,0.2628515492033072,-1.1552666725652294,-0.702128358734624,0.8681090786001079,-0.9707139055689413,0.550729245368783,-0.9915236439025233,0.9296970216489917,0.8190162318979697,-1.3931096334648643,-1.018547831796692
-0.5717149960214523,-0.5098060200810235,-0.3393699853683229,-0.333096168647982,-1.0860498526745486,-0.5825291201570187,-0.39166240560896454,-0.5376684565580072,-0.6665546573197861,-0.9654865445834329,-0.5875905711000056,-0.509852495772387,-0.46813645355094635,-1.061562856322605,0.11174396345511664,0.2103520625150872,-0.8759246712218137,-0.7803132660437324,-0.687521088044319,-0.5609190316320655,-0.08291232086476306,0.04672176350013475,-0.47063727516903264,-0.05048129246047786,-0.5972091559754934,-0.18357016886639893,-0.15040186326754926,-0.41402832075874446,-0.6265912914856423,-0.6494902308060991,-0.3429691820914273,-0.3332460135946593,-0.8902825141471342,-0.9596690529344083,0.3471176468377866,-0.6026254425125445,-0.39998714294460797,-0.393307780258066,-0.8412888403550255,-0.46963270052404066,-0.38615617741531083,-0.3146615458833109,-0.585795599559947,-0.6077798435616373,-0.5674470412623365,-0.6362447797360432,-0.6230525929471946,-0.6733584912719333,-0.5529990976494498,-0.7463869107177313,-0.7735403173790929,-1.3433142522747255,-1.2731579518719298,-0.10744515639649892,-0.865982597931634,-1.0170762251211527,-0.6878814419431066,-0.5613597056746383,-0.8364840513939555,-0.6420309728600422,-0.577951044880382,-0.7777138640925635,-0.5509467378867997,-0.5622009023181099,-0.09811557068888992,0.06765163844301143,-0.5035573043756114,-0.5887080863532383,-0.7181318560871373,-0.7193544286615624,0.07108238331315377,-0.07193697899907964,0.3420336141403621,-0.19781455819777385,0.14166858644840682,-0.10473206439805105,-0.7583866575055067,-1.1730619250218741,-0.7139169574648995,-1.4445353147398297,-0.5614104047719832,-0.6020291432390656,-0.23439551621389487,-0.3345704937868616,-0.2424332660537129,0.49873654178383225,0.4088556852811498,-0.29253502124954067,0.25194134914083277,0.1315182844562647,-0.4758872402063576,-0.7238582503028628,0.10443651389364951,0.4514057912070295,-0.21328085685085518,0.3326897479548157,-0.8904343768166103,-0.907812111696348,-0.6379213469869771,-0.11843626328275184,0.16217548464453455,0.4523409386355785,0.48223811420140467,-0.38911819858417085,0.7687638793571911,0.5576576976397354,-0.6129352624111987,0.17876512124349836,0.2755687650843918,-1.708404820306355,-0.14444600902573781,-0.3785122411305681,0.1417029457382601,0.08157192476877521,-0.6101561266297364,-0.49819162219457636
0.8246429368922379,0.6940519086746537,0.7820139127776659,0.7695729249279327,0.9446432907130409,0.949472040596687,0.7800258270916244,0.6650513832076518,0.8836505465641584,1.0216460753885743,1.1968989272590498,0.8397269054145295,0.96939959541663,0.4196041889754008,0.38389897937045464,0.20135452049922956,0.7746131212344252,0.7976132421440281,0.8451705724241617,0.8099876661540952,0.9838453770387711,1.2579676966392652,1.0421335094465005,0.6787802089847413,0.9415331033918735,0.8953609033269648,-0.17930867588462496,1.1851257007708946,0.8823960029894893,0.9721046820127558,1.141923846290029,1.0231881953766593,0.9133313728705673,0.8475736094773259,-0.5332636242891658,0.6485584063166132,0.8747517797480557,0.798403753959261,-0.4788755984702049,0.7520525485618968,0.8901338340684369,0.808893427396089,0.7626638232378741,0.7500371375984297,0.8203052682139635,0.7914077048611567,0.7623526687651248,0.7444501386464791,0.9780914448620243,0.9089715386147349,0.879721713687057,0.6998809389315647,0.12654045095734723,-1.062378516150768,0.5588711270885333,0.46200867483794733,0.8238404781104075,0.7676043772516689,1.0346346367557204,0.8815331645511342,0.9306953431535078,0.8448842267939057,0.9600746764324567,0.8077142353220533,0.16680883997904,-0.34820041471087065,0.7526127022467493,0.7370310256580855,0.6887924060318897,0.7305109722104223,1.3654871281200387,0.9824295954206275,1.2221684063867573,0.9557307678612176,1.2191681601863942,0.689072435992082,0.028397921431103965,0.5328853690949453,0.8314970528360938,0.931542673883113,0.8765225711163844,0.9461459799956224,0.8897586879248747,0.8148207178385719,0.6298764682089174,-0.7426969422759802,-0.6280292870773435,1.041579925555739,-0.6516991553966166,-0.41699440453799097,0.8411770713169903,0.6024041159920979,0.6227572658517345,-0.7433791087566476,-0.7660466169799405,-0.7637771358827664,0.5193082202428434,0.8742670277468674,0.7739496811775176,-0.6860422465186344,0.8224268779063452,-0.6949046261449828,-0.5275916840000867,0.3728525655855385,-0.48427739204117937,-0.08178695578513283,0.8841533864613002,0.7613973969545915,-0.7589090939941902,0.430100160102479,-0.6042994020571331,0.8187876246515196,-0.8851487138131969,-0.7973129533167042,1.0997085073063038,0.8213771699758625
1.0701414441568933,0.9504767108240244,0.8178924708919316,0.799695222530091,1.6507939004066388,1.1184443885350939,0.865955553456835,0.9483238624005115,1.1705650283401372,1.4795790434010831,1.2651820143101793,1.0199171195755816,1.041613310443575,1.3671350530940827,0.03706236734222431,-0.17160721533804052,1.3418548730209208,1.2453979366191104,1.1958341486280297,1.0530512891780015,0.5685479749514106,0.6829047353926775,1.052723203994938,0.42761432328392995,1.0815388368518786,0.5933718455549768,-0.054402482487855015,1.039741046695531,1.1441160505920445,1.1838788045348232,1.00374514286613,0.9425951007304755,1.434043550469622,1.4514017120162475,-0.6888155480406112,1.0339306248036413,0.9382467191609851,0.8724036124194117,0.5381968445476013,0.957144133370475,0.9154699547728505,0.7928126457947304,1.0445204340878902,1.0606713275416617,1.044855104897099,1.1040526870348446,1.0821496219113858,1.1261918213053996,1.1127678249790753,1.2913580048841447,1.3376592676993206,1.8030556847000239,1.5373106686475113,-0.38933255681681833,1.2565611246344077,1.393488209179332,1.175446083770366,1.032465945196309,1.3946761946319595,1.1609522631940126,1.1087558415594694,1.2411282201076488,1.0705328279061546,1.0591063878647875,0.11986505605337355,-0.3425055451678055,0.9570340224108954,1.0420621457120482,1.144000370317788,1.1628390455855193,0.6664616106779843,0.6536145611277308,0.26126527182900344,0.7339531944089845,0.4786522448332516,0.5892847348603386,0.9264169122078538,1.5955159692078742,1.1979345469699108,1.9235931885661361,1.0860492006621907,1.1796024143358912,0.80271264289378,0.8800320401632832,0.702948604682632,-0.9398984842767375,-0.7838768231760324,0.8701126697787824,-0.6956127517220382,-0.38135030170488154,0.9638661343259751,1.118830945129987,0.23386674352238093,-0.8724179811505027,-0.3120662030988618,-0.7717879021393027,1.2276352734713485,1.3713386498420628,1.105322292771292,-0.2635706833611703,0.43039122890695025,-0.8356659616574013,-0.8033616010899979,0.6533869938812982,-1.017777389232638,-0.6020795795465105,1.1547836615947495,0.30876805140711394,-0.7503105079069641,1.897770689635426,-0.27253624049504416,0.9049011058447489,-0.6759471446641918,-0.5841887133983789,1.1699951196997376,0.9537866316376691
-0.26738369753050556,-0.2078112358941652,-0.3459840332470207,-0.34771505852708817,-0.14910344639020964,-0.40093375731346725,-0.3292529996493117,-0.19879937480753526,-0.32558790474854643,-0.3588171740848824,-0.47420376482363175,-0.2861013486655072,-0.40091260097544773,0.3138828640627677,-0.29063356189572875,-0.2133819267932841,-0.13094043825457144,-0.19608662363855017,-0.2326207754773907,-0.2674174447445243,-0.5846039595667474,-0.7375732111683311,-0.4710564032286878,-0.41316933676492346,-0.4118529294840127,-0.5772659481016257,0.07086513961481337,-0.6403256382307106,-0.30251904789863476,-0.37451118135186756,-0.554677027382675,-0.4755578974750546,-0.1835466138361246,-0.1336683285243821,0.1880493407097488,-0.0953425132257261,-0.3500942777670132,-0.3312327275967234,0.6375121778107863,-0.2281612287785458,-0.3868804866068309,-0.37728233357924595,-0.24581408681985814,-0.22611298059748042,-0.29964743775274866,-0.2489365582403242,-0.2307573144995779,-0.19510933920467544,-0.39868859235585324,-0.250048913673396,-0.1363184172136299,0.1957151039244428,0.615250958492227,0.8132340065524108,0.05551183949740057,0.2211231880242617,-0.23220343385477044,-0.23884574628028532,-0.32949976575531426,-0.2823821870522243,-0.3579635303515783,-0.2406584154704982,-0.42147280132144743,-0.2526203064200511,-0.19515743956164347,0.06169909501021739,-0.2756232472141101,-0.22495194322493703,-0.14163602526257396,-0.17002803666330032,-0.905224259634297,-0.5537307819064973,-0.999716352899364,-0.5545051581921132,-0.8331509572702697,-0.3071757814536919,0.5144508620898683,0.2614376875692598,-0.2523269610575879,-0.03917995468638203,-0.3078793675991364,-0.29953245154461505,-0.3670675434526836,-0.28532968761784866,-0.1980931005696137,0.26209436665245794,0.25561217671915415,-0.5625026142044408,0.23550780036359686,0.22369158441666223,-0.35284895267654187,-0.06563026478415986,-0.45341114509796454,0.2963202785645002,0.48770302697583856,0.37300501132142894,0.033358819859520876,-0.1522600201929325,-0.22570682429265934,0.5234593848458867,-0.41803799168533295,0.25644896939317907,0.16547201916256415,-0.05163612329741041,0.04885937799032105,-0.15632983950665127,-0.27510548867956225,-0.5298090799278112,0.3320019542247686,0.26317121510853786,0.37462151995705206,-0.30925342667500405,0.5015645956694538,0.46041887321577685,-0.4718898955736578,-0.34592610351212044
-1.2264110742722298,-1.0881395489216952,-1.0082797288819014,-0.9851403932076215,-1.7567352310415376,-1.3093152039188793,-1.046614170870652,-1.0699211823226578,-1.3305710807945592,-1.6052145813614294,-1.5007502298286273,-1.1879454373897822,-1.2539110207915332,-1.289411892284606,-0.12400423145561251,0.12823554262418585,-1.4326395073535543,-1.354295545321769,-1.334900145986478,-1.2086802511574362,-0.7964338305194483,-1.0413196325831733,-1.2698662235741496,-0.6104340030957869,-1.2386864161310573,-0.785515626711159,0.1641928792913536,-1.3079980131459814,-1.3054879930259216,-1.3525889937121647,-1.2774706863211556,-1.191041077316645,-1.5478775104201394,-1.5299878658334507,0.813811349078298,-1.1302214630247966,-1.1420897287013603,-1.0515865131363709,-0.227339794979084,-1.115635682452964,-1.122667991171396,-0.9872860426413758,-1.1838964357470771,-1.1924057502510634,-1.1987668550471582,-1.2406276871083346,-1.2159719979335852,-1.2469270114829194,-1.3105167030110125,-1.4406357216709174,-1.4704407349880746,-1.7832687455609475,-1.4147071653104628,0.6887811312687857,-1.2988146251178858,-1.3929344443748597,-1.3074359428302567,-1.176839009406424,-1.5390769925294274,-1.3158743513906679,-1.2863469433159296,-1.349533455369831,-1.2501459005706568,-1.2116245118822473,-0.14473394738942644,0.4442839579750349,-1.1088874398430935,-1.1777905202011938,-1.24272502945571,-1.270621149437702,-1.0608104891666141,-0.9314154768921383,-0.6503675939585596,-0.9876441001857086,-0.8121515447969424,-0.8083338893040345,-0.8132085513686832,-1.5803058095906926,-1.331896962509219,-1.9192823692816698,-1.2568849895034544,-1.3547122567173742,-1.0304470566221071,-1.080034998218406,-0.8753442748991539,1.0851044191197952,0.9206942710698773,-1.1270468175554884,0.8638075816033229,0.4920257471799996,-1.1407763834038944,-1.1957292413381932,-0.43068377033493027,1.0200722184359716,0.6148245146027076,0.9565499052388265,-1.2550140984257865,-1.4406513699957875,-1.2394411112305521,0.500865542901879,-0.7271223511509861,0.958114560890881,0.9007429628825033,-0.722480881628577,1.02980841572472,0.5334042036180768,-1.324905905792753,-0.5980766447155489,0.9444954089182613,-1.7392789884918698,0.5004601787661628,-1.1037672414338993,0.939363467559823,0.8380251104537503,-1.354576008083877,-1.1183237647304851
-0.3647107380592036,-0.34626723326318587,-0.17591936910264516,-0.15232799136019748,-0.6929142544497454,-0.22676654389865047,-0.2035570073814047,-0.3235487503728731,-0.2952906807639289,-0.3363569378662929,-0.35084113036344483,-0.34641020118131044,-0.26485809075676175,-0.9999841782909489,0.17091357741873459,0.22670169049493338,-0.5594624541929485,-0.46041716512940484,-0.4422065398681146,-0.34681594681494127,0.10372449817263303,0.0669959003842692,-0.18488017305587431,0.08847217167582704,-0.17084687157466444,0.20442577192858324,0.10692617174627747,-0.011637087637624577,-0.35236698288897034,-0.2972247343058287,-0.1468999161650375,-0.17485979184371248,-0.5886381739101959,-0.6053981166093926,0.22898376911200521,-0.4846144184813209,-0.2670339715660658,-0.21946923176361924,-0.6319444335204972,-0.3753987367576905,-0.21416465637164117,-0.14665598185024753,-0.33350967880769944,-0.3572503795850874,-0.2864116418150883,-0.3515689113930979,-0.3624176800613943,-0.40899982762580883,-0.2575234622465035,-0.4674668389393304,-0.6511528885850623,-1.0684766084561306,-1.3230901259691705,-0.4318145452705742,-0.6999798112498614,-0.921305033272093,-0.42149350582486966,-0.3577823473437401,-0.4213220087123654,-0.3806134494830922,-0.2928587649552911,-0.4028003552108734,-0.18841539122519943,-0.377172112242057,0.24640092393769306,0.2949593415318437,-0.26453867252484375,-0.3435125605936491,-0.4494124189523628,-0.43742943585415206,0.2858388489590708,0.004715958623088135,0.6126899973165516,0.041752185871440306,0.30552426288542545,-0.18219304375916606,-1.0157853777325492,-1.0571394662170088,-0.3894883824755266,-0.8471504103786807,-0.3417740321142786,-0.4333492091840072,-0.2718074687981115,-0.3416949503385084,-0.3299353572444002,0.2902552801670027,0.1839823876728308,-0.032784848169253415,0.2754812682245565,0.04430737663907497,-0.1993651160887945,-0.5012543167362777,0.23703706694361426,0.23242085381712546,-0.06752524211569214,0.10200460069092854,-0.597987537388757,-0.5957713615883502,-0.3847386054607928,-0.2597030552906161,-0.0996283277172974,0.2568492096515921,0.24978870109537665,-0.3015561893257526,0.4132668176364793,0.3815468219195917,-0.40551582725912527,0.17653630119421249,0.19467277075254702,-0.8980865790033162,-0.026662401477935038,-0.2924853400435256,0.004237759717511695,-0.008341497322444243,-0.2261662686919191,-0.19570398941786013
1.0230111344592208,0.9063917954518352,0.8849421498062177,0.868325189369633,1.4068966094054998,1.1353171149927703,0.9098901198493858,0.8916740615589696,1.134884998322125,1.3505146733603972,1.270445365908166,0.994986593692904,1.0781394222932992,0.8837465543143803,0.14383002683864238,-0.07431104388338622,1.1468325705463056,1.1003670198995128,1.0965395350670941,1.0122709518439825,0.7449207826949407,0.9810121298292456,1.1054509795533176,0.5872656839683147,1.0658339928920884,0.7528661256321063,-0.14889060854233355,1.1876351315201694,1.0940193412292984,1.141112115172871,1.1330378855842285,1.051398988794575,1.2403171763706304,1.212108512960116,-0.6935577809184555,0.9034498547898873,0.9844852839000232,0.9066483933361513,-0.005726065856452718,0.9248413277432446,0.9762176844989928,0.8683852619689948,0.9918640910345953,0.9924709060380933,1.0163349516645324,1.0368227353520802,1.0127694117863084,1.0276727137929371,1.1304665036822807,1.1895143585388006,1.1763302577895887,1.3260894177074394,0.9438464422707179,-0.735695356740452,0.9967755499596599,1.0261203963858208,1.0744731204466698,0.9802738538884341,1.2747239788253946,1.0976819759807308,1.0927334659398071,1.1068682349148946,1.0771191653809757,1.0034679911403501,0.1881457219614417,-0.3455006407817935,0.9460337400811659,0.9869110065083779,1.0119374790449644,1.0393418634067908,1.0561695490955945,0.8658187576182391,0.7599721260968839,0.92084857032826,0.8120644755238697,0.7234439496146932,0.463485598983114,1.1543646017421774,1.1047473370310048,1.4676630013298875,1.0547276947635653,1.1103502951659334,0.8798195294677637,0.908380005071739,0.7307152392379133,-0.9146413659910396,-0.7971863431374648,1.0226737804272032,-0.7249504479763128,-0.4339312956908358,0.9944836889969733,0.9592970236260159,0.4771332451111346,-0.865552983193351,-0.634780306129389,-0.8574028486963298,0.9824050535797177,1.1263915664602697,1.0284036785170005,-0.5491737563700839,0.693486927719131,-0.7935621713754195,-0.757831975906365,0.5921775311714269,-0.798292400488583,-0.35957352202561893,1.109337784687906,0.6397719350345883,-0.8233130130608555,1.2784639596967717,-0.49078875419779805,0.9477828945122582,-0.8831050715173,-0.7984594316495097,1.1540036985153073,0.9737571283173292
0.8281521049773108,0.751817922417452,0.5706029782347793,0.5286542467742538,1.2814034633366536,0.6904111845487199,0.6034321596246386,0.702109689677783,0.7449253480171114,0.8236536162769752,0.9635230261587243,0.8131593426379977,0.7639611121901179,1.4385202935466286,-0.06825958740890613,-0.22711213837112737,1.0461031487935142,0.9296861145992205,0.9280497934329386,0.7963069180024596,0.27227095942215335,0.46885000399683907,0.6738134404291709,0.16437017709582233,0.5947499438896732,0.08393877887153177,-0.2583712290650384,0.5108741798996846,0.831716787794424,0.7900657304398042,0.681520364535237,0.6676617974345124,1.1305720636801089,1.116343463767136,-0.5435577235377881,0.8872071171560753,0.7299928698429365,0.6330483501453777,0.5431969325672544,0.8207681183316615,0.6698224189425814,0.5472769869225113,0.7542599339576228,0.7790254503135192,0.7145175005805454,0.7847709922039796,0.7918131198102994,0.84183687470828,0.7406227049389968,0.9803735019948169,1.204106982744543,1.6422800033376588,1.768021810770173,0.09698252663200518,1.1444575588918235,1.3934363197586432,0.8930391823353756,0.7929997511532924,0.9546144978805372,0.8604406809448256,0.7726007201732539,0.8579570031899193,0.638592731894544,0.838582474702921,-0.2906083180866244,-0.5702017609667086,0.6594578973900074,0.753075667477246,0.8671941783529964,0.8684017219151476,0.22113369123524088,0.42958909115173494,-0.2568319137269728,0.36291239399610375,0.13523213917507876,0.5640537724723185,1.3249809070457392,1.586212867363797,0.8528131600303208,1.443048368801184,0.8205907786131083,0.9714264726484051,0.762659103795885,0.812500126209419,0.7311582606893536,-0.6984303550381632,-0.5125887013245093,0.4965006342234841,-0.6659392817091765,-0.2620197973682407,0.6040604574537657,0.894668271436701,-0.06379119837828111,-0.6309038636164853,-0.2867629929544739,-0.465315933117325,0.9794526130883182,1.1176269459013297,0.8261680860289298,0.028717824823704923,0.505089357122804,-0.6425023021447978,-0.5536729388523034,0.5528028730237368,-0.7366869441692834,-0.52345934303504,0.8995640022377946,0.12281083370678404,-0.5996831304559133,1.2893780479622727,-0.26647241409911887,0.7434732346402461,-0.4069081250642631,-0.3533949936427664,0.7397200893432129,0.5956301540459064
-0.6269355531717363,-0.5531689388909637,-0.5820360425682283,-0.5785626759741148,-0.8321268736371684,-0.7577530816348812,-0.5936041258430677,-0.5537296227841298,-0.7462100494343054,-0.8990699525324206,-0.7874124540749499,-0.6073869009712984,-0.6862327523881495,-0.3585763823965965,-0.12047879748897418,0.018682939983036443,-0.6734248875398062,-0.6606907274426517,-0.6621436577002083,-0.6267807667774354,-0.5279385857643778,-0.666300195239585,-0.7284973238324639,-0.4384124482493221,-0.7139628612277366,-0.5827747842396029,0.05562622237565493,-0.8380737031916747,-0.6822814804125654,-0.7246924496647487,-0.7485821778299968,-0.6903035176387444,-0.7248911192100534,-0.7043280547134061,0.4343239891809419,-0.5186530921044556,-0.6245696900625015,-0.5796375959032939,0.1356477957086574,-0.5462515859905771,-0.6287776470343479,-0.5685018397312507,-0.6226265611080772,-0.6168460273181768,-0.6517669667250658,-0.6526149222935421,-0.6307480303806848,-0.6312406589080578,-0.7425636532835598,-0.7310994199853188,-0.6722407255768239,-0.6854689389720067,-0.3481606864937474,0.6041611365499734,-0.5325965202725992,-0.4970735225983062,-0.6515070187957482,-0.6018010081780052,-0.8015585235849803,-0.6827085150797249,-0.697022764190735,-0.6864536520386434,-0.7097430987232711,-0.6032490034013845,-0.23399762049478656,0.1389592813073333,-0.6112137661279972,-0.6222148174269352,-0.6132364843182246,-0.6341546205934905,-0.7948383413809786,-0.5918862594083151,-0.6632349162057956,-0.6577468532817752,-0.5976741820040113,-0.4596622529176053,-0.04382837232021679,-0.5530441413557706,-0.6873384724980943,-0.8190437141449586,-0.6509420057151816,-0.6447672559412505,-0.5162255457891766,-0.5326505585052008,-0.41105297787996814,0.5720430346024417,0.5260966155741612,-0.7024240059428694,0.41481262067503794,0.2732016280260754,-0.6685686623131926,-0.568027244272961,-0.42200036101244714,0.5425828189476546,0.46764927857522903,0.5909017889440968,-0.5690562748246427,-0.6315757937924393,-0.6351220397314244,0.4608509372473541,-0.46166208318629576,0.4730315096195121,0.48316375660477195,-0.3585328017192379,0.44843441466021117,0.1495991060645945,-0.6884852364955445,-0.5122492227874381,0.5205255858038239,-0.7055782707322166,0.3268248671327039,-0.5939268650226871,0.6276971065418991,0.5742071799759417,-0.7452823150527298,-0.6560160351984647
-1.027678684470325,-0.9244874693417922,-0.7492256361667846,-0.6980347104672544,-1.5108692294791306,-0.8922375364913991,-0.7819867439040187,-0.860462331521225,-0.9330905479158511,-1.0174562200121546,-1.2381161900435664,-1.017292472072011,-0.9884747951550082,-1.5818243821268476,0.005434241346175468,0.2115616141796102,-1.239308222844614,-1.122160360867886,-1.1308509150732613,-0.9890440038881476,-0.4611077525468593,-0.7423986829346223,-0.8943251608893831,-0.28826984768752806,-0.77846526483869,-0.22710391230866048,0.3387356186642324,-0.7451084832364901,-1.0376397946869476,-1.0050406775485397,-0.9312825481577117,-0.8946802486814784,-1.3475855787562947,-1.3148557493537492,0.6824719181965495,-1.044332566647301,-0.9376653717680142,-0.8190496592565726,-0.4406432448475474,-1.0146079861987063,-0.8780749878387201,-0.733011466425912,-0.9315243324513613,-0.9552076021126198,-0.897786674636,-0.9653613846617928,-0.9713581622716988,-1.0191535932692728,-0.951631938336704,-1.1915958930770003,-1.4251712690784415,-1.8387465536057377,-1.89385930316645,0.09660110021170563,-1.3112792586689903,-1.560130097979963,-1.0903505705847423,-0.9782184448872796,-1.175228601477464,-1.0633894046083718,-0.9825299475159877,-1.0433598482747906,-0.8378660249818872,-1.0375223726469998,0.31458702280929507,0.6995963476373428,-0.827885830438098,-0.9225375806139946,-1.0332501867957646,-1.041577767090144,-0.487674426351504,-0.6448137325593275,0.03989674889187422,-0.5607713947197588,-0.37906012772760816,-0.7444238630039594,-1.4136695434037458,-1.7692189986556246,-1.045986614798266,-1.662229537503876,-1.0293666628220912,-1.2066699885665155,-0.9939265457266983,-1.0247582864364115,-0.9134273379673625,0.8761692046518779,0.6567192875085949,-0.7195599388366535,0.8466420267836328,0.37164439403701777,-0.7783898276485638,-1.044723521997245,-0.024993934269562805,0.81070024102243,0.4719050062904095,0.6318534836993306,-1.114730949716006,-1.327443471206146,-1.0105856617797522,0.09911330489156557,-0.7009628644461716,0.8173034533768329,0.6807027270682211,-0.6519870404184107,0.8631314832048415,0.5648413409486291,-1.1082517364058238,-0.28060870231162477,0.788163901769715,-1.3958808745434932,0.4215960831513246,-0.944576169491446,0.6027648490443468,0.5297971313844024,-0.9690320571387427,-0.7694242999035119
0.24840914443511886,0.21485457392485624,0.2740522431024053,0.2823286309583966,0.31037467724726914,0.38141447478187546,0.27571720774527597,0.23022214020638443,0.36685602367255743,0.4691682589384114,0.3219786825723585,0.23540906641695958,0.29930898794914607,-0.06216029758583569,0.08789974956209236,0.02709089915565962,0.2412671623361262,0.2524024699336718,0.25480072182886015,0.25663595706126063,0.296510662891077,0.32016897690878804,0.3521097261151272,0.2673177469284927,0.36763872169927886,0.38572094227277054,0.04531025568734716,0.4686233365992876,0.2871254181954279,0.3224968635092635,0.35555679033966564,0.3230541655940952,0.25582491282040165,0.2482275830462157,-0.17821794008880004,0.169457526173296,0.2679874478952035,0.2539840362208649,-0.1739990605178465,0.18479524000240022,0.2806059230901692,0.26218096468716057,0.26811911189245974,0.25880727108474755,0.29751537821680163,0.2855418732815199,0.2665194417163896,0.25785590943160963,0.36002579685449587,0.301104057444712,0.21894620623604763,0.14810100244543253,-0.12161864945472882,-0.41169807211297754,0.12376401144900734,0.04654693463025104,0.2543378688963175,0.24026926519123754,0.35895261139495466,0.288330937633648,0.31236533464700167,0.2953938758937798,0.3457639885521899,0.22257960249464778,0.25562280649868824,0.04968281982799529,0.283030371206829,0.27237214367168666,0.24259152932139474,0.2558645741306634,0.47750037595643774,0.29265565253349296,0.4821944699648053,0.3671385696056306,0.33778329984280187,0.18638453790103626,-0.2670271980641311,0.04651426940536895,0.29154325183931995,0.25876968411676504,0.262177680010043,0.20667376536067497,0.15903177106261393,0.1684056099020621,0.1018257579347579,-0.24012653653152402,-0.253889528595042,0.36277506982863084,-0.1124162844255606,-0.10348490952347873,0.34222273125283825,0.210443567888229,0.32849958206862034,-0.22707173740013964,-0.2588061869856307,-0.3123327809155343,0.20140871569057717,0.19726572659595953,0.26196545580265007,-0.32105003370108,0.2074843910326008,-0.1679895611074655,-0.2155795178405802,0.13856098313506168,-0.13548922741379274,0.01628007470591649,0.28691160217065514,0.33387854163082975,-0.21485586393051975,0.2274594283425503,-0.13368162441374012,0.24509280821976376,-0.3431784337405981,-0.31864344120771954,0.347897545193031,0.3378912123423346
1.019732354186119,0.9142915213733916,0.7520438196717677,0.699631166525364,1.4708548876499545,0.8849278367482883,0.7818315649127316,0.8468545841371555,0.9161492380449444,0.9869652805669744,1.245088340046811,1.0137659534364096,0.9925840348861128,1.5223309698628473,0.021743622813875426,-0.18569887775124863,1.2103009773121245,1.1022829395259468,1.1150608806142617,0.9801897731757778,0.4946584641209202,0.7933308191347875,0.9000224238016452,0.3033822330631039,0.7733962236098912,0.24762720322836484,-0.35582284927614877,0.7601038408341364,1.0287942700244617,1.0010816221499208,0.9490974725508164,0.906116571615782,1.3209109830797394,1.2818881725904119,-0.6790665997043045,1.0198634557257178,0.9399844728150889,0.8217610878598715,0.36366447556190973,1.01094672579731,0.8852118777622614,0.7424534260209968,0.9183607509893665,0.9402304125094064,0.8881786994776506,0.9494158697518589,0.9561240690898788,0.9992892728565718,0.9462231455254255,1.1708149717491732,1.3974890086550669,1.7684451179780842,1.8060329561985315,-0.15314934565974547,1.272671634808397,1.5071028114945508,1.0752589802936594,0.9677526063583863,1.1559211154872302,1.0506334151348258,0.9784948724596065,1.022567330743847,0.8379525703834766,1.031338423900677,-0.32374364561425495,-0.7114573148911371,0.8176179058822476,0.9055094778528971,1.007345794735741,1.0175968755076528,0.5423933819467144,0.6749417978062631,0.034985187687513804,0.5822815627352266,0.44586089540153756,0.7565980342492571,1.362512383170705,1.706407428980032,1.0293106962421068,1.6101736478299493,1.0253856146854146,1.2074121568042415,1.0151442599449771,1.0317357899811859,0.9200162206563769,-0.8707248599370963,-0.651421819611983,0.7414532969413232,-0.858441588546025,-0.3876221412348837,0.769841293635978,1.0123208967982669,0.03814010178673763,-0.8140400463997942,-0.502638804660899,-0.6345976795594882,1.068922201948872,1.3057722406456072,0.9950397840125125,-0.12682520213675139,0.7215140574103801,-0.8238743660265657,-0.6674522745199966,0.6324781543219717,-0.8433414023848623,-0.5408428195766635,1.094272930020962,0.3067169952186024,-0.798799242211788,1.3103182826149367,-0.4540451752355812,0.9451771188185626,-0.6210047040934402,-0.5458449525145632,0.9732388678007595,0.760889703400018
-0.015867130356409426,-0.005692036612726642,-0.07078709097307483,-0.0841761635423496,-0.0053158979638196005,-0.13287801705473953,-0.06762109998616045,-0.02727325024321072,-0.12023911924347223,-0.19005098789851926,-0.039408051495963124,-0.0077979941398668715,-0.05453834612635838,0.2591257163692395,-0.06749481523259405,-0.05565074224457493,0.013939230087780856,-0.005765431974929798,-0.008862550633887849,-0.026867062058877317,-0.14551997015318652,-0.08756881641239499,-0.10786803751621944,-0.14011695744974817,-0.13893782262056684,-0.23189677241959455,-0.10552250823614522,-0.2115090522621478,-0.04100928986151017,-0.06841244470249341,-0.09949760826675588,-0.08458478595485472,0.01707930572121282,0.015680896321216373,0.015019587282085932,0.03063256269169051,-0.04287547250925975,-0.0443995438140544,0.1467282220195824,0.03336148554214532,-0.05742976579304693,-0.060072127368402214,-0.045358769634019684,-0.035766945365531704,-0.07134792489804741,-0.055426320072450644,-0.03960083525268683,-0.028318843634703255,-0.11372831083483534,-0.04090776037032455,0.030426800540034597,0.1264256256847137,0.3290089534522196,0.24211760759075218,0.10257217323467077,0.18694801119377408,-0.013082116140680031,-0.017021425129623215,-0.08880641232901555,-0.04594219109080317,-0.06951434944925801,-0.056318635833709364,-0.10688107654080997,0.009138876438286094,-0.2363982464941631,-0.14218678251979905,-0.07125456184497789,-0.05208111251877926,-0.017058161336454433,-0.02471129401717271,-0.23824772936444719,-0.08716942477736127,-0.30669560587125133,-0.15862633071704668,-0.14571383231229507,-0.012117535845281824,0.3750735064433633,0.21231547408884788,-0.04567725422881389,0.05184177188320746,-0.021502133288269935,0.05230348898442587,0.05384972384281506,0.05036656778110431,0.0811609638232458,0.03164172602451144,0.07249991221275008,-0.13010886271248434,-0.06927587476859215,-0.013118565299325813,-0.12581190747336907,0.0021265649365865874,-0.23870009248977364,0.0288356745741559,0.10675050507534206,0.12041130649092116,0.012519210065656865,0.037061444205130495,-0.031781495330026555,0.19160720446163076,-0.04363868127447554,-0.015270454827413602,0.041166670267889706,-0.002460986004460476,-0.04753796599111051,-0.09370619719943857,-0.04105374528188289,-0.1865770801776436,0.019759944235506335,0.043142105562838054,-0.002676533839336245,-0.02766907960943058,0.14119983831950922,0.13302351707554536,-0.09562127579015396,-0.12593676670424112
-0.914986344741858,-0.8190089153394222,-0.6692114358645981,-0.6198755990076795,-1.3143057470273765,-0.7784263989305021,-0.6955059340840807,-0.7536313708149147,-0.8042513788819665,-0.8561912037886934,-1.1265820486209597,-0.9122600389368778,-0.8913595070486761,-1.38380244577011,-0.030584210492765735,0.1562008641020838,-1.0831622805219803,-0.9867660005931123,-0.999650253700658,-0.8774919876344894,-0.4520836458782929,-0.7300653259542298,-0.8030855975427892,-0.26302362694746717,-0.6802401454163125,-0.20531917192650356,0.3376137750027015,-0.6668032481253923,-0.920125233621708,-0.8945226290888243,-0.8540981143269754,-0.8130581983878635,-1.1881360264175689,-1.149808538128203,0.6070058782507308,-0.9185073712691803,-0.8435360968143435,-0.7361875512951328,-0.3204947278349382,-0.915585927454368,-0.7944049021085697,-0.6650217174443133,-0.8170380824049474,-0.8373003395407969,-0.7881982120959689,-0.8430100031950692,-0.8511016306697607,-0.8898212606416028,-0.8378203077466774,-1.044862648691178,-1.261694857377966,-1.5919689314456738,-1.6442390898986992,0.1285192897349511,-1.146098060410648,-1.3651354462616456,-0.962953951411381,-0.8665463341783142,-1.0272102956835407,-0.9379481139154431,-0.8732039736850699,-0.9084074565706767,-0.7439573884887069,-0.9304492860197071,0.3259785356772158,0.6664359737628912,-0.7236436949345426,-0.8031314214839513,-0.895685999991465,-0.9051926601190324,-0.4844842929709105,-0.6107839776802164,-0.02259241167271135,-0.5130318119255354,-0.41418521399267694,-0.6840080294047752,-1.2689225761244063,-1.545484181108597,-0.9165958395980351,-1.4473717738120881,-0.9221470217105586,-1.1023679286417536,-0.9354890826591317,-0.942303606889592,-0.8429808650563536,0.7782759515500356,0.573515741213631,-0.6625019634329831,0.7893005132486558,0.3541844642582807,-0.674953083010816,-0.9002200876471911,-0.010387395514844808,0.7324588341264057,0.4481928989091958,0.5548945668442187,-0.9461722224691078,-1.18486274276534,-0.8875052479111988,0.09605346228320279,-0.6537746432528605,0.7506835547474271,0.5880508323183403,-0.5566819116754238,0.7621715100781425,0.497707460531164,-0.9774834920040683,-0.25856071273159814,0.7218416490294994,-1.156496894481684,0.42125239782256235,-0.8497819379475607,0.5479497959968914,0.47870728713894684,-0.8699660687420405,-0.6636278947025871
-0.04986703205541076,-0.05443028807333354,-0.004561802789966113,0.006473146884771483,-0.06624826671794577,0.03537696630855393,-0.007981157061271785,-0.03662357320972486,0.027224428755447592,0.07838333036958028,-0.03677927742180641,-0.05438101445791849,-0.023713327041142433,-0.23598581633442767,0.05887794013058749,0.061705215803233675,-0.07554928501812473,-0.06085238476137914,-0.05636763132695132,-0.0415702702519697,0.08767377681839394,0.001676122068324106,0.01913167327697492,0.07270624373078903,0.046568439240143256,0.13764718117500974,0.10867568268031658,0.09385992423618342,-0.03448142726884924,-0.015546862278103165,0.008538785191876707,0.001054845767315895,-0.07758486805791731,-0.07411944706144465,0.03667601739588377,-0.06989079587228891,-0.02696134687745882,-0.0262008204436458,-0.08356633675765765,-0.08654444674616865,-0.01642118530904509,-0.01369069703536687,-0.025929658128510988,-0.03306938145795256,-0.00629483515390981,-0.01844884081781808,-0.030564486024696223,-0.038985637712865624,0.02585360297273117,-0.0305547387066317,-0.06478561305223442,-0.1376337544735268,-0.2802718326386926,-0.12663860892502446,-0.13367720961010368,-0.194744514941211,-0.05313345072181253,-0.04779817411703724,0.007877973540478584,-0.025035841622304846,-0.009705570109443876,-0.015378270464953422,0.015272670009947718,-0.07073702624379674,0.17617914572147406,0.1279347532574193,-0.003966033801376135,-0.019569345716225067,-0.04665637815292808,-0.04197210962318435,0.11327187854369813,0.004674317863549528,0.17315534939718916,0.059534018731372824,0.05332867119988677,-0.03931780599999397,-0.29187972868398315,-0.2166782468885124,-0.03036100510689679,-0.10571944843017962,-0.048652714861126364,-0.10978946565340426,-0.09796437589534142,-0.09969822644009675,-0.11603520524053997,0.033155878256498045,-0.001727509312178822,0.03297979419198039,0.10813857398805553,0.057538946615773134,0.03959047736156213,-0.05546628043831611,0.16448863829520388,0.03220521523675127,-0.039223817521964535,-0.037586504916424165,-0.06189670795666892,-0.06548644155601076,-0.03609760713209705,-0.0985781115496266,-0.006269810789121113,0.059835790040410834,0.022152327455148887,-0.03710902930587661,0.08911755384657753,0.08591625402437618,-0.028607187803719094,0.09783467811417539,0.04099149990880934,-0.10372332385202734,0.054620999481893945,-0.03540491288299674,-0.04982068749866121,-0.044800577937509405,0.010100897488743281,0.04036472317836171
0.7957791745774376,0.7127276990462369,0.5739835896222688,0.5292065896007678,1.143197055425374,0.6588645924033443,0.5971705155494191,0.6515375357641824,0.681544839588054,0.71557761403787,0.9829543526480068,0.7947804635579243,0.7722837740740833,1.235370182444578,0.02724646628940827,-0.13484234899788605,0.9444983265393826,0.8594623917496512,0.8700858047614952,0.7615867787915779,0.3857552546134062,0.638631269048728,0.6887740689148595,0.21265288124173745,0.5754873160333137,0.15155180899124898,-0.31160949682890837,0.5554577306395955,0.7973119533111459,0.7726141668582291,0.7375346532526205,0.701269624918393,1.0401954053485187,1.005156119818246,-0.5258617531269824,0.8068872485602879,0.730339285535672,0.6373250422979928,0.28990410187441557,0.8060786305900159,0.6865295191819194,0.5738723509318955,0.7048288020206089,0.72366550290921,0.6762891757427077,0.7254165729671407,0.734922516887458,0.7697300729278801,0.7129533129697538,0.9033050406449972,1.103333602352625,1.3985545855876031,1.4742701643630607,-0.08634584114750131,1.0094233975058804,1.212807713513439,0.8372775121987236,0.7530019096016178,0.8807760972815302,0.8098971533665364,0.751797506266191,0.7816154083796052,0.6368704668972779,0.8154428008099149,-0.32112648577463854,-0.604509730525802,0.6195837274260421,0.6910889435173295,0.7753548853720094,0.7832281957468518,0.40109830102704835,0.5281202887368451,-0.010787227286846246,0.4283022959545495,0.3557417521658481,0.594852995343798,1.1649303415734094,1.3727754288067184,0.792025042411548,1.2707881549815705,0.8037749129539682,0.9792602642838292,0.8334789851632515,0.8354908500223626,0.7512351758537652,-0.6733222129903653,-0.4872920343447701,0.5654360174372791,-0.7049379469898345,-0.314790276180504,0.5687714559347267,0.780539723560875,-0.026007912407465396,-0.6366329446995049,-0.37468463104427074,-0.46363102872721407,0.8181530942099937,1.0414961388497692,0.7678110175626844,-0.057578815545153116,0.565205850183983,-0.661822643968013,-0.5037478232457707,0.4763565801171832,-0.6761589325188129,-0.4531466497015215,0.8447074038241711,0.19664951228017807,-0.6294436887718418,1.0090690202676371,-0.37682521871822716,0.7375491911866731,-0.45927589766448634,-0.39890718543173925,0.7476647914876378,0.5548415039228435
0.0022479415529363745,0.013264769224479984,-0.00802373372385513,-0.01202107850637647,-0.02065592903773304,-0.041749783388221155,-0.007409039156093166,0.006141511522318859,-0.03944874345844166,-0.08150028054365455,-0.029009376298090566,0.004435203166721915,-0.012439450100809464,0.06996003392672791,-0.06129754258957431,-0.055106417488028886,0.006423289788948363,0.005303427393668924,-0.001088671709751379,3.1501025782670814e-05,-0.09781189182748999,-0.020499083633210315,-0.03813412351654232,-0.04853502147348726,-0.048816241862781044,-0.08758013169593847,-0.0736222228339136,-0.07414589806218601,-0.006495912698507417,-0.01701080455378016,-0.03288036371990418,-0.02509006115610594,-0.006801433810911586,-0.007120132813659554,-0.012842505920623632,-0.0015116445312600838,-0.00929480175657077,0.001404586236643449,0.000543681892886545,0.02683279742361523,-0.01193195151815766,-0.0009968606825791356,-0.005990223557510085,-0.0030058876348594502,-0.01745287917515208,-0.013992966820446906,-0.005789796281396596,-0.0037751108802794816,-0.04604084944625804,-0.026006877274898782,-0.046217731726038006,-0.02592406339431592,0.06139020089357083,0.05154275997277625,0.03461095962676457,0.05187934148421371,0.0006592369645667286,0.004790084598804396,-0.054864080095092284,-0.020138650807852536,-0.022609445512685566,-0.02596742224494909,-0.025870116465968086,0.015927009665333832,-0.09061505285086995,-0.042618534261184324,-0.014314501016842337,-0.010305999048994768,0.0009114094777185366,-0.0028898728084191605,-0.07222894982869266,-0.009291465996492429,-0.07405506055579096,-0.03731123696694399,-0.03256050430414057,0.007220528645235189,0.07947595621415818,0.051387559880674914,-0.00921200852937674,-0.014221490569784457,0.0019254832500225497,0.02728380365921776,0.025187366235577206,0.0320042981835652,0.049497508441102976,-0.0005619169637996763,0.0060234544770629735,-0.03090657078674908,-0.04854525016032199,-0.05229018741224401,-0.04317851915938586,0.0015406704488183732,-0.10418719518887963,0.00019036378208162587,0.029675037166505363,0.02871272283086884,0.0018820121764202705,-0.04544230172923766,-0.0061733382415474596,0.032981135687667106,-0.023463501728355263,-0.009733610670879212,-0.01041157903295353,0.014204897208435142,-0.03342102127817369,-0.018448525945343134,-0.021544470088785697,-0.05056524406322362,-0.009684889960569217,0.022949295409934695,-0.045783418817469466,-0.006877638635300782,0.035741372034799844,0.024764956781689183,-0.038461794886183974,-0.03964213443211393
-0.6825521933253762,-0.6131574107528439,-0.48790500166773687,-0.4489046795502823,-0.9786810070050966,-0.5525679046438275,-0.5081125588425419,-0.55807672976731,-0.5724306316039179,-0.5925964095818178,-0.8414864516547039,-0.682058201096381,-0.6598744743326985,-1.0804399805181215,-0.01777380544990232,0.12041910087803412,-0.8122523548128678,-0.7389969016335155,-0.7463927844683547,-0.652650694437065,-0.31712742436781216,-0.5479995764119069,-0.5829084254754366,-0.1709390990724206,-0.48275296559977815,-0.11004497856953822,0.28177566274731713,-0.4584721104905997,-0.6822961606159477,-0.659030977127428,-0.6272548050114024,-0.5964494605191825,-0.8955058061905297,-0.8649061983736306,0.45077182223376383,-0.6974042144789189,-0.6228395107185377,-0.5456611985348686,-0.2534013468655152,-0.6993551711648079,-0.5846149611582221,-0.4902639018500412,-0.6015161134885952,-0.6185193219203595,-0.5739453393914447,-0.6170610872493115,-0.6272609550667443,-0.657883304317318,-0.5976887866604427,-0.7681369651436061,-0.9399116639191594,-1.1984571620029731,-1.2899801528555461,0.057244955007762235,-0.8739461869098947,-1.0563813917635945,-0.7181350708756745,-0.6462556720674187,-0.7414947633924331,-0.6884685389187685,-0.6379846026293435,-0.6629542368485235,-0.5407361385605852,-0.7047988068213153,0.2999401625590202,0.5310031273474358,-0.5257316732980902,-0.5886788405107144,-0.6638019398070665,-0.6700148222600937,-0.32822881555544986,-0.45164017002397006,0.02955727645380042,-0.35561337662866055,-0.2991314217575637,-0.5085657190054664,-1.0369027943266953,-1.1946710969234062,-0.6764987111960423,-1.0955777589392868,-0.6910675664370307,-0.8558334708430951,-0.7272860889197935,-0.7285791269540327,-0.6587311604073088,0.5752161106409458,0.4114898179667556,-0.4774819058650798,0.6192658251583496,0.2806610066430795,-0.47476958634855926,-0.6680870475413309,0.05020615534760847,0.5452261219885964,0.3078796987084694,0.3844418840452496,-0.6983958283469375,-0.8903185197404945,-0.6555194973840215,0.03489925974956806,-0.47877593310974964,0.5721919117916238,0.43006255778268404,-0.40416006289149325,0.5931015121082861,0.4032237782534409,-0.7182340072765582,-0.14797101294496645,0.5411008420072068,-0.8739070104287626,0.33563006330000017,-0.6295296370169309,0.38174790183539525,0.33173959180900586,-0.632032504117604,-0.4594257441739964
0.09486929143807965,0.072821237548124,0.061409975024555995,0.05707212239748329,0.17475428557770115,0.0964154987216856,0.06481519729614132,0.06683154717682915,0.10007788767373876,0.13770179459584422,0.15570547955511108,0.09392393875723691,0.09961410717434711,0.14870223806104504,0.06785201117746192,0.04207837591728432,0.11884683880992675,0.1037785464723516,0.11155080623408536,0.09017763409824445,0.13733525388860443,0.08720808426487325,0.10636295969716364,0.04703320176554944,0.09607240071207875,0.06257993138120224,0.023174586007774736,0.10244233686271674,0.09933043018326844,0.10195408613904439,0.10967921580225987,0.09797617751022697,0.15258198977065088,0.14763643341776803,-0.04481212831929069,0.11998287201165941,0.09209497535743143,0.06679302177219923,0.08326580967484838,0.0820941334099487,0.08566111114060472,0.056732056502052895,0.08418697429517914,0.08581109483219083,0.08693921682435983,0.0937361120002579,0.0893999775456377,0.09490973526852894,0.11381415130216245,0.13682079631491112,0.21218947096383262,0.25353988530006194,0.21845849609455467,-0.001946979627608886,0.117054350034864,0.14968162365710572,0.10348728282959058,0.08584124514229748,0.1555297196761943,0.11506286508020983,0.1039226574770536,0.11594637474178358,0.08464359342772367,0.08996442460344832,0.0005346945888854335,-0.06755047125645809,0.07540891461912351,0.08583168682081192,0.09297939094691687,0.0968924337736054,0.07425471689372447,0.05556403199597658,0.00023956347157284434,0.05337739871673561,0.046681515713651214,0.06063895541143264,0.1764519273817659,0.17916070877473594,0.10035543640031651,0.20606690711918346,0.09663523699417613,0.116861597764051,0.09754358702823308,0.08670366497665878,0.06107151250781728,-0.07509364307724344,-0.0452529354007781,0.07426236338856136,-0.05381887845661542,0.02144652671730195,0.0882840331839965,0.09817522554644091,0.05341249325129321,-0.07375556293795031,-0.04686817678542525,-0.054807461708191896,0.10366831706965197,0.20883432674582852,0.09653901537123309,0.012864400113459275,0.08691909242312952,-0.08044248498189198,-0.036723303761920026,0.03539122778299608,-0.06611830389235804,-0.07315724428704122,0.12277678134943705,0.025549102999308026,-0.0626517540430697,0.11983743078959098,0.00551454837497701,0.09435982814774871,-0.059340893895934006,-0.03931905913073361,0.11703353319053214,0.07762791229523583
0.5672965947674373,0.5130636178871203,0.40771461909443457,0.37593897502451096,0.8038902734943478,0.4549680108809495,0.4243780276617862,0.46693944746325483,0.470996271072555,0.47972604808885905,0.6912649805370527,0.5667029972899054,0.5474844512380825,0.8973858675657865,0.0010743043717951518,-0.11236643535758883,0.6738342078517049,0.6147376551408135,0.6184198375332803,0.542968155900545,0.24261499200886313,0.4555790246712558,0.4799070645146208,0.1388555430925443,0.3968543790306907,0.08331291959887568,-0.24734804673997798,0.37445090506245327,0.5669451033812423,0.5464493106042092,0.5176553028585272,0.49339608429383464,0.7383775457803069,0.713338087851906,-0.3781410911819557,0.5761892631437614,0.5153761738753551,0.4564012831622603,0.19627544567686497,0.5859877251355158,0.4842133424799744,0.41110453474994135,0.5000937297828494,0.5143109039484378,0.4752750357240451,0.5106381382887858,0.520628921187306,0.5456743447321494,0.48718522074663395,0.6290355499838153,0.7551866649998366,0.9671245671125468,1.0588492605472002,-0.051233853842379745,0.7249415938774327,0.874721054484747,0.5961139544987029,0.5384549575240387,0.6002485530848385,0.565716099199439,0.5255629465013745,0.5439323706428989,0.4500458496473393,0.5890430332341928,-0.25673006603210596,-0.4389348291724468,0.43676310724490336,0.48860500736567436,0.5516513813433414,0.5561476239914931,0.2691436875309035,0.3796226227600622,-0.021161439988934584,0.2961250967441242,0.24894566814024033,0.42261767736551803,0.8542221401781012,0.9865843866177137,0.5613918597276673,0.8986600510023022,0.575401489684797,0.7172052879085964,0.6074406314447803,0.6114056527255072,0.5567872859494054,-0.4784588706125582,-0.3441793420051367,0.3968019064995405,-0.5244591580251836,-0.2513107564396018,0.38892745009954915,0.5526088905368345,-0.05709852890950686,-0.4532717749783098,-0.2520886598865049,-0.3177861594579999,0.5758945077050869,0.7146528420085962,0.5426237560805292,-0.03554892508185531,0.3914988593167327,-0.4748885352160762,-0.3634145045706195,0.33790489638007287,-0.5009184735010174,-0.3343435995490507,0.5892633364321022,0.11954159884813119,-0.45267669958710016,0.7300494535231793,-0.29641772536220484,0.5196083806627878,-0.31612722876596044,-0.2786509006658834,0.5173895089459571,0.37621639131000273
-0.19370641207623177,-0.1612015489936447,-0.12074945173003013,-0.10963404818075154,-0.3278478117087758,-0.15943800397690702,-0.12799343019922998,-0.14345357242396256,-0.16816779076919844,-0.20417217652335207,-0.2838802552606812,-0.19314068154234815,-0.19104441796522742,-0.3521230605718697,-0.07521282261290914,-0.029331862711926462,-0.24410889705060904,-0.21464152645641327,-0.22289999969181118,-0.1831530642033704,-0.18056106694300877,-0.16014723976474377,-0.1814223654100247,-0.05494466588099944,-0.1529760464197981,-0.05174809846846153,0.022783437929292192,-0.1441829432355284,-0.1959408196549496,-0.19205115153722904,-0.19284809130460095,-0.17661952663163832,-0.2970660624039874,-0.2873387227548674,0.10440275939471781,-0.23767370480261615,-0.17698584822258862,-0.13936820660668642,-0.15372667859066974,-0.1912143397412542,-0.1625026082334279,-0.11796881502530983,-0.16630777792607548,-0.17193164729591298,-0.1612257104339455,-0.17712532020291097,-0.17610140460041546,-0.1883629422117959,-0.18575436181153474,-0.24748364919423868,-0.3665375101141694,-0.4625140935789365,-0.4737193368151412,-0.031009628799771424,-0.26160098397382014,-0.3384145658636485,-0.20920119762279488,-0.17887837059561745,-0.2565558869415986,-0.21096842220699438,-0.1884117910403176,-0.20784553220091168,-0.15243676725133418,-0.19737018866949818,0.07452946119434595,0.16573585840984265,-0.14198044635656693,-0.1655776613809511,-0.18913444303831917,-0.19346019104711062,-0.09150757557386235,-0.10968573481037515,0.05199408831242559,-0.0806830404353613,-0.06927910986537189,-0.128231262742233,-0.40757872548727814,-0.39433517585512773,-0.19537698750502724,-0.39321700390493686,-0.19798174514374473,-0.2622739437103686,-0.21846261497511177,-0.20523060456816072,-0.17031340180303675,0.1530788040468409,0.08988325526152206,-0.12678247085750383,0.1555500445196907,0.015280104109101494,-0.14062458481571458,-0.19748142735958946,-0.013815043287331446,0.14915682724775947,0.06867822833630755,0.08798184165151456,-0.20709775149521067,-0.3606993876567489,-0.18865820259992824,-0.04337485840813601,-0.15154786048397367,0.16900661818835827,0.0890386352239694,-0.08510541669401042,0.16731992131846438,0.16054533207477953,-0.22433618940347255,-0.010702250618529129,0.13715897023296045,-0.2640490421660346,0.041575843950818196,-0.18205979915445028,0.09217195680100723,0.06438727538657499,-0.19930669655805416,-0.1218374975434446
-0.44284543390965636,-0.40536844360096,-0.3268704855678169,-0.3034150194734039,-0.6087951983140331,-0.35789959166017327,-0.33923131623669417,-0.371007304855093,-0.3689016548883304,-0.3671279806956397,-0.5245629321406446,-0.4421106328120499,-0.4277658865542137,-0.6786868900320535,0.021656425796136743,0.10789833865502343,-0.520481840773885,-0.4783175425435722,-0.47844820877572614,-0.4251908696729423,-0.16064385884873209,-0.3572011632206335,-0.37243287991428525,-0.11208285010294866,-0.30957662642890893,-0.06635090636816932,0.20836592608179486,-0.29495462518406307,-0.4432356832925166,-0.42701688360362666,-0.40178205573967823,-0.3852134155458229,-0.5602530671575003,-0.5416239917174842,0.3029354209866559,-0.4359972969269,-0.40184184887365415,-0.36308976037310625,-0.11837472609695843,-0.4592035016805496,-0.3795106800591206,-0.33028227352818595,-0.39308681426410047,-0.4035560723611325,-0.3730942931713109,-0.39872885238890626,-0.407617198693832,-0.4255119422862842,-0.37520167496609097,-0.4790055931079468,-0.545996216087109,-0.6996390525573442,-0.7745298040624127,0.06451095220666637,-0.5556396767307287,-0.6608758259391871,-0.4634278404806897,-0.4222991348451057,-0.4507777274906041,-0.43517787399659325,-0.4080260800324625,-0.4176520299081118,-0.35662686545177674,-0.46093664783135957,0.19448721823873902,0.32873046371731096,-0.3455253736182958,-0.38334436801535465,-0.4307931638419799,-0.4335207814296308,-0.21848239313259882,-0.3064521000567775,-0.01020689165765044,-0.24358347677814704,-0.203403146662383,-0.33335282839868113,-0.6143960015636826,-0.7411505037682874,-0.43835854458266527,-0.6698339671254769,-0.44922374495712275,-0.5546495618768605,-0.4687275649357824,-0.4773257826439949,-0.439258631189777,0.3767567290400955,0.2796437136050524,-0.31687867820460763,0.4153881870022954,0.22155788787368064,-0.30439402741684507,-0.42706564366776456,0.04851869764648508,0.35550126117643716,0.20391422792444155,0.2576874947791696,-0.44364609214883016,-0.5120524729522888,-0.42216801221381894,0.05407258823090559,-0.29972461701870845,0.366176619271351,0.29697744448370383,-0.27288361576924397,0.39203837165931366,0.24328776452327347,-0.4511948110090998,-0.10779474269595761,0.3588838748581232,-0.565806565325253,0.25356010328280265,-0.40260653607717667,0.25620029492252044,0.23286636540225,-0.3974630919338651,-0.29866673790165804
0.26712441899835926,0.2280522406518855,0.16767216760040174,0.15275537379900922,0.43799066883270765,0.20892760234750207,0.17759960928769897,0.20244594630306562,0.2209852400633911,0.2557926961013348,0.37693735726579414,0.2664561867471296,0.260003423369313,0.4975089877876173,0.07785916027466885,0.017417936466307047,0.3361288215457192,0.29708447864236626,0.30469868233128844,0.2528598648598096,0.2088043321122785,0.21546838629457762,0.23877713513980425,0.06515878403153018,0.19881230503481978,0.0490682620619579,-0.05574886771898541,0.1803337705251147,0.26885592763152627,0.2603779736445719,0.25561123870711,0.23644720751468506,0.40117764172561937,0.3886048092537369,-0.14950267400230077,0.3233992817179528,0.23934231093650182,0.19513313274817665,0.19719000180239982,0.2720700442219433,0.21957524899392686,0.1660062335813804,0.22856858373915168,0.23685390818975888,0.2176082818830872,0.23956872877694757,0.24106683297102155,0.25786792625161553,0.2380376174327719,0.3262151642564504,0.4672556756907598,0.5999979031567384,0.6463689968404626,0.04737205056737428,0.36387695767385864,0.46992351189667947,0.2875297118414776,0.2486462315232973,0.3268699383331864,0.2801329409542315,0.25056933663784253,0.2747254792530598,0.20689809714290555,0.27748375417017024,-0.12286391548909233,-0.2301068499599057,0.19349358262534705,0.22610396869956298,0.2611852548049579,0.26568482670455945,0.10948979000455751,0.15336353658809102,-0.08014900327771662,0.10601124611425147,0.0882213248391378,0.176942158153938,0.563068152196492,0.543502620359152,0.26698336589310795,0.5256348723338349,0.27370800539681234,0.37078508949092315,0.30632612237863954,0.29298508997055805,0.25170104078152866,-0.21122032101046176,-0.12565241391030685,0.1690391708302961,-0.23142744778454385,-0.049015203887124686,0.18119738376113942,0.2696307807248434,-0.013261684843775677,-0.2049166552945841,-0.08584721600553867,-0.11540724148162297,0.28126000774488963,0.45957259122946853,0.25637565051083555,0.05683745700411056,0.19788151608913906,-0.2319916988069962,-0.1314452671443245,0.1229763892407758,-0.24371070089626923,-0.22193546231534095,0.29687109899727576,0.003470849025545293,-0.19293637137298308,0.37255798083767266,-0.08266294840735774,0.24492810842681792,-0.12021535527634321,-0.08871867061028481,0.2591085731714935,0.1565597533342406
0.3130721278373691,0.2932269034003334,0.24602477253734506,0.2307328042341968,0.40010419702028605,0.26087489472931374,0.25355153056646784,0.27219466389905617,0.2660109143369598,0.25270048645228316,0.3463095855953844,0.31247129342781227,0.3032947568600611,0.43531595628557634,-0.050368760423789335,-0.10790805807561311,0.35743064574525873,0.3340583447472723,0.33106563563828983,0.30256863839870757,0.07212980162885044,0.25551486929752176,0.2613708155113839,0.08687954365410018,0.21938036496434304,0.05304162954836134,-0.17071494640547247,0.2164653931342194,0.31403169626051614,0.3030000921632043,0.281675287167114,0.27356990683971716,0.36792612921148105,0.35572231799424053,-0.2277828297116693,0.28150722583211946,0.2858981001001552,0.2678939083554475,0.025600738655400437,0.32451170502406557,0.2736177308375175,0.24925065675793087,0.2826765697199469,0.28884075167950185,0.26902760357332217,0.2837137307633798,0.29100279219880537,0.30065171386038614,0.2637453738337168,0.3232589701914656,0.32434550461946055,0.4122405461179465,0.45685461186140774,-0.09110650667355917,0.3753897567986477,0.42816161677679027,0.3241104857149261,0.30112282424976605,0.297632518792877,0.3009816292161072,0.2884044250405998,0.2872090347516994,0.259966821548822,0.32513130029519327,-0.12391116092756352,-0.2109903102981827,0.25290964683907824,0.27474196446610444,0.30424435791759447,0.3051522812830636,0.1727825134711764,0.23276088397342592,0.055817528632467986,0.19541318650954728,0.1632620522061661,0.24493954270417828,0.3366557042311849,0.4735282646638504,0.3101106311913682,0.4188337407332232,0.316477756140821,0.37472713167646154,0.31850148999975914,0.33257095222320354,0.31225987012593603,-0.27318054901525907,-0.21817257462247275,0.23773220657821242,-0.2976908955988708,-0.19148520217425796,0.2205760696459351,0.2958918659309547,-0.031414550163071445,-0.2555157850205776,-0.16298100075480995,-0.20311132188985498,0.30659171369080995,0.2946753707326922,0.29794077912222094,-0.08359048491247371,0.20522886523941808,-0.2522173374360283,-0.2313447170418839,0.2105805554010734,-0.2710399169921562,-0.13584916733865096,0.3087198520561686,0.10873719274993433,-0.2632923944381605,0.38622399732961393,-0.20798931901179354,0.28329231778521696,-0.2003783779016002,-0.1914786181327487,0.27538076908185166,0.22596686853547834
-0.30314823499475685,-0.2626051206722791,-0.19398071819412566,-0.17841577741019723,-0.48626610120349445,-0.23490227396137503,-0.20501284300014944,-0.23414824209214333,-0.24825168823910385,-0.28058292466074725,-0.41819274173543436,-0.3023122209783127,-0.2944546613599637,-0.5650416512901448,-0.07295471063774002,-0.006405088867720257,-0.3797017549095089,-0.33724963463502683,-0.3434070333695569,-0.28765153246872577,-0.21412865778006518,-0.24368685518160432,-0.2671790684698102,-0.07369715284537241,-0.22303760546181967,-0.05069171882979442,0.07402761270536463,-0.20129871713688785,-0.30553322410251743,-0.2947648742586603,-0.2860597498290926,-0.26644337271943785,-0.44726248338580965,-0.43408856549792496,0.17328514375346507,-0.36222096545307597,-0.26888342104703433,-0.22479933047526515,-0.20761354527516257,-0.31208030303475953,-0.24750817656741478,-0.19268235782272866,-0.2602133562820245,-0.26953699131831155,-0.24604508650940252,-0.27022086864136,-0.2732752669061013,-0.2917460480866102,-0.26128969748055586,-0.3599507215583563,-0.49920005050095684,-0.6458375972697938,-0.7112660331149177,-0.04686194001842982,-0.4092824587160977,-0.5254386565689871,-0.32543570477309075,-0.2835933607564595,-0.3543402913874635,-0.3112284526691802,-0.2798990513596685,-0.3052177155472308,-0.2371965676128591,-0.317444551341659,0.14102828177313068,0.25321717429228097,-0.2206713245747311,-0.25684846040574516,-0.29701738523095333,-0.30126680323530525,-0.12210440318139286,-0.178529889176327,0.08354705339540479,-0.12329409214681031,-0.10007254270042977,-0.20010858483764393,-0.6203830659157454,-0.605582849042757,-0.3026303700543221,-0.5801955889710576,-0.310972466413498,-0.42410344003174993,-0.3474116820134652,-0.3361262188646366,-0.2929539124072595,0.2399582062176161,0.1467011281583198,-0.1924188626939126,0.2700064031581553,0.07447325522620336,-0.20166813776975065,-0.3031619803477196,0.026806801624788882,0.23211524806295605,0.09499469029816056,0.131594591321486,-0.3150259326806748,-0.49013099849211794,-0.28856599059473076,-0.05366594522907667,-0.2176849147712578,0.260038593966242,0.15685910459353444,-0.14429712777908524,0.28173896333003345,0.24652059439343238,-0.328347000400274,-0.003804784873138816,0.22121300613213604,-0.42786903792511394,0.11037960650552861,-0.2731955335133484,0.13695958483800588,0.10638819918535371,-0.2856117431231128,-0.1753801614203701
-0.19031922703189819,-0.18713830026835757,-0.17119078280098352,-0.16259939664502043,-0.1990273905752035,-0.17061112898658523,-0.17394991604578292,-0.1789353581776449,-0.16973384073944747,-0.1439962113361344,-0.17439879335874953,-0.19008968769361423,-0.18529998506256629,-0.19341029768446005,0.08172555791992864,0.1120458711948673,-0.20102332560547936,-0.196152709236633,-0.1907793647623863,-0.18654181767076936,0.014374710279880227,-0.1599393577394208,-0.1559146367847006,-0.0624396292029942,-0.13256528292951245,-0.040414720071668755,0.1401682449076375,-0.14228998847961682,-0.19103876543120513,-0.18532929550336483,-0.16809159992847453,-0.16805336130695067,-0.18180627798571353,-0.1750488325602819,0.15944698002115879,-0.12923984386795276,-0.17842707564007926,-0.17911454423261072,0.06950610362454304,-0.19609423219362734,-0.17594039267172443,-0.17458241393392498,-0.17866230718525464,-0.18059560040739014,-0.17187436453954075,-0.1758295909623331,-0.18139691341483397,-0.18279440484369755,-0.16198230794881605,-0.17712193375485313,-0.11556571644098781,-0.1384670148765956,-0.14631120201476613,0.12331921266403235,-0.20414989507448977,-0.20411263528961868,-0.19160395349141535,-0.1863932208320272,-0.1552981759700922,-0.17581458565694724,-0.1773787813625697,-0.16453952579202658,-0.16729754466083263,-0.1952993471564316,0.05752035327937959,0.10172530630239213,-0.16634962791666585,-0.1722648306348984,-0.1837445393315187,-0.18301435208493788,-0.13291650708644717,-0.1644346196667609,-0.1050725636525383,-0.15296105987758826,-0.13055948826184294,-0.16592112079093155,-0.05968283483079967,-0.21528265115883727,-0.1882714976095381,-0.17386653400680244,-0.19015378389403903,-0.19714164595115657,-0.1736376888973442,-0.19296991598210467,-0.1899791797956375,0.17733915059664013,0.16354734532272944,-0.16505001167444786,0.18473967134181504,0.1632143809131767,-0.143377918162963,-0.17206207013835498,0.011701181107086622,0.16278988483114262,0.1307941082593025,0.1563007375750628,-0.1780966475627832,-0.08819281959449006,-0.1817420239700462,0.11614149811079963,-0.11722774354047127,0.14563015264109774,0.17115426962747943,-0.15501104000277485,0.15190975180609217,0.026688912910082803,-0.17584177950733246,-0.11798965266074389,0.17506682749763455,-0.20875169191178278,0.1641550881349516,-0.17352881204230283,0.15121050480318474,0.15509655620942828,-0.16216587683091488,-0.16164764053258607
0.2999747345608786,0.26310564098086286,0.1979356713344087,0.1840800391437329,0.46942192276460876,0.2345707156870074,0.20842324133136678,0.2366565388752319,0.24716821378264756,0.27397583247816715,0.4039489447427194,0.29921029486847917,0.2918545782001746,0.5510692336076869,0.05865861801346044,-0.005225634853941969,0.37225580462206553,0.33271570718013777,0.33687913861067187,0.28554154561633477,0.19383554082648524,0.243039816518654,0.26358397115312016,0.07750301303748577,0.22149479256236126,0.05266756436739038,-0.08081956525298205,0.2026998346590887,0.3034049682197268,0.2925353164648287,0.28148844453865296,0.2640391352637752,0.4321753714849586,0.4202241503889886,-0.1756424663123387,0.35023899426634847,0.2647180948350799,0.22689197560352556,0.1843896054886823,0.3097902565989451,0.24554606649462793,0.19672397817820178,0.2591526161976419,0.26796116550263155,0.244600847419215,0.26718496360733357,0.27091432157488454,0.28810094788774665,0.25450374307658546,0.3474858075331968,0.46351519256291457,0.6011656434797469,0.6678045423440541,0.030572490099197654,0.39773151755771985,0.5046329309256983,0.32071090115643397,0.2817722412998518,0.338017689142164,0.3031627014515411,0.2751442511695478,0.29749978140285155,0.2395307852269048,0.31519788793431114,-0.1328458383604884,-0.23811017574577012,0.22141817788648122,0.25558746854852293,0.29428321280575437,0.2977956631247409,0.1265102002911816,0.18325594650921312,-0.06459807743376299,0.13019284623424987,0.10529897306876569,0.19870987614708688,0.578020280723643,0.5801233566736013,0.29977859108864624,0.5528360617981807,0.30758789698609296,0.4180566973800419,0.34029504921567794,0.33271873416333336,0.2928262802378913,-0.23833994736224698,-0.1522454842338158,0.1948755698444538,-0.26957301498369135,-0.0900514708147023,0.199727537566634,0.29683704693339025,-0.029157737294390803,-0.2302296950675648,-0.09644025938698603,-0.13562012958774305,0.307770488995523,0.4530752301622937,0.2840057979481984,0.036054717971264,0.20902404527209315,-0.25352807572180447,-0.16409715918046303,0.14918831216992723,-0.27842525780196636,-0.23197103508061911,0.31772590989669713,0.011785677338576656,-0.22151539371990225,0.4256455107987339,-0.12269871473079412,0.2668161763246774,-0.14050949304166235,-0.11491043569725935,0.27756222925219837,0.17723813647136435
0.08933606714225853,0.10006038695729598,0.11058107194197721,0.10632771032255264,0.029995070764273872,0.0966309296631539,0.1092648478713276,0.1021117146379729,0.0902182909195345,0.05216852665696872,0.02989248780075515,0.08946665092469881,0.08768527472434182,-0.01702112395838644,-0.11247432934876021,-0.12058380087784476,0.07071920026592586,0.08172479275878548,0.0746728640380541,0.09103428556000243,-0.0900168410215525,0.08067010521669371,0.06787237681777333,0.03995028455145679,0.05886696682839086,0.027813625290243317,-0.12129217423559008,0.07929821484036957,0.0888371895732338,0.08767283192646638,0.07409463534055939,0.08066338671835338,0.02510501346371498,0.022130917125980722,-0.10605604720798278,-0.0013330305627462218,0.09201007657772545,0.1070849770865588,-0.15471443158946807,0.09017924559694625,0.09739559928354674,0.11474568857815869,0.09337795999582804,0.09175064687853975,0.09274284238013913,0.08763671897446694,0.09180027139945268,0.08607454573698445,0.08042480539906634,0.057507219872339393,-0.05623153913982638,-0.0887540108910487,-0.1154076819086396,-0.15478349059828939,0.06333337775201436,0.01778182628003617,0.08208030332750671,0.09208340078907021,0.03932218992546617,0.07394063945402396,0.08731600401599517,0.06351098096225191,0.08903689205686699,0.08747307525486747,-0.0060901710563975135,-0.015684094978170252,0.09565234305496437,0.0878262383623132,0.08386587625213986,0.0818679334435047,0.10128471949844534,0.10912828302730893,0.14909110533128117,0.11986328683558085,0.10682789119763694,0.10519023859451862,-0.1775531001872214,-0.0007367498553010858,0.08739904394720359,-0.03347201280644191,0.085792950588711,0.04490125443538315,0.05267582056138845,0.07654762388135226,0.08874796492869767,-0.10083678047078154,-0.12124036068433122,0.1065921761447096,-0.09225227256651558,-0.14160310028764128,0.08079572584717705,0.07039092824764501,0.005149196852629579,-0.0882167464408401,-0.11008979901729403,-0.12159923414434395,0.07306455644815935,-0.08287172537074647,0.08726556777039851,-0.1464244313542664,0.04654135470903153,-0.05934235756328165,-0.1233558527386509,0.11184023724408605,-0.05183329934001882,0.06840093113348798,0.06810414861757519,0.13185171289137346,-0.10488081131512096,0.054499047848245497,-0.1293520621399651,0.08606525136036121,-0.11373351089645545,-0.12734004839673518,0.07048760638842615,0.11122666681584997
-0.2645979497862279,-0.2351201281495296,-0.1823662243639194,-0.1714715065149317,-0.40028205040131837,-0.2114450181559237,-0.19101894588026513,-0.21414712780019912,-0.2216308840337599,-0.2402167260408037,-0.34506491854931576,-0.2641620143342411,-0.25842493981272735,-0.47015634163671244,-0.03784891964242745,0.016553289369944074,-0.3232125075998635,-0.29147729233848146,-0.29356883399136446,-0.2528738181296092,-0.15437463971084664,-0.21870103088664003,-0.23314716493275878,-0.07529724636222512,-0.19730296927857582,-0.05272234044036953,0.07946211843508003,-0.18567323710625477,-0.2688337495094354,-0.2596744120096926,-0.24807925672527223,-0.23452619688730708,-0.36816803262835046,-0.3584997381753978,0.1602593495769368,-0.29692829610125226,-0.23342484850234352,-0.20571868705038604,-0.13626634760787867,-0.2730815872301295,-0.21920760942843223,-0.1813682247605079,-0.23073398172657597,-0.2378780764189446,-0.21820966398314598,-0.23632799862040305,-0.23998020524924132,-0.253622196316659,-0.22367604915121497,-0.298623378776577,-0.3781829506534832,-0.48928537569032154,-0.5421938602749982,-0.003992840524998409,-0.34146655351442246,-0.4246132340536238,-0.28104460625565,-0.24952544929490733,-0.2878247502335215,-0.2638747467911546,-0.2427762640050627,-0.25890829078332883,-0.2171181495004875,-0.27822584961593994,0.10672771253328883,0.19596569029871505,-0.19959725692472943,-0.22742630276574455,-0.259429175330743,-0.26193370504406344,-0.12266402352733576,-0.17019538382539193,0.030855186190062216,-0.1267432055730224,-0.10501057755439122,-0.17815939629409797,-0.46082313752183646,-0.486827685412,-0.264847424407746,-0.46122455311318444,-0.2708461351770464,-0.363118429666375,-0.29476811608451803,-0.29150015438799093,-0.2590208645083561,0.21200386125665874,0.14391136076108066,-0.17927553130425564,0.23728921241503917,0.09521714593940592,-0.17874818747775462,-0.25837556843858367,0.0233413182491767,0.20483165720648047,0.09153813193889491,0.12859917310685362,-0.26767063898349064,-0.36670133422416284,-0.24970339612545797,-0.010198827208233924,-0.177989165381635,0.22037583136983915,0.15495124388732714,-0.13957220099756432,0.2412992311516035,0.18707327919649613,-0.2739746616473082,-0.02481796013473667,0.19906079344804845,-0.3742641330909518,0.12053669143037143,-0.23331792215087244,0.1319555850296257,0.11363606292703998,-0.24204871374045708,-0.1641589639418671
-0.021961020246292196,-0.04247470139387628,-0.07118869761519096,-0.06870421723853222,0.08741202999378783,-0.0474223602139089,-0.0669976487218638,-0.05083350967389487,-0.03649747392189167,0.012123495056398712,0.06989792993258696,-0.022191160926278413,-0.02201024450458888,0.17105508278968054,0.13957996614144114,0.13298010801290278,0.01787798704933802,-0.004532723238439023,0.003562824697910693,-0.02733280376310326,0.14719679450112608,-0.026171947102359466,-0.00738055887579481,-0.021897511372555082,-0.007383413020340136,-0.01660173131212516,0.11592281088172202,-0.034717031144410285,-0.019481799022455813,-0.021472228781176564,-0.010543371528079179,-0.021519857825703828,0.08358712332240847,0.08469817965051314,0.07366202407279651,0.09389209357805386,-0.03635339292346623,-0.06018913207027181,0.2205278657594188,-0.01937318220114277,-0.046453784001999926,-0.07659733586422354,-0.036988725348363984,-0.032874344944149314,-0.040817249573496354,-0.029371528359777372,-0.032722636038781054,-0.021885714996826382,-0.027439189636625307,0.022471680973766325,0.17366364545553362,0.2455709615746604,0.2975714158106483,0.1813203876202357,0.031193287171780323,0.10924387971993485,-0.008586505079690186,-0.029487437483486915,0.03822220369211906,-0.006547613142978568,-0.02807004875472094,0.004565309998171836,-0.034823273927866646,-0.01451382067147021,-0.024455137225945545,-0.03799106785672834,-0.049160288238280996,-0.03140851459126653,-0.01659391338391916,-0.01385470997784061,-0.08103266159913941,-0.07340504093914325,-0.18224716519004933,-0.09998024830680427,-0.09293530791386839,-0.0688589699156737,0.34598887590869226,0.14989723232115568,-0.01946583839040192,0.1783381689261098,-0.015829775040638514,0.06318900340253823,0.0302428278757466,0.002624114673654927,-0.020862341461783642,0.052658607875971084,0.0959224142078003,-0.0689398782444716,0.032815592607223894,0.13091260447310377,-0.03996851664885293,-0.0025016558251944447,-0.016549208307112734,0.04004941955576407,0.10262061804107533,0.10271872641197423,-0.00301728891087706,0.20080692852503887,-0.02523170399809023,0.1715812862137791,-0.002282570066063859,0.0025342909684801713,0.09362500383319304,-0.08565371354088794,-0.015628141798967893,-0.13702862299396223,0.0024782637893295168,-0.14768254031873965,0.06075332935922934,0.05825280797638295,0.10951531930003006,-0.030339553859412564,0.09256223357043489,0.11208624695924735,-0.01025041537499651,-0.07947160394947275
0.20792731916819743,0.18743553422053583,0.1516084141872767,0.1439511412810126,0.29978479470204583,0.17156293967516223,0.15772049722609888,0.1733582112620894,0.178256308215698,0.1878794728596174,0.2599109014934649,0.2078946093989776,0.20434000031785624,0.34793606599063864,0.016576042114970577,-0.02457614556695402,0.24798452181169128,0.22659739628118203,0.22685321612772963,0.1996786980079071,0.10665664098194409,0.1777986970581193,0.18465722847476604,0.0666078530431392,0.15740549168354073,0.049434434094107096,-0.07142368925372819,0.15410719187056043,0.21236589629390903,0.20610576791062007,0.19575805789369888,0.18653303600933377,0.2752168537030093,0.26819257784763617,-0.13185458993277038,0.21911291229268431,0.18432971459507574,0.16770259987738312,0.07779837780798332,0.2139010192571047,0.17610741524624773,0.15121967861603985,0.18350862732162984,0.18840648097763524,0.17452513021796617,0.1867105250611548,0.189770443973933,0.1987342982597158,0.17684827707163742,0.22755218496982518,0.2677689448576443,0.3433704591769008,0.3747359688468079,-0.02383602046334652,0.258117680599141,0.3109450123417793,0.21878681883682724,0.19689308052053509,0.21772304157301284,0.20472218156554656,0.19205293227989817,0.20054656817633712,0.17652370787770505,0.21833391368389568,-0.07298957975797189,-0.14089967452693478,0.16139617526629754,0.18055921762357943,0.20305102807248887,0.20457885378925664,0.11041496591692339,0.14328319285690774,0.006109676885821443,0.11321532731980181,0.09857600381502708,0.14432066807571675,0.30799596229377996,0.35504036291519475,0.2084621765001495,0.33459293378943944,0.21235832964422766,0.27760198311113327,0.22594954762169125,0.22618537697784483,0.20332568155513045,-0.1691377355198667,-0.12358258020643582,0.15000223183479186,-0.18493825411973733,-0.09017545744624741,0.1439672301729254,0.199184107381289,-0.013901204148665467,-0.16377947311289698,-0.08087236114130096,-0.11178661617299265,0.20626084339727518,0.2568477999887938,0.19588149072701,-0.015228348316509542,0.13379611830671864,-0.17117348024788157,-0.1321231724920883,0.11769464703395467,-0.1839717508864,-0.12723973685912052,0.2098794668641444,0.036917962835417595,-0.16099365984376873,0.2893492113689831,-0.10644659701779538,0.1825313262514698,-0.11327581594779128,-0.10242201923963315,0.18941165896512932,0.13853745776272203
-0.010173629120978396,0.01602113306386451,0.05396137280542144,0.051124283366172765,-0.14985128463953357,0.024193703429257633,0.048204584451837035,0.026760820092726307,0.010098691892078866,-0.04678222661003022,-0.12246799779690358,-0.010138421962133883,-0.010076057212857727,-0.26143185599810037,-0.1623934359104524,-0.14866529035877155,-0.06220352528996856,-0.03327588995355832,-0.04198568860338418,-0.0029442079695576745,-0.18531320094003076,-0.0029403910570254895,-0.0241582796082657,0.0093518862788583,-0.020152802946233176,0.0072530699820060685,-0.12260415620348776,0.010125025711264404,-0.015023033476314155,-0.011558150416974874,-0.021389200754201705,-0.008015105853395123,-0.1412616020136814,-0.14215497775388033,-0.06258432411309271,-0.1449652673162375,0.01202007302961233,0.039429191978493656,-0.2642426446801407,-0.014543985528271379,0.02365589833953402,0.0607645719574928,0.01092428830333693,0.005458044197296695,0.017117436889642224,0.0022543095807295035,0.005489060295012965,-0.008249151982172043,0.003126282099267375,-0.06174364842661462,-0.23606729189798342,-0.3299522198543148,-0.39537963196640163,-0.20099988764869675,-0.07746397003504009,-0.1738467506351237,-0.02698787275628049,0.00021350498126879587,-0.07693363335003192,-0.02550763746587385,0.000360156532991633,-0.03843435988405947,0.006675395707533628,-0.021529571866556005,0.034649581939871256,0.06011754286689815,0.02805472438706804,0.004589824800950364,-0.015981386366390033,-0.01902905296227712,0.07176447791126359,0.057862203378107636,0.2026705141071315,0.09340969076089371,0.08733477142775375,0.056382155185810016,-0.44085735072084425,-0.22840361347848512,-0.013639058505653553,-0.2569486340851162,-0.01803474772905111,-0.12299780042555897,-0.07319433043136522,-0.04232865487926678,-0.011849408624481276,-0.03332061409171269,-0.0879462134049712,0.05241201926975047,-0.008137344193923958,-0.1320107629969169,0.021545862672417825,-0.030067341984120345,0.021516934126807486,-0.01878784196522645,-0.10693823676987607,-0.0993606438691411,-0.03060964231522103,-0.26507101590764887,-0.003325081235451953,-0.1910477608556683,-0.015356937238908479,0.024573988434170788,-0.08286017613047617,0.07714284879154408,0.04819026327296509,0.1765645747316717,-0.035189878197299095,0.16353380585580385,-0.04304270806931966,-0.12365731253806878,-0.10564714574433155,0.006459168122064773,-0.08769335682224479,-0.10981182689658944,-0.018259921965205917,0.06649825504494458
-0.14011792091440817,-0.12808203921265612,-0.10946787746893234,-0.1047805560737852,-0.1881858072608818,-0.12082962202968414,-0.11293637427104618,-0.12048249936831142,-0.12353710424600914,-0.12623892198787653,-0.16678802496285677,-0.1403623257534922,-0.13938589553426078,-0.21014459951014766,-0.0020338446125208976,0.024764813936965235,-0.16119226623641913,-0.1504347705131687,-0.14933907743559072,-0.135295026374017,-0.06248696255800526,-0.1272600162611531,-0.12677432499407348,-0.05175993488335676,-0.10919371183491443,-0.04270132033272646,0.05595425891648651,-0.11272149834287624,-0.14407963873850968,-0.14148266564740106,-0.13415464224564053,-0.12837949724587613,-0.17271932156081304,-0.16823448997188112,0.0940648237369231,-0.13370425591741972,-0.12565146250785872,-0.11858399362434444,-0.023663757896069122,-0.14314628110129343,-0.12294420731364969,-0.1101891725861633,-0.12541636274346643,-0.1279890736177441,-0.12059337428785667,-0.1266711947774777,-0.12880527121307075,-0.13305563236451665,-0.12116295042112922,-0.14726939018989335,-0.15497380996541496,-0.19415508403527282,-0.20330227605181292,0.0441344616487697,-0.16339846211443465,-0.18711737633084924,-0.14558513978104426,-0.13318387342695112,-0.14067449885055977,-0.13606202785270216,-0.13144094911311746,-0.1329471226616436,-0.12472544051269031,-0.14664005337953365,0.0399006856612043,0.08467686462898441,-0.11253463602146804,-0.1226746639764342,-0.13513536575828508,-0.13604953755964155,-0.09014925628656983,-0.10618087080861896,-0.035409740659128615,-0.08985798417251997,-0.08486217855427695,-0.10132108653399585,-0.15736888465417148,-0.2120374966626753,-0.1407016036381093,-0.20153125019012927,-0.14300426007731054,-0.17984610562317715,-0.1480101568191787,-0.1495621726480514,-0.13612430803618453,0.11685478748883127,0.09253262045633669,-0.11108906630405606,0.12380567315392448,0.07482541562899307,-0.10036532673178766,-0.12956659424046746,0.004385535393626295,0.11399888576828025,0.06367758335967096,0.08569157826593654,-0.13373118155788,-0.1478682144850821,-0.13172227308694132,0.03187003798987832,-0.08506176106307864,0.11525411527967518,0.09750334586180599,-0.08483708147369479,0.11954516976174398,0.0681820223961781,-0.13701227561117096,-0.041324167492166955,0.11329771515820458,-0.18726128963647076,0.08241328388195705,-0.12283495422878919,0.08612952878295542,0.08100346028038115,-0.12924722263361646,-0.10196101337631137
0.015557659909971221,-0.013222982025551033,-0.052863710120275444,-0.048557545127924984,0.16767513617472193,-0.020246702554619113,-0.04665292856862467,-0.023618452263160856,-0.004800977676333606,0.05788500443608126,0.13859909171359175,0.015886613397342538,0.016926298228291302,0.29479348188027243,0.1807052496380785,0.16531168154699577,0.07174518412901232,0.040816972847206874,0.049632517063715464,0.007831360073600968,0.20801076890732714,0.01385564752180412,0.033838908870691166,-0.0014875122095867398,0.02958837487472041,0.0015675701010532987,0.1356715888988633,-0.00014031683214139467,0.022772097033351587,0.019683591766968253,0.030002692719488265,0.015305972154435023,0.1579421034520759,0.15955001453696313,0.06637756250393265,0.1612414054528977,-0.010475056626085995,-0.03767666915718067,0.2846819297269754,0.020222314027065202,-0.02112348833395622,-0.06045714312320712,-0.0077491772570732345,-0.0019245850098698694,-0.014315533806921433,0.0013266982734901772,-0.002278488916313976,0.012316043965438969,0.00020729979523477049,0.06950553705833727,0.2537793217763582,0.35417866698677847,0.42147892428490635,0.20955858134218036,0.08531261623707075,0.1874633567320734,0.03354865817831474,0.0038021207948602488,0.08610167846418162,0.030809908197322478,0.004119491367042799,0.04597331806792455,0.0017364307375528885,0.029137734124122242,-0.030529581665995863,-0.05962988443357412,-0.026016817599146744,-0.0006763644992034376,0.02132478546659871,0.02452793667843542,-0.06791130197982084,-0.05598776875532975,-0.20777814127798286,-0.09461974349131187,-0.08400347072020443,-0.060509184006241334,0.47252000600494326,0.2481838129925406,0.020078421480541918,0.2822366445741418,0.024638839300158637,0.14374049546684112,0.085497016140073,0.05142874037755394,0.017568945676628343,0.03441294635872508,0.09177990914051934,-0.049793575536797044,0.008443399072983493,0.13917761334526763,-0.01977057578663341,0.03461015147782021,-0.021264322835858787,0.016563089085245005,0.1170530330024809,0.10540656050726942,0.035013153569035095,0.28676067362500385,0.00665505857800607,0.20261860528917125,0.013391504775736836,-0.03032088140177062,0.08565104110872514,-0.08189925630382401,-0.054638980897210566,-0.19150904177652642,0.03924328260048927,-0.17612939764783947,0.04374947057112744,0.14747133577638952,0.11142647319504316,-0.005835872570848596,0.09265294491181474,0.11537264532329108,0.024272549707709378,-0.0668732537582005
0.06639352306557822,0.06153327525287473,0.05867526331784573,0.0565254537054898,0.07436626924223355,0.06278442289010143,0.05966598023748229,0.05927810710808113,0.06120689499429598,0.0599041902231951,0.07375797218904873,0.06672490847071216,0.06863468297112954,0.06810099090873725,-0.0038670959101012614,-0.016330486766857128,0.06978193170914615,0.06914198196507937,0.06706579889414137,0.06460493431342303,0.025659916984977216,0.0706385597530951,0.06372845308179892,0.031298169484955334,0.056441970027708545,0.032804640456397034,-0.03347783187129513,0.06461313166385717,0.06925332803103697,0.07090652555467562,0.06796954146695505,0.06432091440030317,0.0690416110463784,0.06684372106708374,-0.049547337587534594,0.04778598883960794,0.061560559130780984,0.06190440627548154,-0.021642148986555535,0.06633348030080254,0.06348011677234927,0.061118668337233464,0.060747439738288264,0.06109847950990333,0.06022969791746262,0.060496629038363024,0.06155053108638585,0.061444673275839225,0.06004929485298535,0.06342797092596054,0.047926948253792484,0.052788214142279924,0.0422426284934645,-0.05490044337450795,0.06432586753154668,0.06298512655127869,0.06721304147284439,0.0632701577984315,0.06202113842006869,0.06272990695755223,0.06525420393895469,0.06103564914215446,0.06586300656782802,0.06882798650417285,-0.010808933479491668,-0.03183353394207285,0.05635954912566386,0.057887844625841824,0.06081575167840022,0.06157355778136357,0.06300475132504402,0.061561074440594485,0.053985494554489005,0.05798074084297889,0.0642971542266525,0.0514757139104784,0.022523641107112725,0.06900935044572597,0.06679036746231366,0.0736601923298153,0.06825650098304863,0.07855203802938568,0.06746120561750812,0.06781306282527529,0.06259343503713467,-0.0590272456089611,-0.05260001941448395,0.0653035444195751,-0.05981413014461554,-0.051015628943689446,0.05065484364452501,0.05435893470519509,0.0032071683347121333,-0.05933015580896784,-0.04020086331546744,-0.05164596451575281,0.05485629060607363,0.04838199694135925,0.061818314308038705,-0.03788246848722431,0.03505994004204285,-0.05702956012367432,-0.053278626911633806,0.042679967188835946,-0.05434266357305056,-0.016233317882969084,0.06051170611243587,0.03603407771485834,-0.05943865800956199,0.07670283092419697,-0.05082265541648928,0.058220365825999806,-0.0523709209096444,-0.05066902599278429,0.06608681664565151,0.05597114522772794
-0.005607538641665049,0.02326361525247634,0.055086104059995394,0.04948686067808075,-0.14380619593623012,0.022677391336867414,0.04966574022742541,0.03140974186723851,0.010438214181037825,-0.05353279307231291,-0.12875532816351357,-0.006378464497459839,-0.01148925752746754,-0.2565067788679121,-0.18940860436243864,-0.1753992589072066,-0.05453893654525966,-0.028871948473395054,-0.03595679263571789,0.0015309930244123285,-0.21551071648935646,-0.022333761154120977,-0.03300750108319693,-0.006579472115864061,-0.0316044370381529,-0.019575028909998637,-0.14219547944642658,-0.009812192582701114,-0.015148095410788077,-0.01655757004859889,-0.02903958888436749,-0.012255082391722247,-0.1375752676908013,-0.13982826571444948,-0.07237498779835931,-0.14034515494288735,0.01888939594007849,0.04129094532266939,-0.2559973045779495,-0.008155812359229414,0.024742929896710706,0.06028808536421335,0.01643409735587761,0.011696135509008566,0.020433075181332146,0.008123645110945703,0.012170228105665627,3.393594839941047e-05,0.005740469664591147,-0.05308980615872091,-0.2214072480687946,-0.3055057305996135,-0.3542422944774674,-0.1771720905667776,-0.05832018957238439,-0.14710394965398563,-0.0218466661205984,0.0063826454349029185,-0.07418585631126251,-0.01936260215019457,0.0015938497286217294,-0.03609679173284376,-0.003606561579417065,-0.019163093029009908,0.015091601081714996,0.04260678940270822,0.0323689131130237,0.01080662208895083,-0.007326940888440684,-0.011156221992174106,0.048155223432908976,0.05115579693465901,0.1685023481411785,0.0853152160288203,0.05916032454750854,0.06926528506735437,-0.41728736632318236,-0.2023644599039214,-0.010862019003167227,-0.2554944122236633,-0.016091904981484623,-0.13264085937358447,-0.07706988011300808,-0.039352910932749806,-0.005417940704555264,-0.04178233956204844,-0.09339567602166651,0.042741087552024805,-0.01838192901836903,-0.13261584038684773,0.024723179995868216,-0.015823858657522595,0.014152154577559369,-0.019085656104779292,-0.11780523001373443,-0.10454497040929905,-0.013600263375758398,-0.2639314284364877,0.00465649218660724,-0.1864895695840042,0.0021195141493785554,0.027120807003278697,-0.08950402422613458,0.09196280524887836,0.0456769564310269,0.1769809077420764,-0.02373722206964043,0.1693310644496255,-0.048028093316584274,-0.12897291895076965,-0.10923851819931772,0.017076521457105965,-0.08997111541270778,-0.1125466435398018,-0.023151388256500136,0.0685014624257047
-0.0035703327397319674,-0.015982053293814708,-0.030611866154986487,-0.027800836253671773,0.05903448856004151,-0.016665014066390836,-0.02831313072047937,-0.019375526590684915,-0.010769888973853628,0.018255273992808112,0.050723061845550685,-0.0032918601239753007,-0.0017066981319544072,0.11381143863544017,0.08546813312172338,0.08032091041702283,0.019017061467989548,0.0072354538840545745,0.010369917303409313,-0.006532514076897175,0.09323729698761214,0.0015311598034136863,0.008846046507081205,9.59028989243763e-05,0.009361689538243947,0.005301069157810519,0.06798725176955638,-0.0020982455070475687,0.000592725289390659,0.0007707033483946999,0.006039855870134206,-0.0008086081729985982,0.05663379043833445,0.0580738572839493,0.03768113786169467,0.06011975241576159,-0.01454904527891788,-0.024629224981737696,0.12026307805315567,-0.0022284077277860337,-0.017508734779521907,-0.033281099860157336,-0.012999983539876733,-0.010817390322063367,-0.014975287623626921,-0.00927576755451834,-0.01111401934170196,-0.005539943786586052,-0.008994589221727682,0.017958212026088067,0.09469455114356569,0.13443946054012515,0.1588438924323874,0.08740774610926974,0.02159383361805074,0.06211934506119457,0.003969460770196033,-0.008593596236710951,0.027224869504994382,0.0025807859135450932,-0.007421218938023187,0.010411072861219122,-0.004869719444199608,0.0023611842825958435,-0.006302775834280338,-0.01599761766791095,-0.019975437526274925,-0.010218360978955135,-0.0017214525550050114,-0.0002654000260917651,-0.030499107599867663,-0.02998384246126258,-0.08374775781265888,-0.04535709482617973,-0.03404984939119313,-0.03685447042431075,0.18831313618833048,0.0871096891706358,-0.0009347895690630271,0.1103062801826921,0.0010806194453762744,0.05338357138596032,0.028701897928690705,0.011940362080946947,-0.0023424542740192057,0.024502340882664016,0.04758428214423367,-0.026507580090394403,0.01436754710221221,0.06443547856023642,-0.016836701297949355,0.002678991885979007,-0.009533406470405114,0.014577442672483489,0.05810546488359777,0.0525225541587254,0.001526384402651626,0.11382528629469928,-0.007898392430223715,0.08862476498178452,-0.006370677796208479,-0.006256264126240805,0.04492371457949957,-0.044451920934655643,-0.015911355265310196,-0.07816245367616596,0.004552988534009879,-0.0818227026846727,0.02752346708054545,0.05329277504473931,0.05383153532494837,-0.013911935269524344,0.04671725501043962,0.056344482180291616,0.004345115820279383,-0.03633554861671811
